time_utc,5.56x45mm M995,6.8x51mm Hybrid,7.62x39mm AP,7.62x51mm M62,7.62x54R BT,9x19mm PBP,9x39mm BP
2025-09-21 18:00:00+00:00,,,,,,,
2025-09-21 19:00:00+00:00,,,,,,,
2025-09-21 20:00:00+00:00,,,,,,,
2025-09-21 21:00:00+00:00,,,,,,,
2025-09-21 22:00:00+00:00,,,,,,,
2025-09-21 23:00:00+00:00,,,,,,,
2025-09-22 00:00:00+00:00,,,,,,,
2025-09-22 01:00:00+00:00,,,,,,,
2025-09-22 02:00:00+00:00,,,,,,,
2025-09-22 03:00:00+00:00,,,,,,,
2025-09-22 04:00:00+00:00,,,,,,,
2025-09-22 05:00:00+00:00,,,,,,,
2025-09-22 06:00:00+00:00,,,,,,,
2025-09-22 07:00:00+00:00,,,,,,,
2025-09-22 08:00:00+00:00,,,,,,,
2025-09-22 09:00:00+00:00,,,,,,,
2025-09-22 10:00:00+00:00,,,,,,,
2025-09-22 11:00:00+00:00,,,,,,,
2025-09-22 12:00:00+00:00,,,,,,,
2025-09-22 13:00:00+00:00,,,,,,,
2025-09-22 14:00:00+00:00,,,,,,,
2025-09-22 15:00:00+00:00,,,,,,,
2025-09-22 16:00:00+00:00,,,,,,,
2025-09-22 17:00:00+00:00,,,,,,,
2025-09-22 18:00:00+00:00,,,,,,,
2025-09-22 19:00:00+00:00,,,,,,,
2025-09-22 20:00:00+00:00,,,,,,,
2025-09-22 21:00:00+00:00,,,,,,,
2025-09-22 22:00:00+00:00,,,,,,,
2025-09-22 23:00:00+00:00,,,,,,,
2025-09-23 00:00:00+00:00,,,,,,,
2025-09-23 01:00:00+00:00,,,,,,,
2025-09-23 02:00:00+00:00,,,,,,,
2025-09-23 03:00:00+00:00,,,,,,,
2025-09-23 04:00:00+00:00,,,,,,,
2025-09-23 05:00:00+00:00,,,,,,,
2025-09-23 06:00:00+00:00,,,,,,,
2025-09-23 07:00:00+00:00,,,,,,,
2025-09-23 08:00:00+00:00,,,,,,,
2025-09-23 09:00:00+00:00,,,,,,,
2025-09-23 10:00:00+00:00,,,,,,,
2025-09-23 11:00:00+00:00,,,,,,,
2025-09-23 12:00:00+00:00,,,,,,,
2025-09-23 13:00:00+00:00,,,,,,,
2025-09-23 14:00:00+00:00,,,,,,,
2025-09-23 15:00:00+00:00,,,,,,,
2025-09-23 16:00:00+00:00,,,,,,,
2025-09-23 17:00:00+00:00,,,,,,,
2025-09-23 18:00:00+00:00,,,,,,,
2025-09-23 19:00:00+00:00,,,,,,,
2025-09-23 20:00:00+00:00,,,,,,,
2025-09-23 21:00:00+00:00,,,,,,,
2025-09-23 22:00:00+00:00,,,,,,,
2025-09-23 23:00:00+00:00,,,,,,,
2025-09-24 00:00:00+00:00,,,,,,,
2025-09-24 01:00:00+00:00,,,,,,,
2025-09-24 02:00:00+00:00,,,,,,,
2025-09-24 03:00:00+00:00,,,,,,,
2025-09-24 04:00:00+00:00,,,,,,,
2025-09-24 05:00:00+00:00,,,,,,,
2025-09-24 06:00:00+00:00,,,,,,,
2025-09-24 07:00:00+00:00,,,,,,,
2025-09-24 08:00:00+00:00,,,,,,,
2025-09-24 09:00:00+00:00,,,,,,,
2025-09-24 10:00:00+00:00,,,,,,,
2025-09-24 11:00:00+00:00,,,,,,,
2025-09-24 12:00:00+00:00,,,,,,,
2025-09-24 13:00:00+00:00,,,,,,,
2025-09-24 14:00:00+00:00,,,,,,,
2025-09-24 15:00:00+00:00,,,,,,,
2025-09-24 16:00:00+00:00,,,,,,,
2025-09-24 17:00:00+00:00,-0.582605307422707,-0.24507770439147664,-0.11419811830498665,-0.1529332584161717,-0.09032336564363967,0.6517927791986715,-0.41081190746839824
2025-09-24 18:00:00+00:00,-0.5950225273463615,-0.26673626649068755,-0.12281423835313153,-0.17201366046059144,-0.08982474851165356,0.6607879515805124,-0.42101958781616833
2025-09-24 19:00:00+00:00,-0.6062371441394698,-0.2937876807223554,-0.08969682663995812,-0.18977095998288643,-0.08936150225424129,0.6651966866175388,-0.43060727578486496
2025-09-24 20:00:00+00:00,-0.6369115794792511,-0.3553707790133891,-0.10547095230337115,-0.22138691324549883,-0.12315720717112424,0.6536850289686839,-0.44208460852829806
2025-09-24 21:00:00+00:00,-0.6444556231229456,-0.37641872102741286,-0.07670172112837526,-0.23585241641372767,-0.13815309539018045,0.6551206221900812,-0.4502164589066403
2025-09-24 22:00:00+00:00,-0.6374989523987029,-0.36854827936667905,-0.07498739559277512,-0.23490040334315532,-0.13423560104268556,0.6521929809838934,-0.4504602221444412
2025-09-24 23:00:00+00:00,-0.6308353718439758,-0.36593560905564093,-0.07332574724497527,-0.2339743335043062,-0.13048638881296196,0.6493552779163649,-0.4450433024341518
2025-09-25 00:00:00+00:00,-0.631021101371224,-0.36498001472543756,-0.07171436585554328,-0.2342035293376664,-0.13215981067369306,0.6466034086129225,-0.4401824980261744
2025-09-25 01:00:00+00:00,-0.6223471300552649,-0.3657277590418404,-0.07949286335171671,-0.1898291365182165,-0.14595772978075805,0.6442847593529645,-0.40845510197740936
2025-09-25 02:00:00+00:00,-0.6225430174794178,-0.3647533368610275,-0.07784023814664139,-0.1910250513077094,-0.14598881884048898,0.6432783944654286,-0.4066833484712574
2025-09-25 03:00:00+00:00,-0.6227339314021618,-0.3638040773549176,-0.07623550872018887,-0.19218970904692917,-0.14223760527585824,0.6422977742427981,-0.40506331166889753
2025-09-25 04:00:00+00:00,-0.617038875297745,-0.35300306775046714,-0.06420091540530674,-0.19866322490731944,-0.14086741866277078,0.627964560560271,-0.4208054874319039
2025-09-25 05:00:00+00:00,-0.6172043746338874,-0.35218726576517106,-0.06284239364395347,-0.19942236170342478,-0.1409256794466056,0.6279888903960456,-0.4207549924091405
2025-09-25 06:00:00+00:00,-0.6173658413680473,-0.3480080914607525,-0.0615214557419091,-0.20016145518369446,-0.13764474659017695,0.6280126524790304,-0.4189854163983664
2025-09-25 07:00:00+00:00,-0.6175234211160072,-0.341600940714934,-0.06023655312214371,-0.19563833325478594,-0.13448969070688355,0.6281528515294725,-0.415870748455138
2025-09-25 08:00:00+00:00,-0.6113522419535525,-0.3355007785397158,-0.058986221662839934,-0.19131543192916883,-0.13145305324497017,0.6282898451548812,-0.41285334959060666
2025-09-25 09:00:00+00:00,-0.6054199581682395,-0.32968469425179764,-0.061529010753769424,-0.18717889440682944,-0.12852797542956074,0.6284237412140657,-0.4112598635287165
2025-09-25 10:00:00+00:00,-0.5892255354115465,-0.3073038387198465,-0.05066607204517128,-0.16173876390134712,-0.12829130633401478,0.6303957653756946,-0.4066837861748031
2025-09-25 11:00:00+00:00,-0.5739451503784253,-0.2862383505888305,-0.040376557142653695,-0.15392909825593445,-0.12808986724840335,0.6323352566550219,-0.4068706329598824
2025-09-25 12:00:00+00:00,-0.5594976491959669,-0.26637106116911896,-0.06885581937671445,-0.14652129112090284,-0.12791939151113266,0.6376890832434754,-0.402755610614282
2025-09-25 13:00:00+00:00,-0.5329663780119757,-0.24759875481205953,-0.058768096514979294,-0.1394821078965513,-0.12777620641218906,0.6472181396752836,-0.39889118901059184
2025-09-25 14:00:00+00:00,-0.5079234014112926,-0.22983010099594478,-0.04916936746186323,-0.11797594006231099,-0.12765713651441107,0.6575003150571685,-0.3952548382467341
2025-09-25 15:00:00+00:00,-0.5143805631397182,-0.23870710394289532,-0.05617266438313406,-0.13202322878761344,-0.1253846220929663,0.6225554253072191,-0.3909858606826829
2025-09-25 16:00:00+00:00,-0.5106292296533927,-0.2368302680889237,-0.05548918717321726,-0.12982420054448615,-0.12546491335513046,0.6135241080769518,-0.39102386764270425
2025-09-25 17:00:00+00:00,-0.5070066669497658,-0.23373796558261115,-0.05643701273962713,-0.12770770795229336,-0.12358381793081542,0.6079722449992164,-0.39106107767162396
2025-09-25 18:00:00+00:00,-0.5035061630483151,-0.23076780975698646,-0.055761790159384136,-0.12566892982044062,-0.12176742423935859,0.6080027894284576,-0.3899957916425771
2025-09-25 19:00:00+00:00,-0.5094584136457414,-0.2490230183925631,-0.0314438746757044,-0.1384393802118981,-0.13368734524150286,0.6036697626464534,-0.39577771030313424
2025-09-25 20:00:00+00:00,-0.515148365001779,-0.2707490246506639,-0.008733748849611964,-0.15059234742064764,-0.14505079747591795,0.5954201495480076,-0.40132558772101024
2025-09-25 21:00:00+00:00,-0.5205931646228226,-0.29058892448916374,-0.015861031714362966,-0.15224187906385905,-0.14231586495965068,0.5875014623777601,-0.40665371450469506
2025-09-25 22:00:00+00:00,-0.5121810650723557,-0.2875855953404775,-0.015049610271145512,-0.1498121646353561,-0.14246514741447372,0.5872933723964892,-0.4068417386275416
2025-09-25 23:00:00+00:00,-0.5122984677364317,-0.28593148238450905,-0.014256867823659765,-0.1494724017693927,-0.14261145219876417,0.5870912507024312,-0.4042196128894627
2025-09-26 00:00:00+00:00,-0.5124135550544231,-0.2852484530357722,-0.01632998836743679,-0.15001566362084454,-0.14275486752525662,0.5868948533295171,-0.39861304238929907
2025-09-26 01:00:00+00:00,-0.5113953712112349,-0.2767015134258269,-0.007688441697812543,-0.1576476847344925,-0.14300006745889543,0.5908776060303396,-0.4135993694517983
2025-09-26 02:00:00+00:00,-0.5174527653481383,-0.2734884860561738,-0.031716232761820465,-0.16495462316606738,-0.14325176274902685,0.5947043391194224,-0.42758604984662835
2025-09-26 03:00:00+00:00,-0.5161164897540123,-0.2729535930172417,-0.031081662044171822,-0.16526019754486293,-0.1433573931106563,0.5845394500417402,-0.42191461368793165
2025-09-26 04:00:00+00:00,-0.5218005951856972,-0.26510497845484027,-0.022683459452523664,-0.17216178455078956,-0.14359790218965773,0.5957693925551474,-0.43657145265882724
2025-09-26 05:00:00+00:00,-0.5204090384556771,-0.26508417891669606,-0.023792753379056075,-0.17236131131279223,-0.1436854328050594,0.5799296175724434,-0.43275468415038015
2025-09-26 06:00:00+00:00,-0.5204206760989141,-0.26462722510920944,-0.02326839418391106,-0.17209091853098693,-0.1437713390611646,0.5621421755839323,-0.4326477605110175
2025-09-26 07:00:00+00:00,-0.5204321649120501,-0.2634645913549852,-0.02275529178409792,-0.1701133701811286,-0.1438556657594734,0.5464244262884759,-0.43219864336184866
2025-09-26 08:00:00+00:00,-0.5190911137141074,-0.24591695626853213,-0.04459493017138044,-0.15239659579756545,-0.15892621190238596,0.5586952983206802,-0.42376014601829937
2025-09-26 09:00:00+00:00,-0.5178436301441702,-0.22917849563574974,-0.06510611938409268,-0.14788921738945943,-0.15883855115407292,0.5700567781201011,-0.4193583340671827
2025-09-26 10:00:00+00:00,-0.5230289992158778,-0.21810801191908935,-0.10696571209726802,-0.13142988301720882,-0.15876733041822796,0.5802872489393488,-0.4184971366570355
2025-09-26 11:00:00+00:00,-0.5322277359486498,-0.20747781162450013,-0.09841543691767526,-0.11572476950678676,-0.1587109764008906,0.5898667469827568,-0.42070766118284797
2025-09-26 12:00:00+00:00,-0.5409254577550574,-0.19726075401439044,-0.11499654952222596,-0.10072272300517321,-0.15866808171514626,0.5988530313590753,-0.4228608208397658
2025-09-26 13:00:00+00:00,-0.549162107553471,-0.1874319765005349,-0.1066683332757154,-0.08637715246591743,-0.1586373846106487,0.6072982191208645,-0.424958806681053
2025-09-26 14:00:00+00:00,-0.5439887638470349,-0.187019006118819,-0.1064411342527134,-0.08583124066971703,-0.15864022370943043,0.5886164959101378,-0.42454467649078326
2025-09-26 15:00:00+00:00,-0.48976013651857064,-0.195705022314766,-0.1165190215805637,-0.10689230254417158,-0.1515218772570612,0.49671459834516685,-0.4002205396477369
2025-09-26 16:00:00+00:00,-0.4758023989580483,-0.2010165251055451,-0.12198663699732137,-0.11716356319423814,-0.14931298290668324,0.48928639569491167,-0.39495437954998536
2025-09-26 17:00:00+00:00,-0.47579030086793633,-0.1998151513771584,-0.12158570969255801,-0.11708768087613472,-0.1493440134713095,0.48883676473155113,-0.39492362749370963
2025-09-26 18:00:00+00:00,-0.4663275924951422,-0.20401159745913205,-0.11583605147261938,-0.11528703830777447,-0.1666200484763256,0.48070851016019306,-0.38892537177375286
2025-09-26 19:00:00+00:00,-0.45104491059561963,-0.21941635838477982,-0.11583605147261938,-0.12448219367725405,-0.1819465568260615,0.4737381716746689,-0.38180797002760053
2025-09-26 20:00:00+00:00,-0.4423329247795504,-0.233326210826035,-0.11583605147261938,-0.13360561032633053,-0.1975613151586404,0.46445369597875263,-0.3794249241781719
2025-09-26 21:00:00+00:00,-0.43151668582064706,-0.2468301899516587,-0.11583605147261938,-0.14266011827190703,-0.21348135243919023,0.45409063913682696,-0.37136002717342764
2025-09-26 22:00:00+00:00,-0.4234127655095174,-0.24984495893992434,-0.10949881728284681,-0.14144065605973458,-0.23323875590351414,0.44765289344431497,-0.3701345732948931
2025-09-26 23:00:00+00:00,-0.4197702325362472,-0.2505728444690078,-0.10949881728284681,-0.1408677887375764,-0.2351420037523465,0.4500245668198776,-0.3671358789034638
2025-09-27 00:00:00+00:00,-0.3859428403030867,-0.2549354023352593,-0.11545691108715005,-0.1512988279616313,-0.21663588935244937,0.44322513448823525,-0.34783317177545986
2025-09-27 01:00:00+00:00,-0.380361722519328,-0.2594528540091794,-0.11512789510877294,-0.15262994976693323,-0.21832548379115782,0.443504647634509,-0.34783317177545986
2025-09-27 02:00:00+00:00,-0.37507878363945607,-0.2643803229153132,-0.11512789510877294,-0.15405211118370218,-0.22009603190191454,0.44303786301171066,-0.34783317177545986
2025-09-27 03:00:00+00:00,-0.38909840746663693,-0.2664503367931948,-0.1302433593707769,-0.14295720273599685,-0.23566499379567693,0.45363632699252227,-0.3609730037414986
2025-09-27 04:00:00+00:00,-0.4023986664655858,-0.269467201301335,-0.1223469364949478,-0.13246134339598753,-0.23841898884978685,0.46503303829498477,-0.37294784503186523
2025-09-27 05:00:00+00:00,-0.3971529750314374,-0.2743577206988039,-0.1223469364949478,-0.13363477173461702,-0.2407995879092892,0.4600701012710815,-0.3722008956694975
2025-09-27 06:00:00+00:00,-0.39215280416843473,-0.27790684673502963,-0.12166646802095225,-0.13492542776645536,-0.2432913240695234,0.45391003917989986,-0.3726869064578847
2025-09-27 07:00:00+00:00,-0.38738071908869265,-0.27940469728436407,-0.12103772755324065,-0.13483596464003436,-0.24590178962346076,0.44822517456261746,-0.37342440505671737
2025-09-27 08:00:00+00:00,-0.39908397486023894,-0.27040490569434183,-0.11377111568612168,-0.11213597518000815,-0.24983486022293325,0.4602618246748636,-0.36763432555694614
2025-09-27 09:00:00+00:00,-0.40679898201116355,-0.2620104695085222,-0.10600698809142425,-0.09073513418376222,-0.26228724610404053,0.4715825495974343,-0.3576950886422794
2025-09-27 10:00:00+00:00,-0.41419578191410433,-0.25877545827103227,-0.09836709297345606,-0.08095303202172549,-0.2676902205919749,0.4815927246005743,-0.35420831552150733
2025-09-27 11:00:00+00:00,-0.42438669752920904,-0.2560371246802822,-0.09205792589089219,-0.07153532218660577,-0.27362898838911354,0.4899179906187813,-0.35356874516591175
2025-09-27 12:00:00+00:00,-0.4218126318037602,-0.2591995316024742,-0.09205792589089219,-0.07158215881284272,-0.27362898838911354,0.4863501939857144,-0.3534743191132616
2025-09-27 13:00:00+00:00,-0.42843434836166927,-0.25724188248938384,-0.08477638506096594,-0.06262139817129815,-0.28013145937694217,0.49309241874982984,-0.3529481598737671
2025-09-27 14:00:00+00:00,-0.42843434836166927,-0.23483544314784052,-0.10558483965553322,-0.05312113215569225,-0.27393683518816403,0.4986498316990585,-0.3623742001968291
2025-09-27 15:00:00+00:00,-0.42843434836166927,-0.23807813571559014,-0.10708596007700961,-0.053307038206652994,-0.27907165408780366,0.49690180358872627,-0.362789521842349
2025-09-27 16:00:00+00:00,-0.4404314259430685,-0.2873645316093829,-0.09646026469590432,-0.057874178008823024,-0.26035840822505013,0.4728635826044622,-0.35823281428997095
2025-09-27 17:00:00+00:00,-0.43858976802376104,-0.292017152666114,-0.09834961754270481,-0.0581924994592341,-0.24899205937757377,0.4728635826044622,-0.35866296007221743
2025-09-27 18:00:00+00:00,-0.43425796693870217,-0.3123768727457239,-0.09029100295159286,-0.06070118805728546,-0.2248311747265855,0.4613756610812562,-0.3512707477495782
2025-09-27 19:00:00+00:00,-0.4404277434417871,-0.3269978093549235,-0.09029100295159286,-0.08048831401899482,-0.2248311747265855,0.4613756610812562,-0.34220145432480664
2025-09-27 20:00:00+00:00,-0.45477653832611487,-0.36018599555230796,-0.09510541840708404,-0.11444569150172952,-0.2471449652905313,0.4612524513044186,-0.33236833936857546
2025-09-27 21:00:00+00:00,-0.455816047897021,-0.3754439804065474,-0.09510541840708404,-0.14053903106342905,-0.25815137799922966,0.4598109795226016,-0.3233837834351028
2025-09-27 22:00:00+00:00,-0.45327840859124074,-0.37538496624610995,-0.09510541840708404,-0.14018770586001733,-0.2536144490855584,0.46065134500963073,-0.32339205727441134
2025-09-27 23:00:00+00:00,-0.45327840859124074,-0.3793281975521265,-0.09330384722887791,-0.14152164790522814,-0.2536144490855584,0.46065134500963073,-0.32147633451571817
2025-09-28 00:00:00+00:00,-0.45327840859124074,-0.38842378197084243,-0.09510541840708404,-0.14462161288458455,-0.24954003037926623,0.46065134500963073,-0.32147633451571817
2025-09-28 01:00:00+00:00,-0.454150482570828,-0.39821527330817164,-0.09330384722887791,-0.1478856305549789,-0.24954003037926623,0.46132534687287013,-0.32017568816560454
2025-09-28 02:00:00+00:00,-0.4523782178772343,-0.4095012514976651,-0.10616146656603037,-0.15339275664026802,-0.23782257409728083,0.4498748241362261,-0.33370214481995036
2025-09-28 03:00:00+00:00,-0.4554157195886099,-0.4211856457976917,-0.10818387547843998,-0.1572260991327567,-0.23434513191932482,0.4498748241362261,-0.3323544143139836
2025-09-28 04:00:00+00:00,-0.45048738342183725,-0.4099530388652196,-0.12835550138806245,-0.1416776576428384,-0.2168942380810245,0.4498748241362261,-0.3341803893961581
2025-09-28 05:00:00+00:00,-0.45360870579321266,-0.4237430885150918,-0.13052822153243984,-0.14560864509334726,-0.21408482784617683,0.44940354400455546,-0.3316552464818742
2025-09-28 06:00:00+00:00,-0.45461814988718857,-0.43414755735448246,-0.12835550138806245,-0.1497931515039272,-0.21144899503852907,0.44940354400455546,-0.3321337474748211
2025-09-28 07:00:00+00:00,-0.4556412810620476,-0.44038805577129375,-0.12835550138806245,-0.15026058944731202,-0.20935569668852663,0.4491040606708413,-0.3331068800571284
2025-09-28 08:00:00+00:00,-0.448498412103332,-0.43091213531045136,-0.1402974724448899,-0.13321807994610527,-0.16736340126796306,0.4392419621980328,-0.32637548681848105
2025-09-28 09:00:00+00:00,-0.43474986854434344,-0.4280543449475193,-0.13489234474234715,-0.11704662261369207,-0.12970544544336862,0.43201637855264535,-0.31909476016223837
2025-09-28 10:00:00+00:00,-0.4205356034717837,-0.4125255775660747,-0.13489234474234715,-0.10783514783432178,-0.10548755213962485,0.4296948803718042,-0.3248270680596139
2025-09-28 11:00:00+00:00,-0.40996707409784644,-0.39687614344678934,-0.1114125521247493,-0.09863916330370821,-0.08194759218218843,0.42522271357280494,-0.3305646688203086
2025-09-28 12:00:00+00:00,-0.3994159855857147,-0.38621897369628516,-0.04847635086149544,-0.09863916330370821,-0.059022229338827524,0.41877121681162205,-0.3335577995695426
2025-09-28 13:00:00+00:00,-0.38212959656932527,-0.37029293379966893,-0.011078183832873418,-0.08945696300777868,-0.03665486622053985,0.4095860701225222,-0.3365546028653018
2025-09-28 14:00:00+00:00,-0.3611748946493276,-0.35419986207236653,0.021735145338679936,-0.07061678235378341,-0.01479468242872728,0.3977491821058295,-0.3428113337268314
2025-09-28 15:00:00+00:00,-0.36181264329966917,-0.36272426448310174,0.018922506732107807,-0.07133749923997403,-0.01636684844943055,0.4017622701134482,-0.3427848754923831
2025-09-28 16:00:00+00:00,-0.36134681841805527,-0.36833552381419554,0.015526892333798128,-0.072276576054404,-0.017914876963746836,0.39949193011183104,-0.3431712833437795
2025-09-28 17:00:00+00:00,-0.37554166244472265,-0.4231301285566972,0.019305832753548455,-0.08558261894062621,-0.03269046173237037,0.38804456351032607,-0.32872744051675407
2025-09-28 18:00:00+00:00,-0.3916430352932445,-0.4402909234737452,0.02205705644153813,-0.07886395667491294,-0.04890486428855823,0.3717775577834633,-0.3134033285415234
2025-09-28 19:00:00+00:00,-0.3963450363064708,-0.44459886166561263,0.004336003081929125,-0.07886395667491294,-0.07381084175393503,0.3735482618001664,-0.3020198052004495
2025-09-28 20:00:00+00:00,-0.3963450363064708,-0.4521516368749706,-0.04660354092594168,-0.09952666365460182,-0.10919495134359153,0.37545246980508895,-0.2913574875587104
2025-09-28 21:00:00+00:00,-0.39263587878757256,-0.4618657149541935,-0.07779944292254592,-0.11946373757957442,-0.1352404366528622,0.37735187089236133,-0.28285482759014063
2025-09-28 22:00:00+00:00,-0.39115215064194103,-0.4604125507421544,-0.07851111706825911,-0.119812460872093,-0.1368289550125073,0.3765561511031846,-0.28233526506034096
2025-09-28 23:00:00+00:00,-0.39067570684180275,-0.4648141719455731,-0.07941087483863185,-0.12091867053522586,-0.13624821348669977,0.37577494486088764,-0.27818219409389183
2025-09-29 00:00:00+00:00,-0.39067570684180275,-0.47237076011324763,-0.08137663428058572,-0.12669528016470605,-0.13788117754380677,0.3750079554126312,-0.2768281170877345
2025-09-29 01:00:00+00:00,-0.3904320880631645,-0.4800490439696664,-0.05478628989610723,-0.12818047050812315,-0.12454239903211221,0.3588851997486673,-0.29067868964454086
2025-09-29 02:00:00+00:00,-0.3918350813779384,-0.48843709836095245,-0.0410758545352784,-0.13042459330046077,-0.11039051572251363,0.34572886916652784,-0.3042579911166836
2025-09-29 03:00:00+00:00,-0.3934096204792209,-0.5030596002314929,-0.017787592209458705,-0.1334913649511385,-0.09831575219529487,0.3329121866701002,-0.3175785653586662
2025-09-29 04:00:00+00:00,-0.3889688353735463,-0.4948571234170069,0.005207860975600931,-0.1090377840557212,-0.07971765324083153,0.32810924915809225,-0.3210512407010076
2025-09-29 05:00:00+00:00,-0.3951537854860304,-0.5055787550300956,0.025454997758111185,-0.11301590660168481,-0.06867565081434275,0.3158141430170096,-0.32815003609969473
2025-09-29 06:00:00+00:00,-0.39706591536108127,-0.512122271883489,0.04423799659563478,-0.12034974428681633,-0.06732643165220874,0.30622423938428306,-0.32597288120443585
2025-09-29 07:00:00+00:00,-0.38776592429469203,-0.5106212073230254,0.06327856467345601,-0.11664075055340731,-0.05543501060676745,0.29712560377622216,-0.3180591964277243
2025-09-29 08:00:00+00:00,-0.37712902752919525,-0.5007377791194132,0.0810483730445227,-0.10319566134058432,-0.043965912731533115,0.2883095756523165,-0.3100299504247988
2025-09-29 09:00:00+00:00,-0.3669288628130882,-0.49129196259450614,0.08933692614409565,-0.0923071854310674,-0.032900326769860044,0.2801502333782741,-0.3012767253851661
2025-09-29 10:00:00+00:00,-0.3561426474163747,-0.48297358059093354,0.09861844326457894,-0.0829111173590569,-0.01627390714750442,0.27234341259471473,-0.3102737904498996
2025-09-29 11:00:00+00:00,-0.3512206585867798,-0.47464571311041065,0.11587461495315711,-0.06500310217741596,0.0002496544598977791,0.2666546334614266,-0.31604494256152765
2025-09-29 12:00:00+00:00,-0.3405555350659295,-0.46630626200334147,0.13261822025738165,-0.05588263741912515,0.01668339468366178,0.2561180144903045,-0.3243325636111395
2025-09-29 13:00:00+00:00,-0.3316147582310612,-0.45795307789286543,0.1589707069259539,-0.04687301138826302,0.04163433653467061,0.24609022180843265,-0.33345454692432397
2025-09-29 14:00:00+00:00,-0.3281630490948658,-0.4581189509310799,0.1653413162845462,-0.03562752469131533,0.041220328671080116,0.24616839798214243,-0.33284040730197517
2025-09-29 15:00:00+00:00,-0.3193681267579155,-0.458613942535997,0.17146364610504103,-0.024782014173371232,0.04850970655730685,0.2457120403446048,-0.329412031376992
2025-09-29 16:00:00+00:00,-0.31094698451122327,-0.45363694819016537,0.18395855352367005,-0.014319068373985317,0.05539910393416109,0.23171024554760491,-0.323109985226573
2025-09-29 17:00:00+00:00,-0.29567596394912526,-0.44630899079645253,0.19464329559169818,0.003752654573859264,0.06190289411080072,0.21737295019496788,-0.31391199177341594
2025-09-29 18:00:00+00:00,-0.2690554844034934,-0.42624847591046017,0.2055865532502862,0.022516044072256918,0.06648063971687629,0.1873768847693282,-0.28923541599454755
2025-09-29 19:00:00+00:00,-0.23062254909003313,-0.386813878159758,0.20400395297588136,0.04026733867135824,0.07012018394578508,0.163884473700347,-0.2601850888820337
2025-09-29 20:00:00+00:00,-0.17598595688097554,-0.33332892687263155,0.210652058834211,0.07151096797955823,0.0872082262116975,0.13718993321311376,-0.20890886224131094
2025-09-29 21:00:00+00:00,-0.13002152233276879,-0.2848482662366643,0.20748557004853074,0.10100861454059663,0.10139224444253589,0.11578199382451318,-0.173772350681207
2025-09-29 22:00:00+00:00,-0.11617876535453127,-0.27811659063867117,0.21689449246839565,0.11511566704473238,0.11361789972384002,0.10252274692984958,-0.17034276195829545
2025-09-29 23:00:00+00:00,-0.11167897318108581,-0.2811617623200045,0.22035623471118113,0.11271229747400437,0.11319155970152465,0.09125953969003371,-0.18771091225024117
2025-09-30 00:00:00+00:00,-0.09344313962308654,-0.25875894320905724,0.18896466248342114,0.06948126597339886,0.12945339406623174,-0.014432741333484232,-0.2469480197118016
2025-09-30 01:00:00+00:00,-0.0604190824485626,-0.2428644252405154,0.1823992223879929,0.028329634983570436,0.14865114466697324,-0.07591219891746388,-0.29984086207791827
2025-09-30 02:00:00+00:00,-0.04026600346388415,-0.23567663231896757,0.1853310200461781,0.016105339978393356,0.16402060743028168,-0.1151536666034523,-0.3240800304828932
2025-09-30 03:00:00+00:00,-0.025011610120274457,-0.23372924550522026,0.23104661333587964,0.00450932212116587,0.17884856712120456,-0.14717033121401926,-0.3464364698968094
2025-09-30 04:00:00+00:00,-0.012886511268698825,-0.23132388406803941,0.268739145475916,0.0026192718284565883,0.19407516309500386,-0.16376101018336928,-0.36478939071766775
2025-09-30 05:00:00+00:00,-0.004479060113320441,-0.23880005252686715,0.2670942343713598,-0.006486133214480227,0.20453280532963306,-0.18023458598789488,-0.37310428435459686
2025-09-30 06:00:00+00:00,0.002298204689652802,-0.2420793241003084,0.2965532860196849,-0.015678030032892257,0.2157585323712562,-0.19524114465957443,-0.3269246256335936
2025-09-30 07:00:00+00:00,0.007909533777245683,-0.2074663662093333,0.3221131879503353,0.01037886651576462,0.22615904043250798,-0.20239486888877212,-0.2880890678304963
2025-09-30 08:00:00+00:00,0.016489096120977587,-0.17464125514364312,0.3183058950216164,0.06377850848492786,0.2610414541703335,-0.20889135045548943,-0.2393196208838649
2025-09-30 09:00:00+00:00,0.02449385060642127,-0.16437267238493167,0.31492833673879334,0.10915955159046266,0.29128386682362384,-0.21535326724685439,-0.20696574852278352
2025-09-30 10:00:00+00:00,0.014537433679417039,-0.1726208440498588,0.3141398170668119,0.12449523694969666,0.2970047174950363,-0.21553007440818506,-0.19005665127269997
2025-09-30 11:00:00+00:00,-0.01038545239341236,-0.16403302574865852,0.3127372538118013,0.13856372869686212,0.30172313537889783,-0.21536065994205933,-0.18277473864226976
2025-09-30 12:00:00+00:00,-0.032343443919235285,-0.15707105608397373,0.31294393814016896,0.15101387837784463,0.3062946732294104,-0.21021961165344052,-0.17638356133895627
2025-09-30 13:00:00+00:00,-0.06474055799288742,-0.15139522733378613,0.31257923865119636,0.16211578782618596,0.3106614396781645,-0.20559627119265098,-0.1707236173931788
2025-09-30 14:00:00+00:00,-0.067940261638389,-0.14676413770561364,0.312554117018162,0.17268719359200832,0.3147909509965971,-0.1964931345845992,-0.17354308753564718
2025-09-30 15:00:00+00:00,-0.06757980648767917,-0.14556845047349234,0.2895818135923327,0.18184943671686846,0.31499435425946326,-0.1860583506190886,-0.15878119241855476
2025-09-30 16:00:00+00:00,-0.0683531996957882,-0.14370888034503002,0.29018535710898713,0.1905425054733427,0.2975515123399033,-0.21080960779006652,-0.1384251114121781
2025-09-30 17:00:00+00:00,-0.05621598103373506,-0.13920005366183702,0.3084347605644702,0.21838306688554635,0.30148344815759276,-0.23111868517930823,-0.10991236835225858
2025-09-30 18:00:00+00:00,-0.04465273277963667,-0.12181103453008293,0.32642492635660353,0.24348943660940295,0.32242184192215817,-0.25222992446799725,-0.06615848842179335
2025-09-30 19:00:00+00:00,-0.008611036951749411,-0.09963654674585604,0.33932860018696787,0.29443448860019733,0.3414079753456843,-0.26968484591125674,-0.00736634821917418
2025-09-30 20:00:00+00:00,0.035917598872871825,-0.04669695626401476,0.35101564699153265,0.34724625128484066,0.3587808247099549,-0.28122097843589033,0.05337236369464236
2025-09-30 21:00:00+00:00,0.0769219490120866,0.016936827013781033,0.36446462299308174,0.3883975462306296,0.35679175405991514,-0.29213647424563366,0.09753432011190909
2025-09-30 22:00:00+00:00,0.10691205774594816,0.050730465262756055,0.37730415204779527,0.4194250235058583,0.35618763999137837,-0.30116736630826224,0.1128306195755641
2025-09-30 23:00:00+00:00,0.09858927650212207,0.04654019611024853,0.3740918266045786,0.4151417328556938,0.35544350850832734,-0.30967806384679814,0.08594913993455688
2025-10-01 00:00:00+00:00,0.07093263123642705,0.028755646143000087,0.36957546144809134,0.4112173684396493,0.3545418406012156,-0.31455908008105976,0.0516473963078148
2025-10-01 01:00:00+00:00,0.05372404860487105,0.017129057933414047,0.36914408374881286,0.41216329830684717,0.35578403348244814,-0.3182801090579092,0.030388316678039415
2025-10-01 02:00:00+00:00,0.03560062233969511,0.003425567650791284,0.36847751049298194,0.4129988585011365,0.35679471809768193,-0.3217994713338656,0.009477082664508085
2025-10-01 03:00:00+00:00,0.015018575750663444,-0.01137056175084977,0.3668042796098071,0.410578219806717,0.35591217509558765,-0.3204630205909312,-0.012765304188576911
2025-10-01 04:00:00+00:00,-0.003783771646452324,-0.03191931279486378,0.3656986476803218,0.4107625520341117,0.3563973445317045,-0.320244181066647,-0.03653235371532616
2025-10-01 05:00:00+00:00,-0.02304876117626206,-0.05025823329445831,0.3620765355209593,0.4080007015776528,0.35501238132888446,-0.3154780981659099,-0.05700709094656716
2025-10-01 06:00:00+00:00,-0.03893440641023805,-0.06533931899398161,0.36006322355194925,0.4045155809835784,0.3533660032153945,-0.31023342238505774,-0.04656825886275251
2025-10-01 07:00:00+00:00,-0.054123613836359906,-0.06952699955586956,0.35795806832017235,0.4027363434378117,0.3514540159075398,-0.3022851923124381,-0.031512237840447925
2025-10-01 08:00:00+00:00,-0.06989523748127059,-0.061872749920990996,0.34211183196647627,0.4098977101126902,0.3616427847868174,-0.2958863887635125,-0.008124596067515215
2025-10-01 09:00:00+00:00,-0.08493577853475827,-0.054581314589486285,0.32624404417089603,0.41590468144006637,0.370066645272822,-0.28641933083562143,0.008956906205024701
2025-10-01 10:00:00+00:00,-0.10159891940320012,-0.05826247887355226,0.3249650205046041,0.41357181234861307,0.3686746853960084,-0.2768073860931872,0.012106332919806754
2025-10-01 11:00:00+00:00,-0.12037560023816317,-0.0620937743531632,0.3228414416323428,0.4112182979904639,0.3670591018327283,-0.26675271813335405,0.009870728484237307
2025-10-01 12:00:00+00:00,-0.1388891361806048,-0.06607657183088342,0.3194525035364901,0.40883796619028645,0.36521508577227957,-0.2561966204280076,0.007674954690440658
2025-10-01 13:00:00+00:00,-0.15843856423285618,-0.07020675574051022,0.3166554538982067,0.40589186563360014,0.362857706986663,-0.24405136225230295,0.005329335079104218
2025-10-01 14:00:00+00:00,-0.17362908378731365,-0.07556161246212408,0.31295214202045046,0.4024766311701495,0.36852908841893944,-0.2241921049795419,0.002859252340870608
2025-10-01 15:00:00+00:00,-0.19263144744392222,-0.08329967097924469,0.30770851593539394,0.3983767824738962,0.37023756715962364,-0.19835589591819885,8.618638490516993e-05
2025-10-01 16:00:00+00:00,-0.18636316933201422,-0.09013284760164797,0.3029993763930946,0.39452486102859774,0.3730021365442023,-0.214244008325285,0.003940269634963439
2025-10-01 17:00:00+00:00,-0.16921022613304357,-0.084003080464613,0.2989127184275296,0.38839872422859095,0.3769794905154426,-0.22390749462383022,0.021142742535713608
2025-10-01 18:00:00+00:00,-0.13919631917030417,-0.07413829446208715,0.28147380484503787,0.39326246370051027,0.3709640868759166,-0.23298812601627644,0.03993387011286292
2025-10-01 19:00:00+00:00,-0.11202219779106984,-0.04670491134757839,0.27650654828894095,0.4032991109577762,0.37221095201938414,-0.24474396630567244,0.06296708378260024
2025-10-01 20:00:00+00:00,-0.0831196817432223,0.0010049148816794556,0.25860321903137445,0.41595531481668463,0.36355148847205276,-0.2540975265665673,0.09137548064373335
2025-10-01 21:00:00+00:00,-0.056130740776345084,0.048324563845366084,0.25344364301103695,0.4285606741984747,0.36376808528342913,-0.2611621930165448,0.11898339839819587
2025-10-01 22:00:00+00:00,-0.040167889126831724,0.0826745710078669,0.2441709859956474,0.4415591090540332,0.3556809383897769,-0.26905154607868964,0.13107100120126097
2025-10-01 23:00:00+00:00,-0.04643561370168888,0.07542248355023307,0.23905102851971452,0.4436575772539975,0.34719304815228047,-0.27503361931209186,0.10745390249328984
2025-10-02 00:00:00+00:00,-0.07021501415114728,0.054241022555584016,0.23286720212204093,0.43717381565077973,0.3342607855289852,-0.2759574927903811,0.07824835680031518
2025-10-02 01:00:00+00:00,-0.09145925067114603,0.03564736202553501,0.2103757979166351,0.4289939829762969,0.32500968828548327,-0.27460786271340193,0.04947575512616945
2025-10-02 02:00:00+00:00,-0.11336833978717117,0.01989546515020375,0.2051106676195441,0.4221023695102014,0.31602089537036054,-0.2696610626816825,0.027805371253802395
2025-10-02 03:00:00+00:00,-0.13480069724066945,0.0046039245515849,0.19619954688783203,0.41793327357412646,0.3091961107063946,-0.26500869030763957,0.005931571066407885
2025-10-02 04:00:00+00:00,-0.15658813152468432,-0.015821035486127226,0.19124145039638038,0.41367687281508214,0.30813922827356405,-0.2594171886855938,-0.011115368649172033
2025-10-02 05:00:00+00:00,-0.17976915361479343,-0.03249275456863941,0.18504350488132607,0.4034069069191024,0.3027273503034364,-0.247808242062464,-0.018136509870940253
2025-10-02 06:00:00+00:00,-0.20492166559027122,-0.04590088676853627,0.17198448878688738,0.40321570986148175,0.29080621338326196,-0.23463086647831416,-0.0016946203720603805
2025-10-02 07:00:00+00:00,-0.22806647891761614,-0.04378808925409688,0.15796560502340493,0.4027870637977175,0.28520736877640385,-0.21807316767207804,0.016987554291492932
2025-10-02 08:00:00+00:00,-0.24668281618841276,-0.04091073875186194,0.15139547833248768,0.41112543043128924,0.2830321595526974,-0.20346305242899157,0.03359492904195548
2025-10-02 09:00:00+00:00,-0.26093186062995116,-0.0382243976198084,0.1445349514237035,0.4190862172255786,0.2802717542357078,-0.18431972688679346,0.05213276897959312
2025-10-02 10:00:00+00:00,-0.27906011404774916,-0.04063096858848931,0.1373726026252314,0.4189672562444225,0.2677984080414695,-0.1630078120234584,0.05889131447331653
2025-10-02 11:00:00+00:00,-0.3001303023452092,-0.04866394497317647,0.1298962261095467,0.41862361048376484,0.263630326062813,-0.13947604664153723,0.060992471785501115
2025-10-02 12:00:00+00:00,-0.3215751127474339,-0.05810855420306913,0.11094298611726774,0.41750796476755625,0.25382322849402816,-0.10879886333169059,0.06336587473644796
2025-10-02 13:00:00+00:00,-0.338311202015483,-0.06680506642823034,0.10278966823624237,0.4170304293424856,0.2492851368050512,-0.07791069960423228,0.06825328301103313
2025-10-02 14:00:00+00:00,-0.3448024475556253,-0.06444242245039013,0.08648666698686805,0.4163132288410311,0.24550692943312033,-0.04596310768806326,0.07305722620229758
2025-10-02 15:00:00+00:00,-0.3523817653061701,-0.0626645635238382,0.07579766633569095,0.4147792085779104,0.23487962794167105,-0.0026658103005588046,0.07805513087075354
2025-10-02 16:00:00+00:00,-0.360087083665929,-0.06110670748545013,0.0646318349176163,0.41298021857642814,0.22905610267013887,0.010033121258382549,0.08298868493643989
2025-10-02 17:00:00+00:00,-0.35835182087972633,-0.0597674416336215,0.05296324539442636,0.41695279622209547,0.2537674153399749,0.013851934651333102,0.09553785779095171
2025-10-02 18:00:00+00:00,-0.35239342506866006,-0.05222215370708231,0.02925994532146208,0.4208499991563244,0.27862907665543407,0.01712805090344942,0.11311889332506002
2025-10-02 19:00:00+00:00,-0.32751071276108135,-0.02415355615622796,0.01426097373870376,0.4251960149943945,0.28386670723336427,0.01905820271033049,0.13521514716461064
2025-10-02 20:00:00+00:00,-0.2945004481654717,0.026197066756052986,-0.00323893773900083,0.43355598135039164,0.28866208043518443,0.025193480860292595,0.15891860691309162
2025-10-02 21:00:00+00:00,-0.2589712915077645,0.07385608286485525,-0.019835899415775682,0.45050877777279175,0.2931100353271699,0.031148902312944034,0.18278707903574773
2025-10-02 22:00:00+00:00,-0.2327450646226685,0.09525019731896647,-0.03538865818313688,0.45828289284863327,0.2972765627106243,0.03694740025774782,0.19166404830680436
2025-10-02 23:00:00+00:00,-0.2201736380630213,0.10479661712186777,-0.06741088400128632,0.4613521242236403,0.28928407088893876,0.04367035752940868,0.19329651290079608
2025-10-03 00:00:00+00:00,-0.20866197205511075,0.106968718484953,-0.08543564807122327,0.45961017808003213,0.2937756895750833,0.04996518482791871,0.19163411012898585
2025-10-03 01:00:00+00:00,-0.1909253060178075,0.11605847372464735,-0.12267752445229083,0.4625551551212385,0.2875462865090408,0.0643414821528232,0.19403535858384552
2025-10-03 02:00:00+00:00,-0.1736606996537191,0.12553698998375298,-0.15967237144002003,0.46621426130387494,0.28292344700725475,0.07791394514654681,0.1970795150680109
2025-10-03 03:00:00+00:00,-0.15855761900997561,0.13175231568344228,-0.18272325162185576,0.46764062967247805,0.2889971664689298,0.09136825600462435,0.19765249826011805
2025-10-03 04:00:00+00:00,-0.14377496914894183,0.13851878117907424,-0.22663537531230318,0.4698520814760042,0.2948412622511278,0.10405553192725728,0.19893228977234378
2025-10-03 05:00:00+00:00,-0.13099178602922973,0.1483282103705791,-0.2536847629250277,0.469823425702309,0.2998554335186449,0.11671438290912677,0.20048811276823414
2025-10-03 06:00:00+00:00,-0.11927260057629556,0.16352396526591426,-0.3120346342861742,0.46906108814106,0.3043711426949483,0.1342498529911871,0.21731627371556905
2025-10-03 07:00:00+00:00,-0.10856501883221968,0.1846116113246629,-0.34452074405374516,0.47216739008565956,0.30840498750064366,0.15163627436507043,0.23732281688315268
2025-10-03 08:00:00+00:00,-0.09254256529576775,0.2041160162732485,-0.4109922146447675,0.48099445995176854,0.3331420505528998,0.1678862467219522,0.2558555623398177
2025-10-03 09:00:00+00:00,-0.07206084970692496,0.21638165354685998,-0.4470750702432276,0.4892935482364745,0.3580486946081595,0.18920201017228197,0.2739948345362145
2025-10-03 10:00:00+00:00,-0.057600999931200395,0.22774312887265724,-0.48572408986789783,0.49140139268578276,0.36145892135809626,0.21063646169856848,0.2820324427676348
2025-10-03 11:00:00+00:00,-0.04388363111551968,0.2382651004838611,-0.2909422446094779,0.49298498950474323,0.3644621886037951,0.23222244274131956,0.2895770848513053
2025-10-03 12:00:00+00:00,-0.030866891668228768,0.24231367156614309,-0.284510072367298,0.4901779490241361,0.3670683646968964,0.25399369306314123,0.2997691422456356
2025-10-03 13:00:00+00:00,-0.012942669282796405,0.25130686649215495,-0.2776747755305143,0.4906590456228244,0.36928566838919896,0.28220891512624785,0.3095730006770109
2025-10-03 14:00:00+00:00,0.0045007799161853835,0.25960555792571066,-0.27041538088837047,0.4966186524263772,0.3711207357501592,0.3111084307606092,0.3190165288551021
2025-10-03 15:00:00+00:00,0.022009839128123706,0.26708739843254575,-0.28002150670688736,0.49552984247521903,0.3723846338106086,0.3433427975687875,0.32502647106354954
2025-10-03 16:00:00+00:00,0.03916912530284688,0.2739673761416456,-0.27141070115904564,0.5010275898245056,0.3732734998213603,0.3393289289365947,0.33430168088837114
2025-10-03 17:00:00+00:00,0.05601937904919752,0.2802762112094248,-0.26225381128484676,0.5062270494137355,0.39989406034794134,0.33470413099054863,0.3512928331769659
2025-10-03 18:00:00+00:00,0.0726013912621998,0.29338193665429335,-0.25251317120134514,0.5111513628430369,0.4271596524832634,0.3247238358957816,0.3683082157240044
2025-10-03 19:00:00+00:00,0.10083459064969527,0.3156555374971502,-0.26331926511624865,0.507915391788905,0.4279008204420428,0.3177867929441012,0.3868697015271798
2025-10-03 20:00:00+00:00,0.1289501494307487,0.34997337984807037,-0.252018873982959,0.5232321053215591,0.4587509253214752,0.31622783544702676,0.4139605322416664
2025-10-03 21:00:00+00:00,0.15705080402182847,0.39613347988600284,-0.23993325744661054,0.5387476112310056,0.4396960902692514,0.3142119173247306,0.4410306074195716
2025-10-03 22:00:00+00:00,0.1836877280094356,0.41968108414516414,-0.22792800491101886,0.543053718985588,0.4394210356229504,0.31199734371890603,0.4490874439894033
2025-10-03 23:00:00+00:00,0.1968137135215244,0.4186273370480863,-0.2374952102810851,0.5354749429679911,0.46693095431941434,0.306713137058942,0.4346542317712498
2025-10-04 00:00:00+00:00,0.19544397083006837,0.4106975034278997,-0.27525116504884556,0.5273149093215905,0.4642439214454672,0.30091875981602295,0.42207293764990383
2025-10-04 01:00:00+00:00,0.19386109606065324,0.40287095113357235,-0.2634015415296695,0.5190070839600777,0.4611461699781484,0.2949903359879258,0.4096936987170272
2025-10-04 02:00:00+00:00,0.2062724552144073,0.4138236396640921,-0.2727275180916915,0.5170700678242227,0.4617289148217643,0.30031636717806093,0.41064288596135273
2025-10-04 03:00:00+00:00,0.2176933555061824,0.4235886624340077,-0.25949729489440865,0.5144817373953471,0.46193905949642655,0.305292693621672,0.4105404076056607
2025-10-04 04:00:00+00:00,0.22819356039734295,0.4322661883826186,-0.24560302246137397,0.5112213320095712,0.4617778039795797,0.3099405974200206,0.40654850512779395
2025-10-04 05:00:00+00:00,0.21409800804734758,0.4211131794977078,-0.23024293971460125,0.49922767915201677,0.455132124116202,0.30753271738396065,0.39105048526040764
2025-10-04 06:00:00+00:00,0.20712338444428824,0.4177182418507346,-0.21409302602068284,0.47913592539049576,0.4259484864476373,0.31267074195415556,0.39097799480047113
2025-10-04 07:00:00+00:00,0.21418379693349315,0.4139460925929726,-0.19556901144668898,0.4646481710352052,0.41645201341658494,0.3176364818265433,0.4005269144234793
2025-10-04 08:00:00+00:00,0.2223796028667254,0.4182345924759556,-0.17640664183436655,0.458978774876077,0.40754397634531214,0.32359990575690106,0.4100772996936577
2025-10-04 09:00:00+00:00,0.23096030708792714,0.42295521121064283,-0.18552582149080307,0.4529923385836693,0.39804901734661924,0.3301312002596449,0.42124081077071324
2025-10-04 10:00:00+00:00,0.24046982403746953,0.41970069442203617,-0.1944018997131812,0.4466690419727715,0.3879091637012428,0.33731215474502374,0.4186102100918574
2025-10-04 11:00:00+00:00,0.2423982371293028,0.41653556417384235,-0.17523053210251602,0.4399871653769014,0.3770568287697334,0.3544924551721664,0.4159018885773076
2025-10-04 12:00:00+00:00,0.2538365111407619,0.41349336302790024,-0.15426828300943904,0.43292293428687,0.3654124758781515,0.3728048989188743,0.40849291444999697
2025-10-04 13:00:00+00:00,0.25621559673120464,0.4100823086090399,-0.1300039109920306,0.42624670334360165,0.35432260651216957,0.4040319896810053,0.40524870502290156
2025-10-04 14:00:00+00:00,0.25936059679829887,0.4068796523005066,-0.13846262834353015,0.41918598322650713,0.30756309419560435,0.43825185359384927,0.4028283526199106
2025-10-04 15:00:00+00:00,0.2735302728558114,0.40396107293452055,-0.1503029194909228,0.4117225452973386,0.2919786918180809,0.47604291924705516,0.4061961367949587
2025-10-04 16:00:00+00:00,0.2905837699697892,0.41261048260904654,-0.12450360873942937,0.40384030097114054,0.27485214204977365,0.4537518915573315,0.41779291525569523
2025-10-04 17:00:00+00:00,0.3204599595865558,0.42308343527273734,-0.09677207815934065,0.41366267532077117,0.2559111359917107,0.43220478600169204,0.4374245615814462
2025-10-04 18:00:00+00:00,0.3525950968975401,0.4631948507679849,-0.06663415713837448,0.4253984820091779,0.29063692765355004,0.403983981795461,0.45997082447065063
2025-10-04 19:00:00+00:00,0.4024779987629385,0.52607710488618,-0.033426875214411345,0.43770717269142845,0.32938566166467476,0.38528511665753573,0.49225836286511465
2025-10-04 20:00:00+00:00,0.4601335955798173,0.5970490132871684,-0.044622929011726986,0.5025986730653642,0.3654287876454308,0.3667636028066866,0.5468364650402593
2025-10-04 21:00:00+00:00,0.5451999151436839,0.6784850548759015,-0.006248233275235901,0.611195409719599,0.40754757820278786,0.348534181892032,0.6041432292658726
2025-10-04 22:00:00+00:00,0.616932577737875,0.7256092777507112,0.038845020061675166,0.6727807111384182,0.4590502297099435,0.33084761859909956,0.6403610330974083
2025-10-04 23:00:00+00:00,0.6790641106978978,0.7780548275029485,0.03150751919175715,0.6797463440161318,0.3807096324746529,0.33155081468032993,0.6343479170773643
2025-10-05 00:00:00+00:00,0.678372089633069,0.7656061877076648,0.02733147771758019,0.6698119910988982,0.3703239252216416,0.31839055906664515,0.614309801352677
2025-10-05 01:00:00+00:00,0.6800562901337389,0.7556839580945407,0.025891977823177238,0.6617187761071076,0.3613905559409328,0.306500140362278,0.5970614401890639
2025-10-05 02:00:00+00:00,0.6839947444040764,0.7556839580945407,0.00836460045188053,0.652790780916107,0.3408178829297455,0.31036462100350365,0.5970614401890639
2025-10-05 03:00:00+00:00,0.688640613944348,0.7565577906281519,0.004459044533478138,0.6476336674233221,0.34362507437725076,0.31551033868605005,0.599632713333392
2025-10-05 04:00:00+00:00,0.6912038739336033,0.7565577906281519,0.004459044533478138,0.6440530164138244,0.329385988201791,0.31836387438272873,0.599632713333392
2025-10-05 05:00:00+00:00,0.6954565468921341,0.7565577906281519,-0.007915626827737556,0.6406180897525938,0.31507983430269876,0.3212112470086615,0.5992030629042275
2025-10-05 06:00:00+00:00,0.6980250304715647,0.7529270192986823,-0.007915626827737556,0.63734394990906,0.3006954062143069,0.32405258744216847,0.5947012775367743
2025-10-05 07:00:00+00:00,0.7005957285937667,0.7529270192986823,-0.007915626827737556,0.6179105910296853,0.2639743857281249,0.3273088248118646,0.5844352815520989
2025-10-05 08:00:00+00:00,0.6914438609048531,0.7480564248716655,-0.019049814408002463,0.5895995732880986,0.240520715793853,0.3295044118223717,0.574730134966673
2025-10-05 09:00:00+00:00,0.6893611755065392,0.7450135196204402,-0.019049814408002463,0.5702434294107315,0.22652931362242867,0.3313984526277023,0.5702851386810781
2025-10-05 10:00:00+00:00,0.6881489372375191,0.7446361103261002,-0.02634308297507137,0.5597367866918864,0.21867136174598822,0.33562233111818535,0.5694349344976332
2025-10-05 11:00:00+00:00,0.6868644317316527,0.7454395764841629,-0.03239295557151006,0.5531456142850606,0.21506024185724507,0.3359699427716139,0.568824185542809
2025-10-05 12:00:00+00:00,0.6857326599213129,0.7463000724266959,-0.03830054932981228,0.5468858164508876,0.1984527322243419,0.3377182979579128,0.5682959212673286
2025-10-05 13:00:00+00:00,0.6883399120315994,0.7471183392521045,-0.04062260605378382,0.5449477046471817,0.1967281974701825,0.3401364992111511,0.568495744176535
2025-10-05 14:00:00+00:00,0.6863906993006722,0.7479551732035591,-0.04293258809526173,0.5432099476632175,0.18836686536070865,0.34450519465853485,0.5694497455850894
2025-10-05 15:00:00+00:00,0.6845071731067569,0.7488108501089307,-0.04827985095359161,0.5416761236908719,0.18035272640470026,0.34794120466934086,0.5687558989418995
2025-10-05 16:00:00+00:00,0.6841764692297957,0.7496856528557873,-0.050590932434108525,0.5403506681525578,0.1754444899177358,0.3500972312524511,0.565943076207804
2025-10-05 17:00:00+00:00,0.6774019233432349,0.7533811402898521,-0.05394783122578114,0.5391184128264659,0.17291878643459233,0.3553585339607985,0.5636422957426542
2025-10-05 18:00:00+00:00,0.6670778339166656,0.7541553649297987,-0.0550964541081455,0.5411572120810838,0.16628632204828964,0.3606237171286776,0.5479585164195233
2025-10-05 19:00:00+00:00,0.6564951175564915,0.7500555358039955,-0.060019309303987814,0.53236010764318,0.16003593673182384,0.36356123796915407,0.5309456916023407
2025-10-05 20:00:00+00:00,0.6470434421285328,0.7406946597971356,-0.06397707985824799,0.5185661449682093,0.15413854930881665,0.3646473663354282,0.5209074310872921
2025-10-05 21:00:00+00:00,0.6378560206855683,0.7329832242852397,-0.06803968886449276,0.4839470926500747,0.15288355357111108,0.36571283361329654,0.5102309344407406
2025-10-05 22:00:00+00:00,0.628321304475048,0.728253107685744,-0.0717991141988632,0.45227765574036305,0.15195324923353543,0.3667577436586307,0.508692469014886
2025-10-05 23:00:00+00:00,0.630964721363065,0.7320772601045068,-0.0668993917208685,0.4570814953625956,0.15646843452453607,0.3627704268682124,0.512356721400049
2025-10-06 00:00:00+00:00,0.6392706989356148,0.7359851363909353,-0.06483725061250487,0.46213085876087096,0.1611223155537252,0.3576247530206047,0.5166073337180868
2025-10-06 01:00:00+00:00,0.6319562547985326,0.723972752764862,-0.06659847962146413,0.45312161342449897,0.14507101867901423,0.3539408889624495,0.5013213538922519
2025-10-06 02:00:00+00:00,0.6235888509806158,0.723972752764862,-0.09184533606886221,0.4307403444556562,0.12573525282514308,0.36172463307219194,0.49701586865891506
2025-10-06 03:00:00+00:00,0.6213133309383692,0.72544397041417,-0.1027726243542031,0.4115815124687888,0.11131726103162276,0.3683782537132027,0.49915921427704074
2025-10-06 04:00:00+00:00,0.6192169865117918,0.725862430081949,-0.1119167585968635,0.3964040703687704,0.09744317978655406,0.3743322997469617,0.4975355886441901
2025-10-06 05:00:00+00:00,0.6171498721314261,0.725862430081949,-0.12105760146661439,0.3811348809650968,0.08325944655139644,0.38396034162164955,0.4962027693383975
2025-10-06 06:00:00+00:00,0.6129000525154054,0.7228143315423703,-0.1443660952221642,0.3657572454373787,0.05237535497298754,0.39087116701329166,0.488956488261411
2025-10-06 07:00:00+00:00,0.6056635999651845,0.7206378290282045,-0.16659718779978308,0.3419563707856372,0.021566322635936053,0.3987913793966817,0.4722913162292836
2025-10-06 08:00:00+00:00,0.5985309298968615,0.7165807662131658,-0.19600912841260293,0.31479117173151977,0.006166281770930892,0.40246932610627845,0.45803191733122955
2025-10-06 09:00:00+00:00,0.5946076809886413,0.7147179366730576,-0.21284528808880918,0.2962901218372945,-0.0028452819919297483,0.40886885718297883,0.4507766123397921
2025-10-06 10:00:00+00:00,0.5932711001156693,0.7147179366730576,-0.22118703792469413,0.28317646433568167,-0.011943957098311628,0.41537982133858625,0.44785701438784725
2025-10-06 11:00:00+00:00,0.5921039679807991,0.714189583066657,-0.22948749059300916,0.2700940231898641,-0.02130777665441751,0.42200650630902314,0.4444458694014556
2025-10-06 12:00:00+00:00,0.5926752355748648,0.714189583066657,-0.237753389362329,0.2570221854582921,-0.030961151682922215,0.4287534302150295,0.4410463575865248
2025-10-06 13:00:00+00:00,0.5967499945137339,0.7152912764794228,-0.2395787391681605,0.25390572813973517,-0.03723356127682813,0.43290694696544796,0.4411254710760921
2025-10-06 14:00:00+00:00,0.5984246475202837,0.7164151489682586,-0.2414498535675585,0.2509087991029495,-0.039839725433202376,0.44020599417487005,0.4412444143308792
2025-10-06 15:00:00+00:00,0.6012305217800472,0.7175615890312951,-0.24175350323882275,0.24803202615265818,-0.04240001948512307,0.4446221895782828,0.44005140016013466
2025-10-06 16:00:00+00:00,0.595604767219682,0.7187309959353358,-0.2422444751048536,0.24527682519198374,-0.04491820139658071,0.4500728159368498,0.4374875578453729
2025-10-06 17:00:00+00:00,0.5874022322694776,0.7187309959353358,-0.24290500582779642,0.23915945051803245,-0.047397697475789105,0.4446221895782828,0.43392660076437684
2025-10-06 18:00:00+00:00,0.579463337881278,0.7185506428034292,-0.24434319092699006,0.2228724111996224,-0.053597550280943554,0.44290345511729484,0.42899720998687535
2025-10-06 19:00:00+00:00,0.5717954088941246,0.7099650579470961,-0.24284562291693684,0.2034214184118991,-0.056013165556617235,0.44122076897063145,0.4246967148728227
2025-10-06 20:00:00+00:00,0.5684721062250804,0.7058563646734524,-0.24740594712446148,0.18773920829627863,-0.062314502385889065,0.44122076897063145,0.42120463608341285
2025-10-06 21:00:00+00:00,0.5611680422127218,0.7018118175005456,-0.2464614206826374,0.17554435507187285,-0.062314502385889065,0.44122076897063145,0.41621932815711526
2025-10-06 22:00:00+00:00,0.5532946821325956,0.6975318995194562,-0.24555915972697082,0.1661744988679081,-0.05935685975128162,0.44594535560579107,0.41583041513093927
2025-10-06 23:00:00+00:00,0.5544017001561045,0.7002965989680717,-0.23896089710651552,0.16995336412707657,-0.05348967712234558,0.44594535560579107,0.42088079708445986
2025-10-07 00:00:00+00:00,0.5618711620897078,0.704396389635972,-0.23260114841167423,0.17395347270837336,-0.04756831096977308,0.443488731816092,0.42500214252151325
2025-10-07 01:00:00+00:00,0.5639017130917362,0.6995143356417909,-0.23539030703233912,0.1721715126772528,-0.04913254800268081,0.4401592046391083,0.4253976199020826
2025-10-07 02:00:00+00:00,0.5521564427821178,0.6995143356417909,-0.2543417991589968,0.15940786395008674,-0.0942431254187678,0.4401592046391083,0.41996906780801746
2025-10-07 03:00:00+00:00,0.5446984136404817,0.7014632930114939,-0.2767465278737098,0.15186722610047493,-0.1320975172228274,0.4438769383721774,0.42122366921564913
2025-10-07 04:00:00+00:00,0.5388254904901767,0.7020949522285587,-0.2945738747540373,0.14304006933091315,-0.14692565154249082,0.44610822172956893,0.41989738326002995
2025-10-07 05:00:00+00:00,0.5282389849294126,0.699410045931977,-0.3163827777687048,0.1220052890188314,-0.16383764697018052,0.4502416516470156,0.41765194394769783
2025-10-07 06:00:00+00:00,0.5186278022962634,0.697402428637316,-0.3298669898501505,0.10585769673597338,-0.19854065644209662,0.4502416516470156,0.4151072761381652
2025-10-07 07:00:00+00:00,0.4991967404415079,0.697402428637316,-0.3434270394723173,0.07728914283506734,-0.21318226768883772,0.4536789444590341,0.4035564172556759
2025-10-07 08:00:00+00:00,0.477777230803421,0.697184536640463,-0.35950704697417146,0.06244417866143033,-0.22526157154190993,0.45503532724354456,0.39062017484355316
2025-10-07 09:00:00+00:00,0.46753218309737726,0.6955052028129897,-0.36881427333047917,0.05241929543463696,-0.23325376816994642,0.4577142173338926,0.38527139421958184
2025-10-07 10:00:00+00:00,0.46140726910848046,0.6955052028129897,-0.3784584695251442,0.039496095601652466,-0.256459905148135,0.46040707877239045,0.38040518158595377
2025-10-07 11:00:00+00:00,0.4549428991205694,0.6951685573801987,-0.38815664803443545,0.026573244750079605,-0.264525696927137,0.4631141081896061,0.3748904997222174
2025-10-07 12:00:00+00:00,0.45267434579219634,0.6940628498689243,-0.40179233690070765,0.01994806793386419,-0.26836764646224537,0.46799312579223823,0.372064784339731
2025-10-07 13:00:00+00:00,0.45401498879103136,0.6954314790650242,-0.404903437394555,0.01777434523189949,-0.2698482938153195,0.4700562597204811,0.37169561236305004
2025-10-07 14:00:00+00:00,0.45543019984804184,0.695469704352766,-0.4080970971606835,0.015528334835677489,-0.2713599166193035,0.4742469163983648,0.3713197451888653
2025-10-07 15:00:00+00:00,0.4569256775062102,0.6955094481701939,-0.4113767586131847,0.013205927498244908,-0.27290350575699784,0.47856368958372475,0.3709370016268698
2025-10-07 16:00:00+00:00,0.45850769519790213,0.6955507799146824,-0.414746063762796,0.010802667601568549,-0.27448009519366917,0.4830126240382993,0.3705471940408677
2025-10-07 17:00:00+00:00,0.4601831749518801,0.6955937728011561,-0.41820886924094264,0.008313713542887388,-0.2760907643612119,0.48760017127473165,0.370347248162634
2025-10-07 18:00:00+00:00,0.4604367404121421,0.695638504112124,-0.42176926272237425,0.005733792330708506,-0.27773664070863346,0.49233322531694335,0.3705783837112346
2025-10-07 19:00:00+00:00,0.46046502440973847,0.6956559884785767,-0.42543158091311106,0.0030571473407227565,-0.27941890242250594,0.4972191623796458,0.37081376004785216
2025-10-07 20:00:00+00:00,0.4617863512186607,0.6998221643923334,-0.42920042927482543,0.001526123737321716,-0.2811387813414084,0.5022658849891217,0.3710534949839197
2025-10-07 21:00:00+00:00,0.46313483501069497,0.7041029271719094,-0.4330807036917147,-4.291903150111252e-05,-0.2828975660688854,0.5074818711406758,0.3719706293193895
2025-10-07 22:00:00+00:00,0.46451132365793335,0.7085031955809415,-0.43707761431039066,-0.00036828139454705196,-0.2846966053138265,0.5128762291935666,0.3729060020021627
2025-10-07 23:00:00+00:00,0.46426884085729714,0.7097489698283546,-0.4375239214805306,-8.748140726486197e-05,-0.2842168043835544,0.514224557718785,0.3725952030004246
2025-10-08 00:00:00+00:00,0.464021579163409,0.7110372657983945,-0.437992463416849,0.00019872968493980862,-0.28372690747745616,0.5156358485799507,0.37227821057383714
2025-10-08 01:00:00+00:00,0.46267905933170594,0.7083261610888679,-0.4308318092691579,0.0023833237048336304,-0.278487315740605,0.5083487472271815,0.37125848104143666
2025-10-08 02:00:00+00:00,0.46267905933170594,0.6841255927399216,-0.38726799066737955,0.010715078698740891,-0.25420828353561586,0.4842961842302534,0.3499053776739139
2025-10-08 03:00:00+00:00,0.45114499874312713,0.6840640150892238,-0.3932564454681037,0.007094533585534614,-0.25895416498186025,0.480658474215581,0.35772088729344936
2025-10-08 04:00:00+00:00,0.44338606803460806,0.6832400006398118,-0.3908255318731271,0.011192722763405424,-0.2600978388743948,0.4730773803248489,0.3625137048520113
2025-10-08 05:00:00+00:00,0.44811199293916026,0.6768730449730017,-0.3878214884003186,0.015341064835318115,-0.2607200493531603,0.46496561846967355,0.36567447243676826
2025-10-08 06:00:00+00:00,0.4524896181392007,0.6712176635859056,-0.3842266661287175,0.01954711303367025,-0.26082024549889304,0.4562838083097763,0.36140867624395345
2025-10-08 07:00:00+00:00,0.45274786312129417,0.6626508469481668,-0.37702403306586546,0.020198084236685246,-0.25716181609886307,0.44688768462086764,0.35398157032591493
2025-10-08 08:00:00+00:00,0.4527812755620606,0.657139433107425,-0.3689103170990209,0.021103257184526155,-0.2530192636710788,0.43513906628146165,0.34493036733399274
2025-10-08 09:00:00+00:00,0.4516900651135004,0.6531742391812173,-0.3604619412867095,0.022271362685366693,-0.24837323039957715,0.4226983384363299,0.3380972767939167
2025-10-08 10:00:00+00:00,0.4512718913235186,0.6472833374768756,-0.3497567015231132,0.023712387875241967,-0.24320140012629068,0.411154729101658,0.3331151231027365
2025-10-08 11:00:00+00:00,0.4506284290480154,0.6411993106695786,-0.41842163269794086,0.025437744503839146,-0.23747815219734106,0.3987567837690685,0.32966353879357274
2025-10-08 12:00:00+00:00,0.44822974508999325,0.6295893258791417,-0.4010626332397315,0.029182356267134692,-0.22760137550749238,0.3847584377194007,0.32770109402784964
2025-10-08 13:00:00+00:00,0.4454161522844428,0.6208454419338929,-0.3831786060902159,0.0332360374346848,-0.2171125167705677,0.3698423514400793,0.32592088204826936
2025-10-08 14:00:00+00:00,0.44273015450377107,0.611705854019823,-0.3683613035075301,0.037618110943378795,-0.19956629583770674,0.35392055384747373,0.3238755141259161
2025-10-08 15:00:00+00:00,0.442013955132186,0.5973757545152176,-0.34160194009658984,0.043996632293354265,-0.18406686361785746,0.33524397417224594,0.32526781708651825
2025-10-08 16:00:00+00:00,0.44143887294707157,0.5825059063139162,-0.3205432549931767,0.05072634610732121,-0.15547856420281236,0.30066486779743,0.32696224781105476
2025-10-08 17:00:00+00:00,0.44179580292185344,0.5708658769907058,-0.29832745127249527,0.06079573952833028,-0.12710040116338867,0.2606054535410778,0.3294747162498031
2025-10-08 18:00:00+00:00,0.44259602855712454,0.5586105153257592,-0.2684757829548355,0.07659804737716046,-0.09868405798831076,0.22435688510612706,0.33242696683815887
2025-10-08 19:00:00+00:00,0.43549002697874517,0.5486640959793748,-0.23744058007917604,0.09296821663722493,-0.07000449382804867,0.18674953981294803,0.3358470577394076
2025-10-08 20:00:00+00:00,0.43043490977889576,0.5362711396822057,-0.20503737019084212,0.1133736376292679,-0.04085053272339252,0.14752742121860535,0.32860433524501337
2025-10-08 21:00:00+00:00,0.4259837834325193,0.5186393365330736,-0.17106226121653478,0.1340709400706624,-0.011017217128136275,0.1064102812439157,0.32173500800950766
2025-10-08 22:00:00+00:00,0.4221192061220417,0.49568355292941213,-0.13528733373929233,0.154053275557531,0.019700825613088203,0.06308671168632886,0.3108358993326234
2025-10-08 23:00:00+00:00,0.4186407734361088,0.48609907053350776,-0.12255382554518378,0.15743239308794396,0.02881964487891911,0.041760429721128894,0.29981609587576585
2025-10-09 00:00:00+00:00,0.41240475677735033,0.47141400871620864,-0.10966302869020239,0.14944356377650833,0.02881964487891911,0.01762155672274697,0.2868100089169835
2025-10-09 01:00:00+00:00,0.40302685826633095,0.4486567235061541,-0.10141820220604866,0.13458307698033994,0.04025000139979888,-0.011210824145622359,0.2647673980752404
2025-10-09 02:00:00+00:00,0.3990716195037523,0.3677673009260202,-0.03605469574726792,0.13905730453547185,0.09798878004277937,-0.12184532925048573,0.22904854875368538
2025-10-09 03:00:00+00:00,0.40793331001501215,0.30228660826666665,0.040572779441043705,0.20007090077140233,0.1812539951888354,-0.22122281866402907,0.21808751751719263
2025-10-09 04:00:00+00:00,0.4345719640249383,0.20202017758871016,0.1598713375321328,0.2742382146551236,0.2841349226709425,-0.38785429836147617,0.20077571534732533
2025-10-09 05:00:00+00:00,0.4251974058544094,0.2061981227803775,0.14397347656033757,0.2742382146551236,0.261417570664112,-0.3685535471973956,0.19293579436195674
2025-10-09 06:00:00+00:00,0.401979953114152,0.2160736333125457,0.11206020961403736,0.2704097309176091,0.24687725585152934,-0.34949903941603294,0.1826518709851889
2025-10-09 07:00:00+00:00,0.38148185804803697,0.21862208885578377,0.0938517887408722,0.2592069249655556,0.22109172909865998,-0.33394990997131774,0.1727107702204103
2025-10-09 08:00:00+00:00,0.36155787751341895,0.2179765874577435,0.07635832215187403,0.24853128538663477,0.19465229431980097,-0.31897308996600543,0.16113855680918626
2025-10-09 09:00:00+00:00,0.35385514381458927,0.2213919370934686,0.07064612674906627,0.2443825656483479,0.1839030836234012,-0.3132418574029074,0.15795434756067825
2025-10-09 10:00:00+00:00,0.35133836889021414,0.22370257484251221,0.0663572700493995,0.24225716089000826,0.18067309411904567,-0.30762747992924805,0.15461249442490899
2025-10-09 11:00:00+00:00,0.3467235405239999,0.22602381312919753,0.05772334746169311,0.2401436688267268,0.17034999920080354,-0.30212401107029707,0.15167879001149054
2025-10-09 12:00:00+00:00,0.3484113624879603,0.22278320848863883,0.060011421025236655,0.2390719873680225,0.17304964539002102,-0.30306988836976717,0.15126577876879893
2025-10-09 13:00:00+00:00,0.3598576255275609,0.2206170433288447,0.07269404350245666,0.2420268304940491,0.18439113298677318,-0.31640358960711656,0.15657323173236382
2025-10-09 14:00:00+00:00,0.3715571840494619,0.21845589715779926,0.08510520723009773,0.24736660888917708,0.19572640521135515,-0.32875094558840606,0.1622467956076709
2025-10-09 15:00:00+00:00,0.3835342386712529,0.21629961823772392,0.10178616761420849,0.2527747545397306,0.2070808116765631,-0.3416466497964568,0.16918645294459433
2025-10-09 16:00:00+00:00,0.39501967110965813,0.211267377029637,0.14357092934538937,0.2576856391497391,0.22880833272555054,-0.35245863152133367,0.17716515490493134
2025-10-09 17:00:00+00:00,0.4022020955423217,0.2120540436559318,0.17601650690226553,0.26787553736604847,0.23655666549477122,-0.36282986535855705,0.18309560241659267
2025-10-09 18:00:00+00:00,0.4083047508671985,0.2128489329266374,0.20563391942854845,0.28919089840561935,0.2442533006068664,-0.3734928830640002,0.1910489033380789
2025-10-09 19:00:00+00:00,0.4142648473399168,0.2172295577614198,0.2329267825967815,0.3084220468841692,0.2792759785105838,-0.38135605869861267,0.1974500066474986
2025-10-09 20:00:00+00:00,0.4238729853662884,0.22492161455734735,0.2582785980584286,0.32751682784014463,0.2913091196426339,-0.38895299198816013,0.2011777841155668
2025-10-09 21:00:00+00:00,0.4087098758473929,0.21577662622167465,0.24792153774493048,0.3086268140642276,0.29079031788013143,-0.38073819819518934,0.19485634767665586
2025-10-09 22:00:00+00:00,0.4173389638303157,0.21435098404974753,0.26873206399675836,0.31894195868174924,0.30239722017971915,-0.3881446496421294,0.19430905182841726
2025-10-09 23:00:00+00:00,0.4240864424563313,0.20987123013890918,0.29352698199462474,0.3219116056122243,0.3013202153823976,-0.3953082960752053,0.18431309219661776
2025-10-10 00:00:00+00:00,0.44127163631912886,0.20987123013890918,0.3322319924076738,0.3219116056122243,0.32027725188498596,-0.4038371543031837,0.190458544843817
2025-10-10 01:00:00+00:00,0.45298130228368816,0.20274250909221372,0.37012007875355424,0.30904894104058317,0.3366513850580668,-0.41913800411645413,0.18566852013294152
2025-10-10 02:00:00+00:00,0.43453287221781034,0.18429739670545345,0.36453508976182486,0.2729508501471472,0.2991419816297522,-0.43330019790424096,0.14312460780262584
2025-10-10 03:00:00+00:00,0.41255675819038096,0.18429739670545345,0.3232261549626073,0.2729508501471472,0.25804640781231414,-0.40019348229030455,0.13224798294126672
2025-10-10 04:00:00+00:00,0.40360803071617646,0.18429739670545345,0.2899803713443296,0.2729508501471472,0.24445013866692025,-0.3814421392514541,0.12421014261655887
2025-10-10 05:00:00+00:00,0.38849117997509236,0.18429739670545345,0.26567268200808286,0.2729508501471472,0.2306066295901223,-0.3684239386389949,0.11542950791363432
2025-10-10 06:00:00+00:00,0.3569990275338007,0.19499702263997065,0.23320995750041926,0.2611230935198171,0.21649290125793938,-0.3554807079579185,0.10769991184010122
2025-10-10 07:00:00+00:00,0.3187770756041794,0.19499702263997065,0.20119706679926988,0.25155713892959625,0.19682201609308814,-0.3393950987340687,0.10238340945690284
2025-10-10 08:00:00+00:00,0.2976944124477101,0.20116137669178913,0.16954787786875844,0.24652096813215738,0.17769821860926097,-0.32811743555134143,0.09438065689986598
2025-10-10 09:00:00+00:00,0.28822639801435157,0.20367857048968252,0.16154517447670216,0.2447021431017209,0.17008516452030636,-0.3252358215139209,0.09159251860421173
2025-10-10 10:00:00+00:00,0.2815470137136973,0.20564839409539915,0.15396525451717,0.2447021431017209,0.16675101793004163,-0.32237952883355614,0.08747609423828433
2025-10-10 11:00:00+00:00,0.2752465903886059,0.20762537060869307,0.1463766242780548,0.24339689485608745,0.1559016755045444,-0.3196589662406545,0.0850061339865708
2025-10-10 12:00:00+00:00,0.27514249742723496,0.20843803391057725,0.1450667175001933,0.2415948760790472,0.15506751716079764,-0.31840490578700226,0.0840699807841185
2025-10-10 13:00:00+00:00,0.28107792241127444,0.20676396406536102,0.15549724284877864,0.24347985722882168,0.16656145446392873,-0.3259267332357055,0.08656891562931084
2025-10-10 14:00:00+00:00,0.2848554060355148,0.20509360896875484,0.16609346792328533,0.24676203024332355,0.17023336382626625,-0.33165469901957734,0.08981371855696466
2025-10-10 15:00:00+00:00,0.2886714757191422,0.20342685070208044,0.17602939298438977,0.2500691343545359,0.17388953595442264,-0.3414571254506654,0.09285813614327798
2025-10-10 16:00:00+00:00,0.3017362167027517,0.1997535014179375,0.19105944965408816,0.2546724870780386,0.17181490141968583,-0.3494959112938353,0.0984517533199179
2025-10-10 17:00:00+00:00,0.31178377585049083,0.20144762107243697,0.21105003527870037,0.2631442908732665,0.1697716554787511,-0.3583170986840471,0.1061296467329718
2025-10-10 18:00:00+00:00,0.3208359817908122,0.21081033994134768,0.23111096353075006,0.2820837267081909,0.18184863599563286,-0.3668030474902418,0.10836221430105791
2025-10-10 19:00:00+00:00,0.32957431502416834,0.22326316288835235,0.24363371177162263,0.295833496190145,0.17971167206840888,-0.37264499210566027,0.11271776390312728
2025-10-10 20:00:00+00:00,0.3380145201899226,0.2368139378469579,0.25346786995578585,0.3089452375456733,0.1911962679435961,-0.3783173214896055,0.11782612428129088
2025-10-10 21:00:00+00:00,0.34617126488922095,0.2528884337391659,0.2607029227687263,0.31934733098019247,0.1889728601919865,-0.3838263014907714,0.12303149710530634
2025-10-10 22:00:00+00:00,0.35405823241479345,0.25901372870322453,0.26775105896401613,0.3276501512104389,0.18678040638160825,-0.38917787866902387,0.12163762032862323
2025-10-10 23:00:00+00:00,0.36198061329576725,0.24971628493643236,0.2818350509977612,0.3276501512104389,0.20473672095423157,-0.3954125259658926,0.12713771799613627
2025-10-11 00:00:00+00:00,0.3699386951523042,0.2439754114428228,0.29861548577529223,0.31794550961984575,0.20473672095423157,-0.4016278917283097,0.13003555818784426
2025-10-11 01:00:00+00:00,0.3868041111515361,0.23734048101951835,0.32070519432129735,0.3033412431445793,0.21979403221143398,-0.4142455201552512,0.12308945187576249
2025-10-11 02:00:00+00:00,0.36837084262772035,0.20818792608645972,0.3122807499701906,0.26641561638648137,0.14423993498558693,-0.42246395237744877,0.06643802781698079
2025-10-11 03:00:00+00:00,0.3379690943898622,0.20818792608645972,0.2831432734900033,0.2728781165680301,0.1180651430730393,-0.39367046638005126,0.05806339779516521
2025-10-11 04:00:00+00:00,0.3206848719766537,0.20818792608645972,0.258591791666393,0.27654910314076453,0.102026860369221,-0.38112895182440404,0.055494501724384575
2025-10-11 05:00:00+00:00,0.3030288120632414,0.20818792608645972,0.23336959307607602,0.2802038472423558,0.102026860369221,-0.37337621587201036,0.04486452947575083
2025-10-11 06:00:00+00:00,0.2823418655588511,0.2143099916322921,0.21837432295469916,0.2802038472423558,0.102026860369221,-0.36260200823443456,0.03915897442423001
2025-10-11 07:00:00+00:00,0.2529544290376095,0.2204478874036293,0.20339147239779584,0.27056890863539496,0.08315246428217772,-0.34927814623898346,0.03915897442423001
2025-10-11 08:00:00+00:00,0.23837258006975132,0.23133831195271248,0.20050607474729096,0.2713170616813474,0.07377172472954116,-0.33738283881370357,0.04576735789905153
2025-10-11 09:00:00+00:00,0.2303762660235029,0.23727588274134898,0.19464973458359114,0.269008249995396,0.06607163928831737,-0.33724177899147884,0.04576735789905153
2025-10-11 10:00:00+00:00,0.22803441151360176,0.23920813424972742,0.18724347656324306,0.2671586403158915,0.06005294648095532,-0.3373622860904613,0.04466249719445728
2025-10-11 11:00:00+00:00,0.22389884219198763,0.24185487457075908,0.17978735308095367,0.2671586403158915,0.05383952939326783,-0.3377831281628548,0.042422921251627055
2025-10-11 12:00:00+00:00,0.2199465602455299,0.24141345372082754,0.17653864616344764,0.2661910343526374,0.04825723200121232,-0.33293661840518496,0.04142203231592114
2025-10-11 13:00:00+00:00,0.22320706317518713,0.23876867670144675,0.1837305150229095,0.2670668716459122,0.05162213676328911,-0.34405955389761494,0.0425673262133903
2025-10-11 14:00:00+00:00,0.22651566169152607,0.23781037680923714,0.19072627049270724,0.26794673131410723,0.05495544649800117,-0.3527327184025088,0.04371459101327204
2025-10-11 15:00:00+00:00,0.2318845426102717,0.23685697164159425,0.19453385471629342,0.2692690302610559,0.05495544649800117,-0.3619116160549748,0.04474799399646528
2025-10-11 16:00:00+00:00,0.23807724409323572,0.23458556938320502,0.2060118970462456,0.2737441961728442,0.0661875318945515,-0.36860455289889443,0.04956692047087895
2025-10-11 17:00:00+00:00,0.24605923158305446,0.2369278696879238,0.21718090700047463,0.28204832301500876,0.07700789705940458,-0.3738129303575241,0.055961884781696
2025-10-11 18:00:00+00:00,0.253654146165565,0.24289570269124963,0.2255906892295648,0.29141805971386514,0.08743824988837667,-0.374883839295441,0.06187322969371003
2025-10-11 19:00:00+00:00,0.2610862418703815,0.25840863459459557,0.2337161714664024,0.3010903770776673,0.09749871647361472,-0.37202995417110996,0.06972900516626822
2025-10-11 20:00:00+00:00,0.26840748204198334,0.2753681152721723,0.2440214648490094,0.3105467381359657,0.10720798945953622,-0.36996420917626616,0.08290276946649033
2025-10-11 21:00:00+00:00,0.27548894568986076,0.2922267373532428,0.25160857352918814,0.3197950656373594,0.12207565754279484,-0.36793196069953216,0.0953186722789043
2025-10-11 22:00:00+00:00,0.28239766637160457,0.3039463015448387,0.2568897446970382,0.3280643320844232,0.1371349173301206,-0.36593235795582124,0.09979544124389975
2025-10-11 23:00:00+00:00,0.28561928879581,0.2996876032973165,0.2699226692371136,0.330819768346802,0.15034044290600065,-0.36593235795582124,0.10443414352598454
2025-10-12 00:00:00+00:00,0.2898572698663593,0.2945034437753439,0.2831460709447944,0.34213635046837926,0.15034044290600065,-0.36593235795582124,0.11181152583994498
2025-10-12 01:00:00+00:00,0.28690168719123477,0.2787835986324418,0.3146715497468583,0.34607961797935555,0.1691767811899605,-0.3670375070679452,0.10847364570290381
2025-10-12 02:00:00+00:00,0.25411265462040633,0.25155979863930616,0.3014479300907781,0.32734162209834916,0.17399972494706253,-0.34915974081040896,0.05921690578015528
2025-10-12 03:00:00+00:00,0.2474961294580511,0.2684282551474859,0.2765429960671194,0.3145989719327561,0.1433127191216409,-0.34915974081040896,0.050344074575655394
2025-10-12 04:00:00+00:00,0.24362707336964448,0.27358263214022116,0.2610606350124433,0.3069459352340716,0.1236067449163577,-0.34915974081040896,0.04469990236891555
2025-10-12 05:00:00+00:00,0.23973133404822014,0.28462068724139966,0.23558502858203767,0.29923809825233705,0.10405301729185602,-0.34915974081040896,0.02997980236780693
2025-10-12 06:00:00+00:00,0.23973133404822014,0.29729267734268905,0.2038485871720107,0.2946559638637799,0.08463465803314554,-0.34915974081040896,0.023863443158944272
2025-10-12 07:00:00+00:00,0.2288617936315459,0.29729267734268905,0.1713191797234462,0.28915434695176534,0.06533537791162353,-0.34915974081040896,0.023863443158944272
2025-10-12 08:00:00+00:00,0.22664381645392187,0.30251763381645225,0.16001257119006818,0.2828327206001423,0.052550723177793066,-0.34024930026361,0.0297077211154585
2025-10-12 09:00:00+00:00,0.22143877488356098,0.30672406709280375,0.15153913753388398,0.2775981563777578,0.04389530965697687,-0.34024930026361,0.02829041575971198
2025-10-12 10:00:00+00:00,0.21429776035196674,0.30672406709280375,0.1448239840518049,0.27521549446398463,0.03528090712939748,-0.34024930026361,0.025523219602157293
2025-10-12 11:00:00+00:00,0.20994611297617805,0.31006127789055027,0.13802734159184357,0.272842438197638,0.02670081716901929,-0.34024930026361,0.022766476978004137
2025-10-12 12:00:00+00:00,0.2103035691067292,0.31027930930214165,0.13862413544350394,0.2731279116238111,0.027733825597596854,-0.32674672815551037,0.023490632216384682
2025-10-12 13:00:00+00:00,0.21033738348513303,0.31049324356872776,0.13920720110738813,0.2734077154194492,0.028740218994411877,-0.3145317831359066,0.02419887401879607
2025-10-12 14:00:00+00:00,0.21037964507231657,0.3107031937810421,0.1397770216501932,0.273682017253355,0.029721051962917706,-0.3034100938921781,0.024595835570866
2025-10-12 15:00:00+00:00,0.2107223374032475,0.31090926897075727,0.13990609578402977,0.2737395620371726,0.030677322243626275,-0.2932262742168036,0.024985118630601832
2025-10-12 16:00:00+00:00,0.21753133042274964,0.31364022109282286,0.14576609072224914,0.2761736808837128,0.036957092018729806,-0.2997942386861039,0.029308133444582614
2025-10-12 17:00:00+00:00,0.22409740933928013,0.31260089032297367,0.15144368235303662,0.27854620485475656,0.04304583879163988,-0.301689137552363,0.03351502423314469
2025-10-12 18:00:00+00:00,0.23043354535607516,0.315240312023107,0.16118331344861406,0.28085946785713006,0.05940036768258119,-0.3035382192137321,0.03761043048425522
2025-10-12 19:00:00+00:00,0.23655178905209354,0.31781238348032026,0.16640614575583343,0.285322996215438,0.07457462585782489,-0.3053431485303696,0.041598746643600366
2025-10-12 20:00:00+00:00,0.24246335170674915,0.32464426058595247,0.1754372817588538,0.2913819028597507,0.08871361949346616,-0.30710550957514904,0.04548413815183094
2025-10-12 21:00:00+00:00,0.2498614514865768,0.33192454211057687,0.1840712449755899,0.29722559937827403,0.09336013807255981,-0.30592169877487774,0.051035590992145656
2025-10-12 22:00:00+00:00,0.2553374341859121,0.3365598482119512,0.19233558544424678,0.3028656553561069,0.0978812176948637,-0.3047664764749899,0.051121451150331704
2025-10-12 23:00:00+00:00,0.2586531949876747,0.33524349340426296,0.196702261773389,0.2992871395569059,0.10228187123359167,-0.3036388019264914,0.03992761322321664
2025-10-13 00:00:00+00:00,0.25675619167409375,0.3297539379721236,0.20094970226330822,0.29250149796946295,0.10656684792180446,-0.30758631565560407,0.031061858371066994
2025-10-13 01:00:00+00:00,0.2521904213847786,0.3186962790162378,0.1994819105504483,0.27349128552161883,0.11424415346507769,-0.3095714016204938,0.018226936696014325
2025-10-13 02:00:00+00:00,0.27191799755575075,0.32006807724074865,0.23335480359254468,0.27934760055301583,0.14740640769960042,-0.3301314167709397,0.04433405154658658
2025-10-13 03:00:00+00:00,0.2648118956383429,0.3293141391581182,0.22032030193497695,0.29202601532722616,0.14740640769960042,-0.3224443070386764,0.035123785576824
2025-10-13 04:00:00+00:00,0.25138089654155304,0.3353864303369805,0.18850875106843462,0.2936434072833398,0.12416169199442481,-0.3105006836987169,0.03499542650644531
2025-10-13 05:00:00+00:00,0.22767133472320056,0.3173515050296285,0.1632783811917225,0.2936434072833398,0.10658667210138205,-0.30620492376712444,0.03200522946439709
2025-10-13 06:00:00+00:00,0.2030099505242117,0.291868050294308,0.1276703456270076,0.29722758844767927,0.08898115793111704,-0.301890165769591,0.03506220783811493
2025-10-13 07:00:00+00:00,0.1803929276206949,0.27883457471859696,0.1014516958402387,0.29761701663379336,0.07638195889438856,-0.3019363582383882,0.03130863230612627
2025-10-13 08:00:00+00:00,0.16504904190730038,0.27123846191959516,0.08841661145257242,0.2932901579147363,0.0682469610171085,-0.29950364766502885,0.03426819894614939
2025-10-13 09:00:00+00:00,0.1485162039619577,0.26870111890059706,0.07208862564310142,0.28897951305802155,0.06009254570947278,-0.2970701830622852,0.03426819894614939
2025-10-13 10:00:00+00:00,0.13499913069025277,0.2644260446745903,0.05229604256915418,0.28702942448314006,0.05191420112579161,-0.2970701830622852,0.03714999342622945
2025-10-13 11:00:00+00:00,0.11754071628748351,0.2601282652276509,0.03554808386028314,0.28702942448314006,0.05191420112579161,-0.2970701830622852,0.038579441404673995
2025-10-13 12:00:00+00:00,0.12133682912859761,0.2630390989192709,0.037079885717992284,0.28747714066234986,0.05191420112579161,-0.29898249272318767,0.038211979035906535
2025-10-13 13:00:00+00:00,0.12276970777779125,0.26410715057490475,0.038615782442441106,0.2879288246867068,0.05314055272743912,-0.29898249272318767,0.03784510154205678
2025-10-13 14:00:00+00:00,0.12386142637162531,0.2651891310818097,0.041126670665891554,0.28838450608715693,0.05191420112579161,-0.29898249272318767,0.03733179743896064
2025-10-13 15:00:00+00:00,0.13495606186428494,0.26992890146413934,0.05206431704376149,0.2912452474754222,0.06257378693938022,-0.29898249272318767,0.031924141151796016
2025-10-13 16:00:00+00:00,0.14919669189079615,0.2747018935097032,0.0742339951187764,0.29411309710645894,0.06257378693938022,-0.30082630211123956,0.028328805105309735
2025-10-13 17:00:00+00:00,0.15933979246423227,0.2747018935097032,0.09685221926611906,0.29411309710645894,0.07175957968850004,-0.29898249272318767,0.024753913976455436
2025-10-13 18:00:00+00:00,0.16568624423941788,0.2747018935097032,0.11722703121093375,0.2920625501835966,0.07175957968850004,-0.2965486400052789,0.02115783919776114
2025-10-13 19:00:00+00:00,0.1682428093348817,0.2708016362800068,0.13719630836267796,0.2900078675631895,0.0806526733981341,-0.29410929550851034,0.01935805729403407
2025-10-13 20:00:00+00:00,0.17370025147941195,0.2656077788288726,0.15682348295604084,0.28711475144224496,0.08927900635323512,-0.29166430134264576,0.012140364702611563
2025-10-13 21:00:00+00:00,0.17909018952862668,0.26035858712942844,0.17616543181101488,0.28586974276029464,0.08927900635323512,-0.28921349650679185,0.002871926929285797
2025-10-13 22:00:00+00:00,0.18525370454260132,0.2563961366359315,0.1920342256274149,0.28420653815319236,0.08927900635323512,-0.28675671678417075,-0.0009003222810810661
2025-10-13 23:00:00+00:00,0.2011364456816051,0.2563961366359315,0.21143387507018985,0.28088789884912363,0.08927900635323512,-0.28429379463423293,-0.0027757471825889
2025-10-14 00:00:00+00:00,0.21957075727091885,0.2563961366359315,0.23170894320461474,0.285041224285236,0.10154605925161214,-0.2823975776339869,-0.004635180484535847
2025-10-14 01:00:00+00:00,0.24462209751056901,0.2563961366359315,0.2837325966298247,0.2917228293688306,0.12128982931706238,-0.2823975776339869,-0.0010934761628943392
2025-10-14 02:00:00+00:00,0.2709058176111462,0.2563961366359315,0.3409494356191752,0.305790346268026,0.14118362594753656,-0.2770141640822844,-0.0010934761628943392
2025-10-14 03:00:00+00:00,0.24792624812663985,0.2470799151139094,0.30270274140306985,0.2949016823542765,0.1174965710157191,-0.2861767416122534,-0.005968758986969026
2025-10-14 04:00:00+00:00,0.23674046743831142,0.2531111199397682,0.27531207275610853,0.29634776463925866,0.0961709748832554,-0.2871863385669177,0.005018787305112405
2025-10-14 05:00:00+00:00,0.2170733682371404,0.24762349432135675,0.23945961198508797,0.2932175289978325,0.0961709748832554,-0.2928264377531869,0.011222247369403002
2025-10-14 06:00:00+00:00,0.2110383873440664,0.24762349432135675,0.2091451279763625,0.2932175289978325,0.07890122394222454,-0.29848014095684156,0.035870979735922605
2025-10-14 07:00:00+00:00,0.19705554582148707,0.2539854520979706,0.19031239340695444,0.297758299419111,0.07890122394222454,-0.30918676701620423,0.04214401396297041
2025-10-14 08:00:00+00:00,0.18319770502896687,0.2612239318646979,0.1592504597360417,0.297758299419111,0.07890122394222454,-0.31990446827528213,0.051658447829842684
2025-10-14 09:00:00+00:00,0.17644652372825056,0.2612239318646979,0.1430719831046502,0.297758299419111,0.07890122394222454,-0.32484749791293294,0.05756285988388419
2025-10-14 10:00:00+00:00,0.1718333272763643,0.2612239318646979,0.13232227523231266,0.297758299419111,0.07096328391736823,-0.32980956140987683,0.06464784276183422
2025-10-14 11:00:00+00:00,0.1692456878215553,0.2612239318646979,0.11742842381204918,0.297758299419111,0.07096328391736823,-0.33479164773928194,0.07146158893330153
2025-10-14 12:00:00+00:00,0.16957177424600683,0.2612239318646979,0.12130036305629191,0.29675570154857117,0.07096328391736823,-0.33263892619013385,0.0700172614868866
2025-10-14 13:00:00+00:00,0.16991480915153714,0.26008428277825973,0.12171333797366925,0.29675570154857117,0.07096328391736823,-0.3305329455720163,0.06897314698375416
2025-10-14 14:00:00+00:00,0.17027456788371004,0.25895960044883687,0.12321446588586493,0.29675570154857117,0.07096328391736823,-0.3271557042611373,0.06830099497671469
2025-10-14 15:00:00+00:00,0.17197984432252175,0.24707538671110751,0.13066400652515367,0.29361458299510346,0.07361710435134108,-0.31466470867492186,0.0655822311349822
2025-10-14 16:00:00+00:00,0.17589164389406944,0.24237750629563257,0.12554510065908828,0.29361458299510346,0.07361710435134108,-0.31307843312921524,0.05841182086569519
2025-10-14 17:00:00+00:00,0.18317606356993624,0.23385157083164,0.13066400652515367,0.29059039479738896,0.07361710435134108,-0.3114892943851905,0.051213046139651275
2025-10-14 18:00:00+00:00,0.1904400874309872,0.22999189007239373,0.1356744412631892,0.2868363701712423,0.0845390310894773,-0.3076720290309168,0.0459333611026195
2025-10-14 19:00:00+00:00,0.20041071647123623,0.22689510499051352,0.1356744412631892,0.28398381782504906,0.0845390310894773,-0.30257886675492135,0.042415300169285845
2025-10-14 20:00:00+00:00,0.20311601911980548,0.2214151544172087,0.14058349586058383,0.2820603630150843,0.0845390310894773,-0.29746747878342045,0.04063231387613002
2025-10-14 21:00:00+00:00,0.21515544722922586,0.23730395066643475,0.15235082922079596,0.3069125027658135,0.09074484512566308,-0.30427619117828597,0.04853277563389986
2025-10-14 22:00:00+00:00,0.2208793681375257,0.23344250591604482,0.16278975560359746,0.3069125027658135,0.09074484512566308,-0.2992833463178516,0.04289604901730046
2025-10-14 23:00:00+00:00,0.23228023810933637,0.22876019202125772,0.16278975560359746,0.3069125027658135,0.09074484512566308,-0.29427100494632386,0.04088535850262029
2025-10-15 00:00:00+00:00,0.24341602403792237,0.22331706600828477,0.155533270492926,0.31163409532744907,0.09074484512566308,-0.28765057992857923,0.04088535850262029
2025-10-15 01:00:00+00:00,0.27025719157260975,0.21421076151933152,0.1424700546712214,0.3190931354034387,0.11094564555005876,-0.27198052697096303,0.037245341199207485
2025-10-15 02:00:00+00:00,0.2833040829892061,0.19985129858086526,0.16015833910973437,0.3141901147706029,0.1376978977372669,-0.25760035924056324,0.025356892087568767
2025-10-15 03:00:00+00:00,0.2578417301482748,0.20944873646410517,0.1262081804524976,0.30832377769002434,0.1611446792627347,-0.2959518829092853,0.029992432535787837
2025-10-15 04:00:00+00:00,0.24306027738617975,0.220816884896309,0.12531110567609793,0.3100243692971499,0.1403181156507012,-0.3142944646316612,0.04665347315063595
2025-10-15 05:00:00+00:00,0.23195051557294544,0.22649436045902674,0.10336991955563257,0.30687807425772246,0.1403181156507012,-0.33107255800490926,0.055281933571551645
2025-10-15 06:00:00+00:00,0.23879434256008117,0.22649436045902674,0.09199475857684222,0.31116802286763473,0.12325046826929693,-0.3478623396178006,0.06733921069398749
2025-10-15 07:00:00+00:00,0.23879434256008117,0.23367015783353665,0.0689306411082575,0.31116802286763473,0.1403181156507012,-0.3646724696302993,0.07356275588541206
2025-10-15 08:00:00+00:00,0.22272973316184172,0.2408737548988805,0.057912084182301204,0.30574426693882356,0.1403181156507012,-0.37501932496614954,0.08304886898096837
2025-10-15 09:00:00+00:00,0.21886703214271608,0.244489250353035,0.047778076283020283,0.30301383724551595,0.14792227377029787,-0.3801834198617336,0.08765071920469901
2025-10-15 10:00:00+00:00,0.2157783602825117,0.2472912907539786,0.04288074251080273,0.29923436798256076,0.14792227377029787,-0.385356154203691,0.09477168634723555
2025-10-15 11:00:00+00:00,0.21268973218992746,0.25009088577046523,0.03266256294453158,0.29706694726219895,0.14792227377029787,-0.3905388892642082,0.10033692170759365
2025-10-15 12:00:00+00:00,0.21315442180315292,0.24929099460099705,0.03408474763248824,0.2975913489585147,0.1496726566940813,-0.38412856224737973,0.0995110066953629
2025-10-15 13:00:00+00:00,0.21217460101619112,0.24850153875606049,0.03474895254595253,0.2981215003822346,0.1496726566940813,-0.37834434812610446,0.09869708918443437
2025-10-15 14:00:00+00:00,0.21124749747148175,0.2477223525058057,0.035220745322533435,0.2981215003822346,0.1496726566940813,-0.3705431747180139,0.09814979517899178
2025-10-15 15:00:00+00:00,0.2112711914691001,0.24281151674819154,0.04080170042672971,0.29749936082247413,0.15165981460638678,-0.3500842312105343,0.09487268957824076
2025-10-15 16:00:00+00:00,0.21475654482492962,0.23852471532126787,0.05320546842308037,0.29749936082247413,0.16278065329345554,-0.3500842312105343,0.08824146008529786
2025-10-15 17:00:00+00:00,0.2175081357209737,0.23502824833016595,0.06466402279412584,0.2948569767583154,0.17406957508477117,-0.34527007117980774,0.08178670193022582
2025-10-15 18:00:00+00:00,0.22024247485792617,0.23032114727704556,0.07708058779346691,0.28754723077362165,0.17406957508477117,-0.340441379990495,0.07853137927977068
2025-10-15 19:00:00+00:00,0.2229600984679596,0.22433498950477526,0.08820993179989998,0.28015004248297215,0.18553807721479243,-0.3365080171386307,0.07368737240828444
2025-10-15 20:00:00+00:00,0.22566152255114186,0.22110725038442242,0.09912365767772364,0.27492934344312536,0.18553807721479243,-0.3325602055077231,0.06878980038057564
2025-10-15 21:00:00+00:00,0.22834724393063902,0.21959753787247596,0.11152220472540603,0.27012684095164124,0.18553807721479243,-0.3285970571157614,0.06383643193590248
2025-10-15 22:00:00+00:00,0.2310177412372146,0.21290148449180593,0.12407071455570387,0.2663124719088009,0.18553807721479243,-0.3246176456761673,0.060205383740286035
2025-10-15 23:00:00+00:00,0.24005467914181422,0.20825644382175396,0.14493596620798557,0.26970052027229713,0.18553807721479243,-0.3229764014166099,0.05824979690823564
2025-10-16 00:00:00+00:00,0.2548271157586135,0.2291399627231812,0.17762313402329633,0.2987622705941557,0.2295761819872717,-0.30661993349704125,0.09674357593083098
2025-10-16 01:00:00+00:00,0.28249695764637406,0.24902174138036606,0.18986584531652978,0.33506005756466184,0.2698421425586807,-0.28887376828311034,0.13037622675851412
2025-10-16 02:00:00+00:00,0.3156557722878911,0.27481975308880674,0.2247697772145465,0.38055043263135335,0.3513468791909182,-0.2652106156503886,0.17229784762029182
2025-10-16 03:00:00+00:00,0.30649310534338414,0.2795753456188279,0.18430603404028764,0.37229616453921105,0.34677984532717515,-0.2947690940637007,0.16914800588683138
2025-10-16 04:00:00+00:00,0.29948513545890654,0.2794618153672926,0.17288449531259018,0.3658414099193778,0.34079773148225495,-0.30777122206620944,0.16372911150350825
2025-10-16 05:00:00+00:00,0.2922909768836011,0.2794617723788123,0.16104441020684904,0.358729582161618,0.32711352619093687,-0.3145299534453003,0.1663295010048719
2025-10-16 06:00:00+00:00,0.2902693197750317,0.28163081939726725,0.14330523777030535,0.3551227746039109,0.3206528119145297,-0.3214461425152536,0.18072734016972217
2025-10-16 07:00:00+00:00,0.2956802750150738,0.2838416943301704,0.13043405203598568,0.36743662177157765,0.3308921619297368,-0.33060744770731637,0.19644577052969786
2025-10-16 08:00:00+00:00,0.29107375077563297,0.28789809333006555,0.12058308322860747,0.37284296843201087,0.3371825876572521,-0.33556376995289067,0.20194854376140786
2025-10-16 09:00:00+00:00,0.29161354651993565,0.28900466213763387,0.11309593635889344,0.37714819535792093,0.33998710647383956,-0.33269422306054175,0.2087733551610033
2025-10-16 10:00:00+00:00,0.2868404054865551,0.2861520952215483,0.10630203747777217,0.3783362789151226,0.3324787971027947,-0.33171124140798774,0.20991021622053202
2025-10-16 11:00:00+00:00,0.2827162914613967,0.28640127089011685,0.09915653764244564,0.3764974182268525,0.3249603602184753,-0.3291329867265442,0.21277054523530411
2025-10-16 12:00:00+00:00,0.2858699034055436,0.2855335564400214,0.09993749408800942,0.3764974182268525,0.32135229795428577,-0.32748839278373715,0.21225416477040623
2025-10-16 13:00:00+00:00,0.2897688613070438,0.28158730941279114,0.11018746899204358,0.37249226672918434,0.3229045834514012,-0.3131950089510997,0.20934509053010156
2025-10-16 14:00:00+00:00,0.2963687297175207,0.2768942309004862,0.12221394542300268,0.3721926872038064,0.3244621374668045,-0.3008059457133483,0.20655058748529131
2025-10-16 15:00:00+00:00,0.3000374107906817,0.2723197337839313,0.12782628078360758,0.3721788891810517,0.3158261033189263,-0.2886901898128156,0.20433495684907033
2025-10-16 16:00:00+00:00,0.2866881396291713,0.26526034443120095,0.1231002820949675,0.3614442644027379,0.30199864899735585,-0.25873362855443127,0.19517670134809356
2025-10-16 17:00:00+00:00,0.25866247815656035,0.25477138438877267,0.0993188663431919,0.3476384907764607,0.31470610164722873,-0.22085583991732918,0.1798036255451336
2025-10-16 18:00:00+00:00,0.2319944061817567,0.23012762837660616,0.07746902395125475,0.3240737473219782,0.3014132114123303,-0.19575946957720075,0.15951332904959356
2025-10-16 19:00:00+00:00,0.21486688682915084,0.1996774725048227,0.07836451382927946,0.3066291275319889,0.2934244384293041,-0.18142747310367058,0.1423947058753454
2025-10-16 20:00:00+00:00,0.19823811337198086,0.1660198151174095,0.07960929694383603,0.28165746898884836,0.28556900975346106,-0.1674693464575667,0.12046719341631053
2025-10-16 21:00:00+00:00,0.18208206194066912,0.11995818808516438,0.06956490158386823,0.24860052622316514,0.27783825923081207,-0.15927716795955002,0.1000320112999395
2025-10-16 22:00:00+00:00,0.1663742662655687,0.08642755214500564,0.06951457100830677,0.2220062770676199,0.2702239802366846,-0.15116993617620325,0.09011287566225482
2025-10-16 23:00:00+00:00,0.16052686698522892,0.06744491944907784,0.07050746080519456,0.2024739253321192,0.2627183806068499,-0.1431398848110589,0.09345080916624132
2025-10-17 00:00:00+00:00,0.18486947385849042,0.08290561044174483,0.08387103874052615,0.21243338770205974,0.2840998401667535,-0.13517954083572925,0.11773463226411268
2025-10-17 01:00:00+00:00,0.2314859097659907,0.10346790901260407,0.09552565198430034,0.22246190354864,0.2840236906363411,-0.1287072369359078,0.13556601414904595
2025-10-17 02:00:00+00:00,0.2826946617265128,0.1249437286850738,0.11147909573412265,0.2323666921318833,0.2836767027656236,-0.12906222093940134,0.15690482067497294
2025-10-17 03:00:00+00:00,0.25448484146632044,0.0989754916384197,0.08254814534934594,0.2334376954297055,0.29651951842631247,-0.1281313608648375,0.1510774037664706
2025-10-17 04:00:00+00:00,0.23932577373756958,0.0894034739546163,0.06342990524054097,0.2348285893221907,0.3047789817696288,-0.12641863925985591,0.14837867393820312
2025-10-17 05:00:00+00:00,0.21729731494571028,0.07610710920173511,0.05547709066340509,0.2307846838492262,0.3064810114128172,-0.12162137278906089,0.1499899964187032
2025-10-17 06:00:00+00:00,0.19313208147004438,0.06949098301771663,0.04715951027761375,0.23367285712662214,0.3086399006517847,-0.11214949557093976,0.16546585962951504
2025-10-17 07:00:00+00:00,0.19215899375288684,0.07630505703996225,0.03846122176071021,0.24899521751340783,0.3112581288371905,-0.1022996873246268,0.18555102117122527
2025-10-17 08:00:00+00:00,0.1950944283514613,0.08095163776594487,0.03717246489792614,0.2609728451208253,0.31439577069401076,-0.09566342179391568,0.19554552976511935
2025-10-17 09:00:00+00:00,0.193495134295016,0.08572606577060289,0.031269358405873804,0.26926744542509407,0.31754880331872987,-0.0887981992969261,0.20562976963513413
2025-10-17 10:00:00+00:00,0.175328583089184,0.08553262378328841,0.014587016429048685,0.27078649847916036,0.3085522467707897,-0.07761639564604934,0.21384886331103073
2025-10-17 11:00:00+00:00,0.15557544478945462,0.08201345059123066,-0.0028391883664055794,0.2725904606493596,0.3000997212144208,-0.06606955352119781,0.21756755084639093
2025-10-17 12:00:00+00:00,0.14728134764943296,0.06995249150398196,0.0003709008734454632,0.2693178576677868,0.2888016158077807,-0.06155269449680616,0.21550093404108697
2025-10-17 13:00:00+00:00,0.1313920588165658,0.05042034724218589,0.020970067953880366,0.2630205401272798,0.29203320052310644,-0.0415736104522433,0.2115292384845125
2025-10-17 14:00:00+00:00,0.12631885594170128,0.03183767134218774,0.04054960738996846,0.25712396497108747,0.2952678406754338,-0.021519910434970074,0.2076867496197535
2025-10-17 15:00:00+00:00,0.12236407800707727,0.024108214975613135,0.046175114317505025,0.24395853638543658,0.2768302478810354,0.005698620651708629,0.20422096382800342
2025-10-17 16:00:00+00:00,0.12125485962190334,0.02356677531547197,0.03192176516363698,0.23880949938326618,0.26152668673762214,0.04417234675106769,0.19431960187457842
2025-10-17 17:00:00+00:00,0.10858907548169781,0.0279963630223322,0.019028965995153392,0.22498149075333396,0.2701818699917872,0.07348454541655212,0.17374427198008424
2025-10-17 18:00:00+00:00,0.08474499071341594,0.014867079975733097,-0.0019277841026691025,0.20240187566451642,0.24824611870300106,0.09407001387518765,0.14773549628197782
2025-10-17 19:00:00+00:00,0.06918018976553857,-0.003683240495770187,-0.0052412583303791515,0.1710768755370563,0.23066543563393027,0.10514655148900157,0.12789807140159798
2025-10-17 20:00:00+00:00,0.05405694235406448,-0.027913578571324135,-0.017317889808676493,0.13752985589743846,0.22674567567344114,0.11644826745446016,0.1076911935766067
2025-10-17 21:00:00+00:00,0.03390923996667735,-0.06959272354247731,-0.01798909829064175,0.10410868539290477,0.2302416878553203,0.12324154956132469,0.08491234873518581
2025-10-17 22:00:00+00:00,0.019457183469247314,-0.09823397365969139,-0.02934136368873453,0.0762069643469765,0.23335289635025488,0.13005322497717098,0.07171504684906195
2025-10-17 23:00:00+00:00,0.029753540810623782,-0.09768580487534437,0.0013456265143150354,0.07459527574731267,0.23608802939669243,0.1368885756299872,0.09191666822459628
2025-10-18 00:00:00+00:00,0.06307021862691983,-0.07448909755008852,0.020848945052064506,0.0825642594348561,0.23845464017788148,0.15428747990340053,0.10883766331183903
2025-10-18 01:00:00+00:00,0.09246928326545735,-0.06248182297265516,0.05889564087655726,0.10312201245915885,0.23369249175103557,0.17157960416327941,0.11810853976947569
2025-10-18 02:00:00+00:00,0.121668462819333,-0.05117536831141974,0.07720963987786497,0.11615937315287217,0.22447407670619454,0.179512721576099,0.12677824430591472
2025-10-18 03:00:00+00:00,0.10531848084839425,-0.05059557909699447,0.04397118958081266,0.0997454246638277,0.21581477710141417,0.17309134013082386,0.12555684002913495
2025-10-18 04:00:00+00:00,0.09832932147267932,-0.04977081211438073,0.026070823209230525,0.09169574939467555,0.23081594195824842,0.1663864847136328,0.12449403302592725
2025-10-18 05:00:00+00:00,0.08339190793811431,-0.050487296757498294,0.014727868784085564,0.08460236463097694,0.23997196759956455,0.16948281658273362,0.11879906177751295
2025-10-18 06:00:00+00:00,0.06915905198407091,-0.04251169948338649,0.017886774454633273,0.07261103333133605,0.2492379939679329,0.17322881544886345,0.12384817316099477
2025-10-18 07:00:00+00:00,0.07161516962436282,-0.03213220209558393,0.020785206179372066,0.07149313782983611,0.2538707858378275,0.17680052345502645,0.1430289572034102
2025-10-18 08:00:00+00:00,0.07452099083630594,-0.02676269576830169,0.02364018415078357,0.07671610234716408,0.2581601817528108,0.17919975696541435,0.15052505074435257
2025-10-18 09:00:00+00:00,0.07472407224046569,-0.027232596417879222,0.022941269104385563,0.08683606014337449,0.265724173364356,0.19054663001452748,0.16531626989284923
2025-10-18 10:00:00+00:00,0.07012875012702337,-0.026113820699157717,0.019452664289949812,0.08738084731915524,0.255302493934801,0.1945856383386895,0.16881421102663738
2025-10-18 11:00:00+00:00,0.06524261525973347,-0.02632461909657763,0.018900985359613112,0.08883554582826889,0.2441172984283909,0.20721431860695283,0.17382119961500678
2025-10-18 12:00:00+00:00,0.05758974236431899,-0.03569637499720503,0.02855995633878887,0.09037711037429476,0.23810118761304264,0.21846567941333,0.17479395504454198
2025-10-18 13:00:00+00:00,0.050141833509495914,-0.04479889574245137,0.0379170475213331,0.0919121274977142,0.2415157558753723,0.22886896863245132,0.17580698250418592
2025-10-18 14:00:00+00:00,0.04173966801467293,-0.04768058762585352,0.0469850513540721,0.0934408231969263,0.248653868146016,0.2388732318819619,0.1768601708900945
2025-10-18 15:00:00+00:00,0.03214804657526664,-0.05478893425172458,0.05631685041425358,0.0946051873257456,0.22880682934963273,0.26055134097372873,0.17534285725771084
2025-10-18 16:00:00+00:00,0.03819737969790634,-0.04382633595248939,0.038958983290493666,0.08650691810698513,0.21013010479526842,0.29239728441429,0.16071518344685692
2025-10-18 17:00:00+00:00,0.02510460347698215,-0.04523364896489017,0.022591646886414886,0.07860228684423827,0.1829540365349829,0.32409116248820674,0.13336971407151277
2025-10-18 18:00:00+00:00,0.012242683115833427,-0.058004150745560965,0.01473581253125683,0.058154708116797085,0.16453352416368927,0.3443086096822267,0.10623714141712656
2025-10-18 19:00:00+00:00,-0.008000032848460587,-0.06783270200576205,-0.004506016051328166,0.04327794516486585,0.15559307955871352,0.35829636723774355,0.08337634198621328
2025-10-18 20:00:00+00:00,-0.028237661188472707,-0.09080424046780489,-0.023742178403095067,0.018883596865490977,0.13109792454628807,0.37262194268376975,0.06304168928180903
2025-10-18 21:00:00+00:00,-0.048486471094793544,-0.11380421365144891,-0.033010061566989234,-0.015046673300361918,0.1312456802525254,0.3873007464825212,0.04175609759269937
2025-10-18 22:00:00+00:00,-0.06286621014903172,-0.1291668704629187,-0.04144845427790532,-0.03946392977599472,0.14130325952610095,0.4023489686658383,0.03492264973406357
2025-10-18 23:00:00+00:00,-0.06157544862464054,-0.12589112680363979,-0.02915414724336099,-0.03923998758334445,0.15537045861775406,0.4177836447432982,0.0516072631854182
2025-10-19 00:00:00+00:00,-0.04957916369905102,-0.10956924671295772,-0.006420527987213277,-0.024784311476716604,0.17833878770924222,0.4408019966916184,0.0717481374367788
2025-10-19 01:00:00+00:00,-0.024420832034693724,-0.08170233576082178,0.0049599913354225365,-0.0016345775085177437,0.1606739242576393,0.4742678173054341,0.09498360136998232
2025-10-19 02:00:00+00:00,-0.0012245489593121605,-0.06415466663371819,0.023995239816167392,0.021159231242285897,0.1480948647301837,0.5000354346055934,0.11336462208672493
2025-10-19 03:00:00+00:00,-0.015625363003001824,-0.06306394774973546,0.0055014911520329226,0.0020436773402430614,0.1369937140563964,0.4913703929416891,0.10353828011271561
2025-10-19 04:00:00+00:00,-0.02994257784416035,-0.07230170442719777,-0.013961269316025954,-0.01806862640258541,0.14824882464246697,0.482299724242158,0.08861084226282999
2025-10-19 05:00:00+00:00,-0.04032891246310467,-0.07685236161971541,-0.011318355345012167,-0.03396229729196531,0.1451230891678307,0.48102907911215015,0.0813965521527717
2025-10-19 06:00:00+00:00,-0.048618084296346356,-0.08126986416603278,-0.008938156330726877,-0.04620266776337423,0.15527688233240514,0.47961011342100934,0.07721666300987445
2025-10-19 07:00:00+00:00,-0.044402052295499976,-0.08328709692004348,-0.01751412646105248,-0.04389416738755393,0.1655172549994253,0.48077634013861886,0.09027498058793662
2025-10-19 08:00:00+00:00,-0.035595775890058946,-0.07653288954590237,-0.020084229119083648,-0.0369255329399014,0.17584968627525718,0.4818420426194495,0.10343326949186053
2025-10-19 09:00:00+00:00,-0.032292921689598734,-0.07556203756776303,-0.017050827874543366,-0.03354483286569986,0.18068913659447586,0.48019430961649945,0.10751427924337473
2025-10-19 10:00:00+00:00,-0.0344199114918922,-0.07638952478217462,-0.017700350783684052,-0.03384397781932871,0.1801795687673421,0.47865832113031165,0.10783752132434633
2025-10-19 11:00:00+00:00,-0.03692962536650532,-0.07774073290635641,-0.008960988128344864,-0.0328397978195282,0.17443090577936216,0.4856796792971576,0.1090069388747665
2025-10-19 12:00:00+00:00,-0.03356142494894238,-0.07826183636372328,0.0009258065830951533,-0.033259567315807766,0.1787275089077095,0.4921662619707148,0.11409633218628705
2025-10-19 13:00:00+00:00,-0.030221950599190223,-0.07878257791018684,0.006762117529659895,-0.03374101384683804,0.18299830516778545,0.49842569289039296,0.11782273661164501
2025-10-19 14:00:00+00:00,-0.014415648433829921,-0.08996462698785967,0.02178719521277526,-0.029340861587267005,0.16697477517916073,0.5127048461454046,0.12047402584096105
2025-10-19 15:00:00+00:00,-0.014783976097087573,-0.08400247084735755,0.020061431583412972,-0.02290903197589408,0.14719615113599116,0.5240376085871165,0.11661448641551336
2025-10-19 16:00:00+00:00,-0.02154341256862906,-0.08014158611772974,0.008374870353270477,-0.02187529173905694,0.14946769367174947,0.5570807968963252,0.10267330999127401
2025-10-19 17:00:00+00:00,-0.04190048192943196,-0.08652087687604856,-0.013628281086515958,-0.020641771259535497,0.14264567170708137,0.5868856441034668,0.0841094113255107
2025-10-19 18:00:00+00:00,-0.06160475809156088,-0.09934562121759913,-0.03535611155197092,-0.03800262974574255,0.12195719386281552,0.6055235479783051,0.0602819380067286
2025-10-19 19:00:00+00:00,-0.08667134581393808,-0.11957092541066595,-0.04530981136756056,-0.06095920815552436,0.10157400062508926,0.6179626448813236,0.03372465195663343
2025-10-19 20:00:00+00:00,-0.10588645668320623,-0.14244187385131474,-0.06143304420895142,-0.09074407896962153,0.08692770090652761,0.6307685399599327,0.015764821531995352
2025-10-19 21:00:00+00:00,-0.12519236262973135,-0.16090835113045124,-0.06567708139274206,-0.124778676143183,0.07087366810626514,0.6437871058678478,-0.001974051281932809
2025-10-19 22:00:00+00:00,-0.14460551170119082,-0.17158905076576694,-0.07287717990572302,-0.1487415763541796,0.06777348895862081,0.6570310318498692,-0.0011868532615954186
2025-10-19 23:00:00+00:00,-0.15371552070356193,-0.16965518845089295,-0.06539991800699632,-0.1465234766682504,0.08060695057278554,0.6705137081098417,0.026250498080606918
2025-10-20 00:00:00+00:00,-0.13666555100354905,-0.15501789710623498,-0.036741273312230725,-0.12437670914560717,0.09352582527578766,0.6849196225345049,0.052676521644791356
2025-10-20 01:00:00+00:00,-0.12465732445875959,-0.14191259589995395,0.012057313805639512,-0.09925788235216962,0.08086642479644675,0.7045536734066287,0.08371449976442458
2025-10-20 02:00:00+00:00,-0.11403942686362707,-0.12849611076394785,0.01995931972012441,-0.07162746762157793,0.06735301610808017,0.7182104426616712,0.10964521444665815
2025-10-20 03:00:00+00:00,-0.12350424850912861,-0.14159149963636009,0.01601512087994943,-0.09188732186617218,0.03949413720138312,0.7223337415930218,0.09409348425549895
2025-10-20 04:00:00+00:00,-0.13317970536682452,-0.15521195518384928,-0.005543147174985085,-0.11255928246206703,0.053955306002215465,0.7266990651277084,0.07396919515368341
2025-10-20 05:00:00+00:00,-0.1419233699597542,-0.1635086825833035,-0.009917710982508304,-0.1308128714112726,0.037155258138242615,0.7288602330211363,0.05901503856146927
2025-10-20 06:00:00+00:00,-0.15072194971702488,-0.1657330341244059,-0.008451618008267625,-0.1437634730824801,0.04179851519147383,0.731234198212526,0.06051528488063701
2025-10-20 07:00:00+00:00,-0.14486614456585883,-0.15892999912704875,0.002911722263075691,-0.14814868860039537,0.03391234811822513,0.733823975752949,0.07184727676636266
2025-10-20 08:00:00+00:00,-0.13162954733186835,-0.1521179902983416,0.00396689034461584,-0.1418559541600084,0.03909182377749752,0.7366328558859664,0.08337550162257298
2025-10-20 09:00:00+00:00,-0.12842370939328687,-0.14840468342804475,0.007112329990607823,-0.13982834792038548,0.03513788319583479,0.7398438108698467,0.08618559570779583
2025-10-20 10:00:00+00:00,-0.12887518111445054,-0.14946574455092076,0.01309172463928186,-0.1366765008051985,0.027141749802817108,0.741153351981936,0.08139439200182931
2025-10-20 11:00:00+00:00,-0.12316079820459146,-0.1505396813555932,0.021052527227205384,-0.13954179106960457,0.022684448296398842,0.7426971499000609,0.07666827039622563
2025-10-20 12:00:00+00:00,-0.1195786658288817,-0.14320332100323285,0.03847671964960317,-0.14900342512506448,0.02867932719786702,0.7417419799024813,0.07418164295104797
2025-10-20 13:00:00+00:00,-0.11242797017069663,-0.13603997487822123,0.05503597745435616,-0.14707686223310135,0.034621542703804416,0.7439752488733536,0.07519967100989945
2025-10-20 14:00:00+00:00,-0.0979570799797353,-0.12463943544780835,0.10282252841378127,-0.14274978335591362,0.046177237019936423,0.751541604767031,0.07953717042078294
2025-10-20 15:00:00+00:00,-0.0884199387268944,-0.12465534587499504,0.13404457821521745,-0.14037725719449973,0.026600220283278315,0.7527883351575969,0.0893667339840193
2025-10-20 16:00:00+00:00,-0.10730185210983766,-0.12991616434069198,0.12750801587701632,-0.14450925756481348,0.0024049957279323004,0.7836155336717281,0.07624788519191432
2025-10-20 17:00:00+00:00,-0.13204794584656007,-0.14228405067724142,0.09309268720917689,-0.15630450952740468,-0.02153858439166749,0.7999139411668826,0.06017990542515255
2025-10-20 18:00:00+00:00,-0.15663180004534782,-0.1629702892232652,0.0552371349074208,-0.17461041029229793,-0.045271033942423954,0.8143329553156388,0.04094954469307291
2025-10-20 19:00:00+00:00,-0.1810917873145708,-0.18414281578477573,0.010878571994910706,-0.1979778827891639,-0.06883081565632901,0.8287585779898766,0.01708008669646397
2025-10-20 20:00:00+00:00,-0.20046259265336105,-0.21790269071963841,-0.0070898125782235715,-0.21684048218548643,-0.08687968418671045,0.8422335596188016,-0.0007053093488192518
2025-10-20 21:00:00+00:00,-0.22248466057143026,-0.26574675854639296,-0.020375027776776182,-0.23511162698562701,-0.07640857790311903,0.8558404286444574,-0.01859799783140077
2025-10-20 22:00:00+00:00,-0.24200041717457413,-0.2775476238846261,-0.018938105728271277,-0.24844363342477907,-0.053480536767554716,0.8695970325336395,-0.01596466738311768
2025-10-20 23:00:00+00:00,-0.2446621465576557,-0.27585791208728766,-0.01719666927136699,-0.2520218682405441,-0.04332169721350068,0.891508117735935,0.004864529929170558
2025-10-21 00:00:00+00:00,-0.25036331094225006,-0.2830645329265173,-0.03372319192130071,-0.2683096631756664,-0.04706486377501569,0.8917770312238951,-0.005370560780027225
2025-10-21 01:00:00+00:00,-0.25867970276715885,-0.2892823407504406,-0.037906959057013044,-0.2874243672206417,-0.0630748476325717,0.887922613392625,-0.01524119052842243
2025-10-21 02:00:00+00:00,-0.2635433435805054,-0.2955425246822229,-0.049974931158214664,-0.2975991818712329,-0.06381085502493634,0.8841910972913972,-0.025517548022577434
2025-10-21 03:00:00+00:00,-0.2684420822721059,-0.3038888521400464,-0.054543075326176645,-0.30440520318981595,-0.0674772534192732,0.8824244491794314,-0.03380510068196552
2025-10-21 04:00:00+00:00,-0.2684420822721059,-0.3059669801489386,-0.057472806682298025,-0.30718718782671145,-0.0674772534192732,0.8816437428399388,-0.03380510068196552
2025-10-21 05:00:00+00:00,-0.27233377666846614,-0.30876462587271913,-0.05766060422378449,-0.3129209988666801,0.010877770288816594,0.21260631713706318,-0.01801695878157153
2025-10-21 06:00:00+00:00,-0.27098212538999644,-0.30901767049936457,-0.05054807434736993,-0.31865171013487853,0.008707281201495361,0.21130018796745226,-0.018273358476567386
2025-10-21 07:00:00+00:00,-0.25941065858054846,-0.30922004962217836,-0.039834096014131994,-0.32048441707307307,0.006542021246807238,0.2105125328540299,-0.014630875160220505
2025-10-21 08:00:00+00:00,-0.24852237195963095,-0.3051902036739958,-0.028300187423508052,-0.3170098409866095,0.007987721189673449,0.20974178994183557,-0.012145938397211483
2025-10-21 09:00:00+00:00,-0.2405193886935975,-0.3093717813803692,-0.014163112564416247,-0.3136175607455933,0.004381758721453301,0.2089721562928066,-0.012145938397211483
2025-10-21 10:00:00+00:00,-0.2340603872444834,-0.30881579837043843,-0.007412259004519579,-0.3114537576171491,0.0022179087942544016,0.20696178342266286,-0.015774453389069427
2025-10-21 11:00:00+00:00,-0.2304852352375166,-0.3082817106886954,0.009775970672341391,-0.31274023209152,7.475277545382747e-05,0.20548443389432441,-0.019332660394977278
2025-10-21 12:00:00+00:00,-0.22023887860699068,-0.2991571506987624,0.0317310497341052,-0.3083605981041471,0.005933488215568213,0.204039837529794,-0.022822268539591847
2025-10-21 13:00:00+00:00,-0.2063630430857504,-0.29058943127792913,0.050985553632781094,-0.30268711247859226,0.005933488215568213,0.203212560092082,-0.02618870576279889
2025-10-21 14:00:00+00:00,-0.1782173725435426,-0.27623122739889266,0.08131790450839352,-0.29961851662418915,0.008244448376821723,0.2023812349224168,-0.02614983033591184
2025-10-21 15:00:00+00:00,-0.16523780263875432,-0.2622573189896048,0.10615164111490548,-0.30550092734495543,0.01829505608139774,0.20158267752620548,-0.0312809338348012
2025-10-21 16:00:00+00:00,-0.17794568786725773,-0.2622573189896048,0.06802594291070196,-0.30550092734495543,0.01829505608139774,0.20158267752620548,-0.027023665849517334
2025-10-21 17:00:00+00:00,-0.1894102155263913,-0.2622573189896048,0.0305529027793056,-0.30550092734495543,0.008210022996320253,0.20158267752620548,-0.022785920996473384
2025-10-21 18:00:00+00:00,-0.20060434136848926,-0.2539326178505722,-0.004133213092746504,-0.2985919559090513,0.01829505608139774,0.20158267752620548,-0.01855492046828617
2025-10-21 19:00:00+00:00,-0.21955791457894905,-0.2581542359206454,-0.04301590866702027,-0.3065831124555587,0.01589302377146337,0.20185986064912784,-0.019793433297763705
2025-10-21 20:00:00+00:00,-0.22676517953147884,-0.2559441726368766,-0.06505185720866777,-0.30815656314413686,0.01589302377146337,0.2013084574792075,-0.017472966059748116
2025-10-21 21:00:00+00:00,-0.23388322768224934,-0.2531721444949378,-0.07566028406855814,-0.30815656314413686,0.01589302377146337,0.2013084574792075,-0.017472966059748116
2025-10-21 22:00:00+00:00,-0.24099328404516218,-0.2471295992500389,-0.08602459031158462,-0.30815656314413686,0.021442721699354128,0.2013084574792075,-0.010345926072317262
2025-10-21 23:00:00+00:00,-0.2433067168897229,-0.24099376714710774,-0.09616376175173769,-0.2977238358496235,0.02699492085163405,0.20185986064912784,0.0014740702313198863
2025-10-22 00:00:00+00:00,-0.2469867799219792,-0.2319213533345528,-0.10729471741012982,-0.3040478930048337,0.02699492085163405,0.20294974819122302,0.0014740702313198863
2025-10-22 01:00:00+00:00,-0.2481149012321515,-0.2296273051590254,-0.1094988972214669,-0.3071325619380447,0.02699492085163405,0.20303228929413616,0.0019312404561726323
2025-10-22 02:00:00+00:00,-0.2492523530783307,-0.22737180301434687,-0.1138171366497815,-0.310288723252239,0.02699492085163405,0.20303228929413616,0.0028368009283866323
2025-10-22 03:00:00+00:00,-0.2503992877071978,-0.22737180301434687,-0.115286089582546,-0.3135193824884943,0.02699492085163405,0.20303228929413616,0.0028368009283866323
2025-10-22 04:00:00+00:00,-0.2515558607860549,-0.22737180301434687,-0.1175807932029955,-0.3213145226426578,0.02699492085163405,0.20293706638327452,0.0028368009283866323
2025-10-22 05:00:00+00:00,-0.24822771118523385,-0.22737180301434687,-0.10656405136296766,-0.3213145226426578,0.023538849548858556,0.20293706638327452,0.0028368009283866323
2025-10-22 06:00:00+00:00,-0.2425396505813713,-0.22310320864642907,-0.09119083965301,-0.3224335277832926,0.023538849548858556,0.20293706638327452,6.41200220551396e-05
2025-10-22 07:00:00+00:00,-0.23420017678699825,-0.2161564716544686,-0.07652137258936464,-0.320217133772349,0.026844845517264095,0.20293706638327452,-0.0013284847871582962
2025-10-22 08:00:00+00:00,-0.2188324081980267,-0.2161564716544686,-0.06542248257253667,-0.31692369362722084,0.026844845517264095,0.20293706638327452,-0.0027281622656844143
2025-10-22 09:00:00+00:00,-0.20940083389537958,-0.2161564716544686,-0.04918586209824842,-0.3136550162377814,0.023538849548858556,0.20293706638327452,-0.004130935971059848
2025-10-22 10:00:00+00:00,-0.19304591232802207,-0.2161564716544686,-0.005114083885369563,-0.3136550162377814,0.023538849548858556,0.20293706638327452,-0.01065934198922669
2025-10-22 11:00:00+00:00,-0.18118404379284747,-0.2161564716544686,0.037075345690930454,-0.3136550162377814,0.023538849548858556,0.20293706638327452,-0.01065934198922669
2025-10-22 12:00:00+00:00,-0.1633864594688804,-0.20847159918602132,0.07026498370328246,-0.30800948413824175,0.03125920860335069,0.20293706638327452,-0.0171569519242396
2025-10-22 13:00:00+00:00,-0.1371232890240637,-0.18717036947911472,0.097076615849273,-0.3017064526141009,0.0291406779154168,0.20291535917552483,-0.01752839402645565
2025-10-22 14:00:00+00:00,-0.10857516333350645,-0.15993268146087855,0.1357473377639254,-0.2924837966876702,0.0291406779154168,0.20291535917552483,-0.01752839402645565
2025-10-22 15:00:00+00:00,-0.08049764386991498,-0.14575505639955016,0.17530848126220802,-0.27493339488124147,0.041408112692723105,0.20164091749808147,-0.02269665587363535
2025-10-22 16:00:00+00:00,-0.10190956570067336,-0.156688207042232,0.13891284735030682,-0.2832034637953476,0.041408112692723105,0.20062837721987622,-0.026885403075496465
2025-10-22 17:00:00+00:00,-0.11749464774539806,-0.16758769712265517,0.09500779417628466,-0.2905003596099312,0.03143132390683231,0.19961548049546418,-0.02271905453951471
2025-10-22 18:00:00+00:00,-0.13221961830378184,-0.17722466773068604,0.05415583102901277,-0.2905003596099312,0.03143132390683231,0.19961548049546418,-0.01855788752196734
2025-10-22 19:00:00+00:00,-0.13950004491888096,-0.17722466773068604,0.03223141827510361,-0.2905003596099312,0.03143132390683231,0.19961548049546418,-0.016262865567423276
2025-10-22 20:00:00+00:00,-0.14854648422741473,-0.18180605520455145,0.011575603087027035,-0.2905003596099312,0.02590601563484387,0.19961548049546418,-0.013955926128666809
2025-10-22 21:00:00+00:00,-0.1573507831324342,-0.18180605520455145,-0.011890700484494638,-0.28872175791976623,0.020382358376310025,0.19961548049546418,-0.011636868854964339
2025-10-22 22:00:00+00:00,-0.16416160669766688,-0.17722466773068604,-0.023343269416722243,-0.28872175791976623,0.014859586896490955,0.19961548049546418,-0.004576855919230151
2025-10-22 23:00:00+00:00,-0.17556064391944537,-0.18304713717302906,-0.05047165228745105,-0.2839171289252581,0.014859586896490955,0.2001682741087436,-0.002205933351424503
2025-10-23 00:00:00+00:00,-0.1892137019232296,-0.1914923612876685,-0.07338685278322493,-0.27816682672432136,0.014859586896490955,0.20072098942434027,0.0024725947994934604
2025-10-23 01:00:00+00:00,-0.19320576949134904,-0.1974302154844807,-0.07768177944591423,-0.2759862764338494,0.014859586896490955,0.2008011358567367,0.0024725947994934604
2025-10-23 02:00:00+00:00,-0.19814591370142193,-0.203708339059918,-0.08073984371740052,-0.273840549736583,0.015934152617034177,0.20089391904080417,0.0033542555185554885
2025-10-23 03:00:00+00:00,-0.2033070442839219,-0.2103654425232331,-0.08378081621034814,-0.27172863277950954,0.016915982403934233,0.2010923091933805,0.0037921894722274248
2025-10-23 04:00:00+00:00,-0.20926795280000005,-0.2189616277990157,-0.08060599359359479,-0.2779770942942395,0.014723572319280252,0.20046089283892254,-0.0027086303101900838
2025-10-23 05:00:00+00:00,-0.20516432301632206,-0.21558809720091182,-0.06899867370890782,-0.2792894238113555,0.011409421814000224,0.20009856206885873,-0.0027086303101900838
2025-10-23 06:00:00+00:00,-0.20102804909214128,-0.2129765670459497,-0.056868897534497684,-0.28060334692564165,0.008095219815930577,0.19938675707237968,-0.005494508038941115
2025-10-23 07:00:00+00:00,-0.19631393372875142,-0.20852118355033383,-0.045186374704344515,-0.28060334692564165,0.008095219815930577,0.19867539400582254,-0.008310318200576441
2025-10-23 08:00:00+00:00,-0.19213510969634523,-0.20852118355033383,-0.033901822165972983,-0.2837840287665253,0.004780512114402475,0.19798920214867408,-0.009732496829181968
2025-10-23 09:00:00+00:00,-0.1836173435414631,-0.2030125070207678,-0.017085794139016793,-0.2890350366177118,-0.0009306766783720151,0.1972907290666921,-0.017414982308895106
2025-10-23 10:00:00+00:00,-0.17568224063457932,-0.20409278301960962,0.0035301557507493846,-0.29066364158503294,0.0003612152885672366,0.19567351882738768,-0.021467356514599766
2025-10-23 11:00:00+00:00,-0.16323875054110418,-0.21224882302880246,0.028171741415460208,-0.29066364158503294,0.0003612152885672366,0.1940438008943192,-0.028038531658290376
2025-10-23 12:00:00+00:00,-0.1459359205393504,-0.20409278301960962,0.052142074030601865,-0.29066364158503294,0.0003612152885672366,0.1924381780795276,-0.034619262511161625
2025-10-23 13:00:00+00:00,-0.12359503947112704,-0.18583812779823616,0.07554863802508292,-0.29066364158503294,0.0003612152885672366,0.19164122317855642,-0.037932140557652046
2025-10-23 14:00:00+00:00,-0.08697347467447598,-0.1710638951250065,0.10056054896903827,-0.2878521254195379,0.002706670995938179,0.18898832038332833,-0.045344480072920676
2025-10-23 15:00:00+00:00,-0.059505598870036015,-0.15572459713014106,0.1376439407313244,-0.2878521254195379,0.002706670995938179,0.1864881426916578,-0.05049584522325588
2025-10-23 16:00:00+00:00,-0.08835568541571612,-0.16955201413960924,0.10591832496646163,-0.2878521254195379,0.002706670995938179,0.1864881426916578,-0.04632586358566968
2025-10-23 17:00:00+00:00,-0.10514867943353128,-0.18199301905915702,0.07489236330440631,-0.2878521254195379,0.002706670995938179,0.1864881426916578,-0.03807883294627562
2025-10-23 18:00:00+00:00,-0.1268857398211545,-0.18199301905915702,0.0387157893181584,-0.2878521254195379,0.002706670995938179,0.1875057770143233,-0.029753984543277635
2025-10-23 19:00:00+00:00,-0.14224797524127936,-0.19475653795842915,0.013011239504681266,-0.28999709012629127,-0.00512259311705173,0.1893196034994171,-0.03186688278438479
2025-10-23 20:00:00+00:00,-0.15017547131243708,-0.19475653795842915,-0.0032262629279309427,-0.2873392416257415,-0.00512259311705173,0.18987227727023315,-0.03186688278438479
2025-10-23 21:00:00+00:00,-0.15799550862872364,-0.19475653795842915,-0.022506117569331505,-0.28295793129305424,-0.010600131516290957,0.19042488343449018,-0.029607597481503826
2025-10-23 22:00:00+00:00,-0.15792044538565486,-0.18636820709017735,-0.028256953390574248,-0.2765073915547808,-0.01896790493308856,0.18981273367360202,-0.02628488117248287
2025-10-23 23:00:00+00:00,-0.16453055678312944,-0.1898893126183102,-0.037643497375371114,-0.2726480021094118,-0.021836129806616356,0.18918794119354546,-0.032607519059797294
2025-10-24 00:00:00+00:00,-0.1683267370148908,-0.1898893126183102,-0.058110182085981225,-0.26695958818462145,-0.021836129806616356,0.1903072026892328,-0.030093490080756437
2025-10-24 01:00:00+00:00,-0.1783682489542063,-0.2124248855952913,-0.06541060000197288,-0.2682709931876332,-0.01843111908976832,0.1906704420829913,-0.034404660854970764
2025-10-24 02:00:00+00:00,-0.1815994387352077,-0.21800228612934125,-0.06777623373047298,-0.26611838172833374,-0.017187909977940386,0.1909765682486822,-0.03376957266842853
2025-10-24 03:00:00+00:00,-0.18715059650952234,-0.2277398125415911,-0.07125084099983278,-0.2639972913784693,-0.01594529555110783,0.19131914950625392,-0.03443981567363067
2025-10-24 04:00:00+00:00,-0.19301288911837952,-0.2341784571981662,-0.0748000819061725,-0.26190684823939386,-0.014703098661479095,0.19166247351471682,-0.033803865017206745
2025-10-24 05:00:00+00:00,-0.18643279205259092,-0.22944424497527904,-0.07254387808565141,-0.25605544239334266,-0.015884241763862775,0.19175722967966485,-0.03244180025830298
2025-10-24 06:00:00+00:00,-0.18401945222138472,-0.22734180546916924,-0.06467745636930734,-0.2597836002358923,-0.01913636460364733,0.19071995011792514,-0.03677933338150936
2025-10-24 07:00:00+00:00,-0.18085662024075516,-0.22734180546916924,-0.05682908333651577,-0.27081775963205584,-0.025505995028170393,0.1893621053067393,-0.03974375782061069
2025-10-24 08:00:00+00:00,-0.17625359558754333,-0.22734180546916924,-0.04507602095285845,-0.2783057881539602,-0.028749405280151647,0.18800571767330207,-0.041259739563251144
2025-10-24 09:00:00+00:00,-0.05414793593741453,-0.1229046186514664,-0.09439057826857096,-0.10687660136504645,0.0901695999785809,0.0642237396492885,-0.06263572692061149
2025-10-24 10:00:00+00:00,-0.05333354462350656,-0.1229046186514664,-0.09177652351088576,-0.10687660136504645,0.0901695999785809,0.06355527524986458,-0.06412126616129048
2025-10-24 11:00:00+00:00,-0.05167300484791483,-0.1229046186514664,-0.08449978292221154,-0.10919038805384261,0.0901695999785809,0.06261696140735126,-0.06924343748781171
2025-10-24 12:00:00+00:00,-0.05167300484791483,-0.1229046186514664,-0.07722552144259406,-0.10919038805384261,0.08378006981694916,0.061357675415821884,-0.07195184334646187
2025-10-24 13:00:00+00:00,-0.05167300484791483,-0.1229046186514664,-0.06777134926166045,-0.10687660136504645,0.08083313929967949,0.0607355002872818,-0.07467003362793825
2025-10-24 14:00:00+00:00,-0.05513328198320174,-0.12008688949355995,-0.05861624427884344,-0.10733027212276114,0.08439917441564457,0.05921003564592944,-0.07847759876674629
2025-10-24 15:00:00+00:00,-0.050024374672003234,-0.11924356825735252,-0.046904816950402585,-0.10778520562416184,0.08799545475316173,0.05767297191411241,-0.08029190995247386
2025-10-24 16:00:00+00:00,-0.051613462717533566,-0.11924356825735252,-0.054656908597739785,-0.1057250716746652,0.08543641197916724,0.05792729355570806,-0.07836456824156557
2025-10-24 17:00:00+00:00,-0.051613462717533566,-0.11924356825735252,-0.06241275229917044,-0.1057250716746652,0.08543641197916724,0.05792729355570806,-0.07659078788997412
2025-10-24 18:00:00+00:00,-0.054471714541930616,-0.1214697961833733,-0.07018270687260844,-0.10402926236821432,0.08543641197916724,0.05844662331720123,-0.0757390112167582
2025-10-24 19:00:00+00:00,-0.05731280674472012,-0.12367320455303225,-0.07797713249981263,-0.10536251441811487,0.08543641197916724,0.05896575356882788,-0.07488291989770425
2025-10-24 20:00:00+00:00,-0.05886686181394224,-0.12367320455303225,-0.08150385075447757,-0.10524251342775123,0.08661083444716086,0.05918868393267307,-0.07456005055821505
2025-10-24 21:00:00+00:00,-0.06084747541904896,-0.12393929948764729,-0.08507025890588985,-0.10524251342775123,0.08543641197916724,0.05930199862924852,-0.07431828785832963
2025-10-24 22:00:00+00:00,-0.0626365621610326,-0.12422404167142126,-0.0896367714014066,-0.10524251342775123,0.08543641197916724,0.05941531744045362,-0.07464155350004481
2025-10-24 23:00:00+00:00,-0.06336978917849818,-0.12422404167142126,-0.09300004093958224,-0.10524251342775123,0.08614089888134124,0.05952864053790539,-0.07537570413290975
2025-10-25 00:00:00+00:00,-0.06434360191964497,-0.12422404167142126,-0.09784896655092148,-0.1065512546547955,0.08614089888134124,0.05941531744045362,-0.07620018726167761
2025-10-25 01:00:00+00:00,-0.062031455751126285,-0.1213342711453688,-0.1003307407750553,-0.1047029027040404,0.08668121332249192,0.059664234390984665,-0.07414132713830356
2025-10-25 02:00:00+00:00,-0.062031455751126285,-0.1213342711453688,-0.10187827314157852,-0.10550050156259473,0.08690139029184872,0.059664234390984665,-0.07433457502556336
2025-10-25 03:00:00+00:00,-0.062031455751126285,-0.12045480738541657,-0.10268443708078348,-0.10634458261438688,0.08759969901224042,0.059664234390984665,-0.07433457502556336
2025-10-25 04:00:00+00:00,-0.062031455751126285,-0.11961541152157605,-0.10396378690691625,-0.10723855293736179,0.08759969901224042,0.059664234390984665,-0.07414132713830356
2025-10-25 05:00:00+00:00,-0.05944407266189029,-0.11793817820841743,-0.10053606925768341,-0.10555322618263108,0.0905581659455226,0.059751602484461985,-0.07273209423288164
2025-10-25 06:00:00+00:00,-0.05685559721313598,-0.11634408626919125,-0.09725850384307379,-0.10383785457242253,0.09144282767654022,0.05987024022744991,-0.07404864683300598
2025-10-25 07:00:00+00:00,-0.05765457609652601,-0.11857414256830867,-0.0919158370957251,-0.09946452828186332,0.09309637861136762,0.060224743851390636,-0.07404864683300598
2025-10-25 08:00:00+00:00,-0.05765457609652601,-0.11857414256830867,-0.08655490854686229,-0.09780717751169171,0.09475336886704422,0.06057933246791311,-0.07404864683300598
2025-10-25 09:00:00+00:00,-0.056748849828307274,-0.11857414256830867,-0.08272885559720683,-0.09780717751169171,0.09475336886704422,0.0609263974868869,-0.07404864683300598
2025-10-25 10:00:00+00:00,-0.05570218188826491,-0.11777934957624446,-0.07567731758821526,-0.09810010866398995,0.09544767340398064,0.06124638829100814,-0.07313908435990689
2025-10-25 11:00:00+00:00,-0.055587391794512934,-0.1169839904815941,-0.0683960679996206,-0.09593835500548004,0.09614313531446857,0.061572021497240614,-0.07370578219662477
2025-10-25 12:00:00+00:00,-0.05466501342559283,-0.12030635662680929,-0.06114684206300666,-0.09162993334274087,0.0937530126842356,0.0619033100986235,-0.07357560936183599
2025-10-25 13:00:00+00:00,-0.05466501342559283,-0.12443699978434827,-0.05191434527211991,-0.09162993334274087,0.0937530126842356,0.06254712336104284,-0.07357560936183599
2025-10-25 14:00:00+00:00,-0.05456739361390389,-0.1297138158819062,-0.046020823723445806,-0.09192519747660831,0.09307739670617793,0.06257593560506843,-0.07623055069160849
2025-10-25 15:00:00+00:00,-0.05190975306921246,-0.12901649420110026,-0.0368383695723372,-0.09222139480241276,0.0969117760373646,0.06260761076895327,-0.08115537968823516
2025-10-25 16:00:00+00:00,-0.05190975306921246,-0.12159505551558088,-0.04500945999117804,-0.09222139480241276,0.0969117760373646,0.06285468138293815,-0.07926693759279702
2025-10-25 17:00:00+00:00,-0.05190975306921246,-0.11849794056384962,-0.052784249363391406,-0.09042510130159188,0.0969117760373646,0.06285468138293815,-0.07736769639546935
2025-10-25 18:00:00+00:00,-0.053293323694485244,-0.11849794056384962,-0.05838452093802379,-0.08896769719491623,0.0969117760373646,0.06285468138293815,-0.07736769639546935
2025-10-25 19:00:00+00:00,-0.0571254575842951,-0.11849794056384962,-0.06398455610953632,-0.08784551459556249,0.0969117760373646,0.06285468138293815,-0.07654543281709328
2025-10-25 20:00:00+00:00,-0.0588052521646497,-0.11849794056384962,-0.06758495920605846,-0.08784551459556249,0.0969117760373646,0.06285468138293815,-0.07635826909077709
2025-10-25 21:00:00+00:00,-0.05998070585990244,-0.11849794056384962,-0.0699800183521993,-0.08784551459556249,0.0969117760373646,0.06275207642768142,-0.07617153908895262
2025-10-25 22:00:00+00:00,-0.061807415088966845,-0.11849794056384962,-0.07527428933261675,-0.0880929954201883,0.09638095052394259,0.06264947840802375,-0.07698881763582141
2025-10-25 23:00:00+00:00,-0.06338123936018689,-0.11849794056384962,-0.08027006823533174,-0.08873238225174672,0.09638095052394259,0.06254688717241257,-0.07890215411563031
2025-10-26 00:00:00+00:00,-0.06489953332913376,-0.11849794056384962,-0.08779034651734324,-0.09105254325174097,0.09638095052394259,0.062345612324127254,-0.07973587876569838
2025-10-26 01:00:00+00:00,-0.06412865972170982,-0.11254898247644744,-0.08929778574908089,-0.09122443900466304,0.09597565654373638,0.06253014484398763,-0.07808209285519763
2025-10-26 02:00:00+00:00,-0.06422731121564217,-0.11254898247644744,-0.08981903035005143,-0.09179598667059771,0.09686981247587126,0.06262079379502761,-0.07826946749845172
2025-10-26 03:00:00+00:00,-0.06433445010808395,-0.11209562329984696,-0.09117265582634532,-0.09183754259454074,0.09723063119243312,0.06275121482655653,-0.0783644664804656
2025-10-26 04:00:00+00:00,-0.06444118508885055,-0.11166512546116006,-0.09206723328017387,-0.09189770713686646,0.09759604865221683,0.06283443843600113,-0.07846185754008218
2025-10-26 05:00:00+00:00,-0.06194416321706367,-0.1106061568570963,-0.08815859051735352,-0.08980138152193284,0.1577362806505249,0.2397194234715629,-0.0946793275300791
2025-10-26 06:00:00+00:00,-0.0608166365874972,-0.10995589156884829,-0.08432826232982005,-0.08748613351468815,0.15942073691401604,0.23985261940020522,-0.09490412000211917
2025-10-26 07:00:00+00:00,-0.06150669961261646,-0.10870689520544091,-0.08001362327509068,-0.0870231820893144,0.16118108198097567,0.23757961311695072,-0.09692870494752347
2025-10-26 08:00:00+00:00,-0.059316412259678965,-0.11105176248772246,-0.07006995326102915,-0.0870231820893144,0.16118108198097567,0.23824722093518333,-0.09569376102445648
2025-10-26 09:00:00+00:00,-0.058275505118794306,-0.10870689520544091,-0.06207695961219997,-0.0870231820893144,0.16460194345357598,0.23896918784754909,-0.09569376102445648
2025-10-26 10:00:00+00:00,-0.05534546930879136,-0.10808052670861269,-0.051920503939135824,-0.08534750862452402,0.16941521708179771,0.23974111399118792,-0.0946423901147462
2025-10-26 11:00:00+00:00,-0.05237941504750673,-0.10745372959148135,-0.039101163719696984,-0.08099778168392369,0.17430443443986327,0.2383008896219833,-0.09357998208417956
2025-10-26 12:00:00+00:00,-0.051013866790836776,-0.11096792943266068,-0.02876022440372719,-0.07929252972311591,0.1728365714716578,0.23704925459761234,-0.09250647462076222
2025-10-26 13:00:00+00:00,-0.04922263357203736,-0.11828116740270157,-0.012037825139423136,-0.08196260269855524,0.1728365714716578,0.2380163502457523,-0.09082544997763382
2025-10-26 14:00:00+00:00,-0.048448946831287476,-0.12366540871421465,0.0040296688723284865,-0.07905844855651886,0.17142840057718245,0.2359835296550123,-0.0914543417572961
2025-10-26 15:00:00+00:00,-0.046328508074733994,-0.12911187131181678,0.025428785475533143,-0.07523803077906514,0.17001809031176843,0.2340065755132327,-0.08967668315067667
2025-10-26 16:00:00+00:00,-0.04860510269023167,-0.1263541490017961,0.01581938048570526,-0.07712476996615228,0.17001809031176843,0.2340065755132327,-0.08967668315067667
2025-10-26 17:00:00+00:00,-0.04969949917339884,-0.1263541490017961,0.00600030477627555,-0.07900667822606262,0.17001809031176843,0.23369520833503513,-0.08967668315067667
2025-10-26 18:00:00+00:00,-0.05078872813199592,-0.1263541490017961,-0.0034657996292911746,-0.08088399057339954,0.17001809031176843,0.23369520833503513,-0.08967668315067667
2025-10-26 19:00:00+00:00,-0.05179480044154168,-0.1263541490017961,-0.012626149596667748,-0.07933935126585032,0.17001809031176843,0.23369520833503513,-0.08967668315067667
2025-10-26 20:00:00+00:00,-0.055769315097585245,-0.12918877612496954,-0.019729183389469968,-0.08180145078469349,0.16836509208361214,0.2350846366012811,-0.09159803022512622
2025-10-26 21:00:00+00:00,-0.06139578640857273,-0.1320214664935429,-0.02573891519193902,-0.08434996606347686,0.1581760443357833,0.2357267222831472,-0.0935180774078179
2025-10-26 22:00:00+00:00,-0.06144592003204322,-0.1320214664935429,-0.029543024833390923,-0.08434996606347686,0.1581760443357833,0.2357267222831472,-0.09452252963603074
2025-10-26 23:00:00+00:00,-0.06214156146914936,-0.13105437462239164,-0.03271744894051218,-0.08535647456661571,0.15620902327984848,0.23581479183625656,-0.0960852408980533
2025-10-27 00:00:00+00:00,-0.06335504089374365,-0.13434281442469012,-0.03663574524289198,-0.08535647456661571,0.15620902327984848,0.23635486460747335,-0.09825664086470394
2025-10-27 01:00:00+00:00,-0.06208238076498119,-0.13194116412276333,-0.03571855048691845,-0.08284155463925591,0.1555946202954613,0.2380353038599359,-0.09718524189079528
2025-10-27 02:00:00+00:00,-0.06208238076498119,-0.13194116412276333,-0.03492017105539897,-0.08284155463925591,0.15651240171213754,0.2380353038599359,-0.09765793597736244
2025-10-27 03:00:00+00:00,-0.062027042500477615,-0.13158958570481974,-0.0352032675553699,-0.08284155463925591,0.15651240171213754,0.2380353038599359,-0.09816917929886508
2025-10-27 04:00:00+00:00,-0.06197270831027597,-0.13125982236110006,-0.034552619848194875,-0.08284155463925591,0.15745868680144604,0.23755060457070606,-0.09835524290958422
2025-10-27 05:00:00+00:00,-0.060599709965284285,-0.13072099847750554,-0.028078066720196092,-0.08035575983978857,0.16743079850714798,0.23707345855143133,-0.09646617317947177
2025-10-27 06:00:00+00:00,-0.06007696769122216,-0.13193447709058737,-0.02224833237471273,-0.07763317064115026,0.16893828388007956,0.23707699628967435,-0.0965092458145561
2025-10-27 07:00:00+00:00,-0.05776772459369643,-0.13193447709058737,-0.012380264509229801,-0.07573272032827094,0.16893828388007956,0.23707699628967435,-0.0965092458145561
2025-10-27 08:00:00+00:00,-0.055188263026131126,-0.13193447709058737,-0.0027555951380484737,-0.07573272032827094,0.16893828388007956,0.23621376257129886,-0.0965092458145561
2025-10-27 09:00:00+00:00,-0.05296024979410297,-0.13453792850371307,0.00667006582064091,-0.07573272032827094,0.1729135242018451,0.2353526905038959,-0.0965092458145561
2025-10-27 10:00:00+00:00,-0.050493618202426045,-0.13406244956872737,0.0126021168488889,-0.07291383338578422,0.1745106783902955,0.23373397839071416,-0.09627611289419799
2025-10-27 11:00:00+00:00,-0.0456080281053045,-0.13406244956872737,0.024354469483411793,-0.07006597000759834,0.1814176458370129,0.23204181785364442,-0.09627611289419799
2025-10-27 12:00:00+00:00,-0.04217504795019853,-0.13406244956872737,0.035729646428025674,-0.07006597000759834,0.1814176458370129,0.23079306679045178,-0.0927628336533364
2025-10-27 13:00:00+00:00,-0.0368485635803123,-0.1384586678569917,0.049666772274700045,-0.07006597000759834,0.1814176458370129,0.23079306679045178,-0.0927628336533364
2025-10-27 14:00:00+00:00,-0.030600450770859555,-0.13980996461995873,0.06420477905570442,-0.06690774540980098,0.18305008792779595,0.22760970007308595,-0.09132202450815326
2025-10-27 15:00:00+00:00,-0.027969684976944048,-0.1411646295947402,0.08172194581754444,-0.06373766210510612,0.1847879372439808,0.22438094049472498,-0.08726919911283251
2025-10-27 16:00:00+00:00,-0.03090786106714193,-0.1411646295947402,0.07344799621889478,-0.06564424948279911,0.1768423662794245,0.22457287843659499,-0.08819814561410809
2025-10-27 17:00:00+00:00,-0.03379707536298063,-0.1411646295947402,0.06762991153800497,-0.06373766210510612,0.16929229487265451,0.22457287843659499,-0.08912310842707555
2025-10-27 18:00:00+00:00,-0.036509709619192504,-0.13978797273078278,0.05870343704816273,-0.06535244086381388,0.16209938789188236,0.22457287843659499,-0.08912310842707555
2025-10-27 19:00:00+00:00,-0.04040326778368966,-0.141418846472495,0.04709821516108946,-0.06774789566272192,0.15408605927536212,0.2259255625283562,-0.09102181753276345
2025-10-27 20:00:00+00:00,-0.04466303374107843,-0.14442749988479764,0.03667919004593377,-0.07146712954581676,0.14645208638633905,0.2272617119069516,-0.09291932770228449
2025-10-27 21:00:00+00:00,-0.04941805306696213,-0.1474342734751164,0.0297349167795784,-0.07509513371853824,0.13916644843385884,0.22858153773901752,-0.09554531041744915
2025-10-27 22:00:00+00:00,-0.05004953932817388,-0.1474342734751164,0.025691641028963066,-0.07509513371853824,0.13916644843385884,0.22858153773901752,-0.09597545954991382
2025-10-27 23:00:00+00:00,-0.05038201277028722,-0.14666999633437594,0.023316001610683746,-0.07601660598220401,0.1379663966803794,0.22867710649330658,-0.09479508609968314
2025-10-28 00:00:00+00:00,-0.05038201277028722,-0.14666999633437594,0.022636846184291036,-0.07601660598220401,0.1379663966803794,0.22867710649330658,-0.09597545954991382
2025-10-28 01:00:00+00:00,-0.04937716560759524,-0.14409920070137028,0.022661489941479138,-0.0733930972983918,0.1394531677668188,0.2301744005814432,-0.09336025687093229
2025-10-28 02:00:00+00:00,-0.049201267183795395,-0.14387389003578005,0.022661489941479138,-0.0733930972983918,0.14077477955536952,0.2301744005814432,-0.09362855109309337
2025-10-28 03:00:00+00:00,-0.04902533638512595,-0.14366893257645266,0.023181220792491943,-0.0733930972983918,0.14605564563365642,0.2301744005814432,-0.09362855109309337
2025-10-28 04:00:00+00:00,-0.04751845583330742,-0.1430856603826317,0.02795086759365674,-0.07079526114100483,0.1491611555181144,0.22960355733556037,-0.09039875737090668
2025-10-28 05:00:00+00:00,-0.045995465722135205,-0.14255645374755202,0.031128242206115198,-0.06811264071853125,0.1523512848254531,0.22902362843563703,-0.08851659434955989
2025-10-28 06:00:00+00:00,-0.043434482828765705,-0.14255645374755202,0.03463803532858189,-0.06507653618509794,0.1564639917492076,0.2277001865377664,-0.08960228974118939
2025-10-28 07:00:00+00:00,-0.03551713641335863,-0.14255645374755202,0.0407995771997312,-0.06310210209165436,0.16062518744611892,0.2277001865377664,-0.08824347648557111
2025-10-28 08:00:00+00:00,-0.028798793914051962,-0.14255645374755202,0.04550515690626336,-0.06113738692252858,0.16062518744611892,0.22681218204718662,-0.08824347648557111
2025-10-28 09:00:00+00:00,-0.023347693373317414,-0.14255645374755202,0.053092047300306096,-0.06113738692252858,0.16604369087798548,0.22592584711659364,-0.08824347648557111
2025-10-28 10:00:00+00:00,-0.019131023850084493,-0.14222752039845174,0.06108874075578023,-0.056081268722377356,0.17213343580755486,0.22418091528696774,-0.08797139213774245
2025-10-28 11:00:00+00:00,-0.013426774188757607,-0.13883083931307102,0.07207388004802297,-0.05284345265161992,0.17899790473911334,0.22418091528696774,-0.08797139213774245
2025-10-28 12:00:00+00:00,-0.007717623335072603,-0.13883083931307102,0.07975136081979488,-0.04961835183428547,0.1895033205755247,0.2228873786480679,-0.08797139213774245
2025-10-28 13:00:00+00:00,-0.0006648946040212289,-0.14344971351727193,0.08910633776034164,-0.04640549634322003,0.1930319186164324,0.22202210988168727,-0.08797139213774245
2025-10-28 14:00:00+00:00,0.004053773476951829,-0.14960367910021627,0.10131535070933474,-0.043034037198100325,0.1960706421419855,0.22038016236225805,-0.08589137322653331
2025-10-28 15:00:00+00:00,0.011227151134618741,-0.15584064547382084,0.11150522107304404,-0.03964594086944098,0.2049743975178459,0.21789852014121724,-0.08638704968496709
2025-10-28 16:00:00+00:00,0.007768369019061402,-0.15817837558824516,0.10248089337900247,-0.041534978564272185,0.19865238598109575,0.2182237822899506,-0.08738499012696606
2025-10-28 17:00:00+00:00,0.004364990825803235,-0.15817837558824516,0.09389261461628377,-0.043420351776027856,0.1925446173470437,0.2182237822899506,-0.08738499012696606
2025-10-28 18:00:00+00:00,0.0010106574079683575,-0.15915028038942836,0.08569085203373247,-0.04510060852457238,0.1866360880898455,0.21789852014121724,-0.08824617366657468
2025-10-28 19:00:00+00:00,-0.00227293775253034,-0.15915028038942836,0.0778333129090688,-0.046764795248173126,0.18091320966507615,0.21757821294973534,-0.08824617366657468
2025-10-28 20:00:00+00:00,-0.006896152736621801,-0.1621566995786567,0.07314880685844558,-0.05076990521166038,0.18030747970481734,0.21897966157921958,-0.0907928651086996
2025-10-28 21:00:00+00:00,-0.01134432025038946,-0.16516143091361593,0.06860992346486738,-0.05462996063668689,0.1797027676717328,0.22038077978799336,-0.09330516293312699
2025-10-28 22:00:00+00:00,-0.012783029437331414,-0.16542525363952515,0.0658364532639331,-0.05536203224112867,0.17620592956305184,0.22057007803502937,-0.09347179816104478
2025-10-28 23:00:00+00:00,-0.013300221417336196,-0.16325454479654838,0.06503612785377301,-0.05574759592924406,0.1758797419727269,0.22075605341466017,-0.09046378114314883
2025-10-29 00:00:00+00:00,-0.014147328724917665,-0.16325454479654838,0.06429400960704373,-0.05676614992141614,0.1778374793746221,0.22131416973228943,-0.09046378114314883
2025-10-29 01:00:00+00:00,-0.013174783781005353,-0.16099532867590408,0.06633102083325006,-0.0550007032394278,0.17943384804164159,0.22437945549528632,-0.08796354352001241
2025-10-29 02:00:00+00:00,-0.01245926222107475,-0.16099532867590408,0.06869046843325079,-0.0550007032394278,0.18155600633906158,0.22686667733662108,-0.08796354352001241
2025-10-29 03:00:00+00:00,-0.011476868359346375,-0.16090335994896576,0.07151995993790099,-0.05479133188787915,0.18155600633906158,0.2279008679789737,-0.08796354352001241
2025-10-29 04:00:00+00:00,-0.01048391947779594,-0.16090335994896576,0.07444646823334966,-0.05458391563766768,0.18372928040772704,0.22894607627465607,-0.08796354352001241
2025-10-29 05:00:00+00:00,-0.009479821728658641,-0.1608288798984138,0.07649835766674944,-0.0543785621090539,0.18595600809837232,0.23059180911544258,-0.08797724981479961
2025-10-29 06:00:00+00:00,-0.0063134317262927425,-0.1608288798984138,0.08282677737426931,-0.05118793327627998,0.19068666856704203,0.2320490232550693,-0.08907590506886297
2025-10-29 07:00:00+00:00,-0.0007094480943103296,-0.15791375539603533,0.09007076753400187,-0.045963920908401616,0.20541993602914627,0.23351237149464935,-0.08907590506886297
2025-10-29 08:00:00+00:00,0.0040029373074338005,-0.15791375539603533,0.09524907387796559,-0.04184254348225027,0.21201501101613893,0.23596738660437117,-0.08907590506886297
2025-10-29 09:00:00+00:00,-0.17805050934588496,-0.31527451614452684,-0.030537856198037058,-0.21614937423908917,-0.07671816089034238,0.8333420623521195,-0.10681283826475252
2025-10-29 10:00:00+00:00,-0.16902743966269854,-0.31527451614452684,-0.011438936448452357,-0.21135305699947182,-0.06787478978217439,0.8354354617055517,-0.10412900495517288
2025-10-29 11:00:00+00:00,-0.14711276726574787,-0.31527451614452684,0.01848901836547196,-0.19395722519740316,-0.0678747897821744,0.8354354617055517,-0.09419926344450953
2025-10-29 12:00:00+00:00,-0.12117200125045537,-0.3255184321422134,0.055615908352777535,-0.17646435096585372,-0.013679069097969445,0.8438162483171568,-0.09924719647588856
2025-10-29 13:00:00+00:00,-0.09131551180236701,-0.3255184321422134,0.09104262901884906,-0.1672961161118853,0.004975796206505239,0.845431476059806,-0.0940602170243261
2025-10-29 14:00:00+00:00,-0.05817214735768705,-0.31527451614452684,0.13306962331687844,-0.1581398158467764,0.023501294667900435,0.8470672047937364,-0.0888746487908581
2025-10-29 15:00:00+00:00,-0.032223214903383,-0.31527451614452684,0.16856359324095654,-0.14899439013493077,0.04165651882757191,0.8487227518045495,-0.0888746487908581
2025-10-29 16:00:00+00:00,-0.05580926322325464,-0.3257726269543764,0.14082621768006276,-0.1665871783377752,0.02435696215756504,0.8474513632414227,-0.0888746487908581
2025-10-29 17:00:00+00:00,-0.08231292470811225,-0.3257726269543764,0.11355813832682621,-0.1826761018807747,0.007390934810325769,0.8474513632414227,-0.09340803738278779
2025-10-29 18:00:00+00:00,-0.10153153710619607,-0.3257726269543764,0.079528784725589,-0.2052136730612544,-0.009262920829258666,0.846003620534546,-0.0888746487908581
2025-10-29 19:00:00+00:00,-0.12042675135800103,-0.3257726269543764,0.04653681659253897,-0.21168977368123715,-0.025624324450957005,0.8445770723969389,-0.08431620022782081
2025-10-29 20:00:00+00:00,-0.13505719743691427,-0.33410039120578433,0.025649714713965852,-0.22627739034553887,-0.03354753446222384,0.8438080190540974,-0.0964242414006147
2025-10-29 21:00:00+00:00,-0.13869111681540888,-0.33410039120578433,0.01050857332428022,-0.2272920566243054,-0.041049442052899426,0.8437026410785257,-0.09826118996237757
2025-10-29 22:00:00+00:00,-0.14366761605490386,-0.33221653050304273,-0.007226541433913494,-0.2272920566243054,-0.04927946674936006,0.8436197504253294,-0.09415843323745486
2025-10-29 23:00:00+00:00,-0.15153959826905836,-0.33221653050304273,-0.016189823128456075,-0.2272920566243054,-0.06748808955311589,0.8435597724853566,-0.09149328742438188
2025-10-30 00:00:00+00:00,-0.16202578610996923,-0.322377715312474,-0.022306746327071754,-0.221629110386947,-0.07644046650454468,0.8435597724853566,-0.09149328742438188
2025-10-30 01:00:00+00:00,-0.17344936030201083,-0.322377715312474,-0.03449969258446932,-0.2272920566243054,-0.08560662561937339,0.8435597724853566,-0.08872649136448886
2025-10-30 02:00:00+00:00,-0.17495339444190103,-0.31857115114703494,-0.033636866141145194,-0.2272920566243054,-0.08543346256390288,0.8435597724853566,-0.08872649136448886
2025-10-30 03:00:00+00:00,-0.17649711189038622,-0.31857115114703494,-0.03312229547056892,-0.2272920566243054,-0.08560662561937339,0.8435597724853566,-0.08872649136448886
2025-10-30 04:00:00+00:00,-0.17815921767261048,-0.31857115114703494,-0.032264079156189694,-0.2257524426733071,-0.08580846402821839,0.8435597724853566,-0.08903158462380674
2025-10-30 05:00:00+00:00,-0.1799504412747401,-0.31857115114703494,-0.031483494071472815,-0.2257524426733071,-0.08580846402821839,0.8435597724853566,-0.0890069920620868
2025-10-30 06:00:00+00:00,-0.1820823590427665,-0.3202621474440568,-0.02278158329986754,-0.23148064731034193,-0.07569947628397625,0.8422502306442174,-0.08478422475444494
2025-10-30 07:00:00+00:00,-0.17015835315454358,-0.3134236153216861,-0.0009141087488281388,-0.2261676778811672,-0.06538000787158317,0.8417897684521957,-0.08478422475444494
2025-10-30 08:00:00+00:00,-0.15374864572515776,-0.3134236153216861,0.016814530140898856,-0.22090699145140708,-0.05524215557949943,0.8413506321861174,-0.08478422475444494
2025-10-30 09:00:00+00:00,-0.14225043970341528,-0.3134236153216861,0.03803527925012943,-0.21137172732128276,-0.03614736381774036,0.8423968047766214,-0.08478422475444494
2025-10-30 10:00:00+00:00,-0.12636529264260865,-0.3134236153216861,0.05272967810006226,-0.20705136327277057,-0.02681334126516247,0.8439196200074384,-0.08478422475444494
2025-10-30 11:00:00+00:00,-0.10641603878894573,-0.32252548177981794,0.07720140021990013,-0.19970518853342492,0.0006050396226368132,0.8463346138267556,-0.0779297217407418
2025-10-30 12:00:00+00:00,-0.08819791655999945,-0.32163983767010795,0.10918506574832297,-0.20074547249126207,0.027662229602572252,0.8489692612598239,-0.07370376577418629
2025-10-30 13:00:00+00:00,-0.06121166904777226,-0.32163983767010795,0.14734029935890972,-0.19253797493665603,0.04600883351939611,0.8496929913429306,-0.07370376577418629
2025-10-30 14:00:00+00:00,-0.030175004391819575,-0.32163983767010795,0.1874353503357102,-0.19253797493665603,0.0641160620624929,0.8496929913429306,-0.07370376577418629
2025-10-30 15:00:00+00:00,-0.0030936011090824016,-0.33135241808266436,0.21659430097310078,-0.18433144074852625,0.08199978200912096,0.8496929913429306,-0.07370376577418629
2025-10-30 16:00:00+00:00,-0.02878339846766085,-0.34399858091135477,0.18674576292046147,-0.19930657480790548,0.06433962989992,0.8485243033260219,-0.07370376577418629
2025-10-30 17:00:00+00:00,-0.05463205950082005,-0.35406846134637043,0.15432733536971502,-0.21421723600091613,0.046906077679028074,0.847386815755296,-0.08280782867680388
2025-10-30 18:00:00+00:00,-0.08017104109933788,-0.3613692537297837,0.11486458621495974,-0.22729831173944423,0.046906077679028074,0.8442477862800978,-0.07832185276202877
2025-10-30 19:00:00+00:00,-0.09792041230520232,-0.36858668164211317,0.07630473120354422,-0.23836956993811037,0.029684784668372124,0.841114048029922,-0.07832185276202877
2025-10-30 20:00:00+00:00,-0.1045919183021706,-0.37606681589336594,0.046031037241824654,-0.25086249129552884,0.014387488426329139,0.8392603631072436,-0.08381267862140003
2025-10-30 21:00:00+00:00,-0.1045919183021706,-0.37606681589336594,0.031235775658347124,-0.2519653461845708,-0.0017405772397127211,0.8392603631072436,-0.08570079449139546
2025-10-30 22:00:00+00:00,-0.10754308241205718,-0.37606681589336594,0.01646295552154426,-0.2519653461845708,-0.01814668509844718,0.8392603631072436,-0.08570079449139546
2025-10-30 23:00:00+00:00,-0.11454386929536937,-0.3690088124119596,0.004716696631522269,-0.2519653461845708,-0.02672817484417545,0.8392603631072436,-0.08084753225370679
2025-10-31 00:00:00+00:00,-0.12467957837936532,-0.3690088124119596,-0.0074108937636018345,-0.24747181855389036,-0.03557897100131668,0.8392603631072436,-0.07816067483606505
2025-10-31 01:00:00+00:00,-0.13125092570634908,-0.3788740219280563,-0.016851631382105284,-0.2430256306498829,-0.03557897100131668,0.8412463488212127,-0.07816067483606505
2025-10-31 02:00:00+00:00,-0.1322192908601177,-0.3788740219280563,-0.01655733910188429,-0.24231177561011788,-0.0355333460307276,0.8412463488212127,-0.07816067483606505
2025-10-31 03:00:00+00:00,-0.13332734563807982,-0.3788740219280563,-0.015961165064757726,-0.24161404543417608,-0.0355333460307276,0.8410686761848188,-0.07798652474893811
2025-10-31 04:00:00+00:00,-0.13513454620002271,-0.3788740219280563,-0.015658973760030198,-0.2409320406130494,-0.0355333460307276,0.8420295644369038,-0.07781614748505647
2025-10-31 05:00:00+00:00,-0.13628786113054742,-0.3788740219280563,-0.015130575072415787,-0.2409320406130494,-0.034753317962323754,0.8430119306144443,-0.07780676729612768
2025-10-31 06:00:00+00:00,-0.14015577628864181,-0.37929848334940486,-0.009871193921212473,-0.23898628604411037,-0.037184610781510814,0.8455373358067546,-0.07668275185691069
2025-10-31 07:00:00+00:00,-0.1443138258888353,-0.3742795519308378,-0.0012238688261621182,-0.23270209349727028,-0.029908818223354967,0.8537817155193749,-0.07061001675219312
2025-10-31 08:00:00+00:00,-0.14014000168631072,-0.36782805526020856,0.013266658854558584,-0.22825307908169554,-0.020303367875888975,0.8544836600002377,-0.07061001675219312
2025-10-31 09:00:00+00:00,-0.13408764284791036,-0.3742795519308378,0.020603844077395857,-0.2238364903107674,-0.010783434057445805,0.8574004847527179,-0.07327855635384332
2025-10-31 10:00:00+00:00,-0.13045821891026185,-0.3742795519308378,0.03220065816150411,-0.2275026559686487,-0.001342595846098636,0.8605768345457291,-0.07575169762806719
2025-10-31 11:00:00+00:00,-0.13307658400919273,-0.38225594521184064,0.04007674626224072,-0.22492178124784087,0.014032645565927936,0.868297119533507,-0.07882163951197636
2025-10-31 12:00:00+00:00,-0.1318378957207214,-0.3959014085676528,0.047837628267977945,-0.22238745158163947,0.02896839574883434,0.879814158563031,-0.08182265871297319
2025-10-31 13:00:00+00:00,-0.12792872116343787,-0.3871702919887999,0.062169097034728005,-0.20880604522071014,0.04665948684265554,0.8827025447676492,-0.08655568981807729
2025-10-31 14:00:00+00:00,-0.12792872116343787,-0.3871702919887999,0.08405167503292525,-0.20880604522071014,0.06424270399053769,0.8857924764417571,-0.09129049632204697
2025-10-31 15:00:00+00:00,-0.12019678080893842,-0.3871702919887999,0.1061380102025032,-0.20164458136273783,0.0817281310938129,0.8890972280983592,-0.0960272440591671
2025-10-31 16:00:00+00:00,-0.12019678080893842,-0.3871702919887999,0.09271185781211326,-0.20164458136273783,0.06444603846362318,0.8890972280983592,-0.0960272440591671
2025-10-31 17:00:00+00:00,-0.12019678080893842,-0.3775439757398756,0.07860090260611231,-0.20164458136273783,0.029625895492131172,0.8890972280983592,-0.10031080121971378
2025-10-31 18:00:00+00:00,-0.12852912160092456,-0.3775439757398756,0.057171848193121766,-0.21391269978073313,-0.020189397525237317,0.8890972280983592,-0.10031080121971378
2025-10-31 19:00:00+00:00,-0.13658181592043958,-0.3706125703033206,0.03596444733973455,-0.23501091547770633,-0.06600270136603092,0.8890972280983592,-0.10031080121971378
2025-10-31 20:00:00+00:00,-0.13613561023169524,-0.3612993949262837,0.02194501329756352,-0.23623944114181733,-0.08867993722892403,0.8880514009759266,-0.09676661213194387
2025-10-31 21:00:00+00:00,-0.1261501773502277,-0.3516390824280425,0.004193611570836172,-0.23785534762671776,-0.09577871725361192,0.8905936349290072,-0.0932638990247611
2025-10-31 22:00:00+00:00,-0.12959616986816963,-0.3516390824280425,-0.002896279739736274,-0.23999000239527798,-0.11163954249068994,0.8905936349290072,-0.09541500897786317
2025-10-31 23:00:00+00:00,-0.13181775464013795,-0.34441005750042775,-0.010158766480897948,-0.24345463475694878,-0.1189212534229443,0.8905936349290072,-0.09288487863100846
2025-11-01 00:00:00+00:00,-0.13704818644827169,-0.34441005750042775,-0.017761256433094213,-0.2560710461957196,-0.13541771500654004,0.8906478381287473,-0.09288487863100846
2025-11-01 01:00:00+00:00,-0.14533602628579537,-0.34441005750042775,-0.021733398729155563,-0.2690654721260654,-0.14284790467365058,0.8878944470308296,-0.0901276542943631
2025-11-01 02:00:00+00:00,-0.14843865822451885,-0.34020053640102393,-0.021881905273994355,-0.2721635154635721,-0.14276489539997267,0.8867409974415787,-0.08957638544010714
2025-11-01 03:00:00+00:00,-0.15008065950498597,-0.34020053640102393,-0.022282883316952776,-0.27544242287005416,-0.14261784499236616,0.8856863088270276,-0.08926998830745927
2025-11-01 04:00:00+00:00,-0.15178826161071446,-0.34020053640102393,-0.022452207998530132,-0.2789170989612966,-0.1405956448512183,0.8847292715533277,-0.08926998830745927
2025-11-01 05:00:00+00:00,-0.15256989034740615,-0.33862918825370425,-0.02253705956834447,-0.28260428225199585,-0.13870720251853105,0.883868878416778,-0.08926998830745927
2025-11-01 06:00:00+00:00,-0.1533661788583319,-0.3380643072714675,-0.02253705956834447,-0.28260428225199585,-0.13888576538338254,0.882084394646708,-0.08943452113566326
2025-11-01 07:00:00+00:00,-0.15728286272006972,-0.3444598654436086,-0.014424697762534225,-0.2784900040556678,-0.1225634318245292,0.8793106786002969,-0.08943452113566326
2025-11-01 08:00:00+00:00,-0.16588518500616672,-0.3509137405230584,-0.006288022458032633,-0.2694708864219348,-0.09691978190434161,0.8770105920856757,-0.08943452113566326
2025-11-01 09:00:00+00:00,-0.16974324411124445,-0.3509137405230584,-0.006288022458032633,-0.26060646498884943,-0.08183294648159764,0.8751442632659678,-0.08943452113566326
2025-11-01 10:00:00+00:00,-0.1713398283214648,-0.3509137405230584,-0.006288022458032633,-0.25743197029659187,-0.06873066709833635,0.8684551407239908,-0.08710397035855094
2025-11-01 11:00:00+00:00,-0.16806778875523473,-0.35632505441759454,-0.0014133275107076435,-0.24817265965768778,-0.05702397303946263,0.8680063809899263,-0.08890532059383265
2025-11-01 12:00:00+00:00,-0.16896069414506715,-0.36191861211063264,0.003521367023122348,-0.23872055498078548,-0.04500214479433888,0.8633011100318485,-0.09319941029587302
2025-11-01 13:00:00+00:00,-0.18569696214065626,-0.37134668897449413,-0.00472665184803279,-0.2242652748006795,-0.030323678596901233,0.8604315518073234,-0.09790631113432556
2025-11-01 14:00:00+00:00,-0.2031902850450914,-0.392841897113516,-0.01292784488775134,-0.21670279663201328,-0.04500214479433888,0.8583793212705132,-0.10275034449542918
2025-11-01 15:00:00+00:00,-0.21140621431906725,-0.40506100481739876,-0.01292784488775134,-0.20916685052285758,-0.04500214479433888,0.8570356859987461,-0.10760986201645242
2025-11-01 16:00:00+00:00,-0.19766210445056662,-0.3956261264605196,-0.01292784488775134,-0.2158912666954692,-0.04500214479433888,0.8569739684940632,-0.09892571033676247
2025-11-01 17:00:00+00:00,-0.18403735041049163,-0.38615957751447577,-0.020932315327405155,-0.23001995361039967,-0.05867523793836059,0.8569739684940632,-0.09462094279359858
2025-11-01 18:00:00+00:00,-0.17563730288919882,-0.38615957751447577,-0.02886662680761323,-0.23001995361039967,-0.08423447408267135,0.8569739684940632,-0.09462094279359858
2025-11-01 19:00:00+00:00,-0.17658745985327093,-0.38332110952999915,-0.02190781245807514,-0.23067560443358412,-0.09368732340869675,0.8558847544795916,-0.08899328905261289
2025-11-01 20:00:00+00:00,-0.17713701826714784,-0.37495193411141264,-0.01879587878704316,-0.22530469713999782,-0.10309659664474409,0.85477384693975,-0.08526777113292613
2025-11-01 21:00:00+00:00,-0.17508020763618176,-0.366506161335486,-0.023837737468880415,-0.2218337542152179,-0.11249666906105041,0.8536406522003595,-0.0772053914173255
2025-11-01 22:00:00+00:00,-0.17859731457962652,-0.366506161335486,-0.023837737468880415,-0.22444786301973954,-0.12490390260712256,0.8536406522003595,-0.07943263264441261
2025-11-01 23:00:00+00:00,-0.18735766710413387,-0.366506161335486,-0.028006589813430405,-0.23171454499497451,-0.1317434389390951,0.8536406522003595,-0.08782573994379718
2025-11-02 00:00:00+00:00,-0.1987023407519554,-0.366506161335486,-0.036878568695393805,-0.24606492523050294,-0.14709572882042185,0.8519138764044244,-0.09345841955571026
2025-11-02 01:00:00+00:00,-0.20453730118883734,-0.366506161335486,-0.04571249645732885,-0.2609894396872866,-0.1722061809746007,0.85025908110277,-0.09625219969137
2025-11-02 02:00:00+00:00,-0.206161262262423,-0.366506161335486,-0.04668295534209369,-0.2653008280708975,-0.16875649403652526,0.8516107603338999,-0.0966295452075278
2025-11-02 03:00:00+00:00,-0.20710700219504702,-0.366506161335486,-0.047161469592840566,-0.26990957927773085,-0.1656125821085246,0.8523660857213513,-0.0966295452075278
2025-11-02 04:00:00+00:00,-0.2080681761954923,-0.366506161335486,-0.04752112576574483,-0.27484799919591735,-0.16521805282072244,0.8506161467076919,-0.09822601636367866
2025-11-02 05:00:00+00:00,-0.2097970026665138,-0.366506161335486,-0.04766575280505395,-0.27732535034366446,-0.16243583611073903,0.8490265149358533,-0.09900114739237913
2025-11-02 06:00:00+00:00,-0.20425757483979606,-0.3655889963323425,-0.041861379505592114,-0.2736042738052391,-0.15428400653558838,0.8490240043544838,-0.09742350651048512
2025-11-02 07:00:00+00:00,-0.21647683528981987,-0.37245958061201234,-0.041861379505592114,-0.2642372990716456,-0.13365741399246983,0.8513970800108775,-0.09446745423247044
2025-11-02 08:00:00+00:00,-0.22467917734514484,-0.37940332781049907,-0.03253884278594045,-0.2550023332686371,-0.10900134776993936,0.8510408386699284,-0.09153993429670573
2025-11-02 09:00:00+00:00,-0.22995089031595245,-0.38642278690227194,-0.03253884278594045,-0.24589290299064318,-0.10240894030724162,0.8538268167448312,-0.09153993429670573
2025-11-02 10:00:00+00:00,-0.22995089031595245,-0.38642278690227194,-0.03253884278594045,-0.24181200150693252,-0.09017668376227185,0.8541401918852739,-0.08638557141307818
2025-11-02 11:00:00+00:00,-0.22774840846904526,-0.3887966455978791,-0.026563674522876408,-0.23789076704093973,-0.07195245903704522,0.855781376082871,-0.08303041912950862
2025-11-02 12:00:00+00:00,-0.2300712496619443,-0.39123257628593655,-0.020445988129577656,-0.23388390750417234,-0.06543487061790941,0.8580321753145667,-0.0769009927361974
2025-11-02 13:00:00+00:00,-0.23520188701017408,-0.39123257628593655,-0.02963567477223876,-0.2257922647122994,-0.05280950015481027,0.33985685596042214,-0.07171247768415553
2025-11-02 14:00:00+00:00,-0.2403588198529913,-0.39123257628593655,-0.02963567477223876,-0.21771450011583335,-0.05280950015481027,0.34400466040217975,-0.06653861131206724
2025-11-02 15:00:00+00:00,-0.24985249072993013,-0.39123257628593655,-0.020542265485734734,-0.20964986794321663,-0.04062378904100109,0.34672571520752626,-0.06137912032401116
2025-11-02 16:00:00+00:00,-0.24985249072993013,-0.36880695774882294,-0.020542265485734734,-0.21728615910902266,-0.05248546277364093,0.34277549978786853,-0.06137912032401116
2025-11-02 17:00:00+00:00,-0.24985249072993013,-0.3589633844308286,-0.020542265485734734,-0.22492347939654111,-0.0642705084313175,0.3414993832297066,-0.06610701849948754
2025-11-02 18:00:00+00:00,-0.25971861174510913,-0.3417342230929303,-0.020542265485734734,-0.23174553155255936,-0.0759825531206485,0.3401810507279756,-0.06610701849948754
2025-11-02 19:00:00+00:00,-0.276152206983344,-0.32413123651713066,-0.020542265485734734,-0.2444232459292762,-0.08762510398695508,0.33886222143302713,-0.07071075146031126
2025-11-02 20:00:00+00:00,-0.29013551194657183,-0.3164586612861651,-0.038141330216173906,-0.2502565647607783,-0.12216921067450975,0.3375428907657694,-0.07071075146031126
2025-11-02 21:00:00+00:00,-0.28687925479182524,-0.3042865036812509,-0.048691476543156816,-0.24790425766739108,-0.14201461223171477,0.33673481608466255,-0.06272891258540803
2025-11-02 22:00:00+00:00,-0.2890311667443721,-0.29976167734592746,-0.048691476543156816,-0.250769389472109,-0.14201461223171477,0.33673481608466255,-0.06272891258540803
2025-11-02 23:00:00+00:00,-0.29433535629304575,-0.30686088545630574,-0.05770075778235161,-0.250769389472109,-0.14873590040600998,0.33673481608466255,-0.06829518826664685
2025-11-03 00:00:00+00:00,-0.29977002454850193,-0.30686088545630574,-0.0674246501782892,-0.250769389472109,-0.1555489058787275,0.3361331523242394,-0.06544973743329349
2025-11-03 01:00:00+00:00,-0.3026539493376304,-0.30686088545630574,-0.07257108627313798,-0.250769389472109,-0.16245761330693978,0.3361331523242394,-0.06819697357377141
2025-11-03 02:00:00+00:00,-0.3035427009557705,-0.30686088545630574,-0.0731509921266892,-0.2531714027413127,-0.16328132474432108,0.3361331523242394,-0.06844335515799498
2025-11-03 03:00:00+00:00,-0.3041595208117818,-0.30686088545630574,-0.07338210559491493,-0.2531714027413127,-0.16650239485338894,0.3362244830403181,-0.06844335515799498
2025-11-03 04:00:00+00:00,-0.3047829072720252,-0.30686088545630574,-0.0736202194238338,-0.250769389472109,-0.16744162244396335,0.33631621212243734,-0.06869425011577043
2025-11-03 05:00:00+00:00,-0.3054129535109432,-0.30686088545630574,-0.07349140605202982,-0.2523200224485809,-0.16841380467911551,0.33631621212243734,-0.06885612219910846
2025-11-03 06:00:00+00:00,-0.2995058764096794,-0.3119533063179514,-0.0634877815596992,-0.24521835921924542,-0.16841380467911551,0.33631621212243734,-0.06078821757579714
2025-11-03 07:00:00+00:00,-0.2903458367030593,-0.3197216226506167,-0.05838390726813671,-0.23649709565686433,-0.16145625334625693,0.33631621212243734,-0.055203976493223124
2025-11-03 08:00:00+00:00,-0.2841074144499851,-0.3197216226506167,-0.048103674588359305,-0.231782215391403,-0.14634212740549574,0.33631621212243734,-0.052403780510785904
2025-11-03 09:00:00+00:00,-0.2814116638195211,-0.3197216226506167,-0.038491637018811836,-0.22710734721230827,-0.13958517499568782,0.33631621212243734,-0.04969818252594033
2025-11-03 10:00:00+00:00,-0.2748914189501261,-0.3197216226506167,-0.028971576237674008,-0.22320710336669633,-0.12732536077023862,0.33631621212243734,-0.044393224037776305
2025-11-03 11:00:00+00:00,-0.266346370415266,-0.3197216226506167,-0.010450128473849768,-0.21549160328039357,-0.09092690507331422,0.33631621212243734,-0.029108214811342563
2025-11-03 12:00:00+00:00,-0.25738081873967017,-0.30846965932502823,0.0078471079195433,-0.20778035127734654,-0.07770719603034294,0.33631621212243734,-0.00890276314035157
2025-11-03 13:00:00+00:00,-0.24805057754358267,-0.3197216226506167,0.025454162448083656,-0.20007271190678166,-0.03834614950340492,0.33487924571155137,0.001178964520610821
2025-11-03 14:00:00+00:00,-0.23395748026521024,-0.3197216226506167,0.04235184131928985,-0.18405620429369346,-0.012206770962796019,0.33487924571155137,0.011194731367527494
2025-11-03 15:00:00+00:00,-0.214927526643282,-0.3158241824634718,0.056141549953875,-0.16099060598071177,-0.014320815843556867,0.3324692758049919,0.023766208113450593
2025-11-03 16:00:00+00:00,-0.22145001034814946,-0.3052963526616681,0.03889415500897951,-0.17543061446719302,-0.03875395212610887,0.3324692758049919,0.009151113161156424
2025-11-03 17:00:00+00:00,-0.22459675695505943,-0.2946933956298128,0.030478810311488493,-0.1823335485161909,-0.06266425996640504,0.3324692758049919,0.004317191726667825
2025-11-03 18:00:00+00:00,-0.23065457638400674,-0.2865362880948905,0.01366095998294736,-0.1823335485161909,-0.08609700710537797,0.3324692758049919,-0.005255611071371261
2025-11-03 19:00:00+00:00,-0.2366506206353461,-0.27822428229317686,-0.0025497990218863527,-0.18859645108976725,-0.10909330951857835,0.3311416216042362,-0.019377664042643298
2025-11-03 20:00:00+00:00,-0.24258698055946962,-0.27822428229317686,-0.025981041043953705,-0.18859645108976725,-0.1446295971365981,0.3324692758049919,-0.037299601622275975
2025-11-03 21:00:00+00:00,-0.24474749703052423,-0.27822428229317686,-0.03653865846253012,-0.1905016156978297,-0.15047319934823603,0.33307035494260273,-0.04341812218571215
2025-11-03 22:00:00+00:00,-0.2468973241057461,-0.2735578349948043,-0.04006758677852466,-0.19606388314497367,-0.1635503719317668,0.3336714043128437,-0.047792896795688856
2025-11-03 23:00:00+00:00,-0.25157493751129334,-0.2735578349948043,-0.04780246214857804,-0.2040636053949963,-0.1768973534274078,0.33427242560470216,-0.0502454277234153
2025-11-04 00:00:00+00:00,-0.2535302746696655,-0.2735578349948043,-0.05601068203479108,-0.21487116509626727,-0.1844828665343517,0.3354334863833398,-0.04773548731525805
2025-11-04 01:00:00+00:00,-0.25851163620809603,-0.2797906351699489,-0.05913913253805469,-0.22688308508619195,-0.19579636993158006,0.33439697439603855,-0.059558244350347234
2025-11-04 02:00:00+00:00,-0.25940145866886977,-0.28343912063356325,-0.05913913253805469,-0.2284912122066719,-0.19935985297030354,0.33439697439603855,-0.059795197768573956
2025-11-04 03:00:00+00:00,-0.2597488725488185,-0.28343912063356325,-0.05937204764900445,-0.23014140143742942,-0.2012187034179758,0.3343206294511605,-0.060035935818438156
2025-11-04 04:00:00+00:00,-0.2600995050712671,-0.2797906351699489,-0.059399617345247416,-0.23438934748954474,-0.20314890521738171,0.3342446704480904,-0.060453216065292116
2025-11-04 05:00:00+00:00,-0.26045338849454913,-0.2797906351699489,-0.05925106717685767,-0.23619585302799406,-0.2051546859099958,0.3341690966816567,-0.06047583020328895
2025-11-04 06:00:00+00:00,-0.25317226034122137,-0.2851615664982187,-0.04663456696427572,-0.23115331882297255,-0.19866834059858732,0.33336824210297394,-0.055505753981778615
2025-11-04 07:00:00+00:00,-0.23883095364548873,-0.2932194707251633,-0.042388356607914256,-0.22653210833221293,-0.192191949720461,0.33260851368521027,-0.05300713110721014
2025-11-04 08:00:00+00:00,-0.2310254397774691,-0.2932194707251633,-0.03011053809720495,-0.2219443722259912,-0.17751938026153646,0.3318492518501826,-0.045440261952255645
2025-11-04 09:00:00+00:00,-0.2218985511385661,-0.30140494897204223,-0.02234593590477639,-0.21738926292113303,-0.16315508249014732,0.3302919708043756,-0.03820271158815334
2025-11-04 10:00:00+00:00,-0.21772950516948897,-0.30140494897204223,-0.011232155376908411,-0.21362775847253246,-0.15195219141566413,0.3288168199232431,-0.03356678093299783
2025-11-04 11:00:00+00:00,-0.20998343995114704,-0.28957832672964867,0.01050625216653989,-0.2059218227501181,-0.15195219141566413,0.3243718451395411,-0.024439045637211273
2025-11-04 12:00:00+00:00,-0.19822203816794717,-0.28957832672964867,0.017566566888546253,-0.18274517985947042,-0.13905863720464487,0.32293052129083244,-0.015348058360837746
2025-11-04 13:00:00+00:00,-0.18617053598122563,-0.30140494897204223,0.03129265101024479,-0.1666335413638868,-0.11211925807013386,0.32152845307142724,-0.006292435809950248
2025-11-04 14:00:00+00:00,-0.17810516795253553,-0.30140494897204223,0.05125414424525019,-0.14335308374484146,-0.08559904588148162,0.31876265397856574,0.007215099716329596
2025-11-04 15:00:00+00:00,-0.16249989118459726,-0.2856955710719439,0.08705437386068231,-0.12149434911456936,-0.06988102535940544,0.3132914281871204,0.026444936391954423
2025-11-04 16:00:00+00:00,-0.1718896021042763,-0.2856955710719439,0.06619656282333533,-0.12903873156251697,-0.09469293155370899,0.3119528095757172,0.01316656296871203
2025-11-04 17:00:00+00:00,-0.18117798113089148,-0.2856955710719439,0.045482809988221067,-0.1365536862570466,-0.11923624258380296,0.3145147817648884,0.004362002613015958
2025-11-04 18:00:00+00:00,-0.1899739259497225,-0.27732971573698173,0.0320244264462589,-0.1365536862570466,-0.1577906381012379,0.31585200972420596,-0.012930653108113421
2025-11-04 19:00:00+00:00,-0.19865106132050073,-0.25736660010046214,0.018949728622880555,-0.1365536862570466,-0.18209797118791543,0.3184863844636558,-0.025596491632637313
2025-11-04 20:00:00+00:00,-0.20041877311414122,-0.24474333746627575,0.01845132153161251,-0.1318487448570842,-0.20279570357535898,0.31969437536730283,-0.030406806643134787
2025-11-04 21:00:00+00:00,-0.20631485504959643,-0.24474333746627575,0.008821675981883366,-0.12912104326057453,-0.2143887020719136,0.32032368405958067,-0.034412473801665844
2025-11-04 22:00:00+00:00,-0.2107065443478728,-0.24474333746627575,0.0025765652532613696,-0.12912104326057453,-0.22595608356969812,0.320952961542872,-0.03648728678807918
2025-11-04 23:00:00+00:00,-0.21367606214304827,-0.25236055093590154,-0.0005109505835949152,-0.13326604837119907,-0.23483845375517667,0.3221724650496694,-0.040917079454939914
2025-11-05 00:00:00+00:00,-0.21367606214304827,-0.25236055093590154,-0.0036075048567683924,-0.13326604837119907,-0.24398130420045122,0.32339166896448324,-0.04558478373878957
2025-11-05 01:00:00+00:00,-0.2211354545464042,-0.2586517008714398,-0.010397624401906825,-0.14628939532481805,-0.25917017585918806,0.3225924327636357,-0.055415427506742686
2025-11-05 02:00:00+00:00,-0.22196793265597137,-0.2586517008714398,-0.010556385189677107,-0.14766277635994973,-0.26351846628478004,0.32246371061478835,-0.055415427506742686
2025-11-05 03:00:00+00:00,-0.22253119245587077,-0.2586517008714398,-0.01062487542890442,-0.14907773736376123,-0.2671294896962585,0.3223804843455948,-0.05605394873395437
2025-11-05 04:00:00+00:00,-0.2231029464819375,-0.2586517008714398,-0.01083303970730527,-0.1505363848810834,-0.27201295963364447,0.3222540181367363,-0.05671480696387769
2025-11-05 05:00:00+00:00,-0.2241925552898838,-0.2586517008714398,-0.010967091712182669,-0.15297978997926992,-0.27315134718725437,0.32221072531282935,-0.057206370586312595
2025-11-05 06:00:00+00:00,-0.21427756416957688,-0.2586517008714398,0.0012229326813459928,-0.14916687329174974,-0.27045262387105673,0.32144764795191944,-0.05056503693010092
2025-11-05 07:00:00+00:00,-0.19778838003623853,-0.2586517008714398,0.010099363609005828,-0.14476495351540195,-0.25643003300364164,0.320685161495587,-0.043681811941770475
2025-11-05 08:00:00+00:00,-0.18442602811193246,-0.2586517008714398,0.015851103567905228,-0.1354991010815454,-0.23201902243680045,0.320685161495587,-0.036936547937490655
2025-11-05 09:00:00+00:00,-0.1735660030303914,-0.2586517008714398,0.030158033925088534,-0.1264073867919778,-0.21858220995960687,0.31996172940150613,-0.03041780100104091
2025-11-05 10:00:00+00:00,-0.16408179086450841,-0.2586517008714398,0.044604604846901943,-0.11504566101564477,-0.21300073343417486,0.3192386876374743,-0.024131305824269582
2025-11-05 11:00:00+00:00,-0.14542452421068655,-0.24632797430421718,0.06765875621647736,-0.09878620375408925,-0.18630812110740186,0.31779612606395374,-0.01143089531505166
2025-11-05 12:00:00+00:00,-0.12616426070725373,-0.22385244212477773,0.0957560380203794,-0.08253115111169074,-0.15972570805947245,0.31639205105513185,0.0012827338738056096
2025-11-05 13:00:00+00:00,-0.0999729711860066,-0.22385244212477773,0.12219190295571,-0.06627415442092009,-0.11818428012877921,0.3136219402699451,0.014012652342822767
2025-11-05 14:00:00+00:00,-0.07399173890540213,-0.22385244212477773,0.14775893380799643,-0.05825713493731348,-0.0779854923205432,0.3122555837501455,0.03095078403809202
2025-11-05 15:00:00+00:00,-0.0549596013931579,-0.23983705650703302,0.16081758011057712,-0.037809308947349296,-0.06501295130144898,0.3084468010668805,0.05202032401781135
2025-11-05 16:00:00+00:00,-0.07768768701692086,-0.23983705650703302,0.13179639185147193,-0.0461726141901112,-0.09115710384620333,0.3084468010668805,0.03473445204349681
2025-11-05 17:00:00+00:00,-0.10342938929248023,-0.2517968127898974,0.1085579589365549,-0.07067126411995651,-0.11513525662062823,0.3097660305499127,0.026103483632222278
2025-11-05 18:00:00+00:00,-0.12509481141286904,-0.2517968127898974,0.08519764069579001,-0.07848717217384504,-0.13835012181445983,0.3097660305499127,0.017550891961226327
2025-11-05 19:00:00+00:00,-0.14316988810743878,-0.2517968127898974,0.06259064197690524,-0.07848717217384504,-0.13835012181445983,0.3097660305499127,0.004856276125764813
2025-11-05 20:00:00+00:00,-0.1510915500455493,-0.25434225080228084,0.04498896505512685,-0.07848717217384504,-0.14288656340879927,0.3097660305499127,-0.0035578225962386197
2025-11-05 21:00:00+00:00,-0.15736956012196504,-0.2568944939373038,0.028715738258200642,-0.08157715206002968,-0.1473431278335194,0.3104095834716233,-0.011708248498095793
2025-11-05 22:00:00+00:00,-0.16355200530310496,-0.2568944939373038,0.013193161087579336,-0.08853529865712631,-0.15437279718672098,0.31105311231532956,-0.0157799702561371
2025-11-05 23:00:00+00:00,-0.17150364825727588,-0.26459019397876943,0.0004970108638253679,-0.09672943823202873,-0.16721274911490408,0.31169661890379097,-0.019987510912683817
2025-11-06 00:00:00+00:00,-0.17717236797690145,-0.26459019397876943,-0.00722249047650839,-0.10102535557784117,-0.1744466149834409,0.3129460305561738,-0.022141724925602846
2025-11-06 01:00:00+00:00,-0.18622556129412476,-0.2710978012639271,-0.020425199620550748,-0.10634442778302425,-0.1818146330184516,0.3129990970224249,-0.034967284037302884
2025-11-06 02:00:00+00:00,-0.18765840709340667,-0.275230666195431,-0.021101385617898132,-0.10675378507531309,-0.18306607861484964,0.31298935923195126,-0.03596470185198112
2025-11-06 03:00:00+00:00,-0.1897841729868934,-0.275230666195431,-0.021732098080810773,-0.10716936579760782,-0.1818146330184516,0.31298088480544195,-0.036579201301351165
2025-11-06 04:00:00+00:00,-0.1919956751230858,-0.275230666195431,-0.022462790949789507,-0.10759129993235277,-0.1818146330184516,0.312973672287208,-0.03696129616698273
2025-11-06 05:00:00+00:00,-0.19557281310648983,-0.2807357977059144,-0.01803917310764106,-0.10476165638434357,-0.175821365671711,0.31114374872549777,-0.03936354947190053
2025-11-06 06:00:00+00:00,-0.1994115041642079,-0.28120009606509283,-0.008636177461223712,-0.10297538358786985,-0.1700100744235983,0.30935829348484056,-0.03552756041414797
2025-11-06 07:00:00+00:00,-0.18999750586846453,-0.27330695462491944,0.008803776252568715,-0.09905575898334364,-0.16372222077477055,0.30742738254263946,-0.02926162692749644
2025-11-06 08:00:00+00:00,-0.17676182839800314,-0.26553749559461237,0.025405707693543264,-0.09478248218605147,-0.15612964142596203,0.30549809951767326,-0.023091985258543685
2025-11-06 09:00:00+00:00,-0.16349756563639642,-0.25788633891413254,0.04215113842861916,-0.09055405833782622,-0.15000227917637046,0.3042492497808103,-0.01908907920256791
2025-11-06 10:00:00+00:00,-0.14580498585735413,-0.25600905243434385,0.060912204599159414,-0.07183373889188371,-0.13339560538608236,0.30089311135485686,-0.017431322547423335
2025-11-06 11:00:00+00:00,-0.13168114059297484,-0.24931983079002823,0.0815336773519144,-0.05712188517239831,-0.11713113442520288,0.29763394723870756,-0.008016950634611828
2025-11-06 12:00:00+00:00,-0.11430298281867171,-0.2428117540162368,0.11045268403143026,-0.04286585802155784,-0.10118720935244715,0.2944690383100175,-0.0006714918712394938
2025-11-06 13:00:00+00:00,-0.0830643445166914,-0.23153011733455528,0.15197329035553328,-0.027831215438768455,-0.0664102804150271,0.2907438907216247,0.011287884034039814
2025-11-06 14:00:00+00:00,-0.04808239705311612,-0.21792325720102101,0.20367597800898773,-0.006645140737246198,-0.010817096451476785,0.28723067672088753,0.026476393968489817
2025-11-06 15:00:00+00:00,-0.018465619128512266,-0.21575341453279123,0.24796179742733002,0.0029450377324628696,0.015860893053658273,0.28384331789851297,0.041260914163314365
2025-11-06 16:00:00+00:00,-0.047102353472391674,-0.21575341453279123,0.2135563094692946,-0.01272681169531654,-0.008761560572226589,0.28517849072047446,0.02851362773105226
2025-11-06 17:00:00+00:00,-0.07981306980105474,-0.22788467641658258,0.17721495868226367,-0.028266062585835246,-0.033074718667906455,0.28651302588401845,0.01573042660961899
2025-11-06 18:00:00+00:00,-0.1051458072600164,-0.22788467641658258,0.14588925356555435,-0.04368069485384711,-0.044830961873126046,0.2878469282752907,0.0030284777954320795
2025-11-06 19:00:00+00:00,-0.11195617872418702,-0.22788467641658258,0.12714822499410736,-0.051225599069839645,-0.05064191674412779,0.2885284505352994,-0.003524552011406809
2025-11-06 20:00:00+00:00,-0.11499487134913644,-0.22788467641658258,0.1108306734111009,-0.06195791280836008,-0.056350059372445305,0.2892099574403573,-0.009965668999444892
2025-11-06 21:00:00+00:00,-0.11783274672584493,-0.22788467641658258,0.09482518777385406,-0.06867581649196797,-0.056350059372445305,0.28989145095344104,-0.01629181998224428
2025-11-06 22:00:00+00:00,-0.1208119482473552,-0.22788467641658258,0.07391710952471059,-0.0756772572241382,-0.049813702011717836,0.29121932372539244,-0.01843009910171414
2025-11-06 23:00:00+00:00,-0.12813886504314764,-0.22788467641658258,0.06431889190266307,-0.08307751975099932,-0.056350059372445305,0.2925469157174696,-0.022864826799312232
2025-11-07 00:00:00+00:00,-0.13856913950433541,-0.22788467641658258,0.05234558180681063,-0.0910107385485387,-0.06298608442187764,0.2945908851415188,-0.022864826799312232
2025-11-07 01:00:00+00:00,-0.15171924530253483,-0.23472505162898502,0.04427974858113074,-0.09731327290569129,-0.059004760740922285,0.295025520199463,-0.032455383591711205
2025-11-07 02:00:00+00:00,-0.15384614131154004,-0.23472505162898502,0.04365554576348557,-0.09799361983537594,-0.05850328303219918,0.2950357835890253,-0.03309067909432458
2025-11-07 03:00:00+00:00,-0.1575544143928664,-0.23472505162898502,0.043032820348380255,-0.09868230760600621,-0.05703042791937487,0.2951547870816994,-0.034120295277816584
2025-11-07 04:00:00+00:00,-0.16148571415802757,-0.23057939817788892,0.04241402378391775,-0.09937953964672885,-0.05703042791937487,0.2953882118897611,-0.03478890769797186
2025-11-07 05:00:00+00:00,-0.168389903569301,-0.23637379030078162,0.04317332256088217,-0.09885814498873456,-0.05830583731660729,0.29363640301069677,-0.03970400573227805
2025-11-07 06:00:00+00:00,-0.17566696079199998,-0.2378034159984277,0.045968322981275796,-0.09847047569200719,-0.05949247113245106,0.2921108097068767,-0.036944538637001784
2025-11-07 07:00:00+00:00,-0.1696072310140839,-0.23108456896385626,0.06523546181137624,-0.09847047569200719,-0.05949247113245106,0.2898100135972299,-0.033182736279230185
2025-11-07 08:00:00+00:00,-0.1637929634816319,-0.23108456896385626,0.07511469205155422,-0.09847047569200719,-0.05949247113245106,0.2870240701498092,-0.02946064162948643
2025-11-07 09:00:00+00:00,-0.1579447358858554,-0.23108456896385626,0.08719572816663228,-0.09847047569200719,-0.0543744225826592,0.28472888869576296,-0.025830184313382683
2025-11-07 10:00:00+00:00,-0.15605256040888307,-0.22985135405071225,0.0966002398208475,-0.0934708315102977,-0.055924809263683845,0.28102676887882205,-0.019454534864299593
2025-11-07 11:00:00+00:00,-0.15860275778078176,-0.23899808215724383,0.10345985566809507,-0.0885877839213767,-0.04687971750904879,0.2774264978147091,-0.018944942987964564
2025-11-07 12:00:00+00:00,-0.1611880708804329,-0.24788772657147976,0.11443478742160187,-0.0838182643011503,-0.03805178199367906,0.2751644118939889,-0.016477537223147366
2025-11-07 13:00:00+00:00,-0.1611880708804329,-0.2654857371684395,0.1373343846610421,-0.07729943790832745,-0.03805178199367906,0.7861541002561853,-0.012805309629692485
2025-11-07 14:00:00+00:00,-0.15797428455055537,-0.2654857371684395,0.164709244901585,-0.0707766643527733,-0.01738017413486916,0.796487167653006,-0.009131862584450326
2025-11-07 15:00:00+00:00,-0.15017712224964483,-0.2629572649155329,0.19595662784707266,-0.062489162150188786,0.007008432994573934,0.8114458907970188,-0.0048045326952191525
2025-11-07 16:00:00+00:00,-0.1545297764893183,-0.2769249077242402,0.17099267290924725,-0.07005344898826545,-0.005040917896262291,0.8263953247293256,-0.0048045326952191525
2025-11-07 17:00:00+00:00,-0.16313247524877383,-0.2769249077242402,0.14593528949383033,-0.0776280225028305,-0.02883046849881103,0.8294208363939821,-0.013201478607557776
2025-11-07 18:00:00+00:00,-0.1551287507034296,-0.2882877229754372,0.11517690815072058,-0.0776280225028305,-0.052162552470407006,0.8379634637484944,-0.02567544487696939
2025-11-07 19:00:00+00:00,-0.13999329104072816,-0.295449707670906,0.09210723926466367,-0.06954310864376977,-0.06696480587079154,0.8449082824038716,-0.02776218277163969
2025-11-07 20:00:00+00:00,-0.12062097509469483,-0.29129894529343653,0.07347685916892012,-0.061256749925918313,-0.06426583108829573,0.8520727075692714,-0.0299260872869128
2025-11-07 21:00:00+00:00,-0.11309817412542515,-0.29129894529343653,0.05928384940488606,-0.05725587376132719,-0.07644165930960642,0.8543950177180469,-0.036460480593711105
2025-11-07 22:00:00+00:00,-0.11309817412542515,-0.2968627082831344,0.04257535453309636,-0.061256749925918313,-0.0898290855162446,0.8567324256318356,-0.04327521433263043
2025-11-07 23:00:00+00:00,-0.11054535933357343,-0.28861389887243805,0.031612304216192766,-0.06989530163611658,-0.09699650892226845,0.8590849149135424,-0.04573115178015648
2025-11-08 00:00:00+00:00,-0.11345697954486776,-0.28861389887243805,0.020623586674910783,-0.08867086941417839,-0.10429025119756664,0.8614524732018711,-0.05086558753036668
2025-11-08 01:00:00+00:00,-0.11951329217459264,-0.28861389887243805,0.006481625318061948,-0.10847332644751963,-0.1182840511281021,0.8614524732018711,-0.04830657697453585
2025-11-08 02:00:00+00:00,-0.12162258623450992,-0.28861389887243805,0.004500092633611544,-0.11400222315987446,-0.12119273429027823,0.8614524732018711,-0.04830657697453585
2025-11-08 03:00:00+00:00,-0.12263566752238422,-0.2837819346408586,0.002837293141673541,-0.12000091368210591,-0.12321041666559969,0.8614524732018711,-0.04994611263439019
2025-11-08 04:00:00+00:00,-0.12263566752238422,-0.2723924412498165,0.0011192402291743107,-0.1288540432813182,-0.1262880724681774,0.8614524732018711,-0.051017467970327864
2025-11-08 05:00:00+00:00,-0.12263566752238422,-0.2723924412498165,-0.00020837592286907948,-0.13345424269948153,-0.12843802325771,0.8614524732018711,-0.05055815274888188
2025-11-08 06:00:00+00:00,-0.1261556070900783,-0.2723924412498165,0.01094740422230843,-0.1301350792757832,-0.11723745875463394,0.8607560309085234,-0.04886290385530533
2025-11-08 07:00:00+00:00,-0.135150527166767,-0.27738480894746387,0.02209716530566732,-0.1301350792757832,-0.10637879572177793,0.8600991363663104,-0.0453388062197758
2025-11-08 08:00:00+00:00,-0.14404438211911408,-0.28327981678248043,0.030905341715934717,-0.1301350792757832,-0.10637879572177793,0.8570708010193044,-0.041847774675873806
2025-11-08 09:00:00+00:00,-0.14930041972106317,-0.28327981678248043,0.042035389888557304,-0.13345424269948153,-0.1014987780182851,0.8541400089473062,-0.0384671981148876
2025-11-08 10:00:00+00:00,-0.15296582302631745,-0.2882120726138236,0.049003090653430705,-0.1301350792757832,-0.10539824975915793,0.851303150420227,-0.0384671981148876
2025-11-08 11:00:00+00:00,-0.15502378002996114,-0.2937720173929364,0.06346143031103837,-0.12705029214043112,-0.09751011897637862,0.842111098586843,-0.03881329212154872
2025-11-08 12:00:00+00:00,-0.1680174283186482,-0.3029194925782441,0.0785213586692153,-0.12705029214043112,-0.08664304275072683,0.8405962455461895,-0.03881329212154872
2025-11-08 13:00:00+00:00,-0.1844435301041409,-0.3029194925782441,0.08354903174757475,-0.11936871351583037,-0.09751011897637862,0.8391880682952225,-0.03881329212154872
2025-11-08 14:00:00+00:00,-0.20709159094439178,-0.3120315171456166,0.08858096439194835,-0.11936871351583037,-0.10836478024882926,0.8391880682952225,-0.03881329212154872
2025-11-08 15:00:00+00:00,-0.22693132731556248,-0.32464293563683333,0.11267795965741742,-0.12096637707285864,-0.07850236389095407,0.8314846721375141,-0.03363046686078768
2025-11-08 16:00:00+00:00,-0.20491867578996273,-0.3118915282344921,0.09497007329589019,-0.12096637707285864,-0.07850236389095407,0.8347158728502222,-0.02934370934477566
2025-11-08 17:00:00+00:00,-0.20491867578996273,-0.3118915282344921,0.06538767386958633,-0.1114419875327772,-0.07850236389095407,0.8347158728502222,-0.03359611382632476
2025-11-08 18:00:00+00:00,-0.2085230308894174,-0.3015459839652348,0.04730522589302878,-0.1019564870457211,-0.07850236389095407,0.8347158728502222,-0.037835307555847686
