time_utc,6.8x51mm Hybrid,7.62x51mm M62,7.62x54R BT,5.8x42mm DVC12,5.7x28mm SS190,7.62x39mm AP,9x39mm BP,4.6x30mm AP SX,12.7x55mm PS12B,5.56x45mm M995
2025-11-20 19:00:00+00:00,,,,,,,,,,
2025-11-20 20:00:00+00:00,,,,,,,,,,
2025-11-20 21:00:00+00:00,,,,,,,,,,
2025-11-20 22:00:00+00:00,,,,,,,,,,
2025-11-20 23:00:00+00:00,,,,,,,,,,
2025-11-21 00:00:00+00:00,,,,,,,,,,
2025-11-21 01:00:00+00:00,,,,,,,,,,
2025-11-21 02:00:00+00:00,,,,,,,,,,
2025-11-21 03:00:00+00:00,,,,,,,,,,
2025-11-21 04:00:00+00:00,,,,,,,,,,
2025-11-21 05:00:00+00:00,,,,,,,,,,
2025-11-21 06:00:00+00:00,,,,,,,,,,
2025-11-21 07:00:00+00:00,,,,,,,,,,
2025-11-21 08:00:00+00:00,,,,,,,,,,
2025-11-21 09:00:00+00:00,,,,,,,,,,
2025-11-21 10:00:00+00:00,,,,,,,,,,
2025-11-21 11:00:00+00:00,,,,,,,,,,
2025-11-21 12:00:00+00:00,,,,,,,,,,
2025-11-21 13:00:00+00:00,,,,,,,,,,
2025-11-21 14:00:00+00:00,,,,,,,,,,
2025-11-21 15:00:00+00:00,,,,,,,,,,
2025-11-21 16:00:00+00:00,,,,,,,,,,
2025-11-21 17:00:00+00:00,,,,,,,,,,
2025-11-21 18:00:00+00:00,,,,,,,,,,
2025-11-21 19:00:00+00:00,,,,,,,,,,
2025-11-21 20:00:00+00:00,,,,,,,,,,
2025-11-21 21:00:00+00:00,,,,,,,,,,
2025-11-21 22:00:00+00:00,,,,,,,,,,
2025-11-21 23:00:00+00:00,,,,,,,,,,
2025-11-22 00:00:00+00:00,,,,,,,,,,
2025-11-22 01:00:00+00:00,,,,,,,,,,
2025-11-22 02:00:00+00:00,,,,,,,,,,
2025-11-22 03:00:00+00:00,,,,,,,,,,
2025-11-22 04:00:00+00:00,,,,,,,,,,
2025-11-22 05:00:00+00:00,,,,,,,,,,
2025-11-22 06:00:00+00:00,,,,,,,,,,
2025-11-22 07:00:00+00:00,,,,,,,,,,
2025-11-22 08:00:00+00:00,,,,,,,,,,
2025-11-22 09:00:00+00:00,,,,,,,,,,
2025-11-22 10:00:00+00:00,,,,,,,,,,
2025-11-22 11:00:00+00:00,,,,,,,,,,
2025-11-22 12:00:00+00:00,,,,,,,,,,
2025-11-22 13:00:00+00:00,,,,,,,,,,
2025-11-22 14:00:00+00:00,,,,,,,,,,
2025-11-22 15:00:00+00:00,,,,,,,,,,
2025-11-22 16:00:00+00:00,,,,,,,,,,
2025-11-22 17:00:00+00:00,,,,,,,,,,
2025-11-22 18:00:00+00:00,,,,,,,,,,
2025-11-22 19:00:00+00:00,,,,,,,,,,
2025-11-22 20:00:00+00:00,,,,,,,,,,
2025-11-22 21:00:00+00:00,,,,,,,,,,
2025-11-22 22:00:00+00:00,,,,,,,,,,
2025-11-22 23:00:00+00:00,,,,,,,,,,
2025-11-23 00:00:00+00:00,,,,,,,,,,
2025-11-23 01:00:00+00:00,,,,,,,,,,
2025-11-23 02:00:00+00:00,,,,,,,,,,
2025-11-23 03:00:00+00:00,,,,,,,,,,
2025-11-23 04:00:00+00:00,,,,,,,,,,
2025-11-23 05:00:00+00:00,,,,,,,,,,
2025-11-23 06:00:00+00:00,,,,,,,,,,
2025-11-23 07:00:00+00:00,,,,,,,,,,
2025-11-23 08:00:00+00:00,,,,,,,,,,
2025-11-23 09:00:00+00:00,,,,,,,,,,
2025-11-23 10:00:00+00:00,,,,,,,,,,
2025-11-23 11:00:00+00:00,,,,,,,,,,
2025-11-23 12:00:00+00:00,,,,,,,,,,
2025-11-23 13:00:00+00:00,,,,,,,,,,
2025-11-23 14:00:00+00:00,,,,,,,,,,
2025-11-23 15:00:00+00:00,,,,,,,,,,
2025-11-23 16:00:00+00:00,,,,,,,,,,
2025-11-23 17:00:00+00:00,,,,,,,,,,
2025-11-23 18:00:00+00:00,,,,,,,,,,
2025-11-23 19:00:00+00:00,,,,,,,,,,
2025-11-23 20:00:00+00:00,,,,,,,,,,
2025-11-23 21:00:00+00:00,,,,,,,,,,
2025-11-23 22:00:00+00:00,,,,,,,,,,
2025-11-23 23:00:00+00:00,,,,,,,,,,
2025-11-24 00:00:00+00:00,,,,,,,,,,
2025-11-24 01:00:00+00:00,,,,,,,,,,
2025-11-24 02:00:00+00:00,,,,,,,,,,
2025-11-24 03:00:00+00:00,,,,,,,,,,
2025-11-24 04:00:00+00:00,,,,,,,,,,
2025-11-24 05:00:00+00:00,,,,,,,,,,
2025-11-24 06:00:00+00:00,,,,,,,,,,
2025-11-24 07:00:00+00:00,,,,,,,,,,
2025-11-24 08:00:00+00:00,,,,,,,,,,
2025-11-24 09:00:00+00:00,,,,,,,,,,
2025-11-24 10:00:00+00:00,,,,,,,,,,
2025-11-24 11:00:00+00:00,,,,,,,,,,
2025-11-24 12:00:00+00:00,,,,,,,,,,
2025-11-24 13:00:00+00:00,,,,,,,,,,
2025-11-24 14:00:00+00:00,,,,,,,,,,
2025-11-24 15:00:00+00:00,,,,,,,,,,
2025-11-24 16:00:00+00:00,,,,,,,,,,
2025-11-24 17:00:00+00:00,,,,,,,,,,
2025-11-24 18:00:00+00:00,,,,,,,,,,
2025-11-24 19:00:00+00:00,,,,,,,,,,
2025-11-24 20:00:00+00:00,,,,,,,,,,
2025-11-24 21:00:00+00:00,,,,,,,,,,
2025-11-24 22:00:00+00:00,,,,,,,,,,
2025-11-24 23:00:00+00:00,,,,,,,,,,
2025-11-25 00:00:00+00:00,,,,,,,,,,
2025-11-25 01:00:00+00:00,,,,,,,,,,
2025-11-25 02:00:00+00:00,,,,,,,,,,
2025-11-25 03:00:00+00:00,,,,,,,,,,
2025-11-25 04:00:00+00:00,,,,,,,,,,
2025-11-25 05:00:00+00:00,,,,,,,,,,
2025-11-25 06:00:00+00:00,,,,,,,,,,
2025-11-25 07:00:00+00:00,,,,,,,,,,
2025-11-25 08:00:00+00:00,,,,,,,,,,
2025-11-25 09:00:00+00:00,,,,,,,,,,
2025-11-25 10:00:00+00:00,,,,,,,,,,
2025-11-25 11:00:00+00:00,,,,,,,,,,
2025-11-25 12:00:00+00:00,,,,,,,,,,
2025-11-25 13:00:00+00:00,,,,,,,,,,
2025-11-25 14:00:00+00:00,,,,,,,,,,
2025-11-25 15:00:00+00:00,,,,,,,,,,
2025-11-25 16:00:00+00:00,,,,,,,,,,
2025-11-25 17:00:00+00:00,,,,,,,,,,
2025-11-25 18:00:00+00:00,-0.22406869327022508,-0.07333039563813432,-0.0714817746765254,0.03241676936472396,-0.13201686394492848,0.22237920971098665,-0.029057698093047802,0.044581462757933295,-0.04760974461620511,-0.14213957967266064
2025-11-25 19:00:00+00:00,-0.22800472590392054,-0.07821192831698581,-0.08718489455330537,0.02516001389865872,-0.13866828636299153,0.20366836567335575,-0.031529534452435566,0.041725031470586434,-0.04584006676107464,-0.14323175346472092
2025-11-25 20:00:00+00:00,-0.23182645097838503,-0.08294838009298937,-0.10208364499578491,0.018133543545732548,-0.14510410417508013,0.1858347965392465,-0.03393259575919598,0.038950277056985096,-0.04412101313916744,-0.14429781583939852
2025-11-25 21:00:00+00:00,-0.2355389778337384,-0.08754638844363967,-0.11624004168697867,0.011326310904195867,-0.15133480976939828,0.16881738736451507,-0.03626991087612053,0.036253516314757754,-0.042450290933913344,-0.14533875974394922
2025-11-25 22:00:00+00:00,-0.2355389778337384,-0.08754638844363967,-0.11624004168697867,0.011326310904195867,-0.15133480976939828,0.16881738736451507,-0.03626991087612053,0.036253516314757754,-0.042450290933913344,-0.14533875974394922
2025-11-25 23:00:00+00:00,-0.2355389778337384,-0.08754638844363967,-0.11624004168697867,0.011326310904195867,-0.15133480976939828,0.16881738736451507,-0.03626991087612053,0.036253516314757754,-0.042450290933913344,-0.14533875974394922
2025-11-26 00:00:00+00:00,-0.23008858438488117,-0.08224984347818307,-0.11152563705870608,0.016187226790416995,-0.1538481218218951,0.17065559259747298,-0.030468365607294448,0.04247374000381482,-0.0326021284043052,-0.13968498051292574
2025-11-26 01:00:00+00:00,-0.23225959543906388,-0.08580811964930954,-0.11449384907636595,0.01132211712201301,-0.14076173195395525,0.1680059484008935,-0.03515058021424614,0.036118575776028596,-0.046883964773751764,-0.1427033424763363
2025-11-26 02:00:00+00:00,-0.23437529242398847,-0.08925543234276359,-0.11738017923108664,0.007780684159096616,-0.14209342217939713,0.16541259099406908,-0.03965605740181319,0.03005372724674296,-0.049415616540568676,-0.14563267670945151
2025-11-26 03:00:00+00:00,-0.23643790170365905,-0.0925974039203778,-0.12018820279503235,0.0043361781063454815,-0.14484595097574335,0.16287372840587394,-0.04399597785552223,0.02425670118116554,-0.05188878898135506,-0.14892235049764102
2025-11-26 04:00:00+00:00,-0.244470301563607,-0.1036288654554071,-0.1295506313446038,-0.0059154153107935335,-0.1525341003407273,0.1553588434132592,-0.05759965718052859,0.010169821471667536,-0.05168707518235197,-0.1589719844098486
2025-11-26 05:00:00+00:00,-0.2522146794634646,-0.11422624301005395,-0.1265900943632453,-0.009265410609940792,-0.15395573049374503,0.158156725965169,-0.07059841065566327,0.0013056514913447653,-0.06638962725982338,-0.16863404406577312
2025-11-26 06:00:00+00:00,-0.24954472405662512,-0.11946876286835216,-0.1237078443738102,-0.00600393841781115,-0.15321014100380806,0.1652658549849495,-0.06972756215078656,0.004133877663799388,-0.06600864274107665,-0.17793061034393368
2025-11-26 07:00:00+00:00,-0.2428528864112785,-0.1136201347640126,-0.12090064451564406,0.0003933425185217148,-0.1503042766010502,0.17599159907521672,-0.06415141436467987,0.006890147222442355,-0.057884676350869,-0.18688211205014824
2025-11-26 08:00:00+00:00,-0.23634466440402396,-0.10204141037212071,-0.11816544161699559,0.006608538230926568,-0.1496276825250116,0.18627534422745756,-0.05872673565913324,0.009577320764579136,-0.05761788046594325,-0.18695508195504956
2025-11-26 09:00:00+00:00,-0.23001240888318053,-0.09087148663157028,-0.11549935293256021,0.009539496548376344,-0.15490915341576206,0.19614435001842798,-0.05344727340380514,0.012198102453313703,-0.05735867029716054,-0.18377237344682437
2025-11-26 10:00:00+00:00,-0.22500683789486786,-0.08167667452390555,-0.11051529361169944,0.009103817860445205,-0.16303054532748928,0.20572172335235422,-0.048327854377614256,0.009107308239891624,-0.05663326728869299,-0.18301523820593066
2025-11-26 11:00:00+00:00,-0.2202316635243273,-0.07287338806444404,-0.1057446282689534,0.008686563943243374,-0.16760462709423515,0.2148838001661218,-0.04341931704504917,0.006139720031957908,-0.05594486916045268,-0.1823154869948043
2025-11-26 12:00:00+00:00,-0.21566967842507456,-0.06443415425668779,-0.1011720785093945,0.013317782652156942,-0.1687857828177743,0.2298321038352617,-0.03870696074912314,0.003286893898025653,-0.055290571497920264,-0.18166796121445053
2025-11-26 13:00:00+00:00,-0.211305441209759,-0.05633420406909854,-0.07688151987043532,0.022679088134954544,-0.156470535781882,0.24400561167304674,-0.034177534581117164,0.0005412114629819535,-0.05466777548011544,-0.18106807822036464
2025-11-26 14:00:00+00:00,-0.2040574746608735,-0.0450175093502395,-0.044394878004274725,0.03523562673333101,-0.143664866450625,0.26218889858708416,-0.027813174666281474,-0.00319518419376709,-0.037231358899335695,-0.17205199449551514
2025-11-26 15:00:00+00:00,-0.19730360982098788,-0.03437292128353662,-0.014352370084507363,0.04705971260134824,-0.13616574580461863,0.2791590433103329,-0.021819113407766898,-0.0020440670253558625,-0.03657981770979526,-0.16361662787795533
2025-11-26 16:00:00+00:00,-0.19752923950389742,-0.039051364026376476,-0.028547831483731093,0.04033081884100734,-0.13769622386905467,0.26352117819425547,-0.024440526941806567,-0.0025838498669795056,-0.04419077762944211,-0.16516006728159838
2025-11-26 17:00:00+00:00,-0.20144689710178668,-0.04904936007467118,-0.04212929563224926,0.03379240533513,-0.13919187148893683,0.2484783928855511,-0.026996431058568755,-0.003110449713669874,-0.04384876217278154,-0.16666886005515863
2025-11-26 18:00:00+00:00,-0.21655780875899747,-0.058704935918927705,-0.05513647575198003,0.0274362899584381,-0.14275219496000893,0.23399723757856047,-0.029489425236395667,-0.003624384764931084,-0.051145499213477934,-0.1681442505262028
2025-11-26 19:00:00+00:00,-0.23261918669295858,-0.06803538670440618,-0.06760567633968098,0.021254763314369873,-0.1420152364073354,0.22004673152190646,-0.03192196547107807,-0.0064299911347621,-0.05822776003603843,-0.16958741994778087
2025-11-26 20:00:00+00:00,-0.2475961779174388,-0.07705686212292805,-0.07957015653384286,0.015240554402888485,-0.14545679283573582,0.20659813862541718,-0.03429637445651092,-0.00916756901631732,-0.057735039579534894,-0.17099949068407652
2025-11-26 21:00:00+00:00,-0.24981769031791234,-0.08188048215881051,-0.07997553161243308,0.012935218013098092,-0.14686185595633658,0.2009501246263523,-0.03611566767150569,-0.010228497185371449,-0.05761100774287548,-0.1717094299417532
2025-11-26 22:00:00+00:00,-0.2517802468098642,-0.08653419894010864,-0.08037474737725983,0.01191909265886076,-0.14672175635183468,0.1999910577953481,-0.037038236982300646,-0.009515632493962969,-0.0574888829499034,-0.17240829661566506
2025-11-26 23:00:00+00:00,-0.25034062081337616,-0.08598532776912897,-0.0807679436332242,0.015728062786278987,-0.1480928522872399,0.20071211237195322,-0.03430968133316864,-0.0061721564947259154,-0.050959969920141256,-0.16699111807622904
2025-11-27 00:00:00+00:00,-0.25119973539431273,-0.08792977249247498,-0.0825859523912391,0.012686400837383573,-0.1495456641192608,0.1986916816401083,-0.03697686856064699,-0.008984118085551995,-0.05246509889014643,-0.16834029747942394
2025-11-27 01:00:00+00:00,-0.25204407990339883,-0.08982466460276702,-0.08436135606187241,0.010462894715365047,-0.15031123123565432,0.19807572765722276,-0.03956056333365456,-0.011710031585405624,-0.05394103557795176,-0.16964660567498335
2025-11-27 02:00:00+00:00,-0.2528740344055543,-0.09167210291583539,-0.08609577014658176,0.008291972462140026,-0.1515654101101524,0.19746860955250292,-0.04206523710309185,-0.014354325099581173,-0.055388651611631035,-0.17092521525349277
2025-11-27 03:00:00+00:00,-0.2536899662130459,-0.09347405852790378,-0.08577200998124854,0.0061716526397649326,-0.15293589149144088,0.19687013854861582,-0.04449501602856811,-0.01692110146256137,-0.056808783146667194,-0.17217708081498598
2025-11-27 04:00:00+00:00,-0.2593371199472127,-0.10155304703544898,-0.08438424550783753,-0.0016033176277942293,-0.1571876101409199,0.19432237536148542,-0.054370807873784094,-0.026684117305017272,-0.062382537922208915,-0.17903679276543794
2025-11-27 05:00:00+00:00,-0.2628257593759047,-0.10579008859655138,-0.08302434078210771,-0.006701002338467872,-0.1598262250947458,0.19182680256094672,-0.06389591707719254,-0.03277617283027665,-0.06781902439430747,-0.18569235562179737
2025-11-27 06:00:00+00:00,-0.26136175192412586,-0.10197153331665891,-0.08169142903225536,-0.00433487168254977,-0.1574714088183934,0.19599277794328337,-0.06489600835784262,-0.031903880288581536,-0.0674569067473837,-0.19215284237304617
2025-11-27 07:00:00+00:00,-0.25706142187570435,-0.09391895908515716,-0.08038468034892181,0.00041438561363392766,-0.15686607083175547,0.20272243349515562,-0.06238146804561987,-0.029319371798752065,-0.06710226229129453,-0.1984267910089763
2025-11-27 08:00:00+00:00,-0.25285019185597163,-0.08608627525812929,-0.07910329968558975,0.0050576090427245455,-0.15283099220929083,0.20924982602253547,-0.059916536553682856,-0.026785976447179116,-0.06082659180480799,-0.19815476315300584
2025-11-27 09:00:00+00:00,-0.244822408949247,-0.07268950609357358,-0.07660450026081721,0.01299272611880295,-0.14839214053255756,0.22043292369841425,-0.05547488718622644,-0.02529969202901562,-0.06009155274955885,-0.1925845425631059
2025-11-27 10:00:00+00:00,-0.23706397644159224,-0.05980449743976331,-0.07418680968144484,0.01660079038748946,-0.15761801501489778,0.22627504345670085,-0.054131834923786135,-0.023860009588732904,-0.05938317493528979,-0.19147502953068085
2025-11-27 11:00:00+00:00,-0.22956023522876176,-0.04740171667965946,-0.0718458464859947,0.020101133440695865,-0.15606386965916727,0.23193358766179367,-0.052832211478513386,-0.025320980787829152,-0.058699922043955896,-0.19041200408636214
2025-11-27 12:00:00+00:00,-0.22229763816749834,-0.03545391256762772,-0.05433936299698022,0.023499160410406218,-0.14898417366481936,0.24209221305446316,-0.051573695439155576,-0.026741310068214664,-0.05804037874982107,-0.18939263669532966
2025-11-27 13:00:00+00:00,-0.21120629999537083,-0.018855668317330154,-0.009576351182632213,0.03366261933063134,-0.13450941185992527,0.2554275869098244,-0.049572627586364534,-0.024614668048695717,-0.04329751650401257,-0.18122116541288102
2025-11-27 14:00:00+00:00,-0.2006649505431164,-0.0031074265456301218,0.04862838627240737,0.04335564022073582,-0.12075087100824163,0.26807570320899554,-0.0476715981997719,-0.022587306987906768,-0.042457940172658463,-0.17345644328986454
2025-11-27 15:00:00+00:00,-0.19062737631034876,0.011860716038449669,0.08368599522871631,0.05261550735944831,-0.11882936643910795,0.2800921714995441,-0.04586208195941029,-0.02065105361178838,-0.028768526326213472,-0.16606403267797798
2025-11-27 16:00:00+00:00,-0.1934046141040709,0.0035200857061089127,0.061452580186771175,0.04675617141903454,-0.1223052840701504,0.26781089786566403,-0.04625544118159431,-0.021440285779713245,-0.028678689124549035,-0.1678547759095201
2025-11-27 17:00:00+00:00,-0.1961216007625957,-0.00458462082014542,0.0406238922946519,0.041040106963859936,-0.12757330498949512,0.2559078377959234,-0.04664141661924623,-0.02430360891747073,-0.028591356286446244,-0.16960927938467654
2025-11-27 18:00:00+00:00,-0.19878038470296197,-0.012463294932877135,0.021055612256605866,0.03546198070786526,-0.1327111236191071,0.24436578144915794,-0.04702023396359595,-0.033196506584815634,-0.035392274638461806,-0.17132871454748752
2025-11-27 19:00:00+00:00,-0.19878038470296197,-0.0032766896243241394,0.01175762443425576,0.032518462784361823,-0.1289673266051485,0.23150751061590286,-0.04087233249121135,-0.04453807112428322,-0.035392274638461806,-0.1634846311067556
2025-11-27 20:00:00+00:00,-0.20158002935060476,0.006159855567062502,-0.006133326636936261,0.029582565809948336,-0.12711965687502566,0.21878198067961113,-0.03467380429748325,-0.05191935080832912,-0.02835021921296102,-0.15836763338243562
2025-11-27 21:00:00+00:00,-0.20437127907633768,0.015863988993280086,-0.023401139381768618,0.029582565809948336,-0.0986209056438078,0.21000461415584354,-0.028423156960708962,-0.059119736113582615,-0.02835021921296102,-0.15319827958085896
2025-11-27 22:00:00+00:00,-0.2071542555368721,0.015863988993280086,-0.048857685324241666,0.026654196267509627,-0.09651492432757411,0.19088459327474858,-0.02421378231089765,-0.07163394390838618,-0.014460516064285302,-0.147974803085951
2025-11-27 23:00:00+00:00,-0.21618235676328096,0.0014365920400592684,-0.07374347709840763,0.006486875243886461,-0.10316955174807299,0.17172540152570448,-0.032815617539547245,-0.09535609442156241,-0.007494204836874137,-0.15385607506913854
2025-11-28 00:00:00+00:00,-0.2214938491439437,-0.006316645241837922,-0.07807487862131068,-0.004076486741729144,-0.1081298332370237,0.16694030082782227,-0.03971685662982354,-0.10162601021584003,-0.008257088945739796,-0.15599430579608167
2025-11-28 01:00:00+00:00,-0.2268175455531279,-0.014342842835139737,-0.08251696897956375,-0.014068274304285183,-0.11550112523184844,0.16277639002661062,-0.046629585102111605,-0.10798628808295434,-0.008970822994658319,-0.15970875402325718
2025-11-28 02:00:00+00:00,-0.23215376606931443,-0.023135511976807535,-0.08707267250434071,-0.024072096935939823,-0.11941471065862787,0.15851064110421234,-0.053554197863672,-0.11437106328478468,-0.012738531107951664,-0.16339361646202974
2025-11-28 03:00:00+00:00,-0.23750283427240404,-0.031700889669131975,-0.09174504651298222,-0.034474080573731206,-0.12573277928311233,0.15413969467840138,-0.06049109357014862,-0.11947684243499135,-0.016512631819884566,-0.1670494685095654
2025-11-28 04:00:00+00:00,-0.24217889966982314,-0.03471893847053296,-0.0913567019668754,-0.039904814712641894,-0.1303998813267426,0.15385562189725924,-0.06730996908368946,-0.11864120034918557,-0.014946536972877351,-0.17191003504574018
2025-11-28 05:00:00+00:00,-0.24538008113197077,-0.03789039785272342,-0.09103597270922889,-0.04347540596707947,-0.13621575639462372,0.15641841877319526,-0.0740526653142955,-0.1169810052066367,-0.01946033300518614,-0.17670894594590425
2025-11-28 06:00:00+00:00,-0.24488388825979585,-0.041410029563562704,-0.08462000940412477,-0.04131974559220184,-0.12538997269489444,0.1638142927977289,-0.08044663718645421,-0.11376131782732898,-0.01930486326660428,-0.18144739670930102
2025-11-28 07:00:00+00:00,-0.24177594587270507,-0.03532303928687607,-0.07218642872020975,-0.03791544821744073,-0.12506858547318095,0.16992762167376985,-0.08073291149564592,-0.107969157557516,-0.01915038634346743,-0.1861338938353551
2025-11-28 08:00:00+00:00,-0.23873526544046986,-0.02989510163403193,-0.060309928933488244,-0.034555367514018345,-0.12227873027406981,0.1750374404138412,-0.08098198337081879,-0.1022011465219785,-0.018996884845540452,-0.19188090457362578
2025-11-28 09:00:00+00:00,-0.2329846585708864,-0.01979245155536502,-0.050626873237400685,-0.03208773982238471,-0.12378588899697271,0.1794170477643925,-0.08031940854466872,-0.09302521277793621,-0.018641401881154426,-0.20160139966973792
2025-11-28 10:00:00+00:00,-0.2313084929337444,-0.00995487713166376,-0.0509895822989574,-0.03670989511552205,-0.13017876053561536,0.18365727747246702,-0.08183818009151521,-0.08848583498845689,-0.01775878342817378,-0.21099786689982938
2025-11-28 11:00:00+00:00,-0.22967702642855417,-0.00037211666813681364,-0.0413011001465796,-0.03756740886584153,-0.1340493155518057,0.18393798031750908,-0.08326962630812118,-0.08365766422284372,-0.017464883613327317,-0.22008530362128412
2025-11-28 12:00:00+00:00,-0.22857381937170151,0.00728511478120029,-0.031724710056975886,-0.03238064686773048,-0.12675216272701462,0.18901471632780042,-0.08767143382355719,-0.08234353603410098,-0.017296962397863304,-0.2326608851604042
2025-11-28 13:00:00+00:00,-0.22583124525875697,0.019094468519730998,-0.003936684996487883,-0.020617913085562364,-0.12146212399654174,0.19954803057192444,-0.09197495337134509,-0.07821891456020022,-0.00937141950031261,-0.24797092992047856
2025-11-28 14:00:00+00:00,-0.22318934597440276,0.03051035532358604,0.022313243486985188,-0.01113025722568527,-0.11258382814915184,0.20982679479667787,-0.0961371582464719,-0.0741657845642679,-0.017570708151056092,-0.2627726246306163
2025-11-28 15:00:00+00:00,-0.22064220397259593,0.04155355077703272,0.04715132508156455,-0.0019517188205744492,-0.1076795648444557,0.21986740398314017,-0.10016442730786336,-0.07017912046604964,-0.02561563272025746,-0.27709751124934323
2025-11-28 16:00:00+00:00,-0.22064220397259593,0.036354619888162944,0.03029975196241876,-0.008365276918879347,-0.1076795648444557,0.20788613437873613,-0.09378004344645745,-0.06826514763285989,-0.018472827112475537,-0.2653717568290437
2025-11-28 17:00:00+00:00,-0.22064220397259593,0.031188745354616184,0.013853731366654557,-0.011559360072272215,-0.1121094913039665,0.1910496157115854,-0.08737732516321436,-0.06634698752773814,-0.018472827112475537,-0.26283185338111353
2025-11-28 18:00:00+00:00,-0.2237069767663156,0.02605520458377136,-0.0022160299918941957,-0.014745869441530233,-0.11423148866492491,0.17789452912955048,-0.07889489714350696,-0.06442460318979094,-0.004074174646182676,-0.26028564320591585
2025-11-28 19:00:00+00:00,-0.2257963470645391,0.025174863466072193,-0.010649517720856694,-0.015389188477214454,-0.11887434724294936,0.1695466130892875,-0.0710542651495429,-0.06044719803084613,0.01103646011516728,-0.2584391575593334
2025-11-28 20:00:00+00:00,-0.22687239285373564,0.024263522347543982,-0.015425592775754914,-0.012835938997826805,-0.09003505484029255,0.1611213521276632,-0.063051478911356,-0.05642079917438581,0.02250513740529995,-0.2566239676120666
2025-11-28 21:00:00+00:00,-0.22582179613451542,0.02332092484177825,-0.020269907969234606,-0.010264765742201703,-0.08639670823899065,0.15261426216569293,-0.05273905573666535,-0.052344431465348645,0.03062135500054622,-0.2548398996434289
2025-11-28 22:00:00+00:00,-0.22153993806883432,0.022346800100988863,-0.021350716313582138,-0.006102301721699631,-0.07586035047303394,0.14017097310001148,-0.039980136501506267,-0.04926591428973827,0.03470984738983064,-0.2512369690229123
2025-11-28 23:00:00+00:00,-0.22206223488762578,0.01873662777967792,-0.03933977056543676,-0.011946133714302348,-0.08530322362448287,0.12695372139865876,-0.03581952773186266,-0.054648303880103784,0.035244270063915575,-0.24957809017775429
2025-11-29 00:00:00+00:00,-0.22206223488762578,0.013799012497776163,-0.04748490526259404,-0.013609639745029073,-0.08664949179125636,0.12259541723636007,-0.03336083472157059,-0.054648303880103784,0.038859129095295854,-0.24481759354487584
2025-11-29 01:00:00+00:00,-0.2273397379179209,0.010074113137713702,-0.04833701811172744,-0.02128922829199328,-0.09299201406738532,0.11529153348545573,-0.039512248001659374,-0.06107976094028158,0.0353662851845797,-0.24786110815205745
2025-11-29 02:00:00+00:00,-0.23263306893161373,0.006288354700602666,-0.04924304525748025,-0.027336409198677643,-0.09542225414026954,0.10766357359411707,-0.045570620174431094,-0.06757130358330576,0.03583739900765733,-0.25085716079254194
2025-11-29 03:00:00+00:00,-0.23794256418456172,0.002440627122783906,-0.04957401967247178,-0.03167403869792734,-0.10346963364792094,0.09968425486274982,-0.05153905484404205,-0.07291105093998104,0.036310207754852684,-0.2538071899371288
2025-11-29 04:00:00+00:00,-0.2426386683746391,0.0012382966654190843,-0.046247740138153214,-0.0324767621416084,-0.10890467564272605,0.0986449260500514,-0.05958472961127387,-0.07708528348678441,0.03668949669435015,-0.25911541244014896
2025-11-29 05:00:00+00:00,-0.24732587356901153,0.0,-0.038308354252761835,-0.031497544995793214,-0.10755322649751899,0.09934542062314038,-0.06722646881428872,-0.08107278999997158,0.037068366338992145,-0.2643179342975024
2025-11-29 06:00:00+00:00,-0.25095378876282926,0.0015197618103470947,-0.030647433376437425,-0.028859720499671046,-0.10340856954943838,0.10357491142030989,-0.06984975419327134,-0.07876458852000975,0.03744683559107185,-0.26941810527704435
2025-11-29 07:00:00+00:00,-0.25104288580719497,0.005663558792178144,-0.023250646923835657,-0.026229578718825673,-0.09972252208085047,0.11144076972777332,-0.07030179941624835,-0.0764460167049869,0.0378249231458663,-0.2708535304434521
2025-11-29 08:00:00+00:00,-0.2507951268135264,0.01233073100863513,-0.011812172057124001,-0.023606950322126556,-0.09579429529976952,0.1200299457078225,-0.07088837749637306,-0.07411689862774307,0.04215136448830194,-0.27176309854298014
2025-11-29 09:00:00+00:00,-0.2505745892345595,0.018809867955234767,-0.005063153533767505,-0.019166733031073094,-0.09432151839861712,0.12815007590182498,-0.07142182626453555,-0.07292804409011273,0.043017023068795394,-0.27264582653156066
2025-11-29 10:00:00+00:00,-0.250381180165665,0.025108628028051885,-0.0025023549440577326,-0.016547964916185397,-0.09407431444736418,0.13319024703436017,-0.0728695944808768,-0.07273049762834663,0.043570974569547456,-0.27350189004753306
2025-11-29 11:00:00+00:00,-0.24928980603751472,0.0374112938817158,0.0024640428019478255,-0.011386156847764341,-0.09100082038077915,0.14346352771271195,-0.07514613750153787,-0.07196452594152963,0.04426255508902803,-0.27429009930700543
2025-11-29 12:00:00+00:00,-0.24827295863366783,0.049288520251809013,0.014927947679436705,-0.006330037680027769,-0.08556186045035316,0.15335860655058603,-0.07729537975767516,-0.07118644199749155,0.044951021255901225,-0.2750304105222211
2025-11-29 13:00:00+00:00,-0.24732905088832585,0.06076051835147395,0.026906374485927958,-0.0013764506508577102,-0.08005209166155072,0.162893513824866,-0.07931912484142761,-0.07039610952925113,0.045934248995472014,-0.2757234053117036
2025-11-29 14:00:00+00:00,-0.2464565810202058,0.07184620568015768,0.03842412324687213,0.003477619062277015,-0.07460144489385369,0.1720850927110859,-0.08121901375029264,-0.06959339535421954,0.04701910720125263,-0.2763696317687733
2025-11-29 15:00:00+00:00,-0.24565412769164577,0.08256330821777885,0.049504233942223586,0.008235052602251578,-0.06920685767506392,0.18094909509176335,-0.08299652953127544,-0.07082827538532185,0.04820589295454573,-0.27696960583627156
2025-11-29 16:00:00+00:00,-0.2492083679977711,0.07191641014452428,0.033877842930395,0.0047414511125267594,-0.07158956149522776,0.16623418818571306,-0.07147197138070752,-0.06867794834211331,0.056559799298742816,-0.27109282245662425
2025-11-29 17:00:00+00:00,-0.2492083679977711,0.0614207826380686,0.01845875971103287,0.0047414511125267594,-0.06685927963939876,0.15171027244555743,-0.059849482288094086,-0.06652635928565193,0.07300744441646696,-0.26521364090736305
2025-11-29 18:00:00+00:00,-0.23550949110361674,0.05107000644000334,0.010792877132543776,0.0012540405738284586,-0.06685927963939876,0.13736767193352437,-0.04812410396660917,-0.062248149371992266,0.08953167489648804,-0.2593316759605493
2025-11-29 19:00:00+00:00,-0.22230958013287327,0.046643520484408965,0.008891201485838668,0.0018584216837832213,-0.06220317103056782,0.12888910537863224,-0.03733079148237674,-0.057898448032298044,0.09919838864174144,-0.25525074811266846
2025-11-29 20:00:00+00:00,-0.20856836016267324,0.042189653170991645,0.01092355969025789,0.004137259803165551,-0.05609194890789148,0.12038137474587027,-0.026279033302086075,-0.053481260974140715,0.10907987464185924,-0.25110785049198636
2025-11-29 21:00:00+00:00,-0.19192637809582988,0.037706192570984974,0.008953402435837143,0.009768659734747104,-0.05614200382451031,0.11183912477130707,-0.014958451028034949,-0.04682620969661761,0.11918320584565237,-0.24690155908394057
2025-11-29 22:00:00+00:00,-0.17865011520255092,0.033190956582030834,-0.0004026114982536928,0.01013742102627691,-0.0536865698645675,0.1032570905178299,-0.00335810638714078,-0.03887514741423763,0.1203930162628083,-0.24263040523495083
2025-11-29 23:00:00+00:00,-0.18308898205890753,0.026367972798849077,-0.006197002126071569,0.003925548119550549,-0.04963081607634781,0.08724856321005989,0.002292451104904605,-0.0371520833479459,0.12089711506555839,-0.23729848742332205
2025-11-30 00:00:00+00:00,-0.18308898205890753,0.021222872080716312,-0.014356532965584404,0.002092931199117667,-0.04677696389538521,0.08108115306279948,0.006168988189435135,-0.03587393390608524,0.12089711506555839,-0.23297028450958673
2025-11-30 01:00:00+00:00,-0.18869676662855966,0.016696340208719646,-0.016792740997449908,-0.004585624675680886,-0.04732805314114592,0.07321733606887064,0.0009307606267359571,-0.041832808052526385,0.12195942581922149,-0.2363089876866274
2025-11-30 02:00:00+00:00,-0.19432461003354268,0.012067403755255291,-0.019302313670060717,-0.009680393065908196,-0.04704044677093544,0.06504621245732511,-0.0041737225407998835,-0.047764250853762166,0.1229304488023868,-0.23963072131032093
2025-11-30 03:00:00+00:00,-0.19997291422995814,0.007333466847219997,-0.02188580200040041,-0.012947256736392274,-0.04976902071411241,0.05654669853705034,-0.009150606403364164,-0.05366902748276891,0.12407731820027357,-0.24293593658919893
2025-11-30 04:00:00+00:00,-0.2051195535749547,0.007397306769684687,-0.017119268750847016,-0.01276708155107444,-0.05186510191525818,0.05460234392179699,-0.017438165487664994,-0.06046900536482151,0.12089015463001662,-0.24709182974651647
2025-11-30 05:00:00+00:00,-0.20930209572629918,0.009567449964323698,-0.01250000299793356,-0.010667227971020802,-0.049238207518850476,0.05472479046962099,-0.025159386404251916,-0.06512819918970578,0.12160436834506147,-0.25120565593382194
2025-11-30 06:00:00+00:00,-0.2107691969273843,0.01376453473650017,-0.008023242583971907,-0.003597236681029414,-0.045337732053069284,0.06051207485251623,-0.02625790624406914,-0.064489131006799,0.12231915800580456,-0.2546319320857193
2025-11-30 07:00:00+00:00,-0.21039096125768467,0.01837064635519498,-0.000518090999468579,0.006682391247803673,-0.041445464988423206,0.0675795062221638,-0.026218346245969883,-0.06377453965811034,0.12303455086597005,-0.2541899673122717
2025-11-30 08:00:00+00:00,-0.2099424233299335,0.022861192080798086,0.007101759344533351,0.0166598681305575,-0.03756119300988586,0.07429488513369958,-0.026112555527695067,-0.06302213445712486,0.12110337936163508,-0.2534670763742748
2025-11-30 09:00:00+00:00,-0.2094772805158464,0.027239566672795302,0.01104496521564007,0.026016679622916265,-0.0350130433161675,0.08068626544879327,-0.02593965207161868,-0.06223161555808683,0.12187374827064797,-0.2527182605181547
2025-11-30 10:00:00+00:00,-0.2089954930968263,0.02957445496295782,0.011929076269754483,0.031009237985964822,-0.03692582237229691,0.08548950877653974,-0.02580957999966639,-0.062393211979985284,0.11895254138451443,-0.2517007220132447
2025-11-30 11:00:00+00:00,-0.2075758380124493,0.03446549290375994,0.014076629741142807,0.04076590310284107,-0.04293968092291237,0.09646350686872333,-0.025957932906470256,-0.06287112939631256,0.11260641537223388,-0.24900655701814273
2025-11-30 12:00:00+00:00,-0.20614085694227283,0.039247245786035695,0.016126214745349674,0.05027571113147722,-0.03767352556634379,0.10698988845741401,-0.025998905029965665,-0.06327629016863608,0.10644382801097167,-0.24631696688072324
2025-11-30 13:00:00+00:00,-0.20692273512232123,0.04367283610959072,0.026503697176895567,0.05766130086773851,-0.0361194768893849,0.12241420629800895,-0.030225187244391348,-0.06634104198273705,0.10703450407305473,-0.24781426238938983
2025-11-30 14:00:00+00:00,-0.2076871460127179,0.052116560544452954,0.03666078980323431,0.06489608994421749,-0.03772173271376972,0.13724807806738318,-0.03440287851209418,-0.06936012317393339,0.10021463823585955,-0.2492926821692961
2025-11-30 15:00:00+00:00,-0.20701691232935485,0.06487881018362196,0.05091062193422536,0.07656739159496705,-0.04563007284023281,0.1539115983201569,-0.0386255231035402,-0.07241118042572411,0.09003574824933439,-0.24848497803423708
2025-11-30 16:00:00+00:00,-0.2032282145303812,0.05448328887342127,0.03589737090900567,0.07301384385453345,-0.04307719304548853,0.13505200596111544,-0.02861842008225121,-0.06555024246564725,0.09003574824933439,-0.24273800763452816
2025-11-30 17:00:00+00:00,-0.1994345925567345,0.04419100394386515,0.020983624218215115,0.06587841438607306,-0.059796934321110114,0.11645829917191813,-0.01853407739195168,-0.05867050909654454,0.09003574824933439,-0.23696472971611618
2025-11-30 18:00:00+00:00,-0.19563593466112544,0.03399813192161742,0.006162870741804135,0.058808008288276876,-0.05728771907588422,0.09317258359999998,-0.008369451146931654,-0.05177132840217296,0.09003574824933439,-0.2311644427356318
2025-11-30 19:00:00+00:00,-0.1943161023044232,0.02866119297492636,-0.004242199541846051,0.05687629446448095,-0.058754355239975915,0.07834623673711444,0.0016877348467709801,-0.04544073558906635,0.10513307126356343,-0.22089614954553732
2025-11-30 20:00:00+00:00,-0.19299151972582407,0.02327774366697447,-0.01475684822475706,0.05491405996018865,-0.05242159716644913,0.06363891055890075,0.011970720184371803,-0.03900096817850403,0.11121652966524663,-0.21034738170137596
2025-11-30 21:00:00+00:00,-0.1961988274132579,0.01784554791011349,-0.02538703664413451,0.05292066382935733,-0.04516952748460571,0.051668238311248206,0.022487444664577062,-0.03244922564577046,0.12216220440076357,-0.19477995298539155
2025-11-30 22:00:00+00:00,-0.1967265076586152,0.012362354041615004,-0.03989564105711124,0.04990716063532044,-0.04997891209603858,0.032788440065211116,0.03196331543331945,-0.02787753849441212,0.12376990629382612,-0.18158397383464808
2025-11-30 23:00:00+00:00,-0.1967265076586152,0.004069539808648066,-0.044314980656306006,0.04638826157628438,-0.05287224801857658,0.025825020745153183,0.03619707061240682,-0.025112078758542884,0.12376990629382612,-0.1771736674057051
2025-12-01 00:00:00+00:00,-0.1967265076586152,-0.0014975735726205472,-0.048790144793785066,0.04468126947569425,-0.0440874519568953,0.021221871889343703,0.03888726864282258,-0.02233346831089122,0.12376990629382612,-0.1771736674057051
2025-12-01 01:00:00+00:00,-0.2022987908579493,-0.012512417561789713,-0.056064027290508626,0.03686311691729259,-0.05510768830605437,0.013865705811493548,0.03443252522719573,-0.02880709968543454,0.12105264599410921,-0.18367517710643053
2025-12-01 02:00:00+00:00,-0.2022987908579493,-0.014324172887764287,-0.05719525519727849,0.03686311691729259,-0.05420526363625475,0.01306377145709056,0.03476313103436623,-0.02880709968543454,0.12098435249661457,-0.1827789884948842
2025-12-01 03:00:00+00:00,-0.2022987908579493,-0.015534690592700774,-0.05834473322527719,0.03663692552122559,-0.05543113719531355,0.012250644197823641,0.035091589714801905,-0.028192903222062752,0.12098435249661457,-0.1827789884948842
2025-12-01 04:00:00+00:00,-0.20737867436178697,-0.01937982433033025,-0.05957894069339144,0.031742412167532395,-0.05933894231484217,0.00865080809241362,0.028371336983602558,-0.03390793979561678,0.11479122916203635,-0.1863272496425193
2025-12-01 05:00:00+00:00,-0.2117332026884468,-0.02151388307754715,-0.060930402278693965,0.028091583526988328,-0.06123197009782457,0.006553008197733892,0.021993754657483156,-0.037730190735724825,0.11190195942851258,-0.18987360935287448
2025-12-01 06:00:00+00:00,-0.2131806021922398,-0.021885500247827334,-0.062402932430563586,0.028179164837771893,-0.06123692512441876,0.00908602667191657,0.01926856669007543,-0.03880524419990114,0.10982689248288956,-0.19213029607907456
2025-12-01 07:00:00+00:00,-0.21446173427724113,-0.018129749775477478,-0.05976103878285183,0.02698320079614814,-0.06214104956578266,0.015381272478986477,0.012260260926416173,-0.042820991634498325,0.10982689248288956,-0.20039321705380078
2025-12-01 08:00:00+00:00,-0.21731825058432658,-0.016230232394739662,-0.057112452571511686,0.025786000678478405,-0.06496533847120584,0.020018065116866563,0.005249038927084474,-0.04684559126302997,0.10982689248288956,-0.20878789104595066
2025-12-01 09:00:00+00:00,-0.2201841930547435,-0.014334385602060804,-0.05445687391803684,0.024587538962261617,-0.06496533847120584,0.02460602107149569,-0.0017694876773647814,-0.05087989166901918,0.10669329005599684,-0.21531372803717827
2025-12-01 10:00:00+00:00,-0.2205732667464705,-0.014071185166587298,-0.04988285348377648,0.024502194276686897,-0.06807817131994097,0.025340408823813117,-0.004599708136978337,-0.052480271748452524,0.10589230766875707,-0.21994454510455058
2025-12-01 11:00:00+00:00,-0.22197008368431323,-0.013483693105667814,-0.04470544164276238,0.024355887776602712,-0.055000703732392416,0.027115847575690164,-0.011276844362883367,-0.05630450660819221,0.10420398297159127,-0.23012442720316204
2025-12-01 12:00:00+00:00,-0.2151760178372817,0.006727457351615282,-0.03746534848584349,0.02876098127928901,-0.06311383612867232,0.04834144118989398,-0.020385409565985987,-0.06562538340166309,0.10482028341827268,-0.22925345710826545
2025-12-01 13:00:00+00:00,-0.20850133387369046,0.02623996417566249,-0.02015460953035482,0.037416692449019615,-0.05799444421876097,0.0688165870692836,-0.029388368206959416,-0.0747951867890101,0.105434557309901,-0.2124741038044193
2025-12-01 14:00:00+00:00,-0.2019427443494616,0.04509423225549018,-0.0031777152842472406,0.047378747584276515,-0.05506827117176552,0.08998400404937976,-0.03829032817916794,-0.08574364939951937,0.09970769534550482,-0.19971568801137665
2025-12-01 15:00:00+00:00,-0.1954970924877404,0.06332754924173202,0.01348044743373564,0.05711463404845816,-0.048028769571965155,0.110200753936122,-0.04709578037361284,-0.09375284994201295,0.0940484420868773,-0.1924854587484218
2025-12-01 16:00:00+00:00,-0.19935309235246965,0.04708378068155354,-0.0026928926469718143,0.04991578824340151,-0.048028769571965155,0.09150521348836982,-0.03680438019480201,-0.08456119047677987,0.10341229280889716,-0.18957836155845073
2025-12-01 17:00:00+00:00,-0.19935309235246965,0.031125423043406094,-0.01883042376316248,0.042777401919652056,-0.05313527395596204,0.07337976333065051,-0.026452724397418245,-0.07533873927459903,0.10341229280889716,-0.18957836155845073
2025-12-01 18:00:00+00:00,-0.19935309235246965,0.015435953869532993,-0.03493866685601683,0.03569785585801071,-0.05313527395596204,0.05578060767747488,-0.01344371865617795,-0.06608400848503755,0.10341229280889716,-0.1922809641663046
2025-12-01 19:00:00+00:00,-0.1824143805316097,0.006168098917181241,-0.03919946652326321,0.03339444919565635,-0.05337195959407782,0.04677592666328509,-0.0024473509051539384,-0.05929539570947706,0.1051264539663417,-0.18805954078279427
2025-12-01 20:00:00+00:00,-0.16444153441945059,-0.0031150113120915575,-0.0435179590571038,0.031055579504471978,-0.04869050497621037,0.03786064723040592,0.008825706017315832,-0.05238259064100728,0.11174715555555598,-0.18110258376366747
2025-12-01 21:00:00+00:00,-0.14739306845409897,-0.012420844080635924,-0.03538867007646449,0.02868046695978142,-0.035623893241944767,0.02902034615325575,0.023186688091370308,-0.045342229385133825,0.11846790552321813,-0.1714190572338571
2025-12-01 22:00:00+00:00,-0.14530341664576502,-0.02088102097987283,-0.040286757997796,0.026744710744073672,-0.03723533208226394,0.019872154719639188,0.02941970496913313,-0.04256707604007075,0.12338842340593026,-0.1714190572338571
2025-12-01 23:00:00+00:00,-0.14530341664576502,-0.026619662169951066,-0.05004854942247724,0.024879352316489568,-0.049680347884840714,0.01092618622209514,0.03235960135965512,-0.03965623234297398,0.12338842340593026,-0.1714190572338571
2025-12-02 00:00:00+00:00,-0.15433253577222358,-0.035071763437207935,-0.05880930533588636,0.016411110705240744,-0.05777065649701171,0.0026274404491062517,0.028720964627857205,-0.04504796326836377,0.12099818885725616,-0.17520599975589138
2025-12-02 01:00:00+00:00,-0.15433253577222358,-0.03762380273680962,-0.060326290722563805,0.015682175701800898,-0.055817808970920896,0.001122232647902272,0.02945445589598766,-0.04419912759986838,0.12099818885725616,-0.17520599975589138
2025-12-02 02:00:00+00:00,-0.15433253577222358,-0.04029166114628156,-0.061875157711732576,0.014942679882098471,-0.05537845402266556,-0.0004120929091919418,0.029955333155653,-0.04378905754083701,0.12215998077827243,-0.17520599975589138
2025-12-02 03:00:00+00:00,-0.15889433499453698,-0.04484508755540902,-0.06921148372374956,0.009248595612212657,-0.05968578625858889,-0.0035362334864489533,0.024031953033087933,-0.049815499715695516,0.11954053900569922,-0.17857039619496962
2025-12-02 04:00:00+00:00,-0.16351564329397983,-0.04976344394554615,-0.07473576878467515,0.003425090217698376,-0.06383867282227948,-0.005429435122416934,0.018203845251616335,-0.05583620645118353,0.11692574491478723,-0.18193389141629876
2025-12-02 05:00:00+00:00,-0.16270009520658196,-0.04336792399382078,-0.07262322646761163,0.004590843154485988,-0.06246934819644683,0.0014156333957369475,0.015590050484305243,-0.05781580353107833,0.1140060240336616,-0.18193389141629876
2025-12-02 06:00:00+00:00,-0.16161835619971276,-0.038014890486790374,-0.07262322646761163,0.005741115467403091,-0.061647068342363734,0.008216763826533354,0.009772512340435717,-0.06091075862308475,0.11109598161382898,-0.1810980475363095
2025-12-02 07:00:00+00:00,-0.157170666421014,-0.026173789654428667,-0.06286737802370561,0.009882472336955163,-0.06457160993310268,0.021121799998421693,0.005250850206916548,-0.06282506164744153,0.10320555598831464,-0.1725851241314988
2025-12-02 08:00:00+00:00,-0.15435015352213927,-0.014669853241799003,-0.06012807273147764,0.016649942146227444,-0.0731609798509573,0.036482466683646755,0.002769671512959521,-0.06470325781220647,0.09762201710701705,-0.16420526528451068
2025-12-02 09:00:00+00:00,-0.15154960761100286,-0.0034870416374326104,-0.05061879554018806,0.02064983268308499,-0.0779347968514165,0.05112631256695588,0.00033030200250561923,-0.06830060897392103,0.09213257929098506,-0.15447559211422804
2025-12-02 10:00:00+00:00,-0.152274370889216,0.007389635204877752,-0.04576095342896742,0.023037543362373274,-0.08235725045862641,0.0637604676971206,-0.0032421161657292166,-0.07275668140086027,0.08948641965991234,-0.15402567028629569
2025-12-02 11:00:00+00:00,-0.15458367302005097,0.02504627638103447,-0.039149762581696494,0.026906948623280216,-0.08165128161030602,0.08459302604569,-0.011460487094804588,-0.08109028488646751,0.08005515340689844,-0.15477445696124736
2025-12-02 12:00:00+00:00,-0.15686042906070166,0.042212905220796015,-0.03261351023671414,0.030715759709981097,-0.08520948952955013,0.10474033907410556,-0.019606374078131664,-0.08930582129698798,0.08117594877947955,-0.1465404985852896
2025-12-02 13:00:00+00:00,-0.15753295165767578,0.06395689658286322,-0.011775107498609251,0.03294283052472883,-0.08783866351134605,0.14277199878987137,-0.02768863180004136,-0.09831927683854268,0.07729186155755806,-0.1270035995949599
2025-12-02 14:00:00+00:00,-0.1581821768470663,0.08476784356350052,0.0020153946019052056,0.040652414139980254,-0.08158763382221706,0.17765266003598382,-0.0355422643886333,-0.10344059120864514,0.07358249652733206,-0.10229138794482442
2025-12-02 15:00:00+00:00,-0.16189363056685396,0.1066712368686317,0.01564001621204851,0.04710122829310837,-0.08714660342622912,0.20689101172200622,-0.04785782908277675,-0.11135344845216669,0.06497819589817588,-0.08176460719573375
2025-12-02 16:00:00+00:00,-0.15759567714385847,0.09040717202783055,0.006664185942036613,0.04347636765043202,-0.08446485551095478,0.18163002966422975,-0.037151535395609184,-0.10443843148452228,0.06497819589817588,-0.08823113669875733
2025-12-02 17:00:00+00:00,-0.15759567714385847,0.07433525945418877,-0.002261424299448501,0.03622004535560328,-0.08714660342622912,0.15733538692126742,-0.026348592287166156,-0.09750816906895003,0.06497819589817588,-0.09766857849598355
2025-12-02 18:00:00+00:00,-0.16881085529887693,0.05844495890863333,-0.011138491723955158,0.029019058488998845,-0.08971042362808306,0.13391720306065152,-0.015444997635154578,-0.090562056718479,0.06497819589817588,-0.10694433329494166
2025-12-02 19:00:00+00:00,-0.17395079754131149,0.04787724348138688,-0.021562529410061912,0.026147481888489386,-0.08175111830848293,0.12000498622877868,-0.0044908914074261435,-0.08443549653828873,0.0719974616196999,-0.109776270153943
2025-12-02 20:00:00+00:00,-0.18013136435662547,0.03406432715513824,-0.02201938206381427,0.023238902614600904,-0.08240479754823916,0.10636420010817595,0.006721984498745935,-0.078207739987506,0.07911990013030269,-0.11265906145242907
2025-12-02 21:00:00+00:00,-0.1853817022511642,0.020335064185052244,-0.0275938443485333,0.020292394607156334,-0.09071884941955931,0.09536272689169348,0.01820343749615093,-0.07187621450291778,0.08634826068250556,-0.11559357859927821
2025-12-02 22:00:00+00:00,-0.18957234371909656,0.010691301904320218,-0.027003270251171742,0.0207356616049433,-0.1021942730569912,0.08539403685082034,0.01976772542691772,-0.06823168524366056,0.09363566084438739,-0.12174096446210632
2025-12-02 23:00:00+00:00,-0.1869672845534585,0.007188007598718679,-0.02642240151300135,0.02712077838582028,-0.10758132682402605,0.08607126717610519,0.024493217253153524,-0.058697113261760074,0.09622244347195993,-0.12272453760832833
2025-12-03 00:00:00+00:00,-0.19371576696255186,-0.0032874350407117634,-0.03610147159857608,0.01846224758477149,-0.10021341716891059,0.07856278559213868,0.022109111591037012,-0.06468272653556191,0.08972273191236778,-0.12697994799406742
2025-12-03 01:00:00+00:00,-0.195015372710441,-0.004911172264931084,-0.03610147159857608,0.01752417058196451,-0.09828479391206062,0.07719318547859334,0.023204489873200982,-0.06359576858303154,0.10942245647595276,-0.12769967171601962
2025-12-03 02:00:00+00:00,-0.195015372710441,-0.006575710366726721,-0.0378672306861495,0.017040868009891342,-0.09774692956492684,0.07581162459094375,0.02394071686483337,-0.06252368233150793,0.10942245647595276,-0.12769967171601962
2025-12-03 03:00:00+00:00,-0.1996584864264146,-0.011075460493479317,-0.04400924574071634,0.011573331689656772,-0.10216541487021646,0.07359552920682731,0.01895070305774399,-0.0678258113808891,0.10622938332503637,-0.13116644162419674
2025-12-03 04:00:00+00:00,-0.19920725261987246,-0.0069121373269619875,-0.0420149885698954,0.01259013277692483,-0.10164093720882968,0.07809967223954363,0.017393427858321955,-0.06830785158493277,0.10278680392935387,-0.13048745915406454
2025-12-03 05:00:00+00:00,-0.1987570051373499,-0.0011378530642435442,-0.039706354998810346,0.01259013277692483,-0.10228273999738072,0.08118331012128387,0.015851214655447737,-0.06935712670524677,0.1075530159782635,-0.12980726466746093
2025-12-03 06:00:00+00:00,-0.2005196463650835,0.006269388194295997,-0.037379916017232104,0.013558069086436716,-0.1036240465901456,0.08666392114228205,0.012219749730393428,-0.07133634798251696,0.10406437688362001,-0.12912584054783602
2025-12-03 07:00:00+00:00,-0.19802175043319992,0.015402698733081402,-0.03551925565514274,0.019559917460550316,-0.1038945926499554,0.10034861092775159,0.00882253979868109,-0.07344701686577837,0.10380557937148188,-0.11792606084462413
2025-12-03 08:00:00+00:00,-0.19554033599681805,0.0264610034745925,-0.027201715695615497,0.02545314507188728,-0.10340962304150339,0.1134051434271434,0.005459428957249515,-0.07552188734175866,0.10573223870356224,-0.10932628593992967
2025-12-03 09:00:00+00:00,-0.19307510400639244,0.03715184410326968,-0.01898996833771508,0.029794054236551164,-0.1046299620933703,0.12588812217984174,0.0021287912193228824,-0.07756140000075738,0.09894412863148706,-0.10187231115349206
2025-12-03 10:00:00+00:00,-0.19307510400639244,0.051322754820913245,0.00018956105064902397,0.03469372416938489,-0.1046299620933703,0.13843449991487994,-0.007420865393014981,-0.08072302309177129,0.09026332948519095,-0.0970976350600016
2025-12-03 11:00:00+00:00,-0.1919852834866762,0.07151117337966764,0.026014147801973492,0.040432431303098385,-0.10040579082577146,0.15584505673513102,-0.01782164388693272,-0.08472236216904698,0.07820396621473094,-0.0884310548123951
2025-12-03 12:00:00+00:00,-0.19091212604364038,0.09108508662767391,0.051160970160418845,0.043651697127557974,-0.09201304269855481,0.17330502142968462,-0.02817894792812928,-0.08866323454215591,0.0800945046413727,-0.07615426446382814
2025-12-03 13:00:00+00:00,-0.18985520339886502,0.110081697508048,0.06925139919192005,0.04826580923444916,-0.10548542321144544,0.192745058051681,-0.03849952743672658,-0.09254695607339587,0.08197054292358921,-0.06044141402673896
2025-12-03 14:00:00+00:00,-0.18841206594895915,0.13678166308824888,0.09401600132502863,0.05935292011554506,-0.10235552658981908,0.21998458569232157,-0.0546289678075755,-0.0980978616803664,0.07102731159608447,-0.04326187626430023
2025-12-03 15:00:00+00:00,-0.18699826465106625,0.16266594727694142,0.11790848693742502,0.07018918482300467,-0.10037177293671835,0.2460853370275803,-0.07069327820265763,-0.10609253554150043,0.07283360814338798,-0.026606749330081923
2025-12-03 16:00:00+00:00,-0.18699826465106625,0.1413632443978092,0.09924531134391894,0.0629249324872994,-0.10037177293671835,0.22573547946272382,-0.05671163821224915,-0.09918861802371605,0.08652840609403349,-0.0358737262037465
2025-12-03 17:00:00+00:00,-0.18699826465106625,0.12521843927498563,0.08094497890383652,0.0557104252567094,-0.10292748344629432,0.2019949044731308,-0.04546027627484196,-0.09228128125704281,0.08652840609403349,-0.04501293693472107
2025-12-03 18:00:00+00:00,-0.17202685074760907,0.1155693454255236,0.06935434671886943,0.052520065710760164,-0.10092610477920712,0.18685773172298092,-0.03358056178992686,-0.08821329595998802,0.10339995696932384,-0.04857375306726118
2025-12-03 19:00:00+00:00,-0.15914437413521448,0.1059487401265407,0.05780358003742846,0.04929380267728624,-0.10266672481208053,0.1719415244073637,-0.02137808043313502,-0.0818199469538408,0.12867917470065146,-0.05216988442217248
2025-12-03 20:00:00+00:00,-0.1486121205051344,0.09634830482499845,0.04628088368242061,0.046030664904412696,-0.10347169496393861,0.15721798337941112,-0.010616139074235356,-0.07531866629695194,0.13953384942288305,-0.05580281451024309
2025-12-03 21:00:00+00:00,-0.14728892437652324,0.08986742391761396,0.036220769934862826,0.04172991106579515,-0.10996047896694024,0.1435416001123987,-0.003514956196865747,-0.07125637349606144,0.1473422912200997,-0.06093366417646557
2025-12-03 22:00:00+00:00,-0.14728892437652324,0.0834813887248257,0.026087089383059873,0.03964795350557452,-0.11694607190524083,0.1313960588300959,0.005542371526949406,-0.06844959543309234,0.1551566045394979,-0.06600372536713482
2025-12-03 23:00:00+00:00,-0.150006413322522,0.07512623231497827,0.021054118283779292,0.037714227676988774,-0.10550411867646291,0.1285327641408563,0.012757389630823986,-0.06083363875011439,0.1494518267825949,-0.07165366648693809
2025-12-04 00:00:00+00:00,-0.15136572264418272,0.07367407356041863,0.016626166123718825,0.03677525697807076,-0.10473328578960195,0.12712909847965514,0.013783632496787034,-0.05914906742438019,0.1496672617532158,-0.07305543599039856
2025-12-04 01:00:00+00:00,-0.1527388025180207,0.07220157185590081,0.012062394697471073,0.03677525697807076,-0.10413551470350477,0.125830591930558,0.01528872817200064,-0.05749264431427141,0.14991942076429762,-0.0737335296145065
2025-12-04 02:00:00+00:00,-0.15758801770165592,0.06785802443760734,0.009605296705447009,0.030223095402324818,-0.10859013076622544,0.12406136053620102,0.010191954779086302,-0.06212084898069515,0.14709534268721197,-0.07661268732006689
2025-12-04 03:00:00+00:00,-0.1625016197099175,0.06330959136944628,0.008533043293782102,0.02458473848314203,-0.11375139477115517,0.1229001391960807,0.00592296136640849,-0.0663166424967761,0.14427390469481058,-0.0795179608058721
2025-12-04 04:00:00+00:00,-0.1620939711005715,0.06821721323022066,0.012826832889619683,0.02550433547465534,-0.11447340858230677,0.12718471478049265,0.004539638187764636,-0.06671659551520141,0.14427390469481058,-0.07894160915124136
2025-12-04 05:00:00+00:00,-0.1620939711005715,0.07406385325724847,0.017173584344733137,0.027283191647040107,-0.11531434667694045,0.13154900910955528,0.003169140639994795,-0.06759698264375184,0.14427390469481058,-0.07836387282381767
2025-12-04 06:00:00+00:00,-0.16370115217666872,0.07773851592120878,0.021576948534225985,0.02810734645395276,-0.11703078329835945,0.13540062296364835,0.0011473110053118597,-0.06921060233745224,0.14124602948718845,-0.07778473451921313
2025-12-04 07:00:00+00:00,-0.16428612295250222,0.08638113064428539,0.02806914925544599,0.03107013932121981,-0.11653680769635939,0.14527902492797065,-0.0006433122235187374,-0.07070534509091415,0.14356166853037594,-0.0712518495570292
2025-12-04 08:00:00+00:00,-0.16181160918163218,0.09479319181040188,0.03453087894961968,0.03399640286339984,-0.10645237067479578,0.1548601654886287,-0.0023943963083068896,-0.07216882362087039,0.13649154686853252,-0.06244648874663907
2025-12-04 09:00:00+00:00,-0.16181160918163218,0.1042253800582545,0.04691629146617565,0.03399640286339984,-0.10971458804304479,0.16517186761817634,-0.010089674023420711,-0.07514600039534701,0.12807722291567183,-0.058311618739725964
2025-12-04 10:00:00+00:00,-0.16485270327810045,0.11354489995508694,0.05948950830092397,0.03399640286339984,-0.10196033184934447,0.1761174574026708,-0.017859982835421423,-0.07957342994159733,0.11967227505218395,-0.05222270768226122
2025-12-04 11:00:00+00:00,-0.16690843176505343,0.12758913539791558,0.0738930322446643,0.03311375016713352,-0.10398117730367802,0.19023665406695262,-0.025793414102795103,-0.08297217848515856,0.12193955548413804,-0.04201981199316289
2025-12-04 12:00:00+00:00,-0.16893706048536136,0.1412728259917857,0.08158181321195064,0.035947541684162455,-0.10930806642639387,0.20450429250919963,-0.033689960215609736,-0.08632336093575663,0.1241912032942237,-0.032026432467763426
2025-12-04 13:00:00+00:00,-0.17380703979462303,0.1563982623640155,0.08158181321195064,0.03961507113171933,-0.11211308541061639,0.22375275164971703,-0.0466451506946103,-0.09350987436754378,0.11209705017543259,-0.025630448272682183
2025-12-04 14:00:00+00:00,-0.17726707544140416,0.1753797563878202,0.07357386515537269,0.05017759957824988,-0.11190000570187049,0.2472755405544979,-0.05947885695804892,-0.10085850326582316,0.11422044281195164,-0.01095121565867215
2025-12-04 15:00:00+00:00,-0.1806828946383569,0.193851010754236,0.07504186463665338,0.06051408764943376,-0.10730413383999234,0.27010118448332016,-0.07225674404702936,-0.10810295143552068,0.08487373194573013,0.0033366289133907145
2025-12-04 16:00:00+00:00,-0.17632559878288634,0.17752049247533525,0.02359083380287891,0.056892076201603185,-0.09970535676237338,0.2518850072233003,-0.0601128481073311,-0.10128464383574415,0.08487373194573013,-0.0026846719078449646
2025-12-04 17:00:00+00:00,-0.1719605622603345,0.1613967002188549,-0.018932690851615096,0.049620286865450794,-0.07887016561069715,0.2338637259734697,-0.05097114973292324,-0.0922564921514597,0.09859229231016205,-0.011637607272440216
2025-12-04 18:00:00+00:00,-0.1704828122740789,0.15088571743573737,-0.0391732148214331,0.046053239270797804,-0.07288307673133756,0.2215130618533334,-0.04059831004807175,-0.07772594059134737,0.1175568502464391,-0.015723379063785074
2025-12-04 19:00:00+00:00,-0.17500003862089406,0.14035712320776986,-0.05742622306828283,0.04244669836704751,-0.06874358817589284,0.20683924165000742,-0.028736899623752865,-0.047567201539756174,0.1373973734986184,-0.019844571149723596
2025-12-04 20:00:00+00:00,-0.1769264005139777,0.1298040192857087,-0.07135925200326519,0.03879959028680303,-0.06511025672253823,0.1922037354496467,-0.018465761452421414,-0.019362870726049475,0.13536822875972443,-0.021024155306034017
2025-12-04 21:00:00+00:00,-0.1789639304815085,0.11553589713152214,-0.08472010442022028,0.035110816171953406,-0.05331421087185841,0.17759164825206547,-0.009915737470638617,0.011106321960057244,0.13332611388322907,-0.022234871575704192
2025-12-04 22:00:00+00:00,-0.17363940075166054,0.10496947081287283,-0.09480535525086195,0.040159012270227064,-0.060969545864391926,0.1651309131916773,0.004900713721433986,0.04749762356195459,0.13127072835118828,-0.021711377795167828
2025-12-04 23:00:00+00:00,-0.15973802948421517,0.10096415576547002,-0.10168830014202787,0.05141163727687498,-0.04760368642210583,0.1584302102431056,0.028454549296860344,0.09184879311251777,0.12920176209026787,-0.013904722911634129
2025-12-05 00:00:00+00:00,-0.15973802948421517,0.09990752675443197,-0.10682328701875893,0.05086661477227902,-0.045042627076820094,0.15727126011263032,0.0303111301446647,0.09372978394364437,0.12920176209026787,-0.013904722911634129
2025-12-05 01:00:00+00:00,-0.15973802948421517,0.09884434394827309,-0.11233012691540614,0.049815801118603696,-0.044486532020766384,0.15611309645057195,0.03213962142230745,0.09558897505121713,0.12920176209026787,-0.013904722911634129
2025-12-05 02:00:00+00:00,-0.15973802948421517,0.09753840392095715,-0.1177776903986306,0.049260796691170367,-0.04664028293384202,0.15442136746418977,0.033941279792927305,0.09795884848717476,0.13028044366086908,-0.014556945905661452
2025-12-05 03:00:00+00:00,-0.16487589782804382,0.0926992827501209,-0.11502974601438508,0.04257092468625867,-0.05043029344530149,0.15180989450937488,0.02936551869282393,0.09638057015832192,0.12772356268385765,-0.017649956884221624
2025-12-05 04:00:00+00:00,-0.16487589782804382,0.0958631070809005,-0.1078344585285054,0.04344209353162662,-0.05081859221990937,0.15535720370227316,0.02726270664987517,0.09248010914473427,0.12509778849362949,-0.01710114501080801
2025-12-05 05:00:00+00:00,-0.16487589782804382,0.09912333574455186,-0.10083581162896393,0.04344209353162662,-0.05081859221990937,0.15856487910654551,0.02519567199804866,0.08826196415702844,0.12509778849362949,-0.01655055080785893
2025-12-05 06:00:00+00:00,-0.1668110206021116,0.10826523826969116,-0.0869514952895258,0.03806773038510959,-0.05831015906550563,0.16101609091838295,0.024135565620491448,0.08408649003240863,0.11973068672760559,-0.018432238400038138
2025-12-05 07:00:00+00:00,-0.16717649336401572,0.1154027214345301,-0.07466381852668594,0.038602795788463505,-0.057763873970198575,0.16921615283990357,0.024022728094925432,0.08124934807950158,0.1144578617043843,-0.020327980504455705
2025-12-05 08:00:00+00:00,-0.16752481048729292,0.1223843809433244,-0.06285389503024084,0.039136324772347124,-0.05671319175223749,0.17723388801744494,0.023959296167689645,0.07848117141699536,0.1092772883150834,-0.016929019409203567
2025-12-05 09:00:00+00:00,-0.17031859057075405,0.13137802550441616,-0.05209795826509514,0.039136324772347124,-0.052097614309508655,0.18915547395399074,0.016451132459919884,0.06788599749856468,0.10104139284169866,-0.009845962116056577
2025-12-05 10:00:00+00:00,-0.17031859057075405,0.14031469150302836,-0.03811826664183608,0.041338794241220535,-0.05352597387978549,0.19833447374196983,0.008802877319814746,0.05646497896377944,0.09279351919046996,-0.004510710562478007
2025-12-05 11:00:00+00:00,-0.16929280930909618,0.15307609504969844,-0.022681467309305575,0.03887249733361393,-0.06460215778801183,0.21077666984809657,0.00019938918464170902,0.04256030263166022,0.08186739752781014,0.000716774891264557
2025-12-05 12:00:00+00:00,-0.16828040505859018,0.16557797950327052,-0.0018053109925416939,0.034303996972398734,-0.07432525846093374,0.22323402713729226,-0.008345865877209735,0.028671626646592063,0.07107821010375437,0.005893282740120679
2025-12-05 13:00:00+00:00,-0.16828040505859018,0.18056044619024936,0.015199442516763768,0.030775760131941828,-0.08421354372385077,0.23854513793579765,-0.021402101048523605,0.008621356598723248,0.0580993633231045,0.014941358835282954
2025-12-05 14:00:00+00:00,-0.16693572737711726,0.1985535675709308,0.03831416127429234,0.03120122047588777,-0.08475444468468325,0.25411073977720056,-0.03516531570424742,-0.013713102049202883,0.06126761968111812,0.02370198632168339
2025-12-05 15:00:00+00:00,-0.16561541768872962,0.21615879455971504,0.06058773745587728,0.03162307814280201,-0.09648823566379326,0.26958611841930946,-0.048837537274308306,-0.03606641109567372,0.06440068482720625,0.03237975315334482
2025-12-05 16:00:00+00:00,-0.16561541768872962,0.19946226683936402,0.042914980833850855,0.03162307814280201,-0.09395277718347093,0.25542295598521814,-0.03538957033815227,-0.01481087256772585,0.07931013392058643,0.026141494371393254
2025-12-05 17:00:00+00:00,-0.16561541768872962,0.18289638766475452,0.025605494450357924,0.03162307814280201,-0.09395277718347093,0.24369436011506704,-0.02180840461645421,0.006840449354738993,0.11116797664315214,0.029295694297089
2025-12-05 18:00:00+00:00,-0.1616161552557077,0.1712326840215461,0.014915548248661259,0.0323689729904563,-0.0871688308418992,0.2323016866554536,-0.00879859138602979,0.027151450528383726,0.11534202510160396,0.030414523593967926
2025-12-05 19:00:00+00:00,-0.15899916427096247,0.16099135179283208,0.004582931304760703,0.0323689729904563,-0.08862717479145683,0.22308592975020353,-0.0002869555306975362,0.04111691299915919,0.12490870138556542,0.03438092136781369
2025-12-05 20:00:00+00:00,-0.1518271730833459,0.1508262349859455,-0.005598736603721614,0.0323689729904563,-0.10426829508532853,0.21159547036884813,0.008318720650221491,0.05539450005251559,0.12490870138556542,0.03836968138333173
2025-12-05 21:00:00+00:00,-0.14257291658360055,0.14073291940523328,-0.012389710407131787,0.0323689729904563,-0.10426829508532853,0.2001583323911544,0.017023112922071773,0.07000987869360085,0.1345322792322124,0.04238129870947467
2025-12-05 22:00:00+00:00,-0.13516043459410962,0.1307071349078756,-0.026009406920697822,0.0323689729904563,-0.11579360049694319,0.1909949643932961,0.023652164621913545,0.08262898617106476,0.1345322792322124,0.0403877238868829
2025-12-05 23:00:00+00:00,-0.13831485516123165,0.12149033031319989,-0.036386577227145556,0.0345123769479595,-0.10952216615607888,0.1854790659375319,0.03002311919804967,0.09201725684883318,0.1558424302817747,0.0403877238868829
2025-12-06 00:00:00+00:00,-0.13831485516123165,0.11555483076125936,-0.04655103247444228,0.03240124089131318,-0.11928462891282719,0.18148183174232013,0.03407886275121588,0.09898076776272346,0.1558424302817747,0.03671583113451769
2025-12-06 01:00:00+00:00,-0.13831485516123165,0.11317371158361916,-0.05019057466555232,0.03240124089131318,-0.11153915108466872,0.18074061104820557,0.03536267911431599,0.10083850315023486,0.1558424302817747,0.03551263842143358
2025-12-06 02:00:00+00:00,-0.13831485516123165,0.11076767543818165,-0.05478679824347849,0.03311931222489462,-0.11086333536552408,0.18001956256097346,0.03662949467114681,0.10267678002749797,0.15950181272649114,0.034296001238052556
2025-12-06 03:00:00+00:00,-0.14337810610232843,0.10793973935962921,-0.05227309225731278,0.029535184211365032,-0.11315816545072853,0.17687539671098657,0.030752558221443106,0.09810169713465328,0.15685661137952409,0.028981835426696963
2025-12-06 04:00:00+00:00,-0.14337810610232843,0.11192158854942007,-0.04951286894724571,0.02819668021033756,-0.11295678512230986,0.18125303824409142,0.029406346254339674,0.0945916845348022,0.15490265928489214,0.030257790338325995
2025-12-06 05:00:00+00:00,-0.14337810610232843,0.11602694753446868,-0.04645865443529438,0.0275729103979196,-0.11384487902575838,0.18441381252436928,0.02808210994062169,0.09116776761380632,0.1529534940420463,0.03155307158161594
2025-12-06 06:00:00+00:00,-0.14289899069307085,0.11855647051033719,-0.04345830985983437,0.0275729103979196,-0.11542939342662727,0.1876931407712604,0.02643076984507745,0.08803366384914738,0.15100869157212587,0.032868378148289606
2025-12-06 07:00:00+00:00,-0.14361262428693222,0.12055305525780113,-0.04050893908879866,0.02814204627301405,-0.11601623827729488,0.18930598054387288,0.02435183823207171,0.08548233799738036,0.15100869157212587,0.03227408998452673
2025-12-06 08:00:00+00:00,-0.14288997297633116,0.12555783079485264,-0.0330263894710723,0.03262810933717021,-0.11387129052122973,0.1949171200291444,0.02374949981713328,0.08143720936520832,0.15525981684132792,0.03608514844650379
2025-12-06 09:00:00+00:00,-0.14217228772766807,0.13046598288475236,-0.027887385988052994,0.03650038340431199,-0.11634279895869676,0.20039981444620708,0.0231934498475338,0.0776314622418853,0.1513594996533632,0.03983287234590829
2025-12-06 10:00:00+00:00,-0.14396099292286724,0.13528003518309753,-0.022058821047928022,0.03897159179530097,-0.1169781243045845,0.20590999712146338,0.02128819696534879,0.07040136455091614,0.14753841334645956,0.04351838044411565
2025-12-06 11:00:00+00:00,-0.14646191256290944,0.1409096313789261,-0.013410043660084957,0.040893001452908584,-0.12243529157649867,0.2144544604213124,0.013825402423435326,0.05830467291977859,0.13987530345979704,0.04892016634560757
2025-12-06 12:00:00+00:00,-0.14972404136674125,0.14957056279354083,-0.004446753484621581,0.044618747508119394,-0.13126866048257288,0.2256400395383917,0.004724956263444925,0.04235183881821707,0.13004782722709954,0.05625024720846412
2025-12-06 13:00:00+00:00,-0.15294208028182305,0.15807035014933787,0.004358938511958929,0.04829413298978278,-0.13547327505700027,0.2366705691602447,-0.0042940766783302895,0.02653347211413485,0.12031423185481269,0.06347608418419325
2025-12-06 14:00:00+00:00,-0.15611687706917587,0.16641401434432238,0.013011540864781616,0.05192014178508726,-0.1372824500792404,0.24755294862956023,-0.013235791223260431,0.010835610833926902,0.11066974473620643,0.07060045659663135
2025-12-06 15:00:00+00:00,-0.15924925545557414,0.17460638159683683,0.021515401869792315,0.05549772959553611,-0.13906737527329083,0.25829386434841484,-0.02210425369377713,-0.0030208931423370586,0.08610028946345026,0.07762606245446933
2025-12-06 16:00:00+00:00,-0.15449796756602496,0.16311153979208706,0.010994524037683055,0.05186894085420158,-0.1341506004481083,0.2419705150514485,-0.008129823342932394,0.019944038462266347,0.10163139524340015,0.06765170991120244
2025-12-06 17:00:00+00:00,-0.14975147428234564,0.1516920692421763,0.0005167808603828123,0.048246650365006694,-0.1341506004481083,0.22569719738598054,0.005937969665932117,0.04311220139897877,0.10163139524340015,0.05768503154954142
2025-12-06 18:00:00+00:00,-0.14687737060451173,0.14431805232013942,-0.007010420401352023,0.050358225810306315,-0.1320928206392297,0.21358034971454798,0.01659698292325699,0.06342736903146422,0.1006241916905424,0.0499090084400391
2025-12-06 19:00:00+00:00,-0.14687737060451173,0.1371370193342977,-0.013489472156062034,0.050358225810306315,-0.1320928206392297,0.20097440980861256,0.021084526795250493,0.07827104949029369,0.11055924457535339,0.04370130010570994
2025-12-06 20:00:00+00:00,-0.14687737060451173,0.1300020429611836,-0.02323416946455205,0.052683124589926106,-0.13043737315271323,0.18846964155934826,0.02560598229235698,0.09328932738874375,0.12059654679649329,0.03749679211905728
2025-12-06 21:00:00+00:00,-0.14687737060451173,0.11899621572171663,-0.026484218226867792,0.06219237245471059,-0.1348172105621902,0.17605860057674072,0.030162232360939137,0.10849767811127775,0.12059654679649329,0.0312946636037923
2025-12-06 22:00:00+00:00,-0.14414102051317676,0.1081612203251561,-0.03646156997851257,0.06934723550384243,-0.13917459166536236,0.16373409285445337,0.03475418864155856,0.12138979006383806,0.13074144813069574,0.025094094915675515
2025-12-06 23:00:00+00:00,-0.13797475781369278,0.10167220168305365,-0.04310090625155832,0.06721505327310254,-0.13555302587303342,0.15498396889299534,0.03915793987918657,0.1287374399387459,0.13074144813069574,0.023083748147899347
2025-12-07 00:00:00+00:00,-0.13797475781369278,0.09557330553406695,-0.04977468375748351,0.06721505327310254,-0.14089327051215025,0.14859564667760686,0.043220785852346476,0.13369167846491656,0.14388963200788082,0.02108102370810901
2025-12-07 01:00:00+00:00,-0.13797475781369278,0.09357546734420877,-0.05105076452129111,0.06721505327310254,-0.14089327051215025,0.14713496265899675,0.044516804595538875,0.13453575021558167,0.14388963200788082,0.020347704436991246
2025-12-07 02:00:00+00:00,-0.13797475781369278,0.09156048547361978,-0.053496861557138946,0.06801942847878895,-0.14022074082776792,0.1456714574694087,0.04579414927586306,0.13537722181495657,0.1481154127356996,0.019609809644253438
2025-12-07 03:00:00+00:00,-0.14282789602549867,0.08848126512836975,-0.0531985990228019,0.06725482447655817,-0.14525030807882225,0.14271652155580317,0.039210776365600226,0.13074789777453583,0.14323141240002865,0.014298005000132327
2025-12-07 04:00:00+00:00,-0.14282789602549867,0.09065192655628887,-0.05164246035196574,0.06725482447655817,-0.14547877088368089,0.14706626018204833,0.03790900061253073,0.12914241062139378,0.14323141240002865,0.014822868421574079
2025-12-07 05:00:00+00:00,-0.14298375603130484,0.0916470472745445,-0.050093444974978356,0.06673807299968129,-0.14643390121421068,0.1515509677253471,0.03728379540042027,0.12638431543642314,0.1418394431533618,0.015351579079538134
2025-12-07 06:00:00+00:00,-0.14298375603130484,0.09301491422033523,-0.04855127552578661,0.06557687444716344,-0.14702125446535919,0.15347285908929137,0.036390695753009655,0.12243779477799485,0.14045104704587197,0.016378545567272407
2025-12-07 07:00:00+00:00,-0.14360209006019636,0.09474531115333228,-0.04773452263108381,0.06440650315084673,-0.14702125446535919,0.1547494940839458,0.035092079879088335,0.12004103898999156,0.1390660220867329,0.017325589775853266
2025-12-07 08:00:00+00:00,-0.14515806272346332,0.10139612817446934,-0.04420838298159419,0.06529405365410341,-0.14474811444888175,0.1611793104669878,0.03390965906609871,0.11465744064232308,0.1377645481359663,0.020075294466486204
2025-12-07 09:00:00+00:00,-0.14430986731075285,0.10788296427887682,-0.0428051985077549,0.06439236324559411,-0.14480261010846904,0.16947931024867308,0.03277214868084012,0.1093593762082333,0.12600674828887765,0.022781165696639405
2025-12-07 10:00:00+00:00,-0.14583209533825411,0.11521184375255933,-0.043508482456247284,0.06229763260548113,-0.147078724589644,0.17616366344830786,0.029879923846138367,0.10230040363809396,0.12480986205233081,0.02544378803584569
2025-12-07 11:00:00+00:00,-0.1481977596406715,0.12597964963037653,-0.04091662813292206,0.056562760954271325,-0.147078724589644,0.18543981644834107,0.02281521733277894,0.0906189951431264,0.12480986205233081,0.02892165401404633
2025-12-07 12:00:00+00:00,-0.15116198393874772,0.1410056896019431,-0.03491771100273455,0.05001377598227031,-0.15333163598439017,0.1989886134889572,0.014606135019275043,0.07477174569116452,0.12337685093584748,0.034033817228112946
2025-12-07 13:00:00+00:00,-0.15408721291829325,0.15577003797751257,-0.031569421246461574,0.0469558344626954,-0.15350952922233965,0.2124886094962985,0.006449537139047998,0.05908720955866041,0.10083589057954476,0.03907348462134338
2025-12-07 14:00:00+00:00,-0.15697415273573978,0.16716259969806702,-0.028267163315480914,0.04393743957692362,-0.1522899222606115,0.22748693704523634,-0.0016584679973868646,0.04355157048232461,0.08574166849717128,0.04404217802251058
2025-12-07 15:00:00+00:00,-0.16104282140808115,0.18039040735993747,-0.02365059359416996,0.03721579917648285,-0.15014979879763254,0.24540390810673113,-0.014189088042010382,0.023126831570995144,0.08574166849717128,0.049975737847306904
2025-12-07 16:00:00+00:00,-0.1563170446714986,0.16351299398326327,-0.02896389104248253,0.041208182363386366,-0.1474848753126469,0.22131883363642854,0.00014633296696814162,0.04682233173420482,0.10094426512480022,0.04313194005903642
2025-12-07 17:00:00+00:00,-0.15159461201978008,0.14681631341249735,-0.034282667664336984,0.049281274732215934,-0.12643782005096374,0.19763178781682156,0.014626109731991419,0.07069791371026919,0.1163285875096437,0.03629628648205009
2025-12-07 18:00:00+00:00,-0.1485683861019667,0.13526386733209234,-0.039268687757908996,0.05865042967600613,-0.12722324189326983,0.18364769473166753,0.02852302630361958,0.09158249010642473,0.13168254961957682,0.031244224443993007
2025-12-07 19:00:00+00:00,-0.14582083709384053,0.12472166524860433,-0.0426351389533629,0.06390545874697076,-0.11986542499649314,0.170475069570084,0.03559662866681957,0.10508139422058724,0.13168254961957682,0.031244224443993007
2025-12-07 20:00:00+00:00,-0.14306706286134147,0.1142850188990357,-0.04600563020328916,0.07174424904174145,-0.12468012862998672,0.1550197455526129,0.042751942951887785,0.11877480174043387,0.13964548829154375,0.0356742380959796
2025-12-07 21:00:00+00:00,-0.13329930290306335,0.1039484742426341,-0.049380296854567886,0.07710046419445186,-0.12468012862998672,0.13819054968526742,0.04999223531608738,0.13267641915324385,0.1576072825029507,0.04244215533504558
2025-12-07 22:00:00+00:00,-0.12484646482352967,0.0937068138916942,-0.05286832683109416,0.08417485444876677,-0.12288503398094795,0.12806658650146285,0.057148196715958256,0.14526247439125634,0.17549518211293497,0.04244215533504558
2025-12-07 23:00:00+00:00,-0.12160483869648385,0.08744537334482735,-0.05649341273249688,0.09243309810561647,-0.11752191133833081,0.1177027451723123,0.06377219544973968,0.15055891617305403,0.17549518211293497,0.04038361245103638
2025-12-08 00:00:00+00:00,-0.1264924346773702,0.07825949662127309,-0.06391191558486552,0.08690304679265347,-0.12401744270906317,0.10662305702226547,0.06248800682663301,0.14655788317167032,0.17738944395995251,0.0356756954841072
2025-12-08 01:00:00+00:00,-0.1264924346773702,0.07644758267341605,-0.0656104147566889,0.08690304679265347,-0.1250750064685608,0.10474827852025707,0.06392647317231653,0.14704345174843791,0.1794722723685172,0.03642999981396184
2025-12-08 02:00:00+00:00,-0.1264924346773702,0.0756104727413008,-0.06732796670475646,0.08635744714499458,-0.12728112424440144,0.10217757232455806,0.06535011452471176,0.14813602717524402,0.1794722723685172,0.0356756954841072
2025-12-08 03:00:00+00:00,-0.13114774142270702,0.06886722056012654,-0.07280064911477124,0.07989456174859887,-0.1306748864730484,0.09772005627478698,0.06074169955625358,0.14468419809101662,0.17901403342258707,0.030886092222443894
2025-12-08 04:00:00+00:00,-0.13114774142270702,0.0710368935247547,-0.07236055301556807,0.07732122117978016,-0.1308675269607043,0.10125485929156114,0.059513694491606865,0.143269313190744,0.18236498105545398,0.030886092222443894
2025-12-08 05:00:00+00:00,-0.13126561126152247,0.07206825134151457,-0.07191948297238532,0.07507946576854088,-0.13152552950138569,0.10451346571766233,0.058304945940688344,0.1413518662702358,0.18236498105545398,0.030886092222443894
2025-12-08 06:00:00+00:00,-0.13604695077615214,0.07370903218551095,-0.0730642565539287,0.06446753759464725,-0.13743407649280476,0.11208857079667531,0.05760445973986599,0.13393526476139192,0.18151738133067025,0.027819760419358346
2025-12-08 07:00:00+00:00,-0.1367822424592133,0.07794039095102563,-0.07424044445769334,0.05633339098749491,-0.14011259640127272,0.12064863285903961,0.05863130120872025,0.1286359054906447,0.17200418490930866,0.029923869840093882
2025-12-08 08:00:00+00:00,-0.13751717788083043,0.08212046131431171,-0.07280820391695486,0.05039874932263256,-0.1438383844148187,0.12896333174214353,0.05964006608931913,0.1252691326141024,0.1712179629808159,0.03366998897981647
2025-12-08 09:00:00+00:00,-0.1382517807118418,0.08625109222666594,-0.07142672980998699,0.038765966087662355,-0.14849915407191813,0.13704783017895508,0.05892734889940693,0.12197451417450186,0.1620487763956596,0.03737353585055008
2025-12-08 10:00:00+00:00,-0.14346312552846324,0.0905479752170578,-0.07502274677866068,0.016428633965418046,-0.15803902319604146,0.14706838669804845,0.05722061377331737,0.11409027984665841,0.14677710977872588,0.034854161213444
2025-12-08 11:00:00+00:00,-0.15041905567808295,0.09632560467607731,-0.07985215012538296,-0.013372316985945513,-0.1763717691405205,0.16089737728943457,0.05465995159950885,0.10287083439454414,0.12583359190288804,0.02696151926955099
2025-12-08 12:00:00+00:00,-0.16225570727746325,0.10085948292720343,-0.0708627822218692,-0.035650752132140216,-0.18458721946974727,0.17606810723209906,0.04597530210611716,0.08903383715129165,0.10228717037799938,0.02696151926955099
2025-12-08 13:00:00+00:00,-0.1741072543904671,0.10538460064559767,-0.06626864725479922,-0.054919301914781386,-0.19743570651027803,0.1931153043814762,0.037243116999851916,0.07519691010636448,0.09121156174876197,0.021188143547048253
2025-12-08 14:00:00+00:00,-0.18756394380935726,0.11135787568844406,-0.061071468034609055,-0.08240868905650814,-0.21197784567917216,0.2118960286555933,0.0277789774094142,0.05816916541288089,0.07931808732289458,0.016933301356584583
2025-12-08 15:00:00+00:00,-0.20085136697318923,0.11723787432696493,-0.05594646720732185,-0.11601267487257778,-0.23157431614398347,0.23011298245521783,0.018404304777044935,0.03873919071399752,0.06747131973130752,0.015600118607203381
2025-12-08 16:00:00+00:00,-0.1865910926599442,0.11152127035320455,-0.06163228745159237,-0.08176244496338236,-0.21258225076342485,0.21325646552900604,0.029281708333826467,0.05915795249611244,0.08238424839220308,0.01919115003324089
2025-12-08 17:00:00+00:00,-0.17233637148750877,0.10581847745587532,-0.06732872655488265,-0.04847223052996854,-0.1892515451982411,0.19289718375822829,0.04022962403622717,0.07973437758098299,0.09751486750327,0.026413348522482023
2025-12-08 18:00:00+00:00,-0.16115852523738455,0.1025069389580353,-0.07310793003854847,-0.023809037826399607,-0.17571854814081225,0.17915186390644772,0.05101574746067627,0.09611759843973702,0.12161329695202559,0.035577934930126405
2025-12-08 19:00:00+00:00,-0.1553364111850177,0.09882373186169133,-0.07680250188041957,-0.003331011459840149,-0.16016589752704827,0.16601747432740863,0.06072247995811071,0.11026090602322178,0.13191134322615616,0.040378670785713354
2025-12-08 20:00:00+00:00,-0.14949704380810183,0.09514945425964218,-0.07680250188041957,0.016690892040263444,-0.14786499831987526,0.1531141381856493,0.07056342545265996,0.12470045986481307,0.13191134322615616,0.04522294799387532
2025-12-08 21:00:00+00:00,-0.14105632441047122,0.09148391765890253,-0.08069043788004698,0.03810106961665506,-0.13493286715712668,0.14042845968934595,0.08054543301472745,0.13945782746070867,0.1462316240098844,0.05011197342387251
2025-12-08 22:00:00+00:00,-0.13186700546106792,0.08782693577354599,-0.08069043788004698,0.05288226120879518,-0.12468179799404054,0.1289421799701826,0.09031629973092896,0.15033500323659563,0.15423535993901197,0.05956691448869305
2025-12-08 23:00:00+00:00,-0.12145685233916534,0.08782693577354599,-0.08460551549221336,0.06157728967958792,-0.10734127361112938,0.11687992593576302,0.09466514371859448,0.15562149254648996,0.17238121330719355,0.06172844002463713
2025-12-09 00:00:00+00:00,-0.11957685061145407,0.08631084479953645,-0.0866712142171169,0.06470836956330572,-0.09688436637029428,0.11480933395382055,0.09717463887180684,0.15645773517525838,0.17536140851948623,0.06249454995811422
2025-12-09 01:00:00+00:00,-0.11771759385288222,0.08544454728149836,-0.0866712142171169,0.0682505720682139,-0.09071142014118391,0.11271319538994795,0.09888909532233232,0.1572930552512792,0.17803726188798835,0.06249454995811422
2025-12-09 02:00:00+00:00,-0.11587858455140333,0.08544454728149836,-0.08876446029080405,0.07211696486290618,-0.08450086786443735,0.110590114049724,0.10132115314718994,0.15874034620669175,0.17803726188798835,0.06249454995811422
2025-12-09 03:00:00+00:00,-0.11585339259907877,0.08544454728149836,-0.08877713565897313,0.06887687818506681,-0.08478625966725428,0.113100219856553,0.09863557301529263,0.15763105089220777,0.1713112835475677,0.06249454995811422
2025-12-09 04:00:00+00:00,-0.11583883444854072,0.08544454728149836,-0.08879426611663255,0.0663460138191974,-0.0853470325548774,0.11491369184380419,0.09605472163426441,0.15579995265932414,0.16505532200078646,0.06249454995811422
2025-12-09 05:00:00+00:00,-0.11583446567319249,0.08444309278316448,-0.08881601020105397,0.0634144592522562,-0.08542686009263972,0.11605992403225704,0.09430050790170773,0.1543741631391195,0.15921176263569137,0.06249454995811422
2025-12-09 06:00:00+00:00,-0.1213546510716885,0.07630650682108307,-0.09056689591079525,0.05246333550350249,-0.09041246131309182,0.1210385578953927,0.0908303868466153,0.14904241856063513,0.15283782207287358,0.057137085743381895
2025-12-09 07:00:00+00:00,-0.13092372144869707,0.07369443725523196,-0.09056689591079525,0.03911773597106033,-0.09422760895324303,0.1288191468535768,0.08656710347020619,0.13977500605462279,0.14645450386735157,0.04723706552915259
2025-12-09 08:00:00+00:00,-0.13724431033451748,0.07369443725523196,-0.08823709818947056,0.02504297398147806,-0.09887557976195734,0.1349956432329058,0.08097923332942773,0.1320618775331523,0.14014543679224947,0.040831396950444944
2025-12-09 09:00:00+00:00,-0.1435937896569547,0.07369443725523196,-0.08823709818947056,0.011221394041870572,-0.10329525109815806,0.1411036845436343,0.07532723585838028,0.12358234712356196,0.13390769981693637,0.034408587036004405
2025-12-09 10:00:00+00:00,-0.15239134146736436,0.06873445582914976,-0.09215997276165057,-0.008917250949694774,-0.11584308551571748,0.14892932119560484,0.06788992087309319,0.11060192951044046,0.12325993493172087,0.030635523568041678
2025-12-09 11:00:00+00:00,-0.1629690056904898,0.06412994498480504,-0.09215997276165057,-0.03025882462257886,-0.1255820390640677,0.15891245549372718,0.056893537077395334,0.0940085863418493,0.11273882365746582,0.027688806770600146
2025-12-09 12:00:00+00:00,-0.1735010751771334,0.05953758986447454,-0.08769063073866878,-0.05098505321792946,-0.1405728830379156,0.16888124404616905,0.04582412117845197,0.0773879796433395,0.10344845492701873,0.018936475602491322
2025-12-09 13:00:00+00:00,-0.18640012792348634,0.05529481265222394,-0.08129971361578527,-0.07187057983036936,-0.15637903245658538,0.1747013765886317,0.030929369413095098,0.05682752366663442,0.08943584993318653,0.00990429730800296
2025-12-09 14:00:00+00:00,-0.20186160355692923,0.04865736597420345,-0.07436111395302211,-0.10149929059644205,-0.17934279928074642,0.18463502571370444,0.014470805505080744,0.028402517378260113,0.07520259830872938,0.0013742371187677699
2025-12-09 15:00:00+00:00,-0.21726132091349565,0.0420361382777512,-0.06740703967600277,-0.13064299489709863,-0.1944402013800682,0.19486454579754645,-0.0021148402456242755,-0.0003190922620340544,0.045613126524642694,-0.011558268486584937
2025-12-09 16:00:00+00:00,-0.20314817596684326,0.0420361382777512,-0.07352984368074061,-0.10407584123135723,-0.17395595704272776,0.18478198887377015,0.012186772908404734,0.02455270278157712,0.05880438479951261,-0.0004780643734340811
2025-12-09 17:00:00+00:00,-0.18499261135939493,0.0420361382777512,-0.07966908642463916,-0.07578438178596703,-0.15653907817560508,0.17478501030079116,0.026608097686225327,0.049730623431654734,0.08479843378249323,0.010700998041995482
2025-12-09 18:00:00+00:00,-0.15963556171830887,0.04217762848860762,-0.08617531419930242,-0.05411764200216186,-0.13710831230977966,0.1692855109338919,0.03795848297332935,0.07016201980474297,0.09959903486740979,0.022904419900605984
2025-12-09 19:00:00+00:00,-0.1427512745598148,0.038518538670183664,-0.08617531419930242,-0.03623418515146379,-0.12845050326394117,0.16034071418385645,0.045137644991429325,0.08480951690890344,0.10752709658579329,0.03033439364010366
2025-12-09 20:00:00+00:00,-0.12330538649259459,0.038518538670183664,-0.09445844769564983,-0.018552567677734052,-0.11996450265179835,0.15386607319658688,0.05238835619844785,0.09974044854645871,0.12181520773196489,0.040311148715558125
2025-12-09 21:00:00+00:00,-0.107812113805863,0.038518538670183664,-0.09018806925104195,-0.0010517495188734289,-0.10712089765501345,0.14319119576148703,0.05971329524302026,0.11268644735487403,0.12951082571449307,0.0504263944891973
2025-12-09 22:00:00+00:00,-0.09552778768399257,0.04217762848860762,-0.08573337985298675,0.013314188289918526,-0.08512358305765114,0.13712030755538768,0.06692395546002414,0.12253601805194228,0.13565022466893426,0.05801754523319008
2025-12-09 23:00:00+00:00,-0.08500107206023128,0.04217762848860762,-0.08133992748594218,0.021745028907963884,-0.07814476988865295,0.1305925426730922,0.07374897079615608,0.1304230241166198,0.1431846351759093,0.06278454040048466
2025-12-10 00:00:00+00:00,-0.08160418602397128,0.04217762848860762,-0.08556726080192861,0.02581595905408367,-0.07063934297097338,0.12969910598780496,0.07527608927417509,0.13165890790988058,0.14618622395053324,0.0636740489079607
2025-12-10 01:00:00+00:00,-0.07640107895415858,0.04092149876753624,-0.09247215667845336,0.029807760505141157,-0.06389920562119418,0.1288015871481358,0.07678748611868547,0.13288751797732792,0.1431846351759093,0.06455934926886378
2025-12-10 02:00:00+00:00,-0.07970261914823104,0.0326659820720499,-0.09927707723774083,0.027385246345825898,-0.06482087810818345,0.12361219181785174,0.07309486413042436,0.1285831366875632,0.13970901322675264,0.06002126729458252
2025-12-10 03:00:00+00:00,-0.07995727787075595,0.0326659820720499,-0.09927707723774083,0.025699769853913427,-0.0654750669491928,0.12549571291096184,0.07162549882439197,0.12710351592284874,0.13153786310528115,0.05954674546995335
2025-12-10 04:00:00+00:00,-0.08022363255630752,0.0326659820720499,-0.09927707723774083,0.02428982088523635,-0.06613103380059047,0.12790164339214435,0.07018904765656148,0.12564702435452138,0.12419929615424881,0.05907575501177758
2025-12-10 05:00:00+00:00,-0.08050089146315893,0.032030767665755785,-0.09927707723774083,0.02274250624620552,-0.06694969588711706,0.1296157708015884,0.06878400098069169,0.12454534746538094,0.12074594530709724,0.05860823919815901
2025-12-10 06:00:00+00:00,-0.08703411329790689,0.02426614065418069,-0.10365620882561442,0.015035674282737164,-0.07253020854356389,0.1265725157710919,0.06579723211983904,0.12231701695582253,0.11642273809558028,0.053584695792645264
2025-12-10 07:00:00+00:00,-0.09555682396306812,0.021786904301697923,-0.10135518423053756,0.003238536510134271,-0.07922805111969908,0.13007545057013628,0.061494347272224185,0.11396595638750735,0.10709371025256269,0.04357735100966912
2025-12-10 08:00:00+00:00,-0.10412922216616685,0.019355641321187014,-0.10135518423053756,-0.008461126691714537,-0.08322226659956691,0.13354835722602904,0.0571530980151439,0.10715501587446338,0.10286429082044435,0.03876240749494816
2025-12-10 09:00:00+00:00,-0.11520554193215295,0.016901495097196167,-0.10782468295271226,-0.02453603196339262,-0.09393284589851886,0.13674829014764886,0.05316762015120011,0.09675183102400779,0.09445916151182096,0.03351245666814206
2025-12-10 10:00:00+00:00,-0.12711016532264108,0.014481974086293405,-0.11668084737962334,-0.039331675176497875,-0.10493743601812233,0.14264169478524918,0.04781004836604955,0.08446484068185882,0.08619428239613579,0.026856770681345336
2025-12-10 11:00:00+00:00,-0.14163543379968058,0.010057949783016096,-0.12138618783945222,-0.05663298448151552,-0.11997913750085319,0.14765788125600873,0.03946930445927265,0.06708007112124564,0.07713095442081706,0.01785646755175814
2025-12-10 12:00:00+00:00,-0.15607738049917091,0.005623708576094804,-0.12138618783945222,-0.07375541962155725,-0.137251886945487,0.15246035497682023,0.031087058927005907,0.04950724815647205,0.0687155730279654,0.005841823903478493
2025-12-10 13:00:00+00:00,-0.17386987794665726,0.0012570045160388388,-0.12078733637242017,-0.09494060079069955,-0.14601534107872588,0.1596753911093061,0.0219242762276564,0.02892199296019077,0.061127421925499255,-0.006430243743053566
2025-12-10 14:00:00+00:00,-0.1947529427559264,-0.005177936606666146,-0.12078733637242017,-0.12229460408158177,-0.16870153490036205,0.16962315940038084,0.009661474640828486,0.0028158176555232446,0.03524422928645407,-0.01975636720601452
2025-12-10 15:00:00+00:00,-0.21553489752491065,-0.01162864843083876,-0.12078733637242017,-0.14966263372428823,-0.19094921116308367,0.17632503908511027,-0.002669615771467883,-0.023644007439268363,0.0090665464401962,-0.03776330732244415
2025-12-10 16:00:00+00:00,-0.19620994967112734,-0.005983762870413317,-0.12078733637242017,-0.125651170459261,-0.1688111991174895,0.16638005812089265,0.008193640216194993,-0.0004221704242215371,0.032414643793159614,-0.022293603447049847
2025-12-10 17:00:00+00:00,-0.178107863804742,-0.0003248295278217061,-0.12078733637242017,-0.1016602482731438,-0.1496577216797944,0.15967885037506557,0.019174297289291816,0.0231453200301926,0.04441565610436915,-0.006565413085096661
2025-12-10 18:00:00+00:00,-0.16989415126428886,0.0033247172023283906,-0.12078733637242017,-0.08624903766075795,-0.13422356868401902,0.1528782466053121,0.026361793053739722,0.03886882451321211,0.05239701399006937,0.0037080603610201647
2025-12-10 19:00:00+00:00,-0.15858114758132472,0.006983695942937336,-0.11667314273988971,-0.07223373070733886,-0.12470848709973585,0.1461539822619905,0.031231531852762947,0.055084622615110636,0.059926160520014884,0.011554173515870611
2025-12-10 20:00:00+00:00,-0.14375967657368807,0.010652309249058679,-0.11257168974661173,-0.06088364686788851,-0.11597751677897335,0.14180659946001892,0.038686045169742625,0.07184027175201506,0.059926160520014884,0.01953770219329998
2025-12-10 21:00:00+00:00,-0.12939196113006307,0.014330762480274038,-0.11257168974661173,-0.049437059259062166,-0.09936149316769145,0.1351989164935578,0.04377664125911974,0.08651716824341758,0.06743795143348384,0.027665665035168298
2025-12-10 22:00:00+00:00,-0.11371914315644185,0.02166875272820498,-0.10819905198614518,-0.037691208579298724,-0.0829721355655144,0.12699435972739065,0.05117443365750928,0.10612688733148558,0.07493378712992325,0.03864693917227505
2025-12-10 23:00:00+00:00,-0.0997293089482949,0.02166875272820498,-0.10359532118512811,-0.027042508075165256,-0.08445742270006523,0.1170851077988222,0.05586070291133387,0.10855214724784004,0.08902801906782966,0.04643809022506023
2025-12-11 00:00:00+00:00,-0.09415706034560746,0.02166875272820498,-0.1014686111877083,-0.022873977509096824,-0.08445742270006523,0.11526843986365362,0.05938936964550195,0.11025317585026494,0.09140573968109812,0.047487507321366765
2025-12-11 01:00:00+00:00,-0.08871678682983361,0.02166875272820498,-0.0970272217856971,-0.0187202256991881,-0.0785134838251081,0.11412741798990463,0.061900590785332284,0.11194034175795578,0.09521671407158874,0.04951237871943265
2025-12-11 02:00:00+00:00,-0.08894537391833748,0.02166875272820498,-0.09709348882533882,-0.0194446292453559,-0.07876039744479243,0.11472435836143911,0.060494437185862775,0.11024252526190471,0.08734763430112409,0.04908701875609795
2025-12-11 03:00:00+00:00,-0.0891865825749616,0.02166875272820498,-0.09699485213865071,-0.020400792832353576,-0.07901481020971482,0.1152456749695976,0.05928607491129112,0.10896439332086574,0.08509674295262838,0.048189979580714616
2025-12-11 04:00:00+00:00,-0.08943972290252232,0.02166875272820498,-0.09706912767293001,-0.02134642435127708,-0.07929912979727054,0.11577099002421241,0.05810164811823285,0.1077041143116199,0.08290690046458195,0.047308211032220736
2025-12-11 05:00:00+00:00,-0.08970416430035699,0.020693466181596315,-0.09714545591087129,-0.02247732641832952,-0.07972449308567006,0.1163003626210586,0.0573753162710423,0.10683274821322174,0.08214396962641446,0.04644116316252879
2025-12-11 06:00:00+00:00,-0.09544995150400155,0.013581831662853877,-0.10111130003981839,-0.02814944925858689,-0.08351577324828387,0.11876574853094611,0.05494733461054787,0.10578347746561013,0.07926990759982988,0.04006641808000546
2025-12-11 07:00:00+00:00,-0.10547597225742861,0.006443283247150326,-0.1032443293197088,-0.037962100320161125,-0.09169883273126767,0.12117026911394732,0.05072652906889231,0.09703076449583976,0.06595011537825204,0.03156201311196327
2025-12-11 08:00:00+00:00,-0.11462468974523064,0.001706725583705534,-0.10536566698669297,-0.04777592747909609,-0.10613956014394776,0.12462871955405051,0.04645709057415828,0.08981515253080864,0.061520150495430984,0.023351095279777627
2025-12-11 09:00:00+00:00,-0.12391521836614262,-0.000664689130074375,-0.10747556376437566,-0.05669754505549354,-0.11178584065915342,0.12832983120239644,0.042137030467625104,0.08051470709285623,0.05709416072278661,0.01663470571432037
2025-12-11 10:00:00+00:00,-0.13564460395785735,-0.007034227928034615,-0.11696717817579244,-0.06855902301412493,-0.12894895877794937,0.13145866320579142,0.03738218608436759,0.07146261237513292,0.04223505351659971,0.0024354356224224553
2025-12-11 11:00:00+00:00,-0.15123689589954925,-0.01573907977873284,-0.12103786548410982,-0.08328478211418153,-0.14078789168213332,0.1364225731814733,0.02900969812003851,0.05503804225857183,0.026389268376030246,-0.016413626438807147
2025-12-11 12:00:00+00:00,-0.16685201498666896,-0.024459325742451417,-0.12508564712400924,-0.09956336770406284,-0.15691230343258844,0.14119569021079822,0.0205734635135243,0.038124455741169884,0.010302052787366962,-0.032276723283009
2025-12-11 13:00:00+00:00,-0.18511363211085766,-0.03459633753267503,-0.13226146967695082,-0.1208089455638467,-0.17660111460751363,0.1480368817316564,0.011919860301959552,0.020124491246315452,-0.007752855413043196,-0.045900099289712545
2025-12-11 14:00:00+00:00,-0.20779871867472424,-0.04726134034830786,-0.13226146967695082,-0.14726071056742385,-0.20217977198555123,0.15476468028329143,-0.0005142917932077147,-0.006166580158391649,-0.0198111708843753,-0.06502660171523048
2025-12-11 15:00:00+00:00,-0.2305379803090539,-0.05995417406950255,-0.13226146967695082,-0.1739698675074157,-0.22510493443785567,0.16146502955710576,-0.013052228885751098,-0.033409516780285996,-0.03181699050012847,-0.0846102666780583
2025-12-11 16:00:00+00:00,-0.2105890503574397,-0.04878317718490863,-0.10586453002613148,-0.15317276918483996,-0.20968186219568574,0.15506751187726567,-0.0019332356973623865,-0.009507575156849996,-0.010609709358091128,-0.06837595341656666
2025-12-11 17:00:00+00:00,-0.19064548774312334,-0.043237457693031715,-0.07849959651717672,-0.13059133577063736,-0.20019695626412776,0.14868382261504842,0.009309806590094194,0.015343524964876136,0.00013609085757929377,-0.052184821056492636
2025-12-11 18:00:00+00:00,-0.17911563501811084,-0.03967162037387767,-0.05665188833130101,-0.11612568794282839,-0.18638292870134487,0.14230593099261354,0.01670184156314788,0.03218712199838503,0.014149140709150939,-0.04171390207477324
2025-12-11 19:00:00+00:00,-0.16525007558323895,-0.036094288559120266,-0.038107674377107936,-0.10153815126948361,-0.17649260173734313,0.13797957423340934,0.0242829436957834,0.049807214077929304,0.028436439998809345,-0.03098085911664968
2025-12-11 20:00:00+00:00,-0.1525517899267581,-0.03250523188052886,-0.02254594723359356,-0.08681575350229907,-0.17030570178840287,0.13367479823532688,0.034732057599273676,0.06830319696228095,0.0355385143170145,-0.019965721957643075
2025-12-11 21:00:00+00:00,-0.13894115159499376,-0.025348380046287252,-0.0065566528282107565,-0.07194479194861009,-0.1518671946021247,0.12939117837147546,0.04576278465125599,0.0877933872499276,0.0355385143170145,-0.008646359397984218
2025-12-11 22:00:00+00:00,-0.1292528227804991,-0.021714678171078364,0.0057159621618371815,-0.060307224476366134,-0.13659133205194937,0.12529643638401156,0.05392346860062455,0.10283973916972323,0.04265382651479748,0.002984467205755369
2025-12-11 23:00:00+00:00,-0.11670321005356343,-0.021714678171078364,0.02581998324046366,-0.052443266498579125,-0.13039426173004892,0.12529643638401156,0.06139694440931008,0.11248480366003998,0.05645169357182963,0.011669135283296992
2025-12-12 00:00:00+00:00,-0.10981723017120268,-0.021714678171078364,0.03287516165351427,-0.04762603666573828,-0.12611124610967214,0.12481081065355083,0.06416017119520549,0.11472042027534966,0.059684068508264285,0.012925130192276257
2025-12-12 01:00:00+00:00,-0.10561038354970656,-0.021714678171078364,0.04185400912711042,-0.04285684233074933,-0.11878888126935036,0.123750614173622,0.06687458612903563,0.11693284452669629,0.06562911026340182,0.015386317889979413
2025-12-12 02:00:00+00:00,-0.10650715542717816,-0.027201230809043013,0.04520423413150158,-0.04225762597587418,-0.12049138343313633,0.11939829194629244,0.06297370615675515,0.1135730145000538,0.06313382909678157,0.012243816464350556
2025-12-12 03:00:00+00:00,-0.1064133115652342,-0.027201230809043013,0.042549234021522366,-0.04290098104854888,-0.12079933784680441,0.12052640177091317,0.06162622641560739,0.11141551609554846,0.06145892173435096,0.011308269899036293
2025-12-12 04:00:00+00:00,-0.10595127823813742,-0.027351007461546378,0.04065818367118478,-0.04368020209631672,-0.12074663934069797,0.12167542927297509,0.060315557858967056,0.10931674649426883,0.05981650686839785,0.010395851471382488
2025-12-12 05:00:00+00:00,-0.10620504844170182,-0.027351007461546378,0.038783441325210916,-0.04445842674853376,-0.12096420200122063,0.12221458877330191,0.059039724589632775,0.10727336946116714,0.058204748978297936,0.009505209136181627
2025-12-12 06:00:00+00:00,-0.11478353790962369,-0.034136234718940284,0.02602882467452391,-0.051519512372574135,-0.1261389737845625,0.12221458877330191,0.05448467170191747,0.09792529857655455,0.05387424640019226,0.007724301261720452
2025-12-12 07:00:00+00:00,-0.1260831573056059,-0.03885991394826537,0.013266372119542673,-0.06044737690887544,-0.13447831606915256,0.12221458877330191,0.050212855173073764,0.08924545057849598,0.04953415672180334,0.007724301261720452
2025-12-12 08:00:00+00:00,-0.13571321803631906,-0.04127350325785269,0.0030568816978834797,-0.06870032242007942,-0.1440458077505857,0.12344962635116816,0.04587549196296931,0.08016484297380151,0.045183808412144845,0.004213262229952255
2025-12-12 09:00:00+00:00,-0.14545005246779003,-0.04369675184262965,-0.004668074933953701,-0.07682252504111438,-0.1556690642988234,0.12344962635116816,0.04134056625751527,0.06816314300925189,0.04082251961837607,-0.0010742769776773222
2025-12-12 10:00:00+00:00,-0.16130256642921068,-0.04961591506591519,-0.01534799531404215,-0.08825436441171235,-0.1650948700912095,0.12027179845507625,0.035603058655039495,0.05283646440163176,0.026872260428611145,-0.00649328223232163
2025-12-12 11:00:00+00:00,-0.1825164835313268,-0.05836721931873092,-0.0296361444622426,-0.10293316132452215,-0.17251942843105808,0.12027179845507625,0.02682802795915101,0.03068034893113001,0.010576326920006299,-0.012977804686165993
2025-12-12 12:00:00+00:00,-0.20381293233197217,-0.06715042876959638,-0.04901990354178512,-0.11759477624490706,-0.1822343219825663,0.12027179845507625,0.018008732507627447,0.008099961619281835,0.0024929036554634525,-0.01945417615753363
2025-12-12 13:00:00+00:00,-0.22521264747382488,-0.07596720986482987,-0.06402657535195616,-0.13259180257998418,-0.19047754474189416,0.12027179845507625,0.009143154095949,-0.014949869054050552,-0.013871322532792534,-0.025923000834625676
2025-12-12 14:00:00+00:00,-0.2565279147979036,-0.08884231075489314,-0.07893078375400603,-0.15692965570066203,-0.21568522619884123,0.12027179845507625,-0.0038966922633683334,-0.049318723355258845,-0.03829141759989248,-0.03537425200224941
2025-12-12 15:00:00+00:00,-0.28802258110574425,-0.10176925403476347,-0.0941427450899275,-0.18147659547815548,-0.23215474956298157,0.12027179845507625,-0.017010680322972493,-0.08452184166662582,-0.06333574281986203,-0.04481585225993839
2025-12-12 16:00:00+00:00,-0.2607623402670609,-0.09052173153090423,-0.08206820555664363,-0.1606728366330272,-0.21328124275756113,0.11725371450292146,-0.005302647004682531,-0.05423664206052663,-0.0524663624100055,-0.03633167728377325
2025-12-12 17:00:00+00:00,-0.23346777091960833,-0.07923589320911124,-0.06975625057096725,-0.13973293716818627,-0.19491007039565933,0.10791976236764939,0.0064748617481386085,-0.02318391734389003,-0.030327347196586682,-0.027857184141228897
2025-12-12 18:00:00+00:00,-0.2204539677075943,-0.07196385853803315,-0.06189372101276142,-0.12630405693791716,-0.18388808338809115,0.09724569848951997,0.014149565621194191,-0.0026549778952625466,-0.016349181796841878,-0.019672773815488057
2025-12-12 19:00:00+00:00,-0.21132465242925053,-0.0683973698631239,-0.049555935216893,-0.11278044799769844,-0.16870126692913454,0.08203730533854069,0.021873370882910467,0.018481860934550915,-0.001955074645707952,-0.011469543331920134
2025-12-12 20:00:00+00:00,-0.2056416585544691,-0.06481638606424893,-0.04103943296635719,-0.09915220945738001,-0.1529942069785311,0.0691018574081375,0.029648351688262024,0.03609940196274598,0.012341853772362547,-0.0032457281004724566
2025-12-12 21:00:00+00:00,-0.19989030904531008,-0.061220616655938906,-0.03223190195913168,-0.0854089596732515,-0.14849538355710412,0.05643150691627561,0.03747665141943179,0.054439629053259345,0.026551688263479412,0.005000462921186117
2025-12-12 22:00:00+00:00,-0.19406737051656106,-0.05760976520001586,-0.019157943352748487,-0.07270324092226897,-0.128582371452717,0.046292780107631715,0.04810893982025919,0.07358894705674383,0.04068416469360267,0.016074165070612902
2025-12-12 23:00:00+00:00,-0.17873306813902093,-0.05385662973503903,-0.005948511840184106,-0.059414445729407836,-0.11173895996268311,0.03868911869338351,0.05552639939700654,0.08991517120543792,0.04068416469360267,0.021431523164561737
2025-12-13 00:00:00+00:00,-0.16921992643535874,-0.0512539232714057,0.0064190919250452505,-0.05102918197151653,-0.09761806726428082,0.028903569566911817,0.0565975572630641,0.09448631341572283,0.050429197067042,0.020716668047173804
2025-12-13 01:00:00+00:00,-0.15942686048807797,-0.04750690534184825,0.010472873471995426,-0.04558530033080658,-0.09678834514847379,0.027212237003617485,0.060807620554967134,0.09954276925467118,0.05679584508493035,0.023039377002783173
2025-12-13 02:00:00+00:00,-0.15007438712761428,-0.043815651387162466,0.016723893924517844,-0.04082051424038603,-0.09115986420377854,0.025499826895503466,0.06418574504882699,0.10443093397649796,0.060223577860444674,0.025329665199676075
2025-12-13 03:00:00+00:00,-0.1563142784717206,-0.049048549944953335,0.015535800771334972,-0.04550069906237946,-0.09606073981315724,0.02172235169746131,0.05403697884534015,0.09113825440360528,0.054886044503653676,0.01878605483244114
2025-12-13 04:00:00+00:00,-0.154925487201657,-0.049343761846347416,0.014867580958269769,-0.04636818932694954,-0.09654678512073508,0.02222815526588244,0.05239598099081086,0.08890785640128772,0.05358797692659922,0.01820632366269226
2025-12-13 05:00:00+00:00,-0.15364856866398963,-0.049639789785945396,0.013925739863343063,-0.047528677704120496,-0.09787134585190699,0.023196133992039045,0.05082257727144022,0.08768972716106348,0.05316485743075553,0.017636109569397065
2025-12-13 06:00:00+00:00,-0.1536067596864624,-0.049936613209441455,0.013333187783172553,-0.04909932044583048,-0.09953650719690492,0.023547755087963144,0.04968435793865917,0.08705290888767513,0.05274217531253911,0.017075057413115463
2025-12-13 07:00:00+00:00,-0.16058238485583184,-0.05317323479794416,0.015199962585397377,-0.05308161661022868,-0.10318660988820029,0.027605265966507243,0.04890345708258306,0.08681744882528009,0.051933495457875775,0.010645826802342323
2025-12-13 08:00:00+00:00,-0.1718056377302804,-0.05779316597070927,0.009413060435277,-0.06367653005383188,-0.11385827699351914,0.031456655172613965,0.043426696241259825,0.07834741292065689,0.043612673739276485,0.0041886858452647715
2025-12-13 09:00:00+00:00,-0.18320080897720592,-0.06243956471351124,0.0064420123904531034,-0.07458748425198117,-0.12071689037325425,0.034034612883815506,0.037885613083208564,0.06685543527692522,0.03917978616942102,-0.0023287526490688
2025-12-13 10:00:00+00:00,-0.19173233903599268,-0.0671134643148432,0.00039489886322085095,-0.0862841221962391,-0.1270664529769815,0.0379285160092509,0.032159778101674134,0.056381803482230264,0.029945377371037564,-0.008909923433695578
2025-12-13 11:00:00+00:00,-0.20031474548635428,-0.07181592755679911,-0.005747960117235172,-0.0982502876028825,-0.13368761579643165,0.04181348048771685,0.02780699591656469,0.04595211688509386,0.020737115918175945,-0.015558430151104091
2025-12-13 12:00:00+00:00,-0.216254853905049,-0.0804964891589393,-0.01738576990287857,-0.11877568552255613,-0.14447603902113415,0.04911116337153248,0.019629149155215,0.02654754084765702,0.0035645042153668993,-0.0280560809776208
2025-12-13 13:00:00+00:00,-0.23227658486421202,-0.0892299324798983,-0.02922158941592084,-0.13985109028163942,-0.15941217197896257,0.056392411715394074,0.011436063304663423,0.007181739031323774,-0.00503516029865025,-0.0406915354097289
2025-12-13 14:00:00+00:00,-0.24838915554430788,-0.09801832552668902,-0.041266676633049636,-0.1615267847451754,-0.17673760191580412,0.06365816400478191,0.0032264684686709446,-0.01216114042776356,-0.013708464150262053,-0.053472535104218684
2025-12-13 15:00:00+00:00,-0.2646020155710645,-0.10686379943173013,-0.053533123276164024,-0.1838589325630334,-0.19437420607261333,0.07090934639752773,-0.005000920535747779,-0.031496842037582136,-0.022254918447281703,-0.066407246192066
2025-12-13 16:00:00+00:00,-0.24416548731551016,-0.09579615836362904,-0.0380971432088245,-0.15940124251985857,-0.1767578624711572,0.061121705157190356,0.005927471971368236,-0.005839490337820587,-0.01087696030624099,-0.04995075678908368
2025-12-13 17:00:00+00:00,-0.2236891318949665,-0.08466705883356827,-0.02237757066892637,-0.1343027018010261,-0.15434530674108124,0.05135796401572201,0.01688232981127103,0.019830174936902544,0.0006016440761968031,-0.033301924187063375
2025-12-13 18:00:00+00:00,-0.21054681977329895,-0.077493283834666,-0.017279039942960952,-0.11989163620775864,-0.14073608516075303,0.04501471918551719,0.026453576550098345,0.03652298043858054,0.015570548689913343,-0.022434338017427946
2025-12-13 19:00:00+00:00,-0.19502397256314033,-0.07027865432065179,-0.012108228340954636,-0.10505375248604233,-0.12501636802544278,0.04076477851896356,0.038609873066221836,0.053252920502775455,0.03054612677090271,-0.011429656546591548
2025-12-13 20:00:00+00:00,-0.17931236113288923,-0.06673189517597101,-0.0015311446098408075,-0.08974349877110713,-0.1122873441019985,0.03652729272927487,0.048556686235088214,0.07003383216168553,0.04553821088651525,-0.00027977798449969345
2025-12-13 21:00:00+00:00,-0.16339148297009873,-0.059721311220388595,0.009178890605935018,-0.0768292930094882,-0.09634420063158901,0.032301967630155935,0.05866609584926372,0.08301914884786313,0.06903901643211821,0.011023909715320178
2025-12-13 22:00:00+00:00,-0.15110820159006103,-0.0526038228684811,0.014576930916768004,-0.06353141659928555,-0.07613755852512252,0.028088513351934477,0.0689468725847107,0.09616425025520536,0.07704479843979853,0.022490576143770508
2025-12-13 23:00:00+00:00,-0.1404180218214692,-0.04882869673979075,0.025349610339624663,-0.04602889026693492,-0.06564998652785003,0.019808686482582362,0.07847165158282365,0.10758641329372308,0.07704479843979853,0.025299717042620167
2025-12-14 00:00:00+00:00,-0.1340944615147607,-0.04566040975979583,0.033740219097056955,-0.03508016894415836,-0.05486268493347133,0.010286874398677719,0.07788843371795792,0.10963389173610301,0.07331435833985833,0.02533296119856168
2025-12-14 01:00:00+00:00,-0.12600731300909407,-0.04190661923690704,0.03879363932696799,-0.027748939815156744,-0.04921579223580227,0.006427186525721389,0.08087173161229401,0.11498848576897575,0.08050104057887751,0.02776569184138654
2025-12-14 02:00:00+00:00,-0.11815259543165936,-0.0381989157686707,0.04429168184539082,-0.02029567234109855,-0.04303279753034033,0.002495559184101438,0.08378324221235706,0.12021320205952293,0.08772433318052383,0.03016819051011912
2025-12-14 03:00:00+00:00,-0.11788095323654926,-0.03856465887069577,0.043952944455104705,-0.02199440658304876,-0.04416634451915491,0.0030130904620815843,0.08231595406345428,0.11692561220289413,0.08678211664529986,0.02954429344481206
2025-12-14 04:00:00+00:00,-0.11765055355662082,-0.0389296459970058,0.04361757120959774,-0.023750828943244737,-0.04524622127583749,0.003537310171645635,0.08089461058436595,0.11380925797057932,0.08403615876807906,0.028930494464292487
2025-12-14 05:00:00+00:00,-0.117458756036082,-0.03929392771025291,0.04328583599350497,-0.025570731199368528,-0.047169086196053825,0.003537310171645635,0.07919577189746999,0.11084822827762421,0.0830350139727349,0.028326433646993762
2025-12-14 06:00:00+00:00,-0.11849810731447902,-0.04023673124586918,0.04295805007058234,-0.02761475859490372,-0.04979855608959763,0.0033670230091729795,0.07882576798536027,0.10992159407198458,0.08204853866905974,0.027276699883881754
2025-12-14 07:00:00+00:00,-0.12400572239306541,-0.04170858867286232,0.0432955743518131,-0.028264427700928633,-0.05094369709250681,0.005794360082640973,0.07889314785318965,0.10821187213329607,0.077438085119549,0.0258597959578338
2025-12-14 08:00:00+00:00,-0.13281245136767864,-0.046683460661576436,0.03666204685395351,-0.03947103100015913,-0.06406756431662242,0.008444375918888825,0.07506931127560212,0.10187615786511513,0.07321175565947735,0.01928285987467954
2025-12-14 09:00:00+00:00,-0.14465121114814788,-0.051751061544065315,0.029509840986844144,-0.04994463941092941,-0.07357799858950029,0.008444375918888825,0.07121572312730809,0.09548018170805947,0.06828214692339668,0.012609070431170821
2025-12-14 10:00:00+00:00,-0.15377506336496705,-0.056916056192312346,0.0220694689594222,-0.0631051457471368,-0.08237607630925928,0.009767782784645814,0.06715914172521807,0.08838494903405689,0.05909031959048828,0.005832626788487109
2025-12-14 11:00:00+00:00,-0.16303259181172963,-0.0646192739025593,0.01475560989562854,-0.07692399318574034,-0.09128750304416226,0.011088668500925903,0.06308875328618148,0.08131177829271743,0.04985589164477397,-0.0010526819985251696
2025-12-14 12:00:00+00:00,-0.17985427676437002,-0.07882932693285126,-0.00534142499063209,-0.10262336785024107,-0.10828498141073299,0.013576095358281838,0.05528895184781253,0.06809420200777269,0.032254567061865226,-0.014203477369510407
2025-12-14 13:00:00+00:00,-0.19691923502594114,-0.09336611146995195,-0.018765528453451724,-0.13073415072930042,-0.12922221399879755,0.016046571208257466,0.047457218173926376,0.054898642678642126,0.02329746584938793,-0.027584549194986117
2025-12-14 14:00:00+00:00,-0.21424426755970052,-0.10825241341448313,-0.03228242901866304,-0.16111539216094375,-0.1534682945512382,0.016046571208257466,0.0395921474993116,0.0417200457215164,0.01439511148834522,-0.03785772247325513
2025-12-14 15:00:00+00:00,-0.2318473058052672,-0.12351317864678979,-0.04589896581393576,-0.19423594634906016,-0.17227378490761197,0.01850870470511165,0.031692301306857316,0.02855338736400956,-0.003285483033364956,-0.048320909418009005
2025-12-14 16:00:00+00:00,-0.2116544842001966,-0.10603869923732383,-0.02791430936488013,-0.1657891584284317,-0.154827314337691,0.0151473425012283,0.04250523106695101,0.046180995101245126,0.020563843230862456,-0.03508336031934575
2025-12-14 17:00:00+00:00,-0.1912244749706143,-0.08816099491666185,-0.009795886188550783,-0.13504728516981335,-0.13430207473880246,0.011797467156102845,0.05337357825809484,0.06381443825472151,0.04462353723284203,-0.021601259179853494
2025-12-14 18:00:00+00:00,-0.17827017545048982,-0.07664781434355748,0.0020737032884676223,-0.11843434674770822,-0.12140170630723991,0.009618084183589944,0.060530826285487824,0.07530138305119989,0.06050387311400003,-0.015731775001315007
