time_utc,6.8x51mm Hybrid,7.62x51mm M62,7.62x54R BT,5.8x42mm DVC12,5.7x28mm SS190,7.62x39mm AP,9x39mm BP,4.6x30mm AP SX,12.7x55mm PS12B,5.56x45mm M995
2025-09-21 18:00:00+00:00,,,,,,,,,,
2025-09-21 19:00:00+00:00,,,,,,,,,,
2025-09-21 20:00:00+00:00,,,,,,,,,,
2025-09-21 21:00:00+00:00,,,,,,,,,,
2025-09-21 22:00:00+00:00,,,,,,,,,,
2025-09-21 23:00:00+00:00,,,,,,,,,,
2025-09-22 00:00:00+00:00,,,,,,,,,,
2025-09-22 01:00:00+00:00,,,,,,,,,,
2025-09-22 02:00:00+00:00,,,,,,,,,,
2025-09-22 03:00:00+00:00,,,,,,,,,,
2025-09-22 04:00:00+00:00,,,,,,,,,,
2025-09-22 05:00:00+00:00,,,,,,,,,,
2025-09-22 06:00:00+00:00,,,,,,,,,,
2025-09-22 07:00:00+00:00,,,,,,,,,,
2025-09-22 08:00:00+00:00,,,,,,,,,,
2025-09-22 09:00:00+00:00,,,,,,,,,,
2025-09-22 10:00:00+00:00,,,,,,,,,,
2025-09-22 11:00:00+00:00,-0.8506310604442644,-0.5888085919576375,-0.15041420939937156,-0.5866932746749639,-0.47944662591684223,-0.2192645048246559,-0.589809811505183,-0.7173037513984929,-0.7971727281278363,-0.9467345651414455
2025-09-22 12:00:00+00:00,-0.8421499806220563,-0.5396052208404795,-0.1408590424535508,-0.5788011571600877,-0.47911186411062673,-0.20498001542094793,-0.5819916048655089,-0.7193199220638219,-0.7972339748035081,-0.9441250665945305
2025-09-22 13:00:00+00:00,-0.8347300123682904,-0.49805824509174623,-0.13245323570650241,-0.5580412751520124,-0.4841236280185762,-0.1924500897298725,-0.5656876693007132,-0.6907775118069052,-0.719375664209868,-0.9418806228028698
2025-09-22 14:00:00+00:00,-0.706276843364141,-0.3155352113724061,-0.44854896304472464,-0.42089289709007877,-0.3699032428767749,-0.12373764497478584,-0.4062260723213439,-0.48698105320555407,-0.44750473126150436,-0.8248941128205214
2025-09-22 15:00:00+00:00,-0.7039535579790112,-0.29563802805546674,-0.4404151646363421,-0.4107764872965997,-0.3670742677321887,-0.14757569038524762,-0.3920387940019013,-0.46653308534933524,-0.4380685425546272,-0.8252853082305623
2025-09-22 16:00:00+00:00,-0.5565763079440054,-0.33084570672272734,-0.7028415570353889,-0.42158519242625914,-0.3013293361735206,-0.1668383994965648,-0.37852284649754236,-0.4286204013843845,-0.48256440512542875,-0.6212736568653284
2025-09-22 17:00:00+00:00,-0.5544369932703244,-0.31203058049506627,-0.38118124993124153,-0.4121678698554445,-0.2878722035917856,-0.18786728732554417,-0.3651733243024566,-0.40989226325573197,-0.4153565864293595,-0.6223492297648868
2025-09-22 18:00:00+00:00,-0.5379745605781187,-0.31203058049506627,-0.46539891622296126,-0.47530476505032515,-0.2878722035917856,-0.18786728732554417,-0.3651733243024566,-0.3939142677777301,-0.43704832221969936,-0.5913006712382441
2025-09-22 19:00:00+00:00,-0.5414911538365649,-0.31203058049506627,-0.5451730205091024,-0.5148529910295593,-0.31051409960094545,-0.18786728732554417,-0.38315413113563407,-0.3873354374933275,-0.4517315152616485,-0.5833044889657574
2025-09-22 20:00:00+00:00,-0.5414911538365649,-0.31203058049506627,-0.6219025555160552,-0.5548396908071439,-0.33303642562396873,-0.18786728732554417,-0.4176133851003347,-0.3873354374933275,-0.4517315152616485,-0.5784447730518636
2025-09-22 21:00:00+00:00,-0.5414911538365649,-0.31203058049506627,-0.6916003752405245,-0.5584290118348721,-0.3189295580542323,-0.18786728732554417,-0.4176133851003347,-0.3785781517263963,-0.49450648154437715,-0.5784447730518636
2025-09-22 22:00:00+00:00,-0.48185575725413576,-0.2687288620506857,-0.7363822297772766,-0.5505544731702314,-0.22920277803248548,-0.1617962004215166,-0.41577441239736934,-0.3770430134423392,-0.49992149320978935,-0.5068355585375507
2025-09-22 23:00:00+00:00,-0.4739648321627296,-0.2687288620506857,-0.6957343108929825,-0.5482791275158964,-0.2818179547563266,-0.1617962004215166,-0.41577441239736934,-0.3770430134423392,-0.49992149320978935,-0.5068355585375507
2025-09-23 00:00:00+00:00,-0.4764397905754337,-0.2687288620506857,-0.6600776492562804,-0.554839703170004,-0.2720397967553338,-0.18559297028662886,-0.42062856304365936,-0.37236368845356843,-0.49992149320978935,-0.5068355585375507
2025-09-23 01:00:00+00:00,-0.4803101699606257,-0.2687288620506857,-0.6284962047867062,-0.5597352139070861,-0.23460838665529918,-0.18559297028662886,-0.4245845068648519,-0.37236368845356843,-0.49992149320978935,-0.5068355585375507
2025-09-23 02:00:00+00:00,-0.48591448289720124,-0.2687288620506857,-0.6003166665174888,-0.5597352139070861,-0.22196359346615152,-0.18559297028662886,-0.4289243651901938,-0.3743128736458485,-0.49992149320978935,-0.5068355585375507
2025-09-23 03:00:00+00:00,-0.49372642997533384,-0.2687288620506857,-0.5750387864759112,-0.5597352139070861,-0.22765263479556855,-0.20887799657217787,-0.42596154131320185,-0.3743128736458485,-0.5013900730157149,-0.4994265495736718
2025-09-23 04:00:00+00:00,-0.5175491695067629,-0.3474041668896087,-0.46120754301572214,-0.5758337612545746,-0.28071617046403147,-0.15430334996209155,-0.4894818308704882,-0.4175334003837365,-0.5050762722761024,-0.5171317388392177
2025-09-23 05:00:00+00:00,-0.5236925248044193,-0.3474041668896087,-0.44642857142895676,-0.5778917989827917,-0.2715930199512157,-0.17149858514336114,-0.4910316934522995,-0.4175334003837365,-0.5079328061935684,-0.5079721589678137
2025-09-23 06:00:00+00:00,-0.524329950688424,-0.3474041668896087,-0.4334361862987535,-0.5729644431382092,-0.2686229894102097,-0.17149858514336114,-0.4910316934522995,-0.4175334003837365,-0.5070322672097365,-0.5079721589678137
2025-09-23 07:00:00+00:00,-0.5190169587397778,-0.33249819555320376,-0.4336634891191545,-0.5658562575862456,-0.2686229894102097,-0.17149858514336114,-0.4910316934522995,-0.4175334003837365,-0.500155782116529,-0.5079721589678137
2025-09-23 08:00:00+00:00,-0.5030907067631802,-0.33249819555320376,-0.42336185808199933,-0.5500746506265081,-0.2589661986892511,-0.15430334996209155,-0.4910316934522995,-0.4072531190561925,-0.500155782116529,-0.509311786866257
2025-09-23 09:00:00+00:00,-0.4883874107725029,-0.33249819555320376,-0.4330127018925526,-0.5500746506265081,-0.2589661986892511,-0.17149858514336114,-0.4910316934522995,-0.39424732421324127,-0.4999999999999974,-0.5110714527838967
2025-09-23 10:00:00+00:00,-0.40790508040700724,-0.2683504975015711,-0.44407789204655357,-0.5159563384920834,-0.32047468338641705,-0.12055236195246566,-0.47162110914178135,-0.3895599633570846,-0.5274955358335349,-0.5544826240670658
2025-09-23 11:00:00+00:00,-0.34551049366360304,-0.2132676478521851,-0.46644523926494125,-0.5260983952786499,-0.3857481573475274,-0.06851887098275293,-0.4550189595180905,-0.40927975011218265,-0.5709253317259925,-0.5616001788722522
2025-09-23 12:00:00+00:00,-0.2966582851292268,-0.16460760700640253,-0.5003019366025769,-0.5365023702862229,-0.40131258500855027,-0.16114172879611197,-0.4425835797684529,-0.39871908234352016,-0.5348418046674459,-0.5681855173770219
2025-09-23 13:00:00+00:00,-0.25843829535236695,-0.12065939548161407,-0.5470476064693424,-0.5168521445824451,-0.4074116920519928,-0.12002400720240032,-0.43329858134530913,-0.344833281082844,-0.5022498117830729,-0.5741310489453703
2025-09-23 14:00:00+00:00,-0.20178553427347165,-0.12065939548161407,-0.5291502622129128,-0.5168521445824451,-0.4074116920519928,-0.12002400720240032,-0.4497358577522711,-0.3613178314073464,-0.5022498117830729,-0.6252515061146608
2025-09-23 15:00:00+00:00,-0.20351933162048488,-0.12065939548161407,-0.5928443599684796,-0.5168521445824451,-0.4074116920519928,-0.12002400720240032,-0.4497358577522711,-0.3581676594133367,-0.5028903551013766,-0.6226998490771228
2025-09-23 16:00:00+00:00,-0.3376890556492191,-0.05398909530495024,-0.6396881806971827,-0.5779997287549625,-0.5266344095137414,-0.05967198951376021,-0.47998152770516855,-0.3736883967281238,-0.573576550182892,-0.723453338522366
2025-09-23 17:00:00+00:00,-0.3249851723300892,-0.12065939548161407,-0.43740888263984884,-0.48441100096636935,-0.5302787313197295,-0.12598815766974172,-0.4766352141851469,-0.40644998600209514,-0.6075694404757321,-0.6226998490771228
2025-09-23 18:00:00+00:00,-0.4616797983875953,-0.23819346220814389,-0.26416898304618847,-0.4856667951099044,-0.6821756839535329,-0.1430909517580354,-0.46746798141427964,-0.3673176587220258,-0.6254209292087363,-0.5511175715071239
2025-09-23 19:00:00+00:00,-0.4679553216431781,-0.2749289756881537,-0.12553191559008706,-0.46610980507313493,-0.6578650865938451,-0.1430909517580354,-0.4618180974421526,-0.35163645883004346,-0.6282766446976387,-0.5511175715071239
2025-09-23 20:00:00+00:00,-0.476636029088121,-0.30955305817133144,0.045596075258394445,-0.4570649525637435,-0.6447946220875937,-0.03180734025504283,-0.4576884079975669,-0.3431144361639606,-0.6399745995251085,-0.5558875009048783
2025-09-23 21:00:00+00:00,-0.4867910118924815,-0.3425268071247254,0.2088584767104131,-0.45405636487357226,-0.6447946220875937,-0.03180734025504283,-0.4520760832183979,-0.32261730829487617,-0.6117075348852414,-0.5558875009048783
2025-09-23 22:00:00+00:00,-0.471519640764205,-0.3297359402462496,0.2088584767104131,-0.45405636487357226,-0.706527634804744,-0.03180734025504283,-0.4520760832183979,-0.3211494412296985,-0.64419791921336,-0.5558875009048783
2025-09-23 23:00:00+00:00,-0.4696337476369144,-0.32903436688680493,0.2088584767104131,-0.45405636487357226,-0.7348284652259792,-0.03180734025504283,-0.4468215108892002,-0.3105417322251353,-0.6536545378488997,-0.5468556105301398
2025-09-24 00:00:00+00:00,-0.4820922062576131,-0.32903436688680493,0.2092350747519466,-0.46416467224047875,-0.7269996757415824,-0.03180734025504283,-0.455233812518795,-0.3211494412296985,-0.6886343549811893,-0.5468556105301398
2025-09-24 01:00:00+00:00,-0.49729133048265417,-0.32903436688680493,0.21096346467447147,-0.46416467224047875,-0.7370712012922057,-0.03504998186194402,-0.455233812518795,-0.3087688819698217,-0.6886343549811893,-0.5476707952261513
2025-09-24 02:00:00+00:00,-0.5159731245105161,-0.32903436688680493,0.21096346467447147,-0.46416467224047875,-0.6933210951509166,-0.03504998186194402,-0.455233812518795,-0.29652284376922944,-0.702353536889789,-0.5476707952261513
2025-09-24 03:00:00+00:00,-0.5355161563281704,-0.32903436688680493,0.2143059633487211,-0.4723367869109904,-0.7171765519384038,-0.03504998186194402,-0.455233812518795,-0.29361047595054673,-0.7176843098409582,-0.558617890819676
2025-09-24 04:00:00+00:00,-0.4913017087668591,-0.32903436688680493,0.12020783477272086,-0.4723367869109904,-0.6515617836140942,-0.03504998186194402,-0.455233812518795,-0.31135709971050984,-0.6986715580108216,-0.558617890819676
2025-09-24 05:00:00+00:00,-0.5224356647082521,-0.32903436688680493,0.1226749365149737,-0.47528477466113433,-0.5847507427461557,-0.03504998186194402,-0.45847605367828986,-0.3100645638143341,-0.6986715580108216,-0.5708145393465406
2025-09-24 06:00:00+00:00,-0.5420537509427968,-0.34102695222233587,0.1270296408319215,-0.47528477466113433,-0.5798012759519197,-0.03839533141153333,-0.45453334062309064,-0.3143243025290628,-0.700743607463637,-0.5708145393465406
2025-09-24 07:00:00+00:00,-0.545823313128778,-0.3297797563559456,0.1226749365149737,-0.4670820250936841,-0.5746500419051405,-0.03839533141153333,-0.44917954520601705,-0.31851982157437947,-0.6880436079897645,-0.5708145393465406
2025-09-24 08:00:00+00:00,-0.532111541393836,-0.31980441375011065,0.1226749365149737,-0.4670820250936841,-0.5742732591494398,-0.03839533141153333,-0.4440468971255475,-0.31851982157437947,-0.6801433210182735,-0.5732485197810981
2025-09-24 09:00:00+00:00,-0.5213684801918098,-0.31980441375011065,0.1226749365149737,-0.4670820250936841,-0.5753964555688501,-0.03504998186194402,-0.4405838401305842,-0.321255737693976,-0.6844976016895772,-0.5762042562090492
2025-09-24 10:00:00+00:00,-0.4688980419150439,-0.2675195902006658,0.1226749365149737,-0.4670820250936841,-0.5753964555688501,-0.03504998186194402,-0.42612369020463153,-0.33298411313944287,-0.5912514743587202,-0.5257497279249348
2025-09-24 11:00:00+00:00,-0.4167500326103953,-0.2675195902006658,0.1226749365149737,-0.4670820250936841,-0.5296693328275146,-0.03504998186194402,-0.42612369020463153,-0.3438222017978639,-0.4913720240167764,-0.49463591222096587
2025-09-24 12:00:00+00:00,-0.36462769640525067,-0.21788484595000435,0.1226749365149737,-0.451425307832327,-0.5041558499479458,0.07724639776007841,-0.42612369020463153,-0.3679986840355374,-0.44443405844314093,-0.46330623695149875
2025-09-24 13:00:00+00:00,-0.3122203908806318,-0.17047113647435028,0.011793032297150018,-0.451425307832327,-0.47400986917185733,-0.03504998186194402,-0.41171083141472714,-0.3981283121065275,-0.3987289196391739,-0.46330623695149875
2025-09-24 14:00:00+00:00,-0.2801120350313162,-0.1735614608827667,0.02440961277153935,-0.46880416811028097,-0.47434985584131223,-0.07254762501068578,-0.4309283172744291,-0.44995289897595214,-0.400253981220009,-0.4169580192452839
2025-09-24 15:00:00+00:00,-0.28590958406775774,-0.16754156331649692,0.02440961277153935,-0.46880416811028097,-0.47582286593410944,-0.06583589693314144,-0.4333772290174348,-0.4608837000729602,-0.400253981220009,-0.4207582253757519
2025-09-24 16:00:00+00:00,-0.28707122353034836,-0.16191021346839515,0.02440961277153935,-0.46880416811028097,-0.4744172955686951,-0.06583589693314144,-0.4333772290174348,-0.47265495255652057,-0.3946011021163784,-0.4207582253757519
2025-09-24 17:00:00+00:00,-0.46251924352682156,-0.18772930178536873,0.0,-0.533004419744226,-0.4715864951347199,0.0,-0.41832583002976176,-0.40834898063457636,-0.2913857587071782,-0.498970132789313
2025-09-24 18:00:00+00:00,-0.5213653445763291,-0.16748255034894927,-0.01622570077032967,-0.5198785656857778,-0.31739422852209753,0.048224282217460245,-0.454007906479656,-0.44732151028889444,-0.24356573040664012,-0.6959479339908431
2025-09-24 19:00:00+00:00,-0.5365468264185783,-0.16748255034894927,-0.01622570077032967,-0.5198785656857778,-0.3906951575478979,0.19369919939163538,-0.4396472892275093,-0.4341905064080514,-0.19765757118433916,-0.7222944880055716
2025-09-24 20:00:00+00:00,-0.6325989947856443,-0.18772930178536873,-0.21320071635560817,-0.5074596502395959,-0.3443050387558941,0.0,-0.41555715967876616,-0.39790458118922434,0.42537299415239416,-0.7577722283113776
2025-09-24 21:00:00+00:00,-0.6379054386353321,-0.18772930178536873,-0.45291081365783337,-0.48802266429895597,-0.31277595751733456,0.12171612389003653,-0.4040688121325048,-0.38490017945974625,0.38984470218354655,-0.7577722283113776
2025-09-24 22:00:00+00:00,-0.6311420196458704,-0.18993857667371797,-0.43774052413166153,-0.4905852493536877,-0.30467196444680145,0.12171612389003653,-0.4056998992037888,-0.3855204063910014,0.38770240185074,-0.7577722283113776
2025-09-24 23:00:00+00:00,-0.6352185662980729,-0.18993857667371797,-0.43774052413166153,-0.4905852493536877,-0.3008145298153335,0.12171612389003653,-0.39033543414894817,-0.39826140127088866,0.38770240185074,-0.7464381625507971
2025-09-25 00:00:00+00:00,-0.645123996684945,-0.18993857667371797,-0.39605901719066544,-0.4905852493536877,-0.3008145298153335,0.12499999999999954,-0.3827225278139842,-0.3923370751602655,0.38109643555421874,-0.7464381625507971
2025-09-25 01:00:00+00:00,-0.5948853560389805,-0.04286479796871834,-0.4369975669860991,-0.35041536424383407,-0.1912619397273839,0.0883680448225541,-0.2835632387856839,-0.30864526155297,0.4015907925134314,-0.699778894919459
2025-09-25 02:00:00+00:00,-0.6041391163652347,-0.04286479796871834,-0.4525948137617204,-0.34176664279489855,-0.19126193972738395,0.0883680448225541,-0.2835632387856839,-0.31906421028219517,0.4015907925134314,-0.7098825535711634
2025-09-25 03:00:00+00:00,-0.6313859400266375,-0.04286479796871834,-0.4369975669860991,-0.3359590015138658,-0.19188001946658095,0.09821559067074738,-0.2835632387856839,-0.3229576527732767,0.4015907925134314,-0.7210154610930838
2025-09-25 04:00:00+00:00,-0.6149697610587624,0.001854445181444367,-0.4369975669860991,-0.3359590015138658,-0.2516773403880587,0.09821559067074738,-0.2835632387856839,-0.2818922863596764,0.36291365425405264,-0.6972407981914704
2025-09-25 05:00:00+00:00,-0.6277092755980676,0.0038672351059984775,-0.4369975669860991,-0.33135026024484454,-0.2918805466588391,0.1105380003328958,-0.2807664060780522,-0.28347712963884236,0.36291365425405264,-0.7100951382664231
2025-09-25 06:00:00+00:00,-0.649389220956294,0.0019039607682583572,-0.4243398504523807,-0.3341974105123065,-0.2918805466588391,0.12679578233436034,-0.28357484032250624,-0.2760691016876591,0.36291365425405264,-0.724365752595319
2025-09-25 07:00:00+00:00,-0.6429838467666364,0.0019039607682583572,-0.4243398504523807,-0.3467812490992663,-0.30253706585225515,0.12679578233436034,-0.28743700812188777,-0.2760691016876591,0.36291365425405264,-0.7402654906837207
2025-09-25 08:00:00+00:00,-0.6365295084385614,0.0019039607682583572,-0.4243398504523807,-0.36496464610770113,-0.29809881848679864,0.12679578233436034,-0.2914664199992839,-0.270950974584002,0.3645005927206711,-0.7323704548314216
2025-09-25 09:00:00+00:00,-0.6305224002661023,0.003763629612060884,-0.4243398504523807,-0.36496464610770113,-0.3031581760179319,0.1105380003328958,-0.2946467720122402,-0.2709509745840021,0.36291365425405264,-0.7268808549430466
2025-09-25 10:00:00+00:00,-0.6021895760104996,0.003763629612060884,-0.4243398504523807,-0.3897918959124562,-0.28641502624989446,0.1105380003328958,-0.3122633136901883,-0.2709509745840021,0.33369772573019185,-0.693419833895791
2025-09-25 11:00:00+00:00,-0.5738883289356819,0.003763629612060884,-0.4243398504523807,-0.3675446933996063,-0.28641502624989446,0.1105380003328958,-0.32884457321834065,-0.2709509745840021,0.30419367550670723,-0.6599347328388396
2025-09-25 12:00:00+00:00,-0.5455798077240911,-0.04379109769200461,-0.4243398504523807,-0.3675446933996063,-0.3100490145061655,-0.03273853022358246,-0.32884457321834065,-0.2355173129023063,0.27434601167597344,-0.626350716515793
2025-09-25 13:00:00+00:00,-0.5172239000568348,-0.09259854690890539,-0.36468131591776437,-0.41482184018309887,-0.2820737831486345,0.1105380003328958,-0.3466291722755124,-0.21554372791356882,0.27434601167597344,-0.5241679041974817
2025-09-25 14:00:00+00:00,-0.5022498117833674,-0.04454354031854366,-0.3871471347966582,-0.4046561882982905,-0.27985285681066646,0.1343320988518928,-0.3322607353598838,-0.16705187146444933,0.2714836398330409,-0.47831293619159504
2025-09-25 15:00:00+00:00,-0.48592284157867055,-0.08618608271790199,-0.33942707643438264,-0.38973838331364746,-0.24011677235537504,0.10288322612162093,-0.3254150450341423,-0.2105895582076815,0.25534750646673465,-0.49422198806889717
2025-09-25 16:00:00+00:00,-0.48865311185005555,-0.08618608271790199,-0.33942707643438264,-0.38973838331364746,-0.24331092230219653,0.10288322612162093,-0.32960848659893155,-0.2105895582076815,0.25481625269891106,-0.5006157812282255
2025-09-25 17:00:00+00:00,-0.48553476836108367,-0.08618608271790199,-0.33103377173342896,-0.394583100340801,-0.2444179061251537,0.10288322612162093,-0.3383591775593189,-0.20593444978976036,0.25989914238237344,-0.49870504813003225
2025-09-25 18:00:00+00:00,-0.4782159953691484,-0.04454354031854366,-0.3789526171086041,-0.34767179512858987,-0.20149814827783966,0.1343320988518928,-0.28508085013473733,-0.14994447528979865,0.35180117125756033,-0.4650771308857357
2025-09-25 19:00:00+00:00,-0.4782159953691484,-0.04454354031854366,-0.4724555912615297,-0.33333333333348153,-0.18203378509809787,0.1343320988518928,-0.27266236293914947,-0.14994447528979865,0.3948956880722798,-0.41480821154269604
2025-09-25 20:00:00+00:00,-0.4254729843643871,0.0,-0.480612726792923,-0.2691178311169234,-0.18346715269390307,0.32040848452900406,-0.2040422726919754,-0.14679466641460803,-0.23278454033201576,-0.2496934845597716
2025-09-25 21:00:00+00:00,-0.4254729843643871,0.05322077004533699,-0.37032542890968556,-0.2691178311169234,-0.134163939040976,0.18346715269451225,-0.18689145207958227,-0.19929574833860667,-0.23278454033201576,-0.14932421442086372
2025-09-25 22:00:00+00:00,-0.4254729843643871,0.05034733603537319,-0.36877124838776976,-0.2691178311169234,-0.1384790189568638,0.18346715269451225,-0.18617910210323665,-0.1974928123873462,-0.23278454033201576,-0.14329103039427032
2025-09-25 23:00:00+00:00,-0.43057775027067535,0.05034733603537319,-0.36921692396749456,-0.2691178311169234,-0.13455891555836455,0.18346715269451225,-0.191098877371381,-0.18822367176335209,-0.23934938716845727,-0.1354975541505652
2025-09-26 00:00:00+00:00,-0.44122194651185387,0.05042683606321065,-0.4273384400135092,-0.2691178311169234,-0.11813357715708635,0.17800471362722448,-0.18537254624390184,-0.18370966534543237,-0.26669192582207335,-0.1354975541505652
2025-09-26 01:00:00+00:00,-0.588764191076447,-0.2086513448234296,-0.4042260417272139,-0.48169115906412974,-0.2543148102121625,0.25308553412176205,-0.37303666142124076,-0.3874897348472048,-0.41045282773832004,-0.285798306973478
2025-09-26 02:00:00+00:00,-0.6491290683823957,-0.3001225239992046,-0.438357003758915,-0.5711420213534271,-0.40110258133919524,0.15563243006339453,-0.45043128328871473,-0.4620056510908884,-0.46500754794607424,-0.37418788062682357
2025-09-26 03:00:00+00:00,-0.6708444831851057,-0.3387933694471946,-0.4287464628557975,-0.5711420213534271,-0.35797745121198915,0.15563243006339453,-0.42678258319604767,-0.44386175718226917,-0.46500754794607424,-0.34443131104946423
2025-09-26 04:00:00+00:00,-0.6594893916558805,-0.3387933694471946,-0.4287464628557975,-0.5868579700742311,-0.40199065521341587,0.15563243006339453,-0.4405001478853574,-0.4724648198208334,-0.46500754794607424,-0.37081368465311676
2025-09-26 05:00:00+00:00,-0.6594893916558805,-0.3387933694471946,-0.4287464628557975,-0.5522174060235504,-0.3927486869755586,0.17149858514287966,-0.41697779336401397,-0.45442766358023395,-0.46500754794607424,-0.3465516400416661
2025-09-26 06:00:00+00:00,-0.6453000566086409,-0.36563621206293384,-0.4224308815975726,-0.5353029908579507,-0.3927486869755586,0.17149858514287966,-0.4117474265035028,-0.44433399812993657,-0.4433103474667817,-0.3465516400416661
2025-09-26 07:00:00+00:00,-0.6404426462859049,-0.36563621206293384,-0.4200840252076331,-0.5378724763242905,-0.3927486869755586,0.17149858514287966,-0.4150405746910067,-0.4468115902931003,-0.4433792899020706,-0.3465516400416661
2025-09-26 08:00:00+00:00,-0.602418179131086,-0.3025600828561418,-0.4800007259004655,-0.46675701944038,-0.3063232920866001,0.10668698993381498,-0.36663346587786433,-0.4092396879347713,-0.3699172488342622,-0.3663373622242366
2025-09-26 09:00:00+00:00,-0.5686190939669494,-0.30091245050960264,-0.49319696191606227,-0.4476618457863556,-0.314219950377675,0.02981423969999685,-0.3326152011349452,-0.3942662723966113,-0.35525031076720565,-0.3806647611443862
2025-09-26 10:00:00+00:00,-0.5686190939669494,-0.30091245050960264,-0.49319696191606227,-0.4476618457863556,-0.33349508853359217,-0.12532679794330553,-0.34684398780952164,-0.41992439714973445,-0.35525031076720565,-0.4330501905467712
2025-09-26 11:00:00+00:00,-0.5686190939669494,-0.24370871833828298,-0.49319696191606227,-0.4654030511291047,-0.37300192329599274,-0.12532679794330553,-0.3598788244547485,-0.4417577974733443,-0.35525031076720565,-0.492018487234934
2025-09-26 12:00:00+00:00,-0.5686190939669494,-0.18888005632090835,-0.49319696191606227,-0.483245962663071,-0.3421870041812343,-0.12532679794330553,-0.38759816511518613,-0.47385238468769925,-0.30151134457776047,-0.5491251783870383
2025-09-26 13:00:00+00:00,-0.5686190939669494,-0.1358732440967625,-0.49319696191606227,-0.483245962663071,-0.3913019855996807,-0.12532679794330553,-0.4158368979809139,-0.5255801159284053,-0.24061690330674387,-0.6463987355347028
2025-09-26 14:00:00+00:00,-0.5687164628159143,-0.1852219108489218,-0.4874351174169313,-0.49785076630448205,-0.4171774348518044,-0.17511615976039505,-0.45087185049364636,-0.5940387121328395,-0.24997907798581684,-0.6810729058296958
2025-09-26 15:00:00+00:00,-0.49108085334049173,-0.2044652050270305,-0.41561755899637887,-0.4008409578969781,-0.4397315594695084,-0.19613845530360263,-0.36009219540453563,-0.5146581876507117,-0.3990380133421567,-0.36885901305793445
2025-09-26 16:00:00+00:00,-0.46089950576830824,-0.2356340890965435,-0.384890402354784,-0.37095871239407824,-0.45478882094100276,-0.22821144348486866,-0.3593234188961792,-0.534961076445929,-0.46727493476715626,-0.3193921120020463
2025-09-26 17:00:00+00:00,-0.46089950576830824,-0.23078059892190583,-0.40711231626130573,-0.37129163830088396,-0.4524022224232882,-0.2409786477815182,-0.3593234188961792,-0.5467027122685499,-0.43716800543526096,-0.325301809241834
2025-09-26 18:00:00+00:00,-0.45765948251216676,-0.23078059892190583,-0.4456004709726089,-0.37129163830088396,-0.4524022224232882,-0.2409786477815182,-0.3623721437138719,-0.5510529317075402,-0.41585133260224627,-0.3337697278815471
2025-09-26 19:00:00+00:00,-0.47070349954237595,-0.23078059892190583,-0.3468439878096418,-0.35568515853760646,-0.46381029716934113,-0.34416837067538464,-0.3383509729353717,-0.5510529317075402,-0.4471142575513913,-0.267859613533635
2025-09-26 20:00:00+00:00,-0.47070349954237595,-0.23078059892190583,-0.21921432414070233,-0.35568515853760646,-0.4524022224232882,-0.4528334128517213,-0.32669275279854776,-0.5510529317075402,-0.4471142575513913,-0.2355827097840902
2025-09-26 21:00:00+00:00,-0.47070349954237595,-0.29454261137125587,-0.21921432414070233,-0.3657009806894435,-0.4934727702553758,-0.4528334128517213,-0.314746199888613,-0.5452217478962326,-0.4070955871077492,-0.20064985441918648
2025-09-26 22:00:00+00:00,-0.44940609499527545,-0.29454261137125587,-0.21921432414070233,-0.3657009806894435,-0.4700470705206853,-0.4329860147206452,-0.3144725498432568,-0.5459706821373096,-0.4220221998400696,-0.2289799960907619
2025-09-26 23:00:00+00:00,-0.44940609499527545,-0.29939771391012565,-0.21921432414070233,-0.3657009806894435,-0.4786317434779563,-0.4329860147206452,-0.30753042828808086,-0.555952803401357,-0.4277764521337075,-0.20814079896736037
2025-09-27 00:00:00+00:00,-0.3952079279148522,-0.35072528184188595,0.02914820186518608,-0.3036269696789367,-0.5097606463080616,-0.4663712298635197,-0.24133779615167286,-0.4448974042380646,-0.42907421987973265,-0.06653536832860237
2025-09-27 01:00:00+00:00,-0.36558355075901,-0.29204979933668224,0.01494536248360508,-0.2606341331585027,-0.5169952759778302,-0.4946648132626342,-0.18213831552740914,-0.4013675570008905,-0.39525405090468957,-0.09034249710092361
2025-09-27 02:00:00+00:00,-0.3168886398119179,-0.2168832117212986,0.0,-0.21610153971481577,-0.4710576315145672,-0.4615930911724907,-0.12023776602049378,-0.3567305498802976,-0.34787344862029485,-0.08224581627900586
2025-09-27 03:00:00+00:00,-0.3494864504447506,-0.20546476459116428,-0.13114502353807714,-0.24407753119560835,-0.5272728165341279,-0.4946648132626342,-0.18678821809983082,-0.39255979685024134,-0.354535009644311,-0.1501929825878629
2025-09-27 04:00:00+00:00,-0.3494864504447506,-0.06520688907967916,-0.13114502353807714,-0.21155215091251087,-0.5041643621116781,-0.4946648132626342,-0.17434421895951974,-0.37595841409777403,-0.23165311847572914,-0.21356357027912132
2025-09-27 05:00:00+00:00,-0.35926231408141296,-0.09662613174887248,-0.13114502353807714,-0.22323092109007917,-0.5095426636573192,-0.5081423243981106,-0.18158325230807362,-0.38473929920427036,-0.2572131127241557,-0.20308597570708112
2025-09-27 06:00:00+00:00,-0.35926231408141296,-0.11083777462847183,-0.13114502353807714,-0.22729933380645384,-0.5032337970948845,-0.4946648132626342,-0.17985979068121308,-0.37530178065874414,-0.2828582065598459,-0.19591417178615486
2025-09-27 07:00:00+00:00,-0.36115204673034845,-0.11083777462847183,-0.13114502353807714,-0.2247174636674202,-0.4951620158573467,-0.48442736603876163,-0.1775623991000455,-0.36968308491564694,-0.2901629448710049,-0.1903903116683463
2025-09-27 08:00:00+00:00,-0.36115204673034845,0.014114404537442614,0.01494536248360508,-0.2247174636674202,-0.4951620158573467,-0.4067244020159437,-0.1775623991000455,-0.31765112202174234,-0.24151388010363184,-0.28952666979289254
2025-09-27 09:00:00+00:00,-0.36115204673034845,0.22265138178202643,0.01494536248360508,-0.17707740556617202,-0.4492043703402591,-0.3287979746104504,-0.1405376234654696,-0.2896488794559086,-0.0938576193587487,-0.3647248131974617
2025-09-27 10:00:00+00:00,-0.36115204673034845,0.22265138178202643,0.01494536248360508,-0.1980260528903573,-0.43817693332369206,-0.20032733246124726,-0.1236940766673045,-0.24404274920030045,0.00972111590817101,-0.40013830510984755
2025-09-27 11:00:00+00:00,-0.36115204673034845,0.22265138178202643,0.01494536248360508,-0.17707740556617202,-0.44505419377282257,-0.20032733246124726,-0.10756739604633253,-0.21196132119686334,0.13602030923954458,-0.4271433364504248
2025-09-27 12:00:00+00:00,-0.3525984257316584,0.22454435657007096,0.0,-0.16260027343444655,-0.46645052249601093,-0.1256561724875066,-0.10352010426277723,-0.18959759757811903,0.2083467305445861,-0.4307748951706302
2025-09-27 13:00:00+00:00,-0.3525984257316584,0.22454435657007096,0.0,-0.13990106792807924,-0.44932281267368746,-0.1256561724875066,-0.08625819491767606,-0.1605654072332535,0.2083467305445861,-0.4307748951706302
2025-09-27 14:00:00+00:00,-0.3368140864458511,0.22265138178202643,-0.11083777462988403,-0.1364605888368603,-0.4521859340484268,-0.20032733246124726,-0.07611269752818131,-0.11547437824479363,0.20518493025970483,-0.35022659538210754
2025-09-27 15:00:00+00:00,-0.4415300389265047,0.26858105854063297,-0.07707524933080463,-0.21515356092472587,-0.49699854839309365,-0.16583953170166238,-0.1117158801467313,-0.10801707704635911,0.2443204134395909,-0.4315301985188176
2025-09-27 16:00:00+00:00,-0.49894005298327687,0.28903165583257995,-0.06906138832666724,-0.26216355078478537,-0.5134383888335187,-0.14002800840279886,-0.10936608274598551,-0.08539422151133964,0.261305737558864,-0.4301806680008055
2025-09-27 17:00:00+00:00,-0.49894005298327687,0.2445652472405453,-0.07938841860331126,-0.26216355078478537,-0.5127546480469897,-0.14002800840279886,-0.10936608274598551,-0.08788431247586438,0.261305737558864,-0.408422711801832
2025-09-27 18:00:00+00:00,-0.49894005298327687,0.2049800154239844,-0.09367379906046454,-0.26085693204194166,-0.5193970582288704,-0.1111660214725269,-0.10936608274598551,-0.09007546982216284,0.28783683125170606,-0.3928134189532885
2025-09-27 19:00:00+00:00,-0.49894005298327687,0.057702978608973395,-0.22349064659441606,-0.26085693204194166,-0.4425892572712065,-0.1111660214725269,-0.1314876517301458,-0.09007546982216284,0.28783683125170606,-0.4755873439384107
2025-09-27 20:00:00+00:00,-0.558569601750782,-0.14484136487560373,-0.38266244637982455,-0.18221212089848096,-0.5034387246235077,-0.13211031413252167,-0.17584888166734297,-0.10328406293806933,0.08172031112616204,-0.5815786890971474
2025-09-27 21:00:00+00:00,-0.558569601750782,-0.3026137663344365,-0.4707949843616478,-0.07108685405730246,-0.5103785271572101,-0.13211031413252167,-0.17584888166734297,-0.07077882714676068,-0.09828584503643711,-0.6126998200739937
2025-09-27 22:00:00+00:00,-0.5831827374011065,-0.3060916736922967,-0.46555070054104497,-0.06790608292673407,-0.5482193145299101,-0.15408338784033965,-0.1720632800793755,-0.07077882714676068,-0.06356024198701493,-0.5963247673148384
2025-09-27 23:00:00+00:00,-0.5831827374011065,-0.3060916736922967,-0.4708709557974113,-0.07442084075352552,-0.5512519468966083,-0.13211031413252167,-0.17770466332772278,-0.07389864004730362,-0.06356024198701493,-0.6028814395324897
2025-09-28 00:00:00+00:00,-0.6663030328189022,-0.30983866769628593,-0.5903499056933114,-0.1593984158788182,-0.41352861709877325,-0.10249000771063405,-0.2736024480798747,-0.21754214199467994,-0.13947536056876986,-0.7000994294646827
2025-09-28 01:00:00+00:00,-0.6663030328189022,-0.30983866769628593,-0.6008327554316383,-0.15939841587881817,-0.40343880780851143,-0.10249000771063405,-0.2736024480798747,-0.21754214199467994,-0.1147078669352819,-0.7235728659282878
2025-09-28 02:00:00+00:00,-0.7054828845343307,-0.39745458766322866,-0.5847306383537542,-0.24308444674272783,-0.4172236889075958,-0.15453348185758586,-0.3529148839911075,-0.29649643165349276,-0.19276678247064985,-0.7248314395215003
2025-09-28 03:00:00+00:00,-0.6663030328189022,-0.35429138863193227,-0.5544788620952393,-0.1687985060233901,-0.36546542336760296,-0.10249000771063405,-0.2736024480798747,-0.21754214199467994,-0.1266260462848106,-0.7111887749986542
2025-09-28 04:00:00+00:00,-0.6663030328189022,-0.39631454350256695,-0.4692089812253062,-0.1687985060233901,-0.3764598564326249,-0.19764235376017786,-0.2736024480798747,-0.21754214199467994,-0.21013549965127115,-0.6726863784768412
2025-09-28 05:00:00+00:00,-0.6833489860316135,-0.3694132718424378,-0.48412291827565584,-0.15952214925596192,-0.3760803957778479,-0.19764235376017786,-0.2664851783956055,-0.20949696990288777,-0.19950596878025284,-0.7075275528875138
2025-09-28 06:00:00+00:00,-0.7107680752752219,-0.3458701609336182,-0.5015682213100102,-0.15952214925596192,-0.3773683233818349,-0.19764235376017786,-0.2658440838593277,-0.2083374949358506,-0.1972026594366537,-0.748095115777842
2025-09-28 07:00:00+00:00,-0.7100539493430442,-0.3458701609336182,-0.5218624584423904,-0.15952214925596192,-0.3787183317607751,-0.22547801696425085,-0.2665793991035818,-0.20916500663327958,-0.1953661662911409,-0.7961173386514035
2025-09-28 08:00:00+00:00,-0.6773103173592543,-0.3458701609336182,-0.3895765797685357,-0.15952214925596192,-0.39884056360968095,-0.3162277660164909,-0.2665793991035818,-0.24740427499712775,-0.1953661662911409,-0.7460038465921808
2025-09-28 09:00:00+00:00,-0.6773103173592543,-0.3458701609336182,-0.26680004874375063,-0.15952214925596192,-0.43098350068411995,-0.3162277660164909,-0.2870243521430692,-0.24740427499712775,-0.3061862178478977,-0.666817889684334
2025-09-28 10:00:00+00:00,-0.6546536707078657,-0.3458701609336182,-0.1936491673101044,-0.13476436835298303,-0.4402843028993072,-0.3162277660164909,-0.3217007605064858,-0.2757054832851742,-0.357589937881817,-0.6189939471598054
2025-09-28 11:00:00+00:00,-0.632097166418396,-0.3458701609336182,-0.11699209733116953,-0.13476436835298303,-0.4196271637081336,-0.1903353485560408,-0.33844245476064266,-0.2878259321382963,-0.4099600308453942,-0.5702817189231345
2025-09-28 12:00:00+00:00,-0.6513588766308267,-0.38164376056878074,-0.14198145815012772,-0.12073664533855762,-0.4401217331330066,0.003225051454874123,-0.3171299810615592,-0.2983348270078974,-0.36561750098973206,-0.6118710107914026
2025-09-28 13:00:00+00:00,-0.6310101032574053,-0.38164376056878074,-0.05741662699608067,-0.12073664533855762,-0.4240339491169329,0.10667330619368702,-0.3171299810615592,-0.3131773927158027,-0.36561750098973206,-0.5436540273858858
2025-09-28 14:00:00+00:00,-0.6310101032574053,-0.32554982964823237,0.11022937462562621,-0.09658342616126224,-0.3908021209560158,0.23940224066582805,-0.3171299810615592,-0.3311183152852133,-0.36561750098973206,-0.4894625223321111
2025-09-28 15:00:00+00:00,-0.6310101032574053,-0.32554982964823237,0.09463204468096063,-0.10165653385969452,-0.3970108924477726,0.22168433033522006,-0.31348821264769283,-0.3311183152852133,-0.36561750098973206,-0.5105591764046701
2025-09-28 16:00:00+00:00,-0.6310101032574053,-0.3315192609077067,0.08032911122036332,-0.10669470075992742,-0.3970108924477726,0.18204085848273738,-0.31348821264769283,-0.33136209951724654,-0.36561750098973206,-0.5339845688713354
2025-09-28 17:00:00+00:00,-0.6310101032574053,-0.3315192609077067,0.08032911122036332,-0.10669470075992742,-0.39764286554481143,0.14975270819746275,-0.3138931880441013,-0.33136209951724654,-0.37456442364790554,-0.5339845688713354
2025-09-28 18:00:00+00:00,-0.6310101032574053,-0.3315192609077067,0.08032911122036332,-0.10165653385969452,-0.3987411097281869,0.11531327161483573,-0.3138931880441013,-0.33136209951724654,-0.37456442364790554,-0.5339845688713354
2025-09-28 19:00:00+00:00,-0.6142240273734302,-0.26544832263648027,0.08032911122036332,-0.10165653385969452,-0.4367466058476687,0.055323106713257415,-0.2957369373527314,-0.3147590463136285,-0.37456442364790554,-0.5101865631082179
2025-09-28 20:00:00+00:00,-0.5361109642477385,-0.308180152795487,-0.05513178464199595,-0.11354005629337498,-0.35586977302778433,-0.09553254290337398,-0.2571317471805965,-0.2942523124642732,-0.3124134463046502,-0.43201382466358845
2025-09-28 21:00:00+00:00,-0.5361109642477385,-0.308180152795487,0.07733088933396844,-0.15122768633367042,-0.2210947097597485,-0.22507180663507917,-0.2571317471805965,-0.3376224790375863,-0.3124134463046502,-0.3632191915478136
2025-09-28 22:00:00+00:00,-0.5325355803806673,-0.308180152795487,0.07733088933396844,-0.15122768633367042,-0.2366905341657285,-0.24559613253766358,-0.2571317471805965,-0.33189592545808555,-0.34900503044826725,-0.3632191915478136
2025-09-28 23:00:00+00:00,-0.5478352924158392,-0.308180152795487,0.02627034687463613,-0.13992642840509859,-0.23983170603522877,-0.2822162605150726,-0.2357563888288244,-0.32052457456343747,-0.3124134463046502,-0.3988620176085467
2025-09-29 00:00:00+00:00,-0.5741327537020893,-0.3340765523908353,0.02627034687463613,-0.13992642840509859,-0.27682084746403984,-0.2822162605150726,-0.2357563888288244,-0.2982715699963119,-0.2807449625374378,-0.3988620176085467
2025-09-29 01:00:00+00:00,-0.6394670266079802,-0.36908437904088526,-0.018591985977566602,-0.22067220670014398,-0.3503464778728333,-0.26083820007939246,-0.31818765325737247,-0.3821102470855464,-0.36641488270072486,-0.4647996494591488
2025-09-29 02:00:00+00:00,-0.630687086429729,-0.33360725907692895,0.06703435875818821,-0.22067220670014398,-0.3503464778728333,-0.19563553705588957,-0.31818765325737247,-0.39470309318378344,-0.36641488270072486,-0.4647996494591488
2025-09-29 03:00:00+00:00,-0.7124610818329982,-0.3847054271075315,0.04056369571529997,-0.3072613212445117,-0.41499190944487174,-0.16840826742714815,-0.3988350731159131,-0.46728768454767483,-0.4503773491110451,-0.5301725074924221
2025-09-29 04:00:00+00:00,-0.7116830258905936,-0.3540052161967295,0.04056369571529997,-0.3072613212445117,-0.4228402564414023,-0.059859495086289315,-0.4036424900420637,-0.472096930426505,-0.4503773491110451,-0.5301725074924221
2025-09-29 05:00:00+00:00,-0.7618930906715607,-0.4270844235788777,0.015019349877479837,-0.383161091074557,-0.3994757398857778,-0.052430412039118496,-0.4608196319933062,-0.4952705057802173,-0.46692614217555034,-0.5939007310842558
2025-09-29 06:00:00+00:00,-0.7684048628615152,-0.531596322853811,-0.07156562669567214,-0.365316953567671,-0.37152142470418975,-0.08815192854386655,-0.4340390388644045,-0.448688039773669,-0.46178861301236135,-0.654055018128117
2025-09-29 07:00:00+00:00,-0.7611179638602584,-0.5581890153205609,-0.08898825966425218,-0.29392858626348095,-0.3154886455256146,-0.10842283621836624,-0.3740861080257993,-0.38421040087072866,-0.4123249563917283,-0.6749144359149828
2025-09-29 08:00:00+00:00,-0.7611179638602584,-0.5581890153205609,-0.15448077137345612,-0.29392858626348095,-0.33186288290514254,0.0034843205572486946,-0.3740861080257993,-0.38421040087072866,-0.4123249563917283,-0.644940003019376
2025-09-29 09:00:00+00:00,-0.7323722732138428,-0.5581890153205609,-0.22948424003900733,-0.31796409307066764,-0.30502477515686194,0.05379365902296565,-0.3740861080257993,-0.39689845577343436,-0.4123249563917283,-0.644940003019376
2025-09-29 10:00:00+00:00,-0.7323722732138428,-0.5118551729397851,-0.22948424003900733,-0.33454435760701323,-0.27869791970263547,0.1178141002631891,-0.3740861080257993,-0.388724777185449,-0.4311133929052564,-0.615969505673244
2025-09-29 11:00:00+00:00,-0.7323722732138428,-0.46763246098979816,-0.22948424003900733,-0.3511997584736142,-0.27869791970263547,0.17797651932664021,-0.3740861080257993,-0.3820736767739844,-0.4311133929052564,-0.615969505673244
2025-09-29 12:00:00+00:00,-0.7223719926017735,-0.4146341463424892,-0.22948424003900733,-0.36795480926747676,-0.24618104127153176,0.17797651932664021,-0.395355496906362,-0.3820736767739844,-0.4719862464672271,-0.5878784273100892
2025-09-29 13:00:00+00:00,-0.7223719926017735,-0.3712835833153246,-0.22948424003900733,-0.36795480926747676,-0.24618104127153176,0.17797651932664021,-0.4070549406978898,-0.37089263311511517,-0.4719862464672271,-0.615969505673244
2025-09-29 14:00:00+00:00,-0.7223719926017735,-0.3712835833153246,-0.26949631284845627,-0.36795480926747676,-0.2624091154348845,0.1178141002631891,-0.41889656347658133,-0.3570390243253856,-0.4719862464672271,-0.644940003019376
2025-09-29 15:00:00+00:00,-0.7364596943189792,-0.3810003810006287,-0.2735878275822898,-0.32410186177588474,-0.25440065791210137,0.05227083734892965,-0.40552339902552176,-0.321942282115033,-0.4200109353383099,-0.6139734121159963
2025-09-29 16:00:00+00:00,-0.7292791021831274,-0.3498582702478424,-0.27863178107899333,-0.28137720708639796,-0.20553805846938597,0.0916331890935923,-0.37384484619739744,-0.27115192605069155,-0.36949780437720375,-0.5851442411491627
2025-09-29 17:00:00+00:00,-0.7292819763802796,-0.2653724462177527,-0.2373563316394169,-0.2719802405918797,-0.14844600804348454,0.1315941368573416,-0.3164751088518233,-0.2332158461764874,-0.31993008439666903,-0.5196393540963404
2025-09-29 18:00:00+00:00,-0.6270361875936885,-0.1990633110723533,-0.11973686801785119,-0.23131999344006896,-0.0803881232046478,0.1725984775247324,-0.25942988070547407,-0.17759626262849484,-0.30016680568429005,-0.4643825309011333
2025-09-29 19:00:00+00:00,-0.4881234387906541,-0.2892407476346896,-0.08971632093855537,-0.09995182546799702,0.05690772096360112,0.0822516121149085,-0.1501029302970211,-0.0708510743739651,-0.21529338815477866,-0.3281389128204296
2025-09-29 20:00:00+00:00,-0.3065963687847399,-0.051597599817686704,0.1876600136568543,0.07799150416350446,0.16180695772846054,0.1669053279950304,0.042738885534007905,0.07431524395195824,0.0776431214230695,-0.19079009800192323
2025-09-29 21:00:00+00:00,0.06879627645282825,0.19518001459018908,-0.14987266233258176,0.42015608696866136,0.26257665074813447,0.41909906717042317,0.3698570537956348,0.4317286503156159,0.35093120317189014,0.0
2025-09-29 22:00:00+00:00,0.20687108175565896,0.24169581772061036,-0.18181818181627785,0.5186535359110317,0.27231838603191527,0.6017857182344133,0.43813920571927245,0.4605249337345042,0.3919247576692627,0.1348399724925925
2025-09-29 23:00:00+00:00,0.20909442745500856,0.16714814456501348,0.030414953232327478,0.43180994557813884,0.49040482706465566,0.6011393316698228,0.27082420157810055,0.3407692084217702,0.2710410824320715,0.22667906654377096
2025-09-30 00:00:00+00:00,-0.32464724900088004,-0.16714814456576524,-0.030414953233624406,-0.5160468465421612,-0.3838099345995261,-0.29488391230978694,-0.32647861720013366,-0.34076920842131647,-0.2710410824318395,-0.22667906654451045
2025-09-30 01:00:00+00:00,-0.3716688537493501,-0.24133145195715172,-0.04391364824382703,-0.5770149665776223,-0.575085283417706,-0.38866266349772544,-0.4594772165247635,-0.44528045614235384,-0.3913339159899416,-0.2347431005245783
2025-09-30 02:00:00+00:00,-0.42821545321823645,-0.3025708493337769,-0.05505701697297263,-0.6936130408105202,-0.642434063802242,-0.48728829684247316,-0.5373123607787545,-0.5288528481928608,-0.3767900669831918,-0.2692098278192122
2025-09-30 03:00:00+00:00,-0.48253372714448317,-0.35742216862746223,-0.06503798514603534,-0.7326192181718485,-0.712447759316428,-0.322350545352097,-0.6107950420785918,-0.6300666176186119,-0.49397527128311375,-0.3123199795726021
2025-09-30 04:00:00+00:00,-0.5380860334575086,-0.40982862695056177,-0.07457407651687381,-0.7742618380125804,-0.7839667509778887,-0.20447871094195536,-0.7032760844929739,-0.7274396537720211,-0.5168522422363916,-0.3657284601130644
2025-09-30 05:00:00+00:00,-0.5945193824394512,-0.4612152449563951,-0.08392459361385668,-0.7938626789834705,-0.7620162415130451,-0.2666621556957536,-0.7489972581584202,-0.7502257240713233,-0.5092388536481111,-0.4751424365586803
2025-09-30 06:00:00+00:00,-0.6259838531928208,-0.5529621996172763,-0.1521446481833542,-0.687176551346869,-0.6791624700828335,-0.17028443228732235,-0.6582814550304112,-0.7051103901961495,-0.41989470402431245,-0.5601205229625008
2025-09-30 07:00:00+00:00,-0.5895630208016567,-0.5701354204205367,-0.16766233276332498,-0.5498293707021661,-0.5464723766099409,-0.0850845593476388,-0.576790919558962,-0.5766468422710038,-0.3243627127158215,-0.5762331036274307
2025-09-30 08:00:00+00:00,-0.5377394308905302,-0.5041561590649345,-0.05811563925514764,-0.41328022601610576,-0.5284406097227851,-0.12894702599433486,-0.46908959361466523,-0.4728527121511397,-0.22929965376359857,-0.5890897176869836
2025-09-30 09:00:00+00:00,-0.5302885581434497,-0.4552939313034145,0.020271504268401058,-0.3679794713046291,-0.5147481200649533,-0.22647036771201637,-0.39541510726623397,-0.4295071873961284,-0.1831448589395714,-0.6008109128487203
2025-09-30 10:00:00+00:00,-0.5704097802609867,-0.46327339226191505,-0.013228990820776582,-0.40647175923927525,-0.5770029642797521,-0.32106626415816036,-0.3736835697677728,-0.45347684571975955,-0.20633565513568058,-0.6337871921993913
2025-09-30 11:00:00+00:00,-0.5845166604797073,-0.4719433026450832,-0.04800087283476975,-0.4439433006234945,-0.6218069051392399,-0.33541951396309283,-0.3705862186935542,-0.5101949681197665,-0.18243658659221826,-0.7034621518006278
2025-09-30 12:00:00+00:00,-0.6037566280329972,-0.4848474570965142,-0.08208521412709976,-0.480006577301933,-0.6500451362752604,-0.33880949204630295,-0.38592005786285133,-0.5178062749390511,-0.17141946237699393,-0.7306639881542737
2025-09-30 13:00:00+00:00,-0.6282909903191696,-0.5020392881741398,-0.11644441553124318,-0.47506522960052544,-0.6259064814701636,-0.3316411965123993,-0.39108882565887737,-0.46145529057677415,-0.05203192982202767,-0.774575056885257
2025-09-30 14:00:00+00:00,-0.6587181944600513,-0.5239295495828252,-0.2700906190079392,-0.4290207573494751,-0.6334959224045144,-0.41515571259376194,-0.4120349613467657,-0.3714081308884226,0.04611501866214364,-0.8175441982118778
2025-09-30 15:00:00+00:00,-0.696147706590688,-0.5513355615370771,-0.3214784531241572,-0.35754340333299706,-0.6558344356963441,-0.5119257761632098,-0.39381965782170814,-0.2913629387608259,0.09167503245051621,-0.8322910161401315
2025-09-30 16:00:00+00:00,-0.7051858594925244,-0.5856329632439715,-0.4057243853511199,-0.2866073346715143,-0.633238981091326,-0.4890284505068099,-0.3480810433587362,-0.19499577275067026,0.14018543173346942,-0.848436923328932
2025-09-30 17:00:00+00:00,-0.7149105918907593,-0.5401620031422967,-0.45926107059103116,-0.21370219388665948,-0.5720907439459773,-0.3702436579144928,-0.26239148059617623,-0.10036934585502176,0.19589554661543124,-0.8246589390166307
2025-09-30 18:00:00+00:00,-0.6449585941907217,-0.4988980345714658,-0.3206942456294678,-0.08274142393394465,-0.480789656231861,-0.24709372377297312,-0.14571686982025728,0.03448223700959309,0.20695933859619237,-0.7986176868753742
2025-09-30 19:00:00+00:00,-0.5290453185495159,-0.37606835896895385,-0.1709936373179575,0.0905764555103008,-0.3321840406480657,-0.11335629823547984,0.015150114360123713,0.18649783335585032,0.26584408385948244,-0.6684362509891639
2025-09-30 20:00:00+00:00,-0.24841470940614443,-0.12048747607787318,0.0014281386806167238,0.276016783079793,-0.15152616093758367,-0.14444307167221285,0.24449489855187848,0.3743127894685299,0.4884724924959932,-0.45922061603548203
2025-09-30 21:00:00+00:00,0.1887642060502726,0.24835767251661148,0.17220506209862846,0.41287275696439224,-0.047911442126748985,0.010132764593465916,0.48092417609161214,0.5760280540821288,0.6326154654615296,-0.13485321327629343
2025-09-30 22:00:00+00:00,0.3960404959549017,0.542149335312941,0.49447645067848023,0.4993066859091816,0.10277778106508134,0.2401939177529641,0.6554444809428629,0.6241113356582376,0.7029135107530411,0.12959399766016047
2025-09-30 23:00:00+00:00,0.6986396114524362,0.7199942086310506,0.21740658913693942,0.6852689223476673,0.6851163423535025,0.19835388147231575,0.718676493034359,0.6624525629492299,0.7889320586110861,0.23564166076480506
2025-10-01 00:00:00+00:00,0.5822059224097315,0.687586463518604,0.18504514627816493,0.5718873430540756,0.5097097066395884,0.11606957691992797,0.5761414886800869,0.5358941507657718,0.7233482745998546,0.09493234466539686
2025-10-01 01:00:00+00:00,0.5822059224097315,0.6477827176835225,0.18504514627816493,0.5527334864442327,0.40935761696757506,0.11606957691992797,0.5639833184417412,0.5020134105748922,0.6095604818582866,0.23374573065676038
2025-10-01 02:00:00+00:00,0.5822059224097315,0.60714518478336,0.18504514627816493,0.5161583499418991,0.26261097993919513,0.11606957691992797,0.5639833184417412,0.46311158377976486,0.39095644189207823,0.359901731056525
2025-10-01 03:00:00+00:00,0.5822059224097315,0.5873681180629926,0.18504514627816493,0.507076332178088,0.22366763094945108,0.20422086361985772,0.5585478034737906,0.4299242469860295,0.3248968284856525,0.4257847355277373
2025-10-01 04:00:00+00:00,0.5943980942963566,0.5674961267864073,0.18504514627816493,0.49794797638508376,0.17825516223950505,0.2978005857351881,0.5585478034737906,0.3954476598918033,0.3248968284856525,0.4896157590948587
2025-10-01 05:00:00+00:00,0.5943980942963566,0.5474954897055057,0.18504514627816493,0.49794797638508376,0.12489942406873845,0.2978005857351881,0.5585478034737906,0.32309592845251195,0.26518134935623877,0.5524141866839841
2025-10-01 06:00:00+00:00,0.5943980942963566,0.5273292903361818,0.18504514627816493,0.49794797638508376,0.08649200771121784,0.3993249864067616,0.5419502631376905,0.20354050349335687,0.16268795742499337,0.6150020048372077
2025-10-01 07:00:00+00:00,0.6321071443678536,0.5273292903361818,0.18504514627816493,0.49794797638508376,0.04891802359349296,0.5123406652613856,0.5256283020409169,0.16382564930958857,0.06908973589053176,0.6780918331959547
2025-10-01 08:00:00+00:00,0.6321071443678536,0.5273292903361818,0.18504514627816493,0.49794797638508376,0.018548334782153935,0.49198662599267856,0.5060271587731116,0.14067902280481254,0.06908973589053176,0.6956651043965844
2025-10-01 09:00:00+00:00,0.616177566453885,0.5273292903361818,0.18504514627816493,0.49176616747215096,0.007086475500893832,0.48147208842804845,0.49062827466441233,0.11602702542431843,0.06908973589053176,0.7157321856408888
2025-10-01 10:00:00+00:00,0.6137844789817191,0.5273292903361818,0.18504514627816493,0.4821075535497951,-0.010835197215441336,0.48147208842804845,0.49062827466441233,0.09773559649109392,0.09053322201115065,0.723047761570538
2025-10-01 11:00:00+00:00,0.6190207636002347,0.5448462751315991,0.1958373629503242,0.5105940959318455,0.011428758022148598,0.487660652222777,0.4991342594662489,0.14376567427265857,0.11943189983898934,0.7313173842638919
2025-10-01 12:00:00+00:00,0.6248436587830868,0.5628795795720096,0.20681516348786097,0.5435336321842108,0.03707448643391296,0.49431134411946037,0.5081132452510726,0.1717806905252895,0.14187403169658264,0.7392383756818685
2025-10-01 13:00:00+00:00,0.6248436587830868,0.5628795795720096,0.20681516348786097,0.5546621152008738,0.03707448643391296,0.49431134411946037,0.5081132452510726,0.1717806905252895,0.12146306318340576,0.7392383756818685
2025-10-01 14:00:00+00:00,0.6248436587830868,0.5628795795720096,0.22913728245320653,0.5546621152008738,0.04409003560290053,0.49431134411946037,0.515157773424525,0.17661334595876244,0.10020462637010928,0.7312984486274463
2025-10-01 15:00:00+00:00,0.6248436587830868,0.5628795795720096,0.25142684329315257,0.5470076508191127,0.04409003560290053,0.5662487582176381,0.5096938994757121,0.17082011995419832,0.0702421215087684,0.7236512180558946
2025-10-01 16:00:00+00:00,0.6248436587830868,0.5628795795720096,0.34832027534734106,0.5395295795641979,0.05066375021712443,0.5662487582176381,0.5058894845876597,0.17564003882328352,0.0702421215087684,0.7184105679040922
2025-10-01 17:00:00+00:00,0.6561854680035113,0.5536293098584406,0.40743423523654404,0.5330369056394224,0.03599427028582967,0.5255982083872329,0.5024571192985684,0.18089718244057817,0.07395011708793119,0.7002860068485353
2025-10-01 18:00:00+00:00,0.6578015544393621,0.5616073878176147,0.3439426259838585,0.5312049833349693,0.01557753345851318,0.3989777072288893,0.48105591851541923,0.17137728250163964,0.0,0.6640755718632504
2025-10-01 19:00:00+00:00,0.660205376376718,0.5267857142858369,0.3070961343200399,0.5039886235908955,-0.025677629550852128,0.3340765523908472,0.4425595796427878,0.1757499100655843,0.0,0.6227823702999349
2025-10-01 20:00:00+00:00,0.5981114228779831,0.4699259189483107,0.2247004217718714,0.45106589596372243,-0.08292356698145352,0.18090338414420923,0.3904474344965983,0.16861972729796343,-0.09653474336226735,0.5810423261777387
2025-10-01 21:00:00+00:00,0.5350627391552131,0.3821018506405577,0.3038218101254389,0.36747545064469483,0.03270116545772862,0.06117355427153017,0.35012728856680964,0.17863954744725308,-0.2193577890281396,0.5428393465969222
2025-10-01 22:00:00+00:00,0.5350627391552131,0.3821018506405577,0.3038218101254389,0.36747545064469483,0.10077992873448482,-0.09607689228315519,0.35012728856680964,0.17863954744725308,-0.3135725740519301,0.5428393465969222
2025-10-01 23:00:00+00:00,0.5350627391552131,0.4387155780564276,0.3038218101254389,0.3321231665670514,0.009726206482985033,-0.09607689228315519,0.35012728856680964,0.20167721007925526,-0.4019184762347162,0.5639688765761094
2025-10-02 00:00:00+00:00,0.5350627391552131,0.4387155780564276,0.3038218101254389,0.3321231665670514,0.0336501389109926,-0.09607689228315519,0.35012728856680964,0.25014359535012715,-0.48637701485564055,0.5916445007033696
2025-10-02 01:00:00+00:00,0.4751274543965489,0.4078747337140597,0.247155766371817,0.23394776594936095,-0.08370134324116225,-0.10758338314829131,0.20182157818149823,0.08888030418402239,-0.4898678037738048,0.569968448674255
2025-10-02 02:00:00+00:00,0.4751274543965489,0.4078747337140597,0.247155766371817,0.23394776594936095,-0.05179335565554041,-0.10758338314829131,0.22450769686499908,0.08888030418402239,-0.3752383680352272,0.569968448674255
2025-10-02 03:00:00+00:00,0.4751274543965489,0.4078747337140597,0.247155766371817,0.23394776594936095,-0.032875295927070294,-0.10758338314829131,0.2472141887262491,0.08888030418402239,-0.3752383680352272,0.569968448674255
2025-10-02 04:00:00+00:00,0.4751274543965489,0.4078747337140597,0.1303589814793461,0.23394776594936095,-0.032875295927070294,-0.10758338314829131,0.2356051178713429,0.07279854158524528,-0.4805323858109325,0.569968448674255
2025-10-02 05:00:00+00:00,0.4790619569479411,0.46212217969061936,-0.024655683635837457,0.2591952505578921,-0.0329265507602748,-0.11972345888353521,0.1918858924601263,0.0516140282596744,-0.46439449605647787,0.5627534192011928
2025-10-02 06:00:00+00:00,0.45450413307560433,0.4228827109661357,-0.024655683635837457,0.2367833333321749,-0.07836797466858494,-0.11972345888353521,0.16056674173661237,0.01918114263621017,-0.4204276522808607,0.5627534192011928
2025-10-02 07:00:00+00:00,0.42155041979395563,0.3837907903979837,-0.12197843368027371,0.18901028720398172,-0.09225312080315139,-0.11972345888353521,0.13064611856149225,-0.01115185770681582,-0.37439981173089193,0.5496764221409188
2025-10-02 08:00:00+00:00,0.42155041979395563,0.36497943880353934,-0.12197843368027371,0.18175236091159955,-0.09225312080315139,-0.16308201826411045,0.13064611856149225,-0.01467852844861147,-0.37439981173089193,0.5478115391369114
2025-10-02 09:00:00+00:00,0.42155041979395563,0.34757114387827626,-0.12197843368027371,0.16907571371964428,-0.09225312080315139,-0.22052713856823197,0.12591741370595483,-0.018189125364626905,-0.37439981173089193,0.5465559479648086
2025-10-02 10:00:00+00:00,0.4132841425777875,0.3406136573732444,-0.12197843368027371,0.16907571371964428,-0.10168592743641283,-0.22052713856823197,0.12243804734307648,-0.014460518389306001,-0.2858696731371499,0.5478879953087794
2025-10-02 11:00:00+00:00,0.4132841425777875,0.3339600325278593,-0.14586499149806417,0.16907571371964428,-0.10633527308885689,-0.22052713856823197,0.11935179028325384,-0.014460518389306001,-0.2858696731371499,0.5477083339628885
2025-10-02 12:00:00+00:00,0.4132841425777875,0.3276068925887194,-0.17076980715174647,0.16458379184617822,-0.10633527308885689,-0.16308201826411045,0.11626944531804845,-0.021886589352984237,-0.3160464138568875,0.5497302919090615
2025-10-02 13:00:00+00:00,0.4132841425777875,0.35267261820330237,-0.12327841818079593,0.1746744629467125,-0.09873790189243048,-0.16308201826411045,0.1297257039168323,0.007223606600824784,-0.3160464138568875,0.5806040508217086
2025-10-02 14:00:00+00:00,0.4296571586360778,0.3789683644804075,-0.12327841818079593,0.18486505391603522,-0.09152077064667564,-0.16308201826411045,0.14329194386042188,0.014391073107919825,-0.3160464138568875,0.5947602855683497
2025-10-02 15:00:00+00:00,0.4463879878418515,0.4066963328602704,-0.12327841818079593,0.19516549388816926,-0.08383584246598087,-0.16308201826411045,0.15699057583820594,0.04288717165491735,-0.28028510152057384,0.6093340688878622
2025-10-02 16:00:00+00:00,0.46351804798386764,0.4360984537986008,-0.12327841818079593,0.2146820432765771,-0.08383584246598087,-0.16308201826411045,0.16363885044791504,0.05664142672208734,-0.28028510152057384,0.5930915880563568
2025-10-02 17:00:00+00:00,0.46351804798386764,0.46746810923408444,-0.12327841818079593,0.24677727166319527,-0.07543588745679587,-0.16308201826411045,0.16363885044791504,0.06332652218951662,-0.28028510152057384,0.5761415975701433
2025-10-02 18:00:00+00:00,0.46351804798386764,0.46746810923408444,-0.07532435771555852,0.27052740029014866,-0.08421519210683169,-0.11026356928411599,0.16872254468316344,0.0699419351396261,-0.28028510152057384,0.5849228619753947
2025-10-02 19:00:00+00:00,0.46351804798386764,0.45149487693853063,-0.07532435771555852,0.28290646984165096,-0.06599068615212755,-0.11026356928411599,0.16872254468316344,0.06377327568055534,-0.28028510152057384,0.6060489375065049
2025-10-02 20:00:00+00:00,0.46351804798386764,0.45295103057148306,-0.025785531156219413,0.2959122215298875,-0.06599068615212755,-0.04397994971378407,0.16415594619503315,0.06377327568055534,-0.28028510152057384,0.6234752108682569
2025-10-02 21:00:00+00:00,0.46351804798386764,0.49165762523447554,-0.025785531156219413,0.29926139913813593,-0.07510277427476275,-0.04397994971378407,0.16415594619503315,0.0699419351396261,-0.28028510152057384,0.64486859037679
2025-10-02 22:00:00+00:00,0.41816331856141,0.419290725506675,0.08693088994399226,0.3270518121641984,-0.07986436376592113,-0.05718488597297684,0.17205336105818314,0.1168544324631554,-0.19349485157037505,0.5970329640812932
2025-10-02 23:00:00+00:00,0.539335404431567,0.5158500114579737,0.2409015839334239,0.510195620433361,0.043157899901882096,-0.05718488597297684,0.3308515952802755,0.31086060992339465,-0.06705522259831673,0.648538576074025
2025-10-03 00:00:00+00:00,0.702039701316696,0.6860525030931844,0.41641807553389604,0.6733690271972872,0.26749576240788253,-0.05718488597297684,0.5248387457621226,0.49896510677828554,0.07560759138338298,0.7639332860718322
2025-10-03 01:00:00+00:00,0.7545065490739792,0.7587312471756366,0.4520364448318944,0.7156901687630631,0.42198937386417806,0.06623982487578535,0.6135212798807923,0.5860087740687532,0.09045714134903855,0.7777502211957122
2025-10-03 02:00:00+00:00,0.7461920002943947,0.7590486405429941,0.33180602480269733,0.6943051217469192,0.4182608620951145,0.09690874237051,0.5482687708072688,0.5214613279937134,0.13233863197697548,0.7681796001351487
2025-10-03 03:00:00+00:00,0.7469531210594649,0.7654797712700172,0.25415212262633163,0.6886038196019092,0.39936153191571505,0.11717498502971299,0.5498128745594049,0.5015011860718117,0.16001422411889246,0.7665410431795251
2025-10-03 04:00:00+00:00,0.7526904850773101,0.7690388471351998,0.27793246116469283,0.6820403660836618,0.38027125728426153,0.13729150383176597,0.5502170836082608,0.4780074013550844,0.18748535327898896,0.7643308140922018
2025-10-03 05:00:00+00:00,0.734471528812267,0.7557853875076337,0.3215552619477346,0.6516481712379233,0.3624332231595733,0.16791662219375278,0.49769881713115177,0.433903278167599,0.22930703178740816,0.7489647730380696
2025-10-03 06:00:00+00:00,0.7288609062965545,0.762960598171193,0.19085492483212682,0.647489576166434,0.4824035429142853,0.1908549248323266,0.5611860798473366,0.5163915924392709,0.26063159050945284,0.7378622562382136
2025-10-03 07:00:00+00:00,0.734548713009727,0.7653406444893474,0.21631287865937468,0.6573250199281914,0.6173607301909297,0.21631287865956897,0.6248671320910483,0.6051403774268366,0.29539698628303307,0.7257695855506041
2025-10-03 08:00:00+00:00,0.735088727324579,0.7949393910491878,0.23397020968992227,0.6540188903904811,0.6587048174709287,0.23397020968988316,0.6664198901763104,0.6403369408229579,0.31950984726789283,0.7231149577373578
2025-10-03 09:00:00+00:00,0.7321296267225523,0.8234822409102865,0.2537241341185567,0.6465068988594601,0.6482309637013487,0.2537241341182898,0.7088053297717137,0.6537429565106391,0.34648581735236933,0.7164481482070156
2025-10-03 10:00:00+00:00,0.7254120878275979,0.8192880303734503,,0.6250416103943259,0.6256112470903631,0.2761084110920383,0.6946865586432525,0.6440594574074617,0.2761084110916032,0.7010498219921653
2025-10-03 11:00:00+00:00,0.7054799883454582,0.8117011651188797,,0.5915430998323323,0.592685611401848,0.27061814961868147,0.670894054131725,0.6606732834510253,,0.6826039701196323
2025-10-03 12:00:00+00:00,0.6760049523408485,0.799846444223023,,0.5447627053621492,0.5438793784584643,0.20657108728048026,0.6363019373490547,0.6585792122175548,,0.6493506493508853
2025-10-03 13:00:00+00:00,0.6688113198683553,0.7929077355004951,,0.5171502876215857,0.5144432210165605,0.19002385142941086,0.6203490083867688,0.6417666295312581,,0.6317384090132263
2025-10-03 14:00:00+00:00,0.6472554854917024,0.7825462547209308,,0.47928617894237896,0.4784997009385071,0.1745766150220821,0.5998463957847854,0.6360086415080148,,0.6066318388325234
2025-10-03 15:00:00+00:00,0.6165518562248635,0.7678067148547295,,0.4352118663773535,0.41719893235391103,0.1599721041830946,0.5801669749182049,0.6038667448810227,,0.5711436104528663
2025-10-03 16:00:00+00:00,0.5720560642424194,0.7471591718929665,,0.688846720197929,0.3211764393610288,0.14598929061864768,0.6440351676233282,0.5572639100053695,,0.5207191751643004
2025-10-03 17:00:00+00:00,0.5046497806702834,0.7182856655594763,,0.6462670484084202,0.1567427825254693,0.13242574437463567,0.646267048405666,0.4868787255321512,,0.4569798123845668
2025-10-03 18:00:00+00:00,0.40054457246454606,0.6791563658489055,,0.579186494868356,-0.20349795765676215,0.11908081884017652,0.5791864948678982,0.4005445724612113,,0.40054457246374625
2025-10-03 19:00:00+00:00,,0.6625413488699221,,0.45818979496294443,0.15289415742998816,0.10573610652762457,0.458189794952883,,,0.10573610652793683
2025-10-03 20:00:00+00:00,0.09212919178652816,0.5396138375896264,,inf,0.16699834195455537,0.09212919178300001,0.09212919178311962,,,0.133218591219971
2025-10-03 21:00:00+00:00,0.1064150991888345,-inf,,-inf,0.1671315676179649,0.07792549520561394,0.11268007989971214,,-inf,0.14125195546990565
2025-10-03 22:00:00+00:00,0.10908297607212529,,,,0.15467205622232777,0.06286946134610556,0.11396057645996836,,,0.13483997249403867
2025-10-03 23:00:00+00:00,-0.31606376163334915,,,,-0.17407765595646918,0.06286946134610556,-0.26967994498607006,,,-0.21654087871299435
2025-10-04 00:00:00+00:00,-0.6502710027243177,,,,-0.46987149390063837,0.06286946134610556,-0.5877538136469327,,,-0.522232967868871
2025-10-04 01:00:00+00:00,-0.714584048107182,,,,-0.534522483828426,0.07881104062405977,-0.6546536707092839,,,-0.5890150893754285
2025-10-04 02:00:00+00:00,-0.1921250735139745,-inf,,-inf,-0.14712247158485114,0.02376242282586327,-0.17759473157404343,,-inf,-0.16116459280517492
2025-10-04 03:00:00+00:00,0.03538099470902221,inf,,inf,0.02753154414748077,-0.004851797141368718,0.03290648922389746,,inf,0.030039377393850035
2025-10-04 04:00:00+00:00,0.16886525491726315,,,,0.1328121882226445,-0.025474090105539676,0.15772007446921202,,,0.14455283597363622
2025-10-04 05:00:00+00:00,0.49580177288269356,0.5217391304348913,0.521739130434949,0.5217391304350675,0.5111800794966455,-0.0922005018522697,0.4928358885212478,0.5217391304348289,,0.5310078242955933
2025-10-04 06:00:00+00:00,0.594197620606862,0.6466697906834769,0.4472135955000696,0.619666338750273,0.5546433126488853,-0.05974249621573258,0.5351150008915512,0.5479608531689083,,0.6485234024996708
2025-10-04 07:00:00+00:00,0.6467970635117272,0.6924702985089591,0.5347233943689231,0.645430592063932,0.39330894296578894,-0.09671120673855148,0.5494982337673111,0.49803792572168165,,0.6947596267541278
2025-10-04 08:00:00+00:00,0.6738718007023355,0.7100915701678465,0.48879490028613276,0.6773958590321015,0.33962935866313343,-0.12529470374626614,0.5432855974814619,0.2713602101199943,-0.30306406267829533,0.7204947766738531
2025-10-04 09:00:00+00:00,0.6958079950254186,0.7237185446037498,0.4498501023233309,0.7063056279648839,0.4134641991422576,-0.09942533003178299,0.5739056646896707,0.25192695815997723,-0.2774677190248224,0.7451089859415986
2025-10-04 10:00:00+00:00,0.7204930440123483,0.734214226466096,0.4160863961486961,0.7097582482258566,0.4539147808799034,-0.1199902041229922,0.6133117191109377,0.3505595858496558,0.11218334028433821,0.7634792834996197
2025-10-04 11:00:00+00:00,0.7397526505493587,0.7421593759826953,0.38628199411912645,0.7238489698017545,0.5010046831189583,-0.5389122264076831,0.6445749632281657,0.4116217114838682,0.19082506455856346,0.7774029068754293
2025-10-04 12:00:00+00:00,0.7550186172446949,0.7479485429104945,0.3595732599804505,0.7350574286052038,0.5336660573194344,-0.5658921435474434,0.6687971009878516,0.44175232736631453,0.24826441574622207,0.787998899615654
2025-10-04 13:00:00+00:00,0.7605743989834324,0.7508125679525541,0.3424834305800434,0.7316812442790612,0.5430067098273755,-0.5702659485122606,0.6764035909994164,0.4369169031994296,0.23499615686516045,0.7898264777804483
2025-10-04 14:00:00+00:00,0.764908714403142,0.7522874034107366,0.3264008735684846,0.7230508973197532,0.5527276787717368,-0.5728688585695211,0.6852348936865271,0.4149211857481164,0.22243404912157438,0.7907078414448889
2025-10-04 15:00:00+00:00,0.7681338376441131,0.7524200596155289,0.3111879571321164,0.7203383884891271,0.5596174995164492,-0.5406392784244314,0.6897419674332407,0.3940384700592512,0.24450482346096306,0.7906289324265978
2025-10-04 16:00:00+00:00,0.7703300698711258,0.7512129274035219,0.296728066880748,0.7166940315768758,0.5635770630816563,-0.5393139754956051,0.6935276495181251,0.37410926583845966,0.2299642518324683,0.7858014465003949
2025-10-04 17:00:00+00:00,0.7715500895118483,0.7486237971578421,0.2829210948266957,0.7140568373159024,0.5558081162515562,-0.535564438973262,0.6864095716159542,0.35499498384952527,0.2159134671047199,0.7575823956392733
2025-10-04 18:00:00+00:00,0.7718217490203646,0.7445620347389831,0.2696799449853364,0.7038989832992797,0.48808099175776926,-0.5291502622129761,0.680923530909179,0.30305160909945267,0.2265146805917463,0.7139231254899714
2025-10-04 19:00:00+00:00,0.771693832489797,0.6985363794045275,0.2652390597065051,0.6919165717232016,0.4292343253429895,-0.5197711023185364,0.6596641825440707,0.28798298953454765,0.21036320257490648,0.6701960348989768
2025-10-04 20:00:00+00:00,0.7508611524593465,0.6534217872560889,0.16915360736872706,0.6717066100285451,0.4079772345166934,-0.5070201265634511,0.6146060829527832,0.11761184586014466,0.2129910556284674,0.6273518243695138
2025-10-04 21:00:00+00:00,0.7128323050432417,0.6089441386276764,0.11315971919735214,0.63066067777784,0.3456147397148084,-0.4903327853879402,0.5801395208112947,0.10602599991482922,0.19446111706568922,0.5851314293505581
2025-10-04 22:00:00+00:00,0.6868303277329137,0.497424875583585,0.0785135883885449,0.6099452120608752,0.3314812791091795,-0.46891639251624634,0.561464067385788,0.10916115509556662,0.1759056226336917,0.5549378632412494
2025-10-04 23:00:00+00:00,0.7168883291130257,0.506147457312927,0.05359869111640253,0.6320600367511416,0.32445662859433805,-0.45285210328425707,0.5563972957350966,0.12052404786778675,0.18271372907925634,0.566109235988718
2025-10-05 00:00:00+00:00,0.7146091856916366,0.4805396314911695,0.05359869111640253,0.6345288422487495,0.32166938181285804,-0.45285210328425707,0.5146494624680199,0.10158305427704237,0.17463952311910735,0.5667118524651313
2025-10-05 01:00:00+00:00,0.7262213091319875,0.46248379542483226,0.05359869111640253,0.6347469909802332,0.313534046346216,-0.45553808237285126,0.487236081738477,0.08995570381470923,0.16767378642027422,0.5717070821451581
2025-10-05 02:00:00+00:00,0.6810771368737679,0.450736231764969,0.07549401942860032,0.5872040782322736,0.29217131175578864,-0.40329796097364695,0.4645003067382168,0.14903326354892457,0.08591533546095735,0.538798734316975
2025-10-05 03:00:00+00:00,0.5959732554241076,0.43092529281331615,0.19871617196860228,0.5005996009325535,0.29439738980940433,-0.31376239035532605,0.41992383688235924,0.18718626828270155,-0.026420111094294572,0.5057806293662397
2025-10-05 04:00:00+00:00,0.35930940138009254,0.45014069095240006,0.4057513356009159,0.2566640862238974,0.3053756812013776,-0.09016696346686422,0.34948352214519113,0.27731949233787456,-0.22365301182494077,0.4941036777459967
2025-10-05 05:00:00+00:00,0.35930940138009254,0.45014069095240006,0.338382478733381,0.23918729929020655,0.29133714661794163,-0.09016696346686422,0.34948352214519113,0.27731949233787456,-0.14142857216507615,0.4818948058619471
2025-10-05 06:00:00+00:00,0.35930940138009254,0.45014069095240006,0.338382478733381,0.19205590208558335,0.29133714661794163,-0.22432325840655318,0.34948352214519113,0.25230085983211326,-0.06048583789100076,0.4649790804991107
2025-10-05 07:00:00+00:00,0.3500742282198734,0.35034701540401386,0.22561620971747673,0.11327996395490672,0.251675648091987,-0.2373972206313944,0.29770484983586215,0.19192259398077854,-0.08814637923751069,0.4754001031944923
2025-10-05 08:00:00+00:00,0.3188865752104891,0.1975347979397194,0.13373015960776613,0.03940892012395395,0.2387722334241279,-0.2502802570623832,0.2552733299342609,0.1667507144113342,-0.11232516526463691,0.41843724430670515
2025-10-05 09:00:00+00:00,0.3188865752104891,0.16178740770877661,0.11232516526463192,0.028691972653845613,0.24164336113949064,-0.2502802570623832,0.2514836321795219,0.1667507144113342,-0.0970438539626928,0.41289857442359756
2025-10-05 10:00:00+00:00,0.3188865752104891,0.14994144055998582,0.11232516526463192,0.01947518252053283,0.24164336113949064,-0.2502802570623832,0.2514836321795219,0.1647188643784963,-0.12981525510741107,0.4123612338799829
2025-10-05 11:00:00+00:00,0.3188865752104891,0.13872446115465073,0.11232516526463192,0.013090455584734921,0.24058916945568776,-0.2975308222086252,0.24729789289456047,0.16355094763371217,-0.12981525510741107,0.40775079121611046
2025-10-05 12:00:00+00:00,0.3188865752104891,0.1280368799332336,0.09316051410679771,0.006605926721731455,0.24058916945568776,-0.2975308222086252,0.2432043806345638,0.16173975660454457,-0.12981525510741107,0.4037773587032462
2025-10-05 13:00:00+00:00,0.3188865752104891,0.15403918779292775,0.09316051410679771,0.026697534997021394,0.2762782096654981,-0.2975308222086252,0.25777754352288695,0.1673673985849866,-0.12981525510741107,0.4377256923785902
2025-10-05 14:00:00+00:00,0.3188865752104891,0.17987628765691538,0.13611907505011195,0.05823523077244761,0.285962970739671,-0.2975308222086252,0.2647880631855884,0.17264064965530745,-0.06401843996653138,0.4844658881120097
2025-10-05 15:00:00+00:00,0.3188865752104891,0.20567712261861817,0.17780867543128362,0.07986319732835925,0.29578575834640336,-0.2514594403024864,0.28602202007553007,0.17264064965530745,-0.016046452180662436,0.5344251120270899
2025-10-05 16:00:00+00:00,0.3188865752104891,0.23156515713544426,0.2188673496789695,0.09121291139459763,0.31213242093930366,-0.2514594403024864,0.29647443960269865,0.17264064965530745,-0.016046452180662436,0.5344251120270899
2025-10-05 17:00:00+00:00,0.3188865752104891,0.2576615911741668,0.2598437130468051,0.12024084066871665,0.3235900506121398,-0.2514594403024864,0.29647443960269865,0.17788488643017844,-0.016046452180662436,0.5342215309886009
2025-10-05 18:00:00+00:00,0.3338925684585015,0.2576615911741668,0.3012423688869641,0.1368403614369709,0.32209814737246095,-0.2975308222086252,0.3099392575808076,0.17788488643017844,0.07295578322632601,0.5293307408830967
2025-10-05 19:00:00+00:00,0.347935724812283,0.27375436433218836,0.43325420887786603,0.15276846859661894,0.3241554336516527,-0.09704385396268458,0.31719859046021265,0.18793319952713877,0.10757249579481083,0.5255457938255801
2025-10-05 20:00:00+00:00,0.34799834474483027,0.29573402343049,0.43325420887786603,0.16011282749900946,0.33313002775114425,0.0329776542175502,0.32098811656338727,0.1642376323139809,0.17925163190628554,0.5226781582599502
2025-10-05 21:00:00+00:00,0.34799834474483027,0.31237800116706244,0.43325420887786603,0.16011282749900946,0.3305389385714891,0.08970891825745708,0.3276633702714224,0.1642376323139809,0.20597865962593878,0.5205807078498059
2025-10-05 22:00:00+00:00,0.34799834474483027,0.3224043715852174,0.43325420887786603,0.16011282749900946,0.34741584429549527,0.13872446115462952,0.33209653817772916,0.1642376323139809,0.20597865962593878,0.5221363738318887
2025-10-05 23:00:00+00:00,0.3634540648313203,0.3627111079072364,0.3387155032797998,0.09015067755260978,0.37018445265382266,0.2166067550398271,0.28752403643428964,0.12119587796509478,0.16123801655616718,0.5229499133612269
2025-10-06 00:00:00+00:00,0.40700917425998295,0.48124418011024617,0.3387155032797998,0.06833358384898812,0.28123589126583315,0.28913096171425573,0.3026947668702325,0.12119587796509478,0.16123801655616718,0.612738574127892
2025-10-06 01:00:00+00:00,0.40700917425998295,0.5745787269486093,0.3387155032797998,0.09015067755260978,0.2632496735810551,0.3511644933537412,0.3335719310703163,0.12119587796509478,0.16123801655616718,0.6491643073597246
2025-10-06 02:00:00+00:00,0.40700917425998295,0.49243860186049027,0.3387155032797998,0.06383888034158432,0.2815375092047877,0.26405538953642427,0.2930531485822122,0.10232862019931989,0.16123801655616718,0.6235633035884899
2025-10-06 03:00:00+00:00,0.40700917425998295,0.4051971627131787,0.22894674039771254,0.036491351245566156,0.24669113488956898,0.26405538953642427,0.27904020225972015,0.1398207815659833,0.16123801655616718,0.6027054694492919
2025-10-06 04:00:00+00:00,0.40700917425998295,0.36235321247681673,0.22894674039771254,0.051581815316071415,0.23754113842250285,0.26405538953642427,0.2591001612148588,0.1491826060711782,0.10335705177554298,0.6027054694492919
2025-10-06 05:00:00+00:00,0.40700917425998295,0.316727099608158,0.22894674039771254,0.06642757541477207,0.22635874078243196,0.26405538953642427,0.25169752531076434,0.1595169683411331,0.04289530288452251,0.5981576616755108
2025-10-06 06:00:00+00:00,0.40700917425998295,0.2670222905284313,0.13823103891425734,0.05011444303919766,0.21396596594271938,0.16000158027050912,0.2299396777186641,0.14696140106782543,-0.08266381043530996,0.5883193457160157
2025-10-06 07:00:00+00:00,0.40700917425998295,0.22904777673097856,0.13823103891425734,0.05011444303919766,0.2005793408984716,0.06568614054128781,0.19475210782875046,0.17276847889896668,-0.13966082912422764,0.5629858144367413
2025-10-06 08:00:00+00:00,0.40700917425998295,0.18559121718835797,0.13823103891425734,0.05011444303919766,0.16310621926287988,-0.0613077262181513,0.16118813769672213,0.15991831159422368,-0.19328660532902106,0.5629858144367413
2025-10-06 09:00:00+00:00,0.40700917425998295,0.173108323572768,0.13823103891425734,0.05011444303919766,0.15850333554514592,-0.09112432858123351,0.1525559388779837,0.16592635187074384,-0.2146522284570194,0.5593861906376701
2025-10-06 10:00:00+00:00,0.40866201333058594,0.16578254086752556,0.13823103891425734,0.05333386009017265,0.15810432603732125,-0.10174068401326011,0.14895336495198663,0.16938404606892712,-0.1815314089152551,0.5619392234115803
2025-10-06 11:00:00+00:00,0.40866201333058594,0.1585541654446752,0.13823103891425734,0.05945009672147435,0.15934309419350298,-0.11280734538351299,0.147014323704892,0.17214116042824315,-0.1815314089152551,0.5619392234115803
2025-10-06 12:00:00+00:00,0.41054932573314373,0.15140336139106633,0.1575867174165267,0.0654656502276547,0.15934309419350298,-0.12440837703898892,0.14507991376555063,0.17214116042824315,-0.20063774824740127,0.5593861906376701
2025-10-06 13:00:00+00:00,0.41054932573314373,0.17391232415429517,0.21035158095634218,0.0654656502276547,0.15289129919691458,-0.10248303061845218,0.15083563896952173,0.17214116042824315,-0.20063774824740127,0.573853518140463
2025-10-06 14:00:00+00:00,0.41054932573314373,0.19714729861450475,0.21035158095634218,0.0736016565016177,0.16626401196277227,-0.07990262303995842,0.15662962456762916,0.17214116042824315,-0.2383242609396668,0.573853518140463
2025-10-06 15:00:00+00:00,0.41054932573314373,0.22123893805369138,0.21035158095634218,0.08174221968731138,0.16626401196277227,-0.030714065955815984,0.16735153705747519,0.17696605148256103,-0.26128148646781885,0.5593861906376701
2025-10-06 16:00:00+00:00,0.41054932573314373,0.24633854784002066,0.21035158095634218,0.09848772037225913,0.172327822813645,0.019276189549452795,0.17222158703767315,0.181753067791736,-0.26128148646781885,0.5854683106410338
2025-10-06 17:00:00+00:00,0.41054932573314373,0.2907190682854008,0.21035158095634218,0.09848772037225913,0.17744994188323152,0.07119242997851156,0.18156672841607185,0.18608194593916427,-0.22382998963337283,0.5830388706345684
2025-10-06 18:00:00+00:00,0.41054932573314373,0.3817606547708445,0.21035158095634218,0.09848772037225913,0.15005456340183088,0.18682794717680343,0.1710634137337187,0.18608194593916427,-0.22382998963337283,0.5760715294825001
2025-10-06 19:00:00+00:00,0.4075203862242913,0.3972037192596818,0.21035158095634218,0.09848772037225913,0.13369891940755985,0.20425313364644787,0.1571150978890549,0.18608194593916427,-0.26128148646781885,0.5702818159833252
2025-10-06 20:00:00+00:00,0.4075203862242913,0.40346233151237965,0.21035158095634218,0.10486465965071466,0.1444421863968593,0.18682794717680343,0.14909644448007608,0.1821728213941944,-0.26128148646781885,0.5702818159833252
2025-10-06 21:00:00+00:00,0.4075203862242913,0.4004783125411279,0.1575867174165267,0.09848772037225913,0.13883457252159317,0.20425313364644787,0.14516785278614758,0.17779696385449797,-0.26128148646781885,0.5654832162171797
2025-10-06 22:00:00+00:00,0.4075203862242913,0.4004783125411279,0.106667720180341,0.10577275952861875,0.1475763539371593,0.20425313364644787,0.14516785278614758,0.18302112782798577,-0.28375297898403934,0.5654832162171797
2025-10-06 23:00:00+00:00,0.3759953041508733,0.43818605377780245,0.22894674039771254,0.12709985279865293,0.10593576096048456,0.2679492549358629,0.16193529416843716,0.16662477065553188,-0.28375297898403934,0.6101109143851348
2025-10-07 00:00:00+00:00,0.3759953041508733,0.3476715558529411,0.35459266504051185,0.10486465965071466,0.16582170980855582,0.41777407386078724,0.16193529416843716,0.18344974932326488,-0.21773457205651575,0.6101109143851348
2025-10-07 01:00:00+00:00,0.3759953041508733,0.30395639734800456,0.4865662689628398,0.10486465965071466,0.2556183909735372,0.41777407386078724,0.16193529416843716,0.16662477065553188,-0.1482489497183754,0.6447447923174202
2025-10-07 02:00:00+00:00,0.3759953041508733,0.340808512919316,0.32684369585038225,0.10486465965071466,0.23168053481023548,0.41777407386078724,0.16193529416843716,0.1493620698366986,-0.1482489497183754,0.6177162066887907
2025-10-07 03:00:00+00:00,0.3759953041508733,0.37624249233779133,0.15971082665916594,0.10486465965071466,0.23168053481023548,0.2555539251721912,0.14408331428143176,0.13202468267130527,-0.04354691441130314,0.56721882060839
2025-10-07 04:00:00+00:00,0.3759953041508733,0.39185642484777244,0.06158463695996349,0.09176260117820233,0.23168053481023548,0.1612380165566966,0.14408331428143176,0.12256850652475972,0.012337086042784318,0.5484391693912001
2025-10-07 05:00:00+00:00,0.3587942046099834,0.4071678036001971,-0.047423467767883476,0.09176260117820233,0.18259476685043127,0.046758542216119615,0.13438480097096073,0.12256850652475972,0.012337086042784318,0.5299995102475284
2025-10-07 06:00:00+00:00,0.3587942046099834,0.38746983413612024,-0.047423467767883476,0.10815041765528939,0.14850836328948255,0.11210646280256627,0.13438480097096073,0.13497745813127857,0.012337086042784318,0.5002751985211746
2025-10-07 07:00:00+00:00,0.3587942046099834,0.3359658956713453,-0.047423467767883476,0.12502584299904168,0.16574605776302254,0.17420030147098406,0.13438480097096073,0.13497745813127857,0.06931122212182944,0.430403371868446
2025-10-07 08:00:00+00:00,0.385520704760841,0.3359658956713453,-0.047423467767883476,0.12502584299904168,0.18347333535631127,0.17420030147098406,0.13438480097096073,0.12226723157542668,0.06931122212182944,0.3493408036744773
2025-10-07 09:00:00+00:00,0.385520704760841,0.3359658956713453,-0.047423467767883476,0.1297296789027136,0.17453279019729906,0.15106030644144358,0.13438480097096073,0.11338366511791285,0.06931122212182944,0.3377853592579242
2025-10-07 10:00:00+00:00,0.3833693560547669,0.3307440412854378,-0.07950542444237686,0.11924655866436545,0.17052013832006782,0.14094170947770557,0.12887124140861891,0.10419600222569725,0.05028364551548735,0.3342324005127594
2025-10-07 11:00:00+00:00,0.3833693560547669,0.32566749883622986,-0.12094982593517445,0.10658075096891333,0.16659463810504505,0.13081100362634326,0.123434791276623,0.09616072272273192,0.037272009264044496,0.33134014032407594
2025-10-07 12:00:00+00:00,0.3803752564805173,0.32350157364646587,-0.17958267458789154,0.09843401759214115,0.15887328524317848,0.12142684233029573,0.12164433139172515,0.09538948879895953,0.0366571599484446,0.3343134516764712
2025-10-07 13:00:00+00:00,0.3880845401812893,0.3348660627801658,-0.18961818525661198,0.10734455133583479,0.17471294087858996,0.16676027333870616,0.12786063438635267,0.08552669961491689,0.038625264332990884,0.35879950431708496
2025-10-07 14:00:00+00:00,0.39670234999486925,0.34758767117282413,-0.20084912717697492,0.10740023164766004,0.18070589074181104,0.2229255954887145,0.1348010506540771,0.06784170644526859,0.04081951435167253,0.3866834171229504
2025-10-07 15:00:00+00:00,0.4064011708167452,0.36192673327565567,-0.21350420507370982,0.10747207779387676,0.2142444980383952,0.22740226283411585,0.12788834636830654,0.0475763451669668,0.09150180217445185,0.448729369023407
2025-10-07 16:00:00+00:00,0.41740062817146617,0.3782152647188457,-0.22787491675972468,0.1075651581856148,0.2111970569585714,0.23247936068453198,0.11270652155571403,0.02412103065834626,0.09742704028901221,0.4443427387785526
2025-10-07 17:00:00+00:00,0.42998497986611783,0.3785672889375524,-0.2443388887130042,0.08542723956248614,0.18518885922928052,0.23828829353812675,0.08735074232296901,-0.012399674522063201,0.05446589566568887,0.4266772110920846
2025-10-07 18:00:00+00:00,,,,,,,,,,
2025-10-07 19:00:00+00:00,,,,,,,,,,
2025-10-07 20:00:00+00:00,,,,,,,,,,
2025-10-07 21:00:00+00:00,,,,,,,,,,
2025-10-07 22:00:00+00:00,,,,,,,,,,
2025-10-07 23:00:00+00:00,,,,,,,,,,
2025-10-08 00:00:00+00:00,,,,,,,,,,
2025-10-08 01:00:00+00:00,,,,,,,,,,
2025-10-08 02:00:00+00:00,,,,,,,,,,
2025-10-08 03:00:00+00:00,,,,,,,,,,
2025-10-08 04:00:00+00:00,,,,,,,,,,
2025-10-08 05:00:00+00:00,,,,,,,,,,
2025-10-08 06:00:00+00:00,,,,,,,,,,
2025-10-08 07:00:00+00:00,,,,,,,,,,
2025-10-08 08:00:00+00:00,,,,,,,,,,
2025-10-08 09:00:00+00:00,,,,,,,,,,
2025-10-08 10:00:00+00:00,,,,,,,,,,
2025-10-08 11:00:00+00:00,,,,,,,,,,
2025-10-08 12:00:00+00:00,,,,,,,,,,
2025-10-08 13:00:00+00:00,,,,,,,,,,
2025-10-08 14:00:00+00:00,,,,,,,,,,
2025-10-08 15:00:00+00:00,,,,,,,,,,
2025-10-08 16:00:00+00:00,,,,,,,,,,
2025-10-08 17:00:00+00:00,,,,,,,,,,
2025-10-08 18:00:00+00:00,,,,,,,,,,
2025-10-08 19:00:00+00:00,0.475330345758671,0.45474752048987965,0.41989768220973106,0.2185818155098395,0.3980608906357067,0.3512958160743272,0.2481361575302831,0.21476716403737947,0.31215724199076833,0.5177367775375514
2025-10-08 20:00:00+00:00,0.48534074375079733,0.44315921090188676,0.45013797742279815,0.2615400937970816,0.4294351793661843,0.3779761904765605,0.29490990271182194,0.24396140318014956,0.286907791336146,0.5401039513025329
2025-10-08 21:00:00+00:00,0.5005109966116988,0.456755632959564,0.47433896490600097,0.28794348218308646,0.4198305560111126,0.40012926806033217,0.33108066292126226,0.26110865009313505,0.31150732975909345,0.5583792956974994
2025-10-08 22:00:00+00:00,0.5168293237188494,0.4775941366345683,0.4942026757796409,0.2900026799387952,0.4350999489878907,0.4188213717696224,0.32031910622557214,0.2287429957098816,0.22522166589982057,0.5729719684945872
2025-10-08 23:00:00+00:00,0.5066195038502296,0.45526692187417245,0.4571968156636816,0.2150665015804696,0.39007160132936347,0.3824891478995148,0.25104558929477355,0.14617451224522623,0.21007323865264554,0.5636061574439816
2025-10-09 00:00:00+00:00,0.4762536532293292,0.3563756509234063,0.31745703310508305,0.14212171031701812,0.37418052871416,0.35091663186207206,0.184381202706908,0.0754314479180857,0.19662975313334272,0.5417813424300281
2025-10-09 01:00:00+00:00,0.42008186688610505,0.22751086574024687,0.27481011733572364,0.05714673094635667,0.26628132725825077,0.1833334801788594,0.07208922902163754,-0.01463407527569359,0.09253731343290425,0.4967627462566607
2025-10-09 02:00:00+00:00,0.3706427455889695,0.1380043499657377,0.34290379960977585,0.14814883938126633,0.15602115096760044,-0.04554087895203847,0.17150813911532428,0.048800339253159394,-0.1182624791979262,0.4902480424191412
2025-10-09 03:00:00+00:00,0.47654067290010177,0.28301428829435377,0.46537892099593886,0.1760862452953506,0.2544871947859508,0.09304842103992571,0.19170741947552203,0.0688221846537109,0.11693736757859625,0.5619916583829296
2025-10-09 04:00:00+00:00,0.5483934802400241,0.32457764764518543,0.46537892099593886,0.1760862452953506,0.29698192641579463,0.09304842103992571,0.20378567649968027,0.0688221846537109,0.18844459036127673,0.6104611356961214
2025-10-09 05:00:00+00:00,0.5050332701918618,0.3644471480627379,0.46537892099593886,0.09695559213997557,0.2663877837781525,0.09304842103992571,0.19072303597674542,0.0688221846537109,0.11693736757859625,0.5766907341426375
2025-10-09 06:00:00+00:00,0.4236880140424048,0.38506269922251996,0.46537892099593886,0.03214459972263149,0.24902769258929414,0.0,0.14418994137712754,0.054841493999065676,0.11693736757859625,0.4626928288602531
2025-10-09 07:00:00+00:00,0.34838132525182053,0.34828628592747973,0.35551412521279635,0.0021608047761451734,0.21271787501642248,-0.07224596248947615,0.12396387598434042,0.037351649738434876,0.07703478906273334,0.34819909733654647
2025-10-09 08:00:00+00:00,0.24569878505321685,0.3155346339569855,0.26275398378783105,-0.026009594681804613,0.19689703357869232,-0.09818338144442207,0.09805063977179322,0.02019095757651035,0.03967898313717478,0.24759748096268913
2025-10-09 09:00:00+00:00,0.22729728332863808,0.30439863923322125,0.216886875133579,-0.034841397116746296,0.1832536083460885,-0.09818338144442207,0.09805063977179322,0.02636204120896088,0.03967898313717478,0.18228866764359067
2025-10-09 10:00:00+00:00,0.21315600300312415,0.30439863923322125,0.216886875133579,-0.034841397116746296,0.16508493479632128,-0.1483962829861234,0.09805063977179322,0.038368590648211506,0.0063478310548314475,0.1447474593938813
2025-10-09 11:00:00+00:00,0.19874754631736352,0.30439863923322125,0.17316743975223192,-0.034841397116746296,0.1312961168048247,-0.1882254779911987,0.09805063977179322,0.038368590648211506,-0.027781350712123305,0.08793430201936765
2025-10-09 12:00:00+00:00,0.2044652050276423,0.30439863923322125,0.17581799102354964,-0.033973414493465665,0.13574118193589987,-0.1882254779911987,0.09761628075689266,0.03699945157735832,-0.022117704036094834,0.09502684007407114
2025-10-09 13:00:00+00:00,0.20625862314412932,0.3024025247417238,0.1791843280296077,-0.03295255151086759,0.1375445645431653,-0.16727057025668762,0.09719108674521158,0.03670754356315692,-0.022117704036094834,0.09656625383821198
2025-10-09 14:00:00+00:00,0.20823479154441374,0.3024025247417238,0.1791843280296077,-0.030820893976779173,0.13796222694811597,-0.14850458424190108,0.09719108674521158,0.03649904304990393,-0.017436851272668114,0.09827951402137144
2025-10-09 15:00:00+00:00,0.22598622323227743,0.30660780530050813,0.21017865101629107,-0.024507742851429388,0.16762149135651283,-0.1531697295153792,0.08239514967701002,0.010309805941942186,-0.004352999548229767,0.11310448977182512
2025-10-09 16:00:00+00:00,0.25013121579162295,0.30660780530050813,0.21017865101629107,-0.0024180397109749767,0.18453497343788103,0.03383761209520422,0.08239514967701002,0.010309805941942186,-0.0441304375772952,0.14748044617927966
2025-10-09 17:00:00+00:00,0.2690024233709394,0.30660780530050813,0.15872240565400986,0.00839108400770493,0.23583806976800217,0.12854475237440838,0.07476861038045098,0.0026036242622084873,-0.004116992997995795,0.1637108667161435
2025-10-09 18:00:00+00:00,0.2875672128061086,0.31271559142219957,0.1079295775489064,-0.0024180397109749767,0.23067194966750637,0.18424994048595744,0.07476861038045098,-0.005261746422324846,0.03104851498506729,0.1637108667161435
2025-10-09 19:00:00+00:00,0.3001622373999129,0.32303480306571064,0.1079295775489064,-0.013480570993211516,0.22542910189026003,0.23381738738629954,0.07476861038045098,0.017988009298198746,0.06553164488456487,0.13602656638980054
2025-10-09 20:00:00+00:00,0.3001622373999129,0.32564656779326684,0.1079295775489064,-0.013480570993211516,0.22542910189026003,0.27962443406098564,0.04396120073879195,0.02539336392886988,0.09974555041122414,0.14923971848460846
2025-10-09 21:00:00+00:00,0.17610265916211426,0.21457555142007886,0.09593483678837476,-0.06898566674951118,0.19458799695409182,0.23997018125055095,-0.037890935300985217,-0.030679262430038042,0.06438233137199448,0.06710701051814373
2025-10-09 22:00:00+00:00,0.17610265916211423,0.20569081518086432,0.09593483678837476,-0.056985774563637404,0.22852238412716674,0.2768301426273893,-0.04762440359583937,-0.022557033369284364,0.1452999533905351,0.08413202485462604
2025-10-09 23:00:00+00:00,0.20102366178595693,0.20569081518086432,0.09593483678837476,-0.056985774563637404,0.2611426075343307,0.338285160529734,-0.06494245887256671,-0.014568635823454804,0.18450797763219817,0.12314495091309971
2025-10-10 00:00:00+00:00,0.2308537035487558,0.20569081518086432,0.16848946289121866,-0.056985774563637404,0.2385692136885961,0.40228237381655274,-0.07313133667292554,0.002060099814450973,0.18450797763219817,0.14598861279422398
2025-10-10 01:00:00+00:00,0.283601807357787,0.20569081518086432,0.16848946289121866,-0.07666029876072303,0.2788372445363689,0.5786675541213372,-0.07313133667292554,0.017916160770494745,0.27070361451106034,0.18686349398801483
2025-10-10 02:00:00+00:00,0.3744809280451995,0.276957215970543,0.1195114794298352,-0.03445879600384117,0.36401761898527435,0.7786243439077085,-0.03381584438655696,0.06695753965029298,0.407679098300749,0.27704956967774275
2025-10-10 03:00:00+00:00,0.3238347014416582,0.2521304493405045,-0.013284614012800768,-0.09237046806638179,0.34754354670197135,0.6979102031681748,-0.056631758788035794,0.04720357223985462,0.407679098300749,0.23749161972670793
2025-10-10 04:00:00+00:00,0.2942089625718831,0.2521304493405045,-0.013284614012800768,-0.11256300234619387,0.30985779531164853,0.615948683172454,-0.07202850752760495,0.034521971436188265,0.36948187226551726,0.21425089931951624
2025-10-10 05:00:00+00:00,0.2629454673267744,0.2521304493405045,-0.013284614012800768,-0.11256300234619387,0.28389693636875546,0.5730778949846402,-0.07202850752760495,-0.04731700321770157,0.30191412189451255,0.15964471378528935
2025-10-10 06:00:00+00:00,0.2629454673267744,0.21652033127445883,-0.013284614012800768,-0.12977079878056177,0.25382668839718153,0.5033500793132991,-0.057999322161649915,-0.060675122108541306,0.23319953360161114,0.08542282161229679
2025-10-10 07:00:00+00:00,0.21674008075789064,0.21652033127445883,-0.013284614012800768,-0.14603947255074406,0.20556687911731286,0.4327919563246164,-0.057999322161649915,-0.060675122108541306,0.30191412189451255,0.014283393288324625
2025-10-10 08:00:00+00:00,0.21674008075789064,0.21652033127445883,-0.013284614012800768,-0.16195250047716755,0.14223899009687604,0.36047384628556944,-0.057999322161649915,-0.060675122108541306,0.30191412189451255,-0.01873829222503933
2025-10-10 09:00:00+00:00,0.19627346860565195,0.21652033127445883,-0.013284614012800768,-0.16195250047716755,0.11080260887047513,0.3569826316101661,-0.057999322161649915,-0.06607919753446068,0.27559944880190407,-0.032301538399751216
2025-10-10 10:00:00+00:00,0.1812417404735294,0.2238821555675755,-0.013284614012800768,-0.15414151672402615,0.11080260887047513,0.3598566723316648,-0.057999322161649915,-0.07218933901964815,0.24925995466014364,-0.06107865399211635
2025-10-10 11:00:00+00:00,0.16589137376982174,0.2238821555675755,-0.013284614012800768,-0.16195250047716755,0.1163286492216899,0.35701241598683503,-0.057999322161649915,-0.07218933901964815,0.24925995466014364,-0.0753466265580503
2025-10-10 12:00:00+00:00,0.17625487846998228,0.2238821555675755,-0.026780377529237367,-0.16195250047716755,0.1163286492216899,0.3907728445430066,-0.057999322161649915,-0.0682872125859134,0.24925995466014364,-0.0753466265580503
2025-10-10 13:00:00+00:00,0.17625487846998228,0.2277681406912624,-0.026780377529237367,-0.15823902065397757,0.11521955108812613,0.4082268550442544,-0.057999322161649915,-0.0682872125859134,0.24925995466014364,-0.06974833190109571
2025-10-10 14:00:00+00:00,0.17625487846998228,0.23044499014928707,-0.026780377529237367,-0.16195250047716753,0.11670095149120233,0.4277266175431021,-0.060476236049044556,-0.0682872125859134,0.24925995466014364,-0.06433943105989301
2025-10-10 15:00:00+00:00,0.17625487846998228,0.23317335990275917,-0.026780377529237367,-0.15823902065397757,0.1223091688061313,0.4277266175431021,-0.060476236049044556,-0.0682872125859134,0.24925995466014364,-0.05909925358306587
2025-10-10 16:00:00+00:00,0.17625487846998228,0.24719101123613102,-0.09500317490413268,-0.15823902065397757,0.13261708125200844,0.32842833090265816,-0.060476236049044556,-0.058148999440840725,0.34806331300984067,-0.03600633767310773
2025-10-10 17:00:00+00:00,0.17625487846998228,0.2598106626413568,-0.09500317490413268,-0.15823902065397757,0.12348776404207466,0.2926095119923188,-0.04956252228776764,-0.058148999440840725,0.34806331300984067,0.008722957588563196
2025-10-10 18:00:00+00:00,0.22028102550025552,0.26797837301300315,-0.026780377529237367,-0.1446418521469638,0.11380284038828103,0.19245831145767747,-0.060476236049044556,-0.058148999440840725,0.34806331300984067,0.05092065106886442
2025-10-10 19:00:00+00:00,0.24920335817546788,0.26797837301300315,-0.09500317490413268,-0.1306980338505331,0.12309112137700469,0.14720510145404697,-0.060476236049044556,-0.06847304954388608,0.34806331300984067,0.09114179196833351
2025-10-10 20:00:00+00:00,0.26041700107022053,0.26797837301300315,-0.09500317490413268,-0.1306980338505331,0.10467549106415631,0.0950031749041248,-0.04956252228776764,-0.10076195430964638,0.38289542637714974,0.09114179196833351
2025-10-10 21:00:00+00:00,0.36138353948961177,0.3803948415984112,-0.1344656197434566,-0.08235991784177775,0.17572903327305617,0.1318320110755556,0.010912193659726562,-0.05423261445473275,0.3860152793474718,0.15323671347255652
2025-10-10 22:00:00+00:00,0.37730913118356013,0.38704695285618534,-0.20109991663533458,-0.08235991784177775,0.1513258484954967,0.060633906259129476,0.010912193659726562,-0.06347388368600058,0.3860152793474718,0.16952397665295368
2025-10-10 23:00:00+00:00,0.37730913118356013,0.38704695285618534,-0.20109991663533458,-0.06149400462686604,0.1513258484954967,-0.07075491376839378,0.031038789891317434,-0.06347388368600058,0.33011264588705724,0.16952397665295368
2025-10-11 00:00:00+00:00,0.37730913118356013,0.40675414957463696,-0.2398414889223619,-0.06149400462686604,0.19202528934726196,-0.19941753655872038,0.031038789891317434,-0.07160317687071147,0.26160832178520455,0.21869705483641805
2025-10-11 01:00:00+00:00,0.37730913118356013,0.43873974201922833,-0.2398414889223619,-0.017966094758386255,0.31720075306689105,-0.294058817646123,0.050360806985377704,-0.08729436077653864,0.34604609398153474,0.31158377159648437
2025-10-11 02:00:00+00:00,0.29390360649021124,0.36522125089746965,-0.3377299031894859,-0.08873470033673157,0.196909341368383,-0.2891216547916542,-0.04027241434683589,-0.15696811130627897,0.3710652567953509,0.30073481393514545
2025-10-11 03:00:00+00:00,0.29390360649021124,0.3410124889700727,-0.3377299031894859,-0.08873470033673157,0.23633316167280005,-0.16720105938917243,-0.04027241434683589,-0.1333120616232693,0.29973823773350083,0.214848523124554
2025-10-11 04:00:00+00:00,0.29390360649021124,0.32708393222802695,-0.3377299031894859,-0.11042363594827831,0.24862455885129975,-0.09953452035832352,-0.04027241434683589,-0.11756410166754235,0.23606684260957045,0.15669620412485252
2025-10-11 05:00:00+00:00,0.29390360649021124,0.3127869205736774,-0.2313355642773156,-0.11042363594827831,0.23344458128750256,-0.09953452035832352,-0.056023908635883635,-0.06309151753001076,0.23606684260957045,0.12106327373390496
2025-10-11 06:00:00+00:00,0.26734874466577074,0.33147574528076545,-0.2313355642773156,-0.11042363594827831,0.18036334034614385,-0.02876867990127502,-0.07088168082511338,-0.05005700911800715,0.15460182788359514,0.16566808806183697
2025-10-11 07:00:00+00:00,0.298094956848463,0.30856937584332605,-0.2313355642773156,-0.11042363594827831,0.2146417014539408,0.04622400851387169,-0.08527004924669432,-0.03681655687584726,0.009589559967092405,0.16566808806183697
2025-10-11 08:00:00+00:00,0.312684295659447,0.3067554838333439,-0.20534841375449553,-0.08334853206497969,0.24708714612753696,0.12871576949503663,-0.060001374116380075,-0.01159639794102049,0.00492818170275841,0.15406168120680835
2025-10-11 09:00:00+00:00,0.32828241699029026,0.29463746685852304,-0.20534841375449553,-0.07372991999530643,0.2662108400009493,0.12871576949503663,-0.060001374116380075,-0.0046168681523400925,-0.031969936818541426,0.15406168120680835
2025-10-11 10:00:00+00:00,0.33922474289370436,0.27635846790824575,-0.20534841375449553,-0.07372991999530643,0.2662108400009493,0.12871576949503663,-0.0446320618045184,-0.0046168681523400925,-0.031969936818541426,0.1837327912537462
2025-10-11 11:00:00+00:00,0.33922474289370436,0.27635846790824575,-0.16831747726265328,-0.07372991999530643,0.2602555833585462,0.12871576949503663,-0.0446320618045184,0.00244973166565513,-0.031969936818541426,0.19984183040049275
2025-10-11 12:00:00+00:00,0.33922474289370436,0.27635846790824575,-0.1621171687535491,-0.07372991999530643,0.2602555833585462,0.12556231701612028,-0.0446320618045184,0.0018445047011655684,-0.029683695570928138,0.19484930813437545
2025-10-11 13:00:00+00:00,0.33383386727283876,0.27781766369917266,-0.1621171687535491,-0.07372991999530643,0.2579672356408364,0.12556231701612028,-0.0446320618045184,0.0012420779060528537,-0.02759114061953457,0.19442953164023385
2025-10-11 14:00:00+00:00,0.33383386727283876,0.27781766369917266,-0.1621171687535491,-0.07270829392911343,0.2557934580473329,0.12871576949503663,-0.04512503015298405,0.0006313990749553267,-0.029683695570928138,0.19418708485348657
2025-10-11 15:00:00+00:00,0.33383386727283876,0.2774743254754386,-0.16831747726265328,-0.07270829392911343,0.25693329466392906,0.12871576949503663,-0.04512503015298405,0.00031797505403021234,-0.02759114061953457,0.19412475122895625
2025-10-11 16:00:00+00:00,0.33383386727283876,0.2887038190984685,-0.11888592375260267,-0.06081865142866298,0.26460126721974997,0.1662852306430467,-0.04512503015298405,-0.015865851728384235,-0.02759114061953457,0.19412475122895628
2025-10-11 17:00:00+00:00,0.33383386727283876,0.30520387211325506,-0.0722924184836403,-0.049255481348988085,0.26460126721974997,0.1662852306430467,-0.04512503015298405,-0.024227753647648554,-0.02759114061953457,0.19412475122895628
2025-10-11 18:00:00+00:00,0.32589545516884555,0.30520387211325506,-0.0722924184836403,-0.049255481348988085,0.2711754980322662,0.2020554498130793,-0.03627449997565532,-0.024227753647648557,-0.02759114061953457,0.19412475122895628
2025-10-11 19:00:00+00:00,0.32589545516884555,0.30520387211325506,-0.027741012122068965,-0.049255481348988085,0.2711754980322662,0.2020554498130793,-0.027517411887002862,-0.03278673286283732,0.04486318314150505,0.19412475122895628
2025-10-11 20:00:00+00:00,0.32516137550605223,0.3019884180248467,-0.027741012122068965,-0.049255481348988085,0.2766432596311969,0.2020554498130793,0.005281634599018232,-0.024227753647648557,0.07510194310212662,0.19412475122895628
2025-10-11 21:00:00+00:00,0.32516137550605223,0.3019884180248467,0.015407322717866092,-0.03799257621540183,0.2766432596311969,0.23657753245674443,0.03437753357669132,-0.0076651235415815325,0.13328007902334,0.19412475122895628
2025-10-11 22:00:00+00:00,0.33333056205791833,0.30717985523754743,0.05769079430496311,-0.01635931226550825,0.2884712597346623,0.23657753245674443,0.056174710546626754,0.008305956439709775,0.16426450958375616,0.19412475122895628
2025-10-11 23:00:00+00:00,0.33333056205791833,0.33177977191353375,0.09958589590300837,-0.0059624239607824385,0.3111555591044843,0.2920061015462898,0.06422281598224139,0.02490215294004168,0.2385364123734308,0.21989825480945863
2025-10-12 00:00:00+00:00,0.33333056205791833,0.3813042033245601,0.15504595367654156,0.028329552494445222,0.2843786567505982,0.4934389171248149,0.08161485078053245,0.02490215294004168,0.3708512670950806,0.18994579188373575
2025-10-12 01:00:00+00:00,0.2945627177030822,0.44503922556061554,0.24600246676841747,0.05245291337916586,0.24669692408538865,0.5862722545633549,0.09812415458126345,0.0417119045848544,0.3708512670950806,0.09753461593033452
2025-10-12 02:00:00+00:00,0.2946003029506393,0.5910453957768693,0.601785718234707,0.19899088841773765,0.3504833701945497,0.7355158778423622,0.15192306439715303,0.10722768810555691,0.41800391472758225,0.04134200339784869
2025-10-12 03:00:00+00:00,0.3662691278663769,0.5366279116062881,0.45454545454564615,0.0118536340960532,0.2952800649645237,0.6625413488701214,0.13113169126398913,0.08385620258834618,0.3309373504153832,0.1397855611824219
2025-10-12 04:00:00+00:00,0.3874875837575815,0.5083295333922557,0.3593073842931039,-0.07532443444871907,0.2685478843638347,0.6625413488701214,0.11781254793821588,0.03540032907759297,0.25071326821142825,0.19562902491366715
2025-10-12 05:00:00+00:00,0.408239326455431,0.4792576801856395,0.19179334971571357,-0.10649350649338948,0.23115869750995882,0.5395720090562087,0.0878941786842461,0.03540032907759297,0.16772706914025065,0.24712217194727995
2025-10-12 06:00:00+00:00,0.4325081031862559,0.4381459312419804,0.053935988997397634,-0.13429295209336545,0.20903202406522653,0.42211588240918846,0.0878941786842461,0.03540032907759297,0.16772706914025065,0.3232839036151262
2025-10-12 07:00:00+00:00,0.4044752261723692,0.40408172677854176,0.053935988997397634,-0.13429295209336545,0.10953415904532832,0.30760647245310685,0.0878941786842461,2.1327818984766385e-13,0.16772706914025065,0.35874857762862233
2025-10-12 08:00:00+00:00,0.4044752261723692,0.365638734892341,0.053935988997397634,-0.12207792207772417,0.10953415904532832,0.2548235957193593,0.0878941786842461,2.1327818984766385e-13,0.12893167424417692,0.35874857762862233
2025-10-12 09:00:00+00:00,0.39083173575931013,0.34936547623429776,0.053935988997397634,-0.1357667186053456,0.09191308977696419,0.20240972548214753,0.07980957969225902,-0.00815077605098951,0.12893167424417692,0.35874857762862233
2025-10-12 10:00:00+00:00,0.3674626569759429,0.33724583036516337,-0.022792115291946344,-0.16861172055269755,0.09848438783446105,0.20240972548214753,0.05726622011752268,-0.02437882031145225,0.12893167424417692,0.3194221723998898
2025-10-12 11:00:00+00:00,0.3674626569759429,0.31680162030353737,-0.12727272727322453,-0.16861172055269755,0.11225160503529016,0.20240972548214753,0.04214957180004455,-0.057473490268511465,0.12893167424417692,0.30644487913828133
2025-10-12 12:00:00+00:00,0.36843453825920813,0.3297372925361583,-0.12727272727322453,-0.16861172055269755,0.10743138264178759,0.20240972548214753,0.04341003752739582,-0.05591218395497973,0.12091951496157605,0.30846414218622503
2025-10-12 13:00:00+00:00,0.3742870580782994,0.33469285640094837,-0.12727272727322453,-0.1705605730847971,0.10379086856741851,0.20240972548214753,0.04468751818349505,-0.05277593965607083,0.11396057645974013,0.3044237511367283
2025-10-12 14:00:00+00:00,0.3757045397876979,0.3399881061632395,-0.12727272727322453,-0.17261097340614776,0.09884541134126001,0.2132007163565106,0.04540182227417554,-0.050611814362401426,0.12091951496157605,0.301190172849956
2025-10-12 15:00:00+00:00,0.37727256524785335,0.33469285640094837,-0.16346059949967467,-0.17320508075686958,0.09453310606959324,0.2132007163565106,0.04482334681948399,-0.050611814362401426,0.09916341085324312,0.3013494158098018
2025-10-12 16:00:00+00:00,0.39338605616286704,0.33469285640094837,-0.16346059949967467,-0.19363909419496644,0.06680713598958385,0.2132007163565106,0.04482334681948399,-0.04101542108054177,0.09916341085324312,0.31329235098864183
2025-10-12 17:00:00+00:00,0.37727256524785335,0.30358361188396527,-0.16346059949967467,-0.21499086067156561,0.05791121225802377,0.2132007163565106,0.03619012328006838,-0.04101542108054177,0.09916341085324312,0.31329235098864183
2025-10-12 18:00:00+00:00,0.3648098677439657,0.26183268818638106,0.0,-0.19363909419496644,0.04885673043204095,0.2473154723058074,0.02746693083881661,-0.04101542108054177,0.09916341085324312,0.31329235098864183
2025-10-12 19:00:00+00:00,0.337588959471267,0.23649251401282273,0.0930353147051515,-0.19363909419496644,0.04885673043204095,0.2473154723058074,0.009758763638972451,-0.031409347099106553,0.058501793930222784,0.31329235098864183
2025-10-12 20:00:00+00:00,0.33111249642366536,0.22532028485994715,0.16346059950051087,-0.21499086067156561,0.04885673043204095,0.27865221840791426,-0.0380902075118266,-0.031409347099106553,0.011902794012883019,0.31329235098864183
2025-10-12 21:00:00+00:00,0.33113494175432767,0.21375616857748134,0.16346059950051087,-0.21499086067156561,0.030341364322765144,0.3081497316767872,-0.08288882771076223,-0.04115630744158218,-0.043979949713394126,0.32204532013460635
2025-10-12 22:00:00+00:00,0.3222500925754343,0.20173100955831913,0.16346059950051087,-0.28810406552022605,-0.05844875814297819,0.39650882882623373,-0.10455975351293284,-0.05043808908655397,-0.16143858026131766,0.32204532013460635
2025-10-12 23:00:00+00:00,0.3222500925754343,0.14625448482588568,0.16346059950051087,-0.29752101433941147,-0.09478826266924013,0.46319051646844395,-0.12043672009405856,-0.07442874410419392,-0.205190051619846,0.3368271993786364
2025-10-13 00:00:00+00:00,0.3222500925754343,0.0917364944588601,0.2962974987952975,-0.30226968741381877,-0.08636538684180674,0.5387480593557089,-0.12043672009405856,-0.066899360800493,-0.205190051619846,0.358426014975783
2025-10-13 01:00:00+00:00,0.3709298219428563,0.006186882248795627,0.2962974987952975,-0.33426866019768,-0.12085919111247692,0.4160863961496747,-0.1028995092467318,-0.066899360800493,-0.27091763256845025,0.4396687095951347
2025-10-13 02:00:00+00:00,0.42321696689220933,-0.031433568554314256,0.2962974987952975,-0.38943673505285586,-0.1836580409799171,0.4160863961496747,-0.06619033923205274,-0.066899360800493,-0.27091763256845025,0.5318431562572308
2025-10-13 03:00:00+00:00,0.33949185441876395,0.06831134547284398,0.46523401396248765,-0.16393633103481217,-0.1573313614334311,0.4160863961496747,-0.09723007586674783,-0.11961032554791441,-0.15374122295729756,0.4670027031277959
2025-10-13 04:00:00+00:00,0.3284148918514552,0.1319257225342969,0.44865158504880465,-0.03161809746938953,-0.0888748464913813,0.322831998986291,-0.07160493827159599,-0.0802148267315667,0.024507154069813193,0.39827607549074123
2025-10-13 05:00:00+00:00,0.26848377470873624,0.15727568816919496,0.44865158504880465,0.042639035778057464,-0.017154063457110177,0.322831998986291,-0.01544617446711885,-0.09650579874428783,0.14383899044573017,0.3370682771700277
2025-10-13 06:00:00+00:00,0.1891538405689032,0.22793271635801365,0.44865158504880465,0.16972502573918752,0.10104558481312471,0.22222222222238144,0.05580133812396615,-0.09650579874428783,0.2076106032102377,0.266234373583363
2025-10-13 07:00:00+00:00,0.1891538405689032,0.3102646163045846,0.44865158504880465,0.2677841622880628,0.23831323176115857,0.13267687999538275,0.07448717120312874,-0.08191668608054334,0.3268228676414146,0.2169304578188451
2025-10-13 08:00:00+00:00,0.1891538405689032,0.3489723173067329,0.44865158504880465,0.29973963838567363,0.28204060142616866,0.09192771195545116,0.09317756533662082,-0.07522330321366916,0.38331077069054803,0.2169304578188451
2025-10-13 09:00:00+00:00,0.2089817718927874,0.3678758135130513,0.44865158504880465,0.34819647634580003,0.34123700910634147,0.05438817504881565,0.10311832101392195,-0.061288728201634286,0.4437167794101159,0.1931370047859724
2025-10-13 10:00:00+00:00,0.22891723564455171,0.38310741720519426,0.44865158504880465,0.3923265908912673,0.3480389049161062,-0.015240998561984841,0.13072921506066332,-0.02307723342381494,0.4634811914362418,0.1931370047859724
2025-10-13 11:00:00+00:00,0.22891723564455171,0.40979151591634927,0.44971201491493235,0.42439559195181753,0.3532086285508399,-0.0902202783968603,0.15933395364093694,-0.0010468679223590628,0.4634811914362418,0.15226594422192913
2025-10-13 12:00:00+00:00,0.22558927217473296,0.41061319467491797,0.4016427173847782,0.4103811144936008,0.3474756221284332,-0.08349657214474708,0.15807936931124558,-0.0021004278483519575,0.4634811914362418,0.15368749546188865
2025-10-13 13:00:00+00:00,0.2225306501600933,0.4116720310555716,0.4016427173847782,0.40200524360476125,0.34148372955930195,-0.07728981596008414,0.15715888778714143,-0.0042766686607349,0.4526019054851757,0.15368749546188865
2025-10-13 14:00:00+00:00,0.21972981055937593,0.41298004762124546,0.3663005490852146,0.3963109048538175,0.33961925951136573,-0.07149933152090646,0.15584423361059055,-0.006539300770339232,0.4634811914362418,0.1511296918620988
2025-10-13 15:00:00+00:00,0.20496346062202073,0.41070489320681974,0.36419976588812863,0.3290048056523727,0.3019557304242628,-0.0916982111824911,0.15152662942018516,-0.0021634229722636757,0.4747219471240124,0.1446609597787002
2025-10-13 16:00:00+00:00,0.18035147422828335,0.3973934399175801,0.36419976588812863,0.2440009761976781,0.27647457467721415,-0.04392334743804795,0.13147521804647147,-0.02118904443890627,0.4559497566172363,0.1446609597787002
2025-10-13 17:00:00+00:00,0.18035147422828335,0.3840844163467502,0.39286236268328506,0.17247868573076802,0.23371455067434282,0.003667928447820396,0.12155129002079894,-0.030963854157250705,0.4375194513849987,0.1446609597787002
2025-10-13 18:00:00+00:00,0.1557800598476762,0.3840844163467502,0.36419976588812863,0.10100743052514717,0.18790666557769514,0.04710734969991461,0.11137162967248303,-0.06147110364155692,0.41947807844918855,0.1446609597787002
2025-10-13 19:00:00+00:00,0.13116369051083712,0.375673485033686,0.36419976588812863,0.014538098766753464,0.1366009251581791,0.12679578233577551,0.11137162967248303,-0.08331875457456764,0.40192926045047844,0.16369265111805034
2025-10-13 20:00:00+00:00,0.08975164187857591,0.37254431333366206,0.36419976588812863,-0.08491031820532421,0.05148669909487066,0.15861653221567015,0.11137162967248303,-0.10649665763174376,0.38508213956073223,0.18189790517720986
2025-10-13 21:00:00+00:00,0.006224160158712859,0.37254431333366206,0.36419976588812863,-0.26314879910290934,-0.06459446413342462,0.18806853782508526,0.09077491803871725,-0.14318227616893284,0.38508213956073223,0.18189790517720986
2025-10-13 22:00:00+00:00,-0.08784669487592134,0.3700330091000509,0.36419976588812863,-0.413831868422901,-0.0418792685764796,0.18806853782508526,0.06555255238766106,-0.1634925989182599,0.5478779324482158,0.18189790517720986
2025-10-13 23:00:00+00:00,-0.12937300187376177,0.3452284894373872,0.28949356926722314,-0.45880991190884424,-0.0418792685764796,0.18806853782508526,0.06555255238766106,-0.1634925989182599,0.48340438825860615,0.18189790517720986
2025-10-14 00:00:00+00:00,-0.15560400396883875,0.3169056190707859,0.22465158571536203,-0.4802076785132606,-0.1298307541995682,0.18806853782508526,0.03764058730227294,-0.16976774529856564,0.424339850452394,0.21408773998601938
2025-10-14 01:00:00+00:00,-0.2129092945831378,0.3169056190707859,0.22465158571536203,-0.5529138609942202,-0.22167020332260678,0.28192837899871265,-0.007905886309721234,-0.18529470843063453,0.424339850452394,0.21408773998601938
2025-10-14 02:00:00+00:00,-0.2632454146869329,0.2744912419460607,0.22465158571536203,-0.6617826473486381,-0.26736217690124303,0.28192837899871265,-0.04981216334534079,-0.21556468956947178,0.3245884545749644,0.21408773998601938
2025-10-14 03:00:00+00:00,-0.2632454146869329,0.2744912419460607,0.22465158571536203,-0.43155185471684787,-0.1719145955779277,0.19254106978058885,0.008959339231482774,-0.12993940911883606,0.3245884545749644,0.21408773998601938
2025-10-14 04:00:00+00:00,-0.16055648602710104,0.31331472974784275,0.22465158571536203,-0.25017697984208914,-0.12947148845116238,0.19254106978058885,0.08944569712770258,-0.05226114751192136,0.4105069045258206,0.2666658609880682
2025-10-14 05:00:00+00:00,-0.10248781068865685,0.33523577230377444,0.30309989318043257,-0.13565895391237048,-0.046929224498835576,0.11718274177032517,0.12141854030788037,0.010668677309150628,0.44922653796432604,0.2666658609880682
2025-10-14 06:00:00+00:00,0.010024086747387176,0.33523577230377444,0.30309989318043257,-0.024987944524930493,0.05921030643347951,0.11718274177032517,0.18381008527611067,0.05807960976740044,0.5197080555686376,0.2666658609880682
2025-10-14 07:00:00+00:00,0.12995300709325353,0.33523577230377444,0.30309989318043257,0.17340124127723253,0.18958370294916077,0.19254106978058885,0.22230054435979818,0.10932769378371317,0.5197080555686376,0.2666658609880682
2025-10-14 08:00:00+00:00,0.14766684563677318,0.33547706258576265,0.28787187953314197,0.31047814380275857,0.32575926378899367,0.18085809732027747,0.20897126177333017,0.08939185753935246,0.45721332518632174,0.2451399998644637
2025-10-14 09:00:00+00:00,0.14766684563677318,0.3538740740070219,0.28787187953314197,0.42494947251871706,0.35835019952295294,0.18085809732027747,0.24861233659662565,0.12112377493221442,0.45721332518632174,0.2451399998644637
2025-10-14 10:00:00+00:00,0.17540045351975214,0.36823055999659554,0.28787187953314197,0.453608545016169,0.3590393148331486,0.21030394334580726,0.2716118763484838,0.13330448279060894,0.45721332518632174,0.25860353326446417
2025-10-14 11:00:00+00:00,0.2035407872282198,0.36823055999659554,0.25914763507812794,0.5115357004561252,0.39192817691934123,0.21030394334580726,0.30017993453087205,0.1589625426056909,0.48817330348996363,0.2913824901268811
2025-10-14 12:00:00+00:00,0.20024792691431897,0.362030215904675,0.2779705689064244,0.5024819712440611,0.38469179521562635,0.21030394334580726,0.29356150600912323,0.14870554668563546,0.48817330348996363,0.2913824901268811
2025-10-14 13:00:00+00:00,0.19739938951310787,0.35667737793832255,0.2779705689064244,0.5138434169422604,0.38408218442530706,0.20379691061958757,0.2910919659313101,0.14566367981290976,0.5233144636744934,0.2913824901268811
2025-10-14 14:00:00+00:00,0.19499096156563606,0.3565696848182263,0.3013419062520249,0.5161815626638434,0.38469709605030705,0.20379691061958757,0.2916460347020948,0.14694149411205829,0.5233144636744934,0.29790646790727415
2025-10-14 15:00:00+00:00,0.11796405108349832,0.3412398383213127,0.3013419062520249,0.49353907116699797,0.3323568782673754,0.2522751448603614,0.2832428557510218,0.13022303581025768,0.48182220916879137,0.29790646790727415
2025-10-14 16:00:00+00:00,0.08381091238782708,0.325924324132133,0.3013419062520249,0.44093082958633834,0.3135064194993134,0.2522751448603614,0.26753588389830424,0.10352364310749917,0.48182220916879137,0.27717810274148447
2025-10-14 17:00:00+00:00,0.04874774039196486,0.31060000009324673,0.19055455940643884,0.407289524749146,0.2798794458841154,0.2819308213144767,0.24523647330934972,0.08626833042057,0.48182220916879137,0.27717810274148447
2025-10-14 18:00:00+00:00,0.04874774039196486,0.31060000009324673,0.19055455940643884,0.36900021032258423,0.2713216639590569,0.2819308213144767,0.23882577811705782,0.08626833042057,0.4414767267407557,0.27717810274148447
2025-10-14 19:00:00+00:00,0.07950079048208962,0.3176717359286748,0.1464687312871983,0.35255308883294845,0.2569502651750832,0.2522751448603614,0.23355833407336343,0.07746838239162203,0.4414767267407557,0.27717810274148447
2025-10-14 20:00:00+00:00,0.07950079048208962,0.3210198967338985,0.09350843562069416,0.3141649660928882,0.2569502651750832,0.2522751448603614,0.22822457086712003,0.06837296727452703,0.4414767267407557,0.27717810274148447
2025-10-14 21:00:00+00:00,0.07950079048208962,0.3210198967338985,0.1464687312871983,0.3048262955963822,0.2569502651750832,0.22104878561367244,0.22149465820745814,0.06837296727452703,0.44287981466639215,0.27717810274148447
2025-10-14 22:00:00+00:00,0.07950079048208962,0.32101989673389847,0.1464687312871983,0.27499556403132197,0.24800394843309087,0.2522751448603614,0.19873146988997226,0.03609754271810055,0.4011982478265612,0.2911541694798149
2025-10-14 23:00:00+00:00,0.07950079048208962,0.33954648806314736,0.1464687312871983,0.1875810673727682,0.20018418091821422,0.2522751448603614,0.16806695677637462,0.03609754271810055,0.4011982478265612,0.3114778342737155
2025-10-15 00:00:00+00:00,0.07950079048208962,0.33954648806314736,0.1464687312871983,0.09606155229707584,0.24242730788713143,0.19004159905728812,0.16806695677637462,0.014562297653474894,0.32360209754128766,0.27892171135680993
2025-10-15 01:00:00+00:00,0.07950079048208962,0.33954648806314736,0.1464687312871983,0.09606155229707584,0.3120965139992495,0.10775688735634516,0.1208053734806885,-0.004409938735876926,0.32360209754128766,0.33157317842055
2025-10-15 02:00:00+00:00,0.07950079048208962,0.33954648806314736,0.1464687312871983,-0.08432701521990563,0.3120965139992495,0.1787417147689092,0.09877828722192838,-0.004409938735876926,0.2200855221060954,0.38903747874115807
2025-10-15 03:00:00+00:00,0.1611156044160446,0.33954648806314736,0.25779333258787507,0.11573887901218438,0.3856899674034834,0.08710693963701295,0.12435479953417079,-0.03011296199291355,0.2200855221060954,0.3434428412852165
2025-10-15 04:00:00+00:00,0.1611156044160446,0.33954648806314736,0.25779333258787507,0.20729144506883534,0.4778889666452951,0.08710693963701295,0.14857797744479298,-0.05643858537431671,0.1148265507404569,0.29462944872625624
2025-10-15 05:00:00+00:00,0.20978382792728828,0.33954648806314736,0.25779333258787507,0.3114083725738239,0.5055403882141445,0.08710693963701295,0.16370176721468024,-0.1084169052071122,0.03955475682797082,0.29462944872625624
2025-10-15 06:00:00+00:00,0.20978382792728828,0.3181666550581158,0.25779333258787507,0.4101124476043597,0.5055403882141445,0.08710693963701295,0.11393692625416228,-0.12379780679022007,-0.04428798146663921,0.29462944872625624
2025-10-15 07:00:00+00:00,0.15405598384660832,0.2890210732421605,0.3364595182240811,0.3527832560004277,0.4778889666452951,-0.03696282989937715,0.11393692625416228,-0.12379780679022007,-0.04428798146663921,0.29462944872625624
2025-10-15 08:00:00+00:00,0.15405598384660832,0.25721092280837005,0.3364595182240811,0.3527832560004277,0.41701504089806923,-0.03696282989937715,0.11393692625416228,-0.10891394806594937,-0.04428798146663921,0.24358389806682307
2025-10-15 09:00:00+00:00,0.15405598384660832,0.24090590812521434,0.3672941705454269,0.3117915951651937,0.44642302645446863,-0.03696282989937715,0.1049036924470424,-0.129362487871632,-0.08177210506790505,0.24358389806682307
2025-10-15 10:00:00+00:00,0.15405598384660832,0.22773233030448117,0.3985918331997362,0.32408138430268996,0.4413420220509318,-0.03696282989937715,0.1049036924470424,-0.15494396966085144,-0.08177210506790505,0.22952070561445595
2025-10-15 11:00:00+00:00,0.15405598384660832,0.214728042203362,0.3985918331997362,0.3364351227808099,0.43832351017905424,-0.03696282989937715,0.09737477665944345,-0.1733816243289819,-0.08177210506790505,0.21516598400255033
2025-10-15 12:00:00+00:00,0.15405598384660832,0.22016305164273633,0.3985918331997362,0.32371642180921634,0.444150634537394,-0.03189099154901795,0.09900416840949483,-0.1729535738221673,-0.08177210506790505,0.21516598400255033
2025-10-15 13:00:00+00:00,0.15405598384660832,0.22614487372380418,0.3985918331997362,0.3231409740725683,0.444150634537394,-0.03189099154901795,0.09900416840949483,-0.16510119847453708,-0.0688317441669702,0.21153185329960242
2025-10-15 14:00:00+00:00,0.15405598384660832,0.22802386773768488,0.3985918331997362,0.32371642180921634,0.45043456441037605,-0.03189099154901795,0.09828078363146828,-0.16287646016047114,-0.0688317441669702,0.2085144140570952
2025-10-15 15:00:00+00:00,0.19128920880411387,0.24461951290569878,0.3985918331997362,0.26264817616461245,0.48406975310328193,-0.03189099154901795,0.08827951730007065,-0.15146803124375244,-0.0688317441669702,0.2085144140570952
2025-10-15 16:00:00+00:00,0.19128920880411387,0.26136656682328774,0.3985918331997362,0.28786722544130194,0.46713584229732974,-0.03189099154901795,0.08827951730007065,-0.12974916257719016,-0.0688317441669702,0.2333348703642385
2025-10-15 17:00:00+00:00,0.22106231741790208,0.2782905894456339,0.45770504329507045,0.28786722544130194,0.46713584229732974,-0.03189099154901795,0.0978246336528455,-0.12974916257719016,-0.0688317441669702,0.2518945761869074
2025-10-15 18:00:00+00:00,0.24036146723101356,0.2644735593445521,0.45770504329507045,0.3034372486410789,0.4592302783059104,-0.06981867869882352,0.0978246336528455,-0.12974916257719016,0.018080492721850507,0.2700066058132348
2025-10-15 19:00:00+00:00,0.24036146723101356,0.23943797348172935,0.45770504329507045,0.3034372486410789,0.4592302783059104,-0.03189099154901795,0.08912431661846902,-0.14154503870109544,0.018080492721850507,0.2700066058132348
2025-10-15 20:00:00+00:00,0.2498179074727951,0.21952132028148433,0.45770504329507045,0.318669137867875,0.4592302783059104,-0.03189099154901795,0.08013446404165211,-0.14154503870109544,0.018080492721850507,0.2700066058132348
2025-10-15 21:00:00+00:00,0.262613494322298,0.1982890926385085,0.38586457878280733,0.33993540902195546,0.4615941288485226,-0.03189099154901795,0.08013446404165211,-0.14154503870109544,0.055038155916533486,0.2700066058132348
2025-10-15 22:00:00+00:00,0.262613494322298,0.18526991874526574,0.3263132765423266,0.3545753002416291,0.4103823472365526,-0.06981867869882352,0.09088932591463898,-0.11315290368042787,0.09350843562069844,0.2700066058132348
2025-10-15 23:00:00+00:00,0.262613494322298,0.20555149607213796,0.3263132765423266,0.2905021817784274,0.4615941288485226,-0.03382550457461005,0.11662195920184121,-0.11315290368042787,0.09350843562069844,0.24579944960097025
2025-10-16 00:00:00+00:00,0.36359453452621227,0.36073955268317415,0.4156764361263447,0.3022698648822307,0.5609784562133366,0.15269853384048884,0.2647866235215598,0.12289883852677017,0.22120523028459782,0.4045637019752756
2025-10-16 01:00:00+00:00,0.4908218861739644,0.5400015826114118,0.4361454588221135,0.2929870525202323,0.5647436566525146,0.4193086101690424,0.44289472565774124,0.3184958804185804,0.3158218419444852,0.556795186596765
2025-10-16 02:00:00+00:00,0.6328763875133921,0.726860101380068,0.42732679156887365,0.4082868681434794,0.689130855707747,0.48991246469689076,0.6005106030503898,0.5021570022212092,0.5678917400208087,0.7125722230758236
2025-10-16 03:00:00+00:00,0.6247149893813987,0.7075079042106404,0.35058479572971246,0.33877405061513055,0.6746023016447757,0.5044442810180663,0.5880528484092965,0.484790663298003,0.5099440972415927,0.7045062561911383
2025-10-16 04:00:00+00:00,0.597159499195049,0.6569344101232515,0.4542359727015526,0.34594250128753135,0.6992235161232838,0.4326789733636934,0.5358270558005672,0.4390470104219257,0.47817922899643384,0.675943543524486
2025-10-16 05:00:00+00:00,0.5768630871031065,0.6343565423535323,0.4400741817137598,0.31673422565344445,0.7083353330295777,0.44109613020546534,0.5094492585478168,0.43817006456812957,0.43687979162926194,0.6544015237953701
2025-10-16 06:00:00+00:00,0.566058135855994,0.6198799075954338,0.5189372069939304,0.2833355798844102,0.6907059133321136,0.4507145920736908,0.5280759658584198,0.49114530078150587,0.46284548331276165,0.6328428634745874
2025-10-16 07:00:00+00:00,0.5964029794363678,0.6697051466053647,0.5096787124321805,0.3051647586610699,0.7001610511530649,0.5725091787248918,0.600446336190423,0.5362415761971485,0.424578939988805,0.6616522868750607
2025-10-16 08:00:00+00:00,0.6298557609921765,0.7812246633300495,0.6092391039677953,0.3549450976876321,0.7205839052534279,0.5929010657118954,0.6625559064609958,0.5852325788448288,0.4760787155468521,0.7196201191183595
2025-10-16 09:00:00+00:00,0.6477178242824262,0.8415634538328769,0.5992624313856395,0.39709749622741614,0.7196951273706707,0.5613198653803915,0.6969380303244898,0.6239228498237118,0.4753839231184258,0.7343651515120203
2025-10-16 10:00:00+00:00,0.639661752662416,0.8665977015460529,0.5778841114395081,0.3768673314413251,0.7125835455769086,0.5528746320257811,0.698525374047456,0.616361814028542,0.40646942234900285,0.7238722211504692
2025-10-16 11:00:00+00:00,0.6323007543418171,0.8937796890464892,0.6136828643128236,0.3539662431806633,0.693881408984201,0.5594265649738595,0.7001349500964038,0.6093171662334474,0.38454145982441107,0.7214719320558537
2025-10-16 12:00:00+00:00,0.6323007543418171,0.8953075917321341,0.6125659416804841,0.37028290634704975,0.693881408984201,0.5594265649738595,0.7031335452916045,0.6069807649142013,0.38454145982441107,0.7214719320558537
2025-10-16 13:00:00+00:00,0.6076777412387658,0.8780142885573705,0.6419444090864953,0.38050820561213955,0.6867661403764463,0.6013710809357646,0.6965107615730536,0.6212029509216248,0.4127645120196475,0.7285795331348788
2025-10-16 14:00:00+00:00,0.5848850821744228,0.8847660965542852,0.6712018663513002,0.3841198393929203,0.6997210047318566,0.620103114476353,0.6881427022844405,0.6311902119421497,0.4256916571773129,0.7527065704719703
2025-10-16 15:00:00+00:00,0.5848850821744228,0.8847660965542852,0.6185797132320925,0.4293021561754488,0.7333985487696333,0.620103114476353,0.6881427022844405,0.6311902119421497,0.4256916571773129,0.7842137625246325
2025-10-16 16:00:00+00:00,0.5186623846526077,0.7343127649393941,0.407285675932607,0.3611598945719095,0.6644645776454755,0.5725705645655953,0.5759425981768613,0.540427594374326,0.4281555415951048,0.6877451252771232
2025-10-16 17:00:00+00:00,0.4452178568436461,0.6167731595986349,0.3823094679783082,0.3084672457539029,0.5761792139824463,0.3751628664574726,0.4466248618279147,0.4672155836545901,0.32803702676271634,0.5247403059410441
2025-10-16 18:00:00+00:00,0.29708022249179233,0.45656357821453997,0.20471259193595812,0.16874411477494883,0.4083645232886236,0.25614228331922145,0.2948902645960868,0.3622631883843084,0.19620463389749596,0.38415823141639216
2025-10-16 19:00:00+00:00,0.16448844859404096,0.3731712513328287,0.08279209869919463,0.040507568078594916,0.3289677414833164,0.20311111592573863,0.19534413722329275,0.3068425963963935,0.13225202922513787,0.29620033925037986
2025-10-16 20:00:00+00:00,0.00811112046683895,0.23723732309652482,-0.04218662455426099,-0.0925478032920132,0.16608418228294353,0.13537795864833208,0.09429858410554443,0.23437629351342065,0.06738887878336049,0.2078827380559309
2025-10-16 21:00:00+00:00,-0.22238243188877557,0.09009252749352989,-0.05589442199177116,-0.2503358270963915,0.010854826817178932,0.08512565307593935,0.0,0.14105612799700035,-0.09403741866448194,0.11711336262986842
2025-10-16 22:00:00+00:00,-0.2853756122171364,-0.018135166394196708,-0.05656100153079956,-0.33926847114295494,0.043879676099696445,0.04786805185115234,-0.022624400612243755,0.14167378415245407,-0.1831676152250198,0.021290762696933353
2025-10-16 23:00:00+00:00,-0.2947169761526769,-0.08220520826105712,-0.04377346993578048,-0.272858505972023,0.0030034725197477124,0.0216658742718861,0.036307446089249185,0.2793946855940226,-0.16598149294964543,0.03147809996270882
2025-10-17 00:00:00+00:00,-0.34448618940303577,-0.13074173809769982,-0.0679411387038235,-0.28372451232678075,-0.13133565414165677,-0.06453379836084228,-0.012670629654556495,0.19595004925397205,-0.2373081954045087,-0.011942920142519457
2025-10-17 01:00:00+00:00,-0.39287121706038386,-0.2016256272285976,-0.16252721107431692,-0.30598231084972394,-0.1549879942584519,-0.07102042393908084,-0.07164381265567042,0.12418886512691829,-0.2513522693674295,-0.08353770064099889
2025-10-17 02:00:00+00:00,-0.44761703590308916,-0.25292743970084103,-0.19349930336398888,-0.3514723473845398,-0.2290969679340648,-0.12555057999069907,-0.13101012844763346,0.07217403892723302,-0.26272991944105684,-0.13361409866752147
2025-10-17 03:00:00+00:00,-0.5098509247854961,-0.2796824455354574,-0.22540915960351313,-0.3782559825394589,-0.2928196483110985,-0.13305910768404947,-0.1769356528823267,0.023139718287630062,-0.2445224024806481,-0.1849671183593405
2025-10-17 04:00:00+00:00,-0.523672149161609,-0.271163276833844,-0.22540915960351313,-0.3782559825394589,-0.2928196483110985,-0.1361813099291885,-0.1769356528823267,0.023139718287630062,-0.2445224024806481,-0.1849671183593405
2025-10-17 05:00:00+00:00,-0.5560753434945476,-0.2925048485422997,-0.25093050058660576,-0.3944470433467621,-0.3197744906977225,-0.14962179885205978,-0.2100680311775594,-0.010653583848786221,-0.2745140947483604,-0.23095754620710188
2025-10-17 06:00:00+00:00,-0.56690487923346,-0.2984534480991438,-0.2760262237372273,-0.41070025419464506,-0.31263295044242295,-0.15844431990610808,-0.17828739558034967,0.013261036739221455,-0.29329423004301947,-0.27586862953461605
2025-10-17 07:00:00+00:00,-0.582263774297384,-0.3066185262988516,-0.3008015276350005,-0.4077532730867573,-0.33012137710063305,-0.18336553463449254,-0.1379755570041066,0.049625248005651,-0.3094548730531334,-0.26546177527442005
2025-10-17 08:00:00+00:00,-0.5714667462177917,-0.2945339609474807,-0.2608656586055333,-0.3863177397478567,-0.29131308538380923,-0.14032321786135057,-0.1010859668778688,0.08516031721505267,-0.27417891943716594,-0.2589312896872811
2025-10-17 09:00:00+00:00,-0.5714667462177917,-0.2945339609474807,-0.2608656586055333,-0.3863177397478567,-0.26469837198691765,-0.14032321786135057,-0.1010859668778688,0.06210355337706693,-0.2284314491737672,-0.2826251660010658
2025-10-17 10:00:00+00:00,-0.570900693475517,-0.30874281059396513,-0.28120236731330994,-0.41888633900413275,-0.3012297424391932,-0.22998646241434423,-0.07571336904641193,-0.0015362964918529773,-0.2850557338447551,-0.35779486038914465
2025-10-17 11:00:00+00:00,-0.5715739957169306,-0.30682462041965414,-0.30079686171440484,-0.42448317737962,-0.28886036087930045,-0.30018309431059687,-0.09221539717805727,-0.04506729443640433,-0.2944042959790957,-0.4350634718685265
2025-10-17 12:00:00+00:00,-0.5955210293650399,-0.30559051493504397,-0.3197775317326748,-0.4305329399431575,-0.2923565348786472,-0.34323031668426507,-0.08868215539309617,-0.022761098563729265,-0.3406998531032328,-0.47899249354353446
2025-10-17 13:00:00+00:00,-0.6237623762381079,-0.2988300793305464,-0.27383283499096134,-0.4531530800748708,-0.25712701385206177,-0.29259945966703355,-0.08377908894695316,-0.030130051552543762,-0.29922359520556774,-0.5470281690061864
2025-10-17 14:00:00+00:00,-0.6479877381054431,-0.31981062154084905,-0.23255782512858283,-0.4350247126147228,-0.2988316547085035,-0.24708982716264788,-0.07952171679747759,-0.0362286243828707,-0.3739737924631216,-0.6127550399533064
2025-10-17 15:00:00+00:00,-0.6362766630470588,-0.37410390843036456,-0.24819613217868802,-0.397547736741469,-0.31582916231873964,-0.24423288594689466,-0.07577601752845253,-0.04123108846816783,-0.37277651012882007,-0.6289930208588249
2025-10-17 16:00:00+00:00,-0.5925568289253084,-0.3409011177530873,-0.24819613217868802,-0.397547736741469,-0.2863021127841773,-0.32536242173506363,-0.054721168506637385,-0.06463220649712617,-0.45691497452738744,-0.5893901826644152
2025-10-17 17:00:00+00:00,-0.5495771498239014,-0.3409011177530873,-0.24819613217868802,-0.4300939963790733,-0.3110556509337645,-0.32536242173506363,-0.054721168506637385,-0.08760231628009031,-0.45691497452738744,-0.5621155165764444
2025-10-17 18:00:00+00:00,-0.516919902107791,-0.3409011177530873,-0.24819613217868802,-0.4770005072607215,-0.3110556509337645,-0.32536242173506363,-0.054721168506637385,-0.10952640945834483,-0.37277651012882007,-0.5621155165764444
2025-10-17 19:00:00+00:00,-0.5124024326541262,-0.35654092743622245,-0.24819613217868802,-0.484049000494597,-0.32209466882901566,-0.3671940368174804,-0.054721168506637385,-0.09712327513918036,-0.37277651012882007,-0.5621155165764444
2025-10-17 20:00:00+00:00,-0.4943698501224147,-0.3624807324364258,-0.1791723436580365,-0.483571202581009,-0.32609366545801155,-0.4087273644575437,-0.054721168506637385,-0.09712327513918036,-0.3268113468466302,-0.5621155165764444
2025-10-17 21:00:00+00:00,-0.5078764086936047,-0.3624807324364258,-0.1094761103008649,-0.4823704111439175,-0.32691581121462326,-0.3671940368174804,-0.06603808193446,-0.09712327513918036,-0.3268113468466302,-0.5621155165764444
2025-10-17 22:00:00+00:00,-0.5131859551954666,-0.3624807324364258,-0.03747658445002093,-0.4823704111439175,-0.342971590343881,-0.3671940368174804,-0.07746479512602704,-0.09712327513918036,-0.3268113468466302,-0.5621155165764444
2025-10-17 23:00:00+00:00,-0.4843253934788646,-0.3388085188969047,0.03886793853843319,-0.4058819731270974,-0.304284584086598,-0.191038566044549,-0.017328958003014122,-0.04265305127134493,-0.28044907807544084,-0.5003684904111583
2025-10-18 00:00:00+00:00,-0.41209639041382273,-0.38755634951770307,0.03886793853843319,-0.3810755115455164,-0.2718837195359234,-0.14346340804811297,-0.04227928930815928,-0.0572134427869596,-0.16710671143705727,-0.4095844874453199
2025-10-18 01:00:00+00:00,-0.36091043383439514,-0.4115867224269154,0.03886793853843319,-0.39047311168604726,-0.2598258549427629,-0.12920301444130367,-0.05079109146827673,-0.06224025088525147,-0.19198357631177654,-0.3702345633507851
2025-10-18 02:00:00+00:00,-0.3212947822151827,-0.4391013909617072,0.018738292224704814,-0.40037027168358413,-0.2675420141835306,-0.14346340804811297,-0.05499235642736792,-0.07188491666955783,-0.2226440880728746,-0.3381383660020785
2025-10-18 03:00:00+00:00,-0.2891650216062127,-0.471134204512207,0.018738292224704814,-0.39047311168604726,-0.2675420141835306,-0.14346340804811297,-0.06440872249873084,-0.08256467411507294,-0.19198357631177654,-0.31117021345419515
2025-10-18 04:00:00+00:00,-0.2621999423166091,-0.52756215036044,0.018738292224704814,-0.40037027168358413,-0.2819917387574047,-0.14346340804811297,-0.06933127499545758,-0.08803090177414646,-0.13578840285027036,-0.2879848567096474
2025-10-18 05:00:00+00:00,-0.2787944968030112,-0.5283046554767462,0.05473805515043245,-0.4024263702069737,-0.27702349565124207,-0.14346340804811297,-0.06933127499545758,-0.06607549551510203,-0.15225488294007686,-0.2963633545117971
2025-10-18 06:00:00+00:00,-0.290508160345464,-0.5283046554767462,0.0895861718293105,-0.39691873941916456,-0.2567738546097546,-0.12032683039405163,-0.06933127499545758,-0.0572623367577868,-0.15225488294007686,-0.3051120019942541
2025-10-18 07:00:00+00:00,-0.2787944968030112,-0.5194312686418593,0.0895861718293105,-0.36195882334306995,-0.2144683121158544,-0.09841833239777224,-0.06933127499545758,-0.0572623367577868,-0.12735904402970674,-0.3286430250462991
2025-10-18 08:00:00+00:00,-0.2787944968030112,-0.5010863854880901,0.0895861718293105,-0.3378448566468387,-0.2144683121158544,-0.09841833239777224,-0.06933127499545758,-0.0572623367577868,-0.12735904402970674,-0.3286430250462991
2025-10-18 09:00:00+00:00,-0.2861266098333217,-0.455748455594833,0.11867128772006906,-0.3049069067299582,-0.2000113542611007,-0.08642240913530748,-0.03140978655759564,-0.004101879763905696,-0.19720146601588182,-0.31268505886643
2025-10-18 10:00:00+00:00,-0.29751639970416993,-0.44824693411794986,0.09402875760815498,-0.2738986360538723,-0.16025661604325958,-0.051058301274771685,-0.04097359281308861,0.06607549551510157,-0.16813486146589507,-0.3004736228993038
2025-10-18 11:00:00+00:00,-0.29751639970416993,-0.4222022717416016,0.09402875760815498,-0.25687400366265,-0.16025661604325958,0.0,-0.006843147986967548,0.12784055442014042,-0.16813486146589507,-0.27968682325293476
2025-10-18 12:00:00+00:00,-0.29751639970416993,-0.3960697144055892,0.09402875760815498,-0.23964542478659687,-0.14189269631262316,0.05254214420772353,0.010247386289001204,0.10773165147537066,-0.16813486146589507,-0.27968682325293476
2025-10-18 13:00:00+00:00,-0.2942020200455243,-0.36454014729969736,0.06716855373740502,-0.2097340557620697,-0.12471291071587204,0.03139122282096064,0.031453834466568145,0.12759767946692258,-0.2697821545570901,-0.28568049188214795
2025-10-18 14:00:00+00:00,-0.254287281942823,-0.3289109152119331,0.03822043717553347,-0.2096574217687352,-0.09383617825196913,0.008542849114913443,0.05539394070694743,0.12881707245068333,-0.28143901789233444,-0.3360342641896481
2025-10-18 15:00:00+00:00,-0.254287281942823,-0.22989957545279605,0.03822043717553347,-0.2096574217687352,-0.1265249311952099,0.008542849114913443,0.08578310156695294,0.12881707245068333,-0.28143901789233444,-0.37957134697035794
2025-10-18 16:00:00+00:00,-0.20338780325137948,-0.2812221863058944,0.03822043717553347,-0.2096574217687352,-0.21368298272341246,0.008542849114913443,0.06083913219411046,0.12881707245068333,-0.2092090908560266,-0.3458499897583663
2025-10-18 17:00:00+00:00,-0.20338780325137948,-0.2812221863058944,-0.07541752331417421,-0.26226150422279965,-0.21368298272341246,0.008542849114913443,0.03550079997622673,0.0983506035830723,-0.2092090908560266,-0.3458499897583663
2025-10-18 18:00:00+00:00,-0.20338780325137948,-0.2812221863058944,-0.07541752331417421,-0.26226150422279965,-0.25959097623737665,0.08660687083031123,0.03550079997622673,0.12881707245068333,-0.2092090908560266,-0.3200375532763176
2025-10-18 19:00:00+00:00,-0.18424508614353596,-0.24996198136231662,-0.012740145725177824,-0.26226150422279965,-0.27950470618819234,0.08660687083031123,0.03550079997622673,0.09458687964154402,-0.2092090908560266,-0.32003755327631767
2025-10-18 20:00:00+00:00,-0.20338780325137948,-0.23693916727901415,-0.07541752331417421,-0.26226150422279965,-0.26349971771901276,0.08660687083031123,0.04977747179512072,0.07774993612711929,-0.2092090908560266,-0.32003755327631767
2025-10-18 21:00:00+00:00,-0.20338780325137948,-0.23693916727901415,-0.07541752331417421,-0.2542295095420007,-0.25114762798532864,0.08660687083031123,0.04977747179512072,0.09458687964154402,-0.2092090908560266,-0.32003755327631767
2025-10-18 22:00:00+00:00,-0.20338780325137948,-0.23693916727901415,-0.011339501179519403,-0.2542295095420007,-0.3069946631013669,0.08660687083031123,0.06404300484941586,0.09458687964154402,-0.2092090908560266,-0.32003755327631767
2025-10-18 23:00:00+00:00,-0.20338780325137948,-0.2648424001333236,-0.011339501179519403,-0.2960742905266138,-0.3069946631013669,0.0,0.0513905494955693,0.09458687964154402,-0.2092090908560266,-0.33867408990805153
2025-10-19 00:00:00+00:00,-0.23812952476988558,-0.2648424001333236,0.04179992280957862,-0.3485595368630661,-0.3069946631013669,0.0,0.038117048691284135,0.0816739097696162,-0.2632620950558149,-0.3912735338081144
2025-10-19 01:00:00+00:00,-0.19563658911857826,-0.23377489581759003,0.005086112080910118,-0.31675028441258885,-0.29119233648724036,-0.04792742759358881,0.07732435331657848,0.11928299944166758,-0.20774680302089926,-0.40277465591895495
2025-10-19 02:00:00+00:00,-0.19563658911857826,-0.23377489581759003,0.005086112080910118,-0.31675028441258885,-0.30704177164582425,-0.056784462153371816,0.07732435331657848,0.11928299944166758,-0.20774680302089926,-0.4181818976305164
2025-10-19 03:00:00+00:00,-0.19563658911857826,-0.23377489581759003,-0.0033607607686213536,-0.3363403528163294,-0.33776414865936316,-0.056784462153371816,0.07736490830280696,0.1192763181370945,-0.20774680302089926,-0.4181818976305164
2025-10-19 04:00:00+00:00,-0.19563658911857826,-0.25187928200958404,-0.01170102385946271,-0.3363403528163294,-0.33776414865936316,-0.056784462153371816,0.07736490830280696,0.11940049618517491,-0.24028851943916385,-0.4181818976305164
2025-10-19 05:00:00+00:00,-0.18411736152395805,-0.2580631966819775,-0.01170102385946271,-0.32844234976682757,-0.3099183544937246,-0.021935240401056093,0.10818961355395773,0.10736951231042581,-0.1781203207446846,-0.41729980731456806
2025-10-19 06:00:00+00:00,-0.18411736152395805,-0.2437080394455778,-0.01170102385946271,-0.2883005348552818,-0.3099183544937246,-0.021935240401056093,0.11583721754753379,0.10736951231042581,-0.14153528104945418,-0.40998655268431994
2025-10-19 07:00:00+00:00,-0.18411736152395805,-0.1948573514125371,0.0200240432865964,-0.2691309395613397,-0.2924882331750999,-0.021935240401056093,0.11583721754753379,0.10736951231042581,-0.10038105981841008,-0.39549339380346604
2025-10-19 08:00:00+00:00,-0.18411736152395805,-0.1701993880797436,0.0200240432865964,-0.25120658008339136,-0.26271098854551056,-0.056784462153371816,0.11583721754753379,0.10736951231042581,-0.10038105981841008,-0.3677924534809602
2025-10-19 09:00:00+00:00,-0.19389866649617046,-0.19125747163899162,0.0,-0.26826304689299907,-0.25631831570752484,0.0,0.09038741156752589,0.07923705456271966,-0.03175643490265371,-0.3635056393415017
2025-10-19 10:00:00+00:00,-0.19389866649617046,-0.17564625337101333,0.03759717327994088,-0.26826304689299907,-0.24900380322149673,0.08478230418544054,0.09038741156752589,0.07923705456271966,0.0,-0.34094007382447494
2025-10-19 11:00:00+00:00,-0.19389866649617046,-0.17564625337101333,0.03759717327994088,-0.24332679786315317,-0.20499343330977565,0.18045872724123857,0.09038741156752589,0.05177662088538112,0.0,-0.30769317845723293
2025-10-19 12:00:00+00:00,-0.15169449154779716,-0.21467675388070037,0.12107322793745727,-0.2180636050245313,-0.18154831053288592,0.18045872724123857,0.09038741156752589,0.07923705456271966,0.0,-0.23650246692286414
2025-10-19 13:00:00+00:00,-0.10887981954364334,-0.25240159212369373,0.12107322793745727,-0.1924254137942249,-0.18154831053288592,0.18045872724123857,0.09038741156752589,0.07923705456271966,0.07250978723466119,-0.166638655323448
2025-10-19 14:00:00+00:00,-0.1641328975916857,-0.2468271305032025,0.012582420797810929,-0.1247786942812635,-0.22362192411726525,0.19103921261961088,0.09112401010633434,0.07694894555747765,0.16155613916042952,-0.024932556557879786
2025-10-19 15:00:00+00:00,-0.1641328975916857,-0.2468271305032025,0.012582420797810929,-0.08481021373681713,-0.15880789278965415,0.19103921261961088,0.05962779752577984,0.07694894555747765,0.05426497603756617,0.024447362205133178
2025-10-19 16:00:00+00:00,-0.216893792163847,-0.2468271305032025,0.1076244005002016,-0.15256473934882925,-0.1881515485573648,0.19103921261961088,0.03452272191226214,0.07694894555747765,-0.023177211779667896,-0.05439067028838566
2025-10-19 17:00:00+00:00,-0.26342724267779266,-0.2468271305032025,0.1076244005002016,-0.15256473934882925,-0.2175237082008215,0.19103921261961088,0.03452272191226214,0.07694894555747765,-0.023177211779667896,-0.09188663612142947
2025-10-19 18:00:00+00:00,-0.26342724267779266,-0.2468271305032025,0.1076244005002016,-0.18175729500038246,-0.2175237082008215,0.08378548215483352,0.03452272191226214,0.07694894555747765,-0.09901444846018788,-0.1279634423672879
2025-10-19 19:00:00+00:00,-0.27945709554948867,-0.2554155212450132,0.0348756112657072,-0.20968553420752006,-0.2644352552675626,0.0650256088768383,0.00724134034847528,0.04593830585668347,-0.11693766974191754,-0.15257424575050324
2025-10-19 20:00:00+00:00,-0.27945709554948867,-0.2554155212450132,0.0348756112657072,-0.20968553420752006,-0.2742355480896086,0.0650256088768383,0.00724134034847528,0.04593830585668347,-0.1548877273329556,-0.15257424575050324
2025-10-19 21:00:00+00:00,-0.2659003959807123,-0.2554155212450132,0.0348756112657072,-0.20968553420752006,-0.28641424277743327,0.008344350513635603,0.00724134034847528,0.06242878862161522,-0.1548877273329556,-0.15257424575050324
2025-10-19 22:00:00+00:00,-0.25197423439558864,-0.2554155212450132,-0.015729026546353164,-0.20968553420752004,-0.2791837432553754,0.0650256088768383,0.00724134034847528,0.07830859220851251,-0.11693766974191754,-0.15257424575050324
2025-10-19 23:00:00+00:00,-0.25197423439558864,-0.2322228456233,-0.015729026546353164,-0.1883283008356563,-0.2791837432553754,0.008344350513635603,0.019388023880819505,0.04927005166419113,-0.11693766974191754,-0.17148284097559102
2025-10-20 00:00:00+00:00,-0.25197423439558864,-0.19857425042866375,-0.08352690695850985,-0.1883283008356563,-0.2567998276762348,-0.06225728063650101,0.04172175256670697,0.07508904240358562,-0.11693766974191754,-0.17148284097559102
2025-10-20 01:00:00+00:00,-0.3206033189198908,-0.21262162778153357,-0.05073651776264989,-0.22769461178177192,-0.24799792616497077,-0.01645491513390786,0.009087455632512774,0.04060207528669816,-0.16486642532093074,-0.18719176927331843
2025-10-20 02:00:00+00:00,-0.3445648106632605,-0.18752332837523034,-0.03879206477645953,-0.22769461178177192,-0.2195247857024824,0.0035525155518472407,0.012624563946796095,0.04203553392820361,-0.16486642532093074,-0.19597389801550183
2025-10-20 03:00:00+00:00,-0.38859389111480014,-0.16765159627741583,-0.013821123576099936,-0.21965503537485775,-0.21305361827450747,0.0035525155518472407,0.01092124978252536,0.045151286504655254,-0.18270598856790682,-0.22015509198089114
2025-10-20 04:00:00+00:00,-0.4507399654351431,-0.1512856418640741,-0.003980274870385995,-0.2100333309117739,-0.208391565827623,0.0035525155518472407,0.012688378492975423,0.04815186930956624,-0.18270598856790682,-0.25191341148410545
2025-10-20 05:00:00+00:00,-0.4413174132570755,-0.1512856418640741,-0.07292861667058176,-0.21628922728956887,-0.22906067219129006,-0.030006266669402315,-0.009656243692161417,0.038990105725829276,-0.21276845009643885,-0.24760477174427084
2025-10-20 06:00:00+00:00,-0.43321685434584545,-0.1726917431814049,-0.10979808746383937,-0.2537646144768889,-0.25447852261161286,-0.030006266669402315,-0.024774471425576688,0.030603447187806557,-0.257791029183411,-0.24760477174427084
2025-10-20 07:00:00+00:00,-0.39508038115596705,-0.23206687896838474,-0.1490189546824754,-0.30322204112427625,-0.30124462592132023,-0.030006266669402315,-0.03263825393875478,0.030603447187806557,-0.31193675972884227,-0.23122476080159118
2025-10-20 08:00:00+00:00,-0.39508038115596705,-0.26748356473739787,-0.19152128383803468,-0.33695772442345245,-0.32393654228302327,0.0035525155518472407,-0.04071068771136801,0.030603447187806557,-0.31193675972884227,-0.23122476080159118
2025-10-20 09:00:00+00:00,-0.3598383766056956,-0.28462276474273945,-0.23859626943320436,-0.34951641984777354,-0.3472779790761614,0.0035525155518472407,-0.05723940035030034,0.021984218170199583,-0.31193675972884227,-0.23122476080159118
2025-10-20 10:00:00+00:00,-0.360518341837425,-0.26965100406656334,-0.24140227479279158,-0.37363235887872037,-0.3813614519223363,0.020846909961266348,-0.07981709201516755,-0.011156657127276278,-0.358698160652642,-0.23823007201855467
2025-10-20 11:00:00+00:00,-0.360518341837425,-0.2981061067686078,-0.24140227479279158,-0.4250069002014742,-0.41264431106308563,0.020846909961266348,-0.11388694899591835,-0.011156657127276278,-0.358698160652642,-0.2025079349617105
2025-10-20 12:00:00+00:00,-0.29579342529272973,-0.3219537259002887,-0.24140227479279158,-0.44586891706476306,-0.42942015134712325,0.08627959628150894,-0.14821856928386964,-0.011156657127276278,-0.2918481814874724,-0.2025079349617105
2025-10-20 13:00:00+00:00,-0.23372319715325274,-0.2936785423677566,-0.24140227479279158,-0.44586891706476306,-0.41067306900462935,0.14322297480797286,-0.16597415943296465,-0.030949590534300343,-0.2918481814874724,-0.1626903669563971
2025-10-20 14:00:00+00:00,-0.0527290449178242,-0.2936785423677566,-0.10427819911721617,-0.44586891706476306,-0.36146218021417986,0.28877514330562837,-0.16597415943296465,0.0,-0.18255693174206775,-0.1626903669563971
2025-10-20 15:00:00+00:00,-0.0527290449178242,-0.2936785423677566,-0.10427819911721617,-0.47948106765106513,-0.36146218021417986,0.446025775087815,-0.11069339868854332,-0.03072278131832656,-0.10016708449419397,-0.10725319349777662
2025-10-20 16:00:00+00:00,-0.13123103438510608,-0.2936785423677566,-0.20180183819902528,-0.45403807612560837,-0.36146218021417986,0.446025775087815,-0.11069339868854332,-0.005636777978158925,-0.025353722167964002,-0.15041420939915404
2025-10-20 17:00:00+00:00,-0.13123103438510608,-0.3243548832936991,-0.20180183819902528,-0.4326558999492114,-0.3776453809534921,0.3670584895246285,-0.0904040395198348,0.020070493404067524,-0.025353722167964002,-0.15041420939915404
2025-10-20 18:00:00+00:00,-0.13123103438510608,-0.3495699103174384,-0.20180183819902528,-0.3926927851539963,-0.34673086975332146,0.21590774680498098,-0.0695150857012689,0.020070493404067524,-0.025353722167964002,-0.15041420939915404
2025-10-20 19:00:00+00:00,-0.13123103438510608,-0.39268688188586204,-0.20180183819902528,-0.37397274451776946,-0.31793716889019064,0.09111010628096938,-0.0695150857012689,0.04671418358664443,-0.09421114395326222,-0.15041420939915404
2025-10-20 20:00:00+00:00,-0.13123103438510608,-0.3970501200306263,-0.20180183819902528,-0.3698001308170822,-0.31184285130930844,0.059842700745788464,-0.08063062984195649,0.04671418358664443,-0.12543136956879242,-0.15041420939915404
2025-10-20 21:00:00+00:00,-0.16343011261510765,-0.3970501200306263,-0.20180183819902528,-0.3698001308170822,-0.30929819008209986,0.0,-0.08063062984195649,0.017037481092411124,-0.12543136956879242,-0.16875163317500666
2025-10-20 22:00:00+00:00,-0.16343011261510765,-0.38808492355632723,-0.13465177983648732,-0.34644763759596653,-0.28508052022216895,-0.028909462615511673,-0.056407631715997955,0.044626628509369916,-0.08492077756090126,-0.16875163317500666
2025-10-20 23:00:00+00:00,-0.16343011261510765,-0.38808492355632723,-0.13465177983648732,-0.2862082022104561,-0.31938585755713894,-0.028909462615511673,-0.056407631715997955,0.09245003270426706,-0.11949037908616196,-0.16875163317500666
2025-10-21 00:00:00+00:00,-0.16343011261510765,-0.38808492355632723,-0.13465177983648732,-0.2611688868731189,-0.29897004763548946,-0.028909462615511673,-0.056407631715997955,0.08192891398408064,-0.11949037908616196,-0.16875163317500666
2025-10-21 01:00:00+00:00,-0.16343011261510765,-0.38808492355632723,-0.13465177983648732,-0.2519028849678113,-0.3422597573589103,-0.04406701122410502,-0.049034246035033875,0.08217780684831863,-0.13211031413261123,-0.16875163317500666
2025-10-21 02:00:00+00:00,-0.16343011261510765,-0.38808492355632723,-0.1165103456071687,-0.2519028849678113,-0.3552299557788779,-0.06325961245737702,-0.049034246035033875,0.08329721736978775,-0.11949037908616196,-0.16875163317500666
2025-10-21 03:00:00+00:00,-0.16343011261510765,-0.4015812777964529,-0.13465177983648732,-0.2519028849678113,-0.32616603012769607,-0.07339461896255821,-0.049034246035033875,0.08419307967568347,-0.11949037908616196,-0.16875163317500666
2025-10-21 04:00:00+00:00,-0.16343011261510765,-0.41629072341526646,-0.13465177983648732,-0.2611688868731189,-0.32616603012769607,-0.08484411941864661,-0.049034246035033875,0.08510065655408229,-0.11949037908616196,-0.16875163317500666
2025-10-21 05:00:00+00:00,-0.16343011261510765,-0.41629072341526646,0.07196814004273973,-0.2611688868731189,-0.32616603012769607,-0.06537204504610125,0.03465081939745847,0.0700961106909626,-0.11949037908616196,-0.16875163317500666
2025-10-21 06:00:00+00:00,-0.16343011261510765,-0.41629072341526646,0.07196814004273973,-0.2611688868731189,-0.3215842929746524,-0.04091083219233645,0.028962893152572645,0.06386903850262925,-0.10275246654758652,-0.14518704881561045
2025-10-21 07:00:00+00:00,-0.18818982808460066,-0.4025126864968474,0.07196814004273973,-0.23516020771873228,-0.3170375695607743,0.007785697264455644,0.028962893152572645,0.051385601945336375,-0.10275246654758652,-0.10970680682685066
2025-10-21 08:00:00+00:00,-0.18818982808460066,-0.3870043230174428,0.08032450748094051,-0.21873877509543668,-0.3384940033686293,0.052548465466491896,0.02334173167297865,0.04505951380395884,-0.10275246654758652,-0.0924500327041463
2025-10-21 09:00:00+00:00,-0.21357442517237665,-0.37204094360139384,0.08032450748094051,-0.21873877509543668,-0.3314341250332145,0.075993458764639,0.028962893152572645,0.03834648723615344,-0.08048086304474122,-0.062368381695507014
2025-10-21 10:00:00+00:00,-0.21357442517237665,-0.37204094360139384,0.08032450748094051,-0.19619722512935076,-0.31786711223345554,0.075993458764639,0.028962893152572645,0.03834648723615344,-0.030816677568088896,-0.031540172280372196
2025-10-21 11:00:00+00:00,-0.21357442517237665,-0.37204094360139384,0.08032450748094051,-0.1517800387813316,-0.29893564897651537,0.13112273001063565,0.028962893152572645,0.021572315459684747,0.023139305295995772,-0.031540172280372196
2025-10-21 12:00:00+00:00,-0.21357442517237665,-0.32669823621752925,0.08032450748094051,-0.17541160386152949,-0.29893564897651537,0.17841031003512597,0.028962893152572645,0.021572315459684747,0.0733946189625618,0.0
2025-10-21 13:00:00+00:00,-0.21357442517237665,-0.32669823621752925,0.08032450748094051,-0.17541160386152949,-0.29893564897651537,0.22311398382869566,0.015542686383084254,0.021572315459684747,0.11949037908616193,0.030586355374363227
2025-10-21 14:00:00+00:00,-0.21357442517237665,-0.32669823621752925,0.08032450748094051,-0.17541160386152949,-0.29893564897651537,0.22311398382869566,-0.005474621078201999,-0.004847918623368237,0.11949037908616193,0.1194630125161174
2025-10-21 15:00:00+00:00,-0.12273249657701123,-0.36767029448150673,0.11070148180609904,-0.13524833681813683,-0.2657887169770526,0.22311398382869566,-0.06903802815487918,0.021689265847057722,0.11949037908616193,0.1642880193636055
2025-10-21 16:00:00+00:00,-0.12273249657701123,-0.36767029448150673,0.11070148180609904,-0.13524833681813683,-0.2657887169770526,0.09281689935481771,-0.034677205382226545,0.021689265847057722,0.0566138517072675,0.12508035675174725
2025-10-21 17:00:00+00:00,-0.12273249657701123,-0.3353820558858206,0.11070148180609904,-0.1642145142430643,-0.2657887169770526,-0.032713294970451647,-0.017312576464548476,0.06621765462320829,-0.006821688701130802,0.05009159724222669
2025-10-21 18:00:00+00:00,-0.12273249657701123,-0.27383459200809684,0.1351067802727158,-0.19204842490968493,-0.30571479921924394,-0.08673761991807766,-0.017312576464548476,0.06621765462320829,-0.06603573764590448,-0.01850976082688097
2025-10-21 19:00:00+00:00,-0.18490006540852758,-0.24786324786335306,0.1351067802727158,-0.19204842490968493,-0.3236430939832326,-0.13584756645493296,0.0002732667916980127,0.06621765462320829,-0.006821688701130802,-0.11066372489506349
2025-10-21 20:00:00+00:00,-0.18490006540852758,-0.24786324786335306,0.1351067802727158,-0.19204842490968493,-0.31468620778867296,-0.18509847129957158,0.01024836356671724,0.09359653028982393,-0.006821688701130802,-0.17252065682201181
2025-10-21 21:00:00+00:00,-0.18490006540852758,-0.24786324786335306,0.12168240994557569,-0.18066206046935765,-0.3103953789785211,-0.18509847129957158,0.020442029171868888,0.10836121044489956,-0.006821688701130802,-0.21751657923525403
2025-10-21 22:00:00+00:00,-0.18490006540852758,-0.2616090487687655,0.10900602936701131,-0.18066206046935765,-0.3103953789785211,-0.24482057314395353,0.030400569785943344,0.09592286670630967,-0.04331480818244987,-0.2644104022452887
2025-10-21 23:00:00+00:00,-0.22367995119447953,-0.23980048687257038,0.10900602936701131,-0.20672455764873474,-0.2511749373154259,-0.3080510391504132,0.030400569785943344,0.09592286670630967,-0.04331480818244987,-0.29022966998431743
2025-10-22 00:00:00+00:00,-0.16724840200152521,-0.23980048687257038,0.10900602936701131,-0.20672455764873474,-0.29184818148747044,-0.40417013797701173,0.03969581327385289,0.09592286670630967,-0.04331480818244987,-0.3078100505503417
2025-10-22 01:00:00+00:00,-0.16724840200152521,-0.23980048687257038,0.10900602936701131,-0.19511502530680924,-0.2510724783384959,-0.42700841014716556,0.040789169267522574,0.09565270967157707,-0.04331480818244987,-0.3266054296414809
2025-10-22 02:00:00+00:00,-0.16724840200152521,-0.25331222122311153,0.10732043087412263,-0.1868503656664596,-0.2510724783384959,-0.453393975927074,0.042001864289784696,0.09535461744676627,-0.05399171235732347,-0.33589409833260825
2025-10-22 03:00:00+00:00,-0.16724840200152521,-0.25331222122311153,0.10732043087412263,-0.1868503656664596,-0.27284187270651233,-0.453393975927074,0.04333372646997965,0.09469610989728325,-0.05399171235732347,-0.3458147122956897
2025-10-22 04:00:00+00:00,-0.16724840200152521,-0.25331222122311153,0.10732043087412263,-0.1868503656664596,-0.26517285941020385,-0.48440448515288403,0.04333372646997965,0.09469610989728325,-0.06677805632946264,-0.3564477855583379
2025-10-22 05:00:00+00:00,-0.16724840200152521,-0.25331222122311153,-0.011837013737148258,-0.1784940372209073,-0.25798875361749085,-0.4710557197662848,-0.03800743117935177,0.11540613462266391,-0.042735042735071484,-0.3538057069867719
2025-10-22 06:00:00+00:00,-0.14648113068413537,-0.25331222122311153,-0.011837013737148258,-0.14713497615036786,-0.2419482286182559,-0.41036467732905063,-0.03800743117935177,0.11540613462266391,-0.017576348305942555,-0.3484785400366634
2025-10-22 07:00:00+00:00,-0.12591415580871493,-0.25331222122311153,0.023357091793367722,-0.14713497615036786,-0.20465631997353234,-0.37313854684378206,-0.03800743117935177,0.11540613462266391,-0.017576348305942555,-0.33761524722786695
2025-10-22 08:00:00+00:00,-0.12591415580871493,-0.25331222122311153,0.023357091793367722,-0.14713497615036786,-0.1869200527749509,-0.33968311024358966,-0.030458331923985196,0.11540613462266391,-0.017576348305942555,-0.2994923912816239
2025-10-22 09:00:00+00:00,-0.10543268742896598,-0.25331222122311153,0.023357091793367722,-0.12198084125208138,-0.17883461161481612,-0.2937996968869918,-0.03800743117935177,0.11540613462266391,-0.017576348305942555,-0.2898007113658737
2025-10-22 10:00:00+00:00,-0.10543268742896598,-0.2820512820514865,0.023357091793367722,-0.12198084125208138,-0.10563521327320971,-0.09793323229566395,-0.03800743117935177,0.09329523342409879,-0.017576348305942555,-0.2731154967997528
2025-10-22 11:00:00+00:00,-0.10543268742896598,-0.2820512820514865,0.023357091793367722,-0.12198084125208138,-0.06740699633150986,0.04674463943062162,-0.03800743117935177,0.07161148740399247,-0.017576348305942555,-0.2731154967997528
2025-10-22 12:00:00+00:00,-0.1538950793218908,-0.2820512820514865,0.023357091793367722,-0.04939262663452233,-0.010628078852468302,0.13220103367231506,-0.054545727236396044,0.05116190220045973,-0.017576348305942555,-0.254205833574541
2025-10-22 13:00:00+00:00,-0.1538950793218908,-0.2820512820514865,0.023357091793367722,0.0,0.025854038859916748,0.21018462318447814,-0.037808264230265426,0.030370035426895557,-0.017576348305942555,-0.23343356974199622
2025-10-22 14:00:00+00:00,-0.1538950793218908,-0.2820512820514865,0.023357091793367722,0.0,0.08167518557754357,0.32956787381683295,-0.037808264230265426,-0.003066374025798904,-0.11958858700993853,-0.23343356974199622
2025-10-22 15:00:00+00:00,-0.1538950793218908,-0.23613851130953595,0.023357091793367722,0.0,0.10943176431348511,0.47177002398380885,-0.037808264230265426,-0.03717326567917856,-0.01900371558964505,-0.17112987867945703
2025-10-22 16:00:00+00:00,-0.1538950793218908,-0.23613851130953595,0.023357091793367722,-0.030844897974707543,-0.02475462877471318,0.3545493092108529,-0.05857371523837517,-0.03717326567917856,-0.0998803802653751,-0.19633275263172076
2025-10-22 17:00:00+00:00,-0.1538950793218908,-0.27157680570048215,0.023357091793367722,-0.030844897974707543,-0.11530544925841328,0.23119281988533935,-0.05857371523837517,-0.06439385454381404,-0.0998803802653751,-0.19633275263172076
2025-10-22 18:00:00+00:00,-0.20846726125284842,-0.30644960079754446,-0.08110526598005659,-0.030844897974707543,-0.1774013406025791,0.12615166006163875,-0.05857371523837517,-0.009481477458255696,-0.0998803802653751,-0.21983434114472186
2025-10-22 19:00:00+00:00,-0.17692023338425397,-0.2895511809223904,-0.057777522651612186,-0.004125235765352773,-0.18803366786393844,0.07655005507910452,-0.03021578850376091,0.04330167053960088,-0.14420462734547557,-0.20645263883313672
2025-10-22 20:00:00+00:00,-0.17692023338425397,-0.2895511809223904,-0.057777522651612186,-0.02181711298994571,-0.22812625878912474,0.024407655650846523,-0.03021578850376091,0.04330167053960088,-0.14420462734547557,-0.19626135351699783
2025-10-22 21:00:00+00:00,-0.17692023338425397,-0.279355399872399,-0.057777522651612186,-0.05425061588096823,-0.254543221739143,-0.047493922025513155,-0.03021578850376091,0.0618981666042356,-0.14420462734547557,-0.17635948132189178
2025-10-22 22:00:00+00:00,-0.17692023338425397,-0.279355399872399,-0.1192279943315195,-0.1011717031304903,-0.28855942874688906,-0.07205412945921907,-0.04279210144644956,0.10933188494941577,-0.19829014423272046,-0.15158987192522907
2025-10-22 23:00:00+00:00,-0.17692023338425397,-0.279355399872399,-0.1192279943315195,-0.12040477354169704,-0.37314244313918193,-0.1208581866022555,-0.029760534020532227,0.08058934534173516,-0.14420462734547557,-0.15158987192522907
2025-10-23 00:00:00+00:00,-0.2351995220965193,-0.279355399872399,-0.1192279943315195,-0.12040477354169704,-0.4448647410560435,-0.20260031551600297,-0.029760534020532227,0.08058934534173516,-0.14420462734547557,-0.17338863481626066
2025-10-23 01:00:00+00:00,-0.260683632988069,-0.279355399872399,-0.1192279943315195,-0.1366440234647113,-0.5101719238496372,-0.23340768272404971,-0.0409042647123076,0.08058934534173516,-0.12147038395790626,-0.17338863481626063
2025-10-23 02:00:00+00:00,-0.29224909200384847,-0.279355399872399,-0.1192279943315195,-0.14518353460306926,-0.5664354580423855,-0.272138618880936,-0.04507358233282655,0.08236379887683082,-0.13489107727854516,-0.18243428167503334
2025-10-23 03:00:00+00:00,-0.29224909200384847,-0.279355399872399,-0.09439620208662369,-0.15272962890486058,-0.5994457984919697,-0.370735262809526,-0.049211352623796854,0.08236379887683082,-0.1496813193817077,-0.19226476820202432
2025-10-23 04:00:00+00:00,-0.3177350253330177,-0.31078010754486624,-0.11360095595629938,-0.18314307154288792,-0.7047077846096248,-0.4881203304962812,-0.08203776125886197,0.04020452091723548,-0.16867469879530145,-0.23553275936145812
2025-10-23 05:00:00+00:00,-0.3177350253330177,-0.31078010754486624,-0.09505863757873716,-0.18314307154288792,-0.7047077846096248,-0.5030030300038933,-0.08203776125886197,0.021869903667465405,-0.18538035429719546,-0.23553275936145812
2025-10-23 06:00:00+00:00,-0.33600189216393656,-0.31078010754486624,-0.09505863757873716,-0.2005105743302603,-0.7075522435469833,-0.45783132530170967,-0.08203776125886197,-0.004440586647531054,-0.18538035429719546,-0.24053153990047815
2025-10-23 07:00:00+00:00,-0.33600189216393656,-0.31078010754486624,-0.12707620975586822,-0.18845198227099227,-0.7001872375980494,-0.4172485896234389,-0.09058134518056353,-0.004440586647531054,-0.18538035429719546,-0.2593897621261469
2025-10-23 08:00:00+00:00,-0.33600189216393656,-0.3257796720909828,-0.16010762850162502,-0.18845198227099227,-0.7001872375980494,-0.3802345503149299,-0.09058134518056353,-0.013676086212731453,-0.1576620564150089,-0.30537071042646996
2025-10-23 09:00:00+00:00,-0.33600189216393656,-0.3257796720909828,-0.16010762850162502,-0.2005105743302603,-0.7022634468147625,-0.3790278365443909,-0.08203776125886197,-0.023191932837127748,-0.1576620564150089,-0.3181184997961162
2025-10-23 10:00:00+00:00,-0.33600189216393656,-0.3257796720909828,-0.16010762850162502,-0.2005105743302603,-0.7154098755993755,-0.3790278365443909,-0.08203776125886197,-0.04574503671498359,-0.10545808983565962,-0.3181184997961162
2025-10-23 11:00:00+00:00,-0.3659512215736331,-0.2984792033278068,-0.16010762850162502,-0.17814798036841845,-0.7304794422566122,-0.3790278365443909,-0.08203776125886197,-0.04574503671498359,-0.10545808983565962,-0.2979007883425514
2025-10-23 12:00:00+00:00,-0.3659512215736331,-0.2984792033278068,-0.24342022732506918,-0.20294232252007033,-0.7577598217710483,-0.30615004913780186,-0.06445064852343944,-0.06914498447058018,-0.1686746987953015,-0.2979007883425514
2025-10-23 13:00:00+00:00,-0.3659512215736331,-0.2984792033278068,-0.24342022732506918,-0.23070182431121197,-0.7743678701863617,-0.23657091680647563,-0.06445064852343944,-0.06914498447058018,-0.1686746987953015,-0.2979007883425514
2025-10-23 14:00:00+00:00,-0.3659512215736331,-0.2984792033278068,-0.24342022732506918,-0.1880928842869755,-0.7966925003222062,-0.23657091680647563,-0.0933315538534695,-0.031692950689827006,-0.1686746987953015,-0.2500407000412594
2025-10-23 15:00:00+00:00,-0.3659512215736331,-0.2984792033278068,-0.3805944505853025,-0.14845665030696925,-0.7743678701863617,-0.14290089472732453,-0.06445064852343944,0.004451528561086032,-0.1686746987953015,-0.2937892519634818
2025-10-23 16:00:00+00:00,-0.2881937313036822,-0.2984792033278068,-0.3805944505853025,-0.18094856707890838,-0.7759047175537028,-0.2414020314070395,-0.0397422808837183,0.004451528561086032,-0.1686746987953015,-0.2937892519634818
2025-10-23 17:00:00+00:00,-0.2881937313036822,-0.26039606017292477,-0.3805944505853025,-0.18094856707890838,-0.77779840037562,-0.2414020314070395,-0.0397422808837183,0.004451528561086032,-0.08713824222275639,-0.2937892519634818
2025-10-23 18:00:00+00:00,-0.22523150916501591,-0.26039606017292477,-0.3805944505853025,-0.18094856707890838,-0.7822788161439478,-0.2414020314070395,-0.014686317664223146,-0.026285657423048617,0.0,-0.2937892519634818
2025-10-23 19:00:00+00:00,-0.26456458697413426,-0.24778351525289272,-0.4007702189418368,-0.22349807221457577,-0.7974562634045587,-0.25621768211485313,-0.045795307732106036,-0.052521076411863904,0.050816599465442855,-0.3157439921767781
2025-10-23 20:00:00+00:00,-0.26456458697413426,-0.22150102906161553,-0.4007702189418368,-0.22349807221457577,-0.7830912284545581,-0.25621768211485313,-0.045795307732106036,-0.052521076411863904,0.050816599465442855,-0.3070297765145219
2025-10-23 21:00:00+00:00,-0.26456458697413426,-0.20456024766039915,-0.4007702189418368,-0.21278840202620522,-0.7731548002695559,-0.25621768211485313,-0.045795307732106036,-0.052521076411863904,0.0,-0.29828509093149985
2025-10-23 22:00:00+00:00,-0.25134306576974624,-0.149669169526531,-0.3750072139663618,-0.17446220537604687,-0.7759212832904957,-0.3884363848039871,-0.04709538765516959,-0.10794197097652705,2.651375134180392e-13,-0.2651105797318298
2025-10-23 23:00:00+00:00,-0.23629734408276046,-0.17116335709875952,-0.40626338224597974,-0.24052868529524943,-0.7978901619952817,-0.4387214396331622,-0.11761781851211804,-0.15179448156324538,-0.05724108846004607,-0.2643238838520746
2025-10-24 00:00:00+00:00,-0.23629734408276046,-0.17116335709875952,-0.30007799112513667,-0.24052868529524943,-0.8063024526727982,-0.4387214396331622,-0.1614397421274257,-0.15179448156324538,0.0,-0.23061838117088795
2025-10-24 01:00:00+00:00,-0.23629734408276046,-0.17116335709875952,-0.30007799112513667,-0.24052868529524948,-0.8195439323876983,-0.3707858689591569,-0.1614397421274257,-0.16221991673163252,-0.0351075352369006,-0.24664873052447642
2025-10-24 02:00:00+00:00,-0.20891055536588798,-0.17116335709875952,-0.30007799112513667,-0.24052868529524948,-0.8305986378340363,-0.30700237974755684,-0.17244472707532146,-0.16221991673163252,-0.01661838052078916,-0.23061838117088795
2025-10-24 03:00:00+00:00,-0.20891055536588798,-0.17116335709875952,-0.3545998307463749,-0.24052868529524948,-0.8439041306377342,-0.25821323469668744,-0.17244472707532146,-0.15179448156324538,0.014223264007625157,-0.2161432392365245
2025-10-24 04:00:00+00:00,-0.17216643658171374,-0.13315062044052053,-0.3388582377771553,-0.20429592933767923,-0.8389745378450696,-0.20905249773055015,-0.12900826680548022,-0.11714431100906568,0.024636502337872124,-0.17722302371632775
2025-10-24 05:00:00+00:00,-0.15874112117851258,-0.09506009843493236,-0.32332099712353846,-0.17167489420559948,-0.8434094288098534,-0.19762922016658802,-0.09195814854191857,-0.09288013292723275,0.05559290329815417,-0.14224639861151128
2025-10-24 06:00:00+00:00,-0.15874112117851258,-0.09506009843493236,-0.32332099712353846,-0.17167489420559948,-0.8189439400609032,-0.22707293679270435,-0.09195814854191857,-0.07308885113308959,0.05559290329815417,-0.14224639861151128
2025-10-24 07:00:00+00:00,-0.18026097751486983,-0.12484129949184138,-0.32280566895603435,-0.15715503933081457,-0.8098817796758342,-0.2585557646789102,-0.09195814854191857,-0.07308885113308959,0.05559290329815417,-0.14224639861151128
2025-10-24 08:00:00+00:00,-0.18026097751486983,-0.12484129949184138,-0.32280566895603435,-0.15715503933081457,-0.7933884015735139,-0.2585557646789102,-0.09195814854191857,-0.07308885113308959,0.03376550543708674,-0.13010874770308525
2025-10-24 09:00:00+00:00,-0.1644980134004712,-0.13352889810275287,0.35326331075860773,-0.07993621173546381,-0.20924450253953492,0.029787814494760367,-0.18543142072032184,-0.09300703548015425,-0.031695537564845264,0.048385279221914594
2025-10-24 10:00:00+00:00,-0.16287982871714282,-0.12063588818663044,0.3551963460035549,-0.08530931751932515,-0.19185017176307753,0.012647610312131213,-0.1851710867117978,-0.08816284769282132,-0.032449150425731633,0.04225047690690261
2025-10-24 11:00:00+00:00,-0.1519558558052182,-0.13588407804652244,0.3551963460035549,-0.09934749547283665,-0.17930813751324096,0.012647610312131213,-0.19634406406415322,-0.08816284769282132,-0.032449150425731633,0.03273947480489384
2025-10-24 12:00:00+00:00,-0.1519558558052182,-0.1514401641561731,0.30811689402105313,-0.09934749547283665,-0.16181302967403913,-0.009854811374681857,-0.19634406406415322,-0.09622086667078829,-0.032449150425731633,0.014622388739580796
2025-10-24 13:00:00+00:00,-0.17202805580744882,-0.1514401641561731,0.29297638914760477,-0.09934749547283665,-0.14507317934161632,-0.009854811374681857,-0.20457566852220768,-0.09622086667078829,-0.032449150425731633,-0.012083870078245842
2025-10-24 14:00:00+00:00,-0.20614076423138017,-0.1540639749072237,0.2882286975299172,-0.10293075000949618,-0.11426359006068637,-0.009107967288220414,-0.20469248753707972,-0.12055399799621157,-0.011261865727617839,-0.06466976964559848
2025-10-24 15:00:00+00:00,-0.23138621403164297,-0.15670071293803886,0.3054689431986488,-0.09491934212593285,-0.08897388689850562,-0.008358576793687313,-0.2152699338097756,-0.13654799782829793,-0.01173837979351855,-0.07675481636761099
2025-10-24 16:00:00+00:00,-0.23138621403164297,-0.15819961181579917,0.3054689431986488,-0.09491934212593285,-0.09146489989890857,-0.008358576793687313,-0.2152699338097756,-0.1395252888771244,-0.01173837979351855,-0.079691656573777
2025-10-24 17:00:00+00:00,-0.23138621403164297,-0.15819961181579917,0.3054689431986488,-0.09491934212593285,-0.1009892025727407,-0.008358576793687313,-0.2152699338097756,-0.14421271548994263,-0.01173837979351855,-0.08308296731755456
2025-10-24 18:00:00+00:00,-0.2168083386155113,-0.16593293196029796,0.3054689431986488,-0.09491934212593285,-0.10240606104413948,-0.008358576793687313,-0.21050240984401808,-0.14421271548994263,-0.01173837979351855,-0.0869560447497387
2025-10-24 19:00:00+00:00,-0.2168083386155113,-0.1529723484831145,0.3054689431986488,-0.09491934212593285,-0.11014477555704787,-0.008358576793687313,-0.21050240984401808,-0.14421271548994263,-0.010511158890877557,-0.09140678947511763
2025-10-24 20:00:00+00:00,-0.2168083386155113,-0.1247526256560757,0.30797546262977465,-0.09945549677211642,-0.14513952326049465,-0.008358576793687313,-0.2171553959148247,-0.14421271548994263,-0.010511158890877557,-0.09140678947511763
2025-10-24 21:00:00+00:00,-0.2168083386155113,-0.10523653000450947,0.30797546262977465,-0.09397570119453796,-0.20797785973850946,-0.008358576793687313,-0.2171553959148247,-0.15458389598250635,-0.010511158890877557,-0.07510688064942064
2025-10-24 22:00:00+00:00,-0.19613303779977834,-0.09222675691010006,0.3067024609615244,-0.08533670392267173,-0.20892650031194418,-0.009207741720432048,-0.20371295087425562,-0.1500499225159225,-0.004698125569433109,-0.058186869234115375
2025-10-24 23:00:00+00:00,-0.19719810233206012,-0.09098481901628226,0.2833012325353797,-0.08787563746277152,-0.20467346678273224,-0.009984704860382465,-0.2040251133344603,-0.1514955685226548,-0.004697004243154389,-0.058172981469011724
2025-10-25 00:00:00+00:00,-0.19719810233206012,-0.08997467223073409,0.3055380876986717,-0.0875157745878577,-0.19447385302928355,-0.009984704860382465,-0.2040251133344603,-0.15440184715762084,0.006142634422530457,-0.058172981469011724
2025-10-25 01:00:00+00:00,-0.193485067985498,-0.08556394524015622,0.3064963613919313,-0.08231693485857922,-0.211721876188858,0.0027222672449732305,-0.19857251883182156,-0.15035854047422517,0.0065933002907584155,-0.05833380892021171
2025-10-25 02:00:00+00:00,-0.193485067985498,-0.08166651000386584,0.30929071272952446,-0.07972334777944239,-0.2192534550557101,0.016267891075094208,-0.19857251883182156,-0.14972597935927587,0.029814225052350627,-0.06110526761271552
2025-10-25 03:00:00+00:00,-0.19568520460521494,-0.07769625507915162,0.30929071272952446,-0.07972334777944239,-0.2259516736708994,0.03207300953367867,-0.19857251883182156,-0.14630200127379817,0.06627038997554309,-0.06380823197867365
2025-10-25 04:00:00+00:00,-0.19568520460521494,-0.07363890938110229,0.30929071272952446,-0.07709047957552899,-0.24958741035129503,0.03207300953367867,-0.19674037594939037,-0.1441597569807781,0.08923181690755361,-0.06645046351244105
2025-10-25 05:00:00+00:00,-0.1982184698301376,-0.06947747409524112,0.3132948780745634,-0.07441319078773252,-0.2768844197446708,0.04533168058108537,-0.19699808353282436,-0.13297904497042848,0.13480793208860148,-0.06903865103819745
2025-10-25 06:00:00+00:00,-0.200489846608122,-0.059527128997152574,0.32010527347898393,-0.052708920117093994,-0.3053392533928624,0.060454679131410796,-0.1987570239978497,-0.1258915314953321,0.15344046444992107,-0.07355381270159105
2025-10-25 07:00:00+00:00,-0.200489846608122,-0.03156152111064602,0.37361072069513807,-0.052708920117093994,-0.3053392533928624,0.07984130179185624,-0.18966362846028262,-0.1258915314953321,0.1776355313129625,-0.08397681265170051
2025-10-25 08:00:00+00:00,-0.200489846608122,-0.021344740056539403,0.38737425993031416,-0.03817179994926288,-0.3348709779085127,0.07984130179185624,-0.18966362846028262,-0.1258915314953321,0.20274099517302765,-0.09737015264539252
2025-10-25 09:00:00+00:00,-0.3771293177999242,-0.20734446931995162,-0.18807483732895616,-0.1266183096749903,0.25972520189726755,-0.3326739195654765,-0.18011987474547111,-0.12448775800909215,0.0,-0.3737654899570533
2025-10-25 10:00:00+00:00,-0.3771293177999242,-0.20734446931995162,-0.18807483732895616,-0.0761048818838127,0.15048231635705883,-0.3160814658630342,-0.16685761268951013,-0.08759357437149307,0.0,-0.3912193093930215
2025-10-25 11:00:00+00:00,-0.38444499911244934,-0.1672052113966364,-0.17434645333733453,0.020120146565531242,0.05008437978552671,-0.3043662833348256,-0.13122885516528476,-0.037537205120237366,0.1000207821000007,-0.4104006130897198
2025-10-25 12:00:00+00:00,-0.39320968726620636,-0.1210977399934369,-0.06084539547330583,0.06105450925246339,-0.09096277474314403,-0.22934033678442298,-0.13278490774285823,0.04688286573653646,0.2171194710618536,-0.4209763215842774
2025-10-25 13:00:00+00:00,-0.39320968726620636,-0.1210977399934369,0.056018526523047,0.024496974249254396,-0.2847808993274734,-0.22934033678442298,-0.10348102682369607,0.04688286573653646,0.07653587776843972,-0.3916688432015112
2025-10-25 14:00:00+00:00,-0.3413124144841715,-0.1210977399934369,0.056018526523047,-0.011571137082747684,-0.46492640045066497,-0.22934033678442298,-0.07430536420789227,0.14537766189461832,-0.05950119882606154,-0.3361111591380098
2025-10-25 15:00:00+00:00,-0.3413124144841715,-0.1210977399934369,0.056018526523047,-0.04793509940278376,-0.5948830634543643,-0.22934033678442298,-0.04522886099648934,0.14537766189461832,-0.05950119882606154,-0.3361111591380098
2025-10-25 16:00:00+00:00,-0.27741787751902214,-0.17287692604898494,0.056018526523047,-0.04793509940278376,-0.4600813849055342,-0.12265788528875328,-0.04522886099648934,0.19109103974259695,0.06468462273537841,-0.3361111591380098
2025-10-25 17:00:00+00:00,-0.2242861971056962,-0.17287692604898494,0.056018526523047,-0.04793509940278376,-0.43161502154934844,-0.12265788528875328,-0.01872166014553809,0.09751573787194093,-0.05950119882606154,-0.3361111591380098
2025-10-25 18:00:00+00:00,-0.17656300480777118,-0.2207390076148193,0.056018526523047,-0.10997698759514614,-0.39529041062100434,-0.12265788528875328,-0.01872166014553809,0.09751573787194093,-0.1858728460090679,-0.31427037114423556
2025-10-25 19:00:00+00:00,-0.12441159754558233,-0.2207390076148193,0.056018526523047,-0.16426095954414993,-0.36511738543021266,-0.12265788528875328,-0.01872166014553809,0.09751573787194093,-0.1858728460090679,-0.333515667329234
2025-10-25 20:00:00+00:00,-0.12441159754558233,-0.2207390076148193,0.004680415036220213,-0.20205815956367035,-0.36511738543021266,-0.12265788528875328,-0.031073487654581594,0.09751573787194093,-0.1244115975454014,-0.3294629053194656
2025-10-25 21:00:00+00:00,-0.12441159754558233,-0.2207390076148193,0.056018526523047,-0.22086067584580338,-0.36511738543021266,-0.12265788528875328,-0.031073487654581594,0.05373656668116215,-0.1244115975454014,-0.3278307458990506
2025-10-25 22:00:00+00:00,-0.10094506716806477,-0.23089036749426115,0.056018526523047,-0.24306644198728244,-0.34911742254884903,-0.17317535634734163,-0.01872166014553809,0.05373656668116215,-0.004680415036424005,-0.3324706477284675
2025-10-25 23:00:00+00:00,-0.10094506716806477,-0.2518150774047272,0.005409199893042715,-0.2955674619269396,-0.23929928554471902,-0.17317535634734163,-0.045456496709252406,0.07166877863402511,-0.004680415036424005,-0.34795882910681447
2025-10-26 00:00:00+00:00,-0.10094506716806477,-0.2793084802796368,0.005409199893042715,-0.2955674619269396,-0.17098959878613929,-0.17317535634734163,-0.045456496709252406,0.07166877863402511,-0.004680415036424005,-0.35922941256166346
2025-10-26 01:00:00+00:00,-0.06468462273522044,-0.3485049177950284,-0.054668484120072906,-0.31288075603859833,-0.140277225477245,-0.17317535634734163,-0.045456496709252406,0.07166877863402511,-0.004680415036424005,-0.3839952537869184
2025-10-26 02:00:00+00:00,-0.06468462273522044,-0.35573115100552866,-0.05950119882629329,-0.3172912364807661,-0.13720127946985047,-0.16805557956912834,-0.045456496709252406,0.07519434656052378,-0.009435221945340378,-0.38931641102158177
2025-10-26 03:00:00+00:00,-0.06468462273522044,-0.3641204223997252,-0.054668484120072906,-0.3220701621372778,-0.13830154083901652,-0.16805557956912834,-0.045367638154980794,0.07519434656052378,-0.009435221945340378,-0.395267154048711
2025-10-26 04:00:00+00:00,-0.06468462273522044,-0.3739110523085436,-0.05010449332196297,-0.3220701621372778,-0.13977685306762277,-0.18587284600865692,-0.04576696454795782,0.09468127710215352,-0.009435221945340378,-0.39941201331298637
2025-10-26 05:00:00+00:00,-0.06468462273522044,-0.3739110523085436,-0.05010449332196297,-0.32820063163547986,-0.14303963178740312,-0.18587284600865692,-0.044557790218117656,0.09179061651913588,-0.009435221945340378,-0.40653041891006203
2025-10-26 06:00:00+00:00,-0.0633801242313583,-0.38541937172422286,-0.05010449332196297,-0.31632275334153237,-0.14303963178740312,-0.18587284600865692,-0.042826699741895534,0.09155960825284724,-0.009435221945340378,-0.4145370962704072
2025-10-26 07:00:00+00:00,-0.05767816152656704,-0.4041094641845671,-0.0763232776972897,-0.31129438624515776,-0.21971852670442527,-0.18209409032849838,-0.08154643128207487,0.05782948551868425,-0.04311751403466119,-0.39511779734259384
2025-10-26 08:00:00+00:00,-0.09654580859942384,-0.4041094641845671,-0.0763232776972897,-0.2709569477952543,-0.1912093376803477,-0.03911102817890558,-0.08154643128207487,0.08427887892590094,-0.10925645419711275,-0.35153583724314064
2025-10-26 09:00:00+00:00,-0.09654580859942384,-0.37119007697932516,0.0,-0.2544918147843546,-0.1912093376803477,0.05921771824291365,-0.0620535132024702,0.11136279654397387,-0.10925645419711275,-0.3250806272292817
2025-10-26 10:00:00+00:00,-0.09654580859942384,-0.3385416761542842,0.08129248815347548,-0.24144359458938325,-0.20894467459624075,0.05921771824291365,-0.0620535132024702,0.08021482673139127,-0.10925645419711275,-0.28470242339609414
2025-10-26 11:00:00+00:00,-0.09654580859942384,-0.30602459975745805,0.17066403719673245,-0.22829965993008902,-0.23572738908804855,0.15251965959593466,-0.026417908119781168,0.10867626315010405,-0.1782527733068695,-0.2510824020001619
2025-10-26 12:00:00+00:00,-0.09654580859942384,-0.27349593127637906,0.2729501574497644,-0.20030010723284164,-0.23572738908804855,0.19207603672390414,-0.008154643128109299,0.13443656105003682,-0.1782527733068695,-0.22678212772976356
2025-10-26 13:00:00+00:00,-0.16422154636070513,-0.3251683280597631,0.2729501574497644,-0.11877790055471941,-0.20203766740150428,0.3238122433328181,-0.008154643128109299,0.1836608065691674,-0.1782527733068695,-0.1753682580422025
2025-10-26 14:00:00+00:00,-0.16422154636070513,-0.2637250460303281,0.2729501574497644,-0.06178602942413368,-0.1315675231551684,0.4787224302371243,-0.008154643128109299,0.1836608065691674,-0.05098634529198595,-0.09721280981646842
2025-10-26 15:00:00+00:00,-0.16422154636070513,-0.2637250460303281,0.2729501574497644,-0.032935670531562676,-0.1315675231551684,0.6403986873362307,-0.008154643128109299,0.1836608065691674,-0.05098634529198595,-0.07174101145246885
2025-10-26 16:00:00+00:00,-0.23087041186766605,-0.3233248265594535,0.2729501574497644,-0.05911157572315356,-0.1651307662584,0.5143782395507454,-0.008154643128109299,0.09298916739324496,-0.15809755146042437,-0.14027780770231152
2025-10-26 17:00:00+00:00,-0.28839080763192976,-0.38470645017530336,0.2729501574497644,-0.11119962984505503,-0.13459826660701735,0.3483665071461308,-0.038480070552273905,0.09298916739324496,-0.15809755146042437,-0.20911741636129536
2025-10-26 18:00:00+00:00,-0.28839080763192976,-0.38470645017530336,0.39821608679237575,-0.15875026741769538,-0.13459826660701735,0.20599343402292714,-0.038480070552273905,0.09298916739324496,-0.15809755146042437,-0.25393637841014116
2025-10-26 19:00:00+00:00,-0.3313217024720687,-0.3355492635897428,0.39821608679237575,-0.18104988453097293,-0.16328481241641138,0.07888947910134705,-0.038480070552273905,0.09298916739324496,-0.15809755146042437,-0.2739857934062487
2025-10-26 20:00:00+00:00,-0.37680355328087445,-0.36070420968169115,0.3666177875537034,-0.2119481921032228,-0.20855913181163654,-0.019655129761694676,-0.07048046982718931,0.06572677967735129,-0.1296741071159206,-0.31414615634319054
2025-10-26 21:00:00+00:00,-0.4201868300707421,-0.3969179737969351,0.14150511186018772,-0.21800845760479218,-0.2482699821527515,-0.05380585287266055,-0.10061709297180917,0.040302455156476694,-0.15717840796709526,-0.3859566755869407
2025-10-26 22:00:00+00:00,-0.4201868300707421,-0.4108561821257547,0.14150511186018772,-0.1938413373830675,-0.2361554927827947,-0.07693107913855086,-0.08917957260277977,0.040302455156476694,-0.2291372824534415,-0.3859566755869407
2025-10-26 23:00:00+00:00,-0.4201868300707421,-0.37679617228720036,0.09643312055575202,-0.17844451512859066,-0.2361554927827947,-0.10440912384330199,-0.07605784507570437,0.040302455156476694,-0.2291372824534415,-0.39331944453904405
2025-10-27 00:00:00+00:00,-0.4201868300707421,-0.26688338601135253,0.09643312055575202,-0.17844451512859066,-0.1564723335456104,-0.10440912384330199,-0.07605784507570437,0.05411968616584805,-0.15717840796709526,-0.4078151607776288
2025-10-27 01:00:00+00:00,-0.47356668257331136,-0.19135437060869556,0.09643312055575202,-0.1639801775461817,-0.10953111512575923,-0.10440912384330199,-0.07605784507570437,0.05411968616584805,-0.15717840796709526,-0.4078151607776288
2025-10-27 02:00:00+00:00,-0.47356668257331136,-0.18532461783298185,0.12197292906815843,-0.1628163591939097,-0.11923929502759527,-0.10440912384330199,-0.07601929284654846,0.04846712737130844,-0.15717840796709526,-0.4024767493654109
2025-10-27 03:00:00+00:00,-0.47356668257331136,-0.18224118874653275,0.09643312055575202,-0.16183048938772487,-0.12131022248384947,-0.10440912384330199,-0.07601929284654846,0.04315865450685095,-0.15717840796709526,-0.4024767493654109
2025-10-27 04:00:00+00:00,-0.47356668257331136,-0.1810426540282722,0.09643312055575202,-0.16183048938772487,-0.12490362755232377,-0.10440912384330199,-0.07601929284654846,0.03814531724423958,-0.15717840796709526,-0.4078151607776288
2025-10-27 05:00:00+00:00,-0.48146299285410643,-0.17903612759547513,0.09643312055575202,-0.16563874362217432,-0.12765227052014647,-0.0990329485863806,-0.07601929284654846,0.04242502619762924,-0.1645658616377251,-0.4110900962337976
2025-10-27 06:00:00+00:00,-0.4690078937753439,-0.17903612759547513,0.07619506023251804,-0.17372433937763798,-0.13535943691981156,-0.08490453606511328,-0.07601929284654846,0.04600628115719758,-0.1784733871404709,-0.41465160958929886
2025-10-27 07:00:00+00:00,-0.4383570037602204,-0.1583102571886393,0.08574929257108958,-0.16298536487941154,-0.12414713582173798,-0.04317552468778924,-0.042775742702294166,0.06676261540877212,-0.20377068324356987,-0.37919997359384827
2025-10-27 08:00:00+00:00,-0.39779605275069746,-0.1583102571886393,0.08574929257108958,-0.19914940455721292,-0.171531071062876,-0.04317552468778924,-0.042775742702294166,0.04576825583450757,-0.20377068324356987,-0.3227942940324111
2025-10-27 09:00:00+00:00,-0.4383570037602204,-0.1583102571886393,0.08574929257108958,-0.19914940455721292,-0.2003436113646361,-0.009383985068849058,-0.06040480248319227,0.04576825583450757,-0.27201355969050484,-0.29344484415485694
2025-10-27 10:00:00+00:00,-0.4383570037602204,-0.18488457380228532,0.010140923929164108,-0.2127832967651241,-0.21305669964351703,0.06063390625913076,-0.07718039326790294,0.07033370451313703,-0.27201355969050484,-0.2815337138819542
2025-10-27 11:00:00+00:00,-0.430817958203693,-0.2065304478617428,0.022031246145265863,-0.20956402192741058,-0.16066341689145214,0.11840944768655703,-0.0994195288162397,0.07033677938551111,-0.2732357985067195,-0.26445036919038206
2025-10-27 12:00:00+00:00,-0.4245923585675088,-0.22614155742223346,0.03319325381104596,-0.195014932290867,-0.11198633383782379,0.16852164138738981,-0.09122541390979023,0.05071831293433684,-0.2256658339262177,-0.22731870509844423
2025-10-27 13:00:00+00:00,-0.37672295268740563,-0.18531808376533318,0.03319325381104596,-0.14189852645983303,-0.06519829918583817,0.2141788742608624,-0.09122541390979023,0.05071831293433684,-0.11910389835830139,-0.15717391806578293
2025-10-27 14:00:00+00:00,-0.31074668915904563,-0.18531808376533318,0.1367771184184266,-0.09133864402636385,-0.06519829918583817,0.3050762447505202,-0.0625654976247814,0.08767684887739725,-0.11910389835830139,-0.08814045977720313
2025-10-27 15:00:00+00:00,-0.24641737175948708,-0.1403492476606118,0.2246515857153511,-0.06756204990437942,-0.020665336826874367,0.35328219691993235,-0.034375233171330316,0.12480699444831328,-0.11910389835830139,-0.024067633722705487
2025-10-27 16:00:00+00:00,-0.3022135919399037,-0.1403492476606118,0.12549970964648058,-0.0888869117582761,2.1642616772053708e-13,0.3044447652618782,-0.08348950099116172,0.0874680921999077,-0.11910389835830139,-0.06283246469168798
2025-10-27 17:00:00+00:00,-0.3022135919399037,-0.10140046092819602,0.0384622438005449,-0.10926198807004749,-0.02042070769626589,0.3044447652618782,-0.1068571237644492,0.0874680921999077,-0.02872110613606407,-0.1007670698655855
2025-10-27 18:00:00+00:00,-0.3022135919399037,-0.13730608398509564,-0.1223798666377655,-0.06849425217085842,-0.02042070769626589,0.24924809575608675,-0.1068571237644492,0.12270335511003125,-0.02872110613606407,-0.15522405826823119
2025-10-27 19:00:00+00:00,-0.25866909672323607,-0.17138676982749498,-0.19515902018424314,-0.047295070676848155,2.177418404328917e-13,0.14674617887421093,-0.1068571237644492,0.08606757862662633,0.06838855920912386,-0.1895362843592124
2025-10-27 20:00:00+00:00,-0.25866909672323607,-0.20011914662283894,-0.2638660465149412,-0.047295070676848155,0.02118218463670594,0.06014452048238902,-0.1068571237644492,0.01786305904747443,0.06838855920912386,-0.20485870517621166
2025-10-27 21:00:00+00:00,-0.25866909672323607,-0.2270008642393535,-0.2638660465149412,-0.10652358584581745,0.08833227069954352,-0.016396615615492945,-0.12856708162938818,-0.09433516723054859,0.1753823360002707,-0.1914040653976773
2025-10-27 22:00:00+00:00,-0.25866909672323607,-0.2270008642393535,-0.3163174717821513,-0.10652358584581745,0.09902157181795056,-0.05169689148244603,-0.12856708162938818,-0.10716199492200101,0.11967997861596676,-0.20195710658328236
2025-10-27 23:00:00+00:00,-0.25866909672323607,-0.2270008642393535,-0.3163174717821513,-0.10652358584581745,0.08957353441242433,-0.08975054100955204,-0.07393578776570152,-0.10716199492200101,0.15370897969998387,-0.19262984318173426
2025-10-28 00:00:00+00:00,-0.25866909672323607,-0.2270008642393535,-0.3163174717821513,-0.10652358584581745,0.08957353441242433,-0.1134767613146449,-0.06196708170888379,-0.12536605354832878,0.11967997861596678,-0.18095386578614803
2025-10-28 01:00:00+00:00,-0.25866909672323607,-0.2270008642393535,-0.2638660465149412,-0.11887535401567809,0.11098210704626309,-0.16639666609593093,-0.06196708170888379,-0.15758239578169353,0.15370897969998387,-0.19262984318173426
2025-10-28 02:00:00+00:00,-0.25866909672323607,-0.2270008642393535,-0.2638660465149412,-0.11887535401567809,0.10717792860698964,-0.16639666609593093,-0.06270503519382752,-0.15758239578169353,0.15370897969998387,-0.19904266094933162
2025-10-28 03:00:00+00:00,-0.25866909672323607,-0.2270008642393535,-0.2750586711149337,-0.11887535401567809,0.09597369937664862,-0.1828295241416466,-0.0623547836040217,-0.15758239578169353,0.15370897969998387,-0.20213417340753193
2025-10-28 04:00:00+00:00,-0.25866909672323607,-0.2270008642393535,-0.2750586711149337,-0.11887535401567809,0.09266291396642454,-0.19068072596117305,-0.06059165294537332,-0.15758239578169353,0.15370897969998387,-0.20547914128917188
2025-10-28 05:00:00+00:00,-0.2506021686763831,-0.23263961803669153,-0.2750586711149337,-0.11887535401567809,0.08816257949538556,-0.19230230358235653,-0.06120721178787328,-0.1572267700958965,0.16822362165408958,-0.20547914128917188
2025-10-28 06:00:00+00:00,-0.2613903307611264,-0.2355616926368611,-0.29574395652026425,-0.1019141009573453,0.0596722182987105,-0.19139486628635735,-0.06588525286811814,-0.14551246969110365,0.20031446560315644,-0.22269731022648073
2025-10-28 07:00:00+00:00,-0.2613903307611264,-0.2355616926368611,-0.29574395652026425,-0.07688970145625787,0.0506592858822502,-0.12520876097727973,-0.06588525286811814,-0.12808304891663153,0.24294709796281716,-0.1704224301419213
2025-10-28 08:00:00+00:00,-0.2613903307611264,-0.2355616926368611,-0.3197426882358521,-0.053293409522896094,0.03204272821211033,-0.09725875871603412,-0.06588525286811814,-0.09374016433692785,0.24294709796281716,-0.1451274818007227
2025-10-28 09:00:00+00:00,-0.22809200733094295,-0.2355616926368611,-0.26988197567898264,-0.04207664414536209,0.02239766913605278,-0.04218219876484546,-0.05498375944928858,-0.09374016433692785,0.24294709796281716,-0.11268462963281797
2025-10-28 10:00:00+00:00,-0.22809200733094295,-0.21551932518157363,-0.24384061259788295,-0.052113063096673407,-0.015571365634384216,0.008182919737686575,-0.05498375944928858,-0.09374016433692785,0.24294709796281716,-0.09411557574865147
2025-10-28 11:00:00+00:00,-0.22809200733094295,-0.1773366792583404,-0.24384061259788295,-0.052113063096673407,-0.08799212158780663,0.05803382455384945,-0.05498375944928858,-0.14776829450433718,0.24294709796281716,-0.05637146200684854
2025-10-28 12:00:00+00:00,-0.22809200733094295,-0.13945889299896666,-0.15393570219746835,-0.052113063096673407,-0.12630393720983896,0.1075688215201317,-0.07499619003529807,-0.11924643351679606,0.24294709796281716,-0.017753302721526556
2025-10-28 13:00:00+00:00,-0.22809200733094295,-0.1017983782607504,-0.06803035919929681,-0.052113063096673407,-0.18789466398441518,0.15229306194647602,-0.07499619003529807,-0.11924643351679606,0.29933358047626607,0.02055468067843872
2025-10-28 14:00:00+00:00,-0.2914064452979933,-0.1017983782607504,-0.06803035919929681,-0.052113063096673407,-0.2306798031741138,0.15229306194647602,-0.09554470484547692,-0.11924643351679606,0.3714975064362796,0.0391522538621323
2025-10-28 15:00:00+00:00,-0.3566102169687718,-0.1017983782607504,-0.15393570219746835,-0.010468614286507695,-0.29231337888986275,0.15229306194647602,-0.11637383470694249,-0.11924643351679606,0.4364064009875811,0.07628495228425534
2025-10-28 16:00:00+00:00,-0.3566102169687718,-0.1017983782607504,-0.15393570219746835,-0.010468614286507695,-0.27459746622458214,0.05824406285500567,-0.09814285181005289,-0.11924643351679606,0.35335861831776394,0.0580634791745758
2025-10-28 17:00:00+00:00,-0.3566102169687718,-0.1377209771635707,-0.15393570219746835,-0.029751131390949235,-0.22793260404604407,-0.0308033031126365,-0.07949846364572803,-0.14488806817482688,0.1526945144577252,0.04003326037772538
2025-10-28 18:00:00+00:00,-0.3931400813986359,-0.1377209771635707,-0.15393570219746835,-0.06723504897356884,-0.19368229990892952,-0.07303503043295545,-0.07949846364572803,-0.1967613142995769,0.09637357669736245,0.022085353553785367
2025-10-28 19:00:00+00:00,-0.4277236655362919,-0.1377209771635707,-0.15393570219746835,-0.08525539307840078,-0.1402858845551391,-0.07303503043295545,-0.07949846364572803,-0.21928382004148225,-0.05367912306884529,0.004453632436871026
2025-10-28 20:00:00+00:00,-0.4277236655362919,-0.1377209771635707,-0.07421236035587742,-0.08525539307840078,-0.058169424505057694,-0.0308033031126365,-0.09762483006113767,-0.21928382004148225,-0.14735459341133994,-0.012830152526969627
2025-10-28 21:00:00+00:00,-0.4277236655362919,-0.1377209771635707,0.009071900506593891,-0.08525539307840078,-0.058169424505057694,-0.0308033031126365,-0.09762483006113767,-0.17908076663840994,-0.19687123938642448,-0.012830152526969627
2025-10-28 22:00:00+00:00,-0.4277236655362918,-0.1377209771635707,-0.03180529729537603,-0.10283316527040512,-0.04723417712361367,-0.05112452130314506,-0.09762483006113767,-0.15013320235995994,-0.17141248621319136,-0.012830152526969627
2025-10-28 23:00:00+00:00,-0.38926897342494887,-0.15537647208245015,-0.03180529729537603,-0.13576884666043146,0.009998139974795713,-0.05112452130314506,-0.10995189195331821,-0.15013320235995994,-0.2033632357944804,-0.03008573028643676
2025-10-29 00:00:00+00:00,-0.38926897342494887,-0.17973202758981402,-0.0784317402870386,-0.1483073981729165,0.009998139974795713,-0.07650209626571539,-0.12233681735168092,-0.15013320235995994,-0.2033632357944804,-0.04914106738652187
2025-10-29 01:00:00+00:00,-0.38926897342494887,-0.2065872224476858,-0.13531653386556192,-0.1483073981729165,0.009998139974795713,-0.07650209626571539,-0.12233681735168092,-0.13525329675049533,-0.2392956578843727,-0.059195243699607984
2025-10-29 02:00:00+00:00,-0.38926897342494887,-0.2065872224476858,-0.13531653386556192,-0.15327657909053538,0.009308598538648074,-0.0808660605939071,-0.12233681735168092,-0.13195730106968545,-0.2425429642592704,-0.06003119425742508
2025-10-29 03:00:00+00:00,-0.38926897342494887,-0.2157060051911413,-0.12434300289418303,-0.1590914301565542,0.010067996824208312,-0.08337900147268787,-0.12233681735168092,-0.13195730106968545,-0.23088438194095226,-0.06161039997561469
2025-10-29 04:00:00+00:00,-0.38926897342494887,-0.22657833054827736,-0.12434300289418303,-0.16598572415165305,0.00888361855126204,-0.08645478345958055,-0.12805192893161638,-0.13452132697655275,-0.23372024847358455,-0.06349572238352257
2025-10-29 05:00:00+00:00,-0.38926897342494887,-0.22657833054827736,-0.12434300289418303,-0.17161259334552822,0.00888361855126204,-0.0865355877342495,-0.1300355740140455,-0.1352662449396486,-0.23372024847358455,-0.06577338193908554
2025-10-29 06:00:00+00:00,-0.38926897342494887,-0.22657833054827736,-0.12434300289418303,-0.12907261144755114,0.04339345519819049,-0.05864070928754691,-0.1300355740140455,-0.1352662449396486,-0.23372024847358455,-0.05519495587665802
2025-10-29 07:00:00+00:00,-0.38926897342494887,-0.22657833054827736,-0.07496580465087807,-0.11490101494090188,0.020897371484762426,-0.05864070928754691,-0.14376271408341496,-0.1179882428600252,-0.2564199817869562,-0.06800424883368564
2025-10-29 08:00:00+00:00,-0.38926897342494887,-0.19973173137781727,0.020457299344750452,-0.1012965219986917,0.00913050416443396,-0.02865192609088381,-0.14376271408341496,-0.1179882428600252,-0.2564199817869562,-0.06800424883368564
2025-10-29 09:00:00+00:00,-0.42042687212711327,-0.1741320511029459,0.020457299344750452,-0.08877106793184034,0.00913050416443396,-0.05864070928754691,-0.15796946475686513,-0.10250973993372063,-0.23372024847358455,-0.06800424883368564
2025-10-29 10:00:00+00:00,-0.42042687212711327,-0.1741320511029459,0.020457299344750452,-0.05713447695787255,-0.014167431074915282,-0.05864070928754691,-0.14577876642883367,-0.10250973993372063,-0.23372024847358455,-0.06800424883368564
2025-10-29 11:00:00+00:00,-0.42042687212711327,-0.1741320511029459,-0.07197569080199091,-0.03379913666006209,-0.014167431074915282,-0.05864070928754691,-0.14577876642883367,-0.07603379350870305,-0.18415840952391815,-0.044876573019765435
2025-10-29 12:00:00+00:00,-0.4623744627108082,-0.1741320511029459,-0.07197569080199091,0.01424021956964379,-0.014167431074915282,-0.0011460770437884949,-0.16834129622639882,-0.07603379350870305,-0.12806221251106778,-0.02142458566067023
2025-10-29 13:00:00+00:00,-0.4623744627108082,-0.1741320511029459,-0.16492477023173613,0.037948212151074696,0.029425589682048503,0.051937832994128075,-0.16834129622639882,-0.046938164136966415,-0.07138922148662818,-0.02142458566067023
2025-10-29 14:00:00+00:00,-0.4623744627108082,-0.1741320511029459,-0.16492477023173613,0.06124631261774652,0.007987060793000812,0.14816082964118388,-0.16834129622639882,-0.046938164136966415,-0.12806221251106778,-0.02142458566067023
2025-10-29 15:00:00+00:00,-0.4623744627108082,-0.1741320511029459,-0.07197569080199091,0.06124631261774652,0.029600266989867965,0.24957905200349817,-0.1920265318625076,-0.018383325521664152,-0.12806221251106778,0.0018868226799783761
2025-10-29 16:00:00+00:00,-0.4623744627108082,-0.1741320511029459,-0.07197569080199091,0.01576596372175174,0.029600266989867965,0.24957905200349817,-0.17099629625840673,-0.018383325521664152,-0.12806221251106778,-0.020105031458451723
2025-10-29 17:00:00+00:00,-0.4623744627108082,-0.21222687607521648,-0.07197569080199091,0.01576596372175174,0.029600266989867965,0.24957905200349817,-0.19069722924669902,-0.018383325521664152,-0.08137147009766019,-0.0626109050724242
2025-10-29 18:00:00+00:00,-0.4623744627108082,-0.24400862094334486,-0.07197569080199091,0.01576596372175174,0.008697822789706234,0.19355956905459037,-0.17099629625840673,-0.018383325521664152,-0.08137147009766019,-0.08294254812033762
2025-10-29 19:00:00+00:00,-0.4623744627108082,-0.27414374116306395,-0.07197569080199091,-0.006592702142737739,-0.01156682718797485,0.1421564045588804,-0.15074991061623877,0.008782681607049371,-0.02929688896986955,-0.10277101318661773
2025-10-29 20:00:00+00:00,-0.4623744627108082,-0.29734836611523807,-0.07197569080199091,-0.04919453001817112,-0.06906054807095681,0.09700690295542573,-0.15074991061623877,0.008782681607049371,-0.08137147009766019,-0.10277101318661773
2025-10-29 21:00:00+00:00,-0.42793651074472966,-0.27386127875280214,-0.13529628504060823,0.0,-0.04061384660544317,0.04493247650417112,-0.10915775401704565,0.04338609156376358,-0.1321637200911178,-0.07692191581139872
2025-10-29 22:00:00+00:00,-0.42793651074472966,-0.27386127875280214,-0.09116846116777709,0.011477080678408946,-0.020315651832273834,0.021865215512386033,-0.10915775401704565,0.029277002188593554,-0.1321637200911178,-0.07692191581139872
2025-10-29 23:00:00+00:00,-0.46702591742573984,-0.2535867111970118,-0.09116846116777709,0.011477080678408946,-0.020315651832273834,0.021865215512386033,-0.12475657231053368,0.015165592913891012,-0.1872222234507786,-0.08839014596872974
2025-10-30 00:00:00+00:00,-0.41340541043874574,-0.22658722857224126,-0.09116846116777709,0.011477080678408946,-0.020315651832273834,0.021865215512386033,-0.12475657231053368,0.015165592913891012,-0.2197769023180686,-0.128763637033523
2025-10-30 01:00:00+00:00,-0.41340541043874574,-0.22658722857224126,-0.09116846116777709,0.011477080678408946,-0.03102871844596613,-0.023570226039568692,-0.10915775401704565,0.015165592913891012,-0.2197769023180686,-0.16024672335416218
2025-10-30 02:00:00+00:00,-0.3919183588453545,-0.23547337468300705,-0.08401680504174226,0.011193464924109895,-0.03031746915841746,-0.02589191112014487,-0.10915775401704564,0.015762208124669025,-0.21396825537231837,-0.16554578039138207
2025-10-30 03:00:00+00:00,-0.3919183588453545,-0.23547337468300705,-0.09116846116777709,0.01140222935371861,-0.03031746915841746,-0.02589191112014487,-0.10915775401704564,0.0162265908017908,-0.23612110461295424,-0.16999759004160553
2025-10-30 04:00:00+00:00,-0.3919183588453545,-0.22658722857224126,-0.09116846116777709,0.01162640058892362,-0.030702019612607368,-0.026906911759871865,-0.10915775401704564,0.015526908319604533,-0.2285714285716016,-0.17489492643926824
2025-10-30 05:00:00+00:00,-0.3919183588453545,-0.22658722857224126,-0.09116846116777709,0.011785113019713203,-0.030702019612607337,-0.026906911759871865,-0.11122206077229364,0.015309310892648406,-0.22205808098859595,-0.18031368792215505
2025-10-30 06:00:00+00:00,-0.3919183588453545,-0.239002175875003,-0.045098761680202736,0.0,-0.030702019612607337,0.0,-0.08563852502906964,0.015309310892648406,-0.22205808098859595,-0.18031368792215505
2025-10-30 07:00:00+00:00,-0.3919183588453545,-0.22000216965766367,-0.045098761680202736,0.01170411471955087,-0.01003455326778756,0.049613893835719285,-0.07227516946314624,0.0,-0.16984722586371434,-0.20906219460761455
2025-10-30 08:00:00+00:00,-0.3919183588453545,-0.22000216965766367,-0.045098761680202736,0.022944718437793683,0.0,0.07280531228516364,-0.07227516946314624,-0.016029950554623487,-0.11638287479261744,-0.20906219460761455
2025-10-30 09:00:00+00:00,-0.36402656142580797,-0.22000216965766367,-0.045098761680202736,0.022944718437793683,-0.009984411526060642,0.12016835362530902,-0.07227516946314624,-0.016029950554623487,-0.086904818925414,-0.2247805947795955
2025-10-30 10:00:00+00:00,-0.36402656142580797,-0.22000216965766367,-0.045098761680202736,0.04624586504125619,0.04296689244225425,0.12016835362530902,-0.07227516946314624,-0.016029950554623487,-0.06035945457938862,-0.19949173996620875
2025-10-30 11:00:00+00:00,-0.40445630871642474,-0.22000216965766367,0.1500000000001092,0.09332712253373204,0.0647703096180488,0.17019258867947593,-0.048161612558169115,0.0488812901938441,-0.06035945457938862,-0.17146502620241538
2025-10-30 12:00:00+00:00,-0.36402656142580797,-0.2524218971472026,0.1500000000001092,0.11605177063716476,0.0647703096180488,0.2523573072578013,0.0,0.016262312563518354,-0.06035945457938862,-0.17146502620241538
2025-10-30 13:00:00+00:00,-0.36402656142580797,-0.2524218971472026,0.2506535958867965,0.11605177063716476,0.043994134506291596,0.28726797439859936,0.0,0.016262312563518354,-0.06035945457938862,-0.17146502620241538
2025-10-30 14:00:00+00:00,-0.36402656142580797,-0.2846542418149129,0.2506535958867965,0.1376683106276184,0.08630804461078062,0.28726797439859936,0.0,0.047633051162658833,0.0,-0.14048787173745844
2025-10-30 15:00:00+00:00,-0.40445630871642474,-0.2846542418149129,0.2506535958867965,0.15989126740186013,0.04296689244225425,0.2400396792597665,0.02426843742830665,0.047633051162658833,0.05778520948121298,-0.14048787173745844
2025-10-30 16:00:00+00:00,-0.360505060875913,-0.3153011291852856,0.2506535958867965,0.15989126740186013,0.04296689244225425,0.2400396792597665,0.02426843742830665,0.047633051162658833,0.11547005383801262,-0.14048787173745844
2025-10-30 17:00:00+00:00,-0.360505060875913,-0.3153011291852856,0.2506535958867965,0.1356018772516043,0.021222324363036445,0.1941931003739285,0.02426843742830665,0.047633051162658833,0.11547005383801262,-0.1143100174681813
2025-10-30 18:00:00+00:00,-0.360505060875913,-0.3153011291852856,0.35000000000025483,0.1356018772516043,0.021222324363036445,0.1462252310028929,0.02426843742830665,0.047633051162658833,0.11547005383801262,-0.1143100174681813
2025-10-30 19:00:00+00:00,-0.360505060875913,-0.33662896164178185,0.35000000000025483,0.11116831117213044,0.0,0.10140402531275285,0.0,0.01552690831960453,0.17335562844363894,-0.1143100174681813
2025-10-30 20:00:00+00:00,-0.360505060875913,-0.33662896164178185,0.2506535958867965,0.11116831117213044,0.0,0.019619475455825774,0.024449098265057728,0.01552690831960453,0.24212797070673647,-0.1143100174681813
2025-10-30 21:00:00+00:00,-0.360505060875913,-0.33754733742482057,0.2506535958867965,0.09850390710786647,0.0,0.019619475455825774,0.024449098265057728,0.01552690831960453,0.2873112784085624,-0.1143100174681813
2025-10-30 22:00:00+00:00,-0.360505060875913,-0.34673804626476495,0.2021164610561114,0.07661414997271716,-0.059800994476702896,0.019619475455825774,0.012143534814468388,0.01552690831960453,0.23360386482534068,-0.1143100174681813
2025-10-30 23:00:00+00:00,-0.33074967700286806,-0.3639742299362774,0.2021164610561114,0.07661414997271716,-0.08284485969255158,0.0,0.0,0.01552690831960453,0.2873112784085624,-0.12901099029332563
2025-10-31 00:00:00+00:00,-0.371390676354357,-0.3908317935317151,0.2021164610561114,0.06754090629566277,-0.13258521895320077,-0.045098761680202534,0.012054975493667654,-0.01667149129153357,0.25404293953217544,-0.12901099029332563
2025-10-31 01:00:00+00:00,-0.371390676354357,-0.3908317935317151,0.2021164610561114,0.058001479056699265,-0.11840112726239466,-0.02157701115265872,0.0,-0.03396831102449713,0.23360386482534073,-0.11096226949057833
2025-10-31 02:00:00+00:00,-0.3916747259005874,-0.3908317935317151,0.23851391760014903,0.06155546144936696,-0.12228514228932555,-0.020739033894623643,0.0,-0.03596943895955253,0.23360386482534073,-0.11096226949057833
2025-10-31 03:00:00+00:00,-0.3916747259005874,-0.3908317935317151,0.23851391760014903,0.05990422978722198,-0.12228514228932555,-0.02157701115265872,0.0,-0.03596943895955253,0.23360386482534073,-0.11096226949057833
2025-10-31 04:00:00+00:00,-0.3916747259005874,-0.40389619586125736,0.23851391760014903,0.05990422978722198,-0.11681873369201848,-0.020739033894623643,0.0,-0.038490017946154885,0.24748737341548072,-0.11096226949057833
2025-10-31 05:00:00+00:00,-0.3916747259005874,-0.40389619586125736,0.24494897427849338,0.05990422978722198,-0.1157894736842257,-0.020739033894623643,0.0,-0.0400668337978375,0.24748737341548072,-0.10762764703940424
2025-10-31 06:00:00+00:00,-0.3916747259005874,-0.38344429970817984,0.17888543820011177,0.05990422978722198,-0.12685870702610763,-0.020739033894623643,-0.012218844279113085,-0.019876159799854968,0.24748737341548072,-0.10762764703940424
2025-10-31 07:00:00+00:00,-0.3916747259005874,-0.38344429970817984,0.17888543820011177,0.05990422978722198,-0.12685870702610763,-0.042660347083360625,-0.012218844279113085,4.594462210199752e-13,0.24748737341548072,-0.13055824196670068
2025-10-31 08:00:00+00:00,-0.3916747259005874,-0.38344429970817984,0.17888543820011177,0.048754210826850095,-0.1380585034538939,-0.020739033894623643,-0.012218844279113085,0.01890525816523486,0.24748737341548072,-0.17375213021423924
2025-10-31 09:00:00+00:00,-0.42292390429166327,-0.38344429970817984,0.17888543820011177,0.03667364739771694,-0.1380585034538939,-0.06166698388452288,-0.012218844279113085,0.01890525816523486,0.24748737341548072,-0.18708286933875448
2025-10-31 10:00:00+00:00,-0.42292390429166327,-0.39634695544580245,0.24494897427849338,0.0,-0.1380585034538939,-0.07950463920005064,-0.024433888871196904,0.0390360029181229,0.24748737341548072,-0.2216736646572815
2025-10-31 11:00:00+00:00,-0.42292390429166327,-0.39634695544580245,0.24494897427849338,-0.0689761498716036,-0.11694244598216995,-0.11785870880498342,-0.04887537711718811,-4.567775853525069e-13,0.31861318289341245,-0.31255087505154044
2025-10-31 12:00:00+00:00,-0.49267709567935153,-0.3667728084165861,0.24494897427849338,-0.1152780835408794,-0.11694244598216995,-0.24253975326733468,-0.07334729479541822,0.03903600291812289,0.31861318289341245,-0.3818247491517104
2025-10-31 13:00:00+00:00,-0.49267709567935153,-0.3667728084165861,0.24494897427849338,-0.1152780835408794,-0.16192577404512137,-0.3387239193762234,-0.09787260003304689,-0.038729833461795135,0.264575131106662,-0.4803601682875327
2025-10-31 14:00:00+00:00,-0.49267709567935153,-0.33686076842694695,0.24494897427849338,-0.13999068380048932,-0.18557728176571936,-0.38670203198157554,-0.12247448713932854,-0.12020050139351246,0.20447945297745668,-0.6199097482962511
2025-10-31 15:00:00+00:00,-0.4511764725962094,-0.33686076842694695,0.24494897427849338,-0.13999068380048932,-0.14298093714577806,-0.3465794310875372,-0.14717649724498572,-0.12020050139351246,0.20447945297745668,-0.7299348736112415
2025-10-31 16:00:00+00:00,-0.4511764725962094,-0.30434612438925507,0.24494897427849338,-0.13999068380048932,-0.1641731785130857,-0.300768247096781,-0.14717649724498572,-0.08084658442228347,0.03785281787261973,-0.6389417393066263
2025-10-31 17:00:00+00:00,-0.40667380058320013,-0.27174648819506564,0.10722409238618238,-0.11812488464397775,-0.1641731785130857,-0.26199145661021755,-0.14717649724498572,-0.11785870880544692,-0.0355409326655727,-0.5479874875995043
2025-10-31 18:00:00+00:00,-0.37416573867751474,-0.27174648819506564,-0.1002614383547183,-0.1603275336080986,-0.20030076944519232,-0.22792115291944157,-0.16894877720919985,-0.15307675943544055,-0.10105823052805932,-0.5004257131471056
2025-10-31 19:00:00+00:00,-0.33969445172738544,-0.292078634427629,-0.2388089256505721,-0.1603275336080986,-0.2169835259504215,-0.1913505105257882,-0.16894877720919985,-0.15307675943544055,-0.16984155512181887,-0.47274556803156176
2025-10-31 20:00:00+00:00,-0.27847497384905306,-0.2610778658039282,-0.2820162962214879,-0.1270331903541995,-0.181656729984474,-0.12165981293428638,-0.1506863278917695,-0.12093556303615309,-0.1635721640220391,-0.42630603569232856
2025-10-31 21:00:00+00:00,-0.26628462079200005,-0.2610778658039282,-0.32008925231985563,-0.13605528658089044,-0.20357418950778297,-0.09719020411871117,-0.1506863278917695,-0.10303568968910824,-0.1260048062536862,-0.42630603569232856
2025-10-31 22:00:00+00:00,-0.26628462079200005,-0.2610778658039282,-0.32008925231985563,-0.1465364698663075,-0.18813988372985974,-0.04254793684709124,-0.1506863278917695,-0.12562244381334256,-0.1260048062536862,-0.42630603569232856
2025-10-31 23:00:00+00:00,-0.26628462079200005,-0.2610778658039282,-0.36317521495235994,-0.1465364698663075,-0.1457199315372024,-0.013321497260586204,-0.1506863278917695,-0.15532881935154097,-0.21538298166518194,-0.4033154611114388
2025-11-01 00:00:00+00:00,-0.26628462079200005,-0.30422978640323095,-0.40999378122021235,-0.17665742040442206,-0.16597807680970947,0.038598676451935904,-0.16799065121512943,-0.21210840781775808,-0.17391304347840267,-0.36016610322672055
2025-11-01 01:00:00+00:00,-0.26628462079200005,-0.35153250688911974,-0.4615071770622955,-0.20966626868945498,-0.23049710690347927,0.07947055873827213,-0.1506863278917695,-0.21210840781775808,-0.17391304347840267,-0.36016610322672055
2025-11-01 02:00:00+00:00,-0.2474918549747852,-0.36823541645650715,-0.4825006660775602,-0.214070032984042,-0.2500684210381292,0.07734088108008827,-0.14138316641383591,-0.21723865216301688,-0.1908693923747187,-0.36016610322672055
2025-11-01 03:00:00+00:00,-0.2474918549747852,-0.3883182224181516,-0.5015121981840104,-0.22932360017616263,-0.274370077151335,0.07532593828404026,-0.14138316641383591,-0.2291332600503868,-0.17391304347840267,-0.34369020282457324
2025-11-01 04:00:00+00:00,-0.2474918549747852,-0.41296641507806237,-0.5287729108552299,-0.23947028068076864,-0.30226313142152333,0.07387825899675014,-0.14440818221389246,-0.2291332600503868,-0.17391304347840267,-0.3296801393954718
2025-11-01 05:00:00+00:00,-0.2474918549747852,-0.44405348971927333,-0.5264108981922025,-0.24670906940475573,-0.3107080387750377,0.07385398635199475,-0.14802820214889004,-0.2291332600503868,-0.19605696073984205,-0.321739130434893
2025-11-01 06:00:00+00:00,-0.2517163260883427,-0.4214419544839265,-0.5107539184556527,-0.250821855850412,-0.27430795962476684,0.05760626790298627,-0.15658862687140299,-0.22796063003966263,-0.166811531245799,-0.3065775102990034
2025-11-01 07:00:00+00:00,-0.2930803240618071,-0.4214419544839265,-0.4690060465673697,-0.2307432481644312,-0.2073444693199241,0.03940552031198644,-0.15658862687140299,-0.19574084474259884,-0.166811531245799,-0.3181369483228683
2025-11-01 08:00:00+00:00,-0.33862655057620283,-0.3942112336953592,-0.3594970559367196,-0.21361676136284483,-0.1440883694682497,0.0,-0.15658862687140299,-0.1379706590131994,-0.166811531245799,-0.3626109154688112
2025-11-01 09:00:00+00:00,-0.33862655057620283,-0.3681849085901327,-0.32302914123515436,-0.1698608849525231,-0.11247794593984332,-0.021144200921118808,-0.15658862687140299,-0.1163277216739316,-0.20479366339997523,-0.4088535299274228
2025-11-01 10:00:00+00:00,-0.33862655057620283,-0.35686156456434587,-0.32302914123515436,-0.1381172872059294,-0.12169191456124809,-0.04115772364575139,-0.14448309219291666,-0.09884531198327613,-0.20479366339997523,-0.42836385352762246
2025-11-01 11:00:00+00:00,-0.3255890811321821,-0.3309343624959567,-0.3064138178022068,-0.04708244201680118,-0.11018563552826867,-0.06790912986565072,-0.15580752403219486,-0.04874765283213538,-0.2646301153747754,-0.43553434572007627
2025-11-01 12:00:00+00:00,-0.2535409184675896,-0.3016387917141998,-0.2892784270706063,-0.0013409199673417316,-0.10996800896968321,-0.09840327141655905,-0.1564460927757617,-0.012700660709569205,-0.3326673064114324,-0.4748694462391753
2025-11-01 13:00:00+00:00,-0.3302486641824735,-0.2562658479550081,-0.2892784270706063,-0.03470766134292114,-0.08563341728039096,-0.19165891926967757,-0.1564460927757617,0.08032669778293182,-0.3326673064114324,-0.5278992882749938
2025-11-01 14:00:00+00:00,-0.40594234283878255,-0.2102520642173064,-0.35073145325373933,-0.06780662004638933,-0.10996800896968321,-0.28804224061268824,-0.12960403960316463,0.12783038915206626,-0.3326673064114324,-0.5564421262987405
2025-11-01 15:00:00+00:00,-0.40594234283878255,-0.16344378820343275,-0.35073145325373933,-0.06780662004638933,-0.08563341728039096,-0.3887809506847519,-0.10281225098097148,0.12783038915206626,-0.41890352508839435,-0.5850054396256136
2025-11-01 16:00:00+00:00,-0.40594234283878255,-0.2113971095567234,-0.35073145325373933,-0.037094195397865425,-0.08563341728039096,-0.3450976187553518,-0.10281225098097148,0.041148891516408985,-0.36273019256753286,-0.5557521384541905
2025-11-01 17:00:00+00:00,-0.40594234283878255,-0.26088730289564926,-0.35073145325373933,-0.06712938339666297,-0.08563341728039096,-0.308149731676008,-0.07924074928639237,-0.04160951690767027,-0.30062695993179084,-0.526836693890993
2025-11-01 18:00:00+00:00,-0.40594234283878255,-0.21639143073619665,-0.40594234283959735,-0.06712938339666297,-0.06349590287673133,-0.27628167092181416,-0.07924074928639237,-0.1440904854493373,-0.30062695993179084,-0.5066732077222438
2025-11-01 19:00:00+00:00,-0.3687563801306804,-0.11284032900573786,-0.36875638013020234,-0.04930069611988873,-0.021193433884252637,-0.18663070030909135,-0.04789407386407679,-0.19459763270523048,-0.30720546685521094,-0.4719609024125962
2025-11-01 20:00:00+00:00,-0.3697865840674092,-0.06742366400162221,-0.36875638013020234,-0.06311380172381807,-0.055689470166716104,-0.17126228572088723,-0.04789407386407679,-0.24631426720665422,-0.30720546685521094,-0.4504620744581517
2025-11-01 21:00:00+00:00,-0.3738636926682505,-0.040747348600371776,-0.36875638013020234,-0.04930069611988873,-0.04470586388046599,-0.17126228572088723,-0.04789407386407679,-0.30185640602987024,-0.3546492309039234,-0.4352548367636153
2025-11-01 22:00:00+00:00,-0.3738636926682505,-0.040747348600371776,-0.41109097145168794,-0.0636904148587882,-0.05631889787032097,-0.17126228572088723,-0.04789407386407679,-0.3551701066933846,-0.30720546685521094,-0.43278709314111874
2025-11-01 23:00:00+00:00,-0.41027200905733846,-0.07694930790432616,-0.41109097145168794,-0.09953504930311062,-0.19826167268137743,-0.19832143638315894,-0.04789407386407679,-0.4196877566621232,-0.2611655429260636,-0.44626650114001437
2025-11-02 00:00:00+00:00,-0.41027200905733846,-0.07694930790432616,-0.41109097145168794,-0.09953504930311062,-0.11187762019749511,-0.2328464835097082,-0.06211724023754824,-0.45226811289226965,-0.19995961159799633,-0.4570114208906764
2025-11-02 01:00:00+00:00,-0.41027200905733846,-0.07694930790432616,-0.47387868579358133,-0.13759930784502666,-0.11187762019749511,-0.3542621784695016,-0.09335363502767598,-0.49140958829311365,-0.24179230900895982,-0.4570114208906764
2025-11-02 02:00:00+00:00,-0.43329737803677554,-0.07694930790432616,-0.462144104844,-0.1438833977876063,-0.11217192818199655,-0.367118782119584,-0.10199497237718039,-0.49755810770907566,-0.2403184322875002,-0.4570114208906764
2025-11-02 03:00:00+00:00,-0.43329737803677554,-0.07694930790432616,-0.446305985841458,-0.14726504661005493,-0.11368163924395713,-0.38523619407572096,-0.10199497237718039,-0.5122552566486389,-0.2590134832444384,-0.4570114208906764
2025-11-02 04:00:00+00:00,-0.43329737803677554,-0.07694930790432616,-0.446305985841458,-0.15145456843003935,-0.11721984884779486,-0.40826599228761634,-0.10199497237718039,-0.5181267129536492,-0.2590134832444384,-0.4570114208906764
2025-11-02 05:00:00+00:00,-0.43329737803677554,-0.07694930790432616,-0.43266527447532893,-0.15031456171139718,-0.1160524951054612,-0.41109097145176443,-0.1015457836742646,-0.5043259138199898,-0.2590134832444384,-0.45970814448317576
2025-11-02 06:00:00+00:00,-0.43329737803677554,-0.08155245992348734,-0.42083680675018625,-0.1536863636264529,-0.11999284362278531,-0.3962466826607207,-0.09790998321980934,-0.482998989339478,-0.25931390111752795,-0.46253381064369287
2025-11-02 07:00:00+00:00,-0.43329737803677554,-0.038771049609885755,-0.3761994351595931,-0.1536863636264529,-0.13946349002991487,-0.3962466826607207,-0.07943653254564767,-0.37678394104749663,-0.19520751829110636,-0.45380654541598703
2025-11-02 08:00:00+00:00,-0.43329737803677554,-0.038771049609885755,-0.3761994351595931,-0.12876486476393204,-0.11999284362278531,-0.32645692865776704,-0.06187633231287374,-0.29394660103398396,-0.1399967833188274,-0.4229301559328497
2025-11-02 09:00:00+00:00,-0.43329737803677554,-0.038771049609885755,-0.3761994351595931,-0.12876486476393204,-0.11999284362278531,-0.24935694467562566,-0.04549226206415756,-0.2404109053134921,-0.1399967833188274,-0.39255438890759303
2025-11-02 10:00:00+00:00,-0.43329737803677554,0.0016643359165186547,-0.3490997225454375,-0.06784933681773091,-0.1308699616477347,-0.19385524805022772,-0.029784745342663718,-0.20351107418164702,-0.1399967833188274,-0.36667697004736705
2025-11-02 11:00:00+00:00,-0.40294600282593385,0.0016643359165186547,-0.3214513056250971,-0.04834647934407228,-0.11721984884779485,-0.11360942076168115,0.001262782292037386,-0.16424884034817977,-0.09719464277903074,-0.32922539502675946
2025-11-02 12:00:00+00:00,-0.37243465025385275,0.0016643359165186547,-0.2930468443438924,-0.0075010392784909475,-0.11721984884779485,-0.03292467679780974,0.0329022204959805,-0.12958605532588405,-0.053200263636164154,-0.291492666049549
2025-11-02 13:00:00+00:00,-0.3038014209055301,0.0016643359165186547,-0.22480934240740033,0.11598473457814083,-0.08815293008698058,0.04975500806790003,0.09524909667602952,-0.05140363517442146,-0.053200263636164154,-0.18754636832392302
2025-11-02 14:00:00+00:00,-0.23262629766024762,0.0016643359165186547,-0.16199107129837695,0.24298370573618627,-0.029805611956266815,0.14039226179192357,0.12611596292522456,0.034247356423690624,-0.053200263636164154,-0.10129495085132029
2025-11-02 15:00:00+00:00,-0.23262629766024762,0.0016643359165186547,-0.16199107129837695,0.24298370573618627,-0.11299685072185874,0.24180301768630963,0.156918282364649,0.08142695027615983,0.037539907363674296,-0.058184991995226615
2025-11-02 16:00:00+00:00,-0.15268776076604826,0.0016643359165186547,-0.26084262537855746,0.16766769512614343,-0.11299685072185874,0.06633611423936188,0.12702195960156576,0.038642455392950276,0.037539907363674296,-0.14557816456053482
2025-11-02 17:00:00+00:00,-0.15268776076604826,0.0016643359165186547,-0.26084262537855746,0.16766769512614343,-0.11299685072185874,-0.027893759734568733,0.09641941008917342,0.016088870929431315,0.037539907363674296,-0.23613274677278934
2025-11-02 18:00:00+00:00,-0.08114958625823082,-0.07465761935726266,-0.17446972324520646,0.16766769512614343,-0.138489598709921,-0.027893759734568733,0.09641941008917342,0.016088870929431315,0.037539907363674296,-0.35029952040949347
2025-11-02 19:00:00+00:00,-0.048574222825998124,-0.16571938225624736,-0.11836458915344322,0.16320526691197848,-0.19323572999355446,-0.09545531383328754,0.0415074075097124,0.05165848893901706,0.07254603851350655,-0.4209474355950567
2025-11-02 20:00:00+00:00,-0.06292014209718284,-0.23781578349437246,-0.14948797320415694,0.15801995254242318,-0.2421797398483543,-0.1842113137877582,0.005158948678992921,0.1299887741816907,0.060902507601697,-0.47439822878106636
2025-11-02 21:00:00+00:00,-0.03033573289506154,-0.23781578349437246,-0.11374412692633308,0.13595101821877528,-0.23771371999930554,-0.2060879059703522,0.005158948678992921,0.21787927098788856,0.020973380699067,-0.4686482983981151
2025-11-02 22:00:00+00:00,0.013134040460166276,-0.23781578349437246,-0.0700495703565851,0.15520422677828044,-0.23166357165165044,-0.24058117624114048,0.017205172661570338,0.2651437017446801,-0.016165285466905092,-0.4686482983981151
2025-11-02 23:00:00+00:00,0.013134040460166276,-0.20448693573870025,-0.0700495703565851,0.1635951998439435,-0.212390080834233,-0.2760849034272219,0.017205172661570338,0.2780152296520633,-0.05565757341554728,-0.4746463961950419
2025-11-03 00:00:00+00:00,0.013134040460166276,-0.13006480768915338,-0.0700495703565851,0.16927722560288844,-0.19491408062350837,-0.33557409118504666,0.038651536040808024,0.2780152296520633,-0.10874595943607276,-0.4746463961950419
2025-11-03 01:00:00+00:00,0.013134040460166276,-0.07479054322177274,0.00531867242790593,0.19562067918118406,-0.14417019649194543,-0.2760849034272219,0.038651536040808024,0.2651437017446801,-0.061055871741673,-0.4746463961950419
2025-11-03 02:00:00+00:00,0.013134040460166276,-0.07413303389666143,-0.005318672427905935,0.17931862139416016,-0.141498973102464,-0.26295991271696845,0.038651536040808024,0.2651437017446801,-0.06461093603281053,-0.4746463961950419
2025-11-03 03:00:00+00:00,0.013134040460166276,-0.07422384178352032,-0.01616528546690431,0.16569580521944852,-0.14080181183395354,-0.26295991271696845,0.038651536040808024,0.2531647063313962,-0.06461093603281053,-0.4827683181426963
2025-11-03 04:00:00+00:00,0.013134040460166276,-0.07357948693630577,-0.02097338069906605,0.15404206962030392,-0.14068070876212976,-0.2760849034272219,0.038651536040808024,0.24454989067332955,-0.06461093603281053,-0.49173016743148645
2025-11-03 05:00:00+00:00,0.013134040460166276,-0.07465509275678794,-0.03249182166446034,0.14611103833814068,-0.143317845226957,-0.2738088968570653,0.038651536040808024,0.250252397843256,-0.06461093603281053,-0.49579593145764644
2025-11-03 06:00:00+00:00,-0.025903490687168178,-0.06557267820799853,-0.11252841177967068,0.16659910563954794,-0.15592808261047045,-0.20478574567825614,0.059290106571034576,0.25559935294869285,-0.05792196603160002,-0.49787251622704914
2025-11-03 07:00:00+00:00,-0.025903490687168178,-0.06557267820799853,-0.16831421170135188,0.155598218348225,-0.20261724686109064,-0.15802449114196646,0.059290106571034576,0.20111625326173965,-0.11536023921134127,-0.42994972082004146
2025-11-03 08:00:00+00:00,0.02792037296106939,-0.06557267820799853,-0.16831421170135188,0.1443209881639878,-0.2477153023797385,-0.11012874112740333,0.059290106571034576,0.13182346357435906,-0.18293183837742952,-0.3774707194394139
2025-11-03 09:00:00+00:00,0.02792037296106939,-0.06557267820799853,-0.16831421170135188,0.1443209881639878,-0.2760978645721732,-0.07296022146575502,0.059290106571034576,0.0697633152318049,-0.13014390184874508,-0.3505845090749521
2025-11-03 10:00:00+00:00,0.02792037296106939,-0.06557267820799853,-0.16831421170135188,0.1036139627497724,-0.29541532988902897,-0.005156489134856184,0.07246871737283385,0.012857549582187973,-0.13014390184874508,-0.32709283965031183
2025-11-03 11:00:00+00:00,0.036609406850868546,-0.05759385501758786,-0.14494149092813632,0.10010694213854095,-0.32842342033935695,0.057203485086328845,0.11424674370100786,-0.06955831108690026,-0.006211180124228735,-0.2991480962958289
2025-11-03 12:00:00+00:00,0.04481482121861788,-0.050233101496775054,-0.12333396776904493,0.13196701236982253,-0.34932836628132585,0.15768103675633868,0.13949716649268767,-0.04758309514272203,0.0,-0.25830050905791463
2025-11-03 13:00:00+00:00,-0.043643578047414255,-0.050233101496775054,-0.03831305140887386,0.13196701236982253,-0.3800359189648788,0.33017429295953454,0.16168053256252898,-0.04758309514272203,0.09019752336040947,-0.20906194429347688
2025-11-03 14:00:00+00:00,-0.043643578047414255,-0.016556843573018933,0.10969697436056061,0.13196701236982253,-0.42068168578872883,0.48223702942939906,0.18363329085550462,-0.0961346829000065,0.17088452508226915,-0.14335160576462286
2025-11-03 15:00:00+00:00,-0.03122121765609946,0.03516313635950896,0.07992691811656787,0.15874976569092053,-0.41933059672930684,0.5663797676331357,0.17971512938989995,-0.11748494063557226,0.16469160510227954,-0.05044759775158088
2025-11-03 16:00:00+00:00,-0.11933104792091005,0.003224439793551275,0.008301971911011822,0.13412786529980592,-0.39153591383005704,0.4676830520014524,0.13263352758196445,-0.11748494063557226,0.16469160510227954,-0.09778189633453978
2025-11-03 17:00:00+00:00,-0.11933104792091005,-0.028121681989517953,-0.05703053198399041,0.08582786025998093,-0.36512135100015614,0.42580114589060714,0.10942390300249479,-0.023764934983677977,0.16469160510227954,-0.1453923298503674
2025-11-03 18:00:00+00:00,-0.19366499966876105,-0.028121681989517953,-0.11759976104816593,0.06240032130244449,-0.3227503654554552,0.2813259306624892,0.08676692780952999,-0.023764934983677977,0.16469160510227954,-0.1453923298503674
2025-11-03 19:00:00+00:00,-0.2609998346425704,-0.028121681989517953,-0.17449947127897333,0.039675310818507094,-0.27158184288191217,0.15375467147597618,0.06423726146052103,0.02384559886610135,-0.2599738432884345,-0.10186734074783109
2025-11-03 20:00:00+00:00,-0.3022731537778291,-0.028121681989517953,-0.17449947127897333,0.039675310818507094,-0.2100046099789962,0.07371422072771394,-0.01854241920679694,0.02384559886610135,-0.3414030634721151,-0.03870153435277223
2025-11-03 21:00:00+00:00,-0.30851039716037015,-0.04266436988405223,-0.17449947127897333,0.039675310818507094,-0.2275436338978693,0.016039188101382926,-0.04583206560540826,0.0788353664556331,-0.3461486100828746,-0.0031077263766742824
2025-11-03 22:00:00+00:00,-0.30851039716037015,-0.057025860276203065,-0.20949912523526945,0.0508934860125392,-0.20787492540873298,-0.018877108302447102,-0.06468798961799575,0.0788353664556331,-0.35130602984927944,0.00670683247928087
2025-11-03 23:00:00+00:00,-0.30851039716037015,-0.07256312048368103,-0.24655015003181213,0.0508934860125392,-0.1431680278540231,-0.018877108302447102,-0.06468798961799575,0.05512648111325616,-0.35130602984927944,-0.0031532447274612713
2025-11-04 00:00:00+00:00,-0.25741018817667033,-0.09048768550590208,-0.24655015003181213,0.0508934860125392,-0.1299267508835933,-0.018877108302447102,-0.06468798961799575,0.05512648111325616,-0.36212337368929165,-0.023659945400468767
2025-11-04 01:00:00+00:00,-0.2868237454274749,-0.14299131335230164,-0.2791109135302274,-0.006514165014911824,-0.17531473115868643,-0.07667381767826345,-0.10053069695051049,0.05731709018416903,-0.3785044201658852,-0.08313810621153835
2025-11-04 02:00:00+00:00,-0.2868237454274749,-0.1495045523164003,-0.25765522894345283,-0.004408223343013891,-0.18623485881619165,-0.08194825765238702,-0.10053069695051049,0.05826383335098235,-0.37986547179324376,-0.08974163307519364
2025-11-04 03:00:00+00:00,-0.2868237454274749,-0.1568251886784289,-0.25765522894345283,-0.0034507386235587854,-0.19515050919362817,-0.08194825765238702,-0.10336065489521679,0.05731709018416903,-0.38125431864048476,-0.093177347555703
2025-11-04 04:00:00+00:00,-0.2677878448902094,-0.17805081075621157,-0.25765522894345283,-0.003450738623558786,-0.20043374222599494,-0.0863060397038247,-0.10588360069558196,0.05731709018416903,-0.3836739838920092,-0.09691815484453514
2025-11-04 05:00:00+00:00,-0.2677878448902094,-0.17805081075621157,-0.25765522894345283,-0.003450738623558786,-0.20328379511483105,-0.08927759756862386,-0.10588360069558196,0.0608281839316606,-0.3852998354069442,-0.1010159112595847
2025-11-04 06:00:00+00:00,-0.2677878448902094,-0.19284813319540306,-0.22487239817128488,-0.022659744002816996,-0.17598036917072885,-0.052164737407448314,-0.0968139506207225,0.037896895736120685,-0.3777031579287141,-0.09088461350160618
2025-11-04 07:00:00+00:00,-0.2677878448902094,-0.19284813319540306,-0.22487239817128488,-0.022659744002816996,-0.11800790332339782,-0.017008128946807113,-0.0968139506207225,-0.011367247917745673,-0.36573321267518805,-0.0781091296210899
2025-11-04 08:00:00+00:00,-0.2677878448902094,-0.19284813319540306,-0.22487239817128488,-0.022659744002816996,-0.06369347766420543,0.016134704913065314,-0.07799968800208812,-0.011367247917745673,-0.35823287747950433,-0.06590434529452674
2025-11-04 09:00:00+00:00,-0.2677878448902094,-0.19284813319540306,-0.19042146437089866,-0.03252301441913731,-0.01973804272951932,0.04774507630041005,-0.06064630917446332,-0.06309151753012945,-0.3507606291986164,-0.04386941012069563
2025-11-04 10:00:00+00:00,-0.2677878448902094,-0.19284813319540306,-0.19042146437089866,-0.04181286195943654,0.03337154709414389,0.0638112879388461,-0.06064630917446332,-0.08491540605828275,-0.3441351189906449,-0.03348233862143176
2025-11-04 11:00:00+00:00,-0.2677878448902094,-0.19284813319540306,-0.24380878667161515,-0.06167459823652943,0.14596579051937586,0.12929913477627322,-0.06064630917446332,-0.16865429862876194,-0.3523632745058813,-0.011518882446247415
2025-11-04 12:00:00+00:00,-0.2677878448902094,-0.15616554760147267,-0.24380878667161515,-0.1029458629624509,0.2492560082202472,0.16048076739445932,-0.06064630917446332,-0.30900768590503624,-0.3354834106748369,0.010523020709632345
2025-11-04 13:00:00+00:00,-0.2677878448902094,-0.12000227225405885,-0.24380878667161515,-0.1029458629624509,0.3207238546374782,0.18824219096585842,-0.06064630917446332,-0.4775139008841256,-0.31778450822973503,0.03219899097486439
2025-11-04 14:00:00+00:00,-0.2677878448902094,-0.12000227225405885,-0.24380878667161515,-0.1029458629624509,0.41278025803379437,0.21488743001477117,-0.043440485502173734,-0.5616829176018246,-0.3001003134496906,0.03219899097486439
2025-11-04 15:00:00+00:00,-0.2677878448902094,-0.12000227225405885,-0.15911930584415696,-0.13426304579040024,0.5524794528934296,0.3087641696814137,0.008065250945181809,-0.6185390361777983,-0.28703985429180473,0.03219899097486439
2025-11-04 16:00:00+00:00,-0.2677878448902094,-0.12000227225405885,-0.15911930584415696,-0.09144411715233765,0.4134821665383666,0.2730593406365625,0.008065250945181809,-0.45673748366881795,-0.3081490473121156,0.008441733056867528
2025-11-04 17:00:00+00:00,-0.3173154647424666,-0.12000227225405885,-0.15911930584415696,-0.04800971883275799,0.2614978214310108,0.16960578300830556,-0.01018297355216165,-0.45673748366881795,-0.3396652821266156,-0.014870813293745682
2025-11-04 18:00:00+00:00,-0.3173154647424666,-0.12000227225405885,-0.15911930584415696,-0.025412003878831635,0.18183469249711426,0.13432074508439767,-0.04566957006707998,-0.38796655133279484,-0.3502792979621779,-0.03752972431475252
2025-11-04 19:00:00+00:00,-0.2677878448902094,-0.12000227225405885,-0.15911930584415696,-0.0019209575085061615,0.08934871726738781,0.10034329148469699,-0.06281569641355068,-0.35711039027370006,-0.25732508682329286,-0.0595418631535759
2025-11-04 20:00:00+00:00,-0.2159579570028187,-0.10753572161213029,-0.15791259217834436,0.026742046816786814,-0.02297001781547958,0.09670980886434759,-0.008900764497130205,-0.30235228005219605,-0.012830005982001303,-0.06480335690110134
2025-11-04 21:00:00+00:00,-0.2159579570028187,-0.09043006445203804,-0.18836637367258827,0.05547001962257589,-0.02297001781547958,0.09670980886434759,0.0011302032748251617,-0.27984555322464116,-0.012830005982001303,-0.10487553416103075
2025-11-04 22:00:00+00:00,-0.24195539543712274,-0.0706802190699954,-0.21821789023615118,0.05547001962257589,-0.02297001781547958,0.0790826734342222,0.0011302032748251617,-0.27984555322464116,0.015538369264738918,-0.12429969560619453
2025-11-04 23:00:00+00:00,-0.24195539543712274,-0.0706802190699954,-0.18055501323199533,0.06780115507060554,-0.06951840722470547,0.0790826734342222,-0.019824550524969627,-0.24700391424841678,-0.012830005982001303,-0.12429969560619453
2025-11-05 00:00:00+00:00,-0.28965725295936207,-0.046403837199341,-0.18055501323199533,0.06780115507060554,-0.10618631915475862,0.06392844019809812,-0.04305512079612185,-0.24700391424841678,-0.012830005982001303,-0.11117969028575536
2025-11-05 01:00:00+00:00,-0.28965725295936207,-0.046403837199341,-0.18055501323199533,0.06779669064973838,-0.11685465309879271,0.06392844019809812,-0.04548588261497223,-0.24700391424841678,-0.02159167585439275,-0.11117969028575536
2025-11-05 02:00:00+00:00,-0.28965725295936207,-0.046403837199341,-0.20842088162805822,0.06779669064973838,-0.11967863170341118,0.0643512327979144,-0.04305512079612185,-0.21510707613096608,-0.02159167585439275,-0.11117969028575536
2025-11-05 03:00:00+00:00,-0.28965725295936207,-0.046403837199341,-0.20842088162805822,0.06779669064973838,-0.12226115637385679,0.06495698024621063,-0.04732924673817424,-0.21442949585331422,-0.026445237813499462,-0.11455069987232545
2025-11-05 04:00:00+00:00,-0.3142696805276884,-0.046403837199341,-0.2205643866283018,0.06779669064973838,-0.12939991559958586,0.06472553209880366,-0.049507881345952805,-0.21118419787486173,-0.02159167585439275,-0.11812549342207132
2025-11-05 05:00:00+00:00,-0.3142696805276884,-0.05022472023318338,-0.23463813640398362,0.06779669064973838,-0.1381744540457538,0.061258517582275594,-0.049507881345952805,-0.215051993751752,-0.017946063401952338,-0.12192798849568148
2025-11-05 06:00:00+00:00,-0.2945440658988484,-0.033945005147764315,-0.2532405920547169,0.06779669064973838,-0.11607869367924692,0.07596177114746269,-0.049507881345952805,-0.24642036938428055,-0.017946063401952338,-0.10492661682168054
2025-11-05 07:00:00+00:00,-0.260359587582729,-0.033945005147764315,-0.22191676197872134,0.06779669064973838,-0.09324509570250253,0.0903020176347846,-0.03058876451609863,-0.215051993751752,-0.044946657497583274,-0.09460945407594601
2025-11-05 08:00:00+00:00,-0.260359587582729,-0.01658856267585034,-0.1825741858351877,0.0473619928525261,-0.10078273102159552,0.0903020176347846,-0.03058876451609863,-0.25578141803336174,-0.044946657497583274,-0.08461482156960273
2025-11-05 09:00:00+00:00,-0.260359587582729,2.422119829576532e-13,-0.1825741858351877,0.0473619928525261,-0.10765154795862927,0.1043281061915366,-0.03058876451609863,-0.25578141803336174,-0.07123302852672604,-0.07528540932258893
2025-11-05 10:00:00+00:00,-0.260359587582729,0.016200188419299183,-0.1825741858351877,0.0473619928525261,-0.10765154795862927,0.11988718078954609,-0.03058876451609863,-0.25578141803336174,-0.09356392870236857,-0.06677667774244991
2025-11-05 11:00:00+00:00,-0.260359587582729,0.050823089680240435,-0.07100716024972394,0.0473619928525261,-0.10765154795862927,0.11988718078954609,-0.03058876451609863,-0.21176354814338608,-0.041240174410209815,-0.06677667774244991
2025-11-05 12:00:00+00:00,-0.260359587582729,0.050823089680240435,-0.011797408394041002,0.0473619928525261,-0.09192771195528641,0.15080464278639846,-0.03058876451609863,-0.21176354814338608,-0.041240174410209815,-0.06677667774244991
2025-11-05 13:00:00+00:00,-0.20761060321020194,0.050823089680240435,0.044946657497582004,-0.024367062009476196,-0.0760778607997251,0.17853636709861123,-0.03058876451609863,-0.16480441082414415,-0.10256589813849326,-0.04785852521775944
2025-11-05 14:00:00+00:00,-0.20761060321020194,0.016200188419299183,0.09690874237054006,-0.04969039950004423,-0.0760778607997251,0.20515248496570496,-0.03058876451609863,-0.16480441082414415,-0.17157214812981322,-0.02923526731025711
2025-11-05 15:00:00+00:00,-0.29191832547120306,0.016200188419299183,0.09690874237054006,-0.04969039950004423,-0.0760778607997251,0.15729852934599522,-0.03058876451609863,-0.16480441082414415,-0.17157214812981322,-0.05712096095186912
2025-11-05 16:00:00+00:00,-0.29191832547120306,0.05568460463925778,0.09690874237054006,-0.021584531910663354,-0.0760778607997251,0.12144654188940414,-0.051853679849865934,-0.16480441082414415,-0.2288008496935619,-0.05712096095186912
2025-11-05 17:00:00+00:00,-0.29191832547120306,0.015926169695787074,0.034565056491039275,-0.021584531910663354,-0.04261998013058519,0.12144654188940414,-0.051853679849865934,-0.16480441082414415,-0.2288008496935619,-0.07722173204676346
2025-11-05 18:00:00+00:00,-0.29191832547120306,-0.022341697396391982,-0.023397765906535386,0.0067829743961421475,-0.07659024730044758,0.08519529699929629,-0.03075104026765337,-0.21894197350325176,-0.2288008496935619,-0.09661050356386533
2025-11-05 19:00:00+00:00,-0.3520237042660499,-0.05840585991576215,-0.023397765906535386,0.0067829743961421475,-0.20458585780044228,0.050493528690521816,-0.03075104026765337,-0.16480441082414415,-0.17157214812981322,-0.1155952977695913
2025-11-05 20:00:00+00:00,-0.3520237042660499,-0.05840585991576215,-0.023397765906535386,0.022544689699428133,-0.17500817798937637,-0.001784164624330327,-0.04130991053998789,-0.1376364312642311,-0.2320156984161469,-0.1243224079870077
2025-11-05 21:00:00+00:00,-0.3520237042660499,-0.09070940018847362,-0.051899929610805966,0.0067829743961421475,-0.214239601895675,-0.032633477849813644,-0.06144556014865896,-0.10256589813818283,-0.2320156984161469,-0.11611993873043462
2025-11-05 22:00:00+00:00,-0.3520237042660499,-0.1225057425913764,-0.022594168091232495,0.022117769365673775,-0.27539245592682615,-0.06256063285326512,-0.07216878364856603,-0.0642241489753681,-0.281578930500186,-0.12486978502244116
2025-11-05 23:00:00+00:00,-0.3520237042660499,-0.1402573746639702,-0.08459038159188928,0.006980898471361789,-0.27539245592682615,-0.11396635817893402,-0.07216878364856603,-0.0642241489753681,-0.319216407617635,-0.13576029203117526
2025-11-06 00:00:00+00:00,-0.3520237042660499,-0.21098002032480256,-0.12067668450007604,0.006980898471361789,-0.2868486077271765,-0.11396635817893402,-0.07216878364856603,0.003666547506042002,-0.319216407617635,-0.14943506758870306
2025-11-06 01:00:00+00:00,-0.3520237042660499,-0.2278888059523201,-0.12067668450007604,0.008506834371295884,-0.291051485213602,-0.12062192836766661,-0.07503892481646005,0.003666547506042002,-0.319216407617635,-0.15404159684760182
2025-11-06 02:00:00+00:00,-0.3520237042660499,-0.24865521107164412,-0.12067668450007604,0.007050825743946928,-0.2961631844558062,-0.1316347130588066,-0.08182611777678603,0.0,-0.319216407617635,-0.16342704347643544
2025-11-06 03:00:00+00:00,-0.3520237042660499,-0.27511336725842755,-0.12067668450007604,0.007050825743946928,-0.2961631844558062,-0.13887387306226556,-0.08182611777678603,0.0,-0.2985561965012116,-0.16816259151313648
2025-11-06 04:00:00+00:00,-0.3520237042660499,-0.31061502242921896,-0.12067668450007604,0.007050825743946928,-0.2834644160034651,-0.14492952152710795,-0.08182611777678603,0.0,-0.2985561965012116,-0.17322250638259662
2025-11-06 05:00:00+00:00,-0.38416102487670006,-0.34153486761781526,-0.11881211413062773,-0.023340035479261056,-0.2927785523554759,-0.15296496752478372,-0.10490658599071101,-0.0053425542284515695,-0.3120938919659597,-0.2148802227881229
2025-11-06 06:00:00+00:00,-0.38416102487670006,-0.3285441204601029,-0.07683220497537435,-0.035135550912506586,-0.3082540366469973,-0.13723219536685094,-0.10490658599071101,-0.0053425542284515695,-0.3484873628325825,-0.23407693713565658
2025-11-06 07:00:00+00:00,-0.38416102487670006,-0.3285441204601029,-0.07683220497537435,-0.035135550912506586,-0.30101537724829247,-0.08938961190634315,-0.10490658599071101,-0.03436040663693343,-0.3484873628325825,-0.26586676619734356
2025-11-06 08:00:00+00:00,-0.38416102487670006,-0.3285441204601029,-0.07683220497537435,-0.023108558332842248,-0.28880699392829845,-0.04815713303303996,-0.10490658599071101,-0.03436040663693343,-0.3484873628325825,-0.2786053979051403
2025-11-06 09:00:00+00:00,-0.35254754676100813,-0.3285441204601029,-0.07683220497537435,-0.035135550912506586,-0.2843750408060079,-0.03587049165772193,-0.11427582070355798,-0.06405424780413045,-0.3484873628325825,-0.2786053979051403
2025-11-06 10:00:00+00:00,-0.3487775120272705,-0.2803518348001981,-0.04839998600280889,-0.0005731110753335266,-0.302753670996045,-0.04723256898643874,-0.1316187789257718,-0.06957637676519102,-0.34408572058953346,-0.25405969696726305
2025-11-06 11:00:00+00:00,-0.3487775120272705,-0.23509542642359327,-0.04839998600280889,-0.0005731110753335266,-0.2796745453641071,-0.022251767797294368,-0.1316187789257718,-0.06957637676519102,-0.34408572058953346,-0.23616623215288493
2025-11-06 12:00:00+00:00,-0.3487775120272705,-0.19063648948966433,-0.04839998600280889,-0.0005731110753335266,-0.2796745453641071,0.027503482920698485,-0.1316187789257718,-0.12534478733274731,-0.34408572058953346,-0.21684721910645566
2025-11-06 13:00:00+00:00,-0.3487775120272705,-0.14678149010729907,-0.04839998600280889,0.024004389775456186,-0.266607341680133,0.0738844518864559,-0.1316187789257718,-0.17743738268083414,-0.34408572058953346,-0.21684721910645566
2025-11-06 14:00:00+00:00,-0.33968311024356834,-0.04774099160277231,-0.014678923792511723,0.010010182197160426,-0.24586988059792245,0.14737522523681712,-0.11873320214482032,-0.17419744104217835,-0.31460701008398595,-0.19086935636061944
2025-11-06 15:00:00+00:00,-0.2707083575142352,-0.04774099160277231,0.06756231274263282,-0.026781177839446297,-0.22858867485496537,0.2849950368736879,-0.11873320214482032,-0.17419744104217835,-0.31460701008398595,-0.13542945022483807
2025-11-06 16:00:00+00:00,-0.2707083575142352,-0.16108415127657316,0.06756231274263282,-0.056724365783992016,-0.22858867485496537,0.2567789579322063,-0.09763185849008874,-0.2512297172087907,-0.19464243161140016,-0.13542945022483807
2025-11-06 17:00:00+00:00,-0.2707083575142352,-0.16108415127657316,0.06756231274263282,-0.027066598098147824,-0.21504308726373839,0.19902259647136983,-0.09763185849008874,-0.2512297172087907,-0.133556112658924,-0.13542945022483807
2025-11-06 18:00:00+00:00,-0.2707083575142352,-0.16108415127657316,0.06756231274263282,-0.056142313283567113,-0.21504308726373839,0.16994997617026286,-0.11808600294515806,-0.042256203613511706,-0.05915868505858211,-0.11393612140004061
2025-11-06 19:00:00+00:00,-0.25539117336562295,-0.12997182037176375,0.030162561835298994,-0.01987555808370869,-0.08538320185943878,0.16404648519081974,-0.09406717583543821,-0.010172516850441493,-0.03633041732515116,-0.08905302083654043
2025-11-06 20:00:00+00:00,-0.25539117336562295,-0.15291431553231022,0.030162561835298994,-0.036639875071882336,-0.06623275494504578,0.18318875017767483,-0.08319472835018062,-0.05057539860861641,0.009538239547074915,-0.08905302083654043
2025-11-06 21:00:00+00:00,-0.25539117336562295,-0.15291431553231022,0.07099611650145206,-0.036639875071882336,-0.028036716638652422,0.18318875017767483,-0.07184322914454004,-0.12168656215275069,0.009538239547074915,-0.10028005554327453
2025-11-06 22:00:00+00:00,-0.25539117336562295,-0.15291431553231022,0.10344521580929635,-0.036639875071882336,0.02879045478298417,0.14684162925689973,-0.05848451120392386,-0.2010990714888051,0.05566175850904959,-0.10028005554327453
2025-11-06 23:00:00+00:00,-0.25539117336562295,-0.1847508754269666,0.138249493598435,-0.036639875071882336,-0.011488580955742575,0.14684162925689973,-0.05848451120392386,-0.2010990714888051,0.14549874207322933,-0.11366693842678705
2025-11-07 00:00:00+00:00,-0.25539117336562295,-0.22455548098102446,0.138249493598435,-0.05536701943786511,-0.011488580955742575,0.10795883867747152,-0.05848451120392386,-0.15042325272159776,0.14549874207322933,-0.16293524273911392
2025-11-07 01:00:00+00:00,-0.25539117336562295,-0.22455548098102446,0.13882472154126166,-0.05536701943786511,-0.014352941001262488,0.10719293010533187,-0.06292239960180969,-0.13846738731384037,0.1497240855167489,-0.17084072156666763
2025-11-07 02:00:00+00:00,-0.25539117336562295,-0.22455548098102446,0.13882472154126166,-0.06116326582747463,-0.014352941001262488,0.10594261337140444,-0.06761863471503518,-0.13846738731384037,0.14549874207322933,-0.16293524273911392
2025-11-07 03:00:00+00:00,-0.25539117336562295,-0.22455548098102446,0.13882472154126166,-0.06116326582747463,-0.020475434397264146,0.10530075666442486,-0.06761863471503518,-0.12744213395363865,0.14549874207322933,-0.16293524273911392
2025-11-07 04:00:00+00:00,-0.2280550323960764,-0.22455548098102446,0.13882472154126166,-0.06116326582747463,-0.020475434397264146,0.10448617917035302,-0.06761863471503518,-0.12744213395363865,0.14549874207322933,-0.16293524273911392
2025-11-07 05:00:00+00:00,-0.2280550323960764,-0.22455548098102446,0.11509539594996165,-0.06906607579380983,-0.03313133683863909,0.10448617917035302,-0.07410122432289563,-0.12744213395363865,0.11582429256967175,-0.16293524273911392
2025-11-07 06:00:00+00:00,-0.2280550323960764,-0.22455548098102446,0.09248178723653214,-0.059248112904198284,-0.026688533608166285,0.09142377715659589,-0.07410122432289563,-0.14817896460545862,0.11582429256967175,-0.16293524273911392
2025-11-07 07:00:00+00:00,-0.2280550323960764,-0.22455548098102446,0.09248178723653214,-0.059248112904198284,-0.03378284803513667,0.11100297401654476,-0.07410122432289563,-0.14817896460545862,0.0944590850472135,-0.1695872224683167
2025-11-07 08:00:00+00:00,-0.25168497552507807,-0.2407571854194327,0.07422699127363433,-0.048505496536396304,-0.03378284803513667,0.10229246418071422,-0.07410122432289563,-0.17712454600228633,0.07210231367325974,-0.18642055400301005
2025-11-07 09:00:00+00:00,-0.27665580972283743,-0.257123723689669,0.07422699127363433,-0.0580669688737115,-0.046475688434470655,0.11236681323984263,-0.06589923541897945,-0.17712454600228633,0.07210231367325974,-0.20373899077558816
2025-11-07 10:00:00+00:00,-0.27665580972283743,-0.2984139277850839,0.0223443412766237,-0.10325782974771591,-0.014923198591069532,0.11236681323984263,-0.02946464979658076,-0.22027620679065055,-0.04525167243892669,-0.25669541729975665
2025-11-07 11:00:00+00:00,-0.3178857746142411,-0.339892162825346,0.0223443412766237,-0.14539165056089579,-0.03144995128089888,0.08511256856189048,-0.04755019736119355,-0.2621320428457951,-0.09767537877539206,-0.30308336983831446
2025-11-07 12:00:00+00:00,-0.35794883603574446,-0.3817282434635986,0.0223443412766237,-0.1681902974782473,-0.048121974551920806,0.03483107250561033,-0.04755019736119355,-0.30996115818523806,-0.1565989789776262,-0.36658900932497
2025-11-07 13:00:00+00:00,-0.41974505923395267,-0.4240950551263001,-0.0818085294250001,-0.1681902974782473,-0.06563877003633112,-0.04147525108082013,-0.04755019736119355,-0.3366120618811511,-0.2208909218490566,-0.4508724459284332
2025-11-07 14:00:00+00:00,-0.4401043333943619,-0.5023865825581417,-0.192733670691774,-0.18738183474505846,-0.09305228812040822,-0.13624380296627803,-0.0780367241237397,-0.3930694991065813,-0.40932213428352643,-0.5747813806569491
2025-11-07 15:00:00+00:00,-0.4401043333943619,-0.5023865825581417,-0.192733670691774,-0.1494100075213408,-0.09305228812040822,-0.18260130291871918,-0.10893642256492307,-0.4541951475557028,-0.5031112841814696,-0.6640762675559074
2025-11-07 16:00:00+00:00,-0.4401043333943619,-0.4459788166502235,-0.192733670691774,-0.1494100075213408,-0.09305228812040822,-0.18260130291871918,-0.05859653884502229,-0.39928888534745777,-0.41829450992090567,-0.5927186956201326
2025-11-07 17:00:00+00:00,-0.38861930169676917,-0.38973091873648497,-0.192733670691774,-0.177809972569188,-0.11497872353809091,-0.14743616871663356,-0.05859653884502229,-0.3005986731043774,-0.27307097114688933,-0.5317818307874385
2025-11-07 18:00:00+00:00,-0.38861930169676917,-0.33340930349734893,-0.192733670691774,-0.177809972569188,-0.3019348991597778,-0.14743616871663356,-0.05859653884502229,-0.35510211969523675,-0.18804435361129446,-0.4693444561951619
2025-11-07 19:00:00+00:00,-0.38861930169676917,-0.28309993774339026,-0.192733670691774,-0.177809972569188,-0.32337365100964205,-0.14743616871663356,-0.05859653884502229,-0.3336766852741502,-0.10226823728863785,-0.44947800965353335
2025-11-07 20:00:00+00:00,-0.3787121779402102,-0.21659648473202855,-0.15914047399646614,-0.18904245581323662,-0.33946394182275835,-0.14743616871663356,-0.0456554374442178,-0.2993995850902688,-0.05669750589759821,-0.43118278242476427
2025-11-07 21:00:00+00:00,-0.37010933718867806,-0.12929251864111874,-0.192733670691774,-0.18904245581323662,-0.3660528353865055,-0.14743616871663356,-0.0456554374442178,-0.26276207163200976,0.06668247475673089,-0.4386359163676234
2025-11-07 22:00:00+00:00,-0.37010933718867806,-0.08739511798625675,-0.30016956514123944,-0.20493648525494643,-0.32274798892445294,-0.13013990168611006,-0.05973474897029332,-0.1985315327658559,0.12066598343108176,-0.45417026219598017
2025-11-07 23:00:00+00:00,-0.3263372725499257,-0.01635831063991362,-0.30016956514123944,-0.18435472321737978,-0.28850980484188177,-0.15394552850692406,-0.044499415949108063,-0.11526758838495219,0.12066598343108176,-0.3783475185660796
2025-11-08 00:00:00+00:00,-0.3263372725499257,-0.01635831063991362,-0.30016956514123944,-0.18435472321737978,-0.30183992343415367,-0.15394552850692406,-0.044499415949108063,-0.07107408501480972,0.230306357679581,-0.2611428633331275
2025-11-08 01:00:00+00:00,-0.2987446106011484,-0.04133337757346758,-0.31878394884225836,-0.14101225972111509,-0.2871887035196682,-0.12333653710362709,0.02665733878980433,0.004269140372902207,0.27132393929001586,-0.1843255240503114
2025-11-08 02:00:00+00:00,-0.2987446106011484,-0.06385445460610324,-0.33264640146819574,-0.14101225972111509,-0.2935693872732149,-0.12333653710362709,0.029692934722214077,0.009400817314142412,0.2846272674668956,-0.17499048954448956
2025-11-08 03:00:00+00:00,-0.27626537437285537,-0.09809737728022216,-0.37775046017333375,-0.14698677483602957,-0.2971315945950553,-0.12333653710362709,0.029692934722214077,0.014343268544661844,0.28033660601177407,-0.16054815268519787
2025-11-08 04:00:00+00:00,-0.24766399373257564,-0.09809737728022216,-0.3990057930744343,-0.14698677483602957,-0.30883901391881236,-0.12333653710362709,0.029692934722214077,0.024524344319584335,0.25858002747318726,-0.14011183286259027
2025-11-08 05:00:00+00:00,-0.2313694751248949,-0.09869275424385031,-0.363960894146219,-0.1175820757353776,-0.29267062579223774,-0.09547933559647387,0.0572909695385509,0.004180808068454897,0.25722638576591494,-0.11498856567401841
2025-11-08 06:00:00+00:00,-0.25227413682904676,-0.09869275424385031,-0.3412372769130202,-0.09231861823450829,-0.2693960269681636,-0.06637855984167655,0.0572909695385509,0.004180808068454897,0.25722638576591494,-0.1399058493855977
2025-11-08 07:00:00+00:00,-0.31652097680381364,-0.09869275424385031,-0.28811151748302566,-0.07924765624669611,-0.2567576030971181,-0.16217293168978344,0.0572909695385509,-0.017637068331569927,0.2372278572962959,-0.17828675159333443
2025-11-08 08:00:00+00:00,-0.31652097680381364,-0.09869275424385031,-0.28811151748302566,-0.06689292909723805,-0.24871825317250146,-0.16217293168978344,0.0572909695385509,-0.04218940557040914,0.21660005636170776,-0.23058199560001338
2025-11-08 09:00:00+00:00,-0.31652097680381364,-0.1487709540893291,-0.28811151748302566,-0.04571286092003786,-0.23675448219481943,-0.16217293168978344,0.0572909695385509,-0.06741998624628544,0.19507952387289432,-0.2859847204987828
2025-11-08 10:00:00+00:00,-0.3741400215130571,-0.15633200986874324,-0.2602618692630345,-0.003239232768369296,-0.2242781967567665,-0.113974201588474,0.03797906529478009,-0.09888164175820191,0.23326919578855304,-0.3366643382203565
2025-11-08 11:00:00+00:00,-0.37409786526893063,-0.21375616857870355,-0.27138039085188176,0.05960105590045474,-0.224817423185128,-0.05798207565971519,0.05658113236051486,-0.13428847745233544,0.18800386843231087,-0.3675392641043886
2025-11-08 12:00:00+00:00,-0.37409786526893063,-0.32624737000952314,-0.27138039085188176,0.05960105590045474,-0.21601856213996262,-0.010409327605850414,0.05658113236051486,-0.08143105085122662,0.029250896965109727,-0.41217133072549644
2025-11-08 13:00:00+00:00,-0.33289588782595503,-0.32624737000952314,-0.27138039085188176,0.033149352345812004,-0.23384204683059442,-0.010409327605850414,0.05658113236051486,-0.08143105085122662,-0.05951397006441162,-0.45642415814476345
2025-11-08 14:00:00+00:00,-0.3873053622899626,-0.32624737000952314,-0.337963184709953,0.033149352345812004,-0.2516328741517426,-0.05798207565971519,0.05658113236051486,-0.14012980994990396,-0.05951397006441162,-0.544450249940127
2025-11-08 15:00:00+00:00,-0.48680948031380106,-0.3541992305724166,-0.362617939921114,0.003619144371770733,-0.2710421842265212,-0.12107742121717574,0.05755166322588562,-0.21876272157446902,-0.08184305990215927,-0.6746927246909162
2025-11-08 16:00:00+00:00,-0.4283805696031657,-0.3541992305724166,-0.362617939921114,0.003619144371770733,-0.26067498017309004,-0.12107742121717574,0.03504622524457415,-0.08102634197714276,-0.08184305990215927,-0.5971012458654718
2025-11-08 17:00:00+00:00,-0.4283805696031657,-0.19170223179809281,-0.2924099186571008,0.033397201767025125,-0.26067498017309004,-0.17048619533253276,0.03504622524457415,-0.08102634197714276,-0.08184305990215927,-0.6099747566649834
2025-11-08 18:00:00+00:00,-0.38444290108538853,-0.19170223179809281,-0.2165110833410952,0.033397201767025125,-0.053385346895062455,-0.12107742121717574,0.03504622524457415,-0.08102634197714276,-0.08184305990215927,-0.636614424717348
