time_utc,6.8x51mm Hybrid,7.62x51mm M62,7.62x54R BT,5.8x42mm DVC12,5.7x28mm SS190,7.62x39mm AP,9x39mm BP,4.6x30mm AP SX,12.7x55mm PS12B,5.56x45mm M995
2025-09-21 18:00:00+00:00,,,,,,,,,,
2025-09-21 19:00:00+00:00,,,,,,,,,,
2025-09-21 20:00:00+00:00,,,,,,,,,,
2025-09-21 21:00:00+00:00,,,,,,,,,,
2025-09-21 22:00:00+00:00,,,,,,,,,,
2025-09-21 23:00:00+00:00,,,,,,,,,,
2025-09-22 00:00:00+00:00,,,,,,,,,,
2025-09-22 01:00:00+00:00,,,,,,,,,,
2025-09-22 02:00:00+00:00,,,,,,,,,,
2025-09-22 03:00:00+00:00,,,,,,,,,,
2025-09-22 04:00:00+00:00,,,,,,,,,,
2025-09-22 05:00:00+00:00,,,,,,,,,,
2025-09-22 06:00:00+00:00,,,,,,,,,,
2025-09-22 07:00:00+00:00,,,,,,,,,,
2025-09-22 08:00:00+00:00,,,,,,,,,,
2025-09-22 09:00:00+00:00,,,,,,,,,,
2025-09-22 10:00:00+00:00,,,,,,,,,,
2025-09-22 11:00:00+00:00,,,,,,,,,,
2025-09-22 12:00:00+00:00,,,,,,,,,,
2025-09-22 13:00:00+00:00,,,,,,,,,,
2025-09-22 14:00:00+00:00,,,,,,,,,,
2025-09-22 15:00:00+00:00,,,,,,,,,,
2025-09-22 16:00:00+00:00,,,,,,,,,,
2025-09-22 17:00:00+00:00,,,,,,,,,,
2025-09-22 18:00:00+00:00,,,,,,,,,,
2025-09-22 19:00:00+00:00,,,,,,,,,,
2025-09-22 20:00:00+00:00,,,,,,,,,,
2025-09-22 21:00:00+00:00,,,,,,,,,,
2025-09-22 22:00:00+00:00,,,,,,,,,,
2025-09-22 23:00:00+00:00,,,,,,,,,,
2025-09-23 00:00:00+00:00,,,,,,,,,,
2025-09-23 01:00:00+00:00,,,,,,,,,,
2025-09-23 02:00:00+00:00,,,,,,,,,,
2025-09-23 03:00:00+00:00,,,,,,,,,,
2025-09-23 04:00:00+00:00,,,,,,,,,,
2025-09-23 05:00:00+00:00,,,,,,,,,,
2025-09-23 06:00:00+00:00,,,,,,,,,,
2025-09-23 07:00:00+00:00,,,,,,,,,,
2025-09-23 08:00:00+00:00,,,,,,,,,,
2025-09-23 09:00:00+00:00,,,,,,,,,,
2025-09-23 10:00:00+00:00,,,,,,,,,,
2025-09-23 11:00:00+00:00,,,,,,,,,,
2025-09-23 12:00:00+00:00,,,,,,,,,,
2025-09-23 13:00:00+00:00,,,,,,,,,,
2025-09-23 14:00:00+00:00,,,,,,,,,,
2025-09-23 15:00:00+00:00,,,,,,,,,,
2025-09-23 16:00:00+00:00,,,,,,,,,,
2025-09-23 17:00:00+00:00,-0.33851545200203254,-0.19515519529145706,-0.1324057340642499,-0.4182338552818147,-0.3593374331251593,-0.16584403661926897,-0.4146367917126455,-0.3859669811406129,-0.4579455494938924,-0.633914606097667
2025-09-23 18:00:00+00:00,-0.40110350107608894,-0.26691165217248425,-0.12866862171035645,-0.44468867775970866,-0.4211536146095789,-0.18061488327969627,-0.42320027106338376,-0.38014636384207123,-0.4988289296375068,-0.5902655854704096
2025-09-23 19:00:00+00:00,-0.426496079733498,-0.2938470385274215,-0.12924082047192137,-0.45884315119658114,-0.41814565197844866,-0.18918918918918992,-0.43970641218245937,-0.39233282807777364,-0.5173181133272151,-0.6014212494385619
2025-09-23 20:00:00+00:00,-0.4484681260846699,-0.31777788640314164,-0.1297957318540562,-0.47501104121923426,-0.42888793460440283,-0.13867504905742367,-0.45719626737156877,-0.4035874579719374,-0.5318231024142045,-0.6137703842874321
2025-09-23 21:00:00+00:00,-0.46773612950241017,-0.3391940030119,-0.1091987180004931,-0.49160061608432565,-0.4445759194041181,-0.14755647700549285,-0.470657591419711,-0.40605763336546674,-0.5324651958556845,-0.6229507504529979
2025-09-23 22:00:00+00:00,-0.4504215069826267,-0.32314181542740633,-0.10848985109946638,-0.48860940953131127,-0.43977276918036845,-0.1442969183693218,-0.46772718851810535,-0.407620998515737,-0.529618567000935,-0.6103850781158757
2025-09-23 23:00:00+00:00,-0.4447487085524332,-0.31956554886563165,-0.10146852713446784,-0.4874308676452837,-0.44036764328296296,-0.14117866540239768,-0.46684392929608215,-0.4036459467857774,-0.5301499110568465,-0.6064938599444567
2025-09-24 00:00:00+00:00,-0.4426888688881029,-0.3202605396562975,-0.10092167847000239,-0.48642673940017433,-0.43580951508244825,-0.14600626513019194,-0.4642839129368944,-0.4035556063913782,-0.5306607689690761,-0.6067160992552117
2025-09-24 01:00:00+00:00,-0.4407081501491104,-0.3210258891685794,-0.10039520998569056,-0.4855708051272172,-0.4365323224887358,-0.15050255410549035,-0.46209882249898493,-0.39856119862359124,-0.5312358239837898,-0.6069301512502064
2025-09-24 02:00:00+00:00,-0.4388020795423028,-0.32184166855610785,-0.09403365078740959,-0.484841410647512,-0.4348130845599191,-0.14737475890674825,-0.4602262645867018,-0.39631838453194146,-0.531676794573608,-0.6071187296517436
2025-09-24 03:00:00+00:00,-0.43901576690761057,-0.32269259402727196,-0.09363846510460273,-0.4854617390101837,-0.43246368394368073,-0.1515178619590191,-0.458616226048047,-0.3967870809302279,-0.5321017416715377,-0.6073095258154227
2025-09-24 04:00:00+00:00,-0.42080062746977165,-0.3482999435814022,-0.089497328579822,-0.49485836083453827,-0.41240365614560454,-0.1319088711418469,-0.4789765146536414,-0.4198804178844516,-0.5251958174892493,-0.6109587284626778
2025-09-24 05:00:00+00:00,-0.41925657843025926,-0.3481872260495636,-0.08917720416163984,-0.49519968136612896,-0.3926184438911281,-0.13533299049019215,-0.47888947321100955,-0.42075387726107566,-0.5255643410768847,-0.6108523092100538
2025-09-24 06:00:00+00:00,-0.4177663795901232,-0.3446122596232966,-0.08886789911919235,-0.49215299825161757,-0.38928254698018366,-0.13855852237613758,-0.4734804175143514,-0.41919998634256467,-0.5231287362525494,-0.6107591782972649
2025-09-24 07:00:00+00:00,-0.4097644574443306,-0.33192182490424305,-0.08381731436454738,-0.48251680546078696,-0.3840028022650929,-0.13587533450228875,-0.46554701835891926,-0.4120148928528133,-0.5151071724345659,-0.6106779807469385
2025-09-24 08:00:00+00:00,-0.39761830167574447,-0.3202156786889516,-0.07903184151322662,-0.47342964220827194,-0.3845430292543511,-0.1332948314968653,-0.45802312744457496,-0.4073615365317872,-0.5074920346967493,-0.6106825354964156
2025-09-24 09:00:00+00:00,-0.3863274417526714,-0.3174090311854658,-0.07449007562618656,-0.47093267654402765,-0.381513237201877,-0.13081118996315177,-0.45342194029512517,-0.40466882806727583,-0.5054774593504372,-0.6106870235092563
2025-09-24 10:00:00+00:00,-0.35048134684762794,-0.2683769466947023,-0.07251857585413875,-0.458389248361304,-0.3965395817356504,-0.1132008308117706,-0.4393712762059104,-0.40744081003596405,-0.46726093215021725,-0.5998567604283184
2025-09-24 11:00:00+00:00,-0.31765939232008833,-0.25027861449558136,-0.07071259443010709,-0.46211262119954916,-0.38801106859680734,-0.09692520525119629,-0.43308324946555177,-0.4150987789652983,-0.4322575710433232,-0.5900167219620701
2025-09-24 12:00:00+00:00,-0.2874808630684503,-0.2084977208017324,-0.06905083348519464,-0.4587584559742946,-0.38018258693546586,-0.08182518604492049,-0.4273625970677574,-0.41754781726195644,-0.40006313978824093,-0.5810341042848599
2025-09-24 13:00:00+00:00,-0.25962817236394814,-0.17053975291457987,-0.09057588802582332,-0.4482580584007975,-0.3667316472014109,-0.11755760264187319,-0.41593586162443347,-0.4040018739535202,-0.3703404885378662,-0.5849845753964097
2025-09-24 14:00:00+00:00,-0.2563136523617254,-0.16572616075685295,-0.09050998980572283,-0.44795980228073246,-0.36696498000407896,-0.11624232053235609,-0.4154778061591849,-0.4039045325551833,-0.369517799744091,-0.5850204647179508
2025-09-24 15:00:00+00:00,-0.253143499467865,-0.16120513125081737,-0.0904459898181881,-0.44767018551430665,-0.36686915546495097,-0.11497151539527677,-0.41503314219492177,-0.40216641291932465,-0.3687199431716104,-0.5850553222195666
2025-09-24 16:00:00+00:00,-0.2501082016929779,-0.15694889815167742,-0.09038380720793872,-0.4473888380875107,-0.3649860592106789,-0.11374295114093408,-0.4136096659725037,-0.40048541210394645,-0.3649999368445015,-0.5850891917688454
2025-09-24 17:00:00+00:00,-0.24507770439147664,-0.1529332584161717,-0.09032336564363967,-0.4459035471851097,-0.3642282155476658,-0.11419811830498665,-0.41081190746839824,-0.3998129436702258,-0.3567968939388535,-0.582605307422707
2025-09-24 18:00:00+00:00,-0.26868283340318644,-0.16783627165899961,-0.11108605147430707,-0.46322826012513174,-0.39033385072452087,-0.11419811830498665,-0.4145325147274804,-0.3942070614287177,-0.37348321930244693,-0.582605307422707
2025-09-24 19:00:00+00:00,-0.28705485520341417,-0.18248193690587036,-0.1322278928160193,-0.4723447550334156,-0.40353562722270936,-0.07105746197278628,-0.4145325147274804,-0.3828425096029944,-0.38077590766832914,-0.582692827299903
2025-09-24 20:00:00+00:00,-0.33965463930981266,-0.21260511610105867,-0.18687071951035078,-0.48450815033344347,-0.3916936670930726,-0.07979231318014111,-0.42150529095920136,-0.3693952347359906,-0.19132301369773613,-0.6081246373470474
2025-09-24 21:00:00+00:00,-0.3534371262844354,-0.22580719942903724,-0.2255126160562401,-0.47939591080516775,-0.38086748052461167,-0.04014360704634321,-0.4160239903854784,-0.3557573566804409,-0.1998476355375885,-0.6081246373470474
2025-09-24 22:00:00+00:00,-0.35066395606810574,-0.22235975216942233,-0.24765567494652327,-0.4774178180595505,-0.3664355677603497,-0.02864459496107903,-0.41792516526313594,-0.3544062224599727,-0.21781995438593493,-0.591864030249266
2025-09-24 23:00:00+00:00,-0.34870038686375787,-0.22132669799742347,-0.2448960180623512,-0.475338505710867,-0.39423174657950755,-0.02864459496107903,-0.412563981441342,-0.3544062224599727,-0.21787478723175852,-0.584237394672058
2025-09-25 00:00:00+00:00,-0.352881789914788,-0.22132669799742347,-0.2448960180623512,-0.4820687688311491,-0.400754173846655,-0.02864459496107903,-0.41522401599525477,-0.35201950300570034,-0.21886139798156914,-0.584237394672058
2025-09-25 01:00:00+00:00,-0.35868753342471593,-0.17168836074135682,-0.2582408568889067,-0.44462376422187294,-0.3733322737536349,-0.04014360704634321,-0.3838647489864557,-0.3196322150197609,-0.21061320675079903,-0.5769425199169721
2025-09-25 02:00:00+00:00,-0.3638027518908787,-0.17168836074135682,-0.2591266976661084,-0.44198767684232604,-0.3792338229677666,-0.04014360704634321,-0.3858903340709652,-0.3207561947957324,-0.21055405530832746,-0.5779960520780516
2025-09-25 03:00:00+00:00,-0.3698012078754454,-0.17168836074135682,-0.2564534172111661,-0.44198767684232604,-0.3790841803569124,-0.04014360704634321,-0.3842932559483056,-0.3207561947957324,-0.21141074415588273,-0.5791122416933168
2025-09-25 04:00:00+00:00,-0.3678496109667559,-0.18052203081332624,-0.2579499805653415,-0.4535404528901124,-0.3919597627715358,-0.02790999583569229,-0.4041794043343022,-0.3323588786213426,-0.22523764633096977,-0.5742323607736687
2025-09-25 05:00:00+00:00,-0.37295321142271304,-0.18143400436288468,-0.2595734467476557,-0.4535404528901124,-0.39140359976058636,-0.02790999583569229,-0.4041794043343022,-0.3323588786213426,-0.22674631186097735,-0.5756396449764088
2025-09-25 06:00:00+00:00,-0.3724252998617435,-0.1824281578265723,-0.2581125149031423,-0.4535404528901124,-0.3892148309868181,-0.02790999583569229,-0.4041794043343022,-0.3323588786213426,-0.2263041405851612,-0.5771158468347465
2025-09-25 07:00:00+00:00,-0.3674074430432931,-0.1784593176340152,-0.25693075801711746,-0.4535404528901124,-0.3894933246228372,-0.02790999583569229,-0.4041794043343022,-0.3343480559776637,-0.22418926191044172,-0.5786630521127928
2025-09-25 08:00:00+00:00,-0.36282360647602974,-0.17557504879572441,-0.25604163360468124,-0.4546885686265591,-0.38891654542816806,-0.02481817022965827,-0.4041794043343022,-0.33040626096760817,-0.22351087843851608,-0.571790806723642
2025-09-25 09:00:00+00:00,-0.3586527880572319,-0.17277660889948923,-0.2638565010843748,-0.4546885686265591,-0.3893196976710739,-0.02790999583569229,-0.4041794043343022,-0.32881021555826206,-0.22155476179443104,-0.5652507443196225
2025-09-25 10:00:00+00:00,-0.33772057161887153,-0.14773853780068205,-0.2715646683805894,-0.45353201930574166,-0.4077580807135823,-0.016048335704424932,-0.40077263224173293,-0.333543020210032,-0.21757295220925732,-0.5477622498056393
2025-09-25 11:00:00+00:00,-0.3186489745132546,-0.1419876755593804,-0.2805406030334888,-0.4522292627528288,-0.4062546291250818,-0.0022982980046746056,-0.4022187288028543,-0.3437135663404108,-0.2130310978334049,-0.5314322179643421
2025-09-25 12:00:00+00:00,-0.30131687865050605,-0.1364592324731978,-0.2908682719319876,-0.45118813102146854,-0.4098635828473837,-0.03348623078073856,-0.39879245052199186,-0.3388067834938759,-0.20936067834924776,-0.5161743757291177
2025-09-25 13:00:00+00:00,-0.2856215781886296,-0.1311339960654079,-0.3026538534684919,-0.45586888803728115,-0.3967876454544633,-0.022050837268919647,-0.3958499690069665,-0.32461369302881166,-0.19376244667754133,-0.487184921913292
2025-09-25 14:00:00+00:00,-0.2506983357250767,-0.11435145533826097,-0.2732570141493266,-0.4621538860152738,-0.3967876454544633,-0.022050837268919647,-0.40671270618972394,-0.3303656870599326,-0.19376244667754133,-0.4609516766392423
2025-09-25 15:00:00+00:00,-0.2614287959986681,-0.13014305146427843,-0.26613975764126485,-0.45303541814145176,-0.3843310830808069,-0.03160033170670668,-0.40200022241065636,-0.34167522654291765,-0.19298394109490363,-0.4698291799404561
2025-09-25 16:00:00+00:00,-0.3277284173612452,-0.12846213482304183,-0.24684629557090665,-0.45780103699561103,-0.4199453594068661,-0.01102184402910058,-0.40358759955498325,-0.3365234277210778,-0.1992592029925728,-0.4986048923729229
2025-09-25 17:00:00+00:00,-0.3293616546190186,-0.1273654280090775,-0.25692352049960665,-0.45780103699561103,-0.41956483568024705,-0.01102184402910058,-0.4044147026841321,-0.3365234277210778,-0.1992592029925728,-0.49555512938833546
2025-09-25 18:00:00+00:00,-0.3533353496289268,-0.12524485821668926,-0.2420048443471749,-0.4451578850386455,-0.4458448188816643,-1.103400692890018e-12,-0.39575219107718584,-0.32204839065497526,-0.18918106058538464,-0.49326185672767303
2025-09-25 19:00:00+00:00,-0.36906701841970796,-0.13999788756556772,-0.2208691600032843,-0.43092978905094415,-0.4458448188816643,0.04160251471725416,-0.38551764318998666,-0.31140648137276633,-0.16230861351605994,-0.49326185672767303
2025-09-25 20:00:00+00:00,-0.39017964344799305,-0.15458989310549437,-0.19835388147218583,-0.4223453663844663,-0.43328626662719844,0.08199200616872215,-0.3725010092164883,-0.3038744156018905,-0.17237078231744618,-0.48320827646509185
2025-09-25 21:00:00+00:00,-0.4105383846197871,-0.15458989310549437,-0.1662566619459138,-0.4137378871957892,-0.4146492038625229,0.08199200616872215,-0.36185955447038787,-0.3038744156018905,-0.1441384393846419,-0.47311844141032555
2025-09-25 22:00:00+00:00,-0.40878421804712356,-0.15366440995037178,-0.1662566619459138,-0.4146505292108588,-0.43135398097358807,0.08199200616872215,-0.36246855942048867,-0.3033830054846078,-0.14595727433326744,-0.4675513659300376
2025-09-25 23:00:00+00:00,-0.4115188960030467,-0.15422177271645982,-0.167339442780482,-0.4146505292108588,-0.4327368097321687,0.08199200616872215,-0.3589024597433268,-0.2997675786226201,-0.14731968529684383,-0.4675513659300376
2025-09-26 00:00:00+00:00,-0.4218197312045356,-0.15631149529623423,-0.16854996561562718,-0.4183300132669468,-0.42270668246343857,0.08199200616872215,-0.3560938563278428,-0.2997675786226201,-0.15094638162798935,-0.4675513659300376
2025-09-26 01:00:00+00:00,-0.42802647252243947,-0.17094647611787755,-0.17856285108442588,-0.43909612267410947,-0.4301575072359612,0.09281210101782221,-0.3816041752874939,-0.32486109785523115,-0.1610193115823367,-0.470304699544497
2025-09-26 02:00:00+00:00,-0.44336643310481433,-0.1862863274896446,-0.1878228866714352,-0.4595833846183082,-0.4512774534767774,0.06364410376864814,-0.4061925215881373,-0.34589732677158713,-0.17151185643304323,-0.48239812159171086
2025-09-26 03:00:00+00:00,-0.4586462063217515,-0.1895632196475787,-0.18868748303217392,-0.4595833846183082,-0.4512774534767774,0.0633879409157598,-0.4003693213942684,-0.3423930865057821,-0.17342067682410586,-0.48841837301190233
2025-09-26 04:00:00+00:00,-0.43583638673251174,-0.17681968575798426,-0.22386418695549906,-0.4665625850462473,-0.4560703556750355,0.0633879409157598,-0.40507874298916213,-0.3512426168315827,-0.17342067682410586,-0.48841837301190233
2025-09-26 05:00:00+00:00,-0.45272580867784185,-0.180198965291353,-0.2254571379027003,-0.4572815497048394,-0.45463365340726986,0.0633879409157598,-0.39773306187713037,-0.3477338170323021,-0.17342067682410586,-0.49469467765150166
2025-09-26 06:00:00+00:00,-0.46610689850144943,-0.18531723803620193,-0.2272787476629644,-0.4549725435990084,-0.4534150210985339,0.0633879409157598,-0.39747918716540237,-0.3478491827304178,-0.17342067682410586,-0.4981403058080184
2025-09-26 07:00:00+00:00,-0.47485763608779435,-0.18470421418327843,-0.2272787476629644,-0.45769968034949243,-0.4551169238451861,0.0633879409157598,-0.39910622483859803,-0.3506120508131017,-0.17342067682410586,-0.501693149895379
2025-09-26 08:00:00+00:00,-0.45930246160664,-0.16610899606795043,-0.2589505620495611,-0.44557422162135674,-0.4293746082842949,0.03581618117291566,-0.3900248809389712,-0.3408099185707383,-0.15829928384808487,-0.5065983538953125
2025-09-26 09:00:00+00:00,-0.44545679369553653,-0.16484019605573594,-0.26556215406175465,-0.4437406762224488,-0.4368178563588355,0.008592717535135597,-0.38518621831503735,-0.3404450371874713,-0.15657228489308248,-0.5121614162406548
2025-09-26 10:00:00+00:00,-0.42524035451192144,-0.14864050567396006,-0.26556215406175465,-0.4505849319022372,-0.43939458046706753,-0.05937254165648783,-0.38983460284595217,-0.3551107102080402,-0.1349139028186511,-0.5075364735835526
2025-09-26 11:00:00+00:00,-0.4048347859050014,-0.1326386409008556,-0.26556215406175465,-0.4505849319022372,-0.4335461815261507,-0.05937254165648783,-0.39870563241092993,-0.36821271090472263,-0.102588435750142,-0.5121614162406548
2025-09-26 12:00:00+00:00,-0.38420847110843376,-0.11682230214508048,-0.26556215406175465,-0.4505849319022372,-0.417522144935163,-0.05937254165648783,-0.40757586388770867,-0.38058137153541544,-0.09005993737270945,-0.5167994554706681
2025-09-26 13:00:00+00:00,-0.3633269168040615,-0.10117983629033513,-0.26556215406175465,-0.46333190861695756,-0.417522144935163,-0.05937254165648783,-0.41644686187798974,-0.4050040767221054,-0.06483794868394441,-0.5214484910045447
2025-09-26 14:00:00+00:00,-0.34866347791818497,-0.10110508770782126,-0.2612066400651061,-0.4724325238302023,-0.4210276390337748,-0.0719932329538251,-0.4270560498248056,-0.42337649889048773,-0.06535257649680018,-0.4965875506044593
2025-09-26 15:00:00+00:00,-0.3478089297488264,-0.12396809529004392,-0.23588294541541852,-0.4341667281270861,-0.41372362332205964,-0.09307510500074187,-0.3933481068337267,-0.4164648625308183,-0.10837769369662463,-0.4112024374659924
2025-09-26 16:00:00+00:00,-0.3515178156179279,-0.1355261854357867,-0.22663336788353733,-0.4212374474388287,-0.4148632952975589,-0.10306094230258456,-0.3880027130913037,-0.42495741958831545,-0.12831242486390773,-0.38747234086551824
2025-09-26 17:00:00+00:00,-0.4261490750126674,-0.14557643087605138,-0.25095924708094186,-0.4287185179807587,-0.3998360427239635,-0.08477306952347698,-0.37230083373760725,-0.4011867902798089,-0.0870420950318838,-0.4168490028408297
2025-09-26 18:00:00+00:00,-0.4416299794542643,-0.12406301428260791,-0.2785946551979832,-0.39816711874035454,-0.3401766631977873,-0.06499237432555047,-0.3549575498913869,-0.39192072840772557,-0.04420914355806365,-0.45063648533700884
2025-09-26 19:00:00+00:00,-0.45165339383773123,-0.12406301428260791,-0.2785946551979832,-0.3874190334608573,-0.3582142150819398,-0.06499237432555047,-0.3380407757933421,-0.3883603518444188,-0.03154736338207415,-0.42748530830156456
2025-09-26 20:00:00+00:00,-0.4640260915467741,-0.12406301428260791,-0.2785946551979832,-0.3833018214839699,-0.3528134101456219,-0.10595788934454964,-0.32228872455616153,-0.3847805555906328,-0.03154736338207415,-0.40917098206086056
2025-09-26 21:00:00+00:00,-0.4763237720423174,-0.12406301428260791,-0.3281666393844757,-0.38004847335359665,-0.3528134101456219,-0.10595788934454964,-0.3095771981754598,-0.38876555055962053,-0.03154736338207415,-0.3847050585847066
2025-09-26 22:00:00+00:00,-0.4664373690236709,-0.12406301428260791,-0.3281666393844757,-0.3809177725654608,-0.34422118516714584,-0.10272988199905436,-0.3103345696754077,-0.3892449021673763,-0.032595806827305764,-0.3868159817057833
2025-09-26 23:00:00+00:00,-0.470429687812917,-0.12448430452243692,-0.3312694108856022,-0.3809177725654608,-0.34483745693972234,-0.10272988199905436,-0.3064441075316974,-0.3917849648457893,-0.03405329939819196,-0.37791143113574843
2025-09-27 00:00:00+00:00,-0.4615711324331136,-0.14189515361220809,-0.2701486356884282,-0.35244383138577634,-0.347271765040925,-0.1160239517137757,-0.2718248881373379,-0.34432543953370653,-0.044842400104004865,-0.3173848785899057
2025-09-27 01:00:00+00:00,-0.46861965840883146,-0.14730380129859957,-0.2701486356884282,-0.35244383138577634,-0.35294682466556987,-0.1160239517137757,-0.27004765310823114,-0.34902725835409754,-0.04703673718148204,-0.30593065283939186
2025-09-27 02:00:00+00:00,-0.47604368535874897,-0.15326069676744364,-0.2731282940943831,-0.35244383138577634,-0.36602343212079486,-0.1160239517137757,-0.26830367730993804,-0.35126445959160973,-0.04839115128101689,-0.297324239182466
2025-09-27 03:00:00+00:00,-0.4961313022715656,-0.1454425687568626,-0.29982264260970054,-0.3641370170796695,-0.37803056419525555,-0.14061116221628134,-0.29111779414301275,-0.36759042912537837,-0.04064699097310029,-0.32218512211370604
2025-09-27 04:00:00+00:00,-0.4863532627724497,-0.09783837074151365,-0.29982264260970054,-0.3641370170796695,-0.3953117719637404,-0.14061116221628134,-0.2945389866327495,-0.36457948189383366,-0.005494567699508224,-0.3356345631141339
2025-09-27 05:00:00+00:00,-0.4955643215205468,-0.10479179946276634,-0.29982264260970054,-0.3615082767552402,-0.41008231062018946,-0.1443716856217559,-0.29185633082916873,-0.36594708729374753,-0.007538003074933204,-0.3274042084401567
2025-09-27 06:00:00+00:00,-0.5053466997456794,-0.10564558111133959,-0.29982264260970054,-0.36235732968437057,-0.4084818922884296,-0.1443716856217559,-0.2932880846619179,-0.364213674861798,-0.00940276053397735,-0.31972853729360345
2025-09-27 07:00:00+00:00,-0.5075367233218219,-0.10564558111133959,-0.3031022837043697,-0.3667848111663703,-0.4084818922884296,-0.14061116221628134,-0.29548238722294673,-0.364213674861798,-0.010549243668823493,-0.3125476188893203
2025-09-27 08:00:00+00:00,-0.4957574047239465,-0.07372503187935932,-0.30859012602538183,-0.35195401135420395,-0.3829880506174389,-0.12790570336574833,-0.2844035493558023,-0.33464875932931565,0.006648612351031047,-0.33191753794293954
2025-09-27 09:00:00+00:00,-0.4847251172616775,-0.04546769917165981,-0.3137909393806834,-0.33297111281560426,-0.373291269105538,-0.11550845638531412,-0.2662100758048795,-0.3223654024649076,0.03220407472854492,-0.34436470193635565
2025-09-27 10:00:00+00:00,-0.47755687921807133,-0.04546769917165981,-0.3137909393806834,-0.34702135545793505,-0.3697149863098126,-0.11550845638531412,-0.2716395724975355,-0.31804188555482626,0.042393691564543035,-0.35922239541290096
2025-09-27 11:00:00+00:00,-0.4703727209900415,-0.028764611051132878,-0.3137909393806834,-0.3404185459267003,-0.388101070029345,-0.11550845638531412,-0.27674881581212124,-0.31804188555482626,0.05247975000326476,-0.37899428750413255
2025-09-27 12:00:00+00:00,-0.46424201468348625,-0.039496291660641156,-0.29966194013490527,-0.34421041935298363,-0.3922099059493326,-0.12790570336574833,-0.28510780551032233,-0.3157904441858313,0.04692089430807728,-0.37882369774665997
2025-09-27 13:00:00+00:00,-0.45680312287415226,-0.039496291660641156,-0.2761488015461969,-0.35187301777608804,-0.39871563765126294,-0.0947377448563114,-0.2960144375617278,-0.32090779611700165,0.05714825474519797,-0.38555415452748204
2025-09-27 14:00:00+00:00,-0.44932784664770153,-0.028764611051132878,-0.30058305632697063,-0.3477718293560069,-0.3953226815520179,-0.11550845638531412,-0.29245297003275655,-0.30288917768871804,0.07020013202312371,-0.38112892323852954
2025-09-27 15:00:00+00:00,-0.4524808982085591,-0.028764611051132878,-0.30058305632697063,-0.34765678607300515,-0.3944525582015234,-0.11550845638531412,-0.2924092453807605,-0.3032953399314653,0.0680804171979954,-0.38112892323852954
2025-09-27 16:00:00+00:00,-0.4557655505550291,-0.028764611051132878,-0.2975841910378636,-0.3475545257663081,-0.3950474993013823,-0.11550845638531412,-0.29295332501084465,-0.3032953399314653,0.06685831159500003,-0.38112892323852954
2025-09-27 17:00:00+00:00,-0.45651243719757395,-0.029826968589752745,-0.2578807147780311,-0.3482861834706251,-0.3950474993013823,-0.11995458201127866,-0.2947255826622713,-0.3032953399314653,0.06531392105035484,-0.37964251771287416
2025-09-27 18:00:00+00:00,-0.4566583970494319,-0.021610659984705516,-0.24274409928479013,-0.33075513265007217,-0.38565773945056464,-0.10580855979947684,-0.27194893753202953,-0.28422583054868616,0.0809339212057946,-0.35856140045323454
2025-09-27 19:00:00+00:00,-0.461799678673174,-0.04066844883513484,-0.2868828108405754,-0.31881582292334393,-0.36719440884343585,-0.14812231599664272,-0.26260062688329505,-0.28422583054868616,0.0809339212057946,-0.35856140045323454
2025-09-27 20:00:00+00:00,-0.4746671883193683,-0.07663870449770269,-0.3281018437709128,-0.27440095155683747,-0.3905706097809848,-0.14812231599664272,-0.2414660896624674,-0.28422583054868616,-0.1776511806191819,-0.35856140045323454
2025-09-27 21:00:00+00:00,-0.4746671883193683,-0.11065916738793488,-0.344125968294035,-0.25339336637398907,-0.4022886557625993,-0.191641386977575,-0.23162209270285594,-0.28422583054868616,-0.1910023681072981,-0.36270626236044506
2025-09-27 22:00:00+00:00,-0.4738027650290437,-0.1126608461605803,-0.33708770310898123,-0.25317201176200066,-0.40074678595157953,-0.191641386977575,-0.23074123831382296,-0.28422583054868616,-0.19410165310789013,-0.3602073904022967
2025-09-27 23:00:00+00:00,-0.4766307572554289,-0.11433831973210566,-0.33708770310898123,-0.25571142952144255,-0.4034728240755907,-0.18554269056451372,-0.2327199152168859,-0.28422583054868616,-0.19910599237470042,-0.3612033142459568
2025-09-28 00:00:00+00:00,-0.481401077053805,-0.12211925226154566,-0.3392813921258308,-0.2524103040957972,-0.3730604542250521,-0.18554269056451372,-0.2327199152168859,-0.2861243303867673,-0.20952600557204692,-0.3612033142459568
2025-09-28 01:00:00+00:00,-0.5187651854126651,-0.20978825972320195,-0.3288554685014307,-0.2915726780881976,-0.4066479747847021,-0.17092980532675356,-0.2556013957048428,-0.31632553090559345,-0.24325904800915824,-0.3658123087019244
2025-09-28 02:00:00+00:00,-0.5350527299605594,-0.23628031534640487,-0.312269815721709,-0.3163986772342046,-0.4275890173936849,-0.18849938284464463,-0.2780720045239677,-0.33411434408925084,-0.25851233783715244,-0.361805621841601
2025-09-28 03:00:00+00:00,-0.540910860695741,-0.25580453019763144,-0.3077110751453798,-0.3121841240087206,-0.41934892506728344,-0.18849938284464463,-0.27571112435344014,-0.32994578482145703,-0.263428428136018,-0.361805621841601
2025-09-28 04:00:00+00:00,-0.5369086726803507,-0.24277866247693533,-0.26299204213576327,-0.3121841240087206,-0.423237880842636,-0.2185433458832608,-0.2792092727026571,-0.33662923060941674,-0.24686001827051154,-0.361805621841601
2025-09-28 05:00:00+00:00,-0.5469667726285132,-0.2514378243257376,-0.26231013549818016,-0.3090249998004247,-0.423237880842636,-0.2185433458832608,-0.2757758959349025,-0.3354721382534052,-0.25516351652094854,-0.361805621841601
2025-09-28 06:00:00+00:00,-0.5485858115939781,-0.26076754849354666,-0.25983571907746134,-0.3090249998004247,-0.423237880842636,-0.21211643107319533,-0.27625735480421315,-0.3363713412420834,-0.25898379794211845,-0.361805621841601
2025-09-28 07:00:00+00:00,-0.5478634870218586,-0.26076754849354666,-0.2576051207595943,-0.3090249998004247,-0.423524748787387,-0.21211643107319533,-0.27758039500259546,-0.3373822671286013,-0.2597223593309984,-0.361805621841601
2025-09-28 08:00:00+00:00,-0.5292156911107594,-0.22913272706791823,-0.1997564132442247,-0.2866716753796701,-0.4062407602607821,-0.22687035721572477,-0.26152450555486983,-0.32051487785270394,-0.24764208749431532,-0.34942978462783075
2025-09-28 09:00:00+00:00,-0.5216959702167128,-0.199755016240195,-0.14947762201681214,-0.2653944932691001,-0.40662354989562854,-0.21939661658100706,-0.24467980918391416,-0.30750561478503885,-0.24663076437617076,-0.32713510272125745
2025-09-28 10:00:00+00:00,-0.513687224740249,-0.199755016240195,-0.11751315263404774,-0.2653944932691001,-0.4096388823946973,-0.21939661658100706,-0.2550569867980263,-0.3113023220191704,-0.23544227861374942,-0.32713510272125745
2025-09-28 11:00:00+00:00,-0.5056960842652876,-0.18240845187294302,-0.08648582418560971,-0.2653944932691001,-0.41893257398020756,-0.18119336518888393,-0.26007299333945494,-0.3147479435436176,-0.22416776912129524,-0.32713510272125745
2025-09-28 12:00:00+00:00,-0.5056960842652876,-0.18240845187294302,-0.05627499029381275,-0.2653944932691001,-0.42687093472870685,-0.08504339262555757,-0.26549329491645984,-0.32336238061832817,-0.1993869973212139,-0.32713510272125745
2025-09-28 13:00:00+00:00,-0.4977212258510886,-0.16493125900815866,-0.026774087355595635,-0.258532981408157,-0.43320868162005044,-0.030443395007229056,-0.2709382113283723,-0.3380037256867482,-0.18609885217666014,-0.32713510272125745
2025-09-28 14:00:00+00:00,-0.48976132838649705,-0.14432173486736644,0.0021118420203009246,-0.25092138589232327,-0.4212418737512421,0.015340753246783058,-0.27640829005025946,-0.34331497299237373,-0.16140017357707595,-0.32713510272125745
2025-09-28 15:00:00+00:00,-0.5070722703519044,-0.14201926382472532,-0.01417238342354454,-0.2535693038882998,-0.4339039552599799,0.01703995441514553,-0.2693510585295025,-0.327419654534842,-0.1872631747194321,-0.3125050443497346
2025-09-28 16:00:00+00:00,-0.5093281343272529,-0.1436545869613604,-0.01968257708806325,-0.2535693038882998,-0.4339039552599799,0.0080056379548664,-0.2688341422667669,-0.3275795970928057,-0.19903419581409174,-0.3125050443497346
2025-09-28 17:00:00+00:00,-0.5093281343272529,-0.1453106070674785,-0.024551430807011883,-0.25272624650747233,-0.43546791916221994,-0.0038201623121459478,-0.26894366220334737,-0.32830797239057236,-0.20109772928033082,-0.3125050443497346
2025-09-28 18:00:00+00:00,-0.5094146869865926,-0.14698618394711627,-0.0291799772893054,-0.25182270191427275,-0.4378561474992678,-0.01092455875555098,-0.2692440895195415,-0.32830797239057236,-0.20318018767519008,-0.3125050443497346
2025-09-28 19:00:00+00:00,-0.5094146869865926,-0.14698618394711627,-0.047369077138318526,-0.24398440532126275,-0.4378561474992678,-0.06163183621596689,-0.2581172857979879,-0.32360731420806305,-0.22067828243972779,-0.32045844509902255
2025-09-28 20:00:00+00:00,-0.5057877025146478,-0.1881144487099322,-0.08211284927963268,-0.2287116335232562,-0.4265629937817494,-0.1332619840580486,-0.25267791850674937,-0.3188763509475327,-0.23580452178277536,-0.3283071427569127
2025-09-28 21:00:00+00:00,-0.5057877025146478,-0.2508436104433905,-0.10035992204010728,-0.21292142353961038,-0.41985544683726583,-0.17567968594030983,-0.24718215671223456,-0.31448892582088006,-0.25305834421519013,-0.336056017620389
2025-09-28 22:00:00+00:00,-0.50377276230242,-0.2517281849837101,-0.10509815176837271,-0.21204046156717288,-0.4181818198756001,-0.17636890537566513,-0.24625373317902016,-0.31448892582088006,-0.26497886671513854,-0.336056017620389
2025-09-28 23:00:00+00:00,-0.5061268609419819,-0.2566734986344559,-0.11063381116989404,-0.21204046156717288,-0.42414539732110457,-0.1782232653572464,-0.24094886182082903,-0.3173425951598368,-0.26497886671513854,-0.33667008650816177
2025-09-29 00:00:00+00:00,-0.5107575202094511,-0.27148363983224955,-0.11538719675347996,-0.20835863494330192,-0.4143934683884903,-0.18298308709928113,-0.2437685367683116,-0.3173425951598368,-0.26497886671513854,-0.33667008650816177
2025-09-29 01:00:00+00:00,-0.5051814855409836,-0.2462384963448155,-0.09013643461393323,-0.20835863494330192,-0.4292106107734819,-0.14586205821110304,-0.2437685367683116,-0.3173425951598368,-0.2568592568233042,-0.33667008650816177
2025-09-29 02:00:00+00:00,-0.496251782150231,-0.2196989571195665,-0.06501300390124624,-0.20835863494330192,-0.4173908016540044,-0.11439471356062257,-0.2437685367683116,-0.31981924659753086,-0.2485542558981422,-0.32962389395890457
2025-09-29 03:00:00+00:00,-0.50648583836968,-0.23575720769368227,-0.05413224526989997,-0.22422768567557122,-0.438835011956705,-0.08185965015482927,-0.27078398309743423,-0.3394065048813532,-0.27721882134642095,-0.32932068546870685
2025-09-29 04:00:00+00:00,-0.50115498402901,-0.20872679908771666,-0.029744276049154087,-0.2135340760182748,-0.43560948607106215,-0.05041313109757768,-0.27078398309743423,-0.33716520335871786,-0.2653115205847204,-0.3224560072699019
2025-09-29 05:00:00+00:00,-0.5203573423248309,-0.22987160163762452,-0.02051142972055898,-0.23481102117054964,-0.4349128580800962,-0.026878481299335785,-0.2915102633619772,-0.34809480334689213,-0.28782222117026357,-0.3294234778279371
2025-09-29 06:00:00+00:00,-0.5251563387483181,-0.25506114973030264,-0.023955697128161774,-0.2354207078276537,-0.43003972988263167,-0.002138466338799029,-0.2861045970774574,-0.3376306952210133,-0.3138881371800954,-0.32742350667522196
2025-09-29 07:00:00+00:00,-0.5247369219043407,-0.2557777442234787,-0.0162919612894039,-0.21391979511194092,-0.4145833333334731,0.02037211702586077,-0.2677025746818067,-0.31878216762689976,-0.3146174733666789,-0.3095737801397134
2025-09-29 08:00:00+00:00,-0.5150809829583005,-0.2345207879916724,0.018232322463615402,-0.21391979511194092,-0.42755508338626885,0.058737847857276086,-0.2677025746818067,-0.3136010016489439,-0.3000000000000083,-0.2938635496919593
2025-09-29 09:00:00+00:00,-0.5055151569499448,-0.19848345889023214,0.04153993242256259,-0.2063612685715538,-0.41357454394300425,0.08503949466431968,-0.26204456753001915,-0.3092243431510341,-0.29001610901979846,-0.2784188542064219
2025-09-29 10:00:00+00:00,-0.4985102807363363,-0.17808193495217073,0.06499999999994573,-0.2131543886302165,-0.4022142723026969,0.12782210112490056,-0.2668347973550783,-0.29950230911613324,-0.29001610901979846,-0.2570091599916229
2025-09-29 11:00:00+00:00,-0.49150812111928543,-0.1581138830087566,0.08865405309625844,-0.2131543886302165,-0.39898126085266483,0.15200717307288594,-0.2668347973550783,-0.2907964762911987,-0.27984505179144703,-0.23827852313414144
2025-09-29 12:00:00+00:00,-0.4845073826814008,-0.13854137901720393,0.11254545106461511,-0.2131543886302165,-0.4044578731794938,0.19066253239149092,-0.2711958987451158,-0.2871199075886142,-0.27984505179144703,-0.2115817557784127
2025-09-29 13:00:00+00:00,-0.4775067522166181,-0.11932966652696315,0.13671981455629523,-0.2063612685715538,-0.3942599089421772,0.2137908364246338,-0.2711958987451158,-0.27865801780232563,-0.27984505179144703,-0.1925556170118307
2025-09-29 14:00:00+00:00,-0.4789113099023017,-0.10464021430320716,0.12956406163781034,-0.19784489100957306,-0.3879551068056364,0.2176372041791096,-0.2710557985829554,-0.2608445027704112,-0.26906164229658247,-0.19305180229172672
2025-09-29 15:00:00+00:00,-0.5340928771783076,-0.10726983634549563,0.09955088887376191,-0.2166824199755409,-0.3978357681625831,0.2180955173412732,-0.28593326687773635,-0.25244557229093734,-0.2549952127687374,-0.24349445098767203
2025-09-29 16:00:00+00:00,-0.5510163397230763,-0.10207911912447361,0.08198166686937024,-0.22170667909529596,-0.3830718621540426,0.2263238148882198,-0.2757182188573803,-0.2280013939841462,-0.23929072023493536,-0.2534929784083857
2025-09-29 17:00:00+00:00,-0.5406590169651003,-0.08072569280036411,0.08286884889313641,-0.2190797252652157,-0.36720590834753236,0.23743915196654924,-0.2581998815816373,-0.2167484972746472,-0.22563484109201312,-0.23429716763781894
2025-09-29 18:00:00+00:00,-0.5035655702299242,-0.053655996146794116,0.09285320876020513,-0.19772643900293618,-0.3448288539863452,0.2475193382033832,-0.23997341162133937,-0.20001048208906233,-0.2254024213499438,-0.21664974924165287
2025-09-29 19:00:00+00:00,-0.4335051226441666,-0.03793216209017971,0.0799147823524917,-0.1597232158738712,-0.2948038210066171,0.25233127890440876,-0.20428762787602187,-0.1621217670112457,-0.2073149748870964,-0.20204929610406416
2025-09-29 20:00:00+00:00,-0.35487803877537877,0.002295898048048856,0.06398068384891323,-0.09558807283179298,-0.2543971944734535,0.24799083618194806,-0.15000336746017517,-0.12238157116043445,-0.17243444022515933,-0.17729019558058146
2025-09-29 21:00:00+00:00,-0.2735811849414211,0.041233677987668485,0.04472336074423022,-0.016133463086934603,-0.19545937990416418,0.25088718339112903,-0.10069299595203464,-0.08424729162018213,-0.22065211875615143,-0.14737939326508126
2025-09-29 22:00:00+00:00,-0.2578458261675266,0.06178742602468299,0.0480397617100417,-0.014938765122300487,-0.20109431416532128,0.25303422086430993,-0.09358097548130165,-0.09645608492870585,-0.2222729985729017,-0.13248253760019282
2025-09-29 23:00:00+00:00,-0.26492606399178653,0.05286805326422696,0.03104545120452261,-0.038532304319188145,-0.183010821991178,0.2511186130172379,-0.12437170338899114,-0.12784249051478053,-0.2414749068722559,-0.143163073855314
2025-09-30 00:00:00+00:00,-0.29228210463278365,-0.023730286096147735,0.01681048636986228,-0.29706108347613697,-0.27181626178414986,0.1538105644813449,-0.2634555439239672,-0.2821912788281662,-0.3011654905227939,-0.14399020112522537
2025-09-30 01:00:00+00:00,-0.27842746143827524,-0.06157574098111483,0.03268149667166697,-0.3414220878511929,-0.334082518203033,0.12779463337724045,-0.3368709729412713,-0.33344825425030045,-0.3480611659206232,-0.11015473790475014
2025-09-30 02:00:00+00:00,-0.28684774825958814,-0.09056540158482157,0.04088705880489144,-0.41609590372486677,-0.36102062894683074,0.11921828927898598,-0.378758036242735,-0.3645447983496027,-0.3193382699779651,-0.0996401523963559
2025-09-30 03:00:00+00:00,-0.29144072616939565,-0.106900706447038,0.05590719314134998,-0.43864320629574477,-0.3879345877866922,0.1731211691955343,-0.40868785399214047,-0.4159318194345912,-0.3631415798761217,-0.08479372239757237
2025-09-30 04:00:00+00:00,-0.30225660049436065,-0.12141205676433106,0.06477279843339882,-0.4623390988190726,-0.3970936241793115,0.21245093939132292,-0.43937475436568474,-0.46005417346884936,-0.3483294624522709,-0.07840625602345029
2025-09-30 05:00:00+00:00,-0.3230073085863494,-0.13704938424485089,0.06244472411821352,-0.46916218873192295,-0.37411246158853234,0.19883027972093123,-0.45523895823225813,-0.4705337429230134,-0.3368633856443317,-0.08760284909193967
2025-09-30 06:00:00+00:00,-0.3452367278304023,-0.15154003960113402,0.05828513310943998,-0.40107747163489516,-0.3103889829357827,0.22420365140166468,-0.3941505728512823,-0.4437879588104198,-0.2796846607277075,-0.10058791447171624
2025-09-30 07:00:00+00:00,-0.305056252065173,-0.12822474589853172,0.05228551378907629,-0.31987669818375686,-0.2262981104022251,0.2454763597332299,-0.342325695786772,-0.37069987023288065,-0.2292048481072992,-0.11735676165071643
2025-09-30 08:00:00+00:00,-0.2661894936105095,-0.06337789936217361,0.09695052545578625,-0.24626281742901834,-0.20835184719621916,0.23220889339240844,-0.28091210336257394,-0.3181684790872182,-0.18494958695902614,-0.12748905098598223
2025-09-30 09:00:00+00:00,-0.2583113951720271,-0.008453590450739956,0.13504558062108352,-0.22416881169421266,-0.1934534548655751,0.2206361074407746,-0.2412317832705777,-0.295103134986162,-0.1454878484924167,-0.13688561649809053
2025-09-30 10:00:00+00:00,-0.2773882412181475,0.003719549367226634,0.12818674903534746,-0.2445366537069345,-0.23316690520186928,0.21014057284390908,-0.21852096525919515,-0.30800851698290593,-0.11058328475675569,-0.17194632145166922
2025-09-30 11:00:00+00:00,-0.27397859943729347,0.014940413599053348,0.11927007645951672,-0.2613572763873067,-0.23966176304251816,0.19884627939605362,-0.20895732180564877,-0.341949728614009,-0.07627149898715015,-0.2400538271879762
2025-09-30 12:00:00+00:00,-0.275539122131801,0.022616822792012735,0.09722098498387154,-0.2760228715199882,-0.250002484169229,0.18570291697084618,-0.2001455015634243,-0.344177011186338,-0.04331399585714959,-0.30750379219131524
2025-09-30 13:00:00+00:00,-0.275972605053596,0.03036649421014869,0.0840892735171652,-0.27370546481968006,-0.2264301800799856,0.1756449705464719,-0.1928640627679025,-0.3138952970674088,0.021175388939721193,-0.3827019940767273
2025-09-30 14:00:00+00:00,-0.27316527463802964,0.03675575316017482,0.0657400470072297,-0.25583809637129823,-0.22676132460785403,0.16379390019934037,-0.19634126142969674,-0.2750601085685907,0.07774454850173683,-0.4030526617992437
2025-09-30 15:00:00+00:00,-0.2720735659012101,0.04041797300294979,0.03430258359630141,-0.22342575485794267,-0.21019308711754242,0.12004482369804449,-0.17948784247676025,-0.23998306344883305,0.10004038436851341,-0.4261410691842429
2025-09-30 16:00:00+00:00,-0.271645820552342,0.04305677989545624,-0.039581061919788184,-0.19402949352906732,-0.18984433441161724,0.10821759573748505,-0.1543536688300368,-0.2038171469527197,0.12130919992393563,-0.44888059644230105
2025-09-30 17:00:00+00:00,-0.27084087254108485,0.07926655180481104,-0.029358804086460865,-0.14840839351429624,-0.14795626545781793,0.12472389147482554,-0.11614721256952977,-0.1686289351849571,0.15534155908242894,-0.4388121960328956
2025-09-30 18:00:00+00:00,-0.24676233116039872,0.11209604295551574,0.03430231782570486,-0.10307940688174524,-0.09425404384615267,0.13215909010888263,-0.05896295539578027,-0.12437179565367744,0.20379279780187057,-0.4295948394443263
2025-09-30 19:00:00+00:00,-0.2123593078691304,0.18172871225676693,0.07549767669875872,-0.02614300986999157,-0.044372606636097565,0.1412079334910849,0.016619221228774128,-0.07682010172999296,0.2246530540168277,-0.371252772846541
2025-09-30 20:00:00+00:00,-0.1287499659462831,0.25347612135734343,0.11167575419878152,0.0720862092500786,0.027609639828061392,0.14557297611398948,0.09512345406487811,-0.023694276644323525,0.29148807310774333,-0.28689042513948093
2025-09-30 21:00:00+00:00,-0.03250988714025405,0.3215254027915796,0.10232826031899245,0.15010058036497959,0.04555138982948194,0.15049412840332502,0.15017412507346872,0.012895606070467107,0.3320606373422481,-0.2053552409759604
2025-09-30 22:00:00+00:00,0.016921005157315233,0.359789923699904,0.09372447507691177,0.17858980037515992,0.0437039553507344,0.15619843302019226,0.1654819830556772,0.032196342667233195,0.3294820583470866,-0.15856505183856676
2025-09-30 23:00:00+00:00,0.003292837636235801,0.3503092444701827,0.06784153220296663,0.14903425133126805,0.0776965599840765,0.12765568566084684,0.12824144649052244,-0.004842702278276142,0.33265844526906607,-0.18764792177993214
2025-10-01 00:00:00+00:00,-0.033023460780123484,0.33620370854846443,0.05922925936019831,0.11259491803446776,0.0061532229592768115,0.10581754916745809,0.08206888432710512,-0.040796435503332416,0.3352507581518223,-0.24067875221855806
2025-10-01 01:00:00+00:00,-0.06270463135953767,0.3247729561740315,0.033265432211764576,0.08808559244493024,-0.002214404903387712,0.07595329544661195,0.04945748835158356,-0.0673241380155056,0.32878133461604636,-0.27199064577701626
2025-10-01 02:00:00+00:00,-0.08981176966095107,0.3151448567746077,0.009439150028453358,0.0658063808839844,-0.0006066239476111506,0.048040999992120366,0.0198686183302334,-0.08432756099389786,0.33307805068778873,-0.29875038710521656
2025-10-01 03:00:00+00:00,-0.12352251705086793,0.30129939127758243,0.0014993449147076925,0.03334369909256928,-0.024171418598869572,0.02297949868911128,-0.011114419514289492,-0.10989894428294547,0.32478243420693226,-0.3297373772282628
2025-10-01 04:00:00+00:00,-0.16238646004536442,0.2892863109410438,-0.00573684130347054,0.012357431491465853,-0.036725088112747196,-0.013898915920190288,-0.04354618431131642,-0.12930892487087434,0.30208689568409236,-0.356401826313429
2025-10-01 05:00:00+00:00,-0.18679783844068676,0.2733355822199819,-0.013610402485718326,-0.016185871905475067,-0.024094350191709562,-0.044590383400314425,-0.07077126582699239,-0.13031119289125473,0.3001387118880437,-0.3835427718639184
2025-10-01 06:00:00+00:00,-0.2010945668990796,0.2560998928698593,-0.021482443730580333,-0.0039224481099360275,0.0023464059209453193,-0.10173861282629923,-0.053252234846360956,-0.09717720099982533,0.32235944610566863,-0.40912966645357635
2025-10-01 07:00:00+00:00,-0.1981097742703653,0.24493479540873792,-0.02936981589027856,0.0201097196401706,0.03147971197233981,-0.14121517895693775,-0.032030173866863534,-0.05794451164645343,0.34345882676706496,-0.4333679637325105
2025-10-01 08:00:00+00:00,-0.18514993846349448,0.2528958074935827,0.014280942625050998,0.044002178650691406,0.06106133051297348,-0.22982066285012898,-0.0017761677864244687,-0.02213913893205951,0.353404827667174,-0.4491370000248048
2025-10-01 09:00:00+00:00,-0.18047582007828275,0.26039085289053343,0.05769478094409209,0.06170891128457588,0.06335693325915934,-0.29014744395119885,0.02316516239113215,0.004315104586689827,0.3508699195168555,-0.45784330736133744
2025-10-01 10:00:00+00:00,-0.18616352339188316,0.24889285995902083,0.04977195236693455,0.06834293610338642,0.038731335359343685,-0.33937468480196015,0.024003053481214325,0.0024329823607299236,0.33147440946007745,-0.47121920896156533
2025-10-01 11:00:00+00:00,-0.19196640881746932,0.23693687578047717,0.04190646372624837,0.06875860796944129,0.026125542085209844,-0.3581255056421262,0.02056809036712762,-0.008106769897210835,0.31236697509598765,-0.48357921778732005
2025-10-01 12:00:00+00:00,-0.20801468727103795,0.21717203940806817,0.03408143791588261,0.06922197351924583,0.01299581625173248,-0.35598064222484627,0.02111263528032638,-0.011329169998921756,0.307489524192091,-0.4950299975326591
2025-10-01 13:00:00+00:00,-0.21441863582628395,0.2028800278008191,0.025572532908545817,0.06962017413535736,0.01779357708663175,-0.353744934749455,0.021578786336037162,-0.006046883006152626,0.31879162070546235,-0.5019953304639163
2025-10-01 14:00:00+00:00,-0.22098013243569062,0.19815443375766723,0.04453258316665662,0.07637190282929933,0.02241770241721298,-0.3506485908254289,0.0222994207343245,0.016178879098991985,0.3303227915280322,-0.5046551264089914
2025-10-01 15:00:00+00:00,-0.22879865896481053,0.18136900856038937,0.06084959479797907,0.0848044866845089,0.02797342444727689,-0.3717665664960469,0.01875889881514838,0.026018010667947778,0.3274951459474034,-0.5064309357966099
2025-10-01 16:00:00+00:00,-0.23688048786036656,0.17668042147468183,0.07529058279701087,0.09377600902546578,0.03832008326194692,-0.3660497631550431,0.024479688029557786,0.04925452717800629,0.34184209321516174,-0.48674992898272645
2025-10-01 17:00:00+00:00,-0.23584152689669102,0.17212966120234666,0.12169822737420254,0.1011327970000708,0.059107907128707976,-0.3593159884374058,0.05269056375764026,0.07599788825020445,0.3566298393826013,-0.4571483430060802
2025-10-01 18:00:00+00:00,-0.22344171631713375,0.17793207062386454,0.14675827628539417,0.1135723133051467,0.08773505730186013,-0.36173676208276495,0.08074952383337085,0.10786943459424994,0.37191219851906243,-0.40523118928646695
2025-10-01 19:00:00+00:00,-0.1877468311141043,0.17585506778566323,0.15817548167725756,0.15381611274885443,0.11657134931799752,-0.38394119332779253,0.11401931071080561,0.15046011309166904,0.38996917817473076,-0.34953074509960846
2025-10-01 20:00:00+00:00,-0.11740424241686849,0.21168185451784255,0.19055074273565295,0.19310138022027537,0.14017293758160404,-0.3822135297363926,0.15662406826349684,0.19126553838576282,0.4396380443920154,-0.2968824366151494
2025-10-01 21:00:00+00:00,-0.03492274914345419,0.2484053327811744,0.16486334112835377,0.2375911365076007,0.15755937939913986,-0.37025468745193973,0.19902199741172608,0.2360046656185297,0.46068675742464027,-0.2468375662396927
2025-10-01 22:00:00+00:00,0.011944681354071457,0.2660813834273269,0.15234297241754471,0.2529289402319235,0.16074963990541016,-0.35858609981610023,0.2069955239762736,0.2382695922628985,0.4410037684277354,-0.21283751836556383
2025-10-01 23:00:00+00:00,0.003014052942927844,0.25471874550435775,0.18359973646606034,0.21117356061872905,0.1667038542631092,-0.3780728750688103,0.162465102279765,0.19894479465223314,0.40528507085049464,-0.2022071369579333
2025-10-02 00:00:00+00:00,-0.02959537909497021,0.23232917441159617,0.1722072182367794,0.16763202386797132,0.09550713452892229,-0.44874403036679933,0.11704360440486443,0.15672648224316724,0.36685659724336894,-0.22371924367317156
2025-10-02 01:00:00+00:00,-0.05849836600507064,0.21163137183858333,0.16231806101618443,0.13458513740259356,0.034366055757951416,-0.4423113342204787,0.07345052609668148,0.11846645863469779,0.34486549787466214,-0.2420762795894195
2025-10-02 02:00:00+00:00,-0.08173082445745161,0.19283892534347663,0.1556704628804878,0.10706458075895535,0.014863258603370965,-0.4598235340905998,0.0414484217413381,0.08109825944164538,0.3181123624842066,-0.25509613933038566
2025-10-02 03:00:00+00:00,-0.10797293999487749,0.17181798050727126,0.1479049898126963,0.08432786620428888,-0.01887543013966331,-0.446752503296658,0.005131261722603354,0.05085540345606531,0.2884744950443112,-0.2709281151409785
2025-10-02 04:00:00+00:00,-0.13694219275511207,0.14935436231781254,0.14742248914333322,0.06092394891775674,-0.05947308378663781,-0.43228506568443886,-0.03590642762432714,0.013447739168970615,0.2545117574540854,-0.2866860352679285
2025-10-02 05:00:00+00:00,-0.16257949727993956,0.12367627960249164,0.14218994817563899,0.03907195641563908,-0.06778657249013821,-0.4155313128321873,-0.061414739696007414,-0.0026171908176625043,0.23890201971676833,-0.3112450258715075
2025-10-02 06:00:00+00:00,-0.1728732083750699,0.08445552073055747,0.09066775470636507,0.04120752820834954,-0.06667635369240066,-0.3977087272544947,-0.05354783004622972,0.01693854062805666,0.22248176923740914,-0.3274443167127679
2025-10-02 07:00:00+00:00,-0.18100611854691634,0.0587251600437843,0.0859884333510184,0.06622587344494765,-0.0512300663467421,-0.37784861891380794,-0.032306054013527194,0.04265843478901567,0.2365083372852153,-0.3220560843306618
2025-10-02 08:00:00+00:00,-0.17202146468123694,0.05589493750853776,0.0836136098951768,0.09328982837422964,-0.045395562432378765,-0.3561611509492475,-0.007626868106420058,0.07112980896035488,0.2521089426431759,-0.3155625708441303
2025-10-02 09:00:00+00:00,-0.16289206159443312,0.051674330225483386,0.07968671885308554,0.10988208377122369,-0.047067506075003214,-0.37581113022830104,0.017320406957037276,0.08247828413363043,0.23409418035540294,-0.3084260686257271
2025-10-02 10:00:00+00:00,-0.17216333108273651,0.04176630136333645,0.06387196252965267,0.10007749180861074,-0.06981548200025474,-0.3971899349872037,0.013951484567688141,0.06973412095334885,0.15862141227933496,-0.30235769794661055
2025-10-02 11:00:00+00:00,-0.18670244623741822,0.030587181905652985,0.057093778004573464,0.08689787492648633,-0.10500223389096998,-0.372552414960446,0.008314483118371676,0.04763490322193895,0.12651279774333574,-0.306390202496615
2025-10-02 12:00:00+00:00,-0.20261663838238608,0.017943505261513622,0.04835413776434505,0.07467344806021413,-0.12275270293223474,-0.34383141361029956,-0.006814873027546763,0.03537063409099287,0.10030788551564679,-0.2990817472476481
2025-10-02 13:00:00+00:00,-0.2207280811137908,0.004431106065861318,0.04129933055667354,0.07480091652359781,-0.12899889297825723,-0.3122445813945907,-0.011885310068658218,0.04780374674850142,0.11545718529178993,-0.30363822749373004
2025-10-02 14:00:00+00:00,-0.2357873494996933,-0.011081341005569978,-0.03305759142664735,0.08884866453437884,-0.13909372630362252,-0.3346604188994214,-0.018056496424309672,0.07788277812893038,0.13216160284508874,-0.3090037939316718
2025-10-02 15:00:00+00:00,-0.25391037138505973,-0.029028475166652214,-0.04949705831092488,0.1044830718299868,-0.17322744786194766,-0.3603440236978946,-0.015028367600557311,0.10139721222356009,0.150853893189241,-0.2994561847053479
2025-10-02 16:00:00+00:00,-0.24992007270184446,-0.05002329475399085,-0.07011161874764862,0.12478230577052347,-0.17302265373970702,-0.32329945472660687,-0.0008936753632641535,0.13771520839026613,0.17215127762669208,-0.28900122504777365
2025-10-02 17:00:00+00:00,-0.24688567646365503,-0.041216575236354094,-0.09598746875264313,0.13927196619590293,-0.16842121205492439,-0.27916597634244317,0.030898246234575065,0.16573505238628725,0.19697314839511584,-0.25937216062978763
2025-10-02 18:00:00+00:00,-0.18720897979870824,-0.031467383063416426,-0.04219324473579129,0.1853575786475827,-0.15048023524631948,-0.2254950056627102,0.06842782027119726,0.21068070104530767,0.1645084449106623,-0.22119115540886303
2025-10-02 19:00:00+00:00,-0.0746691235158198,-0.020350688714511445,0.020465514746179293,0.23404891891034474,-0.09050832170071631,-0.15834478398808502,0.126534903899277,0.2647559271910946,0.19505097077840677,-0.1450660045341428
2025-10-02 20:00:00+00:00,0.08033770620672344,0.09158882004743106,0.09712241591806234,0.29023234092430733,-0.024226378776336495,-0.18579069145670407,0.23305610785169875,0.33223231409148446,0.3213517259516614,-0.047949002026712144
2025-10-02 21:00:00+00:00,0.2828500917986158,0.3085929492618103,0.19863881672090875,0.34032151789008175,0.03700317103013072,-0.09052031887267276,0.3568002246268463,0.40521333563876616,0.3943451735058523,0.11081667817116767
2025-10-02 22:00:00+00:00,0.39064232023145384,0.4865484031970221,0.35447024505834157,0.3736525594673067,0.09604605495367409,0.055950448192406806,0.4491492685753528,0.39363438238623266,0.39956647066433426,0.26069859934620243
2025-10-02 23:00:00+00:00,0.5741164694421613,0.5792473845469785,0.21656775648191762,0.47413673617878627,0.27167033568077203,0.07097662897300003,0.48336831363376986,0.36555883384600096,0.2800179217205071,0.46011982468161494
2025-10-03 00:00:00+00:00,0.568359050644785,0.5773920375572849,0.21421949841204746,0.4631333661929913,0.23372262849712117,0.06876440234382612,0.4657039200085631,0.3351593141689528,0.20325114428793103,0.49360249537939543
2025-10-03 01:00:00+00:00,0.59598057666804,0.584518815608339,0.23084028484500854,0.5008150633170197,0.23292672160722647,0.05788287614162873,0.45757369883425025,0.3387825201699634,0.13337536117770138,0.5382478021806778
2025-10-03 02:00:00+00:00,0.618348134937498,0.5903626782551892,0.24383409087080216,0.5262883542611848,0.23461089656591255,0.0487461753392253,0.45382167685139846,0.34443699977199727,0.0985100757426129,0.5778233764740686
2025-10-03 03:00:00+00:00,0.637563767231275,0.6008564700829986,0.25879540995375544,0.5543978066336789,0.24858541014263635,0.07545786699559333,0.4584282262331996,0.35513510367748524,0.054330228318332785,0.6030010251502339
2025-10-03 04:00:00+00:00,0.6535745401010323,0.6099989699562434,0.27097014001455644,0.5773289077893511,0.2618968141150041,0.10504570016516283,0.46211380879066394,0.36366692495636,0.031186833742596797,0.6258734752622942
2025-10-03 05:00:00+00:00,0.6670016211616459,0.6178641028370083,0.28078830701324053,0.5976735932482805,0.2786743761773036,0.09911507785020772,0.46633517661341445,0.3728437639640387,0.00673628744901059,0.6468442962919966
2025-10-03 06:00:00+00:00,0.6782998295534357,0.6245407169910183,0.2885528666413786,0.6215813217936916,0.30536401956069725,0.13325345220822538,0.4850413584631308,0.3866213018467635,0.010392976513451158,0.6662350884101468
2025-10-03 07:00:00+00:00,0.6995009079310084,0.6337488480719874,0.294481793729483,0.6454427909647459,0.340083270072746,0.1718336720338898,0.5022733067803803,0.4131677522764495,0.01384669109372708,0.6843068887703775
2025-10-03 08:00:00+00:00,0.7138982632092096,0.6470395359184035,0.31979400452823664,0.6631678653784614,0.35645093341061834,0.16731633645653862,0.517533023210142,0.43158133178401503,0.01641983135286054,0.6955941834395195
2025-10-03 09:00:00+00:00,0.7239949367682769,0.6590270561201929,0.3443185441714682,0.6766477920227918,0.3706685366972522,0.16350532715529903,0.5293412365812261,0.44508284371537715,0.01887233407465845,0.7061569532559447
2025-10-03 10:00:00+00:00,0.7329923368349422,0.6672036154372843,0.3522086139638684,0.6882826044833626,0.3823651750025833,0.16027558367181097,0.538290641149721,0.45621130373678354,0.021228299270560302,0.7131244803835048
2025-10-03 11:00:00+00:00,0.7434039514559019,0.6794937452112834,0.3654452407044386,0.7048599441625266,0.4003924651265678,0.2794706572732851,0.5481533122988443,0.4844174615705718,0.02288310946786201,0.7214557748371292
2025-10-03 12:00:00+00:00,0.7527941867470894,0.6907894756149259,0.37742903622048524,0.720063079199151,0.4191347969358556,0.27017344966210044,0.5571365238894874,0.5022833533290261,0.02448676916953633,0.7291188402199688
2025-10-03 13:00:00+00:00,0.7613034275599008,0.7012284165515654,0.3882993612481328,0.7321945058618892,0.43182546526583365,0.26168384999250155,0.5653291506726495,0.5140078722246242,0.03131105683554059,0.7391933767176044
2025-10-03 14:00:00+00:00,0.7690473274343309,0.7109269570729524,0.3981721525284194,0.7418988424385105,0.44587022466902054,0.25389055850820835,0.5739209737948754,0.5242411478684273,0.03980709264701474,0.7442639138009381
2025-10-03 15:00:00+00:00,0.7761221488621475,0.7199848728979611,0.40714489962652317,0.7498194291626384,0.4562604853696158,0.24604723255103422,0.5802301307690457,0.5335631709724257,0.042614160967118946,0.7489218617376926
2025-10-03 16:00:00+00:00,0.7826087712430523,0.7284888693931264,0.4357768200872509,0.7570043333487793,0.4656857238005714,0.2389096368659091,0.5861506328869043,0.5420635003327071,0.045359568159961165,0.7532005614885583
2025-10-03 17:00:00+00:00,0.7933888529599362,0.7357839597579979,0.4524449496803793,0.765649324393782,0.4752788494036819,0.231519491812426,0.5919832555676049,0.5526936287204034,0.047176503460745596,0.7578350698628534
2025-10-03 18:00:00+00:00,0.7993558840791408,0.7426081491124749,0.45871540016298845,0.7736881515408931,0.4882457919313426,0.225245637739036,0.5975692733457997,0.5611450940212342,0.045442131905047756,0.7621839158068399
2025-10-03 19:00:00+00:00,0.8049222374033369,0.7505049880330231,0.4650629808644688,0.7791629403656346,0.5004288744845318,0.2200383465239769,0.6058191568417486,0.56904212074347,0.047858022513624414,0.7695946783213237
2025-10-03 20:00:00+00:00,0.812234689916178,0.7683003301198411,0.47148262207047276,0.7847859858136191,0.5129236585237967,0.2158592836898774,0.6243201723190287,0.5756977923824176,0.04794438670959493,0.779053479265115
2025-10-03 21:00:00+00:00,0.8224472677899726,0.7874797664596977,0.4862416282595227,0.7902107452744969,0.5341586484436635,0.2126804347579357,0.6378638076023988,0.5826608529247301,0.04930872249826405,0.7882786199036617
2025-10-03 22:00:00+00:00,0.8283086996147487,0.7965551939018449,0.5007089496407171,0.795374543499042,0.5479301730819659,0.21048337586022867,0.6487420763815563,0.5904674584264802,0.05294587453655608,0.7946886848152971
2025-10-03 23:00:00+00:00,0.8150236233110872,0.8006033323595091,0.5098409401169816,0.8011670490156652,0.5447252313773715,0.21048337586022867,0.6531915903333279,0.6130958856989555,0.05294587453655608,0.789463746127042
2025-10-04 00:00:00+00:00,0.8096288686895142,0.8054526858029327,0.5197622930808931,0.8079275198051593,0.5786350986639954,0.21048337586022867,0.6634970829408571,0.639125529022291,0.05294587453655608,0.7930426147177678
2025-10-04 01:00:00+00:00,0.7888033405715104,0.7961102395043557,0.5016002002022932,0.7970668885782237,0.5628978681692942,0.21454797643800816,0.640505894436202,0.6202572454001204,0.059752861951088636,0.780681780103918
2025-10-04 02:00:00+00:00,0.7846681493236399,0.7697681445264901,0.4709849152140192,0.7705863978879027,0.5602062250446702,0.20225807264667942,0.6327894746093718,0.5893933706928365,0.12711093497312445,0.7610395002499766
2025-10-04 03:00:00+00:00,0.7836985934322128,0.7501618767052877,0.44941163397500766,0.7516563134772062,0.550912754536265,0.19127306830458526,0.6331176230245694,0.5695666185030964,0.13663260772187005,0.7474438998767945
2025-10-04 04:00:00+00:00,0.7843562187202994,0.734482776310317,0.42984905752372937,0.7365778384217501,0.5445313007019366,0.18254971110661888,0.6344858192104549,0.552584778630745,0.11103835258206012,0.7369029373930981
2025-10-04 05:00:00+00:00,0.7843562187202994,0.7293615017742967,0.42984905752372937,0.7340063984758769,0.5445313007019366,0.15731953086887807,0.634250544591257,0.5461158432510488,0.11103835258206012,0.7369029373930981
2025-10-04 06:00:00+00:00,0.7795113087628234,0.7242997131864741,0.39890827588863054,0.7242563337506486,0.5384119876451661,0.15731953086887807,0.6299442637527718,0.5399433916070348,0.15782309638883235,0.7355115063703432
2025-10-04 07:00:00+00:00,0.7770136821083403,0.7197525121261839,0.3914487290964124,0.7140052793534709,0.5312409397074298,0.1402401546180222,0.625287203588615,0.5333396817279905,0.21343624085563734,0.7314912454977983
2025-10-04 08:00:00+00:00,0.7736592796122926,0.7124595160321245,0.3914487290964124,0.7067470958742036,0.5200691581764906,0.10865848881207667,0.6210417469317263,0.5110242450802471,0.17278623668787993,0.7289533849807829
2025-10-04 09:00:00+00:00,0.7703227268726971,0.7052169144219682,0.3914487290964124,0.7033731864891652,0.5141177816278465,0.09408068558333357,0.6210417469317263,0.4981041912064441,0.17278623668787993,0.7288758488507333
2025-10-04 10:00:00+00:00,0.7691464390994034,0.6971361347706572,0.3717522062069086,0.7033731864891652,0.5141177816278465,0.07706974079993704,0.6194770168798541,0.4981041912064441,0.18188922507234492,0.728991266967227
2025-10-04 11:00:00+00:00,0.7680097434105291,0.6893319316719444,0.3517389617583617,0.7025203182467072,0.5132809252412897,0.07706974079993704,0.618589322059296,0.4962069978229555,0.18188922507234492,0.7293147073846136
2025-10-04 12:00:00+00:00,0.7669139122434118,0.6818270380435256,0.33132103847716654,0.7017088134735676,0.5115987926106955,0.060458544126280225,0.6177134933882816,0.48951781720250515,0.18188922507234492,0.7298629735108718
2025-10-04 13:00:00+00:00,0.7681887210640225,0.6833592578582154,0.324086059779027,0.7031817409074046,0.5115987926106955,0.05099836595569236,0.618289183356412,0.48413202335835026,0.18188922507234492,0.7347558235288792
2025-10-04 14:00:00+00:00,0.7695338434500847,0.6856062462155232,0.324086059779027,0.7041828668100816,0.5127385294390556,0.0417417507134433,0.6188187713057384,0.47531787476746273,0.18188922507234492,0.7365072179765486
2025-10-04 15:00:00+00:00,0.7709517641380044,0.6886608289157367,0.324086059779027,0.7057702554348706,0.5129136452081976,0.0417417507134433,0.6194618370478016,0.46693608522719415,0.18188922507234492,0.7383308337935226
2025-10-04 16:00:00+00:00,0.7724451014224318,0.6926358118491068,0.324086059779027,0.7074352944557243,0.5122125841067305,0.03267076704599716,0.6172723047293271,0.45843092908271005,0.18188922507234492,0.7383308337935226
2025-10-04 17:00:00+00:00,0.7724451014224318,0.6976696012196357,0.324086059779027,0.7078387816879224,0.5081414921249481,0.02376904459227161,0.612343738102918,0.45102651703566643,0.18188922507234492,0.7334361606783493
2025-10-04 18:00:00+00:00,0.7724451014224318,0.6963239885060583,0.3171915611564762,0.7055161016679465,0.4898006096355127,0.006564447377183347,0.6074731738307053,0.4353623878309956,0.19207872545662416,0.7334361606783493
2025-10-04 19:00:00+00:00,0.7724451014224318,0.6866184222789516,0.324086059779027,0.7033922723245689,0.47241507430898355,-0.0021123292241357733,0.5972466869187246,0.4353623878309956,0.19207872545662416,0.7334361606783493
2025-10-04 20:00:00+00:00,0.7724451014224318,0.6866184222789516,0.27990427434010917,0.6995019684860586,0.47241507430898355,-0.019554073515344727,0.585355056523113,0.36686477875338214,0.20208311965290104,0.7334361606783493
2025-10-04 21:00:00+00:00,0.764801423322512,0.7050283762786724,0.2481838672424366,0.6944669580078395,0.4566569727263318,-0.028081288280924883,0.5782679991068534,0.3580512383286203,0.20208311965290104,0.7334361606783493
2025-10-04 22:00:00+00:00,0.7572867130686481,0.6812901518513963,0.2222567416619688,0.694597459690227,0.45918710763829057,-0.03484787572241014,0.5761334958999782,0.3579277092736986,0.20115115819431498,0.7259087220807422
2025-10-04 23:00:00+00:00,0.7636900628032315,0.6844757509237651,0.19892721138212535,0.7138664591707615,0.4627016104322431,-0.03318991741470741,0.5904063550832054,0.3742636539256101,0.2102024293480899,0.7259345758377561
2025-10-05 00:00:00+00:00,0.7636900628032315,0.6971937071363571,0.20268958752349406,0.7237635395996913,0.47975066044058046,-0.03318991741470741,0.5952849260038552,0.3742636539256101,0.2102024293480899,0.7299376021843673
2025-10-05 01:00:00+00:00,0.7564537723347909,0.701226893550765,0.19503663340978872,0.7223786403997913,0.4882992331524245,-0.045815515853389326,0.5930465867918046,0.36784064091559815,0.21078925567057674,0.7282992580325959
2025-10-05 02:00:00+00:00,0.7564537723347909,0.6952531949009723,0.14511291366548099,0.7201739259111105,0.4832052893647808,-0.07400616361715509,0.5929772729141042,0.36784064091559815,0.21078925567057674,0.7214968480132378
2025-10-05 03:00:00+00:00,0.7594547150193088,0.6959708158629122,0.1573341267815508,0.7231939314095716,0.49007771324782395,-0.09926241544366819,0.6026442528386282,0.3708608137721105,0.20752437505841187,0.7231260010780645
2025-10-05 04:00:00+00:00,0.7610046200372647,0.6962566516835782,0.1573341267815508,0.7232800028465666,0.49007771324782395,-0.1201813396541169,0.6016213038598763,0.36883771907686014,0.23790355292166804,0.72102944664067
2025-10-05 05:00:00+00:00,0.7578788555824123,0.6977541184045855,0.15882437007464517,0.7168909156798212,0.4842245732336989,-0.14409974417731009,0.6009989205888248,0.36150174024138315,0.2713269917749847,0.7165218467557288
2025-10-05 06:00:00+00:00,0.7547818607191986,0.6977541184045855,0.11959961808604672,0.7014298310305764,0.4991482399936711,-0.16499272155185726,0.6059630241115566,0.35504633353040777,0.30041990212862285,0.7145836002386573
2025-10-05 07:00:00+00:00,0.7547818607191986,0.664983551831061,0.0683665799191834,0.6852698987991102,0.4991482399936711,-0.18579023161291466,0.6002794842446425,0.3344671561451734,0.30041990212862285,0.7127431458418821
2025-10-05 08:00:00+00:00,0.7492941106662843,0.6085100899943894,0.02235072766071437,0.6678799155850834,0.49604283378765684,-0.20306716735771882,0.5907649018900957,0.320485198398038,0.29674830340897795,0.697553129112724
2025-10-05 09:00:00+00:00,0.7463650705680173,0.5687800867135524,-0.006914630684923958,0.6597360377488601,0.49386766553318245,-0.20306716735771882,0.5907649018900957,0.3128686599394691,0.31494564570668854,0.6928052176561884
2025-10-05 10:00:00+00:00,0.7463650705680173,0.5492056393495801,-0.03695791904032347,0.6583448230363916,0.4934891594471603,-0.21712748390305348,0.5907649018900957,0.30755620058876965,0.3148867618907537,0.6921012113743735
2025-10-05 11:00:00+00:00,0.7458128687183855,0.5297881444757679,-0.03695791904032347,0.6580100133315231,0.4922303216707938,-0.23118348001983993,0.5874918599416169,0.3022109189785484,0.3148867618907537,0.6875539267872032
2025-10-05 12:00:00+00:00,0.745320020136895,0.5104894862932852,-0.06406312443675322,0.6569914274792475,0.4909878684001966,-0.26522890121854215,0.5842402623062483,0.2939683073222965,0.33354834851972087,0.6840055441378371
2025-10-05 13:00:00+00:00,0.7473455647419208,0.5028372046076288,-0.06406312443675322,0.6603112398107466,0.4873031068119328,-0.27313730929040336,0.5837724249581616,0.2895449913068638,0.33354834851972087,0.6845205536077823
2025-10-05 14:00:00+00:00,0.7473455647419208,0.49557984383585435,-0.07726038475065541,0.6639267994009527,0.4878144871277814,-0.2811110362697086,0.5833159048676221,0.28077558328645646,0.3069225309544235,0.6823917702328117
2025-10-05 15:00:00+00:00,0.7473455647419208,0.48873749491390867,-0.089756140276629,0.6678626120049953,0.4876225926324893,-0.2891571441780817,0.5817121256691876,0.27642716541615003,0.3069225309544235,0.680570092215804
2025-10-05 16:00:00+00:00,0.7473455647419208,0.482337762578619,-0.10167513508745865,0.6692503723495702,0.48416137699004175,-0.29728285685402167,0.5757100878595804,0.27210141898165535,0.3069225309544235,0.6817875287098081
2025-10-05 17:00:00+00:00,0.7473455647419208,0.4764176772768268,-0.1131153620834874,0.6746767947566105,0.47485760161147317,-0.30549559265775705,0.5713235675449588,0.2650161756165681,0.3069225309544235,0.6685017472092741
2025-10-05 18:00:00+00:00,0.7470034592369024,0.47877915532235465,-0.124155351831028,0.6777990056446329,0.4169089879851785,-0.30549559265775705,0.540120572553706,0.2548809362244736,0.2830263204610391,0.6450854344916525
2025-10-05 19:00:00+00:00,0.7390846159824238,0.4559017717797258,-0.1348591633042198,0.6809462096471742,0.36901684659774897,-0.3101713718610425,0.5056145904237636,0.24683079955613718,0.2613479628230808,0.6256441549613349
2025-10-05 20:00:00+00:00,0.7316150986204045,0.40780649281669945,-0.14527989227111052,0.6841188095938757,0.3627489353155502,-0.30767995635818507,0.48508164929937225,0.23783401809086105,0.2415010190970653,0.611341228057772
2025-10-05 21:00:00+00:00,0.724289755342419,0.3164062284900644,-0.15546219525006666,0.6881004973244208,0.35277283445491686,-0.3153318987325889,0.46770382513422637,0.23232717462045982,0.22318726410185116,0.5976080811136494
2025-10-05 22:00:00+00:00,0.724289755342419,0.25808000024082506,-0.16544414287577633,0.6995690831900793,0.3579767810326598,-0.32344292622321696,0.46770382513422637,0.23453602229656015,0.22318726410185116,0.5844026083716838
2025-10-05 23:00:00+00:00,0.7270622863059693,0.254624964193197,-0.16544414287577633,0.6950022798625644,0.35831444801450174,-0.32347150146887266,0.4623403629114531,0.231167961385138,0.22243913025073078,0.5859936575243168
2025-10-06 00:00:00+00:00,0.7237312242308872,0.2512842958705789,-0.16544414287577633,0.6873861116380364,0.3578416096090377,-0.3258097617974596,0.4552368097931982,0.2249541447132237,0.22188092175669466,0.5876154809372399
2025-10-06 01:00:00+00:00,0.7095097454147689,0.24981979546125718,-0.1611651580320257,0.6741604958994578,0.35206095156015327,-0.31719708891144,0.44930308155917054,0.2183293506579799,0.21801605880552746,0.5837133550487151
2025-10-06 02:00:00+00:00,0.7172012543380016,0.24015574002601123,-0.14716638054325382,0.6793529811082494,0.36705770541736854,-0.32756877263735906,0.46481158585408083,0.24826712120606617,0.2044518186064758,0.5873973838268481
2025-10-06 03:00:00+00:00,0.7239568593664237,0.23096515093797892,-0.13358996294575523,0.6836236881355385,0.38064131365974063,-0.31956570649070143,0.4813903476069336,0.27812913880740764,0.19137802451208497,0.5959313788324562
2025-10-06 04:00:00+00:00,0.7268851099617055,0.2246373385832216,-0.1229027659100176,0.6847739374451473,0.3895757951621359,-0.3120903528456986,0.49033776790416905,0.29387461638561124,0.1814913368987949,0.601144097971577
2025-10-06 05:00:00+00:00,0.729349233680313,0.21850794438040963,-0.11231755986908867,0.6850694098152209,0.3878460084020983,-0.30406195592366136,0.49845756843831796,0.3007728697993629,0.17176061809705834,0.6057408879060242
2025-10-06 06:00:00+00:00,0.7277541929389274,0.21256129585542716,-0.1273060899972032,0.6640029520834609,0.37711200228821135,-0.3136135736001431,0.4870816268769957,0.28027230290906663,0.13481975534621987,0.6070713634172223
2025-10-06 07:00:00+00:00,0.7259374252176333,0.19307820300428175,-0.1405380311592517,0.6427594462027265,0.35623871216910474,-0.321361898832457,0.4626231472570427,0.26508446197917296,0.10120047625542529,0.6038036855736173
2025-10-06 08:00:00+00:00,0.7192564198109922,0.16021459224748802,-0.1521541743639332,0.6212633698658724,0.33636028882338154,-0.32989353378098946,0.4395018577978036,0.24603277463727566,0.07047612857136093,0.5945927775880766
2025-10-06 09:00:00+00:00,0.7148956101300361,0.14026187580313093,-0.15566397976106836,0.6084049544492907,0.33278699754382973,-0.3265193263363935,0.4279861410507606,0.24305557485472515,0.06495870970950071,0.5886624789261831
2025-10-06 10:00:00+00:00,0.7128644705492383,0.1306767846505627,-0.1458376770995959,0.6019624213853093,0.33598915243853916,-0.32050990570824683,0.426401704325483,0.24642628097926345,0.07904361191413935,0.5860545518609888
2025-10-06 11:00:00+00:00,0.7102545330024705,0.12176535177244618,-0.13593041899748576,0.5948636851928566,0.338012596528868,-0.45960312291124694,0.4247777557414342,0.24813111787980607,0.0830351794542929,0.583247758417409
2025-10-06 12:00:00+00:00,0.7075569254113295,0.11351046338955216,-0.12591966012081868,0.5869123672751317,0.33862494816134686,-0.45311507597533174,0.4231177189091367,0.24383690921236495,0.07642316203608027,0.58180624590619
2025-10-06 13:00:00+00:00,0.7031414109296253,0.11093442529681202,-0.11973141669732001,0.5760677825635545,0.33565839541721454,-0.44125032601570263,0.42169807452299923,0.2380322876079219,0.07136074177180383,0.5775685111778366
2025-10-06 14:00:00+00:00,0.698378121804358,0.10891519037132621,-0.1126353232636994,0.5643029963232847,0.3321200034707552,-0.42845219731787354,0.4202338553889732,0.2314107742718101,0.06620142454223198,0.5732755443254524
2025-10-06 15:00:00+00:00,0.693238657570341,0.1074651187853727,-0.10458380010485761,0.5514648753163831,0.32867808228631623,-0.40765560057716516,0.4177781576508767,0.22495738396520512,0.06184132992382659,0.5694831773348327
2025-10-06 16:00:00+00:00,0.6876907847104398,0.10660076323915826,-0.09551901694170246,0.5374196910045048,0.3242393226905189,-0.38637466852841806,0.4146681499772291,0.21867179789703048,0.05606640474806167,0.5592779928104956
2025-10-06 17:00:00+00:00,0.6816977900315986,0.104587159976616,-0.08537137859812965,0.5204660617628444,0.3177578511348531,-0.3643630225505772,0.41085797072192587,0.2118363050695838,0.048566021507691334,0.5449223649751505
2025-10-06 18:00:00+00:00,0.6756779311419814,0.0988291714191093,-0.07405754647996098,0.5005508831726085,0.30691175513900015,-0.3322008550132382,0.4063666009317917,0.20538687362112085,0.042107083862725256,0.5262905159130906
2025-10-06 19:00:00+00:00,0.6590197618121766,0.09359031073937252,-0.06147786234976452,0.4793718849790704,0.2920052000633342,-0.30079951371832914,0.40277615413479334,0.19932958502080195,0.03696512828805305,0.5023747820734294
2025-10-06 20:00:00+00:00,0.6369450791538794,0.092167563948721,-0.04751298455168353,0.4547846069011615,0.27802855409460264,-0.27621182335505323,0.38554979926361616,0.1936737040476634,0.031886769495325436,0.4844208441794622
2025-10-06 21:00:00+00:00,0.6095172927440442,0.09382006307463768,-0.033836220025453785,0.43074595498382323,0.2670056375131486,-0.2434156784556201,0.3667785586380129,0.18869774130459369,0.027772654876831778,0.4628930989194858
2025-10-06 22:00:00+00:00,0.5847235148044229,0.09928955091536898,-0.01953533229556353,0.4059638528259483,0.25618156946843723,-0.21515581285370125,0.3504752457358873,0.18391415567913333,0.021254477195814414,0.44628303374577627
2025-10-06 23:00:00+00:00,0.5834690658128727,0.10742125212231794,-0.006322540170468161,0.3916467583802615,0.2420850755580472,-0.19514010504649515,0.3347134933780245,0.1652212347715963,0.010892956091734312,0.44628303374577627
2025-10-07 00:00:00+00:00,0.5772927422269448,0.10266041200393469,0.006738122256802921,0.36332640167021774,0.23852228720921706,-0.17540768380381466,0.3131289429385317,0.14733475456239106,0.010892956091734312,0.44294037886312876
2025-10-07 01:00:00+00:00,0.5640955270801247,0.09794132748437141,0.019672016674407065,0.34538285007096836,0.2327629106966357,-0.16405733007013418,0.2951603955045926,0.12757777429114958,0.010892956091734312,0.43637816954570197
2025-10-07 02:00:00+00:00,0.5222194800561782,0.13548505625755777,0.047140119003174,0.2979411451038791,0.2286932384719436,-0.10515922484863507,0.2788412919800646,0.13817502610500562,-0.008400574618956809,0.4339213384179002
2025-10-07 03:00:00+00:00,0.4663839176588834,0.19029925622283897,0.09127431540757802,0.2325675267927409,0.23307368597544037,-0.03948647322304908,0.26044890585233454,0.15778670139040585,-0.006695720194758379,0.4423588559654818
2025-10-07 04:00:00+00:00,0.3800544995046908,0.29417881911223576,0.194775946860725,0.11786451378761781,0.24985578835822705,0.0930941094061884,0.23700509978305434,0.1823962535164105,-0.02266737188499401,0.49924753823007684
2025-10-07 05:00:00+00:00,0.3737935544468379,0.28742215248342023,0.14656695345372897,0.11786451378761781,0.22668568301168754,0.06449229115098556,0.23115008487222027,0.18580869519454848,-0.02266737188499401,0.4840872163249242
2025-10-07 06:00:00+00:00,0.3737935544468379,0.2630317175098347,0.11872915874815447,0.10632974375877789,0.21141950168281629,0.037110029810564674,0.22313633883421843,0.17774025337209298,-0.042845183098468874,0.4634818580301624
2025-10-07 07:00:00+00:00,0.3720007207148031,0.23097955544191806,0.09849751616108622,0.09372271322520644,0.20214285868874116,0.03058657360587195,0.20047800259015597,0.16629781777736766,-0.04551750279659006,0.43845862086036147
2025-10-07 08:00:00+00:00,0.3728007219050368,0.21180406771455224,0.08083314577388936,0.07432737379809802,0.19127010064687308,-0.0029022100235079782,0.18001918152727706,0.1493692661898986,-0.06363383982981473,0.4040428405348833
2025-10-07 09:00:00+00:00,0.3728007219050368,0.20588711107626975,0.07487180122319623,0.0718995427991641,0.18767324492276882,-0.014385392822140824,0.17575455514950683,0.148305495342383,-0.06363383982981473,0.39767266133976276
2025-10-07 10:00:00+00:00,0.3728007219050368,0.20009516778322775,0.06894292608589846,0.06668945788498774,0.185966553535668,-0.020070450504871728,0.17258447322468876,0.14607202608036604,-0.07513428837957413,0.3950112052265373
2025-10-07 11:00:00+00:00,0.3728007219050368,0.19441810634269738,0.06303553594990714,0.06230431810747985,0.18432382214278947,-0.02900302278280627,0.16897548121328038,0.14423280908247943,-0.08029254193404778,0.3925803334119206
2025-10-07 12:00:00+00:00,0.37262571864231125,0.19258399457984585,0.06007831055518768,0.059921779422734384,0.18263987698072637,-0.03176429366689661,0.1673181128793176,0.14352440873810016,-0.08499257797140308,0.3929770677553034
2025-10-07 13:00:00+00:00,0.3746061239661969,0.20201307411005334,0.06981728031967267,0.06745152757614267,0.19349721102032227,-0.025052873572029732,0.17426390414214452,0.14201998214174333,-0.08693425687109181,0.41060996260542754
2025-10-07 14:00:00+00:00,0.37665834057241204,0.21188275016438288,0.080052884436944,0.07875921330650125,0.2015068548972613,-0.01804623366334134,0.1790899511122394,0.13852216378859852,-0.08894493443181413,0.4293643196139607
2025-10-07 15:00:00+00:00,0.37878638906514106,0.222224926193065,0.09082496114146661,0.08710045259678428,0.20986680642846145,-0.0027244482223905925,0.18656442737158743,0.1348900094923554,-0.07936105240189323,0.44935691923254434
2025-10-07 16:00:00+00:00,0.3809945990011156,0.23307469068660203,0.10217782134891736,0.09583188290605472,0.21528159065071403,0.005248122088628631,0.1872240263326179,0.1311156070455907,-0.08130866503867654,0.4558433319237541
2025-10-07 17:00:00+00:00,0.3832876394437723,0.2444707285407536,0.11416090786318517,0.09786929978285167,0.21497340084473401,0.013601989797963674,0.18379867175093195,0.1271904086260415,-0.08332931518596004,0.4535594588759928
2025-10-07 18:00:00+00:00,0.3856705532302593,0.25645579846089034,0.1268295769860846,0.09344787091790241,0.2057009681625647,0.02236532536334827,0.18023529352006187,0.11914236039462638,-0.07290121333564063,0.4487745478799139
2025-10-07 19:00:00+00:00,0.3830086982819499,0.2616556541951344,0.16970813465154097,0.08884081191922447,0.19585245159637288,0.03156915968500498,0.17276308697193507,0.11477893983140862,-0.07484050384937539,0.44374619718797087
2025-10-07 20:00:00+00:00,0.37520375127086575,0.26707208333411697,0.16352021220977925,0.08082629541224924,0.19227685935026292,0.041247758695631576,0.16313807066318536,0.09041240242615749,-0.0636158583109767,0.4384551653091186
2025-10-07 21:00:00+00:00,0.3671624890902299,0.27271899256166965,0.15703501705662704,0.06604479615415826,0.17950521262553565,0.05143905874458657,0.15478033696784885,0.08001699157046524,-0.06545092297044565,0.43288010740951377
2025-10-07 22:00:00+00:00,0.35818257842339946,0.2721108539057665,0.150230595868932,0.060389053145123,0.19261748528669076,0.06218517466925335,0.15242655009859446,0.07649328053712845,-0.06736180615738052,0.42971333868994
2025-10-07 23:00:00+00:00,0.3598199512407379,0.2861917613568936,0.1430827786701052,0.06584621722762647,0.2212026346682181,0.08523397080237259,0.16657087016028885,0.09334451908040316,-0.05502815043459944,0.4363905826147136
2025-10-08 00:00:00+00:00,0.40246669409395425,0.33798599347098324,0.17916529125824907,0.09711386577309278,0.20079009437531797,0.13941503809953135,0.21338868069424574,0.13990940981952885,-0.025772718944236234,0.4857169462059321
2025-10-08 01:00:00+00:00,0.4495998759743073,0.3961467665157487,0.21905342807063438,0.1417558034918826,0.23550849473836877,0.17198555803247303,0.26594674974798976,0.18437249899545483,0.006534662345284549,0.5404955194953734
2025-10-08 02:00:00+00:00,0.3333345522982428,0.32407121378046144,0.20782895068257698,0.012198016119210304,0.1814322760550077,0.225919609229452,0.13313233188024,0.028602941503462955,0.014144021619109663,0.4850219833369232
2025-10-08 03:00:00+00:00,0.31955490959742544,0.28138454566030646,0.10490679092695841,0.0025802690532707646,0.15885304100577954,0.14768075951131615,0.1150586085298287,0.035525936386481584,0.014144021619109663,0.43130692536182064
2025-10-08 04:00:00+00:00,0.31337169509483676,0.2692580871303524,0.07206967540972639,0.0025802690532707646,0.15885304100577954,0.12093144280454747,0.10278007202622232,0.04275656557646355,0.014144021619109663,0.4088120564237973
2025-10-08 05:00:00+00:00,0.3207144684412019,0.2568025555111148,0.03820718621791198,0.007846031172185838,0.17395866533346996,0.09387593516123226,0.09279724484419755,0.05370377300689093,0.033390872893410035,0.40733650572225977
2025-10-08 06:00:00+00:00,0.3418566737278368,0.24397168933301172,0.003078842637943999,0.023829543609093305,0.1870228758370906,0.06642588171436303,0.0889552569884648,0.06156404548934562,0.033390872893410035,0.40733650572225977
2025-10-08 07:00:00+00:00,0.33778707403757485,0.2359666264534123,0.010852713178330644,0.039667627203553935,0.2020246204009701,0.045974334267492985,0.09299392278488008,0.0799184038123803,0.03505368382688969,0.38952586959985025
2025-10-08 08:00:00+00:00,0.3482187535557616,0.2371300637690753,0.01874237525864809,0.05574559163845639,0.20567237089627416,0.020700074288564886,0.09570763328492633,0.0900312606999451,0.036748669592297674,0.3876959594767731
2025-10-08 09:00:00+00:00,0.35140313358093,0.2371300637690753,0.01874237525864809,0.05574559163845639,0.20580690902779541,0.012538226906306944,0.0928468314891412,0.08900749289625544,0.036748669592297674,0.3804719763753752
2025-10-08 10:00:00+00:00,0.35037459922556,0.23605233561706013,0.011720180773694789,0.0534809798065488,0.20497910274242212,0.0096640811384888,0.08904983822615092,0.08759610385115356,0.03928640416428538,0.37828315211570046
2025-10-08 11:00:00+00:00,0.3496857008078186,0.23499878028634577,0.004373348027742671,0.05240609794783733,0.20363984984633224,0.003575921250360266,0.08678905521916537,0.08759610385115356,0.03928640416428538,0.37553847121983
2025-10-08 12:00:00+00:00,0.3316726336879127,0.232347480576291,0.011451047268940534,0.053272872839293425,0.18344361127479789,0.012308755458605151,0.09072113350699539,0.0926483945734884,0.012536094921332994,0.36826396493495
2025-10-08 13:00:00+00:00,0.32074581829958076,0.23977760005328086,0.03592644796602698,0.059760037684041936,0.16429900430359104,0.04144777885076926,0.09991162471721506,0.09475204232937302,0.012536094921332994,0.377369489419012
2025-10-08 14:00:00+00:00,0.3100185993619009,0.24731287801027244,0.05609004240687078,0.06623360291906472,0.16129171886788865,0.06225309707448524,0.11114280346613685,0.09675062499919188,0.001083194621023878,0.3812769466538457
2025-10-08 15:00:00+00:00,0.2862445939937069,0.2503695492230182,0.06110106543513004,0.07034523966643101,0.13559586261947915,0.10875251555602083,0.12794710205577542,0.10746092885100383,-0.02333848399941392,0.3857067217312097
2025-10-08 16:00:00+00:00,0.2637885131690017,0.2532367038500558,0.11000899256135044,0.08473277218802275,0.12530608291488224,0.1332816133344274,0.13959793450853172,0.11283510445335726,-0.020705311455479197,0.3949949017898432
2025-10-08 17:00:00+00:00,0.253506516247459,0.269621201657255,0.15226069825166638,0.09373741628951039,0.1053475928538142,0.1582032360835693,0.1552422469851384,0.12585712276741864,-0.018138710958975866,0.4012168381756789
2025-10-08 18:00:00+00:00,0.24070701904688047,0.31512009211961745,0.18931504734662066,0.10680369525764075,0.1155405340248385,0.2258415908694584,0.161962310866066,0.1369003980592632,-0.026048535838947718,0.4131491362025989
2025-10-08 19:00:00+00:00,0.23523991496765623,0.3411461771673755,0.2222005253379402,0.12562264690188776,0.12756496886385268,0.24586805765589148,0.16855938748585986,0.13405498872415372,-0.05828582470324966,0.432049732668321
2025-10-08 20:00:00+00:00,0.2476405088968111,0.3682670305768749,0.25166963478767423,0.14366972357350016,0.15202025439219277,0.259102361695305,0.1888471972449859,0.1438883719085553,-0.08962321364459927,0.4470067039346296
2025-10-08 21:00:00+00:00,0.2615079793319637,0.3903390506555349,0.27828975551315893,0.15418839941423518,0.13043816233207645,0.2771271070371595,0.20840249593981872,0.15066159082560124,-0.0963080397894484,0.4612588657649109
2025-10-08 22:00:00+00:00,0.2594564410358225,0.40838718772854316,0.30249943014835373,0.15801731247944614,0.13840853492017421,0.294025352328943,0.20962284695198588,0.13862033034966253,-0.1348043558516787,0.4714527342217096
2025-10-08 23:00:00+00:00,0.22961948832329712,0.40838718772854316,0.3434968204013956,0.15801731247944614,0.11269121765897368,0.31894758512649035,0.22106923930128936,0.1277656626976277,-0.1348043558516787,0.4714527342217096
2025-10-09 00:00:00+00:00,0.20675396622125275,0.36405958904427277,0.3434968204013956,0.15801731247944614,0.10649228907567826,0.3797762570228357,0.2332637246539146,0.12226004111366148,-0.1348043558516787,0.4619671259436633
2025-10-09 01:00:00+00:00,0.17818232362933759,0.30732515745318323,0.38105462769970727,0.14064298827367988,0.06251015092133662,0.3593074845080546,0.21187078541001572,0.09624016555488753,-0.17444044942737147,0.4584696735377011
2025-10-09 02:00:00+00:00,0.12461617030369267,0.20659181674642269,0.3398282940690891,0.0673296687330759,-0.008546931040068075,0.28932450756739325,0.13288969222615496,0.009752517220442694,-0.21525193551686064,0.4155015366811464
2025-10-09 03:00:00+00:00,0.13876135252757996,0.24303892952546047,0.3398282940690891,0.07661799027225026,0.016806923226267752,0.23028412612429378,0.12644871318747597,0.009752517220442694,-0.14396920889840528,0.3954807918687871
2025-10-09 04:00:00+00:00,0.14672652135955402,0.2557628207213372,0.3162277660168921,0.07129023748204888,0.03609693123105432,0.1970645361556616,0.12644871318747597,0.013851650715748596,-0.10214982651976008,0.3857350694137932
2025-10-09 05:00:00+00:00,0.15459540454708437,0.26818375761358126,0.29177365598255417,0.04816945590641269,0.05068606274533253,0.16058623036783973,0.11488008957731129,0.0220139852207582,-0.08286842157550786,0.3758659888954142
2025-10-09 06:00:00+00:00,0.17225335616768533,0.2748178436643644,0.29177365598255417,0.054487208333504185,0.06570255092736416,0.13335249455087597,0.10548498680540096,0.030463757094507334,-0.04543997954241592,0.3450904989585458
2025-10-09 07:00:00+00:00,0.18148108600569116,0.2661134986702291,0.24900189484154897,0.054487208333504185,0.08667098371970848,0.10694596518725605,0.11035133776724654,0.030463757094507334,-0.026504279587297792,0.3097225201081829
2025-10-09 08:00:00+00:00,0.1915920130764809,0.2661134986702291,0.20913285959681344,0.054487208333504185,0.10833226425956631,0.10694596518725605,0.11035133776724654,0.034747326350898645,-0.006772078044963135,0.2822507149482857
2025-10-09 09:00:00+00:00,0.19924560587805626,0.2661134986702291,0.19314875118838823,0.05218357723191694,0.11357954783277911,0.10694596518725605,0.11035133776724654,0.031880249600146356,2.373351622360134e-13,0.2714900360799144
2025-10-09 10:00:00+00:00,0.2017911632592279,0.2661134986702291,0.18867014547384323,0.04624035702081216,0.1123008911332157,0.10084635268092353,0.10573767891840123,0.02796748673271094,-0.00692958928686117,0.267288893917992
2025-10-09 11:00:00+00:00,0.20781478007270648,0.2661134986702291,0.16859217766691842,0.040532086815517274,0.10925651802469268,0.08495599540236337,0.10278997375605879,0.02529895365841561,-0.01386199062175245,0.25967019653287204
2025-10-09 12:00:00+00:00,0.2045943940520442,0.2648764314898649,0.16800949758793118,0.03702921589080023,0.11006396416988333,0.0825613671712211,0.10227046204161612,0.02490945019358207,-0.007170499776436974,0.2592867123480267
2025-10-09 13:00:00+00:00,0.20217893852481802,0.2614533476686423,0.1753147187511557,0.04280046589847566,0.11486870909574229,0.10450625123714678,0.10519580584678748,0.02490945019358207,-0.007170499776436974,0.26506524648827207
2025-10-09 14:00:00+00:00,0.19976836171708498,0.2614533476686423,0.1825833024961015,0.048258294874307224,0.11613775395879329,0.12598942443580655,0.1105976578063169,0.02490945019358207,-0.00046743508862528293,0.2709170805596026
2025-10-09 15:00:00+00:00,0.19736222262641048,0.2614533476686423,0.18983305884872473,0.0519563876982307,0.11772473034321614,0.13592571507533172,0.11305495131385364,0.02361821598570416,0.006082559829519607,0.28074818659843737
2025-10-09 16:00:00+00:00,0.19405105462537267,0.25825148770980577,0.2118860954350317,0.06823302468831184,0.12117045828057499,0.19037881073254848,0.12110571415722374,0.028865705641662284,-0.007652060198322511,0.290295706636587
2025-10-09 17:00:00+00:00,0.19917364893873113,0.2606512656374161,0.20558639977431456,0.08040021449147207,0.1395432728338572,0.22910245264593973,0.12790974233251806,0.03699310175090187,0.011966121384998984,0.29871895748681043
2025-10-09 18:00:00+00:00,0.20318468945383905,0.2783278048175387,0.19941993039470016,0.0857493635204145,0.15427165849325056,0.257343700372106,0.1375247795540045,0.04516784498143703,0.03129424419625378,0.30753931675197366
2025-10-09 19:00:00+00:00,0.218189008042321,0.2994100875943011,0.21931160619898998,0.09627316553862969,0.16807107292910994,0.28192757667089363,0.14702673001059002,0.057094544931278336,0.03719510584547599,0.316707203112128
2025-10-09 20:00:00+00:00,0.2420384376825234,0.32083426343871185,0.23793872554648055,0.11050779283165385,0.1886167377075684,0.307637804637358,0.15296420618826348,0.07234579528762534,0.03869782885000489,0.33261443246554523
2025-10-09 21:00:00+00:00,0.22658961522140744,0.28682732433529645,0.26187654971860963,0.09649880444268581,0.170157725594311,0.27496138952523547,0.1418270946047912,0.06113991437558248,0.02734652178041355,0.3103200357690795
2025-10-09 22:00:00+00:00,0.23787315410166923,0.2979910424491213,0.3015953547683236,0.10289534913325903,0.1923079882634424,0.2955489936440039,0.13888108430279772,0.056033672607696254,0.03934499599193314,0.32255428163333183
2025-10-09 23:00:00+00:00,0.2291463281668181,0.29136794110633824,0.3015953547683236,0.0969339024220548,0.1971402760163125,0.3233724306522186,0.13406156385591494,0.056033672607696254,0.05835219449640017,0.32255428163333183
2025-10-10 00:00:00+00:00,0.2188284291895418,0.28206656772983435,0.3015953547683236,0.10329270930753212,0.16921744646015008,0.3507770368343191,0.13903228573830428,0.056033672607696254,0.03934499599193314,0.32255428163333183
2025-10-10 01:00:00+00:00,0.21104321654620034,0.2537885611713343,0.2909012784959422,0.07674951417494398,0.13123565890106054,0.4032390776048157,0.11940935948172676,0.044380672881262226,0.01339294918433096,0.32157846284947517
2025-10-10 02:00:00+00:00,0.19575364390796465,0.20715988097600085,0.23085484471887466,0.015807523536373748,0.1097530204499223,0.38552234188520973,0.053648909816398443,-0.011867289116643892,0.02307790702673882,0.2961112298270881
2025-10-10 03:00:00+00:00,0.19575364390796465,0.21821837125675658,0.23085484471887466,0.005656703977018138,0.1251550212259224,0.34329603319508484,0.04618268560811426,-0.011867289116643892,0.05842480879301457,0.2841174047163319
2025-10-10 04:00:00+00:00,0.19575364390796465,0.22442186239513587,0.23085484471887466,-0.0007949135641533849,0.1251550212259224,0.30017344082835434,0.0415457702026888,-0.0072532115804811205,0.05842480879301457,0.2770680331285116
2025-10-10 05:00:00+00:00,0.20772224024256142,0.2305530094492596,0.23085484471887466,-0.027232367124932516,0.14689678392534639,0.2743172712069966,0.031981039277436465,-0.025533549963834883,0.05842480879301457,0.26191625566740123
2025-10-10 06:00:00+00:00,0.23326866223958495,0.2305530094492596,0.23085484471887466,-0.03368402358887712,0.16443556010274052,0.22272157545476662,0.02695576088234113,-0.025533549963834883,0.08303364917056033,0.22489051353909342
2025-10-10 07:00:00+00:00,0.23326866223958495,0.23934827690249424,0.19413710774698692,-0.04632889945741805,0.16443556010274052,0.17099596604383957,0.03205518496907714,-0.025533549963834883,0.10631010188356006,0.19496522414866846
2025-10-10 08:00:00+00:00,0.23326866223958495,0.23934827690249424,0.15836927483421542,-0.052503270204217384,0.1583351020480085,0.14261664811019625,0.03205518496907714,-0.016543504580979737,0.13307620700940206,0.1853269091263435
2025-10-10 09:00:00+00:00,0.2414635316253273,0.23934827690249424,0.14329326934988412,-0.05740526629854954,0.1583351020480085,0.13701600465697003,0.03205518496907714,-0.016543504580979737,0.13307620700940206,0.17666330447959352
2025-10-10 10:00:00+00:00,0.24814195166456324,0.24558713638594565,0.14329326934988412,-0.05480300253543274,0.16434495814052166,0.12693989586232593,0.029974792323358496,-0.014662939032861571,0.13307620700940206,0.16926325436207676
2025-10-10 11:00:00+00:00,0.25495151865347154,0.24908215360105274,0.12859821149602144,-0.05480300253543274,0.168565251118775,0.11682574391233692,0.029974792323358496,-0.010892131136791803,0.13307620700940206,0.16196530818238006
2025-10-10 12:00:00+00:00,0.2556678584973868,0.24881555150043475,0.1259556714041447,-0.05395958506420226,0.16995929932695023,0.11809177234302591,0.030501904262477182,-0.009632097405871015,0.13494927319762037,0.1636657205129506
2025-10-10 13:00:00+00:00,0.256358947139249,0.2485580544531719,0.12837551796153301,-0.05055014636077846,0.17189812608997046,0.12059518353960111,0.031010881208243652,-0.007588526208707365,0.13674513268997088,0.16568230417314908
2025-10-10 14:00:00+00:00,0.2570260968009249,0.24941690440037076,0.13067963070666844,-0.04859554951658036,0.17375105739828942,0.12297773942822895,0.032333873450921376,-0.004814073592803273,0.13888516926389038,0.16760794224733214
2025-10-10 15:00:00+00:00,0.25767053031803266,0.2502458317045642,0.13287661439881873,-0.045449696851024055,0.17552394127268406,0.1240348567160545,0.03438433663288217,-0.002946005968574198,0.14047459381083882,0.16944896908443488
2025-10-10 16:00:00+00:00,0.259717860770759,0.2534881558922757,0.12231284156779311,-0.03287906815183366,0.18404018960547744,0.12844979225510306,0.043344507292894914,0.00834656282833175,0.1612528601137649,0.18147872986913668
2025-10-10 17:00:00+00:00,0.2691069225412712,0.2613524284798968,0.11227217828477785,-0.020986257548679353,0.19773299271853123,0.14102179643383814,0.05528075508892843,0.01904561538384775,0.18019397515293673,0.19683416848274027
2025-10-10 18:00:00+00:00,0.28631304881139846,0.2779734675266853,0.1248177981002582,-0.009717880738977457,0.20799540302843467,0.1448313749483164,0.06327805177237769,0.02919676657885936,0.197549239566761,0.21110923916308552
2025-10-10 19:00:00+00:00,0.30300543095956517,0.29314062342885533,0.11520453868469242,0.005275727449158207,0.2223120604583844,0.15629542248152586,0.07408815904695887,0.03884107164772942,0.20288231712855245,0.22441765358876548
2025-10-10 20:00:00+00:00,0.3180544558619236,0.30824778953344945,0.12698078617485986,0.019380654440184303,0.23358975677000215,0.16711997045871424,0.08433915821580941,0.04507880060417455,0.2182522569967066,0.2368572747295537
2025-10-10 21:00:00+00:00,0.3312224895271939,0.32094233116817067,0.11776432227040261,0.028751899871073173,0.2461461967195689,0.17009556436775924,0.09407335079635705,0.05104801434236681,0.22278085428785327,0.24851284730117582
2025-10-10 22:00:00+00:00,0.3401857314574094,0.33103712698042653,0.10896075543410927,0.033801360023914054,0.2539646124374659,0.17295525560749528,0.09116732023034146,0.04508849714160784,0.22712193680207213,0.25945817219680634
2025-10-10 23:00:00+00:00,0.3391778258070961,0.3270370701308366,0.10054288914399885,0.022884347647809312,0.24736290195717398,0.16747155998932298,0.07504631209173042,0.027537200500976088,0.21764040534217652,0.25905833363785974
2025-10-11 00:00:00+00:00,0.331266179680617,0.31244825389719794,0.07017527293604175,0.0010710635024399596,0.2410248741244016,0.15303814168539115,0.05329172959051256,0.008357372774361969,0.19166788577778224,0.25867839208666066
2025-10-11 01:00:00+00:00,0.3153007022389002,0.28614186158877025,0.05673878753281233,-0.02324233246299838,0.2393944883140026,0.1576013261333467,0.021870411174212793,-0.024781656017532572,0.19896393403624377,0.2562040380347031
2025-10-11 02:00:00+00:00,0.3044171788013322,0.26943494245957766,0.01092912492493776,0.0014780823540036145,0.21001433136324182,0.18746767664646546,0.03679009516346386,-0.011952047054754911,0.19884699857813254,0.2787750124130992
2025-10-11 03:00:00+00:00,0.32016738123590033,0.289819628665422,0.01092912492493776,-0.008182237175304748,0.24324351196402405,0.18746767664646546,0.03679009516346386,-0.005021360482214701,0.23156784918386633,0.26728822680652586
2025-10-11 04:00:00+00:00,0.3302681548434563,0.2958435606061998,0.01092912492493776,-0.021071057006123012,0.24324351196402405,0.1618834703886022,0.03679009516346386,-0.005021360482214701,0.21024587110808288,0.259851001983906
2025-10-11 05:00:00+00:00,0.30849420555254536,0.30183378725726284,0.04062368051094113,-0.04748275374037391,0.2210079787732836,0.13594422736659262,0.02712761137039769,-0.014089903668075873,0.17084061669270312,0.22808303384599685
2025-10-11 06:00:00+00:00,0.27498279979936774,0.30183378725726284,0.04062368051094113,-0.07336251896897082,0.18990259082860758,0.10960395732312306,0.012217335188130885,-0.018581102553614313,0.1248976295385339,0.18634106762135189
2025-10-11 07:00:00+00:00,0.2624246549235546,0.28563796881665005,0.015646980805217866,-0.08644995012334991,0.1800760333564466,0.0941045382049289,0.0009696415932158567,-0.019927128658378594,0.09640096971966482,0.14537487167005675
2025-10-11 08:00:00+00:00,0.24843125238664393,0.27845667221269926,0.0019448101563303102,-0.08900385101028302,0.17197556945916206,0.0878184619667728,0.0009696415932158567,-0.017902676333858475,0.09640096971966482,0.11795571403301702
2025-10-11 09:00:00+00:00,0.24375599681355234,0.2713409148035202,-0.011609231375333571,-0.08900385101028302,0.16182259123164164,0.07582220504076892,0.0009696415932158567,-0.015852232388860427,0.07584956368703476,0.09162159843569005
2025-10-11 10:00:00+00:00,0.24042980827851004,0.26807540528517054,-0.011609231375333571,-0.08601837700094743,0.15706539719743892,0.058121119397360865,0.005499106937808381,-0.013757504043318646,0.057930506992231456,0.07856503747644279
2025-10-11 11:00:00+00:00,0.23234581088411582,0.26807540528517054,-0.011609231375333571,-0.08900385101028302,0.14820523355529194,0.045362266252823184,0.005499106937808381,-0.011643798685759843,0.048208702672082375,0.060048985900310804
2025-10-11 12:00:00+00:00,0.23697832535058416,0.26807540528517054,-0.009630050983133489,-0.08861781902114561,0.1520008106732042,0.047110833169263566,0.005180376618703501,-0.012569365815836052,0.05311016335411284,0.06360497172921188
2025-10-11 13:00:00+00:00,0.23697832535058416,0.2685279689461892,-0.007672734646677574,-0.08741528996345324,0.155821290955197,0.048869985724406796,0.00486113144406302,-0.013535016462029863,0.05376829734359814,0.06526117881416447
2025-10-11 14:00:00+00:00,0.238663255233377,0.26898799679515545,-0.007672734646677574,-0.08623180859294584,0.15701101732619877,0.05152799330678419,0.004225196658079537,-0.0145496628433928,0.05376829734359814,0.06695057468670913
2025-10-11 15:00:00+00:00,0.24881418588557874,0.27252765894970904,-0.0017124869397646281,-0.08222560008845883,0.17254754485520665,0.05964260568008033,-0.002248756120467339,-0.024055531383264515,0.0651153257301144,0.0778648029715127
2025-10-11 16:00:00+00:00,0.2572069034178531,0.28048514156157617,-0.0017124869397646281,-0.07021528303590954,0.184317556768532,0.08730942768757045,-0.002248756120467339,-0.026890312148092493,0.0769462123591766,0.09688690722297906
2025-10-11 17:00:00+00:00,0.2640680268951572,0.28985424801282084,-0.0017124869397646281,-0.0622233017028215,0.20193753010169757,0.11570054347558052,-0.002248756120467339,-0.03267824229588002,0.08851188412489666,0.11452520048351487
2025-10-11 18:00:00+00:00,0.2761131128233225,0.2943531868829941,-0.0017124869397646281,-0.0622233017028215,0.1997319676245378,0.1338421829304207,-0.002248756120467339,-0.03561674826028667,0.09983443604912899,0.1255851787509685
2025-10-11 19:00:00+00:00,0.2865697733704341,0.2988166533311233,-0.0017124869397646281,-0.0622233017028215,0.1997319676245378,0.15203405944424567,0.0007225751540025395,-0.032735882278577856,0.1325338503244135,0.1255851787509685
2025-10-11 20:00:00+00:00,0.2889150504263071,0.2988166533311233,-0.0017124869397646281,-0.0622233017028215,0.19772330470748198,0.1703041729640967,0.0036602703841441065,-0.035680032597114685,0.16366357788150168,0.1307685195324256
2025-10-11 21:00:00+00:00,0.29157251631839026,0.2988166533311233,-0.0017124869397646281,-0.05822422242851598,0.217621316299675,0.18868088628355595,0.006558972461668126,-0.032735882278577856,0.18109958776001764,0.13589074079303667
2025-10-11 22:00:00+00:00,0.2998356986122947,0.30076088297217024,-0.0017124869397646281,-0.04664347532226056,0.2275240464254201,0.19884393231963798,0.01237134155137885,-0.027126960659702375,0.2191424157356699,0.14654871774178257
2025-10-11 23:00:00+00:00,0.30742461838434176,0.30849277043807444,0.01578412542757101,-0.036069860680909616,0.24659582332588084,0.22173630741483813,0.01534601238296746,-0.018928603209620136,0.2420226176593993,0.16721721443008203
2025-10-12 00:00:00+00:00,0.31657735629642425,0.3288065989468059,0.034357766473508106,-0.025277625563315302,0.24246584182395742,0.24586072128403696,0.01836216939271017,-0.016177788350386312,0.25541880235917125,0.18380751946142476
2025-10-12 01:00:00+00:00,0.31657735629642425,0.3564285982640139,0.06808618242856,-0.010901370219120002,0.2788578290296816,0.3338940030622168,0.029732451384680482,-0.010844822915662196,0.3084989063761796,0.19847749692543756
2025-10-12 02:00:00+00:00,0.31657735629642425,0.3962289902275027,0.10168008556346234,0.018960230498873177,0.3090342532489186,0.43378810454302297,0.029732451384680482,-1.8231364234478075e-13,0.3658585224402107,0.2136559290414595
2025-10-12 03:00:00+00:00,0.3285395936553538,0.3620767067562878,0.011790923671493517,-0.05333277852658807,0.29683267584184725,0.3928854030468215,0.014961357451781333,-0.00737060143433501,0.3156083454748528,0.20063086810921543
2025-10-12 04:00:00+00:00,0.3285395936553538,0.3461274355456633,-0.01857846715178966,-0.08965162339891432,0.2790941950971234,0.3699055459945103,0.005193624893384468,-0.02207637095783429,0.26170304365788927,0.19308996794645608
2025-10-12 05:00:00+00:00,0.3285395936553538,0.3298471730719035,-0.04892532837685195,-0.09677944631037412,0.25376969943344685,0.3256985164632945,-0.009786832872164308,-0.03203423270326863,0.21952345971664894,0.18536005249813972
2025-10-12 06:00:00+00:00,0.3285395936553538,0.3110485246599296,-0.0792983354019165,-0.10999577789431415,0.21866552942253992,0.29017323176737425,-0.009786832872164308,-0.03203423270326863,0.17703265638940918,0.2035726669036999
2025-10-12 07:00:00+00:00,0.3178248404239905,0.29496959105232995,-0.0792983354019165,-0.11642843735340616,0.18288400116362363,0.25411776613785164,-0.01474983675339465,-0.0367905266365545,0.15405511428985594,0.19214260429648264
2025-10-12 08:00:00+00:00,0.3245839694216734,0.2843574234791872,-0.0720533992980943,-0.11140841361298638,0.17042613958744607,0.22584302431610156,-0.006091930451281598,-0.028133512660306306,0.1418474840352303,0.1823554350294295
2025-10-12 09:00:00+00:00,0.3193989423694191,0.2763451240022406,-0.0720533992980943,-0.11140841361298638,0.1582362851001393,0.20731533909914884,-0.008436978963301223,-0.03036305467712425,0.12231179187445661,0.17679385340578158
2025-10-12 10:00:00+00:00,0.3105292683413793,0.26961386868854603,-0.08653348177444663,-0.1146550366038074,0.1598932862142177,0.19845890635055724,-0.010780073327484043,-0.037308360408391555,0.11362151126955163,0.16266395828818012
2025-10-12 11:00:00+00:00,0.3068122832429733,0.2629067217323795,-0.08653348177444663,-0.11813826822658959,0.16375980862859782,0.19186680561669772,-0.01545790888532842,-0.044264597402765025,0.11362151126955163,0.15793457523391388
2025-10-12 12:00:00+00:00,0.3094425805095293,0.26412025046458715,-0.08653348177444663,-0.11813826822658959,0.1617253813629698,0.1994691016125754,-0.014750159426188117,-0.04357875178768464,0.11362151126955163,0.15828734954488527
2025-10-12 13:00:00+00:00,0.3100698530401067,0.2668964710924388,-0.08653348177444663,-0.11813826822658959,0.16032272340479184,0.2012112374394957,-0.014046690064157957,-0.04313049930973122,0.11362151126955163,0.15826637047083736
2025-10-12 14:00:00+00:00,0.3107169611661852,0.2682051569660337,-0.08653348177444663,-0.11887259035235297,0.15811435589652106,0.2030206384519776,-0.014405234390611317,-0.04313049930973122,0.11362151126955163,0.15830006490952334
2025-10-12 15:00:00+00:00,0.3113840037695699,0.26917538341681096,-0.08653348177444663,-0.11963921790720362,0.15666781144752306,0.2030206384519776,-0.014765233686050754,-0.04353568740537471,0.1103789341306072,0.15870346648278955
2025-10-12 16:00:00+00:00,0.3178103297305083,0.27851416062164924,-0.08653348177444663,-0.11963921790720362,0.15336047651910206,0.18740262143206898,-0.014765233686050754,-0.04353568740537471,0.13871483613242908,0.17015163117921123
2025-10-12 17:00:00+00:00,0.3113840037695699,0.28288760992525086,-0.06808176973490218,-0.11963921790720362,0.14797356141434934,0.1766896014985225,-0.014765233686050754,-0.0466324689270542,0.13871483613242908,0.18146938317540234
2025-10-12 18:00:00+00:00,0.3113840037695699,0.2760203241656935,-0.02993497866788824,-0.11047270444930779,0.1451707905604966,0.1766896014985225,-0.01783421630013839,-0.0466324689270542,0.13871483613242908,0.19266904211874158
2025-10-12 19:00:00+00:00,0.30641226702307195,0.2703569121491435,-0.011593039567572747,-0.10583620567907277,0.1477988582112677,0.1655790721275382,-0.02092055299191203,-0.049797233952398996,0.15161251929086877,0.20376210768890915
2025-10-12 20:00:00+00:00,0.3064122670230719,0.2659103703905881,0.005625631820304053,-0.11047270444930779,0.14534385622208967,0.1655790721275382,-0.02092055299191203,-0.05626141019413,0.16444633677482182,0.20376210768890915
2025-10-12 21:00:00+00:00,0.3367366268619914,0.3012451543940644,0.004174530306993858,-0.09075322534824773,0.1637069337586789,0.20844737185479453,-0.0036684774529648924,-0.036067095754180475,0.16935088643562007,0.22724158975741704
2025-10-12 22:00:00+00:00,0.3413714211643272,0.30412732255183794,0.004174530306993858,-0.09878295016839854,0.13201403743671478,0.21794538721461743,-0.0007114653157670382,-0.036067095754180475,0.13625963289054857,0.2319848306436998
2025-10-12 23:00:00+00:00,0.3413714211643272,0.30412732255183794,0.020742786397213605,-0.09562110078014371,0.12447582303248593,0.21794538721461743,0.0022615825610351943,-0.038769845216394025,0.13625963289054857,0.24443616649135064
2025-10-13 00:00:00+00:00,0.3413714211643272,0.31851909832850384,0.03745552071609848,-0.09259846063142463,0.13233642198567175,0.21794538721461743,0.008319701803827769,-0.038769845216394025,0.1508875716119897,0.26149973243916813
2025-10-13 01:00:00+00:00,0.3413714211643272,0.33067360122827816,0.06956177606921739,-0.08567264082891601,0.13937934762943271,0.18860378243110437,0.02606408622694978,-0.038769845216394025,0.1508875716119897,0.290811457099515
2025-10-13 02:00:00+00:00,0.32931312480258806,0.3323692616494338,0.11167007329998863,-0.0983218479125964,0.11027823254135241,0.20844830782119653,0.02120899093279426,-0.04539195707545876,0.16053025200962745,0.29890981756668883
2025-10-13 03:00:00+00:00,0.32931312480258806,0.32312396374446967,0.11167007329998863,-0.08621018315824504,0.11027823254135241,0.20844830782119653,0.004950414581695995,-0.06156843237580073,0.13162566241325394,0.2715784163536958
2025-10-13 04:00:00+00:00,0.3321633401723593,0.31745034051701104,0.07591427930592645,-0.06839403374049019,0.1266059149284886,0.1984701419513741,0.0053580048697653825,-0.06148373964607386,0.14519520346614795,0.24325853005833126
2025-10-13 05:00:00+00:00,0.32316181473410405,0.30678504619983554,0.04654416993532714,-0.046204577924762125,0.13644889130637153,0.1726991621179578,0.0053580048697653825,-0.04615714937951639,0.16478285120571695,0.22399386020727574
2025-10-13 06:00:00+00:00,0.3035740304155948,0.3192996562557016,0.01674195965549336,-0.004171690647626929,0.15653268353471603,0.14302258413127408,0.021396451456955616,-0.04118732013972535,0.16478285120571695,0.2356078405667722
2025-10-13 07:00:00+00:00,0.3035740304155948,0.32688636519318043,0.01674195965549336,0.030338305108912424,0.18285363132193752,0.11495282216527887,0.021396451456955616,-0.04118732013972535,0.16478285120571695,0.2356078405667722
2025-10-13 08:00:00+00:00,0.3091076230023368,0.32429597816667094,0.021348899984514242,0.054696781242444724,0.2059240412151658,0.1073796868038196,0.03565013680531808,-0.030147474294901326,0.1705603773330278,0.2344255718369757
2025-10-13 09:00:00+00:00,0.31421353996294793,0.3200928680439946,0.021348899984514242,0.07116760172102642,0.22072757004262025,0.08235849388161826,0.03565013680531808,-0.02529134976621491,0.17834435100940038,0.22754342811409362
2025-10-13 10:00:00+00:00,0.31421353996294793,0.3144808325092971,0.006730109070193541,0.08503904055250386,0.22544001693809307,0.0583842046967947,0.04088836335995334,-0.017649868730069674,0.18598415854395478,0.22194779895082356
2025-10-13 11:00:00+00:00,0.31421353996294793,0.3144808325092971,0.021348899984514242,0.09904353427802699,0.22877585022264374,0.03528654335334561,0.04348338619683059,-0.017649868730069674,0.18598415854395478,0.20968814846871875
2025-10-13 12:00:00+00:00,0.31421353996294793,0.3156885021722536,0.021348899984514242,0.09559280735808641,0.225433761023033,0.03677734358214733,0.043226696883642036,-0.017894132272248068,0.18598415854395478,0.2095771417471893
2025-10-13 13:00:00+00:00,0.31421353996294793,0.316917954797556,0.021348899984514242,0.09218523363034876,0.22266739628706794,0.037143325401007864,0.04297095673078944,-0.018159021159203318,0.1861793606547463,0.20900054637302048
2025-10-13 14:00:00+00:00,0.31421353996294793,0.316917954797556,0.019853622797908508,0.08901155276607979,0.22115002160960204,0.03751760785452335,0.04251310772596539,-0.01871396126366543,0.18598415854395478,0.20687111439226552
2025-10-13 15:00:00+00:00,0.31012489338645705,0.3138209790713679,0.024391007031154883,0.06286752030708685,0.20346845816147083,0.04170111481600259,0.0395298983013109,-0.017790521291496525,0.18217392316692538,0.20865947067005586
2025-10-13 16:00:00+00:00,0.31012489338645705,0.3138209790713679,0.04164583887442565,0.03143672106119352,0.1888832378915982,0.06571699790050783,0.033542298021869706,-0.02675296626630332,0.17100762656724364,0.21388511451242898
2025-10-13 17:00:00+00:00,0.3041467024413079,0.30911538211311645,0.07429177730121926,0.0048698290120103875,0.16990927115382645,0.07683895648366103,0.02758822532680883,-0.03283704403761619,0.15979068511872946,0.21388511451242898
2025-10-13 18:00:00+00:00,0.29038885355385635,0.3004944014327847,0.07429177730121926,-0.01782244859028721,0.1531087145528226,0.10867386336756141,0.02457221017468805,-0.04203169630820177,0.1485135839158232,0.21388511451242898
2025-10-13 19:00:00+00:00,0.27450781950490205,0.2917635650807544,0.105940968191711,-0.04363629302966938,0.13503840104559164,0.12673286429555985,0.02157008050002944,-0.04829766554500367,0.1485135839158232,0.21800247756891275
2025-10-13 20:00:00+00:00,0.2644318479190668,0.2858164025918601,0.11942126137446668,-0.06944054818067988,0.11568031589839596,0.14376225448501384,0.01854764451402279,-0.05143124424559778,0.13716639649189352,0.22207689850055545
2025-10-13 21:00:00+00:00,0.25371862220399716,0.2838430817616243,0.13684385202346666,-0.0888435558931359,0.09373085341005233,0.1713003933288519,0.01242422213061458,-0.0576814679487877,0.1485135839158232,0.22611048386563426
2025-10-13 22:00:00+00:00,0.24209939420468268,0.28086528937225985,0.15471486195482423,-0.11243543105254691,0.07640750712327525,0.19176652935293936,0.009294617206854153,-0.060574627598920586,0.1485135839158232,0.22611048386563426
2025-10-13 23:00:00+00:00,0.2340527739529961,0.2739157183830411,0.15471486195482423,-0.1227085581026441,0.07013260279128763,0.21856068097380923,0.006143391618083453,-0.06315980388542282,0.1485135839158232,0.23960729730755737
2025-10-14 00:00:00+00:00,0.22473649731226364,0.2739157183830411,0.17961820989960453,-0.12499551091933947,0.051058910509277064,0.26923994761923636,0.006143391618083453,-0.06315980388542282,0.16612146421517288,0.24704095652254632
2025-10-14 01:00:00+00:00,0.20934935781074748,0.2739157183830411,0.21574801248561404,-0.14552706390497588,0.012118249332640824,0.29410900230799714,0.006143391618083453,-0.06315980388542282,0.13991189486541158,0.24704095652254632
2025-10-14 02:00:00+00:00,0.2055416910498579,0.29484907712550945,0.3435822761551622,-0.16084217262899414,-0.0015242346583914433,0.33668432019303474,0.022804026285042654,-0.05476584181520521,0.11911453069498254,0.2610426615193349
2025-10-14 03:00:00+00:00,0.2055416910498579,0.29484907712550945,0.3435822761551622,-0.11655770757076277,-0.0015242346583914433,0.2822954974102112,0.022804026285042654,-0.05476584181520521,0.11911453069498254,0.2610426615193349
2025-10-14 04:00:00+00:00,0.22573334182219865,0.3058149589566248,0.3077758914845039,-0.06997789185712533,0.013802271705005606,0.25942610416091794,0.046757955377607956,-0.036376866939055556,0.17750911914127926,0.2662146381955035
2025-10-14 05:00:00+00:00,0.22573334182219865,0.3058149589566248,0.29389203861104873,-0.034219176991479916,0.04254587175417541,0.2162334233804685,0.06222757728150158,-0.020211040086986556,0.21029997939955963,0.25678486040404946
2025-10-14 06:00:00+00:00,0.23657289431958592,0.31210698515689383,0.2633458995955089,0.014629826055193666,0.09514182551473145,0.17294837070564414,0.10382778085940993,-0.00452795199351473,0.2487617162569868,0.25678486040404946
2025-10-14 07:00:00+00:00,0.24734992742881068,0.3300293253487428,0.2633458995955089,0.07176677563144426,0.13177901299651532,0.15277333554167347,0.12062162508070208,0.0060109207733524935,0.2871081634059314,0.25678486040404946
2025-10-14 08:00:00+00:00,0.25202419128774445,0.3325074940320009,0.25928148942083157,0.10584278993051875,0.16850891337925503,0.12133095639744156,0.12624046744061626,0.005840533050756733,0.28558151911453467,0.24680776225824647
2025-10-14 09:00:00+00:00,0.25202419128774445,0.33714502634736415,0.25928148942083157,0.12430325351574359,0.1811286656289614,0.10122120165866134,0.13663998242731673,0.01817805090818354,0.3028542620299954,0.24077165834616554
2025-10-14 10:00:00+00:00,0.25202419128774445,0.3406265606005047,0.2480755543092823,0.13900762365970526,0.1896839835809873,0.09208106702443204,0.14322241320796303,0.03006267520242163,0.30913515103622824,0.2345850223948515
2025-10-14 11:00:00+00:00,0.2564951723255481,0.3406265606005047,0.2366571951222547,0.1556740822445148,0.20210526434805098,0.07142429048968796,0.1540712350660393,0.03691821440260197,0.31539596142022513,0.23087262567090092
2025-10-14 12:00:00+00:00,0.2549037759752706,0.3381768374904562,0.2366571951222547,0.1509889942239793,0.1984174218146939,0.07235979913008446,0.15107718606747716,0.03445867055738919,0.3164606486975103,0.23367629286552674
2025-10-14 13:00:00+00:00,0.2549037759752706,0.33455730963002794,0.2366571951222547,0.14792154234889324,0.19729443985527223,0.07272359309745617,0.14910816227315582,0.032753859083901465,0.31762465163874304,0.23443713827126325
2025-10-14 14:00:00+00:00,0.25334631269098656,0.3333557438910515,0.2366571951222547,0.14411587735785858,0.1954116554292085,0.07624454150921736,0.14847884946055329,0.031948369741481665,0.31762465163874304,0.23526217778036
2025-10-14 15:00:00+00:00,0.23554342194732444,0.3257894779016846,0.24597383792512592,0.12930478453504649,0.17738540476178596,0.08760821600469383,0.14459853852563584,0.029117583840178173,0.30384604952325284,0.23632470518475898
2025-10-14 16:00:00+00:00,0.2283081607674551,0.31538338989639636,0.24597383792512592,0.09906123947898313,0.15832627983079825,0.10036836515278742,0.13324698062646467,0.01758106057472496,0.29507982197992194,0.23632470518475898
2025-10-14 17:00:00+00:00,0.21516370985385466,0.2987830942086805,0.2164513362022316,0.07173132701390662,0.134182668627964,0.12314247554292443,0.11929972116554316,0.008953325555412716,0.2862547632688648,0.23632470518475898
2025-10-14 18:00:00+00:00,0.20428408834426787,0.29085056345658833,0.2164513362022316,0.046445736138649676,0.11536299702532016,0.14499417590065347,0.1112276934570549,0.00022315771519308494,0.2640186497789931,0.23632470518475898
2025-10-14 19:00:00+00:00,0.1926168780743023,0.28659591281223895,0.2164513362022316,0.021210737306648682,0.0938813407332994,0.15712812823118616,0.10340388504397431,-0.005683587981300946,0.250215078687787,0.24064570178240868
2025-10-14 20:00:00+00:00,0.17862093958400144,0.28502956633663823,0.2164513362022316,-0.007267755927663888,0.07421154506471005,0.17801081689195833,0.08823235983932813,-0.01469049212940093,0.23595027655024062,0.2449286644444141
2025-10-14 21:00:00+00:00,0.16373491389781414,0.2834912483637481,0.2309380603873715,-0.03642658651175721,0.05342760160382851,0.18996233307069144,0.06876216905759679,-0.027055856436525656,0.22112743243401795,0.24917544284934523
2025-10-14 22:00:00+00:00,0.14549671131310993,0.27932395754232076,0.2309380603873715,-0.06643809055578338,0.028277666962479017,0.2260368818470696,0.048624803627684156,-0.04480585725634076,0.1968665049659738,0.25338778284765334
2025-10-14 23:00:00+00:00,0.1366153713433691,0.2681111737656241,0.2039127830410833,-0.08444068893294394,0.007210749065882115,0.24270378991895256,0.03414009635891134,-0.05311679087960429,0.1725050897540228,0.2654369223271828
2025-10-15 00:00:00+00:00,0.12667015085587502,0.24666815644442852,0.2039127830410833,-0.09940881187182174,0.0012095227656926876,0.24270378991895256,0.027178837964212246,-0.058231569020142905,0.14196823007695838,0.2747765040862227
2025-10-15 01:00:00+00:00,0.12667015085587502,0.2216964577171687,0.2039127830410833,-0.12387250301167063,-0.01589896448960601,0.21501069248885848,0.00824703364083934,-0.06862385337214699,0.11741407438455417,0.3222059923513904
2025-10-15 02:00:00+00:00,0.12667015085587502,0.1975089330444494,0.2039127830410833,-0.16737742469839686,-0.04954974767993574,0.2381656921115731,0.0020991893502753235,-0.07896267383109341,0.06785041903902159,0.3742329320798349
2025-10-15 03:00:00+00:00,0.10677404721366122,0.22382677879043272,0.28687194413181,-0.08460820835288001,-0.010353580061960868,0.17765246581726296,0.01876334963319027,-0.07896267383109341,0.09943989120626663,0.3358175012543523
2025-10-15 04:00:00+00:00,0.11905884341346741,0.24901640352654109,0.2810296518311964,-0.03372991642881491,0.02358355464517264,0.16333514431284582,0.05158202979542163,-0.05673620286864533,0.1481633606667072,0.31729269386002645
2025-10-15 05:00:00+00:00,0.11905884341346741,0.264081911489124,0.3077203363258552,0.010021786970941584,0.06826862380901198,0.1421545317638296,0.08174196706937721,-0.05673620286864533,0.1917683656971604,0.296247030229277
2025-10-15 06:00:00+00:00,0.11905884341346741,0.28086137580583664,0.3077203363258552,0.0678758608428,0.13220509728611848,0.12095467924834467,0.10840150037190968,-0.04736264790521039,0.21618831912475467,0.27394093376367673
2025-10-15 07:00:00+00:00,0.13436891446729288,0.30184504159685266,0.33375071337612244,0.11968956445613432,0.20490704341559965,0.07687552044018582,0.12553522262970532,-0.0284161113776115,0.2624708035303097,0.2590252307369952
2025-10-15 08:00:00+00:00,0.13931280121369816,0.3063048910688233,0.3290253078636806,0.1451329187967096,0.23845255390018957,0.06237061651199986,0.12812547067203456,-0.026482304521476055,0.2707795797952344,0.2341882175552365
2025-10-15 09:00:00+00:00,0.14703497435125482,0.31284074172604764,0.3378815791623772,0.1685704234434589,0.27274806018585895,0.05280565025564597,0.14001064700396132,-0.0198406642730948,0.28635980430162333,0.22720193641095607
2025-10-15 10:00:00+00:00,0.16130864659328878,0.318276695927015,0.34673954262776885,0.19484658408078664,0.27919209494901676,0.044088006488863234,0.1561680091156709,-0.01062803195797998,0.29605023174737016,0.22720193641095607
2025-10-15 11:00:00+00:00,0.16771741846351654,0.32377431195276046,0.34673954262776885,0.2184624796146712,0.2886108102254164,0.02487339414811311,0.17271080026171493,0.000999398364245172,0.3057964339336551,0.22218466641309403
2025-10-15 12:00:00+00:00,0.16667133749893315,0.3243925236184437,0.34673954262776885,0.2170372167975692,0.2876593248403756,0.027434856621499065,0.1721798233353708,0.0,0.3057964339336551,0.2226097121802608
2025-10-15 13:00:00+00:00,0.16570927358574833,0.3250380193699171,0.34673954262776885,0.21829362921525436,0.2876668866665749,0.029969621036376133,0.1717739606751166,-0.0010176664462419758,0.3012258400395679,0.22116202841773824
2025-10-15 14:00:00+00:00,0.16483280386607768,0.325711521339079,0.34673954262776885,0.22100086682397832,0.28692538024363123,0.03155699276624003,0.1715764709703615,-0.0024109439389505593,0.3057964339336551,0.21979417281537306
2025-10-15 15:00:00+00:00,0.1584615869717184,0.3270100766701282,0.34761247971732107,0.2084989738371619,0.2764952693897367,0.03807886552946719,0.1690412962323953,0.000306633528500399,0.29798127656309337,0.21695529892223991
2025-10-15 16:00:00+00:00,0.1419759934596347,0.3228059676872747,0.34761247971732107,0.18583819421727957,0.2599082794244587,0.05154075623266595,0.15801399344188685,-0.008984013385891726,0.2910653909158048,0.21695529892223991
2025-10-15 17:00:00+00:00,0.1419759934596347,0.31859063279627,0.34761247971732107,0.16183662437225077,0.23986333215830785,0.07728985906696725,0.14992705922654037,-0.01847310156592499,0.2840773636413109,0.2226958311054449
2025-10-15 18:00:00+00:00,0.1419759934596347,0.31436329516896916,0.33898247857746877,0.1382560932144328,0.22288716641604078,0.07728985906696725,0.1446671071988023,-0.028286235389531754,0.2840773636413109,0.2283708009433304
2025-10-15 19:00:00+00:00,0.1419759934596347,0.30714384370243647,0.33033658146404815,0.1120150887631574,0.2089612296796781,0.10272580346875501,0.13932066229492188,-0.041752000517598184,0.2770107015632769,0.23398421078712006
2025-10-15 20:00:00+00:00,0.13726994389746675,0.3024637673833024,0.3216784587423541,0.08422869336458393,0.199043629054691,0.11411428749068805,0.13388236098680484,-0.0523134763884175,0.2698583918674127,0.23953978864688172
2025-10-15 21:00:00+00:00,0.13399314986089644,0.2978013165705343,0.29794167989868015,0.05327499071323473,0.1845218275050532,0.11411428749068805,0.12585715013743004,-0.06325989947844789,0.2698583918674127,0.23953978864688172
2025-10-15 22:00:00+00:00,0.11903562604550086,0.2931637088938197,0.2751300632866558,0.02668149383868384,0.16796775328676006,0.11411428749068805,0.11575096456612863,-0.07005941916412957,0.3069149785156179,0.24504101429183
2025-10-15 23:00:00+00:00,0.1090673713745205,0.2990038353480399,0.25314006152258217,-0.007848702875128783,0.16796775328676006,0.12795047430505538,0.11575096456612863,-0.07005941916412957,0.2920174821502215,0.24504101429183
2025-10-16 00:00:00+00:00,0.14808942348472792,0.3338243239269336,0.27624764388805445,0.0028913812626094344,0.21801343231601958,0.16516777665914187,0.16681443239124463,-0.0024100721193175026,0.29794866972082384,0.28799740876693636
2025-10-16 01:00:00+00:00,0.17975364951938338,0.38937365642320276,0.3007268431665132,-0.005832292018108705,0.2246867085979139,0.21976622475904736,0.20173351272918308,0.042381992536548056,0.3258976565073178,0.35389099362079474
2025-10-16 02:00:00+00:00,0.21036533041975206,0.4252084113755897,0.3100262639711165,-0.019208000923463576,0.2588345278898177,0.2643859790019831,0.23473895096984582,0.0754442376648474,0.324922028068777,0.4152117281069515
2025-10-16 03:00:00+00:00,0.2214925203003486,0.4130084910046019,0.3032127667079438,0.022725510479288,0.2897453382383962,0.2121187284640364,0.24746664437002272,0.08202470055541326,0.3000114693165591,0.3979142736114363
2025-10-16 04:00:00+00:00,0.22244402037802788,0.40868702676702295,0.3281556585548277,0.07730686084721516,0.3216291894175334,0.1927150204876388,0.25031750587748597,0.07972443304711975,0.2929465479172958,0.38650888078629697
2025-10-16 05:00:00+00:00,0.24013820471412872,0.4049693525757626,0.3451580414687599,0.11512461345553268,0.3536766977442465,0.18213318034783374,0.25349595720021634,0.08234579213533001,0.2909663760888977,0.37947078372153054
2025-10-16 06:00:00+00:00,0.2659340659343767,0.39459597522479145,0.36293361359809817,0.15597430269113485,0.37951162215226825,0.18462726300015236,0.2612736173126394,0.10560081897202288,0.30015345098912044,0.3723750417129142
2025-10-16 07:00:00+00:00,0.2931647585156581,0.39935327154968653,0.38152499530551354,0.22346371824917613,0.41923514250538146,0.1958125911540508,0.2910237859107515,0.13388350122625914,0.28530542256861385,0.3802959979367544
2025-10-16 08:00:00+00:00,0.30436509669263556,0.41104419036611434,0.391926040245068,0.2763648714140614,0.45643791552491525,0.1958125911540508,0.2950981233081416,0.14044869546976285,0.28530542256861385,0.3708571683001997
2025-10-16 09:00:00+00:00,0.3105954120523673,0.4230532917513674,0.39819684854064097,0.32061015874495113,0.4749118080326562,0.19295775110276497,0.31504712726936457,0.1528062731286402,0.27898855999851935,0.37612902103110196
2025-10-16 10:00:00+00:00,0.3158101459192897,0.4282045250403562,0.39987187807867297,0.33274532373821036,0.4700935181883228,0.19467054310880333,0.32247201757393057,0.14927326580289688,0.26352313834736574,0.3739580720632795
2025-10-16 11:00:00+00:00,0.3214041200325166,0.42771312042813353,0.3908430288753045,0.35667969478912964,0.47621156657390407,0.19641115074018606,0.33022330862684646,0.15175032971289817,0.26878064143069225,0.37933718294296925
2025-10-16 12:00:00+00:00,0.3205664472833295,0.4273263755726156,0.3908430288753045,0.36196529583778675,0.47773017598199763,0.1955783250420765,0.33038416308328544,0.1511709526505218,0.26878064143069225,0.37933718294296925
2025-10-16 13:00:00+00:00,0.3152885594872457,0.42371066639967125,0.39470761161735896,0.3694670047776912,0.4768905379756904,0.20761613837192175,0.32969351695399024,0.15690945706109408,0.27974439642595456,0.3821114435810302
2025-10-16 14:00:00+00:00,0.3103869029097226,0.42620487068532004,0.4025757023253529,0.37888800098069675,0.48825827478094885,0.21898822223600564,0.32926857397302256,0.16293595840959202,0.28562380510842766,0.39236105583326586
2025-10-16 15:00:00+00:00,0.3007703071285433,0.42620487068532004,0.383104635386008,0.363874957973891,0.48825827478094885,0.2355069783790062,0.3231177475251055,0.15986157629250733,0.2707504167353475,0.4004557696778803
2025-10-16 16:00:00+00:00,0.2690795406915388,0.3996899024360072,0.3526466335944408,0.3442673469781128,0.4686349803392005,0.22815924038457214,0.29440038104234106,0.13778686308419485,0.27360784000801613,0.3744709077536489
2025-10-16 17:00:00+00:00,0.23922947507577805,0.37504317375288687,0.35625120261468607,0.3209655597679051,0.4343447450968642,0.18577091694310738,0.2544643062325267,0.1126874947212285,0.2394286764152486,0.3277160425053638
2025-10-16 18:00:00+00:00,0.18484550495919705,0.3306333676281841,0.3265645079946309,0.27378280179784104,0.36725422339007846,0.13412505949974607,0.2054607955428471,0.08198436291325815,0.20695656964399495,0.2847707379766528
2025-10-16 19:00:00+00:00,0.1333921131367108,0.3013685861809679,0.2982123387340681,0.22100878395241555,0.33143971091172425,0.11853425909251786,0.16729686675592165,0.05501709147402253,0.1852077577653423,0.25176173391817935
2025-10-16 20:00:00+00:00,0.07759574459815485,0.2565958905344102,0.2674762592955019,0.15004718466648903,0.2599641151745036,0.1018006658510869,0.12787019029513894,0.02718672162275819,0.16373047024601153,0.2191425311293518
2025-10-16 21:00:00+00:00,0.012560792186905232,0.19633409156967305,0.24705313049084443,0.05799360268885863,0.16096775786164058,0.06375564657785907,0.09654603178870656,-0.002128310017657634,0.12832510359661894,0.18683469462298302
2025-10-16 22:00:00+00:00,-0.023754884023868654,0.15226432125127232,0.226875667622255,0.008341859400137326,0.14439760009591096,0.04272803606654102,0.0827395397123191,-0.007566548084535043,0.106099975958156,0.16338475412710626
2025-10-16 23:00:00+00:00,-0.046189989434795006,0.13819526198196663,0.23166171201396019,-0.036674002201058514,0.13206851827318689,0.04118597248492403,0.08914824582210958,0.0064520605120623855,0.10318787407351783,0.15109975523550176
2025-10-17 00:00:00+00:00,-0.01510619437897313,0.17411259244736613,0.26038346560175096,-0.031494226693095,0.1399271358503187,0.0595459661633352,0.13290230799165922,0.04976473572088032,0.1014755922613059,0.18110728067873463
2025-10-17 01:00:00+00:00,0.013397698475379357,0.2140826844240905,0.25160050223823793,-0.031209208253391647,0.1472832773075752,0.09320850160017534,0.16234225613576528,0.09070803567359863,0.12375771325396932,0.23647632573162614
2025-10-17 02:00:00+00:00,0.04421720048936735,0.2559544142973121,0.24163739175901996,-0.032111901456114464,0.17932357521657313,0.133358260651975,0.19180697102200595,0.13232543362018787,0.14515230526692305,0.29677596928977723
2025-10-17 03:00:00+00:00,0.03758011093155621,0.2353196740264857,0.22692768097293042,-0.04226634198464664,0.17341150849024614,0.10610433794470388,0.1785892238459535,0.10781167409161951,0.13663702334251668,0.2667180304959959
2025-10-17 04:00:00+00:00,0.011825655783902912,0.21379330357942986,0.2528520537365668,-0.03244654963917503,0.1908412029601958,0.07638658777158835,0.15805082809717363,0.08144477494703974,0.09803826780158628,0.23413960273789602
2025-10-17 05:00:00+00:00,0.003966505453496246,0.19418536169221576,0.23530114081356981,-0.03173948639488129,0.18885676849684319,0.07574158489287927,0.14166090905444073,0.06315133034644287,0.06833225106517267,0.21155433843055377
2025-10-17 06:00:00+00:00,-0.003993176610691888,0.17738006231309433,0.24288712521441608,-0.030651649145512373,0.18535172723379115,0.0751212358118654,0.13401327016214923,0.07744353443719229,0.055856527683010915,0.188767499710228
2025-10-17 07:00:00+00:00,-0.015836524792952302,0.17495727832374225,0.2517764770822446,-0.03651415892654612,0.176598798538544,0.05463235884295971,0.15826843882666958,0.09905268117398687,0.043231268217470004,0.1973799431699926
2025-10-17 08:00:00+00:00,-0.0077005340802304475,0.18426265772779613,0.270282745184582,-0.01755531260035377,0.17465290416904303,0.059219651800439706,0.182960887813057,0.12730215853552643,0.05908241236511415,0.2062128413648427
2025-10-17 09:00:00+00:00,-0.003572540535426001,0.18830576315709677,0.2786613888219055,-0.011837444981928718,0.18042174526245364,0.05140457830229924,0.18877600351770232,0.1272978454516705,0.05884763022172155,0.20633556492397934
2025-10-17 10:00:00+00:00,-0.011315932748827631,0.18341256588299362,0.2684474065935477,-0.030927458259144024,0.1576455051126169,0.022536015979623496,0.19273140720003942,0.10498550413760717,0.02424992383246997,0.1667381733534753
2025-10-17 11:00:00+00:00,-0.018970949688144147,0.17865873394725793,0.2596000241211046,-0.03983682931481146,0.14912445555769216,0.0022102375707058457,0.18531345333343463,0.08830688051448538,0.011480519047820444,0.12943662162944974
2025-10-17 12:00:00+00:00,-0.033254237452206854,0.17854095055402716,0.24299177384277246,-0.04410259859504887,0.14952632847251437,0.0016472676352904136,0.18822077905833942,0.0992151271194595,0.0,0.11073516274845692
2025-10-17 13:00:00+00:00,-0.057425589024983466,0.17406734817101166,0.25577689551872673,-0.05444007058298125,0.15599508946283155,0.02640006120540105,0.18786988709265223,0.10774915607554536,0.014944736599059502,0.08126037147705428
2025-10-17 14:00:00+00:00,-0.07996794105827608,0.16710909088603915,0.2682800160081351,-0.04658126289551556,0.15325855688093676,0.05374280966702248,0.18555356334858183,0.11181923652729141,-0.0012865949672629922,0.0711732362728989
2025-10-17 15:00:00+00:00,-0.07329936442492553,0.14994467852306925,0.23597729737525802,-0.04374633774158222,0.16388959831205444,0.05242202170028322,0.1803094785205797,0.11346203780553933,-0.0069023652353409565,0.0672793969134034
2025-10-17 16:00:00+00:00,-0.05874783170313978,0.15462599830623486,0.19798377134696837,-0.04324043854908681,0.17106465033188747,0.021814707922822186,0.16923236945306264,0.0953297673116532,-0.03607717882994091,0.07818071127530672
2025-10-17 17:00:00+00:00,-0.04474764308516452,0.14557435194506044,0.22504340680542678,-0.06724826509238634,0.14823031578168835,-0.022812555107362943,0.14141918691819028,0.06960476169669622,-0.06439484161260345,0.061346303339379765
2025-10-17 18:00:00+00:00,-0.05946696703107343,0.1090172050629686,0.18898675162816678,-0.11775509615230395,0.10313564026885491,-0.0662317745392684,0.09839942956004397,0.03161854729275168,-0.042017564269438985,0.027682516154084374
2025-10-17 19:00:00+00:00,-0.09213306598947435,0.05866788028113935,0.16414578972797317,-0.15990765551776434,0.07302926615776922,-0.08043508010694637,0.06320864402518322,0.013628018271351452,-0.06336583151849902,-0.003740422054714711
2025-10-17 20:00:00+00:00,-0.11570638339973345,0.0022964837067843105,0.1623036649214214,-0.19164920270517455,0.0176969441424765,-0.11248424361235178,0.027336997779259,-0.009927505875538319,-0.06684095890291616,-0.03518153299572315
2025-10-17 21:00:00+00:00,-0.14919329912264054,-0.05418408464474061,0.14061049958913407,-0.21866008170123688,-0.03771121805885484,-0.10972337344981743,-0.004211380344164271,-0.03852111635172766,-0.08889321802434877,-0.06671045658873166
2025-10-17 22:00:00+00:00,-0.16964720257102311,-0.09534517112181817,0.13563835201651223,-0.23651228229747245,-0.052136153743248655,-0.14206395010258976,-0.010770052518338355,-0.02577204695212072,-0.09029332741642791,-0.09839783079276754
2025-10-17 23:00:00+00:00,-0.16035030627238056,-0.09678713253465064,0.15684569058399814,-0.21518872624200022,-0.030617195228397884,-0.08590346847634522,0.029892076791563492,0.011933318657777607,-0.07429379554647003,-0.09148251703286997
2025-10-18 00:00:00+00:00,-0.11862668770263532,-0.074245773957561,0.17830964759398168,-0.1864387237263888,-0.0215511909499963,-0.03133931155081354,0.06568131414306287,0.06775753064894141,-0.02035130815171621,-0.03344014996469079
2025-10-18 01:00:00+00:00,-0.08716165808172205,-0.04009112240910159,0.15721188799528882,-0.1907388028712255,-0.02842673438222339,0.04180687281849636,0.11356796219442426,0.12522224174906305,-0.004128737157584897,-0.002454017948347531
2025-10-18 02:00:00+00:00,-0.05596598544957399,-0.002372570920273234,0.12961876027101837,-0.1684001343897107,-0.0011689444225866526,0.04659335217839096,0.15447461355334338,0.17592069834159338,0.051350202237192555,0.026914709586435707
2025-10-18 03:00:00+00:00,-0.07474844219692658,-0.03393180958259057,0.08109019438677978,-0.2047626782181226,-0.030646585066153344,0.0448255332090949,0.13110333727272183,0.15418372415076437,0.04189677176244379,0.0121274809227027
2025-10-18 04:00:00+00:00,-0.09333162066714361,-0.06639167112216056,0.10997457896847516,-0.21818622108163616,-0.04394214343573256,0.013442241793429375,0.09930346601809642,0.13130922789218716,0.0351247332501432,-0.0015892708764294855
2025-10-18 05:00:00+00:00,-0.11730450667807107,-0.0895904581741178,0.10828245128693292,-0.23973344219622886,-0.05280468996326447,0.0104942926570529,0.07548387002538348,0.13228709627442634,0.01535522312109398,-0.026611748958202706
2025-10-18 06:00:00+00:00,-0.12732462947460416,-0.10513888976165776,0.13112164413773875,-0.2559730283590999,-0.05229779435862479,0.016773309110317297,0.08189651075640132,0.1539637322516029,0.02213578375220666,-0.04998222364735673
2025-10-18 07:00:00+00:00,-0.1236831182084998,-0.099901026038287,0.11566298639325873,-0.24096637226069936,-0.0435612008079212,0.04044188254063683,0.1052633312527193,0.1758961916143833,0.0211235761340343,-0.04890908503893729
2025-10-18 08:00:00+00:00,-0.11494714281247789,-0.08210411114026683,0.1388535180521737,-0.22074677067955414,-0.03318020703837916,0.04549795555851562,0.12890217755284455,0.1981169849893091,0.036799851372142915,-0.031274733424711924
2025-10-18 09:00:00+00:00,-0.11621167032477,-0.06322475922818548,0.15193948531641804,-0.19866219417627484,-0.024871109295581784,0.041391596359556776,0.14851282479534159,0.21746509680719703,0.011038799366495364,-0.03104319470809851
2025-10-18 10:00:00+00:00,-0.11849464124712923,-0.06402859001143035,0.12637807893061026,-0.20453848157555787,-0.02893246564375149,0.02621968954049133,0.1495752744191456,0.21835796446219546,-0.0008463902944737175,-0.038982517940381725
2025-10-18 11:00:00+00:00,-0.12221524115296671,-0.05767973398762369,0.11853315847513266,-0.20971564051954433,-0.035264420438221894,0.022340472317480712,0.1532265564111053,0.21880687833681797,-0.009233294318090425,-0.04976822034162665
2025-10-18 12:00:00+00:00,-0.13375212668554426,-0.05436382308376915,0.10083842776359742,-0.20454786232794078,-0.030750755503666648,0.03344390700934122,0.15985043631996138,0.21377060754699495,-0.020062370547884404,-0.06270174960404894
2025-10-18 13:00:00+00:00,-0.14482690393022482,-0.05110437597555099,0.11112313709938133,-0.20130855494981495,-0.019859408287771437,0.04439046968456871,0.1662187177579012,0.21756042194868366,-0.0379391408340759,-0.07887851103803499
2025-10-18 14:00:00+00:00,-0.14589462756254723,-0.047898575537741045,0.12127811805869257,-0.20055104180480965,-0.015826834189048317,0.06146346428283273,0.17035645488964798,0.21717740121410353,-0.04806899590697004,-0.09461767838775194
2025-10-18 15:00:00+00:00,-0.14599802728390365,-0.044448409398902086,0.08654847632144799,-0.18456832904415094,-0.022274309676518035,0.05871284462880958,0.17663941980568373,0.2117233157477997,-0.05095724617628904,-0.10793954432041408
2025-10-18 16:00:00+00:00,-0.11932303112722431,-0.05502465886188966,0.04166505257039084,-0.17922830563468117,-0.03181912375155486,0.03504246014222756,0.16079748997352944,0.18359019790469253,-0.055439385595014434,-0.10137166132972611
2025-10-18 17:00:00+00:00,-0.12128511273338341,-0.0654535395573705,-0.0021705459749513266,-0.2072785628736801,-0.04027692955491649,-0.006120932318587009,0.12360453077688856,0.14683449191709572,-0.08925339417277736,-0.133838751775354
2025-10-18 18:00:00+00:00,-0.15121164885408928,-0.08870264808287688,-0.04518814147559269,-0.24120789937191744,-0.08040984459669957,0.0020227048630041427,0.08279590752475745,0.11514323109667327,-0.11903892094607717,-0.1670914961223412
2025-10-18 19:00:00+00:00,-0.17919389204473374,-0.10379109041434609,-0.05603281538994244,-0.2655935488962858,-0.10854751402996878,-0.028424301308937295,0.05318854238330353,0.09148752958091669,-0.14706009960751612,-0.2030922075095852
2025-10-18 20:00:00+00:00,-0.2304827500397007,-0.13495855767756804,-0.08977159307549584,-0.28992425368297026,-0.1387868246595363,-0.05914833298257959,0.027627532284819695,0.06205717682449035,-0.1612163724192556,-0.2395560904232796
2025-10-18 21:00:00+00:00,-0.30501595622506134,-0.16978312461016687,-0.07123049635257458,-0.320382485350734,-0.16438706975812106,-0.053316762492417825,-0.0027168227569275946,0.03699417409843696,-0.22005322338921904,-0.2765806133453111
2025-10-18 22:00:00+00:00,-0.32882376357514115,-0.19916996832478345,-0.030901829701391128,-0.33842342228919126,-0.17101734640907681,-0.06125977225577778,-0.006781457868213138,0.03616795981505167,-0.25163197734145126,-0.3142703208207998
2025-10-18 23:00:00+00:00,-0.3264327248199865,-0.21248927322137362,-0.013304865431621547,-0.3154883128734682,-0.16652005703883946,-0.05499718587039275,0.02390565636797831,0.08172836393813045,-0.24475075852543848,-0.3172675569462143
2025-10-19 00:00:00+00:00,-0.33874710907815536,-0.2462185237574366,0.0,-0.3255851732411681,-0.21429935910481593,-0.07035326685728789,-0.0008755846473468935,0.04679860397073361,-0.2503065464759259,-0.3264008259761507
2025-10-19 01:00:00+00:00,-0.3263098945348538,-0.2745979715510071,-0.0386506647748197,-0.3255851732411681,-0.22499388080256896,-0.08381209536790368,-0.008888937662295465,0.03845940220254175,-0.23122303873371422,-0.33576616924276426
2025-10-19 02:00:00+00:00,-0.33108944283376873,-0.2989305178565965,-0.04716572362348268,-0.3413348806157581,-0.255744470909949,-0.10352688407517736,-0.028411760684419023,0.024454862051599205,-0.23491053780325116,-0.33953713890535553
2025-10-19 03:00:00+00:00,-0.3357540281375739,-0.3137962566450729,-0.05617447956902632,-0.35156463987958136,-0.2817081941442627,-0.10679000820869364,-0.04247631010753886,0.009424850417397018,-0.21949205842635985,-0.33799461343346365
2025-10-19 04:00:00+00:00,-0.3307169377239153,-0.3219963395964871,-0.058529568285613995,-0.35468160306096347,-0.28603646940587873,-0.11063938673338115,-0.04332659217659422,0.008256499638483522,-0.21400082222943353,-0.3297589364819859
2025-10-19 05:00:00+00:00,-0.3380033854000699,-0.3322790478017271,-0.050869382511056174,-0.3580958844042773,-0.28345133719448473,-0.10615962792671248,-0.0467221982762902,0.007011526326789889,-0.20897090006503313,-0.3367177120442058
2025-10-19 06:00:00+00:00,-0.3420696887774448,-0.3353575231410157,-0.043800747262087665,-0.34613858787548585,-0.275618823616253,-0.09815944867354859,-0.03777817097366336,0.016875267149776035,-0.19822783525798165,-0.34106815517784755
2025-10-19 07:00:00+00:00,-0.3418554965645516,-0.3242954891550476,-0.03729960851430595,-0.32602853119508185,-0.25786503195305166,-0.09504466746349162,-0.02800704900925017,0.027429945412850723,-0.17196065065137456,-0.3396321442296281
2025-10-19 08:00:00+00:00,-0.3351731609026183,-0.310694984570544,-0.0313447625261272,-0.3065169565449724,-0.24071909176908324,-0.09883757784849996,-0.017796262554386873,0.0379441609506707,-0.16336740012279458,-0.32679817909718556
2025-10-19 09:00:00+00:00,-0.34152288451675716,-0.3047585583315883,-0.0313447625261272,-0.3020242816114381,-0.23088882754778214,-0.07950507544299623,-0.014863825905219832,0.041020386556462,-0.16336740012279458,-0.32679817909718556
2025-10-19 10:00:00+00:00,-0.34152288451675716,-0.3047585583315883,-0.0313447625261272,-0.299471185535081,-0.22603332873457585,-0.06872655441277026,-0.012004522955936837,0.047688908176416495,-0.1562523570554058,-0.32679817909718556
2025-10-19 11:00:00+00:00,-0.3393900437546142,-0.29753443765035936,-0.0386766895256522,-0.28945471657603195,-0.2121528300387456,-0.04924072706489537,-0.0063448873232032025,0.04522942029103083,-0.15784667989384235,-0.3287557853271349
2025-10-19 12:00:00+00:00,-0.3373469866926325,-0.3006427731275946,-0.01687137389712496,-0.2798976406500746,-0.20246377555842615,-0.04057638965338827,-0.0008844622133030385,0.05001194293210976,-0.16987221841492686,-0.31962202988183397
2025-10-19 13:00:00+00:00,-0.3373469866926325,-0.3006427731275946,-0.01687137389712496,-0.2720004656640903,-0.18865291875615336,-0.04057638965338827,0.005353386569398351,0.05001194293210976,-0.16987221841492686,-0.31962202988183397
2025-10-19 14:00:00+00:00,-0.3501144217472012,-0.29586002855854954,-0.05266612034056615,-0.24608979161925046,-0.2054515372864555,-0.031856900218053735,0.013936953230935807,0.0443321392923787,-0.1579983610222155,-0.30316881727591877
2025-10-19 15:00:00+00:00,-0.34592863356991105,-0.2912938754316192,-0.05926571679668138,-0.22725640411179493,-0.2044797300785787,-0.03595630376704826,0.012790483424412313,0.038910027445623385,-0.18813752831411373,-0.30874146579604944
2025-10-19 16:00:00+00:00,-0.33206697940567453,-0.2912938754316192,-0.02313191977853245,-0.24718244858022248,-0.23118866618256598,-0.0641881908614055,0.004999446163676671,0.029810144255508216,-0.2134465129884294,-0.30874146579604944
2025-10-19 17:00:00+00:00,-0.33206697940567453,-0.2912938754316192,-0.05926571679668138,-0.27571794269391636,-0.24840707473005388,-0.0641881908614055,-0.002749956460593772,0.011723721335602268,-0.2134465129884294,-0.30874146579604944
2025-10-19 18:00:00+00:00,-0.32044545158496157,-0.2912938754316192,-0.05926571679668138,-0.30114432513297923,-0.26295017690698463,-0.0641881908614055,-0.002749956460593772,0.011723721335602268,-0.2134465129884294,-0.30874146579604944
2025-10-19 19:00:00+00:00,-0.31575181975411726,-0.2945407660640516,-0.06720627647580253,-0.3180850186197366,-0.2895746190067844,-0.08648495371109237,-0.011822096302341819,-0.002912559589034107,-0.22021021164658305,-0.31720911800191404
2025-10-19 20:00:00+00:00,-0.313266881254181,-0.2945407660640516,-0.06720627647580253,-0.32276455341620697,-0.2895746190067844,-0.10165830316939274,-0.007632094501789635,-0.007728821285957158,-0.22021021164658305,-0.31720911800191404
2025-10-19 21:00:00+00:00,-0.3062067478784597,-0.2945407660640516,-0.047536611053285674,-0.32276455341620697,-0.2889167684424232,-0.10165830316939274,-0.011822096302341819,0.00194645832029094,-0.22021021164658305,-0.31720911800191404
2025-10-19 22:00:00+00:00,-0.2990042292917962,-0.2945407660640516,-0.027802866043026182,-0.32276455341620697,-0.3094931334886976,-0.08648495371109237,-0.011822096302341819,0.006812243871572649,-0.2070534098074833,-0.31720911800191404
2025-10-19 23:00:00+00:00,-0.2836711321196851,-0.28352719804176146,-0.007969455822469754,-0.3021023341662025,-0.2963608975599003,-0.08648495371109237,0.009135498074251552,0.01650218864773411,-0.1937956668378387,-0.3129931658125844
2025-10-20 00:00:00+00:00,-0.2836711321196851,-0.2950715352559041,-0.007969455822469754,-0.3095418722790816,-0.27833765811272687,-0.08648495371109237,0.0050367555208337056,0.01650218864773411,-0.18042170307579405,-0.3129931658125844
2025-10-20 01:00:00+00:00,-0.28044719372039145,-0.3009619069006693,-0.007969455822469754,-0.3128615725833705,-0.2635155477873474,-0.08157695383809442,0.003426658628180875,0.015731094258870724,-0.18042170307579405,-0.30955360921576575
2025-10-20 02:00:00+00:00,-0.27729689781059685,-0.3009619069006693,-0.007969455822469754,-0.31626057587947093,-0.26043586715211753,-0.08157695383809442,0.0042436890077650205,0.01490342000890229,-0.18640868301480124,-0.30955360921576575
2025-10-20 03:00:00+00:00,-0.27729689781059685,-0.3009619069006693,-0.0038388886642274924,-0.31626057587947093,-0.2649741013964596,-0.08157695383809442,0.003426658628180875,0.014060228664760015,-0.18640868301480124,-0.30955360921576575
2025-10-20 04:00:00+00:00,-0.27729689781059685,-0.3091055599795371,-0.0038388886642274924,-0.31626057587947093,-0.26758951255109975,-0.08157695383809442,0.003426658628180875,0.014060228664760015,-0.18042170307579405,-0.30955360921576575
2025-10-20 05:00:00+00:00,-0.27729689781059685,-0.3091055599795371,-0.014839488646466451,-0.31626057587947093,-0.2660772843130287,-0.08157695383809442,0.003426658628180875,0.01716782021581449,-0.18042170307579405,-0.30955360921576575
2025-10-20 06:00:00+00:00,-0.27729689781059685,-0.31091644500321586,-0.014839488646466451,-0.31626057587947093,-0.26967606228791097,-0.0723043185545765,0.0008587431880834568,0.01716782021581449,-0.1863743915882529,-0.30955360921576575
2025-10-20 07:00:00+00:00,-0.26487179552147416,-0.31268553279874506,-0.014839488646466451,-0.31626057587947093,-0.26967606228791097,-0.06310658236258614,-0.0017251510623658508,0.01716782021581449,-0.17633486821323066,-0.30955360921576575
2025-10-20 08:00:00+00:00,-0.26487179552147416,-0.31268553279874506,-0.026082931843570856,-0.3125033851705122,-0.26967606228791097,-0.06310658236258614,-0.004332419294607922,0.01716782021581449,-0.17633486821323066,-0.302946219744364
2025-10-20 09:00:00+00:00,-0.26487179552147416,-0.31268553279874506,-0.03744562630134849,-0.3125033851705122,-0.2744317724198894,-0.04601368912051222,-0.006949664499609733,0.02317082585528,-0.1863743915882529,-0.29792698145449426
2025-10-20 10:00:00+00:00,-0.26487179552147416,-0.3028894742977711,-0.03744562630134849,-0.3073332313031086,-0.2744317724198894,-0.0031387467945696093,-0.019095492441580705,0.03780994120345965,-0.1863743915882529,-0.28142435448656655
2025-10-20 11:00:00+00:00,-0.26487179552147416,-0.3028894742977711,-0.03744562630134849,-0.3125033851705122,-0.2744317724198894,0.041860893799846914,-0.019095492441580705,0.05259283310032179,-0.1863743915882529,-0.254374807077142
2025-10-20 12:00:00+00:00,-0.23685440757764512,-0.3108087770692634,-0.011178399361599829,-0.30637988823442924,-0.26877112951341015,0.08462212949092503,-0.025136462955848902,0.05259283310032179,-0.1647719260353139,-0.23506472463370015
2025-10-20 13:00:00+00:00,-0.20413985202873722,-0.29972012115423163,-0.020775580284868318,-0.2884206167341852,-0.2573145550713039,0.0994928452041271,-0.024847548830151046,0.05174801507936345,-0.17664351682969115,-0.2021217196182341
2025-10-20 14:00:00+00:00,-0.15988918190438128,-0.2836326770404546,-0.020775580284868318,-0.26417744768269125,-0.2379029129375661,0.15693314172081352,-0.015123571804719075,0.06314961485252386,-0.10801760615644686,-0.17006347842016928
2025-10-20 15:00:00+00:00,-0.15988918190438128,-0.2528350049639933,-0.020775580284868318,-0.26417744768269125,-0.22841812601081246,0.21688630639873202,0.004279538529588989,0.05160115982738125,-0.10801760615644686,-0.15465800540606567
2025-10-20 16:00:00+00:00,-0.17685965110285845,-0.26735279402167306,-0.020775580284868318,-0.2744328118988828,-0.26227169570987496,0.21688630639873202,-0.011345099909033282,0.06107811959886294,-0.08322416020333402,-0.17732366384759976
2025-10-20 17:00:00+00:00,-0.19369044872661445,-0.28023225856167033,-0.054324019237461656,-0.2838407067048896,-0.27697844358639434,0.18790741484772383,-0.011345099909033282,0.06107811959886294,-0.08322416020333402,-0.18808715532479275
2025-10-20 18:00:00+00:00,-0.19369044872661445,-0.29127330770369825,-0.054324019237461656,-0.275300052581354,-0.27697844358639434,0.13085268613314638,-0.00355525565757329,0.07080899930522776,-0.10801760615644686,-0.18808715532479275
2025-10-20 19:00:00+00:00,-0.19264124598081045,-0.3064187564415377,-0.06285397909554509,-0.27788468242572983,-0.285734895032832,0.07540551055977943,-0.013108636685397069,0.058999858845666185,-0.1370233592319143,-0.19633650188307003
2025-10-20 20:00:00+00:00,-0.19928215793994056,-0.3064187564415377,-0.08073892949809283,-0.2724486484001693,-0.28100958213539756,0.06234503161750718,-0.013108636685397069,0.053641171584099714,-0.1589570213590203,-0.19633650188307003
2025-10-20 21:00:00+00:00,-0.19928215793994056,-0.3064187564415377,-0.08073892949809283,-0.27017024751474805,-0.27956460947238737,0.025275641262956804,-0.013108636685397069,0.053641171584099714,-0.1589570213590203,-0.2005509259077828
2025-10-20 22:00:00+00:00,-0.19264124598081045,-0.3018385252724593,-0.06065645771259816,-0.2609500174739306,-0.2841402202647548,0.025275641262956804,-0.0003862098202646591,0.06813411987769262,-0.1318938351883583,-0.2005509259077828
2025-10-20 23:00:00+00:00,-0.19264124598081045,-0.3018385252724593,-0.06065645771259816,-0.2523687367437566,-0.2966753649202194,-0.010048630226751646,-0.0003862098202646591,0.07621370624169972,-0.14401841305465998,-0.21352891941223462
2025-10-21 00:00:00+00:00,-0.20568166270614915,-0.29176600662539093,-0.06065645771259816,-0.2609500174739306,-0.2828754558111049,-0.022817513911778692,0.0038261996228632035,0.07621370624169972,-0.1589570213590203,-0.2308510213125718
2025-10-21 01:00:00+00:00,-0.21103039489465877,-0.28790122715434796,-0.06065645771259816,-0.2577605645300366,-0.2878677113944508,-0.028160505001283552,0.005250661019740178,0.07608975620194024,-0.1589570213590203,-0.23500903314435762
2025-10-21 02:00:00+00:00,-0.21666629860988432,-0.27889554073621853,-0.05292516355126151,-0.2577605645300366,-0.2850074349602804,-0.030677723974882724,0.006647307900148705,0.07612344100486157,-0.15447136238925957,-0.24258832261661498
2025-10-21 03:00:00+00:00,-0.22609574031682814,-0.27539202685062875,-0.05292516355126151,-0.2609500174739306,-0.28159563080087774,-0.03323305191170141,0.007337248881826356,0.07655273434779952,-0.1589570213590203,-0.25070398514993897
2025-10-21 04:00:00+00:00,-0.23636403793862615,-0.27539202685062875,-0.05292516355126151,-0.2609500174739306,-0.27947375109596223,-0.035829638094747034,0.008018703270233324,0.07699705185329593,-0.16688554857187077,-0.2594288190482973
2025-10-21 05:00:00+00:00,-0.2294283884461479,-0.2777410164947142,0.02920749464419983,-0.25961723153731625,-0.27947375109596223,-0.0276509273700673,0.038418956482330374,0.0648494042341167,-0.1608585690359178,-0.2569601166476633
2025-10-21 06:00:00+00:00,-0.22435799160875947,-0.2800916004856761,0.024533940414821074,-0.26186154757638214,-0.28759891238975194,-0.018997833813899728,0.033749669749044,0.05966917956382926,-0.1608585690359178,-0.24606044263424792
2025-10-21 07:00:00+00:00,-0.22435799160875947,-0.2800916004856761,0.024533940414821074,-0.26689100249090375,-0.29982421820724126,-0.0022792529701352593,0.03148186006001314,0.05442381687408241,-0.1608585690359178,-0.22335190852031692
2025-10-21 08:00:00+00:00,-0.22435799160875947,-0.2800916004856761,0.024533940414821074,-0.26689100249090375,-0.3060257067005912,0.013178516563832504,0.026857976882291915,0.05183356130754268,-0.1608585690359178,-0.2098989146646884
2025-10-21 09:00:00+00:00,-0.22469685041984622,-0.2887597721208934,0.016915623346700676,-0.2781905401015904,-0.3129452601507242,0.03809816796899276,0.015982746138948234,0.03668488172145685,-0.1315978137544272,-0.19138580888166637
2025-10-21 10:00:00+00:00,-0.22435799160875947,-0.28194812828140103,0.018639274211286333,-0.28026978586593093,-0.3210597724508911,0.05543869733887205,0.007334494466256261,0.025881172558018455,-0.12746449649255348,-0.1759993015715288
2025-10-21 11:00:00+00:00,-0.22435799160875947,-0.2915239107096132,0.018639274211286333,-0.28026978586593093,-0.3153571606448555,0.0915996597977043,-0.0036707428902732473,0.012721518805028365,-0.1066653121951947,-0.155893541205324
2025-10-21 12:00:00+00:00,-0.1926265149167432,-0.2915239107096132,0.029384526038432317,-0.28704889093937014,-0.3153571606448555,0.1236517026748962,-0.014666521246101152,0.019275614884300008,-0.0642330298878741,-0.12426255111799565
2025-10-21 13:00:00+00:00,-0.16072614432777355,-0.2915239107096132,0.029384526038432317,-0.2792794301687944,-0.30830227749945166,0.1539753649750223,-0.025655774145936838,0.012750500913024003,-0.024093238133587217,-0.08116747797047665
2025-10-21 14:00:00+00:00,-0.13464968441421962,-0.28692121545593446,0.031881290368333114,-0.2544773021586572,-0.2963207351669114,0.19799111358255025,-0.030970828110065934,0.015420674991236793,0.03049505983608001,-0.008905217025615057
2025-10-21 15:00:00+00:00,-0.10904769782162502,-0.3019050916459562,0.04836854383355421,-0.24231572689435335,-0.2687539069594806,0.24939799736966223,-0.04783705782590695,0.015420674991236793,0.03049505983608001,0.03827019631537842
2025-10-21 16:00:00+00:00,-0.15070646189789672,-0.3019050916459562,0.04836854383355421,-0.252899578296682,-0.2762099327792475,0.20317634775518756,-0.04104243043090156,0.023656966714577454,0.007105375927484328,-0.012581770153040066
2025-10-21 17:00:00+00:00,-0.17059001371196894,-0.3019050916459562,0.04836854383355421,-0.252899578296682,-0.29043732075929174,0.13565657226564512,-0.027557408873418038,0.04867136641814062,-0.015928486249657214,-0.04920513428897939
2025-10-21 18:00:00+00:00,-0.17059001371196894,-0.2903366790949338,0.061695593732797184,-0.252899578296682,-0.29043732075929174,0.05728357494690189,-0.02076792596930212,0.04867136641814062,-0.060557914989734354,-0.08402216107711051
2025-10-21 19:00:00+00:00,-0.19216498066704868,-0.3036037202781842,0.05101171549005361,-0.25632738480195194,-0.29935015488232736,0.004328233830724875,-0.02307312700729974,0.04620332748262404,-0.06520411865535213,-0.12013378644076966
2025-10-21 20:00:00+00:00,-0.19216498066704868,-0.30609078778102133,0.05101171549005361,-0.25080282808060106,-0.2962505322421095,-0.023362930930831877,-0.02307312700729974,0.055690520971913064,-0.08797075368089512,-0.1404239540184346
2025-10-21 21:00:00+00:00,-0.19216498066704868,-0.30609078778102133,0.04380504877204066,-0.24753612019319515,-0.2962505322421095,-0.050659576970198704,-0.01940381755772962,0.055690520971913064,-0.08797075368089512,-0.16077679785498775
2025-10-21 22:00:00+00:00,-0.1844265184566672,-0.30609078778102133,0.03682315102055255,-0.23806890079759163,-0.28501546763425106,-0.06810558033729353,-0.008088403637765886,0.06473143336432281,-0.07603290873395922,-0.17764420483840201
2025-10-21 23:00:00+00:00,-0.1948574408589828,-0.2931543897434499,0.03682315102055255,-0.22322396914437836,-0.2780660321935723,-0.09493939249334919,-0.004306482852378136,0.072395605010805,-0.08797075368089512,-0.19218516429764396
2025-10-22 00:00:00+00:00,-0.17940336945108484,-0.2844781802730539,0.02975442735075562,-0.2155895306817035,-0.2780660321935723,-0.12538219206459414,0.006760540687712332,0.07621946215107755,-0.08797075368089512,-0.1982024288213132
2025-10-22 01:00:00+00:00,-0.2073424392715618,-0.28697944539608217,0.03386246814606878,-0.21831076765928423,-0.27299210713829974,-0.1312693019863157,0.000995001260399403,0.06984007232535361,-0.10719619944622143,-0.21014263794503732
2025-10-22 02:00:00+00:00,-0.21500201887706932,-0.2838113611888806,0.0352694733128028,-0.2154546756263104,-0.26644511190692577,-0.13305537734510176,0.0030065216321330164,0.07029351901863637,-0.10719619944622143,-0.21500107113669173
2025-10-22 03:00:00+00:00,-0.2285260071015761,-0.28071628050586456,0.036678777557544257,-0.21341197051856045,-0.26435839586059784,-0.13622929913166273,0.0030065216321330164,0.07135122720303129,-0.1115348260824409,-0.2237863613051903
2025-10-22 04:00:00+00:00,-0.24392753019719077,-0.2776911723528915,0.03809074342951325,-0.21341197051856045,-0.26020709077588466,-0.14138778442807823,0.0036662150433322827,0.07270146512219076,-0.11610255550321676,-0.23332491985637205
2025-10-22 05:00:00+00:00,-0.23991573658259438,-0.2776911723528915,0.02874238056876074,-0.21341197051856045,-0.2660606437838484,-0.12834016476200294,-0.002856008601433703,0.06998609660135093,-0.11610255550321676,-0.22742977862751887
2025-10-22 06:00:00+00:00,-0.22748239952914454,-0.2837029164510998,0.02418900222056375,-0.218159979419263,-0.2692811976044373,-0.10773799966079398,-0.009431026974499877,0.06525593038998802,-0.11610255550321676,-0.2190448336986335
2025-10-22 07:00:00+00:00,-0.2191577163558292,-0.29538744091244945,0.02418900222056375,-0.22872245401905536,-0.2736358457554178,-0.08837447135190046,-0.0116623467398967,0.06045392164193655,-0.12629890892922124,-0.2032579288202292
2025-10-22 08:00:00+00:00,-0.2191577163558292,-0.3021449421099765,0.02418900222056375,-0.23461136357545284,-0.2819856775187614,-0.06528690156169625,-0.013912280355530885,0.05808779486423648,-0.12629890892922124,-0.1827823879967243
2025-10-22 09:00:00+00:00,-0.21091628154646225,-0.3021449421099765,0.01963621982516008,-0.2295633482303944,-0.28535482664519074,-0.04775371498079362,-0.01844299996905289,0.05316513018314694,-0.11831951089222455,-0.17101148492681367
2025-10-22 10:00:00+00:00,-0.21383728650524608,-0.30746794733787747,0.01677118199958416,-0.23134914603558202,-0.2714241710320844,-0.003372053243774006,-0.024424908374173545,0.03817339151281931,-0.1231459834392602,-0.1618952296772558
2025-10-22 11:00:00+00:00,-0.21383728650524608,-0.31652798700156776,0.01677118199958416,-0.23915219464100745,-0.26474553579025506,0.042289674431209096,-0.03456679887200633,0.025656675205154987,-0.10490344148203659,-0.1548429295268167
2025-10-22 12:00:00+00:00,-0.21383728650524608,-0.3074679473378774,0.01677118199958416,-0.23050171041835835,-0.2509961785488399,0.08506859451788552,-0.04972579738879097,0.019495549621503204,-0.06708074932298771,-0.13920281801570966
2025-10-22 13:00:00+00:00,-0.19557512407988878,-0.2984119530127395,0.01677118199958416,-0.21261309959760372,-0.23009480872062166,0.1255373300817311,-0.05486036336774797,0.007129139472328352,-0.04820767031167676,-0.1153713416652539
2025-10-22 14:00:00+00:00,-0.1413922661713834,-0.2984119530127395,0.03305431097254675,-0.21261309959760372,-0.19213890968239947,0.1880127983800701,-0.06290820288837067,-0.0026781177838490025,-0.04820767031167676,-0.09086253997206477
2025-10-22 15:00:00+00:00,-0.11254500855268662,-0.2984119530127395,0.04933500005310702,-0.21261309959760372,-0.1733188802466884,0.2540212366412498,-0.0708769004392081,-0.012520278031816389,0.007785697264450911,-0.04366466032461904
2025-10-22 16:00:00+00:00,-0.13608276348802853,-0.2984119530127395,0.03601001359345305,-0.21261309959760372,-0.2078298863149199,0.19590894519091445,-0.06455228099814038,-0.004489841082657095,-0.015321884785385776,-0.07191070105002313
2025-10-22 17:00:00+00:00,-0.13608276348802853,-0.30923769059819856,0.03601001359345305,-0.21261309959760372,-0.23983627544345054,0.12522932838859469,-0.05187067329619557,0.011798924332168214,-0.03771929147340183,-0.09026345927050923
2025-10-22 18:00:00+00:00,-0.15667159369601744,-0.30923769059819856,0.03601001359345305,-0.20444862937595135,-0.2584444427173154,0.059855137890071256,-0.04549369297580527,0.028314753268752615,-0.059470103345005514,-0.11680180846782882
2025-10-22 19:00:00+00:00,-0.16339852860509266,-0.3121401629689899,0.03935785188601345,-0.1876537740543277,-0.25180898399498014,0.01815231628906245,-0.03170335958993342,0.050961244232772485,-0.06842361652814452,-0.13127296904411564
2025-10-22 20:00:00+00:00,-0.16339852860509266,-0.3147046596824445,0.03935785188601345,-0.18436910778979443,-0.25756281085262717,-0.015150133954659521,-0.03170335958993342,0.06110848793458317,-0.0798217643979444,-0.14852011761028783
2025-10-22 21:00:00+00:00,-0.1733183974369611,-0.3121401629689899,0.03179934164400249,-0.1876537740543277,-0.2602795002341552,-0.04684913603662199,-0.02806375104440866,0.06110848793458317,-0.0798217643979444,-0.16516144721301493
2025-10-22 22:00:00+00:00,-0.1733183974369611,-0.3121401629689899,0.024242117835868028,-0.1915915956875318,-0.26252290113337695,-0.07316139956855562,-0.020520384516091623,0.0790152350670949,-0.09243755295211113,-0.17798356913739616
2025-10-22 23:00:00+00:00,-0.18614306316051857,-0.3051279630699806,0.024242117835868028,-0.1915915956875318,-0.2858052307465852,-0.09828168549621458,-0.016622240283989464,0.08779567154553575,-0.09243755295211113,-0.1878628071613783
2025-10-23 00:00:00+00:00,-0.18614306316051857,-0.3051279630699806,0.024242117835868028,-0.18424160264461187,-0.31216010499610725,-0.13076718445033872,-0.01275148176020009,0.08391656318935554,-0.09243755295211113,-0.19986751588866053
2025-10-23 01:00:00+00:00,-0.19236085003313233,-0.3051279630699806,0.024242117835868028,-0.18424160264461187,-0.3249742223327171,-0.14154553723400481,-0.01275148176020009,0.08391656318935554,-0.09243755295211113,-0.20536623320234385
2025-10-23 02:00:00+00:00,-0.1989439135809261,-0.3098441695923866,0.024242117835868028,-0.18424160264461187,-0.33589216054970994,-0.1526283159870612,-0.01275148176020009,0.08429929716519304,-0.09535438296855307,-0.2099589663242959
2025-10-23 03:00:00+00:00,-0.1989439135809261,-0.31472355693637377,0.024242117835868028,-0.18629528563698372,-0.339303908282539,-0.16042830727640628,-0.01275148176020009,0.08429929716519304,-0.09831603418110435,-0.21472886521718504
2025-10-23 04:00:00+00:00,-0.20475252311587058,-0.3290103146106998,0.0210474997060533,-0.19463985631900796,-0.3423935639355428,-0.16340517420777737,-0.022609619736608907,0.07181900497616833,-0.10367883517660388,-0.22440342312085332
2025-10-23 05:00:00+00:00,-0.20475252311587058,-0.3290103146106998,0.02552602088416902,-0.19221362775818343,-0.3411661964208883,-0.1460659959148477,-0.022609619736608907,0.0660675118504061,-0.10367883517660388,-0.22135040542737844
2025-10-23 06:00:00+00:00,-0.20475252311587058,-0.3290103146106998,0.02552602088416902,-0.18977819116139094,-0.3352229056173286,-0.12533179841519293,-0.024792848148350446,0.055828871062194335,-0.0916444932013741,-0.21829260724116883
2025-10-23 07:00:00+00:00,-0.20475252311587058,-0.32372333440709444,0.02552602088416902,-0.1782593041870289,-0.3333327392331845,-0.10519849962923444,-0.0270257289161362,0.05115807584359806,-0.0916444932013741,-0.2157383958539444
2025-10-23 08:00:00+00:00,-0.20475252311587058,-0.32372333440709444,0.02552602088416902,-0.1738302426154858,-0.3333327392331845,-0.08554117790398097,-0.0270257289161362,0.046383544938996144,-0.08307693377749727,-0.212512802415373
2025-10-23 09:00:00+00:00,-0.20475252311587058,-0.3185836210522635,0.02552602088416902,-0.17009330592157432,-0.3281176764657645,-0.0707540104183741,-0.024792848148350446,0.04129113462418496,-0.07611117243844034,-0.20674961877516487
2025-10-23 10:00:00+00:00,-0.20475252311587058,-0.32753599004011147,0.02552602088416902,-0.16296944155938178,-0.3211353581593079,-0.034581535226581084,-0.024792848148350446,0.028050537844077933,-0.04192955630139245,-0.19366533928871632
2025-10-23 11:00:00+00:00,-0.2183334099453342,-0.3185836210522635,0.02552602088416902,-0.14121608530991062,-0.3211353581593079,0.002085445413813802,-0.024792848148350446,0.015052493021654293,-0.023787015005999623,-0.18675575534672098
2025-10-23 12:00:00+00:00,-0.2356490091163155,-0.30226228382338205,0.015166308016116228,-0.13331094117044265,-0.3211353581593079,0.03861492694811316,-0.024792848148350446,0.0020984677313197176,-0.023787015005999623,-0.1722894185610506
2025-10-23 13:00:00+00:00,-0.2356490091163155,-0.30226228382338205,0.015166308016116228,-0.12490205212344793,-0.31524307391178147,0.07446680434628468,-0.024792848148350446,-0.0044207779398942985,-0.005286476983965825,-0.15676590500873924
2025-10-23 14:00:00+00:00,-0.2356490091163155,-0.30226228382338205,0.015166308016116228,-0.11139465676655146,-0.30679593094494634,0.10265157335045083,-0.041034303735485576,-0.014820517253506601,-0.034491171758780935,-0.12030471923578279
2025-10-23 15:00:00+00:00,-0.20812561415578926,-0.30226228382338205,0.015166308016116228,-0.0858286699678689,-0.2815013464687392,0.14558524100405631,-0.05752615844655211,-0.004431764668089658,-0.005391429694078461,-0.09734019281130192
2025-10-23 16:00:00+00:00,-0.18466725233633732,-0.30226228382338205,0.015166308016116228,-0.10643654456426158,-0.31963654997772206,0.0861935159774229,-0.044147181641965905,-0.004431764668089658,-0.054272067285843315,-0.11648776361477821
2025-10-23 17:00:00+00:00,-0.18466725233633732,-0.29057216364706456,0.015166308016116228,-0.11642285348325676,-0.3514731895796818,0.03806453098019233,-0.03743397285441121,0.004245078741724399,-0.054272067285843315,-0.135539963289158
2025-10-23 18:00:00+00:00,-0.18466725233633732,-0.28035268252725776,0.015166308016116228,-0.1263120684625322,-0.38256446217875817,0.002300486328075035,-0.030673925177737427,0.013023520232979082,-0.054272067285843315,-0.16320619296394107
2025-10-23 19:00:00+00:00,-0.20448376691033673,-0.26096813720310047,0.015166308016116228,-0.13561653827493964,-0.40913262869433203,-0.03275261890337391,-0.023903910847063347,0.021907216494885355,-0.030184432533062997,-0.1904823830690437
2025-10-23 20:00:00+00:00,-0.20448376691033673,-0.252709784737698,0.015166308016116228,-0.14024509822684064,-0.4167392162948087,-0.05879211060604116,-0.020122415218183105,0.032263987604407726,-0.030184432533062997,-0.20494919566367165
2025-10-23 21:00:00+00:00,-0.20448376691033673,-0.24427003290200874,0.007486036662281963,-0.14024509822684064,-0.420282048919935,-0.07775685743034672,-0.01630122659975581,0.04295286096827164,-0.04353693309741422,-0.2138926013032515
2025-10-23 22:00:00+00:00,-0.20017682254735902,-0.2367213241602806,-0.004594899876081889,-0.1414993774517769,-0.42600392278208765,-0.09930906844351732,-0.017050462371495923,0.03745923628977853,-0.07305955876495906,-0.21881093017831343
2025-10-23 23:00:00+00:00,-0.20928110426344176,-0.2357859291514512,-0.009170425730116345,-0.17214084627069975,-0.44011576741083397,-0.12264298445123287,-0.030329102583604113,0.01616939370351844,-0.07238831085875089,-0.23023821498746602
2025-10-24 00:00:00+00:00,-0.20928110426344176,-0.2357859291514512,-0.001112554623008675,-0.17214084627069975,-0.47594537466875797,-0.1638484705572047,-0.0346605518954472,0.01616939370351844,-0.05591027221198471,-0.2380279070824254
2025-10-24 01:00:00+00:00,-0.2166062276258208,-0.2357859291514512,-0.001112554623008675,-0.17539536004633574,-0.4729908934202873,-0.1734293197889102,-0.037175507747487464,0.013830645985385153,-0.05985804938725835,-0.2494966784228332
2025-10-24 02:00:00+00:00,-0.2166062276258208,-0.24126662328688298,-0.003045141368417433,-0.17539536004633574,-0.4847662436860028,-0.18378173126648287,-0.03843151178230743,0.011479418923264076,-0.06527957542605883,-0.2535576748215192
2025-10-24 03:00:00+00:00,-0.2166062276258208,-0.24126662328688298,-0.003045141368417433,-0.17804794006679228,-0.4991178304408443,-0.19504349691255854,-0.03843151178230743,0.011479418923264076,-0.05985804938725835,-0.25774944183979726
2025-10-24 04:00:00+00:00,-0.20928110426344176,-0.24126662328688298,-0.003045141368417433,-0.17804794006679228,-0.5053916264404564,-0.20738922631850923,-0.03843151178230743,0.010210640136214375,-0.06527957542605883,-0.2620799215526663
2025-10-24 05:00:00+00:00,-0.2037002109317693,-0.2305630862357605,-0.135442300366415,-0.16774579771226783,-0.5003026297739502,-0.20173200719621653,-0.06622031715388176,0.018868890914101495,-0.054624372670189686,-0.2493449900216228
2025-10-24 06:00:00+00:00,-0.2037002109317693,-0.2305630862357605,-0.135442300366415,-0.16547664766506298,-0.482579288194701,-0.19153393417007106,-0.06622031715388176,0.015861007083401855,-0.047123915355413604,-0.2493449900216228
2025-10-24 07:00:00+00:00,-0.2037002109317693,-0.23708084855278427,-0.14130008915431966,-0.15651049646224527,-0.4655683689591018,-0.1833036273946614,-0.06909066071736815,0.015861007083401855,-0.047123915355413604,-0.25223920983243864
2025-10-24 08:00:00+00:00,-0.2037002109317693,-0.24271510094665621,-0.15292650357886667,-0.15651049646224527,-0.44920801080271633,-0.16905886257739203,-0.06622031715388176,0.012872117117359921,-0.047123915355413604,-0.24847549702299415
2025-10-24 09:00:00+00:00,-0.10316704231250162,-0.08714737279087542,0.22365446678134787,-0.08436834827737592,-0.24963985554701795,-0.08621676792585557,-0.10699310326219849,-0.04175175463147622,-0.018029524477772476,-0.014098075731328355
2025-10-24 10:00:00+00:00,-0.10175630900863573,-0.08770179317903096,0.22515167697488447,-0.08496033519820126,-0.24082813594299016,-0.07678155307242586,-0.10701819385324593,-0.04438826403886101,-0.011275230126441082,-0.012046795723299473
2025-10-24 11:00:00+00:00,-0.10175630900863573,-0.08770179317903096,0.22515167697488447,-0.08726741788126055,-0.23275635199050815,-0.06560522286083931,-0.11090147173648585,-0.046976538855320216,-0.011275230126441082,-0.012046795723299473
2025-10-24 12:00:00+00:00,-0.10782531824038244,-0.091436361992939,0.20153448305224775,-0.08232321421017123,-0.22263559713629333,-0.05735553033457998,-0.11090147173648585,-0.055227543845502526,-0.01858361874301524,-0.014745273177467893
2025-10-24 13:00:00+00:00,-0.11390626617160225,-0.091436361992939,0.19384032184808242,-0.07937984590162603,-0.21441313966418354,-0.044109977517101856,-0.11090147173648585,-0.0581888089112552,-0.01858361874301524,-0.020141445545963563
2025-10-24 14:00:00+00:00,-0.12528730785057376,-0.09205027887253606,0.1915275927984824,-0.07711034974600478,-0.20382519651666806,-0.032602720901475146,-0.11420459074979179,-0.06617221382128198,-0.021653772272350973,-0.032218618317948915
2025-10-24 15:00:00+00:00,-0.13272059242341042,-0.08730974347939115,0.18921105561719911,-0.07073924330318765,-0.1952224370069089,-0.014509226031277966,-0.11431663478733901,-0.07146521117557567,-0.011735219294660187,-0.03144722844829653
2025-10-24 16:00:00+00:00,-0.12893264758365508,-0.08482526078447263,0.18921105561719911,-0.07387678219790754,-0.1988696355623038,-0.02333488233865696,-0.11431663478733901,-0.07010719295668776,-0.016029810571978904,-0.029744979098665192
2025-10-24 17:00:00+00:00,-0.12893264758365508,-0.08482526078447263,0.18921105561719911,-0.07387678219790754,-0.20176120219551394,-0.029009591033016514,-0.11431663478733901,-0.06850328797721693,-0.011735219294660187,-0.02643975752740015
2025-10-24 18:00:00+00:00,-0.130544187832199,-0.08482526078447263,0.1824216826492824,-0.07387678219790754,-0.20321690968142234,-0.03464691238818476,-0.11431663478733901,-0.06736604992068418,-0.0073368873544138735,-0.02643975752740015
2025-10-24 19:00:00+00:00,-0.130544187832199,-0.08482526078447263,0.1824216826492824,-0.07503704013948607,-0.2051127395188792,-0.04025692332501495,-0.11431663478733901,-0.06621748493587727,-0.011735219294660187,-0.024909504051649073
2025-10-24 20:00:00+00:00,-0.130544187832199,-0.08482526078447263,0.185527549564483,-0.07503704013948607,-0.20647886307304378,-0.04207644647204091,-0.11447507884303984,-0.06621748493587727,-0.011735219294660187,-0.024311122829762746
2025-10-24 21:00:00+00:00,-0.130544187832199,-0.08482526078447263,0.185527549564483,-0.07482062224468225,-0.2067763753378427,-0.045490514465674384,-0.11447507884303984,-0.06549412811595255,-0.013105863813120273,-0.024140090618538463
2025-10-24 22:00:00+00:00,-0.12976095996967627,-0.08482526078447263,0.185527549564483,-0.07569598469731409,-0.20908865164891186,-0.04833337602341476,-0.11535546182341881,-0.06597371995840318,-0.01613360377565152,-0.023881211378035023
2025-10-24 23:00:00+00:00,-0.12847145621891534,-0.08573969334972986,0.18208708704973503,-0.07569598469731409,-0.21946974552811327,-0.0513312824789216,-0.11646208578230657,-0.06974656932599846,-0.01613360377565152,-0.023261600269679737
2025-10-25 00:00:00+00:00,-0.13405579066313342,-0.08725352900025952,0.18208708704973503,-0.078117108161097,-0.2263940498259322,-0.05714929463565898,-0.11953808119918401,-0.071074966327388,-0.017865518006574377,-0.023261600269679737
2025-10-25 01:00:00+00:00,-0.1302545493316564,-0.08456249865440162,0.18315989734510346,-0.07722797628593116,-0.23580880706570997,-0.057210454879405945,-0.11914933100344108,-0.06975509793733274,-0.016523506510487198,-0.019380359525085288
2025-10-25 02:00:00+00:00,-0.1302545493316564,-0.0844745959489601,0.1837063621506827,-0.07750520733786662,-0.24208924605995932,-0.05757394037821221,-0.12065892604567904,-0.06960190445544799,-0.013583702213034538,-0.019735649263099966
2025-10-25 03:00:00+00:00,-0.12928635504966365,-0.08439967238698202,0.1837063621506827,-0.0775138313885651,-0.24553274704921937,-0.06118036752295412,-0.1213083605298835,-0.06901686908476079,-0.012266481411755695,-0.020086553391964676
2025-10-25 04:00:00+00:00,-0.12841380500178895,-0.08433840417307471,0.1837063621506827,-0.07753170839026474,-0.25389683396060875,-0.06427060110190407,-0.12065892604567904,-0.06901686908476079,-0.010916819866047606,-0.020433280579323466
2025-10-25 05:00:00+00:00,-0.1265241965339401,-0.08144231469783239,0.19657308693500278,-0.07571897443450293,-0.25265102102191295,-0.056120294757587,-0.11861596202123274,-0.06813872437394568,-0.008936841018285355,-0.019515105940373874
2025-10-25 06:00:00+00:00,-0.12844437643173098,-0.078458441217528,0.19873595965972063,-0.07420148004765734,-0.2498698818227939,-0.04963860361184468,-0.11945723670673648,-0.07048066640883227,-0.006911507099067714,-0.020297428894880183
2025-10-25 07:00:00+00:00,-0.13210709572504756,-0.0755295962439057,0.19873595965972063,-0.06980228155819013,-0.24340198339831004,-0.04047647563744324,-0.11945723670673648,-0.07048066640883227,-0.002255673020328859,-0.02677724598094775
2025-10-25 08:00:00+00:00,-0.13210709572504756,-0.0755295962439057,0.19873595965972063,-0.06503984041358486,-0.2389999055184361,-0.031118646312543272,-0.11945723670673648,-0.07311735743430282,0.00231791182296339,-0.034077426639084876
2025-10-25 09:00:00+00:00,-0.13210709572504756,-0.078458441217528,0.19873595965972063,-0.06284565416880031,-0.23787366797304738,-0.026747651944742677,-0.11945723670673648,-0.07548914100704787,0.006817057460754665,-0.03760830202945044
2025-10-25 10:00:00+00:00,-0.1311693828888591,-0.07484485658779177,0.20017893343543874,-0.05774297849819475,-0.23487542258180208,-0.025760458797360438,-0.11780503089302774,-0.07237616336855711,0.015104727875838431,-0.041648374853007715
2025-10-25 11:00:00+00:00,-0.1302310245885116,-0.07117133263017923,0.2016252463712196,-0.05253050746169467,-0.2322991009692374,-0.024771930654985393,-0.11900806266080886,-0.06921001057687425,0.02020963232835427,-0.041733574126332516
2025-10-25 12:00:00+00:00,-0.1292920046336049,-0.07155874641366848,0.1947991276599472,-0.05293620528162764,-0.2305852097374952,-0.018401551617840853,-0.11666295540104502,-0.07035765502497462,0.017828523186379914,-0.04588466957232293
2025-10-25 13:00:00+00:00,-0.1354416867581513,-0.07155874641366848,0.1947991276599472,-0.05905442003701844,-0.23188156114518535,-0.009764683484541894,-0.11666295540104502,-0.07035765502497462,0.01021227432555712,-0.051703944403661495
2025-10-25 14:00:00+00:00,-0.14317238562670684,-0.07197382914555629,0.19262053604565793,-0.059522027360012095,-0.2302699842634527,-0.008682077617842626,-0.11758095855319489,-0.0678286332095811,0.010785068233422441,-0.05964677199991064
2025-10-25 15:00:00+00:00,-0.15103936960860723,-0.07239033660550773,0.19043823450767036,-0.055820383039232056,-0.22786439488438262,0.004502544912349396,-0.11494152115611737,-0.06897918989007734,0.011359243342640025,-0.06776775043922915
2025-10-25 16:00:00+00:00,-0.1427812203718648,-0.07239033660550773,0.19043823450767036,-0.05728896560393641,-0.22261667441038877,0.004502544912349396,-0.11396155396086868,-0.0659011954968937,0.015729954436555085,-0.06503789966903191
2025-10-25 17:00:00+00:00,-0.13978731359774735,-0.07042162768234546,0.19043823450767036,-0.05728896560393641,-0.22168137723081316,0.004502544912349396,-0.11298044438646429,-0.0659011954968937,0.015729954436555085,-0.06229090201741186
2025-10-25 18:00:00+00:00,-0.1388753494069889,-0.07042162768234546,0.19043823450767036,-0.059567374346165367,-0.21973914514119505,0.004502544912349396,-0.11298044438646429,-0.06729570015462057,0.015729954436555085,-0.0599330418646777
2025-10-25 19:00:00+00:00,-0.14200207943447657,-0.07502680512740267,0.1879724725235109,-0.06394879758264276,-0.2204624071276636,0.0022549663140976916,-0.11568843342296821,-0.06963987211370763,0.013198947724253965,-0.06322258071190882
2025-10-25 20:00:00+00:00,-0.14200207943447657,-0.07502680512740267,0.1879724725235109,-0.06294109048841517,-0.22064712296421188,0.0022549663140976916,-0.11568843342296821,-0.06963987211370763,0.014507747655715244,-0.060271773130729345
2025-10-25 21:00:00+00:00,-0.14200207943447657,-0.07411426130236635,0.19052566933981885,-0.06156235627562907,-0.22143083489591747,0.0022549663140976916,-0.11568843342296821,-0.06963987211370763,0.013198947724253965,-0.05801972273213666
2025-10-25 22:00:00+00:00,-0.14200207943447657,-0.07327727649869027,0.1932183180290948,-0.060893137573977935,-0.22143083489591747,-0.00041484401768576365,-0.11596553342414435,-0.07313862617269805,0.01415186222817224,-0.05727967017847638
2025-10-25 23:00:00+00:00,-0.1414594785904743,-0.07435646947206193,0.1932183180290948,-0.06231297589096985,-0.2183679194974652,-0.00041484401768576365,-0.12019893364378813,-0.07313862617269805,0.013198947724253965,-0.05747299831493782
2025-10-26 00:00:00+00:00,-0.1414594785904743,-0.07657479906697674,0.1932183180290948,-0.06414153987369987,-0.2145247890459029,-0.00041484401768576365,-0.12378846165510533,-0.07457177415196137,0.012222029155135823,-0.05747299831493782
2025-10-26 01:00:00+00:00,-0.13349178708619638,-0.0757261878050058,0.19174243236007957,-0.06259193316684729,-0.21505336432676,0.0008842599183250284,-0.12046799810855574,-0.0728628534617902,0.01782157499580282,-0.05594194891542564
2025-10-26 02:00:00+00:00,-0.13343641301448317,-0.07465461288418142,0.19174243236007957,-0.062013361364746555,-0.2147998837723003,0.0008842599183250284,-0.12110988381969769,-0.07222936160000541,0.01782157499580282,-0.05594194891542564
2025-10-26 03:00:00+00:00,-0.13342536083790027,-0.0736013966320581,0.20143832315394958,-0.06163340851898991,-0.21532435557350588,-0.001308005173280106,-0.12143529126764281,-0.07146411028758379,0.01782157499580282,-0.05594194891542564
2025-10-26 04:00:00+00:00,-0.13296361473695942,-0.06912838170071736,0.2042245117964913,-0.05953171014267766,-0.21346147093935808,0.008160526035294817,-0.11836825897050438,-0.06611427138510899,0.01853964862161857,-0.05514176525331588
2025-10-26 05:00:00+00:00,-0.132616074827751,-0.0653464106944865,0.20720991859168472,-0.054693711130837215,-0.21196760342602922,0.011868265414790434,-0.11554261424067049,-0.06180663934409182,0.0272846872213759,-0.05398580479694343
2025-10-26 06:00:00+00:00,-0.13216195273388257,-0.060493423228686,0.21039543808831426,-0.04753381805762277,-0.20814889495580632,0.009716575300171853,-0.11517988771593955,-0.058106739914107884,0.030132826904805562,-0.05282914899140215
2025-10-26 07:00:00+00:00,-0.13394651614470804,-0.05900581307256819,0.21378274495236685,-0.04416455952112511,-0.2050627503590962,0.009656880995062603,-0.11550255231039899,-0.06047258395586243,0.03305177690571739,-0.05317494121862402
2025-10-26 08:00:00+00:00,-0.13823092898854342,-0.05573760545341559,0.21939476838773828,-0.03629599308862473,-0.19754200464852825,0.019441068899801125,-0.11550255231039899,-0.05729733838368108,0.027664217447242335,-0.04956632015046071
2025-10-26 09:00:00+00:00,-0.13823092898854342,-0.05573760545341559,0.22509404726178914,-0.031061550056839835,-0.1956703225406971,0.029237502163424956,-0.11550255231039899,-0.054513820923162225,0.03305177690571739,-0.047844580689716545
2025-10-26 10:00:00+00:00,-0.13786194586618855,-0.04783641459861582,0.23276443793958732,-0.02404521006522821,-0.19161582793200205,0.03071126176386605,-0.11339496504961051,-0.04909630166561623,0.03397997053282183,-0.04601324773850026
2025-10-26 11:00:00+00:00,-0.13269637693015962,-0.04449475592132108,0.2406528153655261,-0.01942461923907722,-0.1873841639902304,0.04164736361435459,-0.11126085341821719,-0.04220406024844969,0.03490989080035924,-0.04415583766975709
2025-10-26 12:00:00+00:00,-0.13228656961473015,-0.041126836191017285,0.24877065336163143,-0.012991969645193058,-0.18288641175073095,0.04431349121361458,-0.10909985300951716,-0.036213468873903476,0.04130939704867635,-0.04484965071911521
2025-10-26 13:00:00+00:00,-0.14383453552437614,-0.04578297535242076,0.24877065336163143,-0.007624777544550456,-0.18126208083976894,0.05659540108756828,-0.10909985300951716,-0.0320304277120035,0.03251583172160594,-0.04484965071911521
2025-10-26 14:00:00+00:00,-0.15266424744939605,-0.04064903594863347,0.247171994733742,-0.005468814667918016,-0.1727238515132742,0.07198458228029526,-0.10590922500281481,-0.034221129231070714,0.04230466315698577,-0.04744187971605046
2025-10-26 15:00:00+00:00,-0.16169031093835673,-0.04052033138010981,0.259389816980439,-0.002321959737925003,-0.17135794592225895,0.08715708504955189,-0.1066199948695806,-0.04067692753971241,0.043302641351008184,-0.04815854703927573
2025-10-26 16:00:00+00:00,-0.16169031093835673,-0.0426014462814524,0.259389816980439,-0.003531476066558405,-0.1672666315213662,0.08244796011204023,-0.1066199948695806,-0.04067692753971241,0.043302641351008184,-0.04907869886672794
2025-10-26 17:00:00+00:00,-0.16169031093835673,-0.04467466176974957,0.259389816980439,-0.005918052485800365,-0.166257475482625,0.0723559118794526,-0.1066199948695806,-0.04067692753971241,0.03893999669728189,-0.049992416296544086
2025-10-26 18:00:00+00:00,-0.16169031093835673,-0.04467466176974957,0.26406776043386143,-0.010491346357856982,-0.1637666305089257,0.06334700847129543,-0.10728572523474128,-0.04067692753971241,0.03464460770493663,-0.049992416296544086
2025-10-26 19:00:00+00:00,-0.16169031093835673,-0.04467466176974957,0.26406776043386143,-0.013745072037577993,-0.16435168468459177,0.055196881180122795,-0.10728572523474128,-0.04067692753971241,0.03040947390330228,-0.050784038347174404
2025-10-26 20:00:00+00:00,-0.16582534561841222,-0.04784612880279084,0.26209238969498566,-0.01808481509412469,-0.17320198529198938,0.04712393988882092,-0.10989365768959165,-0.04285267247689034,0.03239040862807672,-0.055110490620118836
2025-10-26 21:00:00+00:00,-0.1699590078964109,-0.05090821597236234,0.2467359984472124,-0.02128350744406078,-0.1838131096502465,0.04336175586261079,-0.11250075348769281,-0.04502745354555058,0.03013762626652779,-0.0598551421939356
2025-10-26 22:00:00+00:00,-0.16956821096504449,-0.05091695825620879,0.24609097685870568,-0.02149576721665247,-0.18271939115131194,0.04234240854563653,-0.1125738227130555,-0.04515025515031582,0.030316112301191776,-0.05919737163250458
2025-10-26 23:00:00+00:00,-0.16944003209948066,-0.050843740299714626,0.24466698813254895,-0.020817070500810823,-0.1749880721920796,0.042216339501581115,-0.11191333701938043,-0.04358563150741119,0.03048921927029699,-0.0593093034818567
2025-10-27 00:00:00+00:00,-0.16944003209948066,-0.050843740299714626,0.2525415530759108,-0.021532733515748945,-0.15429290623598296,0.042216339501581115,-0.11191333701938043,-0.04358563150741119,0.031458413279660355,-0.059992462318609184
2025-10-27 01:00:00+00:00,-0.16705652853805267,-0.0471225891932289,0.2539169057247883,-0.018488234909928167,-0.15146536716794054,0.046389482980393484,-0.10836565032819813,-0.04073757686037782,0.03256259851449452,-0.05868062277890993
2025-10-27 02:00:00+00:00,-0.16705652853805267,-0.0471225891932289,0.2571784142191397,-0.017885252509111705,-0.14829103929950818,0.051014504565853706,-0.10799268753633237,-0.03953932637724961,0.03628673585603102,-0.05868062277890993
2025-10-27 03:00:00+00:00,-0.16737866255862127,-0.0471225891932289,0.2571784142191397,-0.017885252509111705,-0.1486786989057485,0.05380362196404813,-0.10805890624599747,-0.03831727621590898,0.04633224132528949,-0.05824440518043681
2025-10-27 04:00:00+00:00,-0.16737866255862127,-0.0471225891932289,0.2605786494237363,-0.017274964609996557,-0.15350892926073684,0.05891022769106918,-0.10813806431597617,-0.03757211697841644,0.051309719646875925,-0.05780715523352391
2025-10-27 05:00:00+00:00,-0.16737866255862127,-0.0471225891932289,0.2641241649639777,-0.015993848815139135,-0.15837206920720787,0.06244374898381489,-0.10748728901044056,-0.035319315077798404,0.051309719646875925,-0.05682504452603986
2025-10-27 06:00:00+00:00,-0.16455412521723223,-0.04140232154762989,0.2663544635001609,-0.010418882724513908,-0.16603126553727182,0.0684927155908946,-0.10689031957225,-0.03447450126841314,0.05285567597500151,-0.054910418828663064
2025-10-27 07:00:00+00:00,-0.1598288438013584,-0.032487034996478495,0.2923571013838906,-0.008670223186857976,-0.17368054128045196,0.07914302694975803,-0.10436504617883408,-0.03447450126841314,0.05285567597500151,-0.048409900421604535
2025-10-27 08:00:00+00:00,-0.1598288438013584,-0.029205572419385845,0.3005963484009792,-0.005226462993713891,-0.18163830499256467,0.08498234645051128,-0.10436504617883408,-0.03447450126841314,0.05285567597500151,-0.04146607223453017
2025-10-27 09:00:00+00:00,-0.30981973057215184,-0.23191625395835383,-0.06498837206442877,-0.20019614082617335,-0.06359192085204371,-0.08521035877642964,-0.11040203382436727,-0.004427995515654117,-0.11676025311528512,-0.3177936839021772
2025-10-27 10:00:00+00:00,-0.30981973057215184,-0.23191625395835383,-0.06498837206442877,-0.18687911984976413,-0.0886020123961729,-0.05446234886823082,-0.11040203382436727,0.011365546295453237,-0.11676025311528512,-0.306490677258987
2025-10-27 11:00:00+00:00,-0.30981973057215184,-0.2165923752727221,-0.026525185402612114,-0.15361246919608693,-0.10804980071286023,0.007565031579761998,-0.09135984461191636,0.04212636401677462,-0.11676025311528512,-0.28434080734859796
2025-10-27 12:00:00+00:00,-0.30981973057215184,-0.2010981431336088,0.05461400155029038,-0.12637360792033675,-0.12833175790107043,0.06784338259203748,-0.08134930735323333,0.07349623377463013,-0.07794768068021367,-0.2538770368826208
2025-10-27 13:00:00+00:00,-0.30981973057215184,-0.2010981431336088,0.09698452723977267,-0.08838080506996525,-0.1388084010447232,0.12250545748907,-0.07133799724770849,0.08848300449083217,-0.07794768068021367,-0.20625633227038498
2025-10-27 14:00:00+00:00,-0.2689540580413049,-0.18384031459910752,0.13340969073654713,-0.06013941721954009,-0.15970328962106092,0.19295335907530525,-0.051155656258535506,0.1325645986781365,-0.07794768068021367,-0.14440352276765145
2025-10-27 15:00:00+00:00,-0.24680280488039438,-0.1666574840418913,0.1674387832320931,-0.050980927334785084,-0.17997320427144964,0.24703356413864516,-0.031074929292755387,0.14699031793682588,-0.07794768068021367,-0.1140761060483579
2025-10-27 16:00:00+00:00,-0.2649456986892332,-0.19851751536782297,0.1279352440986432,-0.06724612527245168,-0.15330887707022375,0.21057106785835933,-0.04880413366249947,0.11772809429083467,-0.07794768068021367,-0.14617898563298234
2025-10-27 17:00:00+00:00,-0.2649456986892332,-0.19851751536782297,0.09107194320744283,-0.09110161679373108,-0.14526095988380605,0.17522373509192934,-0.05748651088226932,0.09058879951657849,-0.07794768068021367,-0.17777085439584328
2025-10-27 18:00:00+00:00,-0.2501213109043043,-0.22696794699646075,0.056442960392658226,-0.107039757785244,-0.13671790887510846,0.12234606721090316,-0.05748651088226932,0.10447825774649468,-0.11211502155271796,-0.20087694023097744
2025-10-27 19:00:00+00:00,-0.23489481067168025,-0.22696794699646075,0.023724523853208813,-0.12230755479178389,-0.1285040983401584,0.05599013490396589,-0.05748651088226932,0.090006228846762,-0.07794768068021367,-0.22339000612599383
2025-10-27 20:00:00+00:00,-0.25095505113926175,-0.24531211352089727,-0.024917778265327126,-0.14910972692155652,-0.1351702368933484,0.0,-0.07142328124252599,0.05329409745869384,-0.054366772161687345,-0.24615377888006584
2025-10-27 21:00:00+00:00,-0.2667365032605879,-0.2633291216537886,-0.05616985645215774,-0.1791558553147068,-0.1246856735025277,-0.03691230399862698,-0.08912136386231544,-0.015568527984947393,-0.03157237976853471,-0.26736271280852575
2025-10-27 22:00:00+00:00,-0.2627285175763261,-0.2633291216537886,-0.07048263110830304,-0.1791558553147068,-0.11258193701643789,-0.06138008150069199,-0.0817747538921092,-0.020957017381296024,-0.03157237976853471,-0.27202140183685974
2025-10-27 23:00:00+00:00,-0.2627285175763261,-0.2633291216537886,-0.10393904798364433,-0.18969926445944785,-0.09956043172446885,-0.08025681346224137,-0.06741452839726794,-0.01532810733199679,-0.015221640112896416,-0.2778843448974528
2025-10-28 00:00:00+00:00,-0.2627285175763261,-0.2524927871766989,-0.10393904798364433,-0.18969926445944785,-0.06601647343815588,-0.08719264431701669,-0.06286055684488634,-0.01532810733199679,-0.015221640112896416,-0.2817466196030209
2025-10-28 01:00:00+00:00,-0.2627285175763261,-0.2524927871766989,-0.10393904798364433,-0.19450575122901792,-0.029926386580205997,-0.10072526623877211,-0.06286055684488634,-0.026316696878565363,0.0,-0.29359123599393866
2025-10-28 02:00:00+00:00,-0.2627285175763261,-0.24969256788566443,-0.10393904798364433,-0.19450575122901792,-0.032293780437602476,-0.10067758733933717,-0.06286055684488634,-0.026316696878565363,-0.0021172543555487123,-0.2963012272471442
2025-10-28 03:00:00+00:00,-0.2627285175763261,-0.24705370598324655,-0.10329900427293306,-0.19450575122901792,-0.03461669439365326,-0.0998832257432713,-0.06286055684488634,-0.026886248894067846,-0.0021172543555487123,-0.29919141878748146
2025-10-28 04:00:00+00:00,-0.2627285175763261,-0.2445635681980604,-0.10271846173636641,-0.19450575122901792,-0.0365356113502687,-0.09991976911984508,-0.06258043854985165,-0.026160443997998415,-0.0021172543555487123,-0.30227717701550716
2025-10-28 05:00:00+00:00,-0.2627285175763261,-0.2445635681980604,-0.10271846173636641,-0.19530109507925836,-0.0390331560974241,-0.097675273464519,-0.06262979569965234,-0.026882881252777744,-0.0021172543555487123,-0.3055758030332171
2025-10-28 06:00:00+00:00,-0.2649237102808699,-0.2466496589933163,-0.10036078975251272,-0.18731171963043555,-0.0548224717673503,-0.08616855424663752,-0.06535178842353057,-0.02028970933580464,0.00936750579155194,-0.30763072876262393
2025-10-28 07:00:00+00:00,-0.25223790983020256,-0.2466496589933163,-0.10036078975251272,-0.1714669971466001,-0.07241993002680484,-0.050911858644446376,-0.06535178842353057,-0.013184695119590495,0.00936750579155194,-0.26621015013293553
2025-10-28 08:00:00+00:00,-0.25223790983020256,-0.2466496589933163,-0.11752263915430136,-0.1608270375395823,-0.09006455670493224,-0.026324303264988705,-0.06535178842353057,0.0006795467297759231,-0.009436734228865234,-0.2316020367783094
2025-10-28 09:00:00+00:00,-0.25223790983020256,-0.23813819155944047,-0.07953371378453654,-0.1510853872979959,-0.1027109698682975,0.01330552259990482,-0.06032987364399463,0.007456712062070693,-0.02853848272821981,-0.20380227028550307
2025-10-28 10:00:00+00:00,-0.25223790983020256,-0.22966971418557736,-0.06201046886607389,-0.15478165077652886,-0.1245459787748076,0.04462950616430756,-0.0650286626443974,0.007456712062070693,-0.02853848272821981,-0.18222711226919938
2025-10-28 11:00:00+00:00,-0.25147232870432995,-0.21422592538898028,-0.04226965233373428,-0.15129893036188924,-0.1455268736553516,0.08849695567288243,-0.06229431499404643,-0.01138722128372687,-0.05217244266008386,-0.1557005309733173
2025-10-28 12:00:00+00:00,-0.2507808277026923,-0.19942245096584535,0.012553180345422498,-0.14003655972428455,-0.14469578458182125,0.12211835237220317,-0.06408257458608231,0.0009839388943349288,-0.03939678197727588,-0.12540535924980048
2025-10-28 13:00:00+00:00,-0.2507808277026923,-0.1842356186615712,0.0464354365424299,-0.10004408885830247,-0.14469578458182125,0.1752943013929105,-0.06408257458608231,0.013252372136806459,0.02930292616084984,-0.07728596868551613
2025-10-28 14:00:00+00:00,-0.2507808277026923,-0.16908696489679964,0.07900865396418211,-0.06770687145389982,-0.14469578458182125,0.23245503347311886,-0.06408257458608231,0.02534064915659699,0.11518459859960102,-0.030079132779024322
2025-10-28 15:00:00+00:00,-0.2507808277026923,-0.15397165573546479,0.07900865396418211,-0.03554694626732383,-0.1516366869079902,0.278798719849692,-0.06408257458608231,0.03744335079667283,0.14425964639114325,0.00983213879027549
2025-10-28 16:00:00+00:00,-0.29153757748361464,-0.16774410422443525,0.047327796889223894,-0.05023672836932814,-0.14465509564004564,0.21200001876951233,-0.07189009556691768,0.003867061608505341,0.08678694820528118,-0.026813011012555385
2025-10-28 17:00:00+00:00,-0.30990030409319014,-0.18152539637125595,0.016797365775406994,-0.07890871167580933,-0.12518562459478177,0.1573173836580585,-0.0796662326733979,-0.007202839008379346,0.031642400975732184,-0.06343321536274649
2025-10-28 18:00:00+00:00,-0.3234718361641205,-0.19387815907523379,-0.012712608523631591,-0.0926777029828286,-0.11185992479088516,0.10451095698058717,-0.0796662326733979,-0.01812939959460629,0.007207045097191651,-0.09924464580950663
2025-10-28 19:00:00+00:00,-0.33673439312967673,-0.19387815907523379,-0.04131457220346884,-0.09937979441423127,-0.09198870231675937,0.05324398187334895,-0.0796662326733979,-0.039396781977104445,-0.037668502524632906,-0.12215847847648709
2025-10-28 20:00:00+00:00,-0.35020200386168815,-0.2098227885225053,-0.04029467061643232,-0.1098687683049345,-0.07485730421263743,0.02575945604511307,-0.09575455193090959,-0.06382370523920616,-0.07422822394523924,-0.13597956339431608
2025-10-28 21:00:00+00:00,-0.36347861224896744,-0.2255033785901514,-0.053358833090630005,-0.1296152588883597,-0.07182461730205231,-0.0007124603734865492,-0.11122142882391002,-0.08676316182869348,-0.07925769524978746,-0.14956327841156894
2025-10-28 22:00:00+00:00,-0.36347861224896744,-0.22259389700480584,-0.08041419463437639,-0.1270250384672682,-0.062435892223843555,-0.023305712421626407,-0.10788285451335301,-0.08175994999587481,-0.09085175309745833,-0.15337464537735185
2025-10-28 23:00:00+00:00,-0.351208866069013,-0.22259389700480584,-0.0957520652001414,-0.13458351938491017,-0.04818449913791412,-0.04114807864863196,-0.09135509076143415,-0.08175994999587481,-0.09085175309745833,-0.1588528434039418
2025-10-29 00:00:00+00:00,-0.351208866069013,-0.21469176801520323,-0.11184299874397555,-0.13884392056874179,-0.03478013488375466,-0.05387948005761285,-0.09135509076143415,-0.08175994999587481,-0.09085175309745833,-0.16572294630892975
2025-10-29 01:00:00+00:00,-0.3686022909931623,-0.2069350293937502,-0.11184299874397555,-0.13884392056874179,-0.013246671223213708,-0.06725573038812416,-0.09135509076143415,-0.08713562643465016,-0.09085175309745833,-0.17274528907749873
2025-10-29 02:00:00+00:00,-0.3686022909931623,-0.20423752022945757,-0.11269453543343384,-0.13913993942474862,-0.016276312925851816,-0.06709071212225994,-0.09135509076143415,-0.08669729363249011,-0.08960189005679613,-0.17368807473770045
2025-10-29 03:00:00+00:00,-0.3686022909931623,-0.20369704245526687,-0.11184299874397553,-0.13944678272043878,-0.018010654958145397,-0.06665208731609579,-0.09115139931554417,-0.08667895767439522,-0.08915343973815679,-0.17480232050112515
2025-10-29 04:00:00+00:00,-0.3686022909931623,-0.20319098405234365,-0.11184299874397553,-0.14039659967325985,-0.019862090622670078,-0.06590465051577832,-0.09095767508867995,-0.08634018655738247,-0.08792650566770269,-0.1769751036100285
2025-10-29 05:00:00+00:00,-0.3686022909931623,-0.20319098405234365,-0.11184299874397553,-0.14066554415760862,-0.021616490895651992,-0.06406350046210367,-0.0911927466619094,-0.08600512490832012,-0.08792650566770269,-0.17832993525027488
2025-10-29 06:00:00+00:00,-0.369817204311827,-0.20500576892911535,-0.11313307921230989,-0.12264834292939494,-0.02116553215303757,-0.054255194922627425,-0.0937843940909124,-0.08090187581326116,-0.08217621036640892,-0.1805993310042197
2025-10-29 07:00:00+00:00,-0.36138246617383213,-0.20008388053937665,-0.09617590084905249,-0.1062953269326311,-0.023855956381179478,-0.03682351727377443,-0.0884082210712995,-0.06429370032149012,-0.08844775024088845,-0.16731644483509492
2025-10-29 08:00:00+00:00,-0.34982847634789915,-0.19132711433338875,-0.0784759831134366,-0.10156661604219029,-0.045980732176397296,-0.021055353591918635,-0.0884082210712995,-0.058200674854927775,-0.08844775024088845,-0.14706589145622706
2025-10-29 09:00:00+00:00,-0.36138246617383213,-0.18272828622862877,-0.061267569079989856,-0.09288323255722955,-0.05709972140181266,-0.0058499221273117605,-0.09297582838946886,-0.05242488363700915,-0.08844775024088845,-0.12853567968199395
2025-10-29 10:00:00+00:00,-0.36138246617383213,-0.18272828622862877,-0.061267569079989856,-0.08904292398362161,-0.07993001908223216,0.02538281970800853,-0.09297582838946886,-0.04725877591229213,-0.08844775024088845,-0.11869941553189892
2025-10-29 11:00:00+00:00,-0.36034120531112096,-0.17701978848308195,-0.09164419211801837,-0.08472464289808264,-0.08884029273850813,0.04712840036884152,-0.09790130901271421,-0.05853268306543616,-0.07037665322236905,-0.10022265523446237
2025-10-29 12:00:00+00:00,-0.37480822403647746,-0.17145980393310054,-0.06243450082749205,-0.06932528213317435,-0.08488683675301902,0.08192255640740158,-0.11016523133877157,-0.05434557177010413,-0.041392736107398534,-0.07549545797101527
2025-10-29 13:00:00+00:00,-0.359389659995143,-0.1455325044033653,-0.06243450082749205,-0.046962073546212096,-0.0780953967006964,0.12168619896184772,-0.11016523133877157,-0.043877389596752275,0.023094688551627777,-0.0421261765448946
2025-10-29 14:00:00+00:00,-0.359389659995143,-0.1455325044033653,-0.03283816484533366,-0.024960041683280157,-0.09817032691242109,0.1740092000787854,-0.11016523133877157,-0.033510565767765274,0.043292465294763244,-0.015606713330202115
2025-10-29 15:00:00+00:00,-0.359389659995143,-0.13202732484575308,-0.0038700316374968287,-0.0033100495338365906,-0.09817032691242109,0.21424220004793487,-0.11791991611822733,-0.013115811583641081,0.06391957370398388,0.023780705057540496
2025-10-29 16:00:00+00:00,-0.3766840204736811,-0.13202732484575308,-0.030668138090698398,-0.023588387968881876,-0.08613185253501585,0.1747035270929668,-0.11791991611822733,-0.022579697187899983,0.043849738838680104,-0.0010589513439406063
2025-10-29 17:00:00+00:00,-0.3766840204736811,-0.14375483475371115,-0.05699361296959601,-0.0368865358818394,-0.07426135323793792,0.1475715028072207,-0.12466055526906672,-0.0319629946658151,0.024338017199769364,-0.031619779905464405
2025-10-29 18:00:00+00:00,-0.3885404803848676,-0.16572503954571205,-0.111662416155221,-0.0368865358818394,-0.06832638237414342,0.10680144958717698,-0.11791991611822733,-0.04126870077037132,0.005339583116691123,-0.06160353482059612
2025-10-29 19:00:00+00:00,-0.3885404803848676,-0.18698373307607533,-0.13754812638362507,-0.04335295083594118,-0.05048720671598822,0.0678809824130509,-0.11112246311307528,-0.050499696522468406,-0.013185811733677914,-0.0849669403816224
2025-10-29 20:00:00+00:00,-0.3885404803848676,-0.20517510607571682,-0.13754812638362507,-0.05596731791322636,-0.038311257658024414,0.04309662249341941,-0.11765728791664391,-0.06850034986576539,-0.06626962829928659,-0.09620353675041697
2025-10-29 21:00:00+00:00,-0.37625911132463,-0.20428270572357807,-0.12841881838127522,-0.05695057344029308,-0.012083880676727343,0.009876437879450438,-0.11183316532844752,-0.07473030448633845,-0.0791381568390196,-0.08039281144339003
2025-10-29 22:00:00+00:00,-0.37625911132463,-0.20428270572357807,-0.14503855429983203,-0.060191174455737496,0.0009966416367145465,-0.013886954327065559,-0.11183316532844752,-0.07473030448633845,-0.0791381568390196,-0.085681470146298
2025-10-29 23:00:00+00:00,-0.37625911132463,-0.20428270572357807,-0.14503855429983203,-0.07106467093534699,0.01382440924868613,-0.026215390153017427,-0.10352573726962287,-0.08013943134457649,-0.09568392901294695,-0.09170309997270179
2025-10-30 00:00:00+00:00,-0.358567667798865,-0.20428270572357807,-0.16262183824510584,-0.07491485989307435,0.01382440924868613,-0.03956925533447408,-0.10352573726962287,-0.08599503004788472,-0.11491866876013256,-0.10507166534060204
2025-10-30 01:00:00+00:00,-0.358567667798865,-0.21245973065704943,-0.16262183824510584,-0.07882865462869033,0.020060696018910532,-0.06752026548337092,-0.09912938050479285,-0.09135422332048464,-0.11491866876013256,-0.11966395593591825
2025-10-30 02:00:00+00:00,-0.350895601078294,-0.21477220368740735,-0.15924641268055292,-0.07928484593283032,0.019239956757014724,-0.0684860067724782,-0.09980067325990415,-0.09135422332048464,-0.11491866876013256,-0.12274541166738173
2025-10-30 03:00:00+00:00,-0.350895601078294,-0.21719158376348863,-0.16262183824510584,-0.08025546270791958,0.0187476796993902,-0.07137214281981645,-0.09933957379641477,-0.09183969294624275,-0.11495866116573966,-0.12529604199382072
2025-10-30 04:00:00+00:00,-0.350895601078294,-0.21719158376348863,-0.16262183824510584,-0.08130946741740308,0.018250697236355952,-0.07288739361970294,-0.09889071924484309,-0.09183969294624275,-0.11495866116573966,-0.12811949540805134
2025-10-30 05:00:00+00:00,-0.34795059111242155,-0.2197255786712634,-0.16262183824510584,-0.08192940541511966,0.018067084047539317,-0.07336429489409901,-0.09889071924484309,-0.09169962727688795,-0.11653909642357607,-0.13006257527817075
2025-10-30 06:00:00+00:00,-0.35037518291237413,-0.22781208051270746,-0.15374998872970916,-0.07218422977512487,0.022675016231653022,-0.06360753863977389,-0.09259214626039397,-0.08885189672170585,-0.11456436977490145,-0.13814927777722913
2025-10-30 07:00:00+00:00,-0.35037518291237413,-0.22029793127877811,-0.13766063067040668,-0.05601983453267932,0.019453662591838578,-0.03068677658562317,-0.09259214626039397,-0.08346860385521179,-0.09508957384921639,-0.13453434980186882
2025-10-30 08:00:00+00:00,-0.35037518291237413,-0.21288392455878702,-0.12183531004585055,-0.040484275060838175,0.012895713376317194,-0.007718023089343849,-0.09259214626039397,-0.078131155442331,-0.0758437228842835,-0.12603303323931928
2025-10-30 09:00:00+00:00,-0.3402453318938341,-0.20556583745055293,-0.10624479779795455,-0.0330572966417918,0.006186593416267258,0.014642234941700583,-0.09259214626039397,-0.07283793489456779,-0.0567805778983786,-0.11862902444949401
2025-10-30 10:00:00+00:00,-0.3402453318938341,-0.19949177483534145,-0.0939839346029722,-0.018703419548856348,0.002820653689023696,0.0299905627639226,-0.08880128802251148,-0.07283793489456779,-0.04761590180024627,-0.10471413317850464
2025-10-30 11:00:00+00:00,-0.3549170243508913,-0.18730252417685908,-0.06333488405472876,0.0028611602444587993,-0.017200292536501495,0.059833059536064284,-0.08134947631903078,-0.06296281993788107,-0.029091626482137915,-0.07617427550799423
2025-10-30 12:00:00+00:00,-0.3549170243508913,-0.18730252417685908,-0.03298170793366552,0.024385042351381645,-0.030833039618811977,0.11598415686241374,-0.08134947631903078,-0.06296281993788107,-0.010221193360751855,-0.05433041507937201
2025-10-30 13:00:00+00:00,-0.3549170243508913,-0.17510101213577398,-0.002875628088419001,0.031467821312174675,-0.04487924758757751,0.1544956283545399,-0.08134947631903078,-0.05289220114527575,0.02637085837171866,-0.039456598146666744
2025-10-30 14:00:00+00:00,-0.37383936434802184,-0.18730252417685908,-0.002875628088419001,0.045423892593921884,-0.05199700688083519,0.18035825742246317,-0.08898799809716533,-0.04273877222982475,0.061160840241549365,-0.024604263949630254
2025-10-30 15:00:00+00:00,-0.4073140035471031,-0.18730252417685908,-0.002875628088419001,0.06653753768704954,-0.07985825498992397,0.19521734439677332,-0.09666542769788411,-0.03284854660705152,0.09662725404412781,-0.002782297468580686
2025-10-30 16:00:00+00:00,-0.39146552613188484,-0.19844696487415134,-0.002875628088419001,0.05257321988582639,-0.0733129588733305,0.16867235595133429,-0.08271539124210729,-0.03284854660705152,0.09662725404412781,-0.016833834854939306
2025-10-30 17:00:00+00:00,-0.39146552613188484,-0.22175887401401803,-0.002875628088419001,0.03856997561190551,-0.06069700300754421,0.12720702013763824,-0.08271539124210729,-0.04219113638289957,0.06221399537333164,-0.030791814611923082
2025-10-30 18:00:00+00:00,-0.4025429574892433,-0.23140705591600125,0.02638536634751343,0.024862378143281672,-0.05421115895221121,0.08444363657846465,-0.0757534887714224,-0.06092123352526624,0.044726371536705424,-0.04448849269208478
2025-10-30 19:00:00+00:00,-0.4134459048337943,-0.24892079317799806,0.02638536634751343,0.004436484444932341,-0.04773907720850901,0.05678704917179127,-0.0757534887714224,-0.0698815436346021,0.027750713838096623,-0.05800143620976423
2025-10-30 20:00:00+00:00,-0.4134459048337943,-0.2567744530452091,0.02638536634751343,-0.008877233425079472,-0.041163748013535284,0.030369090547254913,-0.0757534887714224,-0.0698815436346021,-0.0068318926338096385,-0.06463069032666743
2025-10-30 21:00:00+00:00,-0.402140954789249,-0.24968723971766535,0.0357964992910991,0.004009607999089639,-0.03149224118713722,0.015390517125989775,-0.06269050370415591,-0.04119123196483314,-0.03434528031146545,-0.055518506909294905
2025-10-30 22:00:00+00:00,-0.402140954789249,-0.2531980580655054,0.020945223858652707,-0.0060284749066246415,-0.0412667439524302,0.002737862346041506,-0.06623363890530379,-0.03633525818700598,-0.042933248013856486,-0.055518506909294905
2025-10-30 23:00:00+00:00,-0.3905179460849971,-0.2591503645641076,0.020945223858652707,-0.01638721238732503,-0.030779994330861142,-0.003553393504004726,-0.0793416820514506,-0.04165474447681442,-0.052728546267593955,-0.07008597720275735
2025-10-31 00:00:00+00:00,-0.3905179460849971,-0.26774520995976986,0.006423865049366176,-0.023583709281509668,-0.045298012223230336,-0.023353476646735462,-0.0793416820514506,-0.05249786629408764,-0.07087647052357975,-0.09105498521702378
2025-10-31 01:00:00+00:00,-0.3905179460849971,-0.27659815318931397,-0.009089880174384682,-0.027246872541586687,-0.045298012223230336,-0.030318329265031543,-0.0793416820514506,-0.05249786629408764,-0.09162162993729106,-0.10019226904579966
2025-10-31 02:00:00+00:00,-0.3905179460849971,-0.27990828481898367,-0.009089880174384682,-0.027716550783495737,-0.04502493089325948,-0.031241726066466382,-0.0793416820514506,-0.05305039185764059,-0.09162162993729106,-0.1020555487866425
2025-10-31 03:00:00+00:00,-0.3905179460849971,-0.283365132687838,-0.009089880174384682,-0.028112388493380786,-0.045385547044935394,-0.031788044616864394,-0.0793416820514506,-0.05344962115555329,-0.09240100909421169,-0.1047230252506231
2025-10-31 04:00:00+00:00,-0.3905179460849971,-0.28697927248523114,-0.009089880174384682,-0.028664118762385574,-0.044832780958809694,-0.03221293124414542,-0.0808654480818256,-0.054062994271128845,-0.09322354038471753,-0.10766443817095707
2025-10-31 05:00:00+00:00,-0.3905179460849971,-0.28697927248523114,-0.008846648146818594,-0.0290721192046146,-0.044832780958809694,-0.032395186315221196,-0.08137460106185315,-0.05424889541069281,-0.09240100909421169,-0.11009064455301913
2025-10-31 06:00:00+00:00,-0.3905179460849971,-0.28157878407435394,-0.008846648146818594,-0.02120448341497419,-0.03776296380550186,-0.01769676199169955,-0.07735198947009739,-0.04873267763169721,-0.09240100909421169,-0.10673466085371863
2025-10-31 07:00:00+00:00,-0.3905179460849971,-0.27466892326755993,0.007284760224369987,-0.013257226541748202,-0.03776296380550186,-0.010111333900878313,-0.07735198947009739,-0.04307347032913968,-0.08251604061469812,-0.12797647714226854
2025-10-31 08:00:00+00:00,-0.3905179460849971,-0.26782391624802965,0.041040686000231544,-0.009360639916389489,-0.04141545876815923,0.012004317528801147,-0.07735198947009739,-0.04307347032913968,-0.06385344299992839,-0.14193310801654013
2025-10-31 09:00:00+00:00,-0.40049741388937554,-0.2610412615534221,0.041040686000231544,-0.009360639916389489,-0.04500187324204517,0.0046957423050432,-0.08176709848413737,-0.03765628490715635,-0.04495532334200049,-0.15098916608493024
2025-10-31 10:00:00+00:00,-0.40049741388937554,-0.2663868895596412,0.057761228430332615,-0.0017095804634260777,-0.03465125418161689,-0.0025743974934411434,-0.08176709848413737,-0.03254427668362291,-0.03565481230099102,-0.15448564923698951
2025-10-31 11:00:00+00:00,-0.4145493822082945,-0.2663868895596412,0.0910231974419447,-0.0017095804634260777,-0.020376636361797137,-0.0025743974934411434,-0.08176709848413737,-0.011608117857093486,0.0033963258188240385,-0.16930479507239815
2025-10-31 12:00:00+00:00,-0.4376283123660291,-0.2663868895596412,0.0910231974419447,0.006051527815039395,-0.020376636361797137,-0.0025743974934411434,-0.08176709848413737,-0.011608117857093486,0.023045874692859153,-0.1847676178654656
2025-10-31 13:00:00+00:00,-0.4376283123660291,-0.2663868895596412,0.0910231974419447,0.013787827873041803,-0.0275969676934941,-0.0025743974934411434,-0.0897892378836485,-0.022298799938532468,0.023045874692859153,-0.21739568020523903
2025-10-31 14:00:00+00:00,-0.4376283123660291,-0.2663868895596412,0.0910231974419447,0.021492560455455653,-0.0275969676934941,0.01179620271220893,-0.09781763170094708,-0.03310572880238746,0.003447157049556842,-0.24996274210326583
2025-10-31 15:00:00+00:00,-0.4376283123660291,-0.2663868895596412,0.12437652107925214,0.02916673674451083,-0.02041608883690067,0.040971207355876234,-0.10585309672234904,-0.022298799938532468,0.0233892924102529,-0.27332628564143574
2025-10-31 16:00:00+00:00,-0.4227550163509533,-0.2663868895596412,0.12437652107925214,0.013921243521826302,-0.02741985665835381,0.05521986063323718,-0.09821897059369908,-0.011775863265212532,0.003653208498194399,-0.2477018324826421
2025-10-31 17:00:00+00:00,-0.4078362199558971,-0.2663868895596412,0.08807937362442668,0.013921243521826302,-0.034325726515285315,0.05521986063323718,-0.10559778940420064,-0.022203005128325053,0.003653208498194399,-0.22240910457152427
2025-10-31 18:00:00+00:00,-0.39715338414250634,-0.27587678549671285,0.054542208186889,-0.001262031867781729,-0.05440652117385852,0.040648982044541586,-0.10559778940420064,-0.032482220396881596,-0.015446523803152184,-0.20727400022553594
2025-10-31 19:00:00+00:00,-0.38629495950692216,-0.2992084298967124,-0.005820232748899241,-0.016137900727690356,-0.07382391492177907,0.02627006809821474,-0.10559778940420064,-0.032482220396881596,0.003653208498194399,-0.19992057928405182
2025-10-31 20:00:00+00:00,-0.3708690599785046,-0.29384986397016,-0.052381648357593555,-0.018742680069876325,-0.07884394966726532,0.007148938759108728,-0.09217221568744995,-0.021230418664887535,0.009838379358865635,-0.18680201262954174
2025-10-31 21:00:00+00:00,-0.35446255122639325,-0.28947972443262,-0.09533274389811715,-0.010279649759796696,-0.07949182534803739,-0.005325455350968292,-0.07849330089582883,-0.004350314577002295,0.006211708419970024,-0.17630167623744314
2025-10-31 22:00:00+00:00,-0.35446255122639325,-0.2931904386349506,-0.09533274389811715,-0.017805951500996023,-0.08592079118047939,0.0020060721820514397,-0.08237906136084079,-0.015409750359708188,-0.01410199206111279,-0.17630167623744314
2025-10-31 23:00:00+00:00,-0.35446255122639325,-0.2931904386349506,-0.10836859150659214,-0.017805951500996023,-0.08182416241685293,0.0020060721820514397,-0.09208691154816454,-0.027118226406466387,-0.0349220519487445,-0.17630167623744314
2025-11-01 00:00:00+00:00,-0.35446255122639325,-0.3071082815058917,-0.12154925465013591,-0.02978366273409492,-0.10372288498986841,0.0020060721820514397,-0.09208691154816454,-0.05155635138786449,-0.045903377407701854,-0.1822326845833346
2025-11-01 01:00:00+00:00,-0.35446255122639325,-0.32140687265285434,-0.1348905934182505,-0.04230303232564341,-0.12312573675317011,0.009106473669105544,-0.08708208277165398,-0.05782462264955435,-0.05723534409665177,-0.18829866648996127
2025-11-01 02:00:00+00:00,-0.34782218151058136,-0.32908204241785477,-0.13574887131121688,-0.04296453695357207,-0.1257595024803272,0.009106473669105544,-0.08516579299153089,-0.06056039272835473,-0.05723534409665177,-0.19019214895472336
2025-11-01 03:00:00+00:00,-0.34782218151058136,-0.33300126510740474,-0.13867963811489648,-0.043858432938527835,-0.12852333952412504,0.00905983482343557,-0.08516579299153089,-0.062086192213560695,-0.05929521851748128,-0.18829866648996127
2025-11-01 04:00:00+00:00,-0.34782218151058136,-0.33714836234915035,-0.13755391718405552,-0.04481009389903504,-0.12998966629170777,0.009017654113249065,-0.08580209335943041,-0.062086192213560695,-0.05929521851748128,-0.18646518564465553
2025-11-01 05:00:00+00:00,-0.34782218151058136,-0.3415418734215064,-0.13664481323510108,-0.04548033469567257,-0.12998143027652967,0.009040027030818715,-0.08649432079340642,-0.06235607520438858,-0.05942435241627178,-0.18468867371956646
2025-11-01 06:00:00+00:00,-0.346290653802937,-0.33525947853490057,-0.125742512231106,-0.05353109222707582,-0.13020243452869956,0.013500379809109299,-0.08502961234298341,-0.06090397653926235,-0.05434149531768843,-0.17401792008249917
2025-11-01 07:00:00+00:00,-0.35708750932549677,-0.32899714299208027,-0.11151789457026925,-0.04464631513638357,-0.10562815841247107,0.013500379809109299,-0.08058638469545269,-0.054107999133396784,-0.03318216174686179,-0.19357542581788412
2025-11-01 08:00:00+00:00,-0.3680725673479465,-0.32116138099593033,-0.0826669152716788,-0.04035168657063143,-0.08677677429299538,0.013500379809109299,-0.08058638469545269,-0.04085108345540463,-0.011275347371496066,-0.21860322444610572
2025-11-01 09:00:00+00:00,-0.3680725673479465,-0.3134529631855833,-0.07000142867066428,-0.031991136128716104,-0.07985669462174604,0.0066993164848796905,-0.08058638469545269,-0.03477705766562457,-0.011275347371496066,-0.23826234665597296
2025-11-01 10:00:00+00:00,-0.3680725673479465,-0.3134529631855833,-0.05881538943684669,-0.02411881248772165,-0.06838346212260032,-0.006561049553158672,-0.08058638469545269,-0.023448157870421607,0.0,-0.2464832572692423
2025-11-01 11:00:00+00:00,-0.37875043256798907,-0.30871536837735536,-0.013046884427337037,-0.007543965895786319,-0.054966590080045744,-0.009236311923806315,-0.08350513876767761,0.001082265029635548,0.006456674070493163,-0.2623735149577567
2025-11-01 12:00:00+00:00,-0.3737290009328774,-0.3038131385448844,-0.013882008502587858,-0.006994827393517961,-0.05853110391478716,-0.025513660818077915,-0.07442327230262204,0.008401624361996114,-0.010758570077797732,-0.28755774794324745
2025-11-01 13:00:00+00:00,-0.3899834061795494,-0.29158365524476904,0.011567283430261255,-0.015378681076912223,-0.07322031905337385,-0.06565296471755588,-0.08277827787652033,0.008401624361996114,-0.035219398942629696,-0.3337038644251697
2025-11-01 14:00:00+00:00,-0.4061311613659893,-0.2793924183976861,-0.013882008502587858,-0.023777534401550327,-0.07322031905337385,-0.10580152992520098,-0.08277827787652033,0.008401624361996114,-0.035219398942629696,-0.373993535726657
2025-11-01 15:00:00+00:00,-0.4061311613659893,-0.26723680391166676,-0.013882008502587858,-0.015378681076912223,-0.06602258962196053,-0.13181580838894563,-0.07442327230262204,0.008401624361996114,-0.035219398942629696,-0.41459562007347556
2025-11-01 16:00:00+00:00,-0.3907365675080182,-0.2787237624148016,-0.013882008502587858,-0.007236640904779446,-0.07293255271398144,-0.1053635570000377,-0.07442327230262204,-0.003505447755345249,-0.035219398942629696,-0.37590758828603976
2025-11-01 17:00:00+00:00,-0.3752269195321379,-0.2787237624148016,-0.038069047122733214,-0.01534207480185819,-0.0796977218979854,-0.09252997364020016,-0.066630794816548,-0.03778159946300599,-0.035219398942629696,-0.331902683205614
2025-11-01 18:00:00+00:00,-0.3639166569078356,-0.2685508219336698,-0.08319826030288,-0.03132613863567187,-0.08628561069804956,-0.08017190804761837,-0.07442327230262204,-0.07963660605176003,-0.057705057689263456,-0.30511989288699887
2025-11-01 19:00:00+00:00,-0.3457680157222657,-0.26168745599462007,-0.10353972644556247,-0.03181968924418181,-0.0839302021140239,-0.057742239141664486,-0.07256247894296868,-0.10516172216040674,-0.06343279912955593,-0.29266710607250757
2025-11-01 20:00:00+00:00,-0.32941468334827684,-0.24519173210395473,-0.14774423240492515,-0.024546653379369517,-0.08095001525522982,-0.054151485328817285,-0.05860020798407387,-0.12284689719884702,-0.035982372954820964,-0.28225774581772894
2025-11-01 21:00:00+00:00,-0.32941468334827684,-0.24519173210395473,-0.16523471739041556,-0.028492136964502427,-0.08719274010731198,-0.04771532074750491,-0.05860020798407387,-0.14449452848386948,-0.024447474576437388,-0.28450335191394915
2025-11-01 22:00:00+00:00,-0.32941468334827684,-0.2499012984440296,-0.18786091451448542,-0.04447810986280601,-0.10444819371780012,-0.034362840927141626,-0.06263600095420892,-0.16860803459035695,-0.037455401951408875,-0.2873134328359185
2025-11-01 23:00:00+00:00,-0.32941468334827684,-0.26311234325147814,-0.20095431808855596,-0.05310095018077928,-0.13473019715593576,-0.041456472901746796,-0.06728393118855816,-0.19452054672096253,-0.02495217750086293,-0.29041709034393104
2025-11-02 00:00:00+00:00,-0.3453438261468351,-0.2899902089605973,-0.21439330760179368,-0.06709978314211122,-0.1394403384866792,-0.048949985069424586,-0.07200408018068477,-0.22368475099830692,-0.012218641587050324,-0.2862473310784409
2025-11-02 01:00:00+00:00,-0.3453438261468351,-0.30741102470618475,-0.24403096308453623,-0.09122075273636218,-0.1564143176426483,-0.048949985069424586,-0.08187582831081147,-0.24011369020034837,-0.037455401951408875,-0.2815790811480915
2025-11-02 02:00:00+00:00,-0.3520082646445917,-0.3125593566422655,-0.2474545247436846,-0.09482576452524658,-0.16269121199350237,-0.048949985069424586,-0.08250409388160183,-0.2419487057576647,-0.03835617149233349,-0.2815790811480915
2025-11-02 03:00:00+00:00,-0.3520082646445917,-0.31807925993005565,-0.24445115101546008,-0.09644986425284566,-0.16786955729357042,-0.049230812034880556,-0.08250409388160183,-0.2424368214818058,-0.03835617149233349,-0.279220767754903
2025-11-02 04:00:00+00:00,-0.3520082646445917,-0.3302463486582727,-0.2468449941689626,-0.09822430453628565,-0.1701805499497028,-0.048949985069424586,-0.08315001147028037,-0.23929767107978608,-0.039293817800569716,-0.27694810751902477
2025-11-02 05:00:00+00:00,-0.3520082646445917,-0.3370865848643865,-0.24470430801972584,-0.09917374571741934,-0.1693751872841415,-0.048949985069424586,-0.08316631728378372,-0.23000797155486757,-0.040419342838725024,-0.2760863202959829
2025-11-02 06:00:00+00:00,-0.3519676567589778,-0.3269013924308022,-0.2364906494816206,-0.10093975342088313,-0.16768181307700789,-0.05362088440317359,-0.08920998117507821,-0.2157383979265119,-0.03221303081400667,-0.2717927748443121
2025-11-02 07:00:00+00:00,-0.36497224389626887,-0.31769898674392977,-0.21026652293187137,-0.09534378399267918,-0.15343435914975861,-0.06937406967827352,-0.08415944629152823,-0.17029832870412745,-0.01808127313787039,-0.27894664850012363
2025-11-02 08:00:00+00:00,-0.37827767220015385,-0.308644885033793,-0.18523031675876242,-0.0898501152605656,-0.130787585906518,-0.06937406967827352,-0.07918879312182046,-0.13066590274953865,-0.004522798248249399,-0.29359166651219937
2025-11-02 09:00:00+00:00,-0.3919040352510276,-0.2997324016851734,-0.1743801123285162,-0.07982212151954649,-0.11974432771238523,-0.07727405205458342,-0.07447650490011391,-0.10684662132484112,-0.017671316937295425,-0.29803961494848147
2025-11-02 10:00:00+00:00,-0.3919040352510276,-0.2928929642220058,-0.1551339812519882,-0.06535422939579938,-0.12594798842077992,-0.07727405205458342,-0.06998094041243112,-0.08617291606977723,-0.017671316937295425,-0.3064703122421898
2025-11-02 11:00:00+00:00,-0.378638997071724,-0.28440719935500414,-0.14069064367968798,-0.057908100838029206,-0.11284223416609034,-0.08315434265565234,-0.0722989622846946,-0.06516150103871887,0.004026374548552418,-0.3217052624430681
2025-11-02 12:00:00+00:00,-0.3842210638724891,-0.26288313876215824,-0.12567180272582765,-0.054707621706991845,-0.11430459856373304,-0.12236286291497173,-0.06998151611273941,-0.03726376517944541,-0.000555652889278352,-0.33755882598772047
2025-11-02 13:00:00+00:00,-0.3842210638724891,-0.2482937656214961,-0.10337138160651803,-0.035322603188415125,-0.11430459856373304,-0.17358296545057528,-0.06092949311662226,-0.012295358079950063,-0.028334092382452214,-0.34686691803848957
2025-11-02 14:00:00+00:00,-0.3842210638724891,-0.22056842052658454,-0.10337138160651803,-0.02569359545230192,-0.11430459856373304,-0.20790643550773233,-0.05191554503869679,0.006312079830044043,-0.057280531939472246,-0.3664776030667383
2025-11-02 15:00:00+00:00,-0.36473727230879815,-0.2058003230528315,-0.10337138160651803,-0.02569359545230192,-0.11430459856373304,-0.20790643550773233,-0.04293842902963548,0.018700098042914212,-0.057280531939472246,-0.3934379758008735
2025-11-02 16:00:00+00:00,-0.34187293283753917,-0.2058003230528315,-0.12481367955720626,-0.03470957743143164,-0.12185247456753757,-0.20790643550773233,-0.05135706160251234,0.0008841847523755999,-0.08474833029384311,-0.38767304679802417
2025-11-02 17:00:00+00:00,-0.3239352221707086,-0.2058003230528315,-0.1463003782457613,-0.03470957743143164,-0.12185247456753757,-0.19443066563900913,-0.05135706160251234,-0.022804952469391047,-0.08474833029384311,-0.38187150544564397
2025-11-02 18:00:00+00:00,-0.29176714364532746,-0.2058003230528315,-0.1924155413506089,-0.05250774807135813,-0.13575455627635147,-0.1681646394047166,-0.05960458188620005,-0.046387342895868953,-0.10974583843603075,-0.38970143953306313
2025-11-02 19:00:00+00:00,-0.25788071477809626,-0.2058003230528315,-0.21446471196897599,-0.05250774807135813,-0.14894862254134225,-0.14045672228138348,-0.06762767719153713,-0.06956279899442495,-0.1369895147101124,-0.40359459886147986
2025-11-02 20:00:00+00:00,-0.24229086783879933,-0.2058003230528315,-0.2548871662313425,-0.05250774807135813,-0.16785706342138573,-0.1265843067672196,-0.07555316773997849,-0.08691034182971086,-0.1369895147101124,-0.4182873330635507
2025-11-02 21:00:00+00:00,-0.23819110411674851,-0.2025911603240456,-0.26591363631791004,-0.056517520418717826,-0.18172435708303733,-0.1265843067672196,-0.07555316773997849,-0.09777651568377237,-0.14724838386533898,-0.4136928620717601
2025-11-02 22:00:00+00:00,-0.22957743478784828,-0.2025911603240456,-0.26591363631791004,-0.06079494255788982,-0.17688349282925422,-0.11984355200055762,-0.07158736608667476,-0.10711640426478573,-0.14724838386533898,-0.4144702632919429
2025-11-02 23:00:00+00:00,-0.242791786445948,-0.2025911603240456,-0.28143072951502185,-0.06575624300511902,-0.18672839427743232,-0.12781198502321314,-0.07158736608667476,-0.12377894579349123,-0.178784690598959,-0.4163392433863391
2025-11-03 00:00:00+00:00,-0.242791786445948,-0.2025911603240456,-0.29768166185495887,-0.07101165075022901,-0.1687241080686428,-0.12781198502321314,-0.07158736608667476,-0.1403453242018857,-0.16466777201623084,-0.41290301546713987
2025-11-03 01:00:00+00:00,-0.242791786445948,-0.2025911603240456,-0.31474710176097864,-0.07101165075022901,-0.161020604427478,-0.12781198502321314,-0.07626096423020079,-0.1565107924279736,-0.16466777201623084,-0.41290301546713987
2025-11-03 02:00:00+00:00,-0.242791786445948,-0.2025911603240456,-0.3208201136468615,-0.0714941965097275,-0.15902789597164563,-0.12781198502321314,-0.07667392295618727,-0.15730413650929012,-0.16908706651766656,-0.41290301546713987
2025-11-03 03:00:00+00:00,-0.242791786445948,-0.2025911603240456,-0.32738607076495413,-0.07272936239704562,-0.1581398652636504,-0.12781198502321314,-0.07667392295618727,-0.1592352675285588,-0.16908706651766656,-0.41290301546713987
2025-11-03 04:00:00+00:00,-0.242791786445948,-0.1982484535198085,-0.3345093290283991,-0.07327776078976539,-0.1581398652636504,-0.12825661029282528,-0.07710071083334806,-0.1604585345064092,-0.16908706651766656,-0.41290301546713987
2025-11-03 05:00:00+00:00,-0.242791786445948,-0.2011282424240937,-0.3345093290283991,-0.07327776078976539,-0.15713734912919208,-0.12746175347727437,-0.07729641262434366,-0.16048867292235383,-0.174509754642054,-0.41370899574288905
2025-11-03 06:00:00+00:00,-0.2542300452346338,-0.19366167169592657,-0.3345093290283991,-0.06277648205731858,-0.1596921678998182,-0.11679597403708754,-0.06770915107839416,-0.14713186229762984,-0.16017925156415733,-0.40358070070402463
2025-11-03 07:00:00+00:00,-0.2708303946512497,-0.18484944959966187,-0.32291316285413063,-0.06277648205731858,-0.17238716183351385,-0.11679597403708754,-0.06273143595168076,-0.13684468207258274,-0.16017925156415733,-0.3736991341997865
2025-11-03 08:00:00+00:00,-0.2708303946512497,-0.17614902120575243,-0.2938136523190424,-0.05749290887067073,-0.17491121613772573,-0.11679597403708754,-0.057821069664328664,-0.126597689763206,-0.16017925156415733,-0.3511729039447419
2025-11-03 09:00:00+00:00,-0.2708303946512497,-0.16755518798526187,-0.2823392709155735,-0.0422958436139442,-0.17946470668251402,-0.09723060169987882,-0.05310093984178194,-0.11329128121406423,-0.16017925156415733,-0.3393279278943689
2025-11-03 10:00:00+00:00,-0.2708303946512497,-0.1538779372085464,-0.2708303946512071,-0.02796874605289029,-0.1922707941418152,-0.06999368542751191,-0.03943954681624333,-0.10105939912168652,-0.16017925156415733,-0.3261129485670198
2025-11-03 11:00:00+00:00,-0.24670626789088224,-0.13887496982408987,-0.2467062678910181,0.012369428054697783,-0.21112494855572786,-0.034884437869936974,-0.013037729760464767,-0.07517823753169543,-0.1271240386760168,-0.2955843909130273
2025-11-03 12:00:00+00:00,-0.20200904186025198,-0.12380851607007758,-0.22237585160447063,0.05358554365200684,-0.2304196542763242,0.015894145922859905,0.013170992549691462,-0.04137390232352231,-0.1271240386760168,-0.26358921872091395
2025-11-03 13:00:00+00:00,-0.22703073446479646,-0.10867329823573126,-0.16949650155549267,0.07380960872212593,-0.2353090559097295,0.06231785604309515,0.03921225106284829,-0.0001422409990284362,-0.09545615099042548,-0.22493261958499494
2025-11-03 14:00:00+00:00,-0.22703073446479646,-0.07760406820371678,-0.11751308667335766,0.09385194459055593,-0.24993194316448508,0.104638919192751,0.06511073925303121,0.028016863999249512,-0.06502395201100894,-0.18007197095749777
2025-11-03 15:00:00+00:00,-0.220164731785835,-0.03790793959787428,-0.12577106340676436,0.10549088317983162,-0.26795724322106307,0.12783240589294145,0.08448457293690047,0.03899461836187557,-0.0608903851481439,-0.12886981664330283
2025-11-03 16:00:00+00:00,-0.220164731785835,-0.06712239398759211,-0.17318658342195412,0.08580386613883406,-0.25273095213912894,0.08363252403503435,0.059290072722814904,0.01231307215985889,-0.03432162345132143,-0.16178846834429167
2025-11-03 17:00:00+00:00,-0.220164731785835,-0.09634035774743235,-0.19491216150365792,0.05635890728202921,-0.23817805839078138,0.06932661854269326,0.05088377628221723,0.005547344464152225,-0.006759763957443387,-0.19441894727878095
2025-11-03 18:00:00+00:00,-0.220164731785835,-0.09634035774743235,-0.21622345476515634,0.04654909764305619,-0.21484472367376484,0.040541671649532006,0.04256621963256283,-0.014847558959429236,-0.006759763957443387,-0.21970938856199546
2025-11-03 19:00:00+00:00,-0.220164731785835,-0.08325097116268937,-0.21622345476515634,0.03686929088175631,-0.1914086687570397,0.013491054148523255,0.026129907682599134,-0.03531221077928226,-0.1692341318634394,-0.2391130103099471
2025-11-03 20:00:00+00:00,-0.24852398872812154,-0.0919835805523744,-0.22661471868787972,0.02882033342408669,-0.17857752129257892,-0.02105795215509441,-0.015839016136062135,-0.048640126844006176,-0.2125350656478778,-0.2547830337602989
2025-11-03 21:00:00+00:00,-0.25192765905233067,-0.0919835805523744,-0.21774890904228203,0.02882033342408669,-0.17681411210900147,-0.043088054236042075,-0.026231030348355198,-0.05888896549178324,-0.22034440875933975,-0.25812398782719975
2025-11-03 22:00:00+00:00,-0.2437582395627303,-0.09811936813190172,-0.23097309320201595,0.033342777304287065,-0.169820720500257,-0.05962115142916892,-0.02975689559144268,-0.06613207674043887,-0.2229520266628592,-0.261444710477607
2025-11-03 23:00:00+00:00,-0.2567267123496905,-0.10572814940659296,-0.24449114509693223,0.029170878681853515,-0.169820720500257,-0.07145556435922013,-0.02975689559144268,-0.0853103931694881,-0.2229520266628592,-0.2710984416685801
2025-11-04 00:00:00+00:00,-0.23925654588347714,-0.09737875637908854,-0.24449114509693223,0.033342777304287065,-0.14795187335601187,-0.0842954858380451,-0.02593793701125764,-0.09693454343170842,-0.2284085500789147,-0.2803702631453824
2025-11-04 01:00:00+00:00,-0.24966367920396446,-0.10416094978092279,-0.2566363500078908,0.01725325349356832,-0.14744237782637498,-0.11042694565959238,-0.046171086796229034,-0.1179227916090677,-0.23304365926596887,-0.2920449389787353
2025-11-04 02:00:00+00:00,-0.25561992012823276,-0.10325975016702513,-0.2500421513673687,0.016579244366338564,-0.1467354167556259,-0.1122077961587274,-0.047175966552973216,-0.11912329045034915,-0.23318111959156596,-0.2933603826060577
2025-11-04 03:00:00+00:00,-0.25561992012823276,-0.1023987785875641,-0.2484746141047546,0.01603404963660646,-0.1463966683226369,-0.11414004645716443,-0.0474390026556541,-0.12178125768291681,-0.2337085743119666,-0.2958502747437621
2025-11-04 04:00:00+00:00,-0.24966367920396446,-0.10157563359821643,-0.24700680697636124,0.015792251405396574,-0.14617763160649305,-0.11629504864134542,-0.047612605401598486,-0.12466815535396558,-0.23376910005086723,-0.2984512059052799
2025-11-04 05:00:00+00:00,-0.24966367920396446,-0.10078811260852863,-0.24563362284625742,0.01521171262026968,-0.1463834111986942,-0.11651586482679314,-0.047594157671207823,-0.12675161864553056,-0.23335975630576533,-0.30117000376398245
2025-11-04 06:00:00+00:00,-0.25823895566415644,-0.1078423417921635,-0.24324471142527174,0.0140576141706693,-0.14571663393851364,-0.0930018173726776,-0.036973370795270286,-0.12790773774850073,-0.22815917521604998,-0.29935742350481326
2025-11-04 07:00:00+00:00,-0.25823895566415644,-0.10019771334551025,-0.24324471142527174,0.009672957971115961,-0.15714026795067593,-0.07096400881327873,-0.032903998567745806,-0.12790773774850073,-0.21909930687569448,-0.2718835587532764
2025-11-04 08:00:00+00:00,-0.2434523181361202,-0.10019771334551025,-0.24324471142527174,0.009672957971115961,-0.16010930805145968,-0.04293791772387094,-0.020775959720150065,-0.12377478906887826,-0.21332343218164132,-0.24505922302348207
2025-11-04 09:00:00+00:00,-0.2434523181361202,-0.10019771334551025,-0.22905048610807707,0.005221812973029375,-0.16010930805145968,-0.01147258450446253,-0.009124551516907225,-0.12017906028581472,-0.20501500514447857,-0.2225976602170532
2025-11-04 10:00:00+00:00,-0.2434523181361202,-0.09325923067536997,-0.2190264064744717,0.000733960225177891,-0.16010930805145968,0.019880098777867714,-0.0015096770941874814,-0.11368763394139914,-0.19969206307307072,-0.20535676968255923
2025-11-04 11:00:00+00:00,-0.2289030331551373,-0.09194054728869341,-0.22686174661521757,-0.004355407306439535,-0.14856999646300761,0.06723072948795882,0.01862354549933474,-0.12347317093733894,-0.19682707123361715,-0.18103375891425286
2025-11-04 12:00:00+00:00,-0.21495057018368685,-0.07649140626717277,-0.21385034435026376,-0.0007793960283434832,-0.13494126211101282,0.11229245350316186,0.034325710470316885,-0.1289898830971756,-0.18327603417034616,-0.15137728114475968
2025-11-04 13:00:00+00:00,-0.21495057018368685,-0.06242311959245049,-0.16852370765159266,0.024882183595836684,-0.12040473120096051,0.18055704803327413,0.05637429950284884,-0.1289898830971756,-0.16676048396906093,-0.10176913565670902
2025-11-04 14:00:00+00:00,-0.193625242303517,-0.048459509799365974,-0.10396869567732898,0.05044037292277396,-0.09656171513365973,0.24699668072312272,0.07804641296096002,-0.12170461684932034,-0.1503419775636979,-0.05661163643270517
2025-11-04 15:00:00+00:00,-0.18889801139194062,-0.02731485035284496,-0.08035309037402484,0.04846140588010767,-0.07932466206326876,0.31363209920737295,0.1057044920077573,-0.12252947925297683,-0.137036791314718,-0.010081613658124305
2025-11-04 16:00:00+00:00,-0.18889801139194062,-0.04093502116442838,-0.1269747114537516,0.03997591878826792,-0.09674818363001202,0.2563072395747182,0.0834915690685135,-0.1134185346839717,-0.1477470998955071,-0.05688740931673599
2025-11-04 17:00:00+00:00,-0.20937789429443154,-0.05447384902450668,-0.1489359130952073,0.03997591878826792,-0.11754200330239484,0.19438749390249943,0.0611176682000553,-0.10494509966749767,-0.16356613365230183,-0.10456028913832043
2025-11-04 18:00:00+00:00,-0.20937789429443154,-0.06793616137197847,-0.1489359130952073,0.03997591878826792,-0.12171768539609937,0.14544438978231386,0.03894333161994326,-0.08833511864232346,-0.1688307382712942,-0.14523710404169066
2025-11-04 19:00:00+00:00,-0.19951682119791983,-0.08610044031532484,-0.15820513544193365,0.03681351918805052,-0.134375256293755,0.09729587469616247,0.013737901769937647,-0.0671375056255603,-0.17747310831799606,-0.16226478720521723
2025-11-04 20:00:00+00:00,-0.19951682119791983,-0.09708203734025014,-0.16515559457740678,0.04133199998208465,-0.14410426531261483,0.07414569072199417,0.003268283634547659,-0.04033920492445848,-0.1802041216399827,-0.16428437973257265
2025-11-04 21:00:00+00:00,-0.19951682119791983,-0.09708203734025014,-0.16515559457740678,0.0457843959258579,-0.14410426531261483,0.0519187801041772,-0.003513593660858963,-0.0006629336290098944,-0.18549269096426868,-0.16769734550830434
2025-11-04 22:00:00+00:00,-0.19951682119791983,-0.09708203734025014,-0.1749110979656348,0.05463917133027884,-0.1358986646675702,0.030965499354087603,-0.006883523265545453,0.02369385495782831,-0.18842848940811216,-0.1696757535022662
2025-11-04 23:00:00+00:00,-0.19951682119791983,-0.09708203734025014,-0.1749110979656348,0.0622292446136113,-0.12986577501243515,0.025888178774721233,-0.013769134991978316,0.03319811006017631,-0.19413742834006606,-0.1753776855843417
2025-11-05 00:00:00+00:00,-0.19951682119791983,-0.08196483217300396,-0.1749110979656348,0.06585421845728259,-0.13230653214699165,0.015616307464024962,-0.013769134991978316,0.03319811006017631,-0.20308324051818774,-0.17895502308906858
2025-11-05 01:00:00+00:00,-0.2100188614743467,-0.08800650236517774,-0.16443236125487973,0.06077732755135522,-0.1331256065628049,0.004855860978970329,-0.027635047465541043,0.023539783161153464,-0.2068217090745791,-0.1962752867349183
2025-11-05 02:00:00+00:00,-0.2100188614743467,-0.08706084969551064,-0.16548893930586075,0.05943059616093691,-0.13245512469398102,0.004739281604691932,-0.027331084303729755,0.023439926561173934,-0.2068217090745791,-0.19843907824826965
2025-11-05 03:00:00+00:00,-0.2100188614743467,-0.08614487872784878,-0.16479647385869192,0.058750496847470364,-0.13209542486120612,0.004621649569137486,-0.028118345873039886,0.023552128818643606,-0.20744072424065232,-0.20301081132825746
2025-11-05 04:00:00+00:00,-0.2100188614743467,-0.08525708563346082,-0.16479647385869192,0.05848377232561201,-0.13209542486120612,0.0042619439523274155,-0.028618136344701988,0.02442017150577953,-0.20786462984994003,-0.2079427449601942
2025-11-05 05:00:00+00:00,-0.2100188614743467,-0.08525708563346082,-0.166000895584494,0.05819296625863946,-0.13209542486120612,0.0036621438634618,-0.028618136344701988,0.026323500729048578,-0.20807573954116781,-0.21147555181870634
2025-11-05 06:00:00+00:00,-0.2099245309362666,-0.08557071714450325,-0.17563682595580538,0.058456231074755886,-0.12406499509765982,0.017996362672774564,-0.022274320021274455,0.02473655479436338,-0.2054290553678543,-0.2109577668171906
2025-11-05 07:00:00+00:00,-0.1969196890552691,-0.08557071714450325,-0.17563682595580538,0.055085732531256225,-0.12406499509765982,0.038198099957963014,-0.015553668586628025,-0.010788873931998672,-0.2028195705977385,-0.1846392736344099
2025-11-05 08:00:00+00:00,-0.18427118664545236,-0.07911326921490303,-0.16060349648205582,0.044450420952437446,-0.13115474610443015,0.05272410668628786,-0.008964007448410909,-0.05783566862710583,-0.20021479421883762,-0.1627021626788654
2025-11-05 09:00:00+00:00,-0.18427118664545236,-0.07276769609570025,-0.14895249967196686,0.040857377558094425,-0.13328566517166845,0.072082770108131,-0.002506297150171145,-0.09693711272104122,-0.19563218486512066,-0.14488189695006418
2025-11-05 10:00:00+00:00,-0.18427118664545236,-0.06688035180415247,-0.14895249967196686,0.025861380858387403,-0.13150050051799667,0.09259892851862027,0.0006959125039004538,-0.11794713217045275,-0.19343870414188027,-0.13151859310310055
2025-11-05 11:00:00+00:00,-0.18159260681513367,-0.05503361920861504,-0.12574812725500223,0.01879150969449286,-0.1243059152374962,0.11444266526669974,0.009382131343249812,-0.14772763271915426,-0.18986232383776974,-0.1220552174619598
2025-11-05 12:00:00+00:00,-0.17899729843835196,-0.043635084933898095,-0.103683864858834,0.015860366844885305,-0.10897493914703578,0.14425226293847404,0.014665839779363187,-0.1767039793956075,-0.18136918758597098,-0.10698826251514566
2025-11-05 13:00:00+00:00,-0.17899729843835196,-0.03231511186764397,-0.0619808430039885,-0.006516986142516818,-0.09645995620708613,0.2011003542658577,0.020990201292689012,-0.21917424649636286,-0.17138264986985305,-0.07722240504373583
2025-11-05 14:00:00+00:00,-0.17899729843835196,-0.03231511186764397,-0.0040781012995189814,-0.014061471099422943,-0.08411281399021235,0.2573237683917122,0.03357374560567778,-0.2622984170342022,-0.16139334176534442,-0.047679157670841556
2025-11-05 15:00:00+00:00,-0.2048637651306487,-0.01571966019052238,0.013774216088940588,-0.012781068754819587,-0.058236569543254034,0.2872289135917135,0.05062331614876814,-0.27916995290581115,-0.15497962246713956,-0.024738071347691428
2025-11-05 16:00:00+00:00,-0.2285133750205022,-0.01571966019052238,-0.00644363872159935,0.0031996469830975053,-0.07438320550640219,0.24474618049214453,0.030369383657434523,-0.23097211077625393,-0.17102911453484307,-0.05004614967387242
2025-11-05 17:00:00+00:00,-0.24809284610900922,-0.03918715750507632,-0.04554386475004992,0.0031996469830975053,-0.08628435041929242,0.202757980528029,0.016962911020774255,-0.20456549525041484,-0.18708994785260263,-0.08151229879740624
2025-11-05 18:00:00+00:00,-0.2673675581306782,-0.05064418313941279,-0.08284118562089944,0.011246799987498293,-0.09397542598430723,0.14934257973961612,0.003692313356671644,-0.1919221732695563,-0.19244717765648384,-0.09340445228740343
2025-11-05 19:00:00+00:00,-0.28636318473266775,-0.061647258890582396,-0.10157037716716083,0.011246799987498293,-0.12764121570862894,0.09732202080167314,-0.009419163882923836,-0.15252164059281778,-0.203384055120175,-0.08767092653609927
2025-11-05 20:00:00+00:00,-0.28256859624584174,-0.05756035418650755,-0.10336820942080438,0.024776371478733746,-0.11885297145167395,0.05870817148929932,-0.018281654804068872,-0.12561106424862445,-0.21785277468073116,-0.0684211785704226
2025-11-05 21:00:00+00:00,-0.2867627971534968,-0.06794522334499328,-0.12088232136908424,0.029268325489011034,-0.10786022725535459,0.032206137930278336,-0.031269345004840764,-0.0956653967150483,-0.22071699648721022,-0.06555021886017444
2025-11-05 22:00:00+00:00,-0.2953539514302319,-0.07856194839751338,-0.13186759810824614,0.03797863732561406,-0.11761263980301537,0.007027433886298987,-0.04130765228424653,-0.08581122083413001,-0.2238224032266034,-0.07156749683770953
2025-11-05 23:00:00+00:00,-0.2953539514302319,-0.09046204531928996,-0.15258546688823152,0.03797863732561406,-0.11761263980301537,-0.008034376872195926,-0.0485059573252354,-0.08581122083413001,-0.22981935373889456,-0.0783783336627781
2025-11-06 00:00:00+00:00,-0.2953539514302319,-0.11073025041829138,-0.16415365285398603,0.03797863732561406,-0.12805342410238793,-0.01319218861376554,-0.05621400236106517,-0.0675903529856798,-0.23635079626645342,-0.08623514757645658
2025-11-06 01:00:00+00:00,-0.30638554487807984,-0.1347543727809569,-0.17652620098288954,0.01956346755877541,-0.14840160236519143,-0.034886130624041965,-0.07204389011264993,-0.05846127872497633,-0.24553871233434638,-0.11004201260800132
2025-11-06 02:00:00+00:00,-0.30638554487807984,-0.14060895292864078,-0.1793976983175066,0.019854240181648292,-0.15232808928548783,-0.038267724443979106,-0.07287514649062891,-0.055269055243359844,-0.24640070645666992,-0.11474865788931839
2025-11-06 03:00:00+00:00,-0.30638554487807984,-0.1470484008442417,-0.17939769831750663,0.02014242191709778,-0.15541495581540918,-0.04007814507114971,-0.07546737592814264,-0.055269055243359844,-0.24727177464418643,-0.11825469040563044
2025-11-06 04:00:00+00:00,-0.30638554487807984,-0.15869328962494234,-0.18238450532692702,0.02014242191709778,-0.15701215174897162,-0.04270429448399658,-0.07715403723510254,-0.05423621081429572,-0.24815207042828277,-0.12199256618638805
2025-11-06 05:00:00+00:00,-0.31549303597826267,-0.16061674603473985,-0.1793490660662936,0.009828100670646028,-0.15906976715836232,-0.042018702972489545,-0.08289213279505013,-0.059022023107677166,-0.24996484330521002,-0.13482658171281423
2025-11-06 06:00:00+00:00,-0.309250814741395,-0.15501589001796415,-0.16038405069115097,-0.0004946680124409781,-0.15543559428841872,-0.02371597322717067,-0.07992737642190335,-0.07390646657606374,-0.24996484330521002,-0.13482658171281423
2025-11-06 07:00:00+00:00,-0.29836511155179873,-0.15501589001796415,-0.1515466185184687,-0.0004946680124409781,-0.13761119166808916,0.003096748393562582,-0.07365598508959607,-0.08953796248984648,-0.2456928416111958,-0.13812757002719514
2025-11-06 08:00:00+00:00,-0.29836511155179873,-0.14846191918032117,-0.14069546682464396,-0.003976194653789752,-0.12557187477877196,0.023933309410752737,-0.06748360540848711,-0.09816521599266725,-0.24142314732960998,-0.13456957857001509
2025-11-06 09:00:00+00:00,-0.28771184665961647,-0.14200430250309218,-0.1321058539140182,-0.011013988694381546,-0.11673441684736718,0.04051018011008557,-0.06458995417415929,-0.12217939819177408,-0.23942161637907267,-0.12477710379069967
2025-11-06 10:00:00+00:00,-0.2856240402364057,-0.12030090084461464,-0.11707527895676298,-0.005625210063427357,-0.11085343994486209,0.049869106746427305,-0.06958989318848015,-0.13400288552264672,-0.2357006502582715,-0.11025205822701867
2025-11-06 11:00:00+00:00,-0.2856240402364057,-0.0964167896664013,-0.09927958961251783,-0.01301406191444708,-0.0779972962845459,0.07660983401188849,-0.06958989318848015,-0.14888341668077232,-0.2357006502582715,-0.09766706344063711
2025-11-06 12:00:00+00:00,-0.2856240402364057,-0.0727817474619862,-0.08153203166416234,-0.028001617917825915,-0.0486514529250714,0.11021268855771202,-0.06958989318848015,-0.21247544771912757,-0.22621913772245403,-0.08470090460956657
2025-11-06 13:00:00+00:00,-0.2697756632934816,-0.04936659668355636,-0.06292850725070166,-0.04322482380867905,-0.018763228180978007,0.1409745482793977,-0.06958989318848015,-0.2785101463351773,-0.22134683112578823,-0.07149820576389192
2025-11-06 14:00:00+00:00,-0.26639455146699037,-0.029200497274344175,-0.030450224507099066,-0.05562156877632452,0.018073006738250963,0.18547101748314976,-0.05914847681689489,-0.31299840286228797,-0.21289416601755737,-0.05647840660256169
2025-11-06 15:00:00+00:00,-0.26639455146699037,-0.029200497274344175,0.021647657346543937,-0.07866141947288897,0.06325238547974475,0.24572523859026568,-0.041198459623863766,-0.33652236322564766,-0.20573617055184085,-0.04679286738313575
2025-11-06 16:00:00+00:00,-0.26639455146699037,-0.04211956807631586,0.021647657346543937,-0.06189023768605448,0.029256360142817087,0.21683451439535156,-0.041198459623863766,-0.3036317844913451,-0.2117146215168831,-0.053991253688001825
2025-11-06 17:00:00+00:00,-0.28527361193941936,-0.05492286306994445,0.0017693910132802722,-0.0363561956819698,0.004885307037947063,0.16935742962190423,-0.04785538697706625,-0.3036317844913451,-0.2234846724098608,-0.06821270292248248
2025-11-06 18:00:00+00:00,-0.28527361193941936,-0.06761588305044713,-0.017592125607168496,-0.027726060270153997,-0.029231877828786283,0.13996574850688354,-0.060976218668887104,-0.23633287017354962,-0.2234846724098608,-0.07521212274640278
2025-11-06 19:00:00+00:00,-0.2792066350787106,-0.06712092659979367,-0.023904572186916086,-0.007773356605141077,-0.05513762375352805,0.12423233664928578,-0.05861127660855887,-0.20420819882622407,-0.17739490149790021,-0.0794121844302448
2025-11-06 20:00:00+00:00,-0.2632806535948316,-0.07282076231697071,-0.030462397081778496,0.003630408008455188,-0.07689735252251728,0.10827687545881373,-0.039819364227455044,-0.17708433331926285,-0.08269601821666303,-0.08728492955457305
2025-11-06 21:00:00+00:00,-0.2632806535948316,-0.07865513196026845,-0.04107039020053307,0.008769953772255886,-0.08440581925579238,0.0973411289725586,-0.039819364227455044,-0.17708433331926285,-0.08269601821666303,-0.10094907449744701
2025-11-06 22:00:00+00:00,-0.27310378445954914,-0.08478701473487793,-0.03008701177094546,0.013883944145963062,-0.09294859547890234,0.07143748696477625,-0.039819364227455044,-0.1880902539200292,-0.06986097016877765,-0.11116114429396455
2025-11-06 23:00:00+00:00,-0.27310378445954914,-0.09827770056760482,-0.03008701177094546,0.013883944145963062,-0.12227278170590747,0.05769361966804691,-0.04797988237006357,-0.17708433331926285,-0.06986097016877765,-0.11881577568701518
2025-11-07 00:00:00+00:00,-0.29153576908014844,-0.12136761561614522,-0.04107039020053307,0.008848077635204487,-0.1407035850106589,0.03895642904979754,-0.056753856211443285,-0.13843972202391627,-0.06986097016877765,-0.13195829610151144
2025-11-07 01:00:00+00:00,-0.29153576908014844,-0.12614930579541023,-0.04328607534575994,0.008848077635204487,-0.14809744663322147,0.03692853503204936,-0.05995404975407562,-0.13524119312934285,-0.07383071444328321,-0.13502288109450536
2025-11-07 02:00:00+00:00,-0.29153576908014844,-0.13124718573450422,-0.04863828841366636,0.0074208177143042075,-0.15072652005240386,0.034833502961919796,-0.062088362666653164,-0.1321541414001276,-0.07682122489828212,-0.13672331317321473
2025-11-07 03:00:00+00:00,-0.29153576908014844,-0.13670403291431216,-0.04863828841366636,0.0074208177143042075,-0.15410591109234115,0.03265926216009702,-0.06430887682541177,-0.12803631234253549,-0.07682122489828212,-0.13999325577756533
2025-11-07 04:00:00+00:00,-0.29153576908014844,-0.14257121041585857,-0.0511757940699457,0.0074208177143042075,-0.15410591109234115,0.030795085487940826,-0.06539051505695369,-0.12669870459719584,-0.07383071444328321,-0.14341019780873962
2025-11-07 05:00:00+00:00,-0.30186505246377987,-0.15065246462902782,-0.06010846687983276,-0.006485340153996004,-0.16458014582952088,0.025936437078542644,-0.0751499275090183,-0.12807937865373764,-0.08296239240093295,-0.1579787704907364
2025-11-07 06:00:00+00:00,-0.2966555869875774,-0.14201901015991894,-0.06010846687983276,-0.006485340153996004,-0.1626940526085004,0.029918050375155023,-0.0751499275090183,-0.145491347008323,-0.09804400148658851,-0.15996421302399333
2025-11-07 07:00:00+00:00,-0.2868393372115289,-0.14201901015991894,-0.05234715436346135,-0.006485340153996004,-0.15601874878229116,0.05412602448344365,-0.06903989009668891,-0.145491347008323,-0.11650311687860349,-0.16868552373735904
2025-11-07 08:00:00+00:00,-0.2966555869875774,-0.14201901015991894,-0.05234715436346135,-0.006485340153996004,-0.15364283258257305,0.061037208310730444,-0.06903989009668891,-0.1686007417761972,-0.12506465309113968,-0.17487696034640687
2025-11-07 09:00:00+00:00,-0.2966555869875774,-0.14201901015991894,-0.05234715436346135,-0.013640448481594918,-0.1572377932628914,0.07158053649030595,-0.06903989009668891,-0.1771666917219907,-0.1337104151178952,-0.17782380190410355
2025-11-07 10:00:00+00:00,-0.2953422370198919,-0.1365788336799103,-0.05841024177089795,-0.019196835013001814,-0.15594582682094596,0.07093252197410972,-0.06276031935954803,-0.1931926897272477,-0.1651074316678542,-0.18592987440542544
2025-11-07 11:00:00+00:00,-0.3102232111057498,-0.12503261145106437,-0.024027072764293715,-0.03464846635856208,-0.15135370197373296,0.07093252197410972,-0.06882407872259912,-0.1931926897272477,-0.1651074316678542,-0.19676698451764796
2025-11-07 12:00:00+00:00,-0.32492319938324654,-0.12503261145106437,-0.006233769497539804,-0.04248020730866464,-0.15135370197373296,0.07910296253156801,-0.06882407872259912,-0.22835083307319484,-0.1832273680736279,-0.21336021592692417
2025-11-07 13:00:00+00:00,-0.33447635233673545,-0.12503261145106437,-0.024027072764293715,-0.058724727274789314,-0.14644687154923763,0.07910296253156801,-0.06882407872259912,-0.2393550407577053,-0.22351998837012452,-0.2360071396696074
2025-11-07 14:00:00+00:00,-0.33447635233673545,-0.12503261145106437,-0.024027072764293715,-0.07534905895910704,-0.14644687154923763,0.08701546514258564,-0.0750158430289284,-0.25306650686478216,-0.2813810054169342,-0.2535370436668901
2025-11-07 15:00:00+00:00,-0.33447635233673545,-0.12503261145106437,0.0037402616980683487,-0.07534905895910704,-0.13912770663757842,0.11209415851690868,-0.08465010335065404,-0.2752603438864966,-0.30634705934613665,-0.271452246179222
2025-11-07 16:00:00+00:00,-0.33447635233673545,-0.12503261145106437,0.0037402616980683487,-0.07534905895910704,-0.13912770663757842,0.09220153933329614,-0.06946773107684504,-0.2752603438864966,-0.260703647420467,-0.2486485073026136
2025-11-07 17:00:00+00:00,-0.31541404952124524,-0.12503261145106437,-0.01806169124528427,-0.07534905895910704,-0.12859462804668878,0.08213197812301082,-0.06946773107684504,-0.2364939450151692,-0.19814663147056122,-0.23394996268229132
2025-11-07 18:00:00+00:00,-0.31541404952124524,-0.12503261145106437,-0.03934992843197152,-0.07534905895910704,-0.20577220357465525,0.06190461247057918,-0.06946773107684504,-0.21853845376611514,-0.15274968865489444,-0.21249030093694862
2025-11-07 19:00:00+00:00,-0.32914460148536157,-0.11218249765853774,-0.048656184010203024,-0.06353813432460607,-0.2151307606320701,0.05117103390011539,-0.06011050572331421,-0.18697963158718653,-0.09919515078636988,-0.1998895795778541
2025-11-07 20:00:00+00:00,-0.32421233221987067,-0.09673114780042628,-0.037181770672090976,-0.06833022976739336,-0.20705621770247873,0.03997807215151015,-0.0562353538010872,-0.1692144712330692,-0.09919515078636988,-0.1891679550843507
2025-11-07 21:00:00+00:00,-0.319288501668763,-0.08852255123392182,-0.048656184010203024,-0.0732586726032975,-0.22533447394849174,0.028921790072617866,-0.06011050572331421,-0.15900789948287494,-0.0734858920629572,-0.1766796625392467
2025-11-07 22:00:00+00:00,-0.319288501668763,-0.09673114780042628,-0.048656184010203024,-0.0732586726032975,-0.21605195884349823,0.012631234528792496,-0.06429951896167667,-0.146734796413242,-0.05915143584454414,-0.17331504336554807
2025-11-07 23:00:00+00:00,-0.30438733020487757,-0.10569562287779341,-0.061709946586096055,-0.0732586726032975,-0.2103439749345086,-0.009201731526252373,-0.05966316551044597,-0.12121129861565924,-0.04627645616752796,-0.16354061176350768
2025-11-08 00:00:00+00:00,-0.30438733020487757,-0.14984274762920327,-0.07531913392103326,-0.07933307350660214,-0.2191211629355203,-0.026543506898363524,-0.05966316551044597,-0.07407437469863377,-0.020810926730586647,-0.16354061176350768
2025-11-08 01:00:00+00:00,-0.2927759294015591,-0.15998545825897825,-0.0835579639997285,-0.06313728142977679,-0.21638388689358964,-0.02571538037585613,-0.03744889721693523,-0.041656665167062026,0.0023866620335858133,-0.14645947981115456
2025-11-08 02:00:00+00:00,-0.2927759294015591,-0.17352620177277686,-0.08616697771021545,-0.06630046371740059,-0.22024662372099896,-0.029703775649760514,-0.03854784607676907,-0.04165666516706202,0.004289406652750723,-0.14645947981115456
2025-11-08 03:00:00+00:00,-0.2840257476549088,-0.18943461591852484,-0.09039995835996101,-0.06783611364091498,-0.2236994102346083,-0.03402279849435923,-0.03854784607676907,-0.03760047914399503,0.007994697195084074,-0.14456060323187336
2025-11-08 04:00:00+00:00,-0.2646181984338989,-0.20446904199079222,-0.09318359418911634,-0.06783611364091498,-0.2251887314255421,-0.03695277811647178,-0.03854784607676907,-0.03371195575593963,0.011262131333824525,-0.14062719550511657
2025-11-08 05:00:00+00:00,-0.2646181984338989,-0.21594064232064292,-0.09318359418911634,-0.070311559251396,-0.2246472495597101,-0.03695277811647178,-0.03765460437684443,-0.030554924447930436,0.013025515926102937,-0.1368810008039139
2025-11-08 06:00:00+00:00,-0.2701732956690941,-0.2108584204156693,-0.07873160991346399,-0.06237672660032009,-0.217086410968571,-0.02839622150230738,-0.03765460437684443,-0.037058440444899254,-0.0007267708643084966,-0.14890797554628998
2025-11-08 07:00:00+00:00,-0.2867942288940055,-0.2108584204156693,-0.06916445686612235,-0.05820269964491289,-0.21131020284775187,-0.01993258172574911,-0.03765460437684443,-0.05090045327148636,-0.01460869324863266,-0.16874146451628197
2025-11-08 08:00:00+00:00,-0.2960763862090176,-0.21912682393168756,-0.07873160991346399,-0.046629077805707866,-0.20445936373378595,-0.011553677333331352,-0.03765460437684443,-0.06555396698273354,-0.02865153372476272,-0.18863125662088806
2025-11-08 09:00:00+00:00,-0.2960763862090176,-0.2324828755438146,-0.07873160991346399,-0.046629077805707866,-0.2002581557454716,-0.003251744196466512,-0.03765460437684443,-0.07931746576666572,-0.035524965708101854,-0.20495817902322108
2025-11-08 10:00:00+00:00,-0.3034024705631881,-0.2324828755438146,-0.08525996913553878,-0.03977460795693192,-0.19711862712034148,0.0008783267420399635,-0.03765460437684443,-0.09127295047751988,-0.041860510880192915,-0.21486985691777652
2025-11-08 11:00:00+00:00,-0.31262867593456845,-0.23688560786080165,-0.08747830051859391,-0.03831927926752748,-0.1954327940891689,0.013269963352264241,-0.037729415728605144,-0.10679666499694195,-0.057743934446551085,-0.2237488673338969
2025-11-08 12:00:00+00:00,-0.3271744971098987,-0.25150012166018637,-0.08747830051859391,-0.04634288242891491,-0.1954327940891689,0.022848894770607246,-0.037729415728605144,-0.13482009965385394,-0.1036563992136615,-0.2494511455404521
2025-11-08 13:00:00+00:00,-0.3416546826183958,-0.25150012166018637,-0.1274075768990101,-0.04634288242891491,-0.2026357474355783,0.013269963352264241,-0.037729415728605144,-0.16224373140415474,-0.13560587200830745,-0.2877555657936493
2025-11-08 14:00:00+00:00,-0.3560772927596785,-0.23688560786080165,-0.16797029468424793,-0.05454102417415121,-0.20985148442330587,0.0036954454002095026,-0.043973390201730383,-0.1891429369068891,-0.16820992389569928,-0.32956397659789355
2025-11-08 15:00:00+00:00,-0.3540938922295788,-0.23792432189087526,-0.14206485901710347,-0.06644815224264516,-0.21178285831876772,0.03745928468131007,-0.05434493792840478,-0.2226430891670354,-0.19017213789276932,-0.3545185872238784
2025-11-08 16:00:00+00:00,-0.33341707908140905,-0.26206277476078227,-0.14206485901710347,-0.07627760763093112,-0.20752258234225562,0.025568611957938702,-0.039236117367727856,-0.18255046680354692,-0.1371203625121297,-0.3120991029471441
2025-11-08 17:00:00+00:00,-0.3166906641061694,-0.21744480741108463,-0.11914770449221332,-0.06665380382450196,-0.20752258234225562,0.0017592136903872718,-0.039236117367727856,-0.15008179024412946,-0.08050345025883554,-0.3007083080338162
2025-11-08 18:00:00+00:00,-0.29975836359233704,-0.1968638376764908,-0.09565591019124853,-0.07604389553004354,-0.20752258234225562,0.0017592136903872718,-0.04667418368318222,-0.11934221044749287,-0.039755439970279596,-0.2956182985693331
