time_utc,6.8x51mm Hybrid,7.62x51mm M62,7.62x54R BT,5.8x42mm DVC12,5.7x28mm SS190,7.62x39mm AP,9x39mm BP,4.6x30mm AP SX,12.7x55mm PS12B,5.56x45mm M995
2025-11-20 19:00:00+00:00,,,,,,,,,,
2025-11-20 20:00:00+00:00,,,,,,,,,,
2025-11-20 21:00:00+00:00,,,,,,,,,,
2025-11-20 22:00:00+00:00,,,,,,,,,,
2025-11-20 23:00:00+00:00,,,,,,,,,,
2025-11-21 00:00:00+00:00,,,,,,,,,,
2025-11-21 01:00:00+00:00,,,,,,,,,,
2025-11-21 02:00:00+00:00,,,,,,,,,,
2025-11-21 03:00:00+00:00,,,,,,,,,,
2025-11-21 04:00:00+00:00,,,,,,,,,,
2025-11-21 05:00:00+00:00,,,,,,,,,,
2025-11-21 06:00:00+00:00,,,,,,,,,,
2025-11-21 07:00:00+00:00,,,,,,,,,,
2025-11-21 08:00:00+00:00,,,,,,,,,,
2025-11-21 09:00:00+00:00,,,,,,,,,,
2025-11-21 10:00:00+00:00,,,,,,,,,,
2025-11-21 11:00:00+00:00,,,,,,,,,,
2025-11-21 12:00:00+00:00,,,,,,,,,,
2025-11-21 13:00:00+00:00,,,,,,,,,,
2025-11-21 14:00:00+00:00,,,,,,,,,,
2025-11-21 15:00:00+00:00,,,,,,,,,,
2025-11-21 16:00:00+00:00,,,,,,,,,,
2025-11-21 17:00:00+00:00,,,,,,,,,,
2025-11-21 18:00:00+00:00,,,,,,,,,,
2025-11-21 19:00:00+00:00,,,,,,,,,,
2025-11-21 20:00:00+00:00,,,,,,,,,,
2025-11-21 21:00:00+00:00,,,,,,,,,,
2025-11-21 22:00:00+00:00,,,,,,,,,,
2025-11-21 23:00:00+00:00,,,,,,,,,,
2025-11-22 00:00:00+00:00,,,,,,,,,,
2025-11-22 01:00:00+00:00,,,,,,,,,,
2025-11-22 02:00:00+00:00,,,,,,,,,,
2025-11-22 03:00:00+00:00,,,,,,,,,,
2025-11-22 04:00:00+00:00,,,,,,,,,,
2025-11-22 05:00:00+00:00,,,,,,,,,,
2025-11-22 06:00:00+00:00,,,,,,,,,,
2025-11-22 07:00:00+00:00,,,,,,,,,,
2025-11-22 08:00:00+00:00,,,,,,,,,,
2025-11-22 09:00:00+00:00,,,,,,,,,,
2025-11-22 10:00:00+00:00,,,,,,,,,,
2025-11-22 11:00:00+00:00,,,,,,,,,,
2025-11-22 12:00:00+00:00,,,,,,,,,,
2025-11-22 13:00:00+00:00,,,,,,,,,,
2025-11-22 14:00:00+00:00,,,,,,,,,,
2025-11-22 15:00:00+00:00,,,,,,,,,,
2025-11-22 16:00:00+00:00,,,,,,,,,,
2025-11-22 17:00:00+00:00,,,,,,,,,,
2025-11-22 18:00:00+00:00,-0.3683454790815239,-0.20452260940176323,0.0,-0.07604554870902616,-0.20154527452919252,0.029627191278011968,-0.03813388156139998,0.08311726982806737,-0.09189536012895326,-0.22269879971353596
2025-11-22 19:00:00+00:00,-0.4023155244179072,-0.21186765195291318,-0.05295944604947439,-0.09840680045573372,-0.21243866744761,-0.0020511105257780935,-0.05320572652145532,0.0728446709066737,-0.10835249856449444,-0.22625136829975698
2025-11-22 20:00:00+00:00,-0.4307441437662594,-0.21872060737091914,-0.09805806756909169,-0.12668666587356467,-0.21770474144368793,-0.030680807100231626,-0.06714396622632729,0.06330909424193797,-0.1235315490074249,-0.22959948699082539
2025-11-22 21:00:00+00:00,-0.45434149024113246,-0.22513200274950176,-0.1370128717761497,-0.16513434662835627,-0.21263227065510795,-0.056681789824796935,-0.08007590096376203,0.048083918164741106,-0.1375791341026269,-0.23276128556593353
2025-11-22 22:00:00+00:00,-0.4754687331820536,-0.23114535353174645,-0.10438840534715893,-0.18721063755807302,-0.21287005719506127,-0.0804002223307048,-0.09210994980233267,0.03392874303723506,-0.12645502420392504,-0.23575269638932747
2025-11-22 23:00:00+00:00,-0.4643118369324615,-0.224475599989787,-0.10955484947186221,-0.17153694489424673,-0.20831717561040342,-0.05843814935111994,-0.08081265588492455,0.04954987540914233,-0.09032065847614806,-0.22867344485965907
2025-11-23 00:00:00+00:00,-0.45645634966968995,-0.22127631160423789,-0.10473814213659102,-0.16774438920276744,-0.20520845515504527,-0.05567464584333163,-0.07414934281143742,0.052325318423887095,-0.08495646420701954,-0.2231024702943981
2025-11-23 01:00:00+00:00,-0.4491032505967044,-0.21823536126504975,-0.10537903498275557,-0.16416308115757522,-0.20426563725410762,-0.05305946979597693,-0.06814991313600881,0.05488735268302161,-0.08404070945433918,-0.21429598669183003
2025-11-23 02:00:00+00:00,-0.44220410268676835,-0.21534105305245174,-0.10599574199882797,-0.1623806681060948,-0.20405289375798005,-0.05058054831613897,-0.06270873836221369,0.05726430202482733,-0.08315991584206128,-0.20627820402618008
2025-11-23 03:00:00+00:00,-0.4357166627266832,-0.21258283389723287,-0.1065896080202689,-0.1618717696885807,-0.20120864509685502,-0.04822712356064371,-0.05774278648191701,0.059479069167193956,-0.08231211663411403,-0.1989396358225782
2025-11-23 04:00:00+00:00,-0.44431782435457123,-0.22141728807854927,-0.10096340739642147,-0.16369421152636995,-0.2074996980613937,-0.05071892198237812,-0.07974700938444611,0.033784348496095386,-0.08681967653300546,-0.21593488080901124
2025-11-23 05:00:00+00:00,-0.4523794934872676,-0.2297635090265094,-0.09561089365168969,-0.15412139362600208,-0.20339818380307573,-0.042513298769576276,-0.09367592369726996,0.01782376670575971,-0.09111212719703629,-0.23160020180063318
2025-11-23 06:00:00+00:00,-0.45151131673241,-0.23766095549367358,-0.09051211511176457,-0.13284223283101398,-0.19198069538727067,-0.024250590799584356,-0.08611314463623723,0.024528700730405684,-0.09520485849242417,-0.2460906648477799
2025-11-23 07:00:00+00:00,-0.4445323711912326,-0.2284373774572358,-0.08564905193307702,-0.10091086845020811,-0.18114801721793874,-0.007224468307070239,-0.07525353286834194,0.034346934666757,-0.09911179621069094,-0.255524152659592
2025-11-23 08:00:00+00:00,-0.43057136222568126,-0.21965493370323644,-0.05648256028809228,-0.07225362174527815,-0.1708561838252803,0.008688343578650268,-0.06495119522484386,0.04366030388864462,-0.08674295303822133,-0.24047852455424884
2025-11-23 09:00:00+00:00,-0.4173107466251919,-0.2112824422445322,-0.05266846776351299,-0.05133528979433021,-0.1679170861172242,0.023595052116864128,-0.055164251666784105,0.05250682056789184,-0.09063137570464726,-0.22625121585106206
2025-11-23 10:00:00+00:00,-0.40469904662355916,-0.20329161571421533,-0.04901719619136397,-0.03661370606966822,-0.17120163032581287,0.03758936150814875,-0.04917811365771658,0.05780078082888242,-0.09435400479670189,-0.21944689220789954
2025-11-23 11:00:00+00:00,-0.39268971412213405,-0.19565673065967418,-0.045518323873397284,-0.027179421716570614,-0.174350598729152,0.050753556664467174,-0.043452122260277386,0.06286573830469719,-0.09792140821776772,-0.2129384795249066
2025-11-23 12:00:00+00:00,-0.38124055376863747,-0.18835434145842114,-0.042162316151709976,-0.01819398514242072,-0.17152221579149216,0.06316020905240699,-0.03796949313075109,0.0677164014260314,-0.10134325993122685,-0.2067068558710322
2025-11-23 13:00:00+00:00,-0.3529881304763736,-0.17038431503485832,-0.03429573665309016,0.001452512102895812,-0.16310164646732422,0.08968480425129441,-0.025574811393384755,0.07751692059301203,-0.10757229393269076,-0.1777522506425456
2025-11-23 14:00:00+00:00,-0.3271094759770612,-0.15386268138288078,-0.027028306702820876,0.01952270580120259,-0.14881100115776935,0.11386823332152858,-0.014129619325078011,0.08661045693588271,-0.11338779976140752,-0.15126288397687684
2025-11-23 15:00:00+00:00,-0.3032938640147993,-0.1386031826096771,-0.02028494527015039,0.03621528233886474,-0.15417942812391708,0.13601943364303987,-0.0035155376199453776,0.09508129509835607,-0.1188362874642915,-0.126917205279803
2025-11-23 16:00:00+00:00,-0.31085846356021946,-0.14564173034147607,-0.024686144744212348,0.02278256572130966,-0.1506314947234117,0.11442211220930276,-0.011221366192675964,0.08604806395784721,-0.11143498057132495,-0.1401336431475224
2025-11-23 17:00:00+00:00,-0.3180193430772924,-0.15231663849197005,-0.02886424105531504,0.01011800548062884,-0.15186178865359484,0.09422350386224874,-0.018520746180553247,0.07750184767102468,-0.10443068515704308,-0.15256552483087904
2025-11-23 18:00:00+00:00,-0.32480926775774294,-0.15865708289783198,-0.03283715462755438,-0.0018446526938845963,-0.14858204173741046,0.07529111927726825,-0.02544707383073032,0.06940189716957618,-0.09779013308847526,-0.16428213611049883
2025-11-23 19:00:00+00:00,-0.32480926775774294,-0.12987919220682945,-0.002415519193176861,-0.008041613092158067,-0.14439290429308815,0.06287903552225739,-0.016305356226046147,0.0842270413946775,-0.09779013308847526,-0.1700975988672437
2025-11-23 20:00:00+00:00,-0.32480926775774294,-0.09873469936695252,-0.002415519193176861,-0.014208040762695152,-0.14018894443841748,0.05062640823199513,-0.00706893509221707,0.09936235610919539,-0.09779013308847526,-0.18089522776049619
2025-11-23 21:00:00+00:00,-0.32480926775774294,-0.06457921200978833,-0.002415519193176861,-0.014208040762695152,-0.055886384800901315,0.05062640823199513,0.0022660625418679946,0.11482847829105351,-0.1424419509013516,-0.20248764348586512
2025-11-23 22:00:00+00:00,-0.32480926775774294,-0.051926625550202346,-0.002415519193176861,-0.008026941578249467,-0.019125416759263266,0.027107169550246276,0.011679046576987238,0.12463886816733256,-0.12132044344147719,-0.20754153054072558
2025-11-23 23:00:00+00:00,-0.3317613655969438,-0.06479669386333524,-0.02370676681668266,-0.03684931875484972,-0.02108254412810981,0.009111667126919274,-0.0008353527305455377,0.10970539559742082,-0.12027522971934482,-0.20986970669322336
2025-11-24 00:00:00+00:00,-0.3317613655969438,-0.06935969716347883,-0.02370676681668266,-0.042419790889007825,-0.026858993912949387,0.006530231484369726,-0.0008353527305455377,0.10995367916377433,-0.1136611296046679,-0.20452086698752497
2025-11-24 01:00:00+00:00,-0.3317613655969438,-0.06935969716347883,-0.02370676681668266,-0.04628690409952394,-0.021879057377087494,0.003841642067275191,-0.0008353527305455377,0.11020585979353471,-0.10731176738027341,-0.19844963545460076
2025-11-24 02:00:00+00:00,-0.34673001981031515,-0.10373998389946039,-0.044843639693623455,-0.07328716031122816,-0.04635699828710833,-0.005796090341870176,-0.02467606948234573,0.08291949446914901,-0.12729641521305196,-0.21302051421267296
2025-11-24 03:00:00+00:00,-0.3616824161635543,-0.13361502238279407,-0.06587183590640082,-0.09881653692994079,-0.0740410210154524,-0.015831327059749524,-0.04838921511197798,0.06300751569114772,-0.14719467282711898,-0.22723293538409547
2025-11-24 04:00:00+00:00,-0.3616824161635543,-0.1291614928576262,-0.06587183590640082,-0.09297142806699332,-0.07668346827575598,-0.008970182703022342,-0.05067409085231536,0.06592962947629066,-0.1310639461655118,-0.22957615330021278
2025-11-24 05:00:00+00:00,-0.3616824161635543,-0.12457657637362614,-0.06587183590640082,-0.08692908067600015,-0.07668346827575598,-0.0019809828814058824,-0.05067409085231536,0.06592962947629066,-0.14081434337274645,-0.23190653633532865
2025-11-24 06:00:00+00:00,-0.35639792563792605,-0.12457657637362614,-0.06587183590640082,-0.07532002319271158,-0.07668346827575598,0.0051441632959013574,-0.05067409085231536,0.061074855748943696,-0.14081434337274645,-0.2290876351015786
2025-11-24 07:00:00+00:00,-0.3444904606092428,-0.125071205545586,-0.06110181274889797,-0.060854156352651345,-0.06732896992505444,0.031396927321869335,-0.0464409493929307,0.05962609493498177,-0.1683656528928343,-0.19591839508121384
2025-11-24 08:00:00+00:00,-0.3224194180424691,-0.11418322840082842,-0.05649940185942696,-0.04707855830580397,-0.049505697765697666,0.0650531212991324,-0.04223832203953902,0.05856044285718942,-0.19390180821011832,-0.17514828628133686
2025-11-24 09:00:00+00:00,-0.3052597934834513,-0.10365186675754579,-0.05205087071818532,-0.033942463742834585,-0.04554136376674374,0.09608551341135732,-0.038058213721740036,0.05786961546396668,-0.19446917408742223,-0.16435129529560333
2025-11-24 10:00:00+00:00,-0.29915491672174915,-0.0934488024266138,-0.0712889726923163,-0.02349050019159004,-0.018103011709831907,0.12478720576923498,-0.03739060141606643,0.05364035631581953,-0.18788095997659987,-0.15391179001471914
2025-11-24 11:00:00+00:00,-0.28454243242569616,-0.07311293972743449,-0.04871634728624169,-0.010609917834983482,-0.08399544943867608,0.17199180420078652,-0.033332376839406194,0.05401632189562865,-0.18788738330729787,-0.13251873603563566
2025-11-24 12:00:00+00:00,-0.27636008613457635,-0.06319945320310129,-0.04449532614796804,0.008811539949201015,-0.03509823273193663,0.22421656315616387,-0.035550839982675775,0.04507545848145771,-0.1870328431777124,-0.12183608657608434
2025-11-24 13:00:00+00:00,-0.26870072732308925,-0.05375205525919934,-0.04048360624610365,0.027221909387474787,-0.024579376132615727,0.2726359279294462,-0.03761299426478363,0.03667345349175856,-0.21091879686615964,-0.11168883213883601
2025-11-24 14:00:00+00:00,-0.2615079637923203,-0.044722840049407776,-0.03665946809929075,0.0494811049664394,-0.005218544754321553,0.33280846901812666,-0.0395306607973406,0.03745765190462151,-0.22437363066287752,-0.09010414164282547
2025-11-24 15:00:00+00:00,-0.25473359590376327,-0.03607066337880472,-0.03300427609864564,0.07053414630198658,-0.005167391745174701,0.3875593741247875,-0.04131408533994281,0.03833372252637089,-0.23836149987299704,-0.06970380013617027
2025-11-24 16:00:00+00:00,-0.25473359590376327,-0.03607066337880472,-0.03300427609864564,0.056318868525714744,-0.005167391745174701,0.33737844384450283,-0.03681318105790918,0.04330416164136449,-0.23836149987299704,-0.07566937316171504
2025-11-24 17:00:00+00:00,-0.2615715987379897,-0.03607066337880472,-0.03300427609864564,0.049171601544448634,-0.015503363301639709,0.2896770570891211,-0.03230040215929592,0.048306412544259596,-0.218299425503505,-0.08158758527201519
2025-11-24 18:00:00+00:00,-0.26838942366242613,-0.03607066337880472,-0.03300427609864564,0.042057104534976304,-0.015503363301639709,0.2532428849209214,-0.027805494949091816,0.05334118300924899,-0.18218962758819138,-0.08745980389030283
2025-11-24 19:00:00+00:00,-0.29682044562792503,-0.03607066337880472,-0.06178493746624498,0.03497430758930678,-0.02584290042067203,0.21850414205855964,-0.023288574175637206,0.058409200202027695,-0.14321771025338897,-0.09328734882142162
2025-11-24 20:00:00+00:00,-0.31737815059243535,-0.03607066337880472,-0.08905174964984747,0.03497430758930678,0.017085031769875653,0.185247476471768,-0.01874918539997297,0.06351121140932585,-0.12048719910321273,-0.10461009865222988
2025-11-24 21:00:00+00:00,-0.3317300874869971,-0.03607066337880472,-0.1347008904823113,0.03497430758930678,-0.04221814062339171,0.15329217707002793,-0.014202468927528415,0.06864798480141064,-0.09725406823483654,-0.12088231178488175
2025-11-24 22:00:00+00:00,-0.3204097843383821,-0.028535694633562144,-0.12403301090847065,0.046290706290355706,-0.021611695956971592,0.139774651194919,0.007348378598708938,0.08285086739016434,-0.09956709956709817,-0.117146423715773
2025-11-24 23:00:00+00:00,-0.3274584181998721,-0.030886389814540456,-0.1780494792030875,0.03566454223769136,-0.02707210238078209,0.11631399082294473,0.009935325598493357,0.0726432462410512,-0.10194381356804053,-0.12217932273817043
2025-11-25 00:00:00+00:00,-0.32289667663372923,-0.025703880172158952,-0.1780494792030875,0.03566454223769136,-0.025204926984286297,0.11253658857697285,0.009935325598493357,0.07482976313038815,-0.09202251547037724,-0.12217932273817043
2025-11-25 01:00:00+00:00,-0.33595059265988436,-0.04560864831567555,-0.18345076353411424,0.012929208555643218,-0.028451789163222167,0.09794497728975446,-0.0096624257506638,0.05305608403038541,-0.11035722209009821,-0.1368976677499151
2025-11-25 02:00:00+00:00,-0.3490458972821342,-0.06356402702446345,-0.18832573535672814,-0.007274100731325628,-0.03747443624047057,0.0822454331263834,-0.029256232647781245,0.03171064184421354,-0.11154153598214092,-0.15163036760234333
2025-11-25 03:00:00+00:00,-0.36218782060920507,-0.0798795728884855,-0.1925072284237161,-0.024294713991902153,-0.0577319291551897,0.06528698953999511,-0.048853947018823854,0.012400399278501015,-0.11904961915584826,-0.16638331926521882
2025-11-25 04:00:00+00:00,-0.36218782060920507,-0.08558069775982526,-0.19883593088650828,-0.028450927407851462,-0.06336566195492764,0.07517694151416016,-0.048853947018823854,0.009080793793251152,-0.12523408777956005,-0.16638331926521882
2025-11-25 05:00:00+00:00,-0.37182157381413106,-0.10504141654799526,-0.21754457559388252,-0.046631245278616465,-0.09499303035101284,0.06685041228101252,-0.06704628324015019,0.0002685514992491819,-0.12475671886095632,-0.17944432094800114
2025-11-25 06:00:00+00:00,-0.37677421480145457,-0.10132253262364695,-0.2127524742401895,-0.04637510564329408,-0.10682739262141272,0.08437296176956167,-0.0648354102322345,0.0061401011078624475,-0.12431465685163005,-0.19230603130690974
2025-11-25 07:00:00+00:00,-0.37049688661244495,-0.08901177160989492,-0.2080885876830747,-0.03935003836395044,-0.11741564899038218,0.11087235560186122,-0.059503292259372814,0.012034415460911267,-0.09928453791209596,-0.1770708038388038
2025-11-25 08:00:00+00:00,-0.35862183720133495,-0.08094363879895783,-0.20354566359567508,-0.032452665974392024,-0.09487261126882024,0.13217820732768554,-0.05572788758581284,0.01795603624433842,-0.10750353867036072,-0.16764795804381571
2025-11-25 09:00:00+00:00,-0.3473046570781871,-0.07302447063231621,-0.19911699348053075,-0.025675576184061986,-0.09952537701965507,0.15210854054639816,-0.05181299953865003,0.02390931187004342,-0.12787294829675971,-0.16458485931053823
2025-11-25 10:00:00+00:00,-0.3365205019231419,-0.06524580951515291,-0.2156994645990052,-0.023441828964129635,-0.11538736115914655,0.16249466740801607,-0.05077619805325028,0.02673005847014618,-0.14382134467232283,-0.16160148514638534
2025-11-25 11:00:00+00:00,-0.3169763511468285,-0.049663010441546036,-0.2049363173663116,-0.018930413404610266,-0.1495041454992706,0.178707833962157,-0.04531273656359568,0.03444288992221169,-0.14093125626987463,-0.1545625256065946
2025-11-25 12:00:00+00:00,-0.299105016381799,-0.03482165387026101,-0.19484852597707003,-0.014638009733837339,-0.13306788134864114,0.19382910626233757,-0.039763158545910594,0.04184520362925671,-0.13830469071848453,-0.1479848865808216
2025-11-25 13:00:00+00:00,-0.2827285236452393,-0.020631303259962305,-0.18535336584698087,-0.0009193686644907475,-0.11580122918842718,0.22117057692776337,-0.03410874555171459,0.04897475393078215,-0.10459574788891052,-0.14181202890941802
2025-11-25 14:00:00+00:00,-0.2676975021435338,-0.007015774547206186,-0.13925861791846775,0.011978066833947122,-0.0993073318127255,0.2461620062849755,-0.028332943975796804,0.0558634706363008,-0.07229722013215907,-0.1359966045642746
2025-11-25 15:00:00+00:00,-0.24576221328132436,0.012341363234196335,-0.07966451246381362,0.02919232822641251,-0.07416958935058328,0.2772152805631643,-0.018449741530112394,0.06513091161625378,-0.025885615836467545,-0.12655086879559527
2025-11-25 16:00:00+00:00,-0.2594833971919075,0.012341363234196335,-0.10206076011462871,0.022335425372568662,-0.07898355553881184,0.25283261263251805,-0.008561455721630164,0.06513091161625378,0.0,-0.12655086879559527
2025-11-25 17:00:00+00:00,-0.2660688897667165,0.012341363234196335,-0.12375689421194158,0.022335425372568662,-0.06941912207381433,0.22914732473256166,0.001434831153829454,0.06513091161625378,0.026763756022534314,-0.12655086879559527
2025-11-25 18:00:00+00:00,-0.24522788773106577,0.012341363234196335,-0.12375689421194158,0.022335425372568662,-0.07416958935058328,0.20610117255712673,0.011543879339809585,0.0701296734757921,0.054516039083651456,-0.12655086879559527
2025-11-25 19:00:00+00:00,-0.22355080687713832,0.012341363234196335,-0.12375689421194158,0.022335425372568662,-0.07416958935058328,0.1836417568788732,0.02177069233938098,0.07515124071315492,0.08338521575048233,-0.12655086879559527
2025-11-25 20:00:00+00:00,-0.1958623792541108,0.023965424291478514,-0.09978915771534669,0.0395736908206985,-0.06295891194025376,0.18632882299937978,0.039787385816046704,0.08817333102614859,0.11635919092468511,-0.12526107696028072
2025-11-25 21:00:00+00:00,-0.15937135608184852,0.036262771763318324,-0.07368421656498546,0.0736085816396563,-0.061448556397182615,0.18917641012995864,0.059007872895711175,0.10748594038671182,0.15257368353525189,-0.12391953387621785
2025-11-25 22:00:00+00:00,-0.12349596380743094,0.04929625282738231,-0.09762759945682999,0.09407751188577315,-0.05452100007962492,0.19220019658482856,0.07955784718625546,0.12811006782015244,0.15663502188010886,-0.12252281343270986
2025-11-25 23:00:00+00:00,-0.13270416931179554,0.04911223632674919,-0.09493810356646096,0.07654960825965754,-0.05271019919564969,0.1653344279128733,0.07772633984816062,0.12174789127641913,0.13108312316364187,-0.12800431662351033
2025-11-26 00:00:00+00:00,-0.13270416931179554,0.05483812307346092,-0.09493810356646096,0.0794092512092224,-0.0700974815071259,0.1621389405711766,0.07772633984816062,0.12490616917279115,0.138074669527851,-0.12410555580591313
2025-11-26 01:00:00+00:00,-0.14687997917714618,0.04578102900115248,-0.09404049985117223,0.06374181790246446,-0.0628967075792552,0.14658061798518668,0.060789569149234834,0.10807136378631768,0.060262502822107836,-0.13769380955463775
2025-11-26 02:00:00+00:00,-0.1611512109118879,0.03710246850641977,-0.09279301376835804,0.05269751488778025,-0.06313211145266552,0.13036069591041277,0.04376662180130023,0.09147986653810902,0.061011961056539894,-0.151373165207165
2025-11-26 03:00:00+00:00,-0.1755239058064048,0.02878309134490428,-0.09119863256239023,0.04539875932932138,-0.07115143651783591,0.1134304408493657,0.02665076184154429,0.07511824821933592,0.06202696790377502,-0.1643040696473391
2025-11-26 04:00:00+00:00,-0.18857537545073677,0.01355719837896654,-0.10279528237694745,0.03004682640459111,-0.08126437594607755,0.0996040037016707,0.009364083929130585,0.0591656191496954,0.06372554954798018,-0.17668744880347265
2025-11-26 05:00:00+00:00,-0.20153662927534358,-0.0010282024323332768,-0.0994383815162537,0.023619484141552873,-0.08337282802154168,0.09976997393172289,-0.00813238141713746,0.04909149260948138,0.04680822609133404,-0.1889849417667398
2025-11-26 06:00:00+00:00,-0.19993064303296876,-0.007781682292399299,-0.0961225774094536,0.025782231183336543,-0.083161825231962,0.1057026643569385,-0.006865641892792482,0.053331295463182285,0.048786259292454386,-0.20120206508272165
2025-11-26 07:00:00+00:00,-0.19310317476972869,-0.0006118630041465656,-0.09284595368753035,0.03256296267727883,-0.07979874513045417,0.11719230280316008,0.0008581169331292064,0.05772339934749718,0.05888649950138145,-0.21232956030142117
2025-11-26 08:00:00+00:00,-0.1870228065628154,0.013477324242685345,-0.09179896889616317,0.04000808457536534,-0.07918777868652253,0.12804207728838812,0.008672248780840696,0.06231682216320042,0.060859214902518444,-0.2140076259995266
2025-11-26 09:00:00+00:00,-0.18101154677844436,0.026992743177722045,-0.08832153281909466,0.04355148009371518,-0.08593498703711756,0.13829256609330756,0.01658118753461587,0.06711650863870935,0.0627784971636432,-0.21183623337732577
2025-11-26 10:00:00+00:00,-0.17763954774685625,0.03991875798576022,-0.0809016761048421,0.04181116786174799,-0.09795747070781054,0.14648183980802368,0.02617529369033955,0.06472887539115439,0.066130259233399,-0.21227245530541522
2025-11-26 11:00:00+00:00,-0.17419748330397886,0.05251681445295013,-0.07373169398542974,0.0404467585651776,-0.10437477522562712,0.15415471965201716,0.03575575328517268,0.06294169939629551,0.06943008732984939,-0.2126215912744228
2025-11-26 12:00:00+00:00,-0.17067640988623628,0.06482049251175134,-0.06678758793212257,0.047631873882358594,-0.1053280332962102,0.17164539463988399,0.04534165551178417,0.061732851305000606,0.07268415134120648,-0.21288298311005815
2025-11-26 13:00:00+00:00,-0.17286806256642032,0.07064014187554367,-0.03663077766568937,0.05497318856947901,-0.08997626776525021,0.18972811908213022,0.04722434156060719,0.05329208483924314,0.07405333349719323,-0.21916769902848843
2025-11-26 14:00:00+00:00,-0.1714752072543985,0.08149342067163501,0.006721837883233408,0.06885901470731595,-0.07517808888100817,0.21363161283551146,0.05330016208709014,0.044236359289543926,0.09733728392858934,-0.2133792308846469
2025-11-26 15:00:00+00:00,-0.1700626306536147,0.0919231425671967,0.045920098810317125,0.08217136039611928,-0.06178397340658592,0.23564744022301473,0.059355657457486166,0.04368229716298169,0.09881526703063061,-0.20785537988782765
2025-11-26 16:00:00+00:00,-0.16105570908322306,0.0919231425671967,0.01940835947570498,0.08217136039611928,-0.06699248068883848,0.21068215280082364,0.06564608874766924,0.055477498280301164,0.08254785842837256,-0.20116965398062409
2025-11-26 17:00:00+00:00,-0.16105570908322306,0.0780317891569108,-0.006253325677904558,0.08217136039611928,-0.06699248068883848,0.1861218040669622,0.07197646246745304,0.06739181130709002,0.08254785842837256,-0.19446219821212224
2025-11-26 18:00:00+00:00,-0.19093423902169773,0.06440811520958493,-0.03114897983330106,0.08217136039611928,-0.07730405014083971,0.16193285888247536,0.07834772191815811,0.07943053578779713,0.06650651450133083,-0.1877322727368946
2025-11-26 19:00:00+00:00,-0.22428456351810044,0.051037588781905036,-0.055352489015061235,0.08217136039611928,-0.06699248068883848,0.138084046924903,0.08476083661305048,0.08555210409876866,0.06650651450133083,-0.16243721796484806
2025-11-26 20:00:00+00:00,-0.25526619674573153,0.03790670377197624,-0.07892919280977839,0.08217136039611928,-0.06699248068883848,0.11454611051042825,0.09121680329155843,0.09171526443959188,0.06650651450133083,-0.13014519312672312
2025-11-26 21:00:00+00:00,-0.26519832521732345,0.029371215308299104,-0.07853838575701597,0.09049202152125299,-0.07204061170104573,0.10035503121116834,0.1001738139448087,0.10461792917081816,0.08509822435490323,-0.07347553801623156
2025-11-26 22:00:00+00:00,-0.2679304048504025,0.020731286862505305,-0.10421485442382075,0.08612509775597464,-0.08827118288021668,0.08753020095921905,0.10639121943738548,0.1120474868022588,0.08771677529314514,-0.037712929327835036
2025-11-26 23:00:00+00:00,-0.2679304048504025,0.013981443228107328,-0.11902957421864985,0.08612509775597464,-0.10308078838015468,0.08194195706471433,0.10639121943738548,0.10922252431761993,0.09538218151881055,-0.027930738779835606
2025-11-27 00:00:00+00:00,-0.28057422830023476,0.001626687378383403,-0.13048143348633387,0.0697988970310012,-0.09922369572230273,0.062961906860925,0.09138159951210784,0.09296388367468578,0.0902614545696892,-0.03895552344048828
2025-11-27 01:00:00+00:00,-0.29335846789113273,-0.018148484347102277,-0.1420467909471305,0.05301168652349784,-0.1295246393602092,0.04851505146321138,0.07625225437252019,0.07625520871863335,0.08510641939381665,-0.05634469065390475
2025-11-27 02:00:00+00:00,-0.29335846789113273,-0.01966460074135012,-0.1420467909471305,0.05268491628493111,-0.13193702149901937,0.047849464061976606,0.07625225437252019,0.07621658822568574,0.08510641939381665,-0.05634469065390475
2025-11-27 03:00:00+00:00,-0.29335846789113273,-0.01966460074135012,-0.1459151019656132,0.05268491628493111,-0.13472455763912758,0.047178736628183005,0.07625225437252019,0.07635655251101542,0.08510641939381665,-0.05634469065390475
2025-11-27 04:00:00+00:00,-0.3043656334206124,-0.03262700719372613,-0.14912407565595465,0.039533758473837353,-0.14421481158349736,0.037255121308256825,0.06061347859262887,0.062494167403799906,0.0808717232317719,-0.06829558011736599
2025-11-27 05:00:00+00:00,-0.3143281750041377,-0.041357649009359766,-0.15283797920421865,0.029802185641309473,-0.15098995581519226,0.02698133122661644,0.04543087457902741,0.056418476642434934,0.07532315083719988,-0.0802112052237039
2025-11-27 06:00:00+00:00,-0.3155250105033969,-0.041359815353225964,-0.15707991803017166,0.033168878958519096,-0.14887699901390952,0.02542596994428822,0.04627896553436369,0.06124893723539624,0.0771473567962492,-0.08918497455082287
2025-11-27 07:00:00+00:00,-0.31242174005352313,-0.03187586081744075,-0.15707991803017166,0.033168878958519096,-0.15100319660298173,0.034260980437832635,0.04421757690484179,0.05931811577543469,0.08283248385986824,-0.10714141810410308
2025-11-27 08:00:00+00:00,-0.31242174005352313,-0.02712316593705828,-0.15707991803017166,0.033168878958519096,-0.1534919126174063,0.038547446334267745,0.04214414170489077,0.05737562134385827,0.0934941796339467,-0.11754269247052807
2025-11-27 09:00:00+00:00,-0.30673837266523923,-0.01205242013312379,-0.15569975108469075,0.04041818561679071,-0.1470955348997937,0.05013835021450172,0.0452084305227666,0.05642796071212765,0.09438490013636806,-0.1154450538676153
2025-11-27 10:00:00+00:00,-0.29825899558263913,0.0024104492408300432,-0.14740138342397843,0.04348067324442763,-0.16914768534145905,0.05156104482787841,0.04534635817797108,0.05751956848846587,0.09527604498528879,-0.12036732197387713
2025-11-27 11:00:00+00:00,-0.29164642092820603,0.01239859286893621,-0.14740138342397843,0.04348067324442763,-0.1411137926703757,0.05156104482787841,0.040386853159531964,0.04787583633062516,0.09527604498528879,-0.13501047615354478
2025-11-27 12:00:00+00:00,-0.2850543491556902,0.022255870644195028,-0.12473965662828877,0.04348067324442763,-0.15164894156466457,0.06129086638592162,0.03540875684822113,0.038170981533751126,0.09527604498528879,-0.1498768176367944
2025-11-27 13:00:00+00:00,-0.2718314369836865,0.04098211520914619,-0.055884045799761806,0.05692930875129788,-0.13110726054348756,0.07728967059801502,0.03266407605633701,0.0365530892699192,0.11418677006561505,-0.15040668114499958
2025-11-27 14:00:00+00:00,-0.25914409814978706,0.058843864273605245,0.03257852104324135,0.06337924910498849,-0.11618437636754339,0.08349477707992563,0.03007414479667361,0.030432591416973187,0.10297884925899757,-0.1588640431482336
2025-11-27 15:00:00+00:00,-0.24695924158778776,0.07589977320996458,0.08326106472631989,0.06968433841497171,-0.11437289659460906,0.08956591345803572,0.02763126634895543,0.024567285296170815,0.11019857536214289,-0.16723653136157404
2025-11-27 16:00:00+00:00,-0.2550471086360933,0.06284772147307109,0.03617962628478758,0.06968433841497171,-0.12020455641152057,0.08956591345803572,0.03431816921022236,0.03784560264665582,0.12715272049819404,-0.15060348018530775
2025-11-27 17:00:00+00:00,-0.2550471086360933,0.04995529120425935,-0.008254069785366558,0.06968433841497171,-0.13164800994996528,0.08956591345803572,0.0410343709392251,0.044586084906253,0.12715272049819404,-0.1335516093523399
2025-11-27 18:00:00+00:00,-0.2550471086360933,0.03721537269547795,-0.05046343640620247,0.06968433841497171,-0.1429887426398721,0.08956591345803572,0.05463821510711638,0.031030425280558684,0.11019857536214289,-0.11604469241034364
2025-11-27 19:00:00+00:00,-0.22227731772401868,0.024621215985231707,-0.07033308982213893,0.06968433841497171,-0.1429887426398721,0.08956591345803572,0.06154869359036837,-0.0251301479164108,0.09347252959775905,-0.09804214758554965
2025-11-27 20:00:00+00:00,-0.19552223861064558,0.012166405889035198,-0.08952384150072089,0.06968433841497171,-0.1319662777569576,0.08956591345803572,0.06851338860253466,-0.06335787163847095,0.10925822649520549,-0.08003915022887848
2025-11-27 21:00:00+00:00,-0.16693510442412432,-0.00015516091719341608,-0.08952384150072089,0.06968433841497171,-0.08910127959479636,0.08956591345803572,0.08273736206708271,-0.09819637109003353,0.12498337288229192,-0.051760205042674146
2025-11-27 22:00:00+00:00,-0.15800492172671737,0.003722017129862647,-0.10578282682711174,0.06902602506375177,-0.11385640965681389,0.08474131799047861,0.09158100487156864,-0.10177278114825795,0.12782370033365065,-0.03103423999560863
2025-11-27 23:00:00+00:00,-0.16462494584317147,0.00048511051729096784,-0.12309090294000692,0.05291053755130063,-0.14098177962934275,0.05897602354366303,0.07718140995050031,-0.11969501663105069,0.13078457958111409,-0.04048005047059304
2025-11-28 00:00:00+00:00,-0.18537383114893108,-0.01485363281839293,-0.1403847670303746,0.03490513173170516,-0.16607967555932518,0.041241924389662406,0.06258425674217645,-0.13935671068411498,0.12614809887161563,-0.052296118676744885
2025-11-28 01:00:00+00:00,-0.18537383114893108,-0.019455435812675448,-0.1456092754915261,0.03490513173170516,-0.16256804782303824,0.03955247191626472,0.06258425674217645,-0.14414762837517175,0.12614809887161563,-0.052296118676744885
2025-11-28 02:00:00+00:00,-0.18537383114893108,-0.021917347457162697,-0.15101841002002175,0.03372904838339527,-0.14449918856692304,0.03782515188536607,0.06258425674217645,-0.15051282041547204,0.128522096508424,-0.052296118676744885
2025-11-28 03:00:00+00:00,-0.18537383114893108,-0.02696505917311582,-0.16518616865495306,0.03253224359982779,-0.14647019967467562,0.03605709172604719,0.06258425674217645,-0.15959395847920835,0.128522096508424,-0.052296118676744885
2025-11-28 04:00:00+00:00,-0.1977950468623312,-0.04178472874997013,-0.17496965561972186,0.01737085565384938,-0.16187680695612575,0.022431679538884947,0.04756944000840857,-0.1685898899072013,0.12775772713864245,-0.06386765358776411
2025-11-28 05:00:00+00:00,-0.19677878696206536,-0.03865756206956177,-0.1715236285863441,0.020100555572796726,-0.1613942050334828,0.030919574534731598,0.0454247432584715,-0.16260496475805705,0.12326672400150739,-0.06386765358776411
2025-11-28 06:00:00+00:00,-0.19296456885752145,-0.042048155955408,-0.16501637172110506,0.020100555572796726,-0.14378096091192863,0.03470626664598628,0.03425514116750839,-0.1604462306334068,0.12326672400150739,-0.06386765358776411
2025-11-28 07:00:00+00:00,-0.19017808696369548,-0.03817114500286879,-0.14956450252012185,0.020100555572796726,-0.1421569314318252,0.03470626664598628,0.030862606690617276,-0.15355842085128563,0.1198206581653812,-0.07843678817247257
2025-11-28 08:00:00+00:00,-0.19017808696369548,-0.0343427819093502,-0.13492465967904663,0.020100555572796726,-0.14958510516554305,0.03470626664598628,0.02742850611892894,-0.14690811184850075,0.1198206581653812,-0.09320302362862122
2025-11-28 09:00:00+00:00,-0.18519975893802623,-0.0222410888752855,-0.12297624466269487,0.02043530146311173,-0.15148511127385125,0.03141091030555701,0.0274938025454728,-0.13087801895496878,0.1209703251333322,-0.11426277172025658
2025-11-28 10:00:00+00:00,-0.18706853444504756,-0.010596901383125504,-0.12321246645931402,0.009945599035428408,-0.15826687295481198,0.03190007897956084,0.024659574225965018,-0.12244875240075924,0.12636125648020036,-0.1344644269740046
2025-11-28 11:00:00+00:00,-0.19385794993564304,-0.0014056580782162305,-0.10775983833892189,0.003317657760924754,-0.14697281592230613,0.021723907894441345,0.01525863109904203,-0.11830034128483623,0.12636125648020036,-0.1636800282594166
2025-11-28 12:00:00+00:00,-0.2006750890437067,0.007692478385080633,-0.0923351254672289,0.003317657760924754,-0.14697281592230613,0.011606408763036105,0.005780697065502265,-0.11417119062054065,0.12636125648020036,-0.19295410994611503
2025-11-28 13:00:00+00:00,-0.20527743558135347,0.023993133304126214,-0.045935948966417936,0.010533185614726883,-0.14737547279149663,0.0024977237116675746,-0.0026876725530755965,-0.10312098924054296,0.13354499677522305,-0.22900241093257812
2025-11-28 14:00:00+00:00,-0.20972590796105497,0.03961262601675603,-0.01687954048994184,0.017589544020436138,-0.1401006829418454,-0.006300639189363828,-0.010860703636759955,-0.0924525014118834,0.12414699512929482,-0.2639697591675628
2025-11-28 15:00:00+00:00,-0.2204373776816044,0.05358520907718536,0.006652974397150821,0.017589544020436138,-0.14772626506735842,-0.022450900828966214,-0.026187340289031615,-0.08616482046501081,0.10749772549546786,-0.31104284209120747
2025-11-28 16:00:00+00:00,-0.21074996898720788,0.03975777021895154,-0.015579659510254938,0.017589544020436138,-0.14100288191033694,-0.006943834809164304,-0.011512117996979694,-0.09187772820044457,0.10749772549546786,-0.2794842984860345
2025-11-28 17:00:00+00:00,-0.2010419221287238,0.02605605366698702,-0.037213937928398735,0.017589544020436138,-0.14100288191033694,-0.006943834809164304,0.0033055081483055484,-0.09757066157385458,0.09000657146883743,-0.2794842984860345
2025-11-28 18:00:00+00:00,-0.2010419221287238,0.012474091191784735,-0.05829919069245445,0.017589544020436138,-0.13446099425874483,-0.006943834809164304,0.018273384005641054,-0.10324406018471696,0.09000657146883743,-0.2794842984860345
2025-11-28 19:00:00+00:00,-0.19892807213299168,0.005775687275587469,-0.06776496859061162,0.02502748773457021,-0.12328961746458306,0.0006823170152215562,0.03539801826711418,-0.10466591176225332,0.09285156103181538,-0.27907583550319753
2025-11-28 20:00:00+00:00,-0.21284411026025868,-0.004000509058551851,-0.07189768794196802,0.014379783160378594,-0.09972492427385063,-0.010350565477819516,0.03282344818431974,-0.11153822974732172,0.09931455420585933,-0.29533444717609064
2025-11-28 21:00:00+00:00,-0.2292167831780677,-0.013306540535470672,-0.07585802903559848,0.004255799990239329,-0.07793115988171752,-0.020828535233435114,0.030354959413804564,-0.11810036591511981,0.09597676556359147,-0.31019738930476554
2025-11-28 22:00:00+00:00,-0.24119479350538112,-0.02217559488012405,-0.06742867569230536,0.00029357236488383205,-0.057707552220980375,-0.030792436824824545,0.027985930464697776,-0.12127926920502412,0.10209688985266921,-0.31841674333237563
2025-11-28 23:00:00+00:00,-0.22724000338078443,-0.02334730465566656,-0.05937160390540717,0.007637782459354521,-0.06565118425854918,-0.014520765359459916,0.04204667364223382,-0.11098214747079461,0.09883956609310052,-0.30326006985405873
2025-11-29 00:00:00+00:00,-0.22724000338078443,-0.04658742999886825,-0.0844894250863467,0.0020920446560848704,-0.03570372995475761,-0.023399657361270202,0.04943607880012402,-0.12311803708605427,0.09048686423008959,-0.28630071501228893
2025-11-29 01:00:00+00:00,-0.22724000338078443,-0.05192729722409346,-0.09298643082228197,-0.0010687000536844888,-0.025576848645381147,-0.026262176027522774,0.05080805706346181,-0.12656218169884567,0.12153123858430388,-0.2780867453106361
2025-11-29 02:00:00+00:00,-0.22724000338078443,-0.05755925909190589,-0.10195925237745417,-0.00434272704901251,-0.025576848645381147,-0.029241642627870587,0.05215300970344203,-0.13012678082761692,0.1180687365782728,-0.27029145862078136
2025-11-29 03:00:00+00:00,-0.22724000338078443,-0.06352364379173474,-0.11367063304646925,-0.009411654214138553,-0.029524213098586955,-0.03234958967933792,0.053472788939136214,-0.1338205383691585,0.11459588044607255,-0.2661552036355813
2025-11-29 04:00:00+00:00,-0.22724000338078443,-0.057837464492347244,-0.10505766246077221,-0.001507599445984192,-0.031178886671146617,-0.028882409828677534,0.04926463450303906,-0.1323158127331776,0.11459588044607255,-0.2665828285956089
2025-11-29 05:00:00+00:00,-0.22724000338078443,-0.051898792066291256,-0.09292848295984424,0.003908234404277087,-0.027405595665185342,-0.028882409828677534,0.04519874069028809,-0.1323158127331776,0.13637581042681968,-0.2671046494677682
2025-11-29 06:00:00+00:00,-0.23056883641327575,-0.04497578079620691,-0.0810379151214583,0.006594185651335864,-0.0216036708990648,-0.024631108826687283,0.04024478434075926,-0.13053834562221675,0.13637581042681968,-0.26771216787721025
2025-11-29 07:00:00+00:00,-0.23319850737543046,-0.040977039973445054,-0.06934619399955298,0.006594185651335864,-0.017772416881119347,-0.01587063259615717,0.035588593207407954,-0.12876998408934262,0.1310331143948677,-0.26426744971446275
2025-11-29 08:00:00+00:00,-0.23584446774331919,-0.03673765381818506,-0.05089399883251506,0.006594185651335864,-0.012174091320568079,-0.0037474658943052503,0.030849065022289998,-0.12701055755266213,0.13637581042681968,-0.26704349800418586
2025-11-29 09:00:00+00:00,-0.23850714657245817,-0.03259378995036204,-0.03981005196280779,0.01186597368929561,-0.004951640737643091,0.007126437746100971,0.02601975283214063,-0.12701055755266213,0.13637581042681968,-0.2733915615348668
2025-11-29 10:00:00+00:00,-0.23986811984899917,-0.02419212628082623,-0.02610670256882451,0.01968344958192151,0.00882556355536102,0.014494074572047625,0.012786758385791642,-0.12375889792453454,0.13590330768024883,-0.2825864106470284
2025-11-29 11:00:00+00:00,-0.23986811984899917,-0.004299052282435314,-0.01145549964057193,0.03378190702815652,0.023512731406179176,0.032890376381640864,-0.0010591290757916484,-0.11975049229303895,0.13590330768024883,-0.2893340971526059
2025-11-29 12:00:00+00:00,-0.23986811984899917,0.015131587520335063,0.01821652069463574,0.04072992157618685,0.03805809410187583,0.041812970107159245,-0.015095640213225403,-0.11573913776367224,0.13590330768024883,-0.2961219365312105
2025-11-29 13:00:00+00:00,-0.23986811984899917,0.034144757585705565,0.032798361705839205,0.04072992157618685,0.03333263662267961,0.050593066453719554,-0.029337360214591754,-0.1117246237123934,0.13590330768024883,-0.30295113755517245
2025-11-29 14:00:00+00:00,-0.2425796881628423,0.0547372661767318,0.047976284648082394,0.03506364760912076,0.02715622195836677,0.05502164843524257,-0.053486318074452394,-0.10622552235722098,0.10387021547212948,-0.33025536005027734
2025-11-29 15:00:00+00:00,-0.2454074732688333,0.0757901434492786,0.06358301925293063,0.029271427209410658,0.028936722841030365,0.05967422149875078,-0.07886438627298865,-0.11149266641351159,0.10357632225752732,-0.3589246634604681
2025-11-29 16:00:00+00:00,-0.2454074732688333,0.047673422928530274,0.04193371268354717,0.029271427209410658,0.02168640345491473,0.0460940359637533,-0.05820917368167651,-0.11149266641351159,0.13769752246782213,-0.3430236934392516
2025-11-29 17:00:00+00:00,-0.23650994236810133,0.03370705884140346,0.02057614121539055,0.029271427209410658,0.02168640345491473,0.03272438814803717,-0.037219425451158965,-0.11149266641351159,0.16764978898602137,-0.32694932231325696
2025-11-29 18:00:00+00:00,-0.19745549504062399,0.019947447529646285,-0.000511274171466004,0.018755585244309876,0.02168640345491473,0.019555094030478493,-0.015868339807409246,-0.11149266641351159,0.23326620510306906,-0.3106880673715235
2025-11-29 19:00:00+00:00,-0.14942910207622692,0.01612799924499261,-0.013482460375164694,0.01895497419963519,0.013864639071772829,0.016613315761659468,0.006968577597843176,-0.1067408279104075,0.27687624082822815,-0.29541398685189135
2025-11-29 20:00:00+00:00,-0.09356138299539897,0.012122235245702315,-0.014536025490778128,0.012821545101170282,0.03347068196487384,0.013499664082399056,0.031020687601457507,-0.10182868381016706,0.2825011743685278,-0.2793755151636585
2025-11-29 21:00:00+00:00,-0.059184381175566014,0.012122235245702315,-0.039583838013374915,-0.01084373238659023,0.04220376974297613,0.005836718436999336,0.04949418128896494,-0.0982801413398499,0.2825011743685278,-0.2703178277669299
2025-11-29 22:00:00+00:00,-0.05254545863039221,0.012122235245702315,-0.039583838013374915,-0.033074164369002734,0.04220376974297613,-0.01681304100509068,0.06363073221236987,-0.0982801413398499,0.2825011743685278,-0.26116055833915014
2025-11-29 23:00:00+00:00,-0.05973637589398778,-0.0038353162780807946,-0.052564641691045355,-0.045068656805979164,0.06355133109616343,-0.03233398185996984,0.07228310539746856,-0.09416899388553618,0.2825011743685278,-0.26116055833915014
2025-11-30 00:00:00+00:00,-0.045579810593360096,-0.00815798246169927,-0.059579227899596555,-0.03704192191687295,0.07804320087169508,-0.029668925415334977,0.09409679421305904,-0.07398686359979582,0.2926385498449886,-0.2493735274609949
2025-11-30 01:00:00+00:00,-0.045579810593360096,-0.015162837751839974,-0.0721185076228177,-0.042550460944077495,0.07953411497526088,-0.03203418169501177,0.09505687667783028,-0.07252068288002879,0.2926385498449886,-0.24633081027690573
2025-11-30 02:00:00+00:00,-0.045579810593360096,-0.02278949229128984,-0.08585139584693653,-0.050029649765064445,0.07709605573362002,-0.03445645788785294,0.09604729166228196,-0.0710811823257547,0.290864790358804,-0.2433449276152744
2025-11-30 03:00:00+00:00,-0.045579810593360096,-0.031194705844096525,-0.09405359688916333,-0.057997800495752615,0.07752192655134842,-0.036939312762028186,0.09706294979254969,-0.06966737114812717,0.290864790358804,-0.2404137890844688
2025-11-30 04:00:00+00:00,-0.045579810593360096,-0.019014127462972614,-0.08173575339639153,-0.04762877697417371,0.0798109917459935,-0.03354239872623253,0.08940735101614972,-0.07078722437754084,0.290864790358804,-0.24170269696146687
2025-11-30 05:00:00+00:00,-0.045579810593360096,-0.00530001202935066,-0.06922308822562073,-0.03607523400494087,0.08767455340264702,-0.02635772884646845,0.0821216442667973,-0.0720518737365881,0.30375392170718296,-0.24299519037373898
2025-11-30 06:00:00+00:00,-0.048877312572035696,0.004211279047346389,-0.056463917626094845,-0.02302265700127949,0.09100548819970503,-0.01440121324711404,0.07864218211290415,-0.0720518737365881,0.30375392170718296,-0.24299519037373898
2025-11-30 07:00:00+00:00,-0.0524187003810065,0.008879088089017509,-0.035635415057352494,-0.007547832040828198,0.09617245958884187,-0.0028606695762293725,0.073879496576316,-0.07370442428511745,0.30375392170718296,-0.2348084577836188
2025-11-30 08:00:00+00:00,-0.055993239219840084,0.013477136458167541,-0.015106970867251053,0.006270868016839217,0.09772488234255133,0.007910182970169955,0.06904151353170386,-0.07536030728736137,0.2887465107362067,-0.2348084577836188
2025-11-30 09:00:00+00:00,-0.06732076928851533,0.015954140289099045,0.01456513210930859,0.016422322271615514,0.09681966632749175,0.01591778987298877,0.052990149890459935,-0.07615079543024444,0.2879250409137574,-0.25139541400506843
2025-11-30 10:00:00+00:00,-0.0790632777830684,0.01387292880648438,0.039013023253253606,0.025951588707314746,0.11477245985661236,0.029788066994334318,0.04093163416537324,-0.07863089758195958,0.2739787369650908,-0.2598128183718947
2025-11-30 11:00:00+00:00,-0.08838078131449072,0.01387292880648438,0.0589062516040391,0.0456641980547038,0.09852236629653147,0.056040498336415646,0.031118892153156667,-0.07863089758195958,0.24671632911370336,-0.2598128183718947
2025-11-30 12:00:00+00:00,-0.0977897351282998,0.01387292880648438,0.0589062516040391,0.06506784465510772,0.09852236629653147,0.07287643929638513,0.021190610719753408,-0.07863089758195958,0.22016068399848798,-0.2598128183718947
2025-11-30 13:00:00+00:00,-0.11661625221555941,0.011835631244169042,0.054073383790334335,0.07679393148486431,0.0801988368578951,0.09672549513837805,0.0019399513686944618,-0.08428422611773718,0.18531713530740931,-0.28328926857704406
2025-11-30 14:00:00+00:00,-0.13631712799974097,0.022333205561847404,0.017940671417629537,0.08893195850310451,0.05556250099813128,0.1207261023308647,-0.01826077823061751,-0.09018363475959677,0.15681105206131302,-0.30788427930259665
2025-11-30 15:00:00+00:00,-0.15213902861182402,0.042141891428709166,0.017940671417629537,0.10966912824707124,0.029355414443390463,0.14697889786346055,-0.03549722770253145,-0.09716540424911914,0.07693114113393824,-0.32186658045538336
2025-11-30 16:00:00+00:00,-0.13992207265706694,0.02497018980387251,0.017940671417629537,0.10033401776053047,0.05155485763577482,0.12239815034989215,-0.02106128823013151,-0.09115821558771804,0.07693114113393824,-0.3138101335020023
2025-11-30 17:00:00+00:00,-0.12759512892159133,0.008026580588591485,0.017940671417629537,0.08159818688221832,0.014082655058846911,0.09831613990439322,-0.006427140436531425,-0.07924592048911358,0.07693114113393824,-0.30567206928299784
2025-11-30 18:00:00+00:00,-0.1151529959364057,-0.008701663455472249,0.017940671417629537,0.06313006540224843,0.04255675107238689,0.06268235499218519,0.008415754881817934,-0.049841697791522005,0.11586878290067337,-0.2974489837414307
2025-11-30 19:00:00+00:00,-0.1077390567054796,-0.01666291901595073,0.024194520620464774,0.05449086196720024,0.029898782796552958,0.04351466257961669,0.03556407176441576,0.023086485342460987,0.18503372416058736,-0.29164980105009913
2025-11-30 20:00:00+00:00,-0.08752048618023268,-0.024931836423282373,0.03060004336228783,0.04556604412581597,0.049465110739051674,0.024208856052357893,0.06444533035005491,0.09501572847331592,0.17602233978591122,-0.2822350456573063
2025-11-30 21:00:00+00:00,-0.08634540834002366,-0.03352699756193171,0.03716739644785028,0.03633610267273305,0.08548718761145349,0.011262166409165079,0.09523042669668606,0.18087069144795456,0.1452837361144279,-0.27499990513455663
2025-11-30 22:00:00+00:00,-0.10321184833450835,-0.04459569245085794,0.04497451478760279,0.03997037618080349,0.09168540551075333,-0.0077175409948065515,0.09328018954832508,0.1889878210072529,0.13710546374204122,-0.28542409441382
2025-11-30 23:00:00+00:00,-0.09864464141135512,-0.04593903900292949,0.0668640638880448,0.053247796786564654,0.09378408650437614,-0.0010508041575127836,0.10428239601352407,0.208232528439637,0.14993402048150342,-0.27505560356410125
2025-12-01 00:00:00+00:00,-0.0840490885350794,-0.03524847462278035,0.08397123058530141,0.07109468925657737,0.11121461411267541,0.01332848860863378,0.12011947515566264,0.22791796455166863,0.1604031688889234,-0.2676547647645961
2025-12-01 01:00:00+00:00,-0.0840490885350794,-0.03815439467798091,0.08397123058530141,0.07082414659821373,0.11313945603115876,0.012062848023670285,0.12055583462021192,0.2250082610245812,0.1604031688889234,-0.2676547647645961
2025-12-01 02:00:00+00:00,-0.0840490885350794,-0.044841927643909534,0.08397123058530141,0.07109468925657737,0.11402251305147411,0.010775877825915978,0.12101126497971201,0.22364942070793062,0.15758782674751756,-0.26506001996071726
2025-12-01 03:00:00+00:00,-0.0840490885350794,-0.04828524374900859,0.08397123058530141,0.07065725588827579,0.11402251305147411,0.009466517302342478,0.12148434364636625,0.2236673385480236,0.15758782674751756,-0.26506001996071726
2025-12-01 04:00:00+00:00,-0.0840490885350794,-0.043627752254836984,0.0944021578772034,0.074157998020297,0.11661987530817086,0.013013808571878968,0.11554001068027567,0.20541164815530444,0.12894305542212187,-0.26506001996071726
2025-12-01 05:00:00+00:00,-0.0840490885350794,-0.03325818390721101,0.10539102317522184,0.07755081548847406,0.12691855301016156,0.016569790805014382,0.10975342857964436,0.18963118522530473,0.12894305542212187,-0.26506001996071726
2025-12-01 06:00:00+00:00,-0.0879873304325428,-0.01564500708797604,0.10539102317522184,0.07755081548847406,0.11751623260821482,0.023375207749039,0.10716578178767051,0.179640577665224,0.11776030079682374,-0.26506001996071726
2025-12-01 07:00:00+00:00,-0.09634499998831805,-0.01564500708797604,0.09662441549113929,0.07469806340091298,0.11751623260821482,0.03010179329211691,0.09417773905906504,0.16786738671849574,0.10673261612669983,-0.26506001996071726
2025-12-01 08:00:00+00:00,-0.1031857505600094,-0.015762305475544615,0.09249384019876096,0.07403542995939268,0.11270831685934408,0.03078308940488292,0.08698481852019924,0.15914545879446282,0.10301299804913482,-0.26197324202373773
2025-12-01 09:00:00+00:00,-0.12014757128237169,-0.01614487786923807,0.10419780194147907,0.07983816658880326,0.11664586657762527,0.04130636551619323,0.06786465016413624,0.13459105037522454,0.09390170778207488,-0.25471173719304324
2025-12-01 10:00:00+00:00,-0.12719111343641648,-0.016548191261090077,0.14267088041593753,0.10116959976175793,0.13276165876381893,0.052415015544941074,0.052999363656348705,0.1171288947224221,0.0842879466597315,-0.24705767334226642
2025-12-01 11:00:00+00:00,-0.1346205992882113,-0.01697410628653422,0.15680320454820773,0.11585608291030694,0.1435401668210506,0.07369799523158674,0.03717530850817735,0.0984010994339453,0.07412722858031247,-0.23897702107667454
2025-12-01 12:00:00+00:00,-0.11260369325117683,0.03432598654483506,0.1476515270466797,0.12228712471790933,0.13185138387830472,0.13032975928855525,0.027445975092106185,0.06607136609366061,0.07929347112676713,-0.1931586822624438
2025-12-01 13:00:00+00:00,-0.0961527663094958,0.08285059485877293,0.1476515270466797,0.13343809753596023,0.14039883527369304,0.18398300269209042,0.008739951848974106,0.02261447695894503,0.03796433719227951,-0.10659222276988232
2025-12-01 14:00:00+00:00,-0.07987804404643499,0.12933208899880877,0.1476515270466797,0.15525910621563094,0.14039883527369304,0.24775695284209917,-0.010203839012225713,-0.021784455395770858,0.03796433719227951,-0.025798793759577405
2025-12-01 15:00:00+00:00,-0.06377206602195289,0.1740474672293652,0.1476515270466797,0.17686138874864238,0.1488994338895873,0.30962812342883617,-0.029398286391430627,-0.05824993445758919,0.03796433719227951,0.04001684711969897
2025-12-01 16:00:00+00:00,-0.07596165880269645,0.13372669537541831,0.1476515270466797,0.1580636762011941,0.1488994338895873,0.2528159176208071,-0.0142138905580638,-0.02973972151291406,0.03796433719227951,0.005136923343285224
2025-12-01 17:00:00+00:00,-0.08804321292203479,0.09496571012192594,0.1476515270466797,0.13948959003372904,0.13365635771199033,0.2074990810754988,0.0011800135830266208,-0.00044291961975600916,0.07584134866061523,-0.011935991533175618
2025-12-01 18:00:00+00:00,-0.08804321292203479,0.05757601993536897,0.1476515270466797,0.12112600045796401,0.14113926377204214,0.16390854823679415,0.01679513958507929,0.029727914974516878,0.07584134866061523,-0.0365984031649761
2025-12-01 19:00:00+00:00,-0.08804321292203479,0.03729617581405777,0.1476515270466797,0.11088048858740561,0.14113926377204214,0.13966856942468214,0.021182184900936686,0.04278798385289656,0.07584134866061523,-0.040782744608601776
2025-12-01 20:00:00+00:00,-0.07618131222771603,0.017634769377750947,0.13174815866524472,0.10074841868633032,0.10626827356228281,0.1162499351945821,0.025611394865514163,0.0562635362697547,0.07584134866061523,-0.04489498823378084
2025-12-01 21:00:00+00:00,-0.06445872181269044,-0.0014785189868070391,0.13174815866524472,0.09072321293383807,0.04930311261281005,0.09355298598695869,0.030084049328213066,0.07019470454491145,0.09568990992738044,-0.04893834287813376
2025-12-01 22:00:00+00:00,-0.05135101536322509,-0.020105523540304173,0.13174815866524472,0.09072321293383807,0.04930311261281005,0.08291115416073232,0.03908935323804066,0.0927121071891655,0.09568990992738044,-0.05715983047278269
2025-12-01 23:00:00+00:00,-0.059125245537947554,-0.029640208281390884,0.11897199600316659,0.09474076122056772,0.04930311261281005,0.07354609913031872,0.04750583738886894,0.11142686274585924,0.09568990992738044,-0.061740436469935246
2025-12-02 00:00:00+00:00,-0.07449572523780476,-0.03497647530113791,0.11226354114756013,0.07533498564608142,0.03746388803463831,0.05523753055028136,0.033722599540379525,0.10332001993281502,0.08719677664646502,-0.07949078253126995
2025-12-02 01:00:00+00:00,-0.07449572523780476,-0.03497647530113791,0.11244690576557771,0.07533498564608142,0.038704657456855515,0.05410282390499524,0.03427953304920171,0.10345977114791984,0.08719677664646502,-0.08225045101314678
2025-12-02 02:00:00+00:00,-0.07449572523780476,-0.03497647530113791,0.11272817392279152,0.07564536617911635,0.03982734088118003,0.05295426518338562,0.03427953304920171,0.10387959196559265,0.09114603201617301,-0.08510574337562624
2025-12-02 03:00:00+00:00,-0.08574668727867336,-0.04707229888554558,0.09784514500442257,0.060809422737126986,0.03172238011563043,0.04179644542309097,0.020396475963192794,0.09045660736575466,0.08678652919396405,-0.09626537840247597
2025-12-02 04:00:00+00:00,-0.082006279301166,-0.04207339341860208,0.0868306283855723,0.05430036874378864,0.03906073970807013,0.053990371831725906,0.020396475963192794,0.08222127472191536,0.07497242259297537,-0.0918285958654339
2025-12-02 05:00:00+00:00,-0.07819608028611147,-0.03133762840596532,0.06760467298642543,0.04501380517840758,0.027314143738843187,0.0662114740614473,0.020396475963192794,0.07697089401145991,0.06318634374742155,-0.08729413608390622
2025-12-02 06:00:00+00:00,-0.07385425999457598,-0.019718841856304344,0.04914341684170594,0.04501380517840758,0.01833097492772962,0.08024416177028645,0.012389186481510613,0.06869456605769808,0.05140910657631349,-0.08000480043216208
2025-12-02 07:00:00+00:00,-0.058651948080760914,0.004550940607255621,0.05565233048712153,0.05125775722573453,0.001702359152891799,0.09913476390364967,0.011242158109260757,0.06806407983865466,0.032360208243154324,-0.05214841042911743
2025-12-02 08:00:00+00:00,-0.04406828224280333,0.022019186379742005,0.03516952092398654,0.06342164941395784,-0.014395210458993208,0.12092443733422623,0.016346618029071155,0.06777092570897657,0.0028775684369642196,-0.02604882709801615
2025-12-02 09:00:00+00:00,-0.030069758929970904,0.038672618437499584,0.042214606088241,0.06662213026244594,-0.03059286439553367,0.14136836384515095,0.02153097714773632,0.0642268358370999,-0.015287130831935959,-0.0015383126372687504
2025-12-02 10:00:00+00:00,-0.02705512701969579,0.05456328831346731,0.03767099942423508,0.06616962986355047,-0.04880693463525359,0.16014823112415708,0.023242444176449925,0.057417120459934995,-0.0328623185212847,0.0029986074226847786
2025-12-02 11:00:00+00:00,-0.023941127979225114,0.07649385026197962,0.03299629912257016,0.065328871867235,-0.07481642984382716,0.19001700349593387,0.021424865898448654,0.040888382946041676,-0.06564926951247854,0.010971800311179097
2025-12-02 12:00:00+00:00,-0.02091562702703772,0.09729030054690031,0.009897288834807595,0.06452762986961777,-0.0821385571437378,0.21821610011241038,0.01975268293435819,0.02484971230525251,-0.05477029853481258,0.037607207183795045
2025-12-02 13:00:00+00:00,-0.015021540511439682,0.1250957394050719,0.023675269358332626,0.06267724773982077,-0.08588197833711922,0.28566436160092934,0.02212286660118197,0.009602311538639788,-0.0336768710082393,0.08221879012484343
2025-12-02 14:00:00+00:00,-0.009484496600079308,0.1506039621727428,0.03668769730176306,0.07287835875332715,-0.06916157611786455,0.3433302807538421,0.024595530577096496,0.00667834242273593,-0.013837615291231668,0.13344996253472685
2025-12-02 15:00:00+00:00,-0.004255677774750117,0.17410958625911527,0.049037676493196784,0.08239510105510717,-0.0727527668391778,0.3853317656825938,0.027170757702944373,0.008962077719356532,0.004918412637642883,0.17938976581318908
2025-12-02 16:00:00+00:00,-0.004255677774750117,0.15763703898878076,0.049037676493196784,0.0745038938779649,-0.06647431135619901,0.3351271812234171,0.03502779224701427,0.023794926883671106,0.004918412637642883,0.14757831226606313
2025-12-02 17:00:00+00:00,-0.017406983998599232,0.1414335756842484,0.049037676493196784,0.058653337776448156,-0.0727527668391778,0.28738418849785546,0.042944278000252814,0.03887773791215402,-0.030207671150192312,0.10821924425588486
2025-12-02 18:00:00+00:00,-0.06645330595001515,0.1254848020759945,0.049037676493196784,0.050725469255973155,-0.08484707041903503,0.24176346794574996,0.050921940835736666,0.0542251690389801,-0.0650107818220872,0.07012167912569646
2025-12-02 19:00:00+00:00,-0.09621031012328682,0.11589596191546679,0.03356130262935554,0.04603293245810446,-0.0776562713288678,0.2143625363713825,0.05572913419506649,0.06361118286772206,-0.04467331648985075,0.047990294666844645
2025-12-02 20:00:00+00:00,-0.12642586252901608,0.09645576253190657,0.03356130262935554,0.04603293245810446,-0.10115308643556327,0.18805403199094636,0.06057600569074889,0.07318002830736745,-0.024164375131871155,0.02646161074224098
2025-12-02 21:00:00+00:00,-0.15031723698751462,0.07784544689748042,0.03356130262935554,0.05578999536368128,-0.13385824362972187,0.1683824577644837,0.06546371928356108,0.08294293325601594,-0.00344175967097189,0.005462207520663739
2025-12-02 22:00:00+00:00,-0.15542443007008006,0.05997241957753035,0.019566938430267588,0.07479961561302273,-0.15657171899198524,0.14908056835254196,0.0752054868552735,0.0970788637753803,0.037234058180645103,-0.011036627809895129
2025-12-02 23:00:00+00:00,-0.14927164613358604,0.05179572533490942,0.019566938430267588,0.07886217894493497,-0.17790335014683906,0.14533007494581512,0.0796980531631012,0.10875667662826166,0.01753939076388673,-0.02359594609509546
2025-12-03 00:00:00+00:00,-0.16516022230145602,0.04221385059237976,0.01990531906435035,0.06630790909202838,-0.19136822024114708,0.13144290681563542,0.06504615915110375,0.09918558106914814,0.012618533116915038,-0.03924798921180226
2025-12-03 01:00:00+00:00,-0.16844267081258457,0.044141572971156236,0.031699261466128795,0.06833464745965973,-0.19444231932960368,0.13034108502261868,0.06504615915110375,0.10023490334083766,0.018495004277243186,-0.04234640687486988
2025-12-03 02:00:00+00:00,-0.16844267081258457,0.04602858664325239,0.039745329368176846,0.07152842283118392,-0.19174298233139217,0.12925044355513607,0.06415511933675225,0.10128744043135571,0.024985391029017638,-0.0439660752583903
2025-12-03 03:00:00+00:00,-0.17992195729191027,0.03663050359601094,0.03574305410001296,0.06260168481034345,-0.2038751407626896,0.12029858148668544,0.05119094114055659,0.09094080594658278,0.020533467854744396,-0.05445062689004176
2025-12-03 04:00:00+00:00,-0.1791578712170952,0.03663050359601094,0.02527135906169415,0.056760982383878444,-0.20460482273917255,0.12590835349039048,0.0534966522750304,0.09094080594658278,0.020533467854744396,-0.05177986947415084
2025-12-03 05:00:00+00:00,-0.1791578712170952,0.03663050359601094,0.020284604712190887,0.05137311889967754,-0.2095999230279199,0.13111302465308386,0.055851716426197656,0.08900474425896526,0.012805239177306258,-0.0490541670871721
2025-12-03 06:00:00+00:00,-0.18058154724971714,0.03949822722789977,0.015254972983392366,0.0468437957719283,-0.21646529253471702,0.13662112399725757,0.05223628491566982,0.08654368337956056,0.004952659081154817,-0.04762298735837084
2025-12-03 07:00:00+00:00,-0.17224797660563618,0.04939913586037776,0.003408919234986994,0.049739261880996324,-0.21959893771045214,0.1551438764969959,0.055149698562056364,0.0885585740155956,0.01542296698538526,-0.03423313441187399
2025-12-03 08:00:00+00:00,-0.1641842101950335,0.06656636843366397,0.006522276100032437,0.05307206404357647,-0.22260411344120684,0.17242715520433682,0.05816995020691259,0.09080602592682685,0.03295080864884589,-0.021416336666426516
2025-12-03 09:00:00+00:00,-0.15638113623117522,0.0827703232311228,0.014710280674913956,0.052219162787869665,-0.23015481487648873,0.18860235817005536,0.061298560277189613,0.09329246483005242,0.021629671628931032,-0.009142028712767414
2025-12-03 10:00:00+00:00,-0.15537460188078697,0.10079569749592719,0.040760595312493215,0.05046296500095803,-0.23555081580468082,0.19877909582859782,0.05961693592755959,0.09259102443309616,0.01751517630141219,-0.0018702480047894084
2025-12-03 11:00:00+00:00,-0.15365166148091564,0.1327088277965178,0.08250971440701668,0.042160115774817125,-0.2235017386059256,0.21682377181978427,0.05106275178747678,0.08554471405584206,0.013377215690226457,0.011099423630182305
2025-12-03 12:00:00+00:00,-0.15198517965049457,0.16300616867766465,0.12091348179450712,0.03411571390346401,-0.21630391747808134,0.24034785654844565,0.0427704878525783,0.07875267799936224,0.04351155965671397,0.030795248207737994
2025-12-03 13:00:00+00:00,-0.15037217094402888,0.1918507503352523,0.14470032599325117,0.03415145353848829,-0.23218616208239118,0.2637284333781768,0.03472652348371944,0.07220401456411353,0.052881368085175275,0.05653964265746788
2025-12-03 14:00:00+00:00,-0.1466438588777896,0.21897527500639694,0.17892274989042564,0.04932635168540357,-0.21037430979881128,0.2937983889757642,0.028536838862007162,0.06754693823240294,0.0892093293491621,0.08898363521849348
2025-12-03 15:00:00+00:00,-0.14456619940787135,0.24591655489215608,0.20623125769495435,0.056562907839302956,-0.1852570354949742,0.3305708333859704,0.014400722364627631,0.05540541175747995,0.12805542886805418,0.1223306787151937
2025-12-03 16:00:00+00:00,-0.14456619940787135,0.21936326078495683,0.1823571540913284,0.04821102155053442,-0.19611082177998632,0.299559923727781,0.0320108143684502,0.0714932177524927,0.12805542886805418,0.092941966780884
2025-12-03 17:00:00+00:00,-0.15454210980934877,0.19341029485404637,0.15936525745674252,0.04821102155053442,-0.16886155167545377,0.2604701251342631,0.04098660846720461,0.08785292366149418,0.12805542886805418,0.0640307060934711
2025-12-03 18:00:00+00:00,-0.16191400960107485,0.17838842015713702,0.1511277945781726,0.05650268160081556,-0.1820072069885898,0.24182858693721926,0.056278942315929156,0.10309880877040839,0.13821500129960737,0.043912798188930124
2025-12-03 19:00:00+00:00,-0.17647635691056426,0.16214535289448442,0.13669507694524924,0.05650268160081556,-0.17033418240545437,0.22163308371440255,0.06219145335073071,0.10864802327229071,0.13821500129960737,0.03488653226446664
2025-12-03 20:00:00+00:00,-0.19652249372696043,0.1462306993361696,0.12273843560188336,0.05650268160081556,-0.1864128986769895,0.20202215352419062,0.06219145335073071,0.11426359048919661,0.13821500129960737,0.03488653226446664
2025-12-03 21:00:00+00:00,-0.1997727735377041,0.1306189602141719,0.12273843560188336,0.05650268160081556,-0.2255801907895257,0.1789444350570853,0.06219145335073071,0.11994774744255594,0.16088205595462635,0.03948365991660705
2025-12-03 22:00:00+00:00,-0.1997727735377041,0.11528664145270488,0.11057495047160436,0.05142567596527975,-0.24723935920689644,0.17013089978117654,0.06799293278837755,0.11994774744255594,0.1840128518098829,0.026109258152900786
2025-12-03 23:00:00+00:00,-0.20598825876484345,0.10844668418279121,0.09971765764306131,0.05612557383934712,-0.2305374954104308,0.17013089978117654,0.07323461416109271,0.1278010653356592,0.1840128518098829,0.013188536139820684
2025-12-04 00:00:00+00:00,-0.22239446127642593,0.09295626197461931,0.0810499142299485,0.04068497296390676,-0.24429032737328327,0.15187027072226028,0.062248307497699676,0.11305108943754459,0.18361542154930324,0.00012198878143660572
2025-12-04 01:00:00+00:00,-0.226532050934218,0.09125244537446522,0.07227271990918913,0.04068497296390676,-0.25488750651417225,0.1496842706076814,0.06378935042074274,0.11391083166748227,0.18639788611410701,-0.0016369193286221268
2025-12-04 02:00:00+00:00,-0.23896293085667913,0.0791107264596871,0.06739833044223843,0.024660753048657034,-0.27589378699173406,0.14056816649151355,0.05092140186030937,0.10306531119574337,0.18005840963780567,-0.014297345739637172
2025-12-04 03:00:00+00:00,-0.2517710822259428,0.0665073149162233,0.061991202243735215,0.013374912103992805,-0.28435903455002887,0.13237178667538346,0.03991576969130545,0.09415400526026664,0.17650858137441486,-0.02541603863490712
2025-12-04 04:00:00+00:00,-0.25266868996473346,0.06907185695909575,0.06468634928008823,0.013374912103992805,-0.28337104568157084,0.14010430004826194,0.03991576969130545,0.09415400526026664,0.18676497074238346,-0.024621154497635824
2025-12-04 05:00:00+00:00,-0.25266868996473346,0.0732967754741727,0.06739716054411148,0.014526593239558289,-0.2833395665684407,0.14586760413210126,0.03991576969130545,0.09415400526026664,0.18676497074238346,-0.023817061337924512
2025-12-04 06:00:00+00:00,-0.2525770551749506,0.07684399982185107,0.07012537252381963,0.015616779146879407,-0.28425005939522646,0.14910665773079654,0.042272004871589886,0.09415400526026664,0.18676497074238346,-0.02300341783002593
2025-12-04 07:00:00+00:00,-0.25164990565050466,0.08913498587073351,0.07597428820420844,0.02221063551828928,-0.2830164615704848,0.1621169055002866,0.05115874048849056,0.10065549543230842,0.19836971332820996,-0.016386420363731294
2025-12-04 08:00:00+00:00,-0.24648250860899876,0.09830224049597769,0.07996307056195556,0.02793295303137312,-0.2598637496476287,0.17225191779882018,0.05812831731516717,0.10778199473796692,0.1918710655036335,-0.006086950475452011
2025-12-04 09:00:00+00:00,-0.2415119125184324,0.1070252429624104,0.08380004392722604,0.029420207488732246,-0.26149077510557106,0.17901601474951612,0.06480137950306554,0.11459743468195727,0.18562910054224774,1.6973071075028256e-13
2025-12-04 10:00:00+00:00,-0.24165441072413038,0.11533572358086185,0.08749377699396849,0.02684670257906077,-0.2577415799274386,0.18238082568270086,0.06718796706732215,0.11772841802615942,0.17962884798384068,0.005844132973109147
2025-12-04 11:00:00+00:00,-0.24077601075982277,0.12940634162275538,0.09347815535161803,0.022320771244544953,-0.2594743515409222,0.1874508317075106,0.07098483415842727,0.12261602386969044,0.19631520262662874,0.01579876933394836
2025-12-04 12:00:00+00:00,-0.249239873731265,0.13901554575044278,0.11084014354088084,0.022320771244544953,-0.2639786604854163,0.206048253020228,0.06382271161045139,0.12261602386969044,0.19631520262662874,0.028457754868371682
2025-12-04 13:00:00+00:00,-0.25773174287855705,0.14854096092635963,0.11084014354088084,0.022320771244544953,-0.2639786604854163,0.22984904446512122,0.05662184941026355,0.12261602386969044,0.19631520262662874,0.022198286433242648
2025-12-04 14:00:00+00:00,-0.2638466071047774,0.16288034217103417,0.11254709269976956,0.02948123920483032,-0.256838441001569,0.25232518782345364,0.05096044701264269,0.12395752788414566,0.20296350952511788,0.029106156088419644
2025-12-04 15:00:00+00:00,-0.26980442831840507,0.1766700220720491,0.1142365414079275,0.03648801204370121,-0.2568007347292428,0.27378528513912037,0.04549670978261395,0.11933076526957868,0.17033185745015295,0.04185413254753057
2025-12-04 16:00:00+00:00,-0.2600203909753795,0.1635494046699351,0.00768821797876149,0.04520579097917808,-0.24550531572659093,0.2576299366968759,0.054737398127011706,0.12771573602204486,0.17033185745015295,0.0340413889971408
2025-12-04 17:00:00+00:00,-0.2502255014712019,0.15056355696216006,-0.07171974368253044,0.04520579097917808,-0.19879328277108327,0.2416109693050488,0.054737398127011706,0.13615627261613283,0.20768925791890622,0.026210137958369035
2025-12-04 18:00:00+00:00,-0.24938149449043065,0.1453064898924908,-0.11098623505280045,0.05310717135086574,-0.19826285635992083,0.23289720251472693,0.060781950648780565,0.14893454293041122,0.21900789590588143,0.03341889541619758
2025-12-04 19:00:00+00:00,-0.2632036230139281,0.13675404984560513,-0.14556816816622914,0.05310717135086574,-0.1876487781515873,0.21651715568308552,0.060781950648780565,0.16082963423516536,0.21900789590588143,0.03341889541619758
2025-12-04 20:00:00+00:00,-0.27943323437091394,0.12828611144875698,-0.17222509822850818,0.05310717135086574,-0.17809989600719095,0.20042467112375098,0.05438809872862226,0.1729609950920306,0.21900789590588143,0.03341889541619758
2025-12-04 21:00:00+00:00,-0.2900314716885165,0.11108431264031113,-0.2056224561413307,0.05310717135086574,-0.13512972888111607,0.1845998260957973,0.04181986647996928,0.1853428726796543,0.21900789590588143,0.03341889541619758
2025-12-04 22:00:00+00:00,-0.2900314716885165,0.10289164872037676,-0.2427239918695495,0.0585463349223356,-0.18260636508102154,0.1656005694287969,0.04181986647996928,0.19058434634774266,0.21900789590588143,0.03341889541619758
2025-12-04 23:00:00+00:00,-0.2826030321209268,0.09562648373092396,-0.26482985744962606,0.06352303459418501,-0.15518209439057354,0.14978144174707922,0.04181986647996928,0.19058434634774266,0.2447267387784365,0.028553046698732522
2025-12-05 00:00:00+00:00,-0.2826030321209268,0.09177479595612739,-0.27953997380496676,0.06352303459418501,-0.1479378118603972,0.14776460990746865,0.04397914620838682,0.19058434634774266,0.2447267387784365,0.028553046698732522
2025-12-05 01:00:00+00:00,-0.2826030321209268,0.08957260238687562,-0.2950886368343705,0.06352303459418501,-0.14987408951848835,0.14573717626705757,0.04397914620838682,0.19058434634774266,0.2447267387784365,0.028553046698732522
2025-12-05 02:00:00+00:00,-0.2826030321209268,0.08732838357661454,-0.3109324169654924,0.06352303459418501,-0.14284418084947334,0.14223339984275093,0.04610346176259984,0.1911719478146656,0.2447267387784365,0.026500954060026914
2025-12-05 03:00:00+00:00,-0.28116248521012693,0.08732838357661454,-0.3057691543069657,0.06235712398366274,-0.14280882576304585,0.14610946619849388,0.04507948784699443,0.1911719478146656,0.2447267387784365,0.02726383574314849
2025-12-05 04:00:00+00:00,-0.2797683374371242,0.08732838357661454,-0.301104233330131,0.06235712398366274,-0.1427224810790111,0.14796930652891382,0.04407891112408002,0.1911719478146656,0.2447267387784365,0.028041450319747585
2025-12-05 05:00:00+00:00,-0.2797683374371242,0.08546082719235953,-0.29691115348186614,0.06235712398366274,-0.14256690476524217,0.14954618633726208,0.043100649750749565,0.18963060362175205,0.2447267387784365,0.028834437202024825
2025-12-05 06:00:00+00:00,-0.2829977941745347,0.0875224210370051,-0.2821112560651643,0.052509157082810586,-0.14736781801505086,0.14361716464572769,0.0427180780692217,0.18931813184677332,0.24059324532521328,0.01846137758175947
2025-12-05 07:00:00+00:00,-0.2870936785393012,0.09253350463536669,-0.26394526085081954,0.04907584088964826,-0.14290280624041848,0.15328390953012977,0.0427180780692217,0.1840498886344392,0.24059324532521328,0.0014267341950203005
2025-12-05 08:00:00+00:00,-0.29120662275573816,0.09751332520056706,-0.24266558456995346,0.04226218323150852,-0.13601311102065872,0.15934557177085526,0.03930708210923415,0.17871979310021574,0.24059324532521328,-0.005321528017630076
2025-12-05 09:00:00+00:00,-0.2953371552162272,0.10246340882865156,-0.23220230359574748,0.035201186404609744,-0.1245595001087485,0.16253189988675523,0.03230982793877323,0.1758330026141705,0.24059324532521328,-0.012098966085268947
2025-12-05 10:00:00+00:00,-0.2953371552162272,0.10738522806820967,-0.21809356531666577,0.027981967254842244,-0.1245595001087485,0.16253189988675523,0.025084503343663793,0.16886744870489545,0.24059324532521328,-0.012098966085268947
2025-12-05 11:00:00+00:00,-0.2953371552162272,0.11675154072832704,-0.191396690669413,0.014743701001559492,-0.135769672531587,0.16253189988675523,0.011570274991107849,0.15584232225805364,0.24059324532521328,-0.012098966085268947
2025-12-05 12:00:00+00:00,-0.2953371552162272,0.12606126211630708,-0.15428477591390205,0.001551673575760503,-0.14795428857117324,0.16253189988675523,-0.0020445754661198054,0.14280433849681382,0.2143109486145718,-0.024553485813490882
2025-12-05 13:00:00+00:00,-0.2980344404111669,0.13595539370959905,-0.12347287901781592,-0.007126669108604025,-0.16284548018038233,0.13832051188882308,-0.021817267206721756,0.12709782319017016,0.20670290664938273,-0.04848057450251113
2025-12-05 14:00:00+00:00,-0.2980344404111669,0.14980326444190453,-0.082569916248296,-0.016927821989113447,-0.16934425717814666,0.11016956823613842,-0.04230960590627176,0.09820055668630051,0.20670290664938273,-0.08591495913544323
2025-12-05 15:00:00+00:00,-0.2980344404111669,0.16357261614286953,-0.042278702916237657,-0.0267816903235323,-0.18746715473142406,0.0910211136780292,-0.06298424484199955,0.06898565739393549,0.20670290664938273,-0.12380622696055019
2025-12-05 16:00:00+00:00,-0.2980344404111669,0.15058450697911277,-0.07671894290836592,-0.018216636106949746,-0.18220644507033892,0.10829086306475855,-0.04519312202826503,0.09580596763487084,0.24683058905847277,-0.09933207841000978
2025-12-05 17:00:00+00:00,-0.2889395469292608,0.1376876985914309,-0.1108058012578342,-0.0009482024773478145,-0.1770977424939538,0.12565541812847392,-0.02724397893438783,0.12302369829676921,0.28807493872469453,-0.06688301710411165
2025-12-05 18:00:00+00:00,-0.2595572281743686,0.13112485295102952,-0.1382351916034395,0.019174728191200262,-0.15347309046700716,0.13760186412634334,-0.009261040410236296,0.15068333637115958,0.30161743122003265,-0.04319977839962711
2025-12-05 19:00:00+00:00,-0.23637536070288917,0.12264925083043156,-0.1521691274463578,0.030929423206413103,-0.16332537110408252,0.14356125462228073,0.0027053658286805234,0.16950899266576558,0.30161743122003265,-0.02703739292664852
2025-12-05 20:00:00+00:00,-0.20903211087109935,0.12264925083043156,-0.17587261021511666,0.04289292419225245,-0.1606393951726588,0.14356125462228073,0.014797023139294235,0.18870076799942564,0.30161743122003265,-0.010585416885718546
2025-12-05 21:00:00+00:00,-0.18279607109427712,0.12264925083043156,-0.18387987468186479,0.05507853642076552,-0.10434941673757712,0.13760186412634334,0.02702220431254265,0.20829142227695063,0.30161743122003265,0.006182294886965523
2025-12-05 22:00:00+00:00,-0.1698691352268682,0.12264925083043156,-0.20824894817567588,0.05507853642076552,-0.08095354800244708,0.13760186412634334,0.02702220431254265,0.2143697129929877,0.28599373323628113,0.011846560931771648
2025-12-05 23:00:00+00:00,-0.1698691352268682,0.11476231112292198,-0.22574141267005363,0.05507853642076552,-0.05699642924124652,0.1331645819477169,0.03877941641804819,0.2143697129929877,0.30426219611609695,0.02830764645568664
2025-12-06 00:00:00+00:00,-0.15313043524019357,0.11302464025045596,-0.2464411425238102,0.06493939724734688,-0.074759247526074,0.14618447326896192,0.05668676854353562,0.22731390232873516,0.30523331845089235,0.04224701951215744
2025-12-06 01:00:00+00:00,-0.14871988358322139,0.10595113114814941,-0.27503196795286855,0.06493939724734688,-0.05721484299893695,0.14499945958121463,0.058663881163810376,0.22731390232873516,0.303460526281585,0.04434752370802181
2025-12-06 02:00:00+00:00,-0.14871988358322139,0.0985448161489873,-0.29965648666756806,0.06493939724734688,-0.05721484299893695,0.14380952261911262,0.06266728780057751,0.22731390232873516,0.303460526281585,0.04434752370802181
2025-12-06 03:00:00+00:00,-0.14824761460701846,0.10282636728236526,-0.30275470645068187,0.06493939724734688,-0.05768648967030999,0.14579754337267806,0.06035684667264939,0.22233828344612308,0.2924709497351718,0.04345307981622919
2025-12-06 04:00:00+00:00,-0.14779992155159669,0.10741669803353347,-0.30930487423745506,0.06493939724734688,-0.05795452003686225,0.14784247248245258,0.058151051503681196,0.21760838116006082,0.2924709497351718,0.042574710030937865
2025-12-06 05:00:00+00:00,-0.1473756658569182,0.10949232008720869,-0.3097839301910422,0.06583654331513938,-0.05755774098976616,0.14784247248245258,0.05604076299790746,0.2116532526776456,0.2924709497351718,0.04171180238772211
2025-12-06 06:00:00+00:00,-0.14729162837855267,0.10809163287553261,-0.3107453222377025,0.06583654331513938,-0.05670255653111483,0.14784247248245258,0.055427513567942746,0.2107984211626057,0.2924709497351718,0.04086377711846032
2025-12-06 07:00:00+00:00,-0.15409609104357921,0.1087715555963044,-0.2991631075914115,0.05648407078981984,-0.058052755464716395,0.14022266564280056,0.04783706346911025,0.20248742682147008,0.2832058001141663,0.03160752773748744
2025-12-06 08:00:00+00:00,-0.15911256416939615,0.1087715555963044,-0.28210952855950167,0.05648407078981984,-0.05258786254399653,0.14022266564280056,0.044357120219938234,0.19292048173677298,0.2832058001141663,0.02819209866757957
2025-12-06 09:00:00+00:00,-0.1641633621000785,0.1087715555963044,-0.2724673620378327,0.06007831522769828,-0.05258786254399653,0.14022266564280056,0.04085202839555951,0.18323430190655013,0.2832058001141663,0.02475411094304127
2025-12-06 10:00:00+00:00,-0.16866092960933463,0.1087715555963044,-0.266770454670491,0.06379221461996756,-0.047485501398989854,0.14376823841023578,0.03723903437150162,0.16757100163657415,0.2832058001141663,0.02475411094304127
2025-12-06 11:00:00+00:00,-0.1755052546565431,0.10472554758715398,-0.2585632000780672,0.06536287144376696,-0.057889992069342706,0.146859446838693,0.025985485486834315,0.14636525957770738,0.2879743345411225,0.02129191654406229
2025-12-06 12:00:00+00:00,-0.1839501804184919,0.10472554758715398,-0.24750019751210528,0.07235495000340696,-0.0822709626348886,0.146859446838693,0.012328528186709656,0.11749501197889664,0.2623656859366076,0.014792741151138492
2025-12-06 13:00:00+00:00,-0.19239186734676544,0.10472554758715398,-0.23640937517069022,0.07235495000340696,-0.07273694918851616,0.14035400737471063,-0.001372195131453576,0.0886180892638472,0.23631476142881486,0.0016589918583766294
2025-12-06 14:00:00+00:00,-0.20447770801965665,0.10107359192919309,-0.22324294559126756,0.05705707554793829,-0.09071251189597558,0.12713654492184506,-0.019780652695112245,0.05298812106690509,0.2009710461696159,-0.02195025473302307
2025-12-06 15:00:00+00:00,-0.21700854008176096,0.09735363308147295,-0.2095919102893586,0.04112113983727042,-0.10180748829179448,0.11338731103711334,-0.03889294351078446,0.015980425387623395,0.12866817155755558,-0.04678917670673946
2025-12-06 16:00:00+00:00,-0.206044661858991,0.09735363308147295,-0.225064522545213,0.050647358621602176,-0.0957957396724456,0.11338731103711334,-0.021476140695972944,0.05315829006663962,0.16845252814929584,-0.029937581770095565
2025-12-06 17:00:00+00:00,-0.18481608688769652,0.09735363308147295,-0.24064345487055225,0.06029006859294331,-0.08986516424427987,0.12325055180397682,0.004805133685585043,0.09062837907843141,0.20964957242814578,-0.012739104737860274
2025-12-06 18:00:00+00:00,-0.1714418077823505,0.09735363308147295,-0.25088047972543415,0.06663625483557495,-0.08986516424427987,0.12982872591257502,0.01613056164722875,0.12173271098215813,0.23822440775327622,-0.0016098635206171813
2025-12-06 19:00:00+00:00,-0.14881785948875478,0.09735363308147295,-0.261202824646531,0.07306534769671126,-0.09354172226837688,0.12982872591257502,0.021880543004791142,0.15376701961129546,0.23822440775327622,0.009768837692991254
2025-12-06 20:00:00+00:00,-0.11512145907641032,0.09735363308147295,-0.27161462077597576,0.07958043458294954,-0.07092661999757986,0.12982872591257502,0.033632914190224544,0.1868827581503729,0.23822440775327622,0.021414543820372573
2025-12-06 21:00:00+00:00,-0.08177509456793257,0.08723902749602483,-0.28403303511359446,0.09263002628587776,-0.05657538783246613,0.12982872591257502,0.04568993648393909,0.22125498810752908,0.20964957242814578,0.03334648926594184
2025-12-06 22:00:00+00:00,-0.06604854676190809,0.07731445094775133,-0.29676163713521747,0.09263002628587776,-0.04896688879722042,0.1170399116997383,0.04568993648393909,0.24834561982884149,0.20964957242814578,0.04558582053028194
2025-12-06 23:00:00+00:00,-0.04874570257041721,0.06839348186953075,-0.32559734164641957,0.08132433954743724,-0.04896688879722042,0.09109483226916848,0.04568993648393909,0.24834561982884149,0.2282186443473603,0.05698612152710697
2025-12-07 00:00:00+00:00,-0.03327711280897877,0.0679169227962806,-0.3258130867889816,0.0918109290904949,-0.05479823167666997,0.09774442711148991,0.06858139284171316,0.26209381404685494,0.24952250662051179,0.0700941218971986
2025-12-07 01:00:00+00:00,-0.02946814064114369,0.0617499456473548,-0.333995525656989,0.08594632520795188,-0.05287125771234343,0.09597801587284216,0.07189068845066315,0.26209381404685494,0.2454700140881645,0.07201553655028013
2025-12-07 02:00:00+00:00,-0.01962327017938591,0.07342786987911268,-0.33565193638291935,0.09523087407554384,-0.049486545467480214,0.10694252887933088,0.08516375050621248,0.27028871917553854,0.2464841996361189,0.08167273626417522
2025-12-07 03:00:00+00:00,-0.020747959668015292,0.07918278426224412,-0.33830995972488165,0.09986935712976809,-0.04849921009687404,0.10859066522413904,0.08066216591110988,0.2650698803988431,0.2375997587635292,0.08021520458420049
2025-12-07 04:00:00+00:00,-0.02185620841270853,0.08548494823279448,-0.3413418064649569,0.10472883324639336,-0.04750333798947835,0.11026757758341937,0.07642413345503153,0.2600522422614307,0.2375997587635292,0.07878363342073864
2025-12-07 05:00:00+00:00,-0.022948821527930267,0.08548494823279448,-0.34479356511690207,0.10605472838251982,-0.04498370438667961,0.11517022319021733,0.07387070844397141,0.25385221609318,0.2375997587635292,0.07737704894929846
2025-12-07 06:00:00+00:00,-0.02175187532300565,0.08700429643814714,-0.34872022597143026,0.10605472838251982,-0.04199263631711786,0.11629312827112878,0.07324831605060438,0.24782065209523257,0.2375997587635292,0.07860142182455956
2025-12-07 07:00:00+00:00,-0.026610017057829772,0.08373877846659299,-0.33972271186470593,0.09989525648548249,-0.0421537966100801,0.10838761509191273,0.06389938718374517,0.23483623846807403,0.2265170327713483,0.07364600148663346
2025-12-07 08:00:00+00:00,-0.03884959321396323,0.09066234638457374,-0.3307056647227936,0.09989525648548249,-0.056272900702269445,0.11216125946163402,0.056684194191840245,0.21698883687545398,0.2265170327713483,0.06614035210090023
2025-12-07 09:00:00+00:00,-0.04515315206472891,0.09747158089925578,-0.3279064536377219,0.09989525648548249,-0.0529947303814098,0.12610834170880747,0.04936919598931501,0.19865674624723617,0.20546651567429308,0.06224934441427134
2025-12-07 10:00:00+00:00,-0.05128784121560607,0.10417322213120084,-0.3279064536377219,0.09989525648548249,-0.06596117684307841,0.13768383632835765,0.04177866480272392,0.17703293778452445,0.20546651567429308,0.05832154732685555
2025-12-07 11:00:00+00:00,-0.06180117764110126,0.1077598947475138,-0.3148153511902975,0.10183567603302975,-0.07319558887680581,0.1497701878969509,0.028360272018752488,0.14411579479943684,0.1812857543218633,0.045805545035438745
2025-12-07 12:00:00+00:00,-0.07285570777164586,0.12025954570634168,-0.3045485505315749,0.09301308254593892,-0.07896474375811709,0.16372284044183094,0.014365759963584324,0.10235962517471761,0.15394099263526978,0.03831612046091327
2025-12-07 13:00:00+00:00,-0.08395200104258727,0.13256754816609811,-0.29403768560398513,0.08445842427007852,-0.09112577356028902,0.17656489686698293,0.0002560967590900824,0.059590153803106054,0.09270732614535897,0.03074701047912545
2025-12-07 14:00:00+00:00,-0.1004957170910936,0.14295848312242382,-0.2696798090293564,0.057287610712317714,-0.11308560236726367,0.19041597552541173,-0.02062987277078312,0.001974945453109096,0.0182817228055647,0.002599879745252578
2025-12-07 15:00:00+00:00,-0.11770647010392835,0.15370697065733716,-0.2434302070612022,0.0285076220081223,-0.13914643889981235,0.19896260174732167,-0.042449404759749086,-0.059753163831833066,0.018150344871270735,-0.027325860488118338
2025-12-07 16:00:00+00:00,-0.10482848367196969,0.13707330002938234,-0.1665956537669762,0.03954522577229344,-0.13209933600488788,0.16990622490130186,-0.02558981523310285,-0.005538700133684418,0.05560921687933065,-0.01792978673252753
2025-12-07 17:00:00+00:00,-0.09190781813964256,0.12071358017111894,-0.08416148914088296,0.06215564476219936,-0.16173715654600634,0.14185701335701148,0.0,0.05093257488398241,0.05560921687933065,0.0012136726733872332
2025-12-07 18:00:00+00:00,-0.07620344522992746,0.11032000186315008,-0.029515352344679353,0.07699065082300044,-0.15344853113416315,0.12410925230983588,0.016345281597297215,0.08838537855765564,0.08057686516958733,0.013564027740220586
2025-12-07 19:00:00+00:00,-0.04595576588580058,0.10009197436654683,0.031359520826235505,0.09226701475478992,-0.15771418055873004,0.1123718506039259,0.03330226571035749,0.12084438499449564,0.10683388612542095,0.026327326672014012
2025-12-07 20:00:00+00:00,-0.0019835023967967247,0.09002127707429775,0.08029996996670331,0.1154154848318087,-0.16150117297104785,0.095031656589698,0.0572626872497122,0.15558581021082063,0.12872915273038366,0.039542167325658815
2025-12-07 21:00:00+00:00,0.05550472092070473,0.09002127707429775,0.13209019688441576,0.1318557127625354,-0.15634162170066057,0.0783964751185044,0.09025447201246241,0.19308685457445715,0.14997546988565544,0.053252412009257344
2025-12-07 22:00:00+00:00,0.08048876127069116,0.08010018572007534,0.17637629456673043,0.14417576072951727,-0.11236485045410798,0.0680318561410482,0.11001491414379418,0.2248829569410217,0.1706537503799772,0.06706962447107721
2025-12-07 23:00:00+00:00,0.08048876127069116,0.07124078938412713,0.20773982912956815,0.15276039284289766,-0.11775096500928033,0.058441627816654164,0.12117945501073303,0.23640198756258907,0.1706537503799772,0.07328185885832182
2025-12-08 00:00:00+00:00,0.08048876127069116,0.0688609723206571,0.2112937896516869,0.15396101953103036,-0.12356295656199971,0.05515043495704201,0.12364211749112727,0.23686878399078884,0.17720317769038973,0.07328185885832182
2025-12-08 01:00:00+00:00,0.08048876127069116,0.06641765232454858,0.22269966704168812,0.1548479103806041,-0.11368353337111857,0.05353049280935458,0.12502451687882385,0.23686878399078884,0.18369588611921858,0.07505665133331992
2025-12-08 02:00:00+00:00,0.08048876127069116,0.06641765232454858,0.23418237557534685,0.15574195914915603,-0.116615577951928,0.05179077072499786,0.12639751327042087,0.23686878399078884,0.18369588611921858,0.07704169392022094
2025-12-08 03:00:00+00:00,0.08048876127069116,0.06641765232454858,0.2162690989350623,0.15224157132031263,-0.11708743294548267,0.054531135723282935,0.12427703366524452,0.23181605034485542,0.18369588611921858,0.07518138249978228
2025-12-08 04:00:00+00:00,0.08048876127069116,0.06989607191032225,0.20748376897855755,0.14250111329445547,-0.11708743294548267,0.05736141913472133,0.1221996403970647,0.22691752814043165,0.18369588611921858,0.07335639154633455
2025-12-08 05:00:00+00:00,0.07704562451843876,0.07357948693623717,0.1990995150515441,0.1369420344016085,-0.11723149186799378,0.06003766424419468,0.12016357302851967,0.22216339950654646,0.18369588611921858,0.07156524595162661
2025-12-08 06:00:00+00:00,0.05741561283468215,0.07357948693623717,0.16930254533594905,0.11899164408143961,-0.12665292233221287,0.08474658091061865,0.11588422531856,0.19470285131053314,0.18369588611921858,0.07156524595162661
2025-12-08 07:00:00+00:00,0.048566630805973926,0.07357948693623717,0.1399285398869837,0.09362945481391223,-0.1378235186044091,0.09556710224126883,0.10808284863310924,0.1706615046023006,0.16361113978103362,0.08700145782126538
2025-12-08 08:00:00+00:00,0.03960047479200372,0.07357948693623717,0.12185122800216724,0.07436523286447348,-0.1565100862919811,0.10606645010320218,0.10010896677553298,0.15192558279959456,0.16361113978103362,0.09163871391923865
2025-12-08 09:00:00+00:00,0.03050953982992592,0.07357948693623717,0.11207717295272017,0.04472298078753088,-0.18286971874006835,0.12005717135490902,0.0914620908881743,0.13183849740815987,0.14413916504925697,0.09624097783141333
2025-12-08 10:00:00+00:00,0.006528691113447369,0.07572776456836479,0.08012910064390492,-0.003743104319673452,-0.19846584424354935,0.14728465789040415,0.08853364628615266,0.10843399192221786,0.11360869829702103,0.09530362893768336
2025-12-08 11:00:00+00:00,-0.030761752503097862,0.07749076946175197,0.03559311178299767,-0.06456599946491379,-0.22171946493875982,0.18692072797581027,0.08185276014380158,0.06887361934484164,0.07174440019735843,0.08170847821994717
2025-12-08 12:00:00+00:00,-0.06328676158271299,0.07749076946175197,0.003346308289106185,-0.10207586786063852,-0.2272486172232013,0.21867270766862054,0.07399749733802838,0.03258977002330309,0.04240733668730977,0.09002837603273281
2025-12-08 13:00:00+00:00,-0.09629965799825392,0.07749076946175197,-0.029710031046948533,-0.13318509004008844,-0.23275461144121787,0.2551517675573695,0.06609569194585116,-0.005079713116721894,0.014133545039121566,0.10630523933171793
2025-12-08 14:00:00+00:00,-0.1441103457675471,0.07749076946175197,-0.07824442439805539,-0.18710346461619487,-0.2771989810549073,0.30782301924872185,0.05460391320234888,-0.06135196829052548,-0.028658059697046673,0.12966324595930914
2025-12-08 15:00:00+00:00,-0.1928161075345274,0.07749076946175197,-0.12826435835573766,-0.253940661591436,-0.2999169146667919,0.35973773611938836,0.04303885074279631,-0.120322924622729,-0.07388987704035124,0.1528027138001594
2025-12-08 16:00:00+00:00,-0.15559172504716093,0.07749076946175197,-0.0898838429184072,-0.19026874885496634,-0.2550080364551579,0.3215161717459601,0.052792362692176124,-0.07536730922810334,-0.07388987704035124,0.14294887357078537
2025-12-08 17:00:00+00:00,-0.11774298248579516,0.07749076946175197,-0.050288479384717075,-0.12997443968006336,-0.20493460319893922,0.2748174956691481,0.0626153692346617,-0.028050591434864495,-0.07388987704035124,0.1331215108929843
2025-12-08 18:00:00+00:00,-0.09397283041588708,0.07749076946175197,-0.02486111342609281,-0.09283201062333121,-0.1811710919767647,0.2492020164140344,0.06891951796957799,-0.007524112938028948,-0.028967655729012783,0.1265545860711885
2025-12-08 19:00:00+00:00,-0.08240965642861856,0.07749076946175197,0.0015440727975535723,-0.05727458787284971,-0.1381643741379616,0.22422265554465848,0.07527202462293384,0.014260388490848897,-0.028967655729012783,0.12004336983921317
2025-12-08 20:00:00+00:00,-0.07058742833099438,0.07749076946175197,0.02828334735029792,-0.023044943919881763,-0.10282290781811815,0.20402252019893083,0.0816744433629275,0.0375277122869654,-0.028967655729012783,0.1135861565255566
2025-12-08 21:00:00+00:00,-0.05848544836397446,0.07749076946175197,0.04126767956822934,0.01406410532623218,-0.12137870067852541,0.18429194132479623,0.0881283824238586,0.06256416954534819,0.016597519286941604,0.10718129887246976
2025-12-08 22:00:00+00:00,-0.032905045764051705,0.07749076946175197,0.08891312493586657,0.04553409637082835,-0.06503960527964509,0.1709249253851249,0.10781627325993355,0.113983039471384,0.03834460247250304,0.12551101832167105
2025-12-08 23:00:00+00:00,0.006478199767535428,0.095564821734352,0.1006610990166247,0.06398194603180613,-0.03777938648345755,0.15218560659500763,0.11349245991813572,0.14313597457550256,0.017241626374796475,0.12551101832167105
2025-12-09 00:00:00+00:00,0.0012324311727607352,0.0921478302735542,0.1207842616623166,0.06826506398784626,0.0025883104098402116,0.13261353695355707,0.1053047707038674,0.14039844775226146,0.038676689525347134,0.11633087751681656
2025-12-09 01:00:00+00:00,0.006331772485225573,0.09692864638892015,0.1349906746298848,0.07584345373678132,0.0025883104098402116,0.13071715708081702,0.10796766207283337,0.14432731169881402,0.04753827902636355,0.11633087751681656
2025-12-09 02:00:00+00:00,0.011224005289318712,0.10288263835890865,0.15452124032052444,0.08403278417562626,0.015509566872216343,0.1288057763461903,0.11058278208421335,0.14823077577628765,0.05632929512473775,0.11633087751681656
2025-12-09 03:00:00+00:00,0.0089784325167616,0.0971585663078203,0.14681271890927244,0.0773745861644388,0.01185667513863528,0.13271798105029342,0.10641491842524577,0.14823077577628765,0.05064394458461353,0.11633087751681656
2025-12-09 04:00:00+00:00,0.006821926800944533,0.09182407575063767,0.13908371307856007,0.0722374978151472,0.009125765261706578,0.13682281039610691,0.10246226438783833,0.14466957383997736,0.041856784620021494,0.11633087751681656
2025-12-09 05:00:00+00:00,0.004746289911934676,0.08682895263508877,0.13192954957750136,0.06526006685094196,0.0025955115564390376,0.14113914502829905,0.10067608492661091,0.14466957383997736,0.033799282109478204,0.11633087751681656
2025-12-09 06:00:00+00:00,-0.01595523832635311,0.06630196997329486,0.12278721466248757,0.0458030500985426,-0.009731561350673974,0.149195873563643,0.09528670831359584,0.13482377183619312,0.023990051972583186,0.10485548718249138
2025-12-09 07:00:00+00:00,-0.03513428081372675,0.058496286162312006,0.11414073731618249,0.02713690526183583,-0.0201994067824827,0.1589899405593982,0.09783176083611313,0.13518407127982038,0.011948144297139338,0.09189755914414259
2025-12-09 08:00:00+00:00,-0.051961563635572056,0.05265509351343158,0.0894395633551416,-0.0019956347810837294,-0.04506277189307855,0.1686832382329308,0.09044851701818686,0.1237731236198892,-0.017959814971660163,0.07893482716064473
2025-12-09 09:00:00+00:00,-0.06931890008704099,0.04680508854640294,0.07143691451460199,-0.03326031892620584,-0.060980261733758194,0.1782574494210986,0.08293878311991154,0.10362401554284166,-0.03309980592805947,0.06591272322839631
2025-12-09 10:00:00+00:00,-0.09242485782029394,0.028911206681319176,0.03099646526390654,-0.07393486674522415,-0.10062703613554781,0.18705092048998856,0.07478948916165958,0.08000587504324694,-0.05349682142740938,0.04890354119985284
2025-12-09 11:00:00+00:00,-0.11473813637727527,0.011641283910551893,-0.0078109020981698375,-0.11283665483018465,-0.12449539506807301,0.19558851776325267,0.07070086323451204,0.05701261317711983,-0.07331149492713553,0.03234124300223863
2025-12-09 12:00:00+00:00,-0.14315037209083395,-0.008826101536133122,-0.04046552899595522,-0.16141180048203638,-0.15011013441493173,0.20842887335395566,0.06341700368229047,0.02613622536072015,-0.07331149492713553,0.009033382204224028
2025-12-09 13:00:00+00:00,-0.17153450987222732,-0.029226401926007978,-0.057408586490034226,-0.2065979887364752,-0.18107708097007083,0.2324750157123132,0.05611152752884296,-0.005062931423140951,-0.07331149492713553,0.001219511242121469
2025-12-09 14:00:00+00:00,-0.20412832608334214,-0.05405278974658967,-0.07040097536449502,-0.25861941583663134,-0.21656688722942435,0.2612154887361659,0.048840153696266,-0.04105618134990604,-0.06611796049064099,0.008483072925399378
2025-12-09 15:00:00+00:00,-0.235705388259331,-0.0780187719644251,-0.08325464254322475,-0.30950670008691356,-0.2454822903999723,0.2811048843323618,0.04181776194523003,-0.07635023752730896,-0.07063826761293122,0.004594054029864191
2025-12-09 16:00:00+00:00,-0.20088232097539707,-0.06572825826433373,-0.0634850071717648,-0.25532527988239756,-0.20151869768315864,0.25761054617712026,0.0509758539926553,-0.037896957872695876,-0.07063826761293122,0.023983242191365547
2025-12-09 17:00:00+00:00,-0.1661439670002168,-0.05339421038870601,-0.04321089569732259,-0.20094355170133704,-0.16466181613683173,0.2342407278941672,0.060168978567946826,0.0011762906985033831,-0.03850135612594972,0.033821459307430725
2025-12-09 18:00:00+00:00,-0.14393039461358564,-0.04548806203360611,-0.03006609488052011,-0.16627997873291123,-0.13449068914746598,0.21922123721699194,0.06629958760829673,0.01396923028745268,-0.03850135612594972,0.04025490762393815
2025-12-09 19:00:00+00:00,-0.12404579576678372,-0.04548806203360611,-0.016552251150833426,-0.13130853416117508,-0.10735671626855407,0.2031990088786973,0.07894057698631521,0.02704652704925614,-0.01784200313703253,0.04675320161832349
2025-12-09 20:00:00+00:00,-0.10342948952084913,-0.04548806203360611,-0.0026362957279116046,-0.09587638090364056,-0.11074560503617557,0.1929907164162088,0.09190583447005433,0.0404295567317525,0.023030056634350596,0.05977571720012841
2025-12-09 21:00:00+00:00,-0.09329340916510526,-0.037731200867611205,0.025383412187229035,-0.06286234922683828,-0.10471124420076083,0.17733340524835028,0.10521964396122589,0.0404295567317525,0.06591406365403246,0.07299888625271808
2025-12-09 22:00:00+00:00,-0.07127782332827395,-0.021791314262327475,0.06490075207382344,-0.025977321340932093,-0.0688651826874478,0.1724609360078218,0.12537298977132946,0.05414180174418401,0.10546494535290005,0.08643624426362728
2025-12-09 23:00:00+00:00,-0.04613813974396687,-0.013609641581876598,0.10191593322781928,0.0010205420467698334,-0.08379864359080236,0.1724609360078218,0.13725432840759694,0.08722880026749681,0.10546494535290005,0.08643624426362728
2025-12-10 00:00:00+00:00,-0.04577457007756004,-0.010693226326774875,0.11350514471555195,0.015559547291462712,-0.05728909205632693,0.158588494265925,0.1255914577185559,0.0810364923648155,0.08349394552295135,0.07702442265022087
2025-12-10 01:00:00+00:00,-0.033902229325598596,-0.0034194781426632247,0.11969684311610022,0.029134722803206912,-0.04461217665126158,0.158588494265925,0.1255914577185559,0.08914101305425107,0.08349394552295135,0.07702442265022087
2025-12-10 02:00:00+00:00,-0.039839354379233395,-0.009654977329514014,0.1252726238710397,0.03372811319648858,-0.04119670578885143,0.14395162175443718,0.11331853821803602,0.08145241969218871,0.08499087801829844,0.06722287197796556
2025-12-10 03:00:00+00:00,-0.040839176540692426,-0.011020252502450591,0.11873965424788425,0.030024490349451063,-0.043529766596483145,0.14395162175443718,0.11331853821803602,0.07959908019721487,0.07486728637886232,0.06722287197796556
2025-12-10 04:00:00+00:00,-0.04183449825067085,-0.012349199221884993,0.11265278826847315,0.026796820163121515,-0.0457044517597869,0.1454421832386335,0.11331853821803602,0.07779359501725104,0.06506411817807313,0.06722287197796556
2025-12-10 05:00:00+00:00,-0.04282514214830658,-0.01364494695334149,0.11029602461143163,0.023560889286953463,-0.049319081883156465,0.14322694443077746,0.11173717821852669,0.07779359501725104,0.060691901034193675,0.06722287197796556
2025-12-10 06:00:00+00:00,-0.06043494882509119,-0.027441833301958343,0.10002618517704794,0.012439223192935788,-0.06137730704541045,0.13085463516429027,0.1085492397558442,0.08219740240948703,0.05686032153465882,0.05537100499999009
2025-12-10 07:00:00+00:00,-0.06568723172622666,-0.032539362562782,0.09953048050156016,0.0013822958321310543,-0.06983831593472026,0.13795593921626106,0.1133515283454044,0.085403018162233,0.0533072356609957,0.04273584196552253
2025-12-10 08:00:00+00:00,-0.07911157121892864,-0.04227376399698067,0.08450794281045416,-0.026268682856402464,-0.08726543594892085,0.14335944200322254,0.10998163153099563,0.085403018162233,0.0533072356609957,0.034829702029871505
2025-12-10 09:00:00+00:00,-0.10299643404001661,-0.050496948351374464,0.0589383986527386,-0.05940605874101442,-0.11767496944273247,0.13850900725540438,0.11104909531178725,0.08218086925633449,0.05085408532781983,0.028107730418699257
2025-12-10 10:00:00+00:00,-0.13006869658042894,-0.0585843051130197,0.04236797934690803,-0.09009874213093337,-0.14254445964445533,0.1390690276108868,0.10845733046892041,0.07212370621743922,0.0375299185793036,0.013931121060079762
2025-12-10 11:00:00+00:00,-0.1565021275679946,-0.06654939546354195,0.04239912396387274,-0.12103418763155974,-0.16265108545236345,0.1341371306304793,0.10600140235442161,0.06237097221931359,0.02448801367137267,0.0
2025-12-10 12:00:00+00:00,-0.19280104792569067,-0.08499309387767946,0.04239912396387274,-0.16810038860947646,-0.1917280719932477,0.1341371306304793,0.09902891604414539,0.04926578786655279,0.02448801367137267,-0.023054920791455734
2025-12-10 13:00:00+00:00,-0.2346152255493211,-0.10097509151874567,0.04966815837842203,-0.22193599828042024,-0.22855672074610228,0.1368283945560744,0.09296137482070622,0.03360580747757939,0.052741121533668264,-0.03634087972965927
2025-12-10 14:00:00+00:00,-0.27572302336249854,-0.11688199863626543,0.056795897453830235,-0.27889161824999703,-0.266448767973487,0.14204585855150542,0.08710167640442933,0.018403868981602275,0.05031029187440612,-0.03808468446724237
2025-12-10 15:00:00+00:00,-0.3163014685401071,-0.13275549287215135,0.06378972808829837,-0.3401003546343495,-0.2984362940948893,0.14464692043340918,0.08144026078438217,0.003633409169029673,0.02819924611154777,-0.051025520828721395
2025-12-10 16:00:00+00:00,-0.2690763877334676,-0.109601330952371,0.06378972808829837,-0.2865729879487161,-0.25455032262201693,0.14464692043340918,0.0916485515937347,0.021501393090306915,0.057128868112234256,-0.030085858669455925
2025-12-10 17:00:00+00:00,-0.23937748852743077,-0.08581592798026945,0.06378972808829837,-0.2284931018538718,-0.21917455391350113,0.14464692043340918,0.0916485515937347,0.039439768179579164,0.057128868112234256,-0.008668085941210088
2025-12-10 18:00:00+00:00,-0.230996616575281,-0.07015156958064735,0.06378972808829837,-0.19160318168159843,-0.18684713954465434,0.1392718192946198,0.0916485515937347,0.039439768179579164,0.057128868112234256,0.005745421567714993
2025-12-10 19:00:00+00:00,-0.22446933556845117,-0.05401483841359047,0.07838963113114884,-0.15643741015329987,-0.16496585381244291,0.1339384153246244,0.0916485515937347,0.051845408759071406,0.07669100803214227,0.013112386008075766
2025-12-10 20:00:00+00:00,-0.21779137321263842,-0.03735591842408507,0.09323738428325157,-0.13127140408332488,-0.14890946546926334,0.1392718192946198,0.0916485515937347,0.06457179773604073,0.057128868112234256,0.02060389644520518
2025-12-10 21:00:00+00:00,-0.2109491195978849,-0.020117819980463383,0.10835107426446075,-0.09878812225148999,-0.1442668485385945,0.1392718192946198,0.08432069577044984,0.06457179773604073,0.057128868112234256,0.028225963591250333
2025-12-10 22:00:00+00:00,-0.19061043556203894,0.006910132263305342,0.12197770669679092,-0.06704602185692991,-0.1259558932944847,0.1341600658831507,0.09110353782308696,0.0760664887462727,0.057128868112234256,0.03584388718203139
2025-12-10 23:00:00+00:00,-0.1662098051626489,0.016078100020443613,0.13361115175908886,-0.0304375851627908,-0.1259558932944847,0.1341600658831507,0.09110353782308696,0.0760664887462727,0.09422568676231503,0.043032241438873936
2025-12-11 00:00:00+00:00,-0.15139781978609473,0.020283337792146177,0.13361115175908886,-0.013161796964037353,-0.12383807450482423,0.13268557867714037,0.09317187389116331,0.08044762138772361,0.10169985879247896,0.043032241438873936
2025-12-11 01:00:00+00:00,-0.13731554259529485,0.024407817418431888,0.13777206895406294,0.011896066971057797,-0.11009257509651998,0.13142409985736542,0.09748867586904417,0.0897024649056453,0.11363558331332603,0.043032241438873936
2025-12-11 02:00:00+00:00,-0.13578139798682606,0.013970793624313917,0.13177146601161935,0.02872311836481929,-0.1069251591282529,0.11903549667028125,0.0879265694518528,0.08606001504220057,0.10153565462712735,0.0344837219832469
2025-12-11 03:00:00+00:00,-0.13410648790307986,0.013970793624313917,0.12906919831232483,0.02774165167317348,-0.10641804985884203,0.11903549667028125,0.08708866768558436,0.08522715619118063,0.10046262161769436,0.03391401868089596
2025-12-11 04:00:00+00:00,-0.13258718931606303,0.013579373746857871,0.12810458034708086,0.026657117071129263,-0.10688193462495009,0.11903549667028125,0.08627118358334938,0.08441720599247068,0.0994915584686707,0.033361248322981325
2025-12-11 05:00:00+00:00,-0.13120815905900038,0.01319766348616952,0.1271731540877617,0.026190082317644362,-0.10693951002081468,0.11811363229655496,0.08627118358334938,0.08441720599247068,0.09993979481393729,0.03282449145102668
2025-12-11 06:00:00+00:00,-0.14101634043565892,-0.0012547722295775069,0.11936505993108462,0.0040927309852171944,-0.11240407868482069,0.11565205880041896,0.0798765516597095,0.09024987517655557,0.09198334635406685,0.024544182540821167
2025-12-11 07:00:00+00:00,-0.1651692884378551,-0.015644058681019223,0.11164092781880323,-0.02469414331281995,-0.1302626758948059,0.11337403150715838,0.07697124146752307,0.09024987517655557,0.08235927140180496,0.008981980365772989
2025-12-11 08:00:00+00:00,-0.18039180663825888,-0.025472357845719957,0.09761401683631932,-0.06477846323235298,-0.14253779825573912,0.11337403150715838,0.07403676398800149,0.09024987517655557,0.07426465315319941,-0.0026940294000281396
2025-12-11 09:00:00+00:00,-0.19640159633143675,-0.03054584736302421,0.08350196258518999,-0.08851232535694203,-0.1487969580610721,0.11108409015536398,0.07403676398800149,0.08515889673262006,0.07426465315319941,-0.014740158646533098
2025-12-11 10:00:00+00:00,-0.22115211605722426,-0.0500522459272867,0.05390563206313896,-0.12196929546690587,-0.17825253212119307,0.10082037054750766,0.06764922673341929,0.08515889673262006,0.05641644891531161,-0.037899331957303446
2025-12-11 11:00:00+00:00,-0.25633031789322525,-0.08003012568446286,0.03814647564165414,-0.16912828600330884,-0.1789922502315837,0.08715939524453159,0.05601443136182334,0.08102419609953761,0.05639267395848002,-0.053703341276257394
2025-12-11 12:00:00+00:00,-0.28227514096072065,-0.10089764765517131,0.009728125989453032,-0.20531518150406286,-0.2169581188035957,0.08197460518063769,0.049413502914138534,0.08102419609953761,0.05639267395848002,-0.07764718443960926
2025-12-11 13:00:00+00:00,-0.3094654402002617,-0.12102618541896411,-0.023460971031950963,-0.28186958374837656,-0.23960942431548182,0.08046425374206936,0.04497358960974887,0.08515889673262006,0.03958483976064323,-0.10160097019774592
2025-12-11 14:00:00+00:00,-0.3478490193829993,-0.1524561953686226,-0.04509646688007546,-0.38328915254084484,-0.27490821416619643,0.07287822534889231,0.03512745659391445,0.08515889673262006,0.03958483976064323,-0.12712481502347914
2025-12-11 15:00:00+00:00,-0.3869608274309772,-0.18479063858134298,-0.06722488101321415,-0.4330649364609464,-0.2918934808859918,0.06523711743779773,0.025210449177531912,0.08515889673262006,0.01381951915595543,-0.15359751829010576
2025-12-11 16:00:00+00:00,-0.3544549319638303,-0.15779646525627802,-0.04693063281023023,-0.40658958591895694,-0.2771692953587852,0.07302479317207429,0.03502483467604734,0.08515889673262006,0.03953508596533699,-0.13152898939286015
2025-12-11 17:00:00+00:00,-0.32162625565629854,-0.14452449282086235,-0.026165574220864914,-0.3791219316329986,-0.25426140482713755,0.08886504357047925,0.03502483467604734,0.08515889673262006,0.06588989422329143,-0.12059914109509208
2025-12-11 18:00:00+00:00,-0.312708861309129,-0.13613018687905518,0.002036010366178974,-0.3646629175926552,-0.23930802297151407,0.09432575025867404,0.03502483467604734,0.09766599587607838,0.06588989422329143,-0.10695021175388601
2025-12-11 19:00:00+00:00,-0.30677512644517924,-0.1275769113911961,0.01650547094360454,-0.34988999859994396,-0.23432029856015538,0.09983477713234667,0.028419051643974902,0.11051222562925146,0.08404417988223754,-0.09281946614931244
2025-12-11 20:00:00+00:00,-0.30677512644517924,-0.11885433827530796,0.01650547094360454,-0.33475601727704624,-0.23432029856015538,0.10539346049084594,0.02190112189534123,0.12372287444898243,0.10272130749155461,-0.07815176350236275
2025-12-11 21:00:00+00:00,-0.30677512644517924,-0.10995120210561203,0.01650547094360454,-0.32445745162763023,-0.1619303324676792,0.11100318429926528,0.009091456378233635,0.13732590052869867,0.06725210327288102,-0.06288270341160908
2025-12-11 22:00:00+00:00,-0.30677512644517924,-0.10085518323629014,-0.012586235818016881,-0.29841180676188495,-0.1868369738090485,0.11100318429926528,0.002842470936003039,0.13732590052869867,0.06725210327288102,-0.06288270341160908
2025-12-11 23:00:00+00:00,-0.29160627098845027,-0.11160469642447192,0.030077311429224093,-0.2719207520093366,-0.18153535553092418,0.12468157357888984,0.009019372335963375,0.13732590052869867,0.08404417988223753,-0.05377451594239999
2025-12-12 00:00:00+00:00,-0.27192142749108367,-0.11160469642447192,0.03638868142328493,-0.24931020362322476,-0.19000053862994312,0.12611531146038216,0.009019372335963375,0.13732590052869867,0.07621905037593182,-0.05377451594239999
2025-12-12 01:00:00+00:00,-0.26383549361954406,-0.11160469642447192,0.03638868142328493,-0.23067264702407303,-0.1828792852047172,0.12611531146038216,0.009019372335963375,0.13732590052869867,0.08404417988223753,-0.04444218015449177
2025-12-12 02:00:00+00:00,-0.2606473998823826,-0.12921255963801506,0.031964032840260205,-0.23143260926120562,-0.19212352402472133,0.11556618982152653,-0.0043846737630243585,0.1246790765145658,0.0844442527069712,-0.050548932300603276
2025-12-12 03:00:00+00:00,-0.25879566157448525,-0.12921255963801506,0.030235958733372256,-0.22846583482639363,-0.19212352402472133,0.11556618982152653,-0.0043846737630243585,0.12161841954191475,0.0844442527069712,-0.04976562201181348
2025-12-12 04:00:00+00:00,-0.25320016212000296,-0.12712642693677428,0.029610153807541797,-0.22633906112139163,-0.18986917477772774,0.11556618982152653,-0.0043846737630243585,0.1196277257481155,0.0844442527069712,-0.04905044651439158
2025-12-12 05:00:00+00:00,-0.25160985080394593,-0.12712642693677428,0.029006834187656958,-0.22373403343075807,-0.1909737509913061,0.11556618982152653,-0.004474158143244878,0.11693490386465068,0.0844442527069712,-0.048395690349656545
2025-12-12 06:00:00+00:00,-0.2556506566763987,-0.12712642693677428,0.01504265574704115,-0.23686524991159408,-0.19663570461818347,0.09817827483209042,-0.004474158143244878,0.11693490386465068,0.0844442527069712,-0.048395690349656545
2025-12-12 07:00:00+00:00,-0.25967641983805506,-0.12712642693677428,0.0013549774771691053,-0.24514320734733283,-0.20575279840833524,0.09082617416440074,-0.004474158143244878,0.11693490386465068,0.0844442527069712,-0.04452715086651788
2025-12-12 08:00:00+00:00,-0.2741058009630129,-0.12712642693677428,-0.005426102914042252,-0.24514320734733283,-0.2114991602937661,0.08602684102728755,-0.004474158143244878,0.11233771484638569,0.0844442527069712,-0.04452715086651788
2025-12-12 09:00:00+00:00,-0.28901475917008995,-0.12712642693677428,-0.012224581609699662,-0.24514320734733283,-0.21646449836802498,0.07570956805945951,-0.00779042727064098,0.10666725194818477,0.0844442527069712,-0.0485858613440239
2025-12-12 10:00:00+00:00,-0.3106736268363295,-0.12712642693677428,-0.012224581609699662,-0.2572901631839083,-0.21646449836802498,0.053887575894867625,-0.01427255895625633,0.09414736277059897,0.06592212604335455,-0.05654654673717643
2025-12-12 11:00:00+00:00,-0.3322925219734956,-0.12712642693677428,-0.012224581609699662,-0.26924494839398494,-0.22594091162583685,0.03235707121892322,-0.02076648198793381,0.08175021367281354,0.04766651101097488,-0.06451032425991367
2025-12-12 12:00:00+00:00,-0.3539004237457624,-0.12712642693677428,-0.02557294990953823,-0.28102236018149945,-0.22594091162583685,0.011085284767856677,-0.027272951097691775,0.06946878140042881,0.03025046099399678,-0.07247850104549303
2025-12-12 13:00:00+00:00,-0.37552561901572323,-0.12712642693677428,-0.03940502211061131,-0.2965408310276769,-0.22594091162583685,-0.020615637412872943,-0.033792729269342264,0.05729635331156383,0.01235103205133706,-0.09758359058346124
2025-12-12 14:00:00+00:00,-0.40829981354115685,-0.12712642693677428,-0.03940502211061131,-0.31943609349174856,-0.2423943893667835,-0.06814827153636445,-0.04351026623929819,0.03942203290953596,-0.015199762690930804,-0.14954385658852964
2025-12-12 15:00:00+00:00,-0.44109755207228607,-0.12712642693677428,-0.03940502211061131,-0.34254141495005497,-0.2754833076800419,-0.10763491292363205,-0.053249288588412665,0.021686787282939417,-0.015199762690930804,-0.18934129895956292
2025-12-12 16:00:00+00:00,-0.40760211773995597,-0.11169437384254675,-0.03940502211061131,-0.3222232360418185,-0.2674918559370599,-0.07715234366540281,-0.04386839568782859,0.03865835934852546,0.011969228840932981,-0.16598146659655968
2025-12-12 17:00:00+00:00,-0.37438970299343766,-0.09611567366339381,-0.03940502211061131,-0.30182334737614974,-0.2529494756700756,-0.062059712615080136,-0.03446854037046111,0.055517849660851167,0.03915959357690776,-0.13137450970489647
2025-12-12 18:00:00+00:00,-0.364836961906727,-0.08587804450066852,-0.03940502211061131,-0.2886599831917794,-0.24277719759841546,-0.06683322883717216,-0.02206908905466983,0.07817922045647833,0.05817979508426594,-0.10853718384704145
2025-12-12 19:00:00+00:00,-0.3581410411164493,-0.07614296591865735,-0.02680807993320748,-0.2754501183886046,-0.22815430111614962,-0.07584837420705014,-0.009546039467575816,0.10098665753470114,0.07613617118056648,-0.08495409198769067
2025-12-12 20:00:00+00:00,-0.3581410411164493,-0.06615798413505476,-0.013873933195405707,-0.26218548320507706,-0.20206910615839302,-0.08912868275282272,0.003109186147990289,0.11294533355171958,0.07613617118056648,-0.06841915404616163
2025-12-12 21:00:00+00:00,-0.35434292614405133,-0.0559037094896343,-0.013873933195405707,-0.248857498368349,-0.16898144336441498,-0.09756919626077434,0.01590563600887849,0.1385980498481744,0.09393939203297319,-0.05162480222406513
2025-12-12 22:00:00+00:00,-0.35434292614405133,-0.0559037094896343,-0.027454150442513,-0.248857498368349,-0.13633719955501963,-0.10646355435861687,0.022328862892656568,0.15119715783858542,0.09393939203297319,-0.03454648237842241
2025-12-12 23:00:00+00:00,-0.3416302832513461,-0.0559037094896343,-0.027454150442513,-0.17935177221877938,-0.0660121789959461,-0.11165084890673561,0.034758112691309156,0.15119715783858542,0.11160898239124745,-0.008021576164473295
2025-12-13 00:00:00+00:00,-0.3136559663366678,-0.0559037094896343,-0.01418891355505828,-0.15044745816923777,-0.07377747557008102,-0.11476378245022036,0.044839076640881825,0.15493070532619718,0.11996496622018865,0.0003574551054388674
2025-12-13 01:00:00+00:00,-0.29425058789323416,-0.0559037094896343,-0.01418891355505828,-0.13462695246261408,-0.07377747557008102,-0.11792549889784436,0.054122432929833195,0.15871901098020283,0.13965001832805227,0.00841892601365466
2025-12-13 02:00:00+00:00,-0.2710512712294869,-0.04637137814961073,-0.018270936464199524,-0.1276865929650404,-0.06627881663970489,-0.10926053201547542,0.06862623900690332,0.17109667914838275,0.13718419679204874,0.02017940397804779
2025-12-13 03:00:00+00:00,-0.27869065277815136,-0.05654782663412335,-0.013217000464593199,-0.13853144208782905,-0.0762124016756384,-0.11816287041925531,0.05037912689629446,0.14432680786484153,0.13470398488965044,0.007423754314947408
2025-12-13 04:00:00+00:00,-0.272431526888555,-0.05654782663412335,-0.012761639189844153,-0.1362092023824067,-0.07557241290463432,-0.11766348691249462,0.04881336169034203,0.14094883217866105,0.13912839438854435,0.006972094262286733
2025-12-13 05:00:00+00:00,-0.266699811088459,-0.05654782663412335,-0.012455212771584415,-0.13579925118073663,-0.0755887178138888,-0.11796919594309385,0.047359671706980896,0.13948632353761345,0.14026103020751549,0.0065378653094743675
2025-12-13 06:00:00+00:00,-0.25818557620759586,-0.04637137814961073,-0.00877341858589348,-0.13587131746818343,-0.07556387932752417,-0.11152242367136694,0.045782488342720064,0.13311175287217164,0.1376545725838814,0.00946763364032702
2025-12-13 07:00:00+00:00,-0.27322396311661573,-0.05241355051471118,-0.001506336741547579,-0.13587131746818343,-0.07939575595814863,-0.11152242367136694,0.04043104593313147,0.12870941207853517,0.1376545725838814,0.0012728457686211818
2025-12-13 08:00:00+00:00,-0.28383612272041736,-0.05895531842518609,0.005579359944635797,-0.1287289944123771,-0.09685587091878566,-0.11152242367136694,0.035028802770295346,0.1205685992535421,0.1298462240189849,-0.0068500513425330326
2025-12-13 09:00:00+00:00,-0.30251476404029404,-0.07358468514459635,0.022828869785650917,-0.12241660796764706,-0.09749198407124568,-0.11246467223971036,0.0230618504300464,0.10379085332810131,0.12751047048127118,-0.023913916533055364
2025-12-13 10:00:00+00:00,-0.31061344785456707,-0.0887848682301732,0.0334764722992466,-0.12923625626995205,-0.08291326430188321,-0.11336035886300125,0.013338439268267322,0.09027376071832002,0.11344435820754199,-0.03323554511852816
2025-12-13 11:00:00+00:00,-0.3189868797346515,-0.1045876694899089,0.030319629120654397,-0.13628808568574274,-0.08704340004976073,-0.10873524690533345,0.0033053668777108776,0.07652376929151174,0.09911460436425827,-0.04284421365917389
2025-12-13 12:00:00+00:00,-0.32862757036813456,-0.11828495906691458,0.01637767164696779,-0.13628808568574274,-0.09451650868431492,-0.1031102855097134,-0.008185488952379813,0.0549797141345833,0.05716233720081067,-0.051357515146827605
2025-12-13 13:00:00+00:00,-0.3435785447087454,-0.14196768122350645,-0.008520649420759887,-0.1580064629545507,-0.11826512957561472,-0.10993155025697876,-0.02436936195459391,0.03094485317774478,0.02163173670518293,-0.07891381057359746
2025-12-13 14:00:00+00:00,-0.3590539108619047,-0.1667572476915295,-0.03478615835682079,-0.18063428432390627,-0.14306810998734876,-0.1255714170390371,-0.04113860728372282,0.006368391086802728,0.017766577034510796,-0.12240455385993486
2025-12-13 15:00:00+00:00,-0.3750835630249462,-0.1927336042829981,-0.06253641200130257,-0.20423186468073412,-0.15664099296088013,-0.13289329246888276,-0.058528806407803044,-0.018807870897819674,-0.009793792598801811,-0.15376679736578489
2025-12-13 16:00:00+00:00,-0.36091649580932134,-0.1756330527094043,-0.042188936150695994,-0.18684760844010795,-0.16684196542981744,-0.13289329246888276,-0.0423213641513238,0.010502468564525944,-0.009793792598801811,-0.13063961230419763
2025-12-13 17:00:00+00:00,-0.33457673485945033,-0.15826584495311616,-0.021288737503332364,-0.16929427143179138,-0.14687693115917236,-0.13289329246888276,-0.017910264047602844,0.03959785303353307,0.022306564272107674,-0.10698252232834829
2025-12-13 18:00:00+00:00,-0.31228640238441513,-0.1473009837064287,-0.021288737503332364,-0.16929427143179138,-0.15345749982697507,-0.1285728834817896,-0.0018524778170583575,0.06832710004614058,0.06608017093701168,-0.09171932121123155
2025-12-13 19:00:00+00:00,-0.28535908751075084,-0.13616140570407306,-0.03478014736336398,-0.15973808537112952,-0.13497009440351726,-0.1242187352508872,0.02001791438616202,0.09739133530518981,0.08750449308254175,-0.06860836589066176
2025-12-13 20:00:00+00:00,-0.25713449866393095,-0.13616140570407306,-0.03478014736336398,-0.13413800518456342,-0.09207848028289502,-0.1242187352508872,0.0369714668340602,0.12686724908542915,0.13455229650919398,-0.0441829725992022
2025-12-13 21:00:00+00:00,-0.22727264331430588,-0.13616140570407306,-0.02101224865787449,-0.11665983640840848,-0.07854485675078701,-0.11982988403911476,0.06067045223820295,0.15992055702099617,0.1566477924018711,-0.01819899228894163
2025-12-13 22:00:00+00:00,-0.21866931160937123,-0.1473009837064287,-0.03478014736336398,-0.11665983640840848,-0.05639081886246801,-0.11982988403911476,0.06657200697807279,0.15992055702099617,0.1566477924018711,0.00013937015823036272
2025-12-13 23:00:00+00:00,-0.20835799838208124,-0.1473009837064287,-0.04916593259746984,-0.10009953317977076,-0.0032365908094923778,-0.1348801794699437,0.07763286394875855,0.17713537565856277,0.13455229650919398,0.00013937015823036272
2025-12-14 00:00:00+00:00,-0.202202785362845,-0.1473009837064287,-0.04916593259746984,-0.08491578515211377,0.011923749353408399,-0.14031094189484164,0.08309235393991399,0.18138680608452692,0.13455229650919398,0.00863972455316181
2025-12-14 01:00:00+00:00,-0.1888233671502853,-0.1473009837064287,-0.056335963389136184,-0.08491578515211377,0.011923749353408399,-0.14900234456421024,0.08833914766600123,0.1856015730734995,0.12880924680874073,0.012755480659037031
2025-12-14 02:00:00+00:00,-0.17437259903666297,-0.13641449444873185,-0.05917280226005828,-0.0797760848609466,0.015172252657199127,-0.14784379411199228,0.10145851671500651,0.19435460338635263,0.15779841665498326,0.02242688531766138
2025-12-14 03:00:00+00:00,-0.17305352221668116,-0.13641449444873185,-0.05761905191616303,-0.0797760848609466,0.015172252657199127,-0.14851415464377013,0.09832354216646991,0.18755939571205013,0.15779841665498326,0.021480503580408355
2025-12-14 04:00:00+00:00,-0.171887966940642,-0.13641449444873185,-0.05645077546318321,-0.0797760848609466,0.015172252657199127,-0.14926488041937397,0.0953538819944858,0.18129220846273703,0.14853983987087385,0.020555875830844467
2025-12-14 05:00:00+00:00,-0.1708613910917305,-0.13641449444873185,-0.055292945331648566,-0.08065031746188538,0.015172252657199127,-0.15010299174700184,0.09192900445007944,0.17532900111648275,0.14619883416790633,0.019651837339447743
2025-12-14 06:00:00+00:00,-0.16965823724452633,-0.12646143016534908,-0.050120627437160385,-0.08275824659076961,0.008199346394670508,-0.15439362597739734,0.08859016715612487,0.16536998714799658,0.13804800279553947,0.024749779077392745
2025-12-14 07:00:00+00:00,-0.17493570843057132,-0.11870819641098856,-0.04115245938398852,-0.052907831245715915,0.023237656808917286,-0.15439362597739734,0.08298348226073524,0.15647586953148188,0.13804800279553947,0.030131123922258952
2025-12-14 08:00:00+00:00,-0.18884294096258958,-0.1097730737854639,-0.03217839021205567,-0.026688025634008666,0.023237656808917286,-0.15439362597739734,0.07730286473535519,0.14399299635093027,0.13804800279553947,0.024875448721278802
2025-12-14 09:00:00+00:00,-0.20314980007340097,-0.1097730737854639,-0.03217839021205567,-0.003176620717496328,0.023237656808917286,-0.15027522960495102,0.07154418063280818,0.13464094502200055,0.12235552641160527,0.019556697185705702
2025-12-14 10:00:00+00:00,-0.2162041739442057,-0.1040840895258044,-0.020202878395861656,-0.00399948397526827,0.045894003923772374,-0.1439930954167642,0.05944943561823476,0.10853988835148502,0.13014905421985898,0.026495477724899973
2025-12-14 11:00:00+00:00,-0.22970785826857362,-0.10720082701485796,-0.02488365757117329,-0.004834884063755925,0.029511412055936454,-0.1375477828566483,0.04691408851342389,0.08097057973623749,0.10831930852062092,0.033657443728338246
2025-12-14 12:00:00+00:00,-0.24207286451289842,-0.10720082701485796,-0.04124813065849623,-0.004834884063755925,0.04955518848603213,-0.13081944410227125,0.03479425826573036,0.048293306838478246,0.0786294752961939,0.033657443728338246
2025-12-14 13:00:00+00:00,-0.2628761061600573,-0.11087335514156463,-0.03757258562035592,0.00864902772312608,0.04391736829849648,-0.13102398281176778,0.015868723775510747,0.0017703794989082323,0.0423022931269565,0.015324823320433906
2025-12-14 14:00:00+00:00,-0.28454056083043744,-0.11466042651450402,-0.05893118539617616,0.0014594761499935544,0.027952180902856543,-0.13119901802127223,-0.0038861178506894196,-0.048080678176622926,-0.04207758791126796,-0.008813357152424522
2025-12-14 15:00:00+00:00,-0.30712414599530363,-0.11856982084309499,-0.08106210909477272,-0.0059129374069016695,0.011319141031388173,-0.13134519513855356,-0.024528557227380936,-0.1017244886886481,-0.08404406859368656,-0.0343051091031287
2025-12-14 16:00:00+00:00,-0.29266811047652147,-0.11856982084309499,-0.059228063535962196,-0.0059129374069016695,0.011319141031388173,-0.14669497356859026,-0.00816688892715637,-0.05599648937329392,-0.043305258433552124,-0.0343051091031287
2025-12-14 17:00:00+00:00,-0.27814374340244347,-0.10007308230281975,-0.03740484330318671,-0.0059129374069016695,-0.0017694651093885395,-0.16185762590936087,0.016776127078428755,-0.008226119935002846,-0.002277955906244561,-0.020512226366737125
2025-12-14 18:00:00+00:00,-0.2619753371803168,-0.08840337806504614,-0.03740484330318671,-0.017387930838771576,-0.010051599804653557,-0.1663113628789546,0.03315513874829135,0.023719233720027013,0.024140319480773068,-0.020512226366737125
