time_utc,6.8x51mm Hybrid,7.62x51mm M62,7.62x54R BT,5.8x42mm DVC12,5.7x28mm SS190,7.62x39mm AP,9x39mm BP,4.6x30mm AP SX,12.7x55mm PS12B,5.56x45mm M995
2025-09-21 18:00:00+00:00,,,,,,,,,,
2025-09-21 19:00:00+00:00,,,,,,,,,,
2025-09-21 20:00:00+00:00,,,,,,,,,,
2025-09-21 21:00:00+00:00,,,,,,,,,,
2025-09-21 22:00:00+00:00,,,,,,,,,,
2025-09-21 23:00:00+00:00,,,,,,,,,,
2025-09-22 00:00:00+00:00,,,,,,,,,,
2025-09-22 01:00:00+00:00,,,,,,,,,,
2025-09-22 02:00:00+00:00,,,,,,,,,,
2025-09-22 03:00:00+00:00,,,,,,,,,,
2025-09-22 04:00:00+00:00,,,,,,,,,,
2025-09-22 05:00:00+00:00,,,,,,,,,,
2025-09-22 06:00:00+00:00,,,,,,,,,,
2025-09-22 07:00:00+00:00,,,,,,,,,,
2025-09-22 08:00:00+00:00,,,,,,,,,,
2025-09-22 09:00:00+00:00,,,,,,,,,,
2025-09-22 10:00:00+00:00,,,,,,,,,,
2025-09-22 11:00:00+00:00,,,,,,,,,,
2025-09-22 12:00:00+00:00,,,,,,,,,,
2025-09-22 13:00:00+00:00,,,,,,,,,,
2025-09-22 14:00:00+00:00,,,,,,,,,,
2025-09-22 15:00:00+00:00,,,,,,,,,,
2025-09-22 16:00:00+00:00,,,,,,,,,,
2025-09-22 17:00:00+00:00,,,,,,,,,,
2025-09-22 18:00:00+00:00,,,,,,,,,,
2025-09-22 19:00:00+00:00,,,,,,,,,,
2025-09-22 20:00:00+00:00,,,,,,,,,,
2025-09-22 21:00:00+00:00,,,,,,,,,,
2025-09-22 22:00:00+00:00,,,,,,,,,,
2025-09-22 23:00:00+00:00,,,,,,,,,,
2025-09-23 00:00:00+00:00,,,,,,,,,,
2025-09-23 01:00:00+00:00,,,,,,,,,,
2025-09-23 02:00:00+00:00,,,,,,,,,,
2025-09-23 03:00:00+00:00,,,,,,,,,,
2025-09-23 04:00:00+00:00,,,,,,,,,,
2025-09-23 05:00:00+00:00,-0.6079559440649852,-0.46054919623686913,-0.24197614188047573,-0.5777114517518597,-0.30397358584885487,-0.20638882935897865,-0.5493797386333338,-0.5491372860077122,-0.5204189786246205,-0.6563110782201218
2025-09-23 06:00:00+00:00,-0.6081201936135819,-0.46382049131320574,-0.22605833832772082,-0.5684580088648727,-0.3022433507271028,-0.19968329354712863,-0.5402083680253635,-0.5350438065580947,-0.5196872551265107,-0.6580513877127394
2025-09-23 07:00:00+00:00,-0.603391541116753,-0.4485381202063763,-0.22370106484309135,-0.5534213901694603,-0.3052611373673723,-0.19339990346395755,-0.5266113089699894,-0.5108082064203653,-0.511188859369901,-0.6596911511814683
2025-09-23 08:00:00+00:00,-0.5915137587916544,-0.43441073486610565,-0.20958459583479996,-0.532208448056208,-0.3006068348531603,-0.1875000000014178,-0.5139711592656186,-0.49914339674056146,-0.5107016052696826,-0.6612384217763119
2025-09-23 09:00:00+00:00,-0.5804121123638317,-0.42131014063178074,-0.19659758038917485,-0.5251911962928164,-0.30344587952879537,-0.19752807658776647,-0.5067241528221618,-0.4882516987132275,-0.5102426815739679,-0.662700484164038
2025-09-23 10:00:00+00:00,-0.5148663507122542,-0.35520111838391805,-0.1809056686211169,-0.49106065233833524,-0.3292432030555188,-0.1618889317040669,-0.4829299718298268,-0.47569976929915575,-0.5127944835255235,-0.680990739848157
2025-09-23 11:00:00+00:00,-0.45987488252824926,-0.2996835347567283,-0.16779352353208554,-0.49068058994988073,-0.36082070763972696,-0.13167179386873784,-0.4635239442928493,-0.47589213812086884,-0.5357781131420867,-0.6791628914940644
2025-09-23 12:00:00+00:00,-0.4128699345199477,-0.2522101825879432,-0.1566196440754735,-0.49108870961715195,-0.36097200817890573,-0.20411872180709395,-0.4473594203185834,-0.4575778142983561,-0.48877305602375365,-0.6784556713396488
2025-09-23 13:00:00+00:00,-0.37209119391899387,-0.2110264864081821,-0.14694737520692316,-0.46745018584758147,-0.35201171378412205,-0.17608578696735896,-0.4336646933762431,-0.41047520198365167,-0.4480271089598695,-0.678499567350761
2025-09-23 14:00:00+00:00,-0.33628371646337596,-0.17487629269837746,-0.1384675033443711,-0.4468433828179886,-0.33484532613145523,-0.15135137865054266,-0.41153745761388405,-0.3794758776055444,-0.4122706005128653,-0.6924778956991062
2025-09-23 15:00:00+00:00,-0.33566226735891563,-0.1715847071667397,-0.13812340985125837,-0.44618347299366745,-0.3350304331303786,-0.1507519663514339,-0.40889738170539786,-0.37292074276036713,-0.40930771073863625,-0.6910689413293923
2025-09-23 16:00:00+00:00,-0.33257668472660495,-0.16847730674557274,-0.13779416049340623,-0.44555221419396274,-0.3352075617509208,-0.14879296737317552,-0.406386231262062,-0.36679701677032417,-0.40649284695091814,-0.6910091971007194
2025-09-23 17:00:00+00:00,-0.33851545200203254,-0.19515519529145706,-0.1324057340642499,-0.4182338552818147,-0.3593374331251593,-0.16584403661926897,-0.4146367917126455,-0.3859669811406129,-0.4579455494938924,-0.633914606097667
2025-09-23 18:00:00+00:00,-0.39494955321432973,-0.25583516053288285,-0.15239675754440585,-0.4561769122218757,-0.44491582125854373,-0.17141822045955757,-0.4136005136513932,-0.35918499816061966,-0.49613381978540116,-0.5748945131327364
2025-09-23 19:00:00+00:00,-0.40447066040875146,-0.2746055275648692,-0.1771818991930897,-0.4673885922895206,-0.44491582125854373,-0.17141822045955757,-0.4175589361904215,-0.348149749638705,-0.5051410831824189,-0.5720925600788562
2025-09-23 20:00:00+00:00,-0.40962301378147836,-0.2927466001234083,-0.20248432598485103,-0.48238731946548097,-0.44105959932001343,-0.10808372251388972,-0.4293160988449359,-0.3439289707268911,-0.5113352930971701,-0.5720925600788562
2025-09-23 21:00:00+00:00,-0.41501933066070146,-0.31033783905792905,-0.20248432598485103,-0.48238731946548097,-0.4363752764675964,-0.10808372251388972,-0.42609785657685156,-0.3296284198254608,-0.5113352930971701,-0.5720925600788562
2025-09-23 22:00:00+00:00,-0.3951635110008194,-0.2887156900797063,-0.23103989714487472,-0.47748400041754413,-0.41965579009149334,-0.09397134026398102,-0.4256489651328429,-0.3299352209950837,-0.5371621170822555,-0.5411821949450616
2025-09-23 23:00:00+00:00,-0.38933756350846493,-0.2850163902169378,-0.22393097723272476,-0.4752034242930145,-0.4691265337451511,-0.09397134026398102,-0.42400448024882736,-0.32609118940612575,-0.538056154035103,-0.5361546767220178
2025-09-24 00:00:00+00:00,-0.39200021774892985,-0.2850163902169378,-0.22280642585162397,-0.4831792760397196,-0.4741477844752169,-0.0995037190209993,-0.43084631532679113,-0.3249453662452348,-0.5436947609431886,-0.5361546767220178
2025-09-24 01:00:00+00:00,-0.3957356321705065,-0.2850163902169378,-0.22178299259778458,-0.48684647986567114,-0.4741477844752169,-0.10503585970805933,-0.4341063662426649,-0.3205919193027163,-0.5436947609431886,-0.5361859903134599
2025-09-24 02:00:00+00:00,-0.40074801604146887,-0.2850163902169378,-0.21527924763353054,-0.48684647986567114,-0.48367250913529714,-0.10503585970805933,-0.4374914549341413,-0.3187418578236732,-0.5449436203513351,-0.5361859903134599
2025-09-24 03:00:00+00:00,-0.40892428067126557,-0.2850163902169378,-0.21448554244658163,-0.4894813995120505,-0.4806699504386031,-0.11059220057575851,-0.43483667327724385,-0.31777925097982546,-0.5515760655609423,-0.5361859903134599
2025-09-24 04:00:00+00:00,-0.40180706250632586,-0.31898282202925776,-0.21306324396623688,-0.5048051417034769,-0.46539652158606404,-0.08999570602232562,-0.46294415397185473,-0.3521004676241313,-0.5480607012112584,-0.5422929563383583
2025-09-24 05:00:00+00:00,-0.4073401004427539,-0.31898282202925776,-0.21321644163539993,-0.5073173998776599,-0.43664079167233494,-0.09455530256325993,-0.4649521421707658,-0.3517115836703452,-0.5565496842916056,-0.5422929563383583
2025-09-24 06:00:00+00:00,-0.4095363931165028,-0.31971836404193765,-0.21353327738815361,-0.5055284575481671,-0.4328014929951021,-0.09917043797009789,-0.4625782834359232,-0.3550876123113904,-0.5575374437012387,-0.5422929563383583
2025-09-24 07:00:00+00:00,-0.4021922238490828,-0.30804326816698374,-0.2093566316852009,-0.49842788883559175,-0.42678268679460446,-0.09917043797009789,-0.45948591447948123,-0.357987211657345,-0.5534520444395966,-0.5422929563383583
2025-09-24 08:00:00+00:00,-0.3896844845976209,-0.299649126894769,-0.20554802139985798,-0.491615260094472,-0.42842511072548534,-0.09455530256325993,-0.4564501331233006,-0.3545439303124525,-0.5470444410563113,-0.5422929563383583
2025-09-24 09:00:00+00:00,-0.3784377327564288,-0.299649126894769,-0.20903747332618197,-0.491615260094472,-0.42559522542537426,-0.09455530256325993,-0.4542002578650716,-0.3521004676241313,-0.549192028652624,-0.5422929563383583
2025-09-24 10:00:00+00:00,-0.3413941234113356,-0.24914137664029606,-0.21794534004425006,-0.4812477359063954,-0.4545933663724731,-0.07400304898842909,-0.44100488934990745,-0.35847924206017673,-0.5223967303418449,-0.5305272566163478
2025-09-24 11:00:00+00:00,-0.3087048013982297,-0.23405319022036258,-0.2291169505001938,-0.48856441676047174,-0.4507824466620711,-0.051764821882084006,-0.4363560727813998,-0.3726587478447531,-0.4925338651686238,-0.5198710681819244
2025-09-24 12:00:00+00:00,-0.2798879245306198,-0.1906246064432315,-0.24272843675350583,-0.488147595416984,-0.44674430053927183,-0.03386704735659504,-0.4323586514485252,-0.37901583657857774,-0.4668668610310149,-0.5101871535038541
2025-09-24 13:00:00+00:00,-0.254552225111671,-0.15123965909092604,-0.2847189330057277,-0.47952193485244743,-0.43827301487965953,-0.07343151116057804,-0.4217223300400268,-0.3667948413721365,-0.43874457759107727,-0.5166734396021123
2025-09-24 14:00:00+00:00,-0.23082196150531673,-0.15913160135184293,-0.22948113819779276,-0.488147595416984,-0.44174390953872084,-0.09251556027712754,-0.4406827880595232,-0.39667181525877276,-0.4474987840304545,-0.5261331672319831
2025-09-24 15:00:00+00:00,-0.23056892576629967,-0.15596444926563977,-0.23757337183314703,-0.488147595416984,-0.44224002055397066,-0.09192484282388923,-0.44168224236574644,-0.39834292773153795,-0.4484499434924636,-0.5261331672319831
2025-09-24 16:00:00+00:00,-0.314617154289337,-0.14954117630996225,-0.20995712063671992,-0.5048344107531778,-0.49993348639482516,-0.062277399325195125,-0.4504070396599745,-0.39692357251021365,-0.4774867418658464,-0.5635894299943506
2025-09-24 17:00:00+00:00,-0.31542561888657866,-0.14768927820036692,-0.22217651159287694,-0.5042029418706937,-0.49993348639482516,-0.062277399325195125,-0.4489743448107115,-0.3992278065678398,-0.47172817652486704,-0.5609681940050766
2025-09-24 18:00:00+00:00,-0.3746239048820128,-0.17027648939389448,-0.17879606250707147,-0.4976627252792116,-0.5497175450614915,-0.062277399325195125,-0.45469397842622616,-0.3992278065678398,-0.48351680624324095,-0.5779306233296343
2025-09-24 19:00:00+00:00,-0.39481107695040457,-0.1924245721520689,-0.09607689228305326,-0.48338344068940164,-0.5564672276863315,0.0,-0.4454069651614968,-0.3849230269461036,-0.4714464961725168,-0.5855689900597257
2025-09-24 20:00:00+00:00,-0.462527332727926,-0.23010375984216216,-0.0828596482539141,-0.4775783687143113,-0.5184199674764658,-0.018076947411291847,-0.43691107141499974,-0.36537544497749563,-0.16262240836396766,-0.6185474644779728
2025-09-24 21:00:00+00:00,-0.47969151158674656,-0.24962284019974723,-0.0828596482539141,-0.4677075451266178,-0.5092119185448535,0.03791852478606867,-0.42860021733319437,-0.34878374661858075,-0.1264015311833345,-0.6185474644779728
2025-09-24 22:00:00+00:00,-0.4728873949707248,-0.24962284019974723,-0.08084256647432353,-0.46902838417376236,-0.5282069372206012,0.03791852478606867,-0.42985646720054554,-0.348851838452106,-0.12943960769826665,-0.6185474644779728
2025-09-24 23:00:00+00:00,-0.47484196931010825,-0.25032695879619177,-0.08084256647432353,-0.46902838417376236,-0.5342653500945393,0.03791852478606867,-0.4195469298838527,-0.348851838452106,-0.13021594389214444,-0.6095033351072248
2025-09-25 00:00:00+00:00,-0.48684604643915746,-0.25032695879619177,-0.07954330065343204,-0.47512017087317127,-0.5330657800550448,0.03976928430484207,-0.4195469298838527,-0.3519852963785028,-0.13199882483387101,-0.6095033351072248
2025-09-25 01:00:00+00:00,-0.4892610203340364,-0.17882951541343547,-0.11074754046715864,-0.41339819908521447,-0.4850509958509654,0.021349744679337132,-0.3728086073427856,-0.3058108109049067,-0.1188991751182567,-0.6001061054875114
2025-09-25 02:00:00+00:00,-0.5035476515816987,-0.17882951541343547,-0.11423794457774146,-0.40849710781699095,-0.4662185983984989,0.021349744679337132,-0.3728086073427856,-0.30417266302042784,-0.11937533431196509,-0.6024460779102846
2025-09-25 03:00:00+00:00,-0.5200691071997698,-0.17882951541343547,-0.11423794457774146,-0.40849710781699095,-0.4787863929534231,0.02419074811069916,-0.3728086073427856,-0.30417266302042784,-0.1198915548323126,-0.6123462822124156
2025-09-25 04:00:00+00:00,-0.4923328851546443,-0.15949149235267737,-0.16522121576675872,-0.40849710781699095,-0.46739354571394087,0.02419074811069916,-0.3728086073427856,-0.2981854448329171,-0.1198915548323126,-0.5988022372198774
2025-09-25 05:00:00+00:00,-0.5129683484304339,-0.1616896747796988,-0.17016855033929082,-0.4062192173661404,-0.46739354571394087,0.027216969244193652,-0.3713526793450746,-0.2981854448329171,-0.1198915548323126,-0.6098094042615212
2025-09-25 06:00:00+00:00,-0.524829638002045,-0.16409341271572722,-0.17016855033929082,-0.4076405054397121,-0.4649253313134393,0.027216969244193652,-0.3713526793450746,-0.2981854448329171,-0.1195005489236515,-0.6131348373481331
2025-09-25 07:00:00+00:00,-0.5260101968096556,-0.16163502574907498,-0.16522121576675872,-0.41033874198570724,-0.4671288060288588,0.027216969244193652,-0.3713526793450746,-0.30072378837148156,-0.1181984550122062,-0.6166421475740017
2025-09-25 08:00:00+00:00,-0.5228305031994298,-0.15928438840850678,-0.16522121576675872,-0.4188633962335494,-0.4653969972396595,0.027216969244193652,-0.3713526793450746,-0.2986433700243801,-0.1178421253725896,-0.6120613895906197
2025-09-25 09:00:00+00:00,-0.5205019463290722,-0.15703432759476518,-0.16522121576675872,-0.4188633962335494,-0.46776717856233246,0.027216969244193652,-0.3713526793450746,-0.300257172870049,-0.11626845583530435,-0.6084929747962251
2025-09-25 10:00:00+00:00,-0.4846832683395752,-0.13301317356138395,-0.16522121576675872,-0.4294501230133315,-0.4627626852446013,0.027216969244193652,-0.3713526793450746,-0.3072157580518091,-0.08387030596436838,-0.5700964376922556
2025-09-25 11:00:00+00:00,-0.4487296650950395,-0.13301317356138395,-0.16522121576675872,-0.4201882178745024,-0.4312262807113737,0.027216969244193652,-0.37868103989846547,-0.31367839487033133,-0.03395036125144838,-0.5391433931125638
2025-09-25 12:00:00+00:00,-0.4125396265611271,-0.13301317356138395,-0.16522121576675872,-0.41089531245917754,-0.42359022840843485,0.027216969244193652,-0.37868103989846547,-0.31367839487033133,-0.03395036125144838,-0.5080396611315461
2025-09-25 13:00:00+00:00,-0.37600368077252017,-0.13301317356138395,-0.16522121576675872,-0.43080780313781397,-0.3936480801833627,0.027216969244193652,-0.37868103989846547,-0.32258208553399736,-0.01619965372615005,-0.454430754857583
2025-09-25 14:00:00+00:00,-0.3390020700558919,-0.10940875579876046,-0.16522121576675872,-0.44145161760650886,-0.3936480801833627,0.027216969244193652,-0.38665468883556153,-0.32258208553399736,-0.01619965372615005,-0.3909617356245534
2025-09-25 15:00:00+00:00,-0.35000083852050173,-0.12738595105969683,-0.15117301096006497,-0.43008777545796717,-0.37284308929822557,0.015012578303701568,-0.381059710722622,-0.34462718271776294,-0.015615415568707583,-0.40776143695482303
2025-09-25 16:00:00+00:00,-0.3532173347372125,-0.1252104868943464,-0.15117301096006497,-0.43008777545796717,-0.37291063017002013,0.015012578303701568,-0.3830434621989055,-0.3493278465553889,-0.016584238242718503,-0.40399520049902876
2025-09-25 17:00:00+00:00,-0.45507825003476593,-0.1334256549587597,-0.1824835579237272,-0.4492483931657951,-0.3526383127123963,0.04559607525911826,-0.36737968107393776,-0.3064026196217361,0.05348979780349235,-0.4615890954781952
2025-09-25 18:00:00+00:00,-0.4766028162935426,-0.09806683702904638,-0.22440513206795976,-0.4111910890430307,-0.2489383165960081,0.08610658798817875,-0.3491136944998088,-0.2899756973073859,0.1388548143273235,-0.5361949422796879
2025-09-25 19:00:00+00:00,-0.4847186804847624,-0.09806683702904638,-0.2743920619063243,-0.4030295278100786,-0.2717631979554914,0.15181037483186413,-0.3359755941569793,-0.2832455874856568,0.18610521679979197,-0.5361949422796879
2025-09-25 20:00:00+00:00,-0.5008037856022769,-0.09806683702904638,-0.3236240837726755,-0.3961213878951718,-0.2717631979554914,0.15181037483186413,-0.31666756343348607,-0.27644810334067943,0.18610521679979197,-0.523344118638091
2025-09-25 21:00:00+00:00,-0.5171866262791583,-0.07376666974932329,-0.3963898304782668,-0.3834288553349763,-0.23187058209597258,0.15181037483186413,-0.30283003961249944,-0.2904475864678942,0.16428429565800587,-0.5026055376980507
2025-09-25 22:00:00+00:00,-0.5156963636328612,-0.07376666974932329,-0.3963898304782668,-0.3847372847319165,-0.23243898821051073,0.15181037483186413,-0.3033066717434052,-0.2904475864678942,0.1640417323365527,-0.49416222635503276
2025-09-25 23:00:00+00:00,-0.5199206905186013,-0.07376666974932329,-0.39945565862777344,-0.3847372847319165,-0.22836473213954592,0.15181037483186413,-0.3005594218025097,-0.2904475864678942,0.16428429565800587,-0.49179313016500664
2025-09-26 00:00:00+00:00,-0.5293902933110624,-0.07588468286728081,-0.39945565862777344,-0.3847372847319165,-0.21803557252417333,0.15181037483186413,-0.29366171768307625,-0.28505392580890787,0.16456456497015037,-0.49179313016500664
2025-09-26 01:00:00+00:00,-0.5414412672414578,-0.10319169978678996,-0.409345994451621,-0.4190236913342616,-0.2345814415695956,0.16880417677820667,-0.33521790168631693,-0.3311652420578354,0.14328781045585945,-0.5000747246342597
2025-09-26 02:00:00+00:00,-0.5655369908226272,-0.1320894053634558,-0.42120229262319797,-0.45252890721788513,-0.308069730559044,0.1195317154625434,-0.3744268907112757,-0.3740496535221521,0.12111574317483334,-0.5293613978339213
2025-09-26 03:00:00+00:00,-0.5902756803668721,-0.13713893793655127,-0.42120229262319797,-0.44707037921688414,-0.29328238808440393,0.11818372480465687,-0.36598891688807605,-0.3704455182747657,0.12111574317483334,-0.5293613978339213
2025-09-26 04:00:00+00:00,-0.5750319830614284,-0.11607937198300122,-0.42120229262319797,-0.45877520094577645,-0.3451377721156471,0.11818372480465687,-0.37431403436551897,-0.3744079148886606,0.1009290078212047,-0.5293613978339213
2025-09-26 05:00:00+00:00,-0.5843734144903322,-0.12125230861146671,-0.42120229262319797,-0.4422038147784892,-0.3607583145550168,0.11818372480465687,-0.3620412424620461,-0.3693027683829312,0.1009290078212047,-0.5293613978339213
2025-09-26 06:00:00+00:00,-0.6008168348121066,-0.12125230861146671,-0.42120229262319797,-0.43828198292699705,-0.3607583145550168,0.11710664308664992,-0.3623693617226553,-0.36639507638063507,0.10172233195464028,-0.538532819553556
2025-09-26 07:00:00+00:00,-0.6039290709857357,-0.12125230861146671,-0.4237870562105494,-0.4465756046072723,-0.3640197984961686,0.11710664308664992,-0.36625464651164014,-0.3683090181326563,0.10351528310001397,-0.5482341256588621
2025-09-26 08:00:00+00:00,-0.5794040388942242,-0.09626964858421401,-0.4586824722944226,-0.42367057723192875,-0.32272530508700836,0.0694532049716856,-0.3507523300254467,-0.3507074032181678,0.12278011727125857,-0.5578329839626092
2025-09-26 09:00:00+00:00,-0.5570560326584213,-0.09863852041930884,-0.4670886805154217,-0.4180914906437674,-0.3327636203775673,0.02828436475036475,-0.3413319210405734,-0.34721792620703107,0.12247226658775114,-0.5677156805281661
2025-09-26 10:00:00+00:00,-0.5455582784362518,-0.09863852041930884,-0.4670886805154217,-0.42927864143638284,-0.3379945220811178,-0.07280402817599048,-0.35669227295634043,-0.36356713316000694,0.10598262875112717,-0.5772544333989424
2025-09-26 11:00:00+00:00,-0.5340476242043305,-0.07447049108434928,-0.4670886805154217,-0.42927864143638284,-0.36165836933412493,-0.07280402817599048,-0.37090163697075096,-0.37790946879083176,0.08932274572475243,-0.5901874085372212
2025-09-26 12:00:00+00:00,-0.5225198144265266,-0.07447049108434928,-0.4670886805154217,-0.43896461171366385,-0.35193303059684616,-0.12024498681761096,-0.3851460945643396,-0.3838037542098051,0.08932274572475243,-0.6034618410699458
2025-09-26 13:00:00+00:00,-0.5109704732599537,-0.07447049108434928,-0.4446621011410987,-0.4599809585584651,-0.37046869115109365,-0.07280402817599048,-0.4076461246741898,-0.4050988998876737,0.104963337149175,-0.6074326116774048
2025-09-26 14:00:00+00:00,-0.5149303896919194,-0.07447049108434928,-0.4446621011410987,-0.45790123969656094,-0.37046869115109365,-0.07280402817599048,-0.40606506945163146,-0.40497802386688114,0.09897087098131062,-0.5853224393936602
2025-09-26 15:00:00+00:00,-0.47389484765881157,-0.10964472655556996,-0.38722782608731154,-0.40469262318225263,-0.3686097287722499,-0.10123608840844385,-0.3606441918045062,-0.39044178312561945,0.018008033374727506,-0.43726734458139305
2025-09-26 16:00:00+00:00,-0.4649500641471582,-0.12768170320894986,-0.368197489730273,-0.3884339794464173,-0.375924442817217,-0.11604778363106649,-0.356689390303337,-0.3988459253268709,-0.016434717429170638,-0.39843034057729804
2025-09-26 17:00:00+00:00,-0.4648832757930064,-0.12748838731467035,-0.368197489730273,-0.3910234264095251,-0.37445793246635406,-0.11980687166653832,-0.36086496666683165,-0.399512700351252,-0.016763500381758504,-0.39728525713480173
2025-09-26 18:00:00+00:00,-0.46019362126913627,-0.1088082461155634,-0.38722782608731154,-0.36556624631758977,-0.3543857855776874,-0.10589058976827233,-0.33284427914563397,-0.37563709825369745,0.014047627273870667,-0.3715627151848243
2025-09-26 19:00:00+00:00,-0.4661237029883257,-0.1088082461155634,-0.38722782608731154,-0.35090461838916726,-0.3543857855776874,-0.1630831748857247,-0.3146118479613483,-0.37563709825369745,0.014047627273870667,-0.31776928553141387
2025-09-26 20:00:00+00:00,-0.44224364571436764,-0.09272475679391064,-0.31842407166321945,-0.31890513620135263,-0.3518508886334024,-0.1560421251818633,-0.27346538140568233,-0.37871089917407724,-0.34158320645841794,-0.2258719328031182
2025-09-26 21:00:00+00:00,-0.44224364571436764,-0.09272475679391064,-0.2661895076624891,-0.3257267254162896,-0.3647399127486397,-0.21977739039176203,-0.2594591208093108,-0.39139442446955064,-0.3194810881898561,-0.1750222703265278
2025-09-26 22:00:00+00:00,-0.43020255140442737,-0.09428263572034369,-0.26849480967795664,-0.3257267254162896,-0.3566558535164024,-0.2111158164222955,-0.2594591208093108,-0.39139442446955064,-0.3216564448476954,-0.17566173761037354
2025-09-26 23:00:00+00:00,-0.4335656148967853,-0.09586083439635883,-0.2716526839980637,-0.3257267254162896,-0.3591908916975133,-0.2111158164222955,-0.2594591208093108,-0.38805186820915294,-0.3276241299928404,-0.1662194839279852
2025-09-27 00:00:00+00:00,-0.41027881006326467,-0.1239133362797234,-0.19964719424324065,-0.2881258277430308,-0.3661280517134745,-0.22261585175745385,-0.2143867610553393,-0.32247963869086604,-0.3509986429913782,-0.08797802875796368
2025-09-27 01:00:00+00:00,-0.46003458833453964,-0.24703339316492542,-0.1554729685577036,-0.3426089962276354,-0.41692211227943865,-0.2031794251005079,-0.24775873085280528,-0.36514386788741837,-0.3967506011424163,-0.08464333655712403
2025-09-27 02:00:00+00:00,-0.46660254022651726,-0.2705558816316387,-0.1554729685577036,-0.34800278403326224,-0.4401647216881669,-0.2031794251005079,-0.24493236351180347,-0.36215499843434373,-0.4014906057020163,-0.0766019047460649
2025-09-27 03:00:00+00:00,-0.48876792902569316,-0.2780945473517381,-0.20380669895508516,-0.3682646851516321,-0.45350490254084663,-0.22815358014959775,-0.27725277446790464,-0.3822436664238776,-0.39433692882621696,-0.11907776940579419
2025-09-27 04:00:00+00:00,-0.4816693359911483,-0.22313633034910105,-0.20380669895508516,-0.3682646851516321,-0.45350490254084663,-0.22815358014959775,-0.2825041508778805,-0.3918571468299845,-0.3246823019806415,-0.15855343913091002
2025-09-27 05:00:00+00:00,-0.4894462238998264,-0.23887078900605274,-0.20380669895508516,-0.3682646851516321,-0.4523789026285541,-0.22815358014959775,-0.28049375689966516,-0.39278144230662676,-0.33399758349378056,-0.14880956169246615
2025-09-27 06:00:00+00:00,-0.48467197911389154,-0.2570399750456192,-0.20592098192801173,-0.3682646851516321,-0.4501104942872194,-0.21997217922011766,-0.28129790457490306,-0.39278144230662676,-0.3292480023253403,-0.13993914317487607
2025-09-27 07:00:00+00:00,-0.48467197911389154,-0.2570399750456192,-0.20909453563588232,-0.3682646851516321,-0.447165581196571,-0.212350053700214,-0.28270913318894264,-0.39278144230662676,-0.3225278707623954,-0.13179470569704232
2025-09-27 08:00:00+00:00,-0.4715414986361927,-0.1956142545161204,-0.21357442517239833,-0.3362616223426457,-0.4100016594687439,-0.19048482943986658,-0.2595943515923643,-0.3512731254553234,-0.2956218459011801,-0.16046002598236123
2025-09-27 09:00:00+00:00,-0.4591521831533389,-0.14178380816588487,-0.21748241494730805,-0.3066343488808107,-0.3951731027191911,-0.1784893402717802,-0.22658972474530015,-0.33221379001539353,-0.24464052026535107,-0.1757547352998935
2025-09-27 10:00:00+00:00,-0.4591521831533389,-0.14178380816588487,-0.21748241494730805,-0.316146903375851,-0.3951731027191911,-0.1784893402717802,-0.22658972474530015,-0.3264166538263452,-0.2091000652001983,-0.21281606073491754
2025-09-27 11:00:00+00:00,-0.4591521831533389,-0.11250683395981075,-0.21748241494730805,-0.316146903375851,-0.4188200563755648,-0.1784893402717802,-0.22658972474530015,-0.3264166538263452,-0.17396085563919986,-0.25933554613047005
2025-09-27 12:00:00+00:00,-0.4569200568181502,-0.0974061785326986,-0.19611613513818615,-0.3227405588037722,-0.41824156211853464,-0.15585730003984077,-0.24212827790466407,-0.33711242750072506,-0.16180836725974546,-0.28029666917788104
2025-09-27 13:00:00+00:00,-0.4569200568181502,-0.06674581975677915,-0.19611613513818615,-0.31286950948374626,-0.43677010755713125,-0.15585730003984077,-0.25014031156226957,-0.3517611961229255,-0.1429315747607295,-0.33687764705090384
2025-09-27 14:00:00+00:00,-0.44427101363012733,-0.06674581975677915,-0.23910615472513214,-0.31286950948374626,-0.43677010755713125,-0.1988773694806291,-0.25820241688563644,-0.3517611961229255,-0.10725319349770143,-0.37111628743703534
2025-09-27 15:00:00+00:00,-0.4650536622697728,-0.05535412238069821,-0.2431616529757412,-0.31740458291681617,-0.45380725954678214,-0.1847586051948907,-0.24915014062577376,-0.329690950041192,-0.13772286315210897,-0.34053511262549274
2025-09-27 16:00:00+00:00,-0.46751013366240524,-0.05535412238069821,-0.23913470222492805,-0.31657236370571656,-0.45380725954678214,-0.1847586051948907,-0.24849034773529136,-0.329690950041192,-0.15030796015315595,-0.3448299885498312
2025-09-27 17:00:00+00:00,-0.46751013366240524,-0.058849498156139435,-0.19168140692919983,-0.31576460240716525,-0.45607494895843265,-0.19477036218204083,-0.24849034773529136,-0.33090303390890247,-0.1533097708436868,-0.3448299885498312
2025-09-27 18:00:00+00:00,-0.4671071178552859,-0.06223715754616891,-0.17103276648669366,-0.3162725809329493,-0.4588941740216638,-0.1847586051948907,-0.2489191563643255,-0.33090303390890247,-0.15578952950920372,-0.3448299885498312
2025-09-27 19:00:00+00:00,-0.47578761548985166,-0.09899675414367241,-0.20295998878374666,-0.30590442537572604,-0.4399423817118535,-0.24788955186796796,-0.24101830436202668,-0.33090303390890247,-0.17910977752605517,-0.36220530497797115
2025-09-27 20:00:00+00:00,-0.5104766405029674,-0.1661751724167194,-0.2800000000000024,-0.2752709781939347,-0.4603237168809591,-0.31225396405981415,-0.2522192564974355,-0.33076628538809116,-0.22313277503342954,-0.4247494805318084
2025-09-27 21:00:00+00:00,-0.5104766405029674,-0.2541955637206444,-0.33420399113761295,-0.24442725063107223,-0.48864627797035654,-0.31225396405981415,-0.2450055379493812,-0.3126728893512746,-0.2442734330920005,-0.43925896697233724
2025-09-27 22:00:00+00:00,-0.5096383279310106,-0.2532083478258779,-0.32682286764115626,-0.2439735070835368,-0.48074414379019326,-0.31225396405981415,-0.2440777907091777,-0.31361109998808173,-0.25199912803221114,-0.43925896697233724
2025-09-27 23:00:00+00:00,-0.5096383279310106,-0.2589101828021074,-0.3280300011369604,-0.2481092073102269,-0.48864627797035654,-0.30157481397002334,-0.2440777907091777,-0.32023955035360596,-0.25699853895934766,-0.43925896697233724
2025-09-28 00:00:00+00:00,-0.5096383279310106,-0.2721336910450953,-0.3228887690946146,-0.242773507150964,-0.4567872933304647,-0.31225396405981415,-0.24788466776030726,-0.3272001036585119,-0.26219413172660155,-0.43925896697233724
2025-09-28 01:00:00+00:00,-0.4927974309616399,-0.23166725642169736,-0.32057270236460966,-0.21331202812034794,-0.45404983019036554,-0.32232918560985957,-0.21356988552692208,-0.2961726663297932,-0.22530843798158853,-0.4538057006307157
2025-09-28 02:00:00+00:00,-0.48662539594889676,-0.2125768967870417,-0.29412425122473956,-0.21331202812034794,-0.43665270062731293,-0.32232918560985957,-0.21356988552692208,-0.29153932471858124,-0.2119059374924897,-0.4416326644964497
2025-09-28 03:00:00+00:00,-0.48662539594889676,-0.22670749698590092,-0.29089888650110574,-0.20888541908820327,-0.4420181161758035,-0.32232918560985957,-0.21694263621353235,-0.29153932471858124,-0.2200431616212636,-0.4426365131776324
2025-09-28 04:00:00+00:00,-0.48662539594889676,-0.20681622334080618,-0.23603855349542127,-0.19121301822538453,-0.432170274829422,-0.36346557892501674,-0.21142177854593122,-0.28265619109919826,-0.19504682876603716,-0.430589559428641
2025-09-28 05:00:00+00:00,-0.5000781894112655,-0.22408601989079618,-0.23579068185983482,-0.19560294033415937,-0.4366523692152929,-0.37322326754830504,-0.21438822959294412,-0.28714124032946303,-0.21093449527137118,-0.43169534807409415
2025-09-28 06:00:00+00:00,-0.5079467667234853,-0.22408601989079618,-0.23605820686660203,-0.20009292862222178,-0.4366523692152929,-0.36346557892501674,-0.21555979068806952,-0.2899854864831485,-0.23278142562977167,-0.43169534807409415
2025-09-28 07:00:00+00:00,-0.5096102200309692,-0.22408601989079618,-0.2367800215951497,-0.19957284542613846,-0.43710657401127984,-0.36346557892501674,-0.21555979068806952,-0.2899854864831485,-0.24441393707176556,-0.43169534807409415
2025-09-28 08:00:00+00:00,-0.49443905156553136,-0.18499412780687016,-0.143846675589524,-0.19957284542613846,-0.4479558569990141,-0.36346557892501674,-0.21555979068806952,-0.28164923275118803,-0.22033188090909475,-0.4175903943771927
2025-09-28 09:00:00+00:00,-0.49443905156553136,-0.1172941491195926,-0.0762709057109068,-0.17413394749453787,-0.44153518490639565,-0.32232918560985957,-0.20633474725146933,-0.26670240660723576,-0.2009422902580976,-0.38805843136457174
2025-09-28 10:00:00+00:00,-0.4825350186078903,-0.1172941491195926,-0.034928656324955336,-0.17413394749453787,-0.43848267802452745,-0.2612346940365765,-0.21448729168353697,-0.2556222065113365,-0.18072246080256005,-0.3632182242979171
2025-09-28 11:00:00+00:00,-0.47064389361243214,-0.1172941491195926,0.005616707217863294,-0.16289607185931979,-0.4331366686087937,-0.19491267696241477,-0.21448729168353697,-0.24529828167607226,-0.15953701734024606,-0.3291201660355261
2025-09-28 12:00:00+00:00,-0.47064389361243214,-0.14789477332866224,0.045549716178835076,-0.15164736219011926,-0.46134785573966647,-0.04350999058614594,-0.20633474725146933,-0.23889930536517373,-0.13338553861510338,-0.2952651922130231
2025-09-28 13:00:00+00:00,-0.4587612459768173,-0.14789477332866224,0.08503949466451323,-0.1403842743452193,-0.444946420044795,0.03320335679045192,-0.19819793270975672,-0.23202691304692516,-0.13338553861510338,-0.2478755523543387
2025-09-28 14:00:00+00:00,-0.4545647008348988,-0.11185001275991042,0.1036149577983513,-0.1262808134827319,-0.42387938323879965,0.0978987150877974,-0.19142647619556152,-0.21378371809253333,-0.12245340537858956,-0.22127257856922344
2025-09-28 15:00:00+00:00,-0.5247845014920788,-0.12269560645323338,0.06277648205777661,-0.16380567186907746,-0.4416862067150373,0.10662551658433077,-0.21525722519207843,-0.2151498767513178,-0.11247489679763793,-0.2959313975205998
2025-09-28 16:00:00+00:00,-0.5583667522696834,-0.13177004231506956,0.033162479654050364,-0.18545190464913916,-0.4445318546740773,0.09175566465261556,-0.21516929494796921,-0.20375920124000235,-0.10513676219373898,-0.32084522889071504
2025-09-28 17:00:00+00:00,-0.5583667522696834,-0.14712247158309943,0.019168600283322852,-0.18545190464913916,-0.4445318546740773,0.07351497468761048,-0.21591824761972436,-0.20482401072608575,-0.10127393670836987,-0.3228042806587894
2025-09-28 18:00:00+00:00,-0.5583667522696834,-0.15209008055936693,0.005789445619099044,-0.18220958186002054,-0.44746205157664576,0.05770244555659725,-0.21591824761972436,-0.20550209970430747,-0.09734309985990494,-0.32487931645390183
2025-09-28 19:00:00+00:00,-0.5485102681696186,-0.15209008055936693,-0.04935005029246625,-0.18220958186002054,-0.43814148543076686,0.019662347323387706,-0.21591824761972436,-0.19650744066465461,-0.09734309985990494,-0.36554911995764683
2025-09-28 20:00:00+00:00,-0.5423951713252891,-0.2291522324369152,-0.1302627844499478,-0.15357747528330418,-0.4275811362312558,-0.052637530726077145,-0.21591824761972436,-0.18740978046714507,-0.13503191561115982,-0.3903864356266824
2025-09-28 21:00:00+00:00,-0.5423951713252891,-0.29917388707646897,-0.1589402878928261,-0.10817742371979783,-0.37931852691549794,-0.11927667558259995,-0.21591824761972436,-0.18740978046714507,-0.224286898205635,-0.41467779294018875
2025-09-28 22:00:00+00:00,-0.549543857043135,-0.30289650335705365,-0.16865881950129372,-0.10573610652753765,-0.4014695749445666,-0.13267687999528852,-0.21283709346545943,-0.18557410094723853,-0.21635274585338868,-0.41333352455576655
2025-09-28 23:00:00+00:00,-0.5544350018154082,-0.30289650335705365,-0.18013229161948918,-0.10573610652753765,-0.4032292203173855,-0.1371463682408238,-0.2084893054515224,-0.18557410094723853,-0.20254787341673974,-0.42446502460368735
2025-09-29 00:00:00+00:00,-0.6145649086836917,-0.3189248390016652,-0.2641485615558031,-0.14681245477924879,-0.3597866529092837,-0.14712127346507142,-0.2583878495296634,-0.25936238972207554,-0.21716586948622715,-0.4986641418914428
2025-09-29 01:00:00+00:00,-0.6351494230963157,-0.3376557961620908,-0.2600379709920098,-0.18773959018798433,-0.3857520099993826,-0.1120928886760412,-0.29879540910858193,-0.30184930510427727,-0.2540577323084555,-0.5191199548416188
2025-09-29 02:00:00+00:00,-0.6574587758993033,-0.3592106040538565,-0.25865547523155047,-0.22795106224174339,-0.3911482272089848,-0.09715041043243869,-0.33860570432022397,-0.3465930045441576,-0.27885480092694254,-0.5434772669347087
2025-09-29 03:00:00+00:00,-0.6518573715061401,-0.3592106040538565,-0.2130510752866405,-0.22795106224174339,-0.3911482272089848,-0.0343468922191238,-0.33860570432022397,-0.3465930045441576,-0.294601934094203,-0.5278070408677846
2025-09-29 04:00:00+00:00,-0.6463290193010779,-0.3592106040538565,-0.17755090628978945,-0.22795106224174339,-0.4007556556571582,0.006712820584170995,-0.34198361335526145,-0.350150487625862,-0.33181955015487175,-0.5121632161508841
2025-09-29 05:00:00+00:00,-0.6723924059673,-0.3647122986650376,-0.18230437293987636,-0.25226804446851825,-0.39103533615198083,0.03419761567181572,-0.3659429176201222,-0.3581465418797709,-0.3359126156664351,-0.5537699239417537
2025-09-29 06:00:00+00:00,-0.6908794342481034,-0.3863216327470648,-0.2086182629552916,-0.24272669511213227,-0.3809509921534254,0.051585355448746956,-0.3537927651895167,-0.3365692284384287,-0.3384036705492531,-0.5934731236519716
2025-09-29 07:00:00+00:00,-0.687200464436126,-0.39124392899470134,-0.2191027173498679,-0.20621034430066557,-0.35393613738584284,0.0657009943506456,-0.324996032402065,-0.3070774181091752,-0.3184436534128808,-0.6169894226987842
2025-09-29 08:00:00+00:00,-0.6720766110727896,-0.39124392899470134,-0.1865784696949635,-0.20621034430066557,-0.3720973343417954,0.09953070323802192,-0.324996032402065,-0.3245561216489651,-0.3184436534128808,-0.5897237322270596
2025-09-29 09:00:00+00:00,-0.6571912126347176,-0.39124392899470134,-0.1525709990093744,-0.2190072337000197,-0.3720973343417954,0.11713495179132898,-0.33415875286181096,-0.33182914078039155,-0.3703806926592273,-0.5599457048670546
2025-09-29 10:00:00+00:00,-0.6482443496820202,-0.36481311074700107,-0.11668023113289913,-0.2190072337000197,-0.36131219998010444,0.13485547108655122,-0.3486912698552005,-0.33775010820239815,-0.4054123766341828,-0.5302955649208807
2025-09-29 11:00:00+00:00,-0.6393366837036795,-0.33902952181535917,-0.07837735167424076,-0.22927722611642032,-0.3523454005084817,0.16787231252574147,-0.3555906937092835,-0.33775010820239815,-0.42798415541732326,-0.5190835611612208
2025-09-29 12:00:00+00:00,-0.648259313254733,-0.32142954642854576,-0.11692108443899145,-0.23258738954398603,-0.3458011698263466,0.18111443854880074,-0.35792613314066546,-0.3425123853074445,-0.4269959969313073,-0.550538630347876
2025-09-29 13:00:00+00:00,-0.6400108589820391,-0.29753082220827476,-0.07479575920108571,-0.23258738954398603,-0.33825834651934,0.21232450140727283,-0.364643674301637,-0.3425123853074445,-0.4269959969313073,-0.5419411566159257
2025-09-29 14:00:00+00:00,-0.6400108589820391,-0.27408063103382413,-0.029633694887841185,-0.22133200006133896,-0.3307727055235406,0.2514447191453679,-0.37139257984320456,-0.3425123853074445,-0.4269959969313073,-0.5331528566032011
2025-09-29 15:00:00+00:00,-0.6401544401545036,-0.26109616759234294,-0.06736185330191939,-0.2043371918586694,-0.3350797010402957,0.2471671723586237,-0.360680908915589,-0.32304831210917456,-0.40366908410276914,-0.5354262562390645
2025-09-29 16:00:00+00:00,-0.6276481261789029,-0.25005692630584697,-0.08986429733434778,-0.1884864041445393,-0.3120244352746241,0.2550917626623062,-0.34326570300118475,-0.2936063670666592,-0.3809151688166122,-0.5405483080355373
2025-09-29 17:00:00+00:00,-0.6166784172861913,-0.20319188445223998,-0.0739108814432899,-0.18340503971816674,-0.2900644786290543,0.26136944019791614,-0.31662904818284865,-0.2733585442199704,-0.35756225947015857,-0.5066096312506565
2025-09-29 18:00:00+00:00,-0.5621222242768465,-0.16099317145550107,-0.021988061085133497,-0.15365205530990284,-0.2565990198565063,0.2623567857248451,-0.2888850063392351,-0.24480848313330134,-0.35454057057979665,-0.47516716393872394
2025-09-29 19:00:00+00:00,-0.4595739096251316,-0.1101197893270879,0.004387948985835166,-0.0906278144624719,-0.223134040618075,0.2482999445058024,-0.22406041652508002,-0.1842231804427111,-0.31952299972577,-0.3832218002272141
2025-09-29 20:00:00+00:00,-0.29964308308131127,-0.015222445908986705,0.025431688224129192,-0.029595817420230743,-0.10715762759043813,0.20818330912717734,-0.11486476649827516,-0.11090441781505571,-0.1743454416784526,-0.25242658113800304
2025-09-29 21:00:00+00:00,-0.15934157975404223,0.10659759111957218,0.04489629708118067,0.01343320988518998,0.02081039658299527,0.18260295353174183,-0.029586710246550182,-0.06938518639792805,-0.12820308776908243,-0.08627254880572041
2025-09-29 22:00:00+00:00,-0.1452081672150632,0.13739749379520336,0.06349173219514875,0.010476752993543222,0.017860412671241926,0.17604319456292422,-0.02733336058354941,-0.08437163660188221,-0.16541063877633394,-0.04705712800162947
2025-09-29 23:00:00+00:00,-0.16693698349827024,0.12171508040637419,-0.001227526220272047,-0.02068941965485368,0.044773760633656554,0.14001263531054303,-0.07184602547719661,-0.13105661331946747,-0.1896528436721314,-0.0755835734613622
2025-09-30 00:00:00+00:00,-0.277646114707145,-0.026936051043800046,-0.025750453396301828,-0.3454999665543233,-0.25346616460754273,0.023642251654467268,-0.26131201344345595,-0.2892273192013373,-0.26387975513085293,-0.18989093679678998
2025-09-30 01:00:00+00:00,-0.3024222551728907,-0.08436453166055173,-0.05828034010205786,-0.399758367347498,-0.3625704139124793,-0.025812857702076693,-0.36288341535518276,-0.3613197967151081,-0.3420118661149903,-0.18559999230088617
2025-09-30 02:00:00+00:00,-0.3276823288470687,-0.11656237036197482,-0.07322674342808619,-0.47735261253700645,-0.40774296994536624,-0.048160619770517894,-0.40798380687765595,-0.3885636816411051,-0.31304980590810333,-0.1885185910413978
2025-09-30 03:00:00+00:00,-0.36961986768961247,-0.15796001862554268,-0.0856493570627207,-0.5376536071061784,-0.46551608585838333,0.003979707471210349,-0.4608294445987982,-0.4694493005901779,-0.3902996551868626,-0.20650850070624002
2025-09-30 04:00:00+00:00,-0.4037025978621686,-0.18801545388333527,-0.0951006871544204,-0.5661127677078963,-0.48569872847844,0.044702105433249664,-0.5019175431928837,-0.5233083058897547,-0.3822150200022187,-0.2201419030068354
2025-09-30 05:00:00+00:00,-0.43630713108050867,-0.22838357375847995,-0.10593543298008869,-0.5906641053888759,-0.4594977494356066,-0.004328198109962771,-0.5292124106621185,-0.5407207006914763,-0.37362345959685533,-0.2454685594519958
2025-09-30 06:00:00+00:00,-0.4566057094597147,-0.26981837622669325,-0.11627523649013376,-0.5077257474279485,-0.3799896691731513,-0.00030662891182069976,-0.4551392766582039,-0.506030452156504,-0.29511043833811357,-0.2731667920525225
2025-09-30 07:00:00+00:00,-0.4061864868413658,-0.25336131894089653,-0.1262806510308481,-0.4074609002009919,-0.2779482868450599,0.010825458504714185,-0.3914777448010557,-0.4132405889623851,-0.22835846847751806,-0.30324726584035794
2025-09-30 08:00:00+00:00,-0.358550877818829,-0.18037220256634978,-0.02759085497217121,-0.3156007223473199,-0.2556862794026735,-0.062481908619624306,-0.31526266592014224,-0.34431931440781477,-0.16750953057050996,-0.3149852752684666
2025-09-30 09:00:00+00:00,-0.3547916538060998,-0.11967512432016626,0.06028839355886109,-0.2863385569990691,-0.24409208750768657,-0.13039380756670269,-0.2650935006305872,-0.3138626534176284,-0.12399741259550287,-0.31938548566896174
2025-09-30 10:00:00+00:00,-0.3785113145328134,-0.11497756711197833,0.04354336349660848,-0.30675327791731133,-0.304229755536301,-0.20743946322023882,-0.2414840334163752,-0.33325055223097955,-0.08802843630500969,-0.3614554831696784
2025-09-30 11:00:00+00:00,-0.374674840971343,-0.11155866772010398,0.026955894567691527,-0.3250892472283414,-0.31217625462313786,-0.25704489613924403,-0.23262814314934013,-0.3773150934886469,-0.0544559860626058,-0.4240865666600003
2025-09-30 12:00:00+00:00,-0.3833360323863763,-0.12353382369331865,0.011870188126852943,-0.340962466300148,-0.3407622082757661,-0.28148029796780294,-0.22222285249843007,-0.3787618442736998,-0.014122618471898335,-0.47543338064080093
2025-09-30 13:00:00+00:00,-0.3835883168879924,-0.1261170179630396,-0.0020849472175814747,-0.3371711447531439,-0.31095819705897665,-0.30150285400546467,-0.2127794935963981,-0.3434375363921678,0.06505773229938246,-0.5214621888371453
2025-09-30 14:00:00+00:00,-0.38514762026678395,-0.11869633778521008,-0.015175826583844091,-0.3107344386274671,-0.30641965866778625,-0.3178251681702111,-0.21539095346187634,-0.29495361387512403,0.13315749391016513,-0.5329582112350394
2025-09-30 15:00:00+00:00,-0.38978999657657676,-0.12837727540009464,-0.02866177194393665,-0.26432388281283886,-0.27951487899633454,-0.3959213329632866,-0.1998982235128482,-0.2517453411954768,0.1633578191708032,-0.5425041600136624
2025-09-30 16:00:00+00:00,-0.3954166065324584,-0.12297325601686944,-0.0978044187933061,-0.22067666367729713,-0.25459451670173217,-0.40147798851283806,-0.16995376052839437,-0.20770568867798908,0.1927756931092014,-0.5505727644836989
2025-09-30 17:00:00+00:00,-0.4006656486122675,-0.08487145296343289,-0.07688981161881074,-0.1647012163088866,-0.1968631686151772,-0.34519264231522057,-0.11728319325260109,-0.16218128628760584,0.2227396724379736,-0.5376586551342487
2025-09-30 18:00:00+00:00,-0.3724488728560086,-0.05117750013383213,0.008748929555298043,-0.11523232454788225,-0.13102897318087423,-0.29223179550761413,-0.045515270483264404,-0.10389819035320853,0.280018388831542,-0.5255513339024334
2025-09-30 19:00:00+00:00,-0.33399882288298477,0.012796045201056136,0.05356729307196452,-0.017312606823431984,-0.05787282762101083,-0.2798980540047687,0.041582996517674435,-0.04438377222261531,0.310023277092925,-0.45305414410437617
2025-09-30 20:00:00+00:00,-0.23546330763738604,0.11892773905214063,0.13688156154897865,0.10403368222522369,0.009635614529829717,-0.23075752613746667,0.13325611799324838,0.0223090727999949,0.39694478380521386,-0.35476851618161864
2025-09-30 21:00:00+00:00,-0.10277501227967827,0.2030578061649601,0.08299617969291846,0.19991391381240434,-0.0017296105262560083,-0.18299217286047126,0.20333406551553992,0.08685938292475308,0.4465211690554806,-0.26460121934109604
2025-09-30 22:00:00+00:00,-0.028312626725068412,0.24337255151474801,0.06894286719087313,0.23061762967763016,-0.0019647107636882547,-0.13850252160242846,0.21925268104957948,0.10463113970122112,0.4485357817710465,-0.20591392169196376
2025-09-30 23:00:00+00:00,-0.04124389163929808,0.21932876650721322,0.10184356874601165,0.18497231341365222,0.04396003792684119,-0.18104743967135078,0.1593866502753069,0.048584274934581666,0.43496990790112666,-0.21525108148063585
2025-10-01 00:00:00+00:00,-0.08711187219577736,0.19423489621851145,0.08986040164532035,0.13021788903680717,-0.05520125121200447,-0.2852229152536728,0.09568485465555955,-0.015829649901492354,0.4186553687636966,-0.2781472159031079
2025-10-01 01:00:00+00:00,-0.11871497179809054,0.17507474693627528,0.08266126116286616,0.09690929839219069,-0.10655982212438514,-0.2783653083592859,0.053828323512845964,-0.05429032467299999,0.4017966851910302,-0.30916529024408435
2025-10-01 02:00:00+00:00,-0.151031563317566,0.15449028210133758,0.07543208439413547,0.06196442885790261,-0.12077927072233127,-0.31227136931459853,0.011281721011416923,-0.10068061781667849,0.3850523287618526,-0.33807465783497226
2025-10-01 03:00:00+00:00,-0.18700388188520312,0.13120973175819403,0.06720900417228226,0.031957948050923154,-0.15885574646968836,-0.3052211507057475,-0.03282588589242132,-0.13631068210095093,0.36220487835401305,-0.37067099420344063
2025-10-01 04:00:00+00:00,-0.22842440132305752,0.1061220093003299,0.058924512644277,0.0014043171027969688,-0.20720964766810582,-0.29599703578561093,-0.09014307030626835,-0.18422814995155362,0.31782606697902344,-0.4015369441864054
2025-10-01 05:00:00+00:00,-0.2655477458786541,0.07898939073640067,0.05054102315586331,-0.02985624401244826,-0.20846565871266146,-0.28442908911793935,-0.1302116591498011,-0.19594346909400198,0.3057052030756331,-0.4497738752946631
2025-10-01 06:00:00+00:00,-0.2840318241078711,0.03004891037940844,-0.01090008235101944,-0.02561155612980088,-0.20081509704442949,-0.2702938307472862,-0.11889503042564342,-0.15631383379875663,0.2988435237338982,-0.47859933379640973
2025-10-01 07:00:00+00:00,-0.2976789881899248,-0.0039589542056086835,-0.02260321385565737,0.0058211213174962865,-0.16544651765979432,-0.2533025032284645,-0.09236917790940269,-0.11106198097480503,0.32037893496639447,-0.47698030720792445
2025-10-01 08:00:00+00:00,-0.2842687289424649,-0.008905966028513646,-0.008284989693033942,0.04122682641714354,-0.1432871130628863,-0.24556614703989765,-0.05376603425856611,-0.06129406283950512,0.33614919073793215,-0.47858170881084294
2025-10-01 09:00:00+00:00,-0.27102562153875337,-0.01545344730772195,0.0022055786059643604,0.05980493723643217,-0.13932552961813316,-0.28595362606248076,-0.019740603128480368,-0.03535250541350753,0.3193242634027731,-0.47881581558808106
2025-10-01 10:00:00+00:00,-0.28734730501931727,-0.033014335171879496,-0.013971925444322913,0.05215610468421158,-0.1707314145134668,-0.3179511825679156,-0.02426647018829579,-0.04181638056313946,0.253961972562639,-0.47768852710789966
2025-10-01 11:00:00+00:00,-0.30520880258225225,-0.051493255156362036,-0.03095116145250032,0.038028379673971636,-0.21375798853334976,-0.2958815814171424,-0.03293885864837431,-0.06400089049039308,0.2131167433477942,-0.4902501685635706
2025-10-01 12:00:00+00:00,-0.3249449616518186,-0.07112848501061911,-0.04894437318746586,0.022364998822258224,-0.23120562449334825,-0.2697290470575561,-0.05289090611963019,-0.07760019329767284,0.17068451946759555,-0.48697896756586534
2025-10-01 13:00:00+00:00,-0.3470989318666675,-0.09356333365118445,-0.0695284626749724,0.020758134782964687,-0.23711169677522814,-0.24005581633886627,-0.06409927345032211,-0.064923940996798,0.18671036719316275,-0.5024027452176888
2025-10-01 14:00:00+00:00,-0.37215023467736735,-0.11788293345884691,-0.15030271815171078,0.03634009267672195,-0.24869658715880058,-0.27508050206451695,-0.07631985921013604,-0.018444988988175502,0.20457021341289955,-0.5162750825742263
2025-10-01 15:00:00+00:00,-0.4009276995841891,-0.1446737564717363,-0.1539436482500192,0.05435861623079976,-0.2888037368819757,-0.3141600719338248,-0.0769949042239687,0.010453718813061553,0.2070279774021965,-0.5130366798153746
2025-10-01 16:00:00+00:00,-0.4039313632778151,-0.17477069256940375,-0.1639765524172253,0.07545848101891199,-0.28178826943817104,-0.2778107656796676,-0.06016281170561505,0.06482897119141559,0.23092176596101277,-0.48984547068873063
2025-10-01 17:00:00+00:00,-0.4000947536578616,-0.16970799212331447,-0.18145582946956565,0.08352141155753667,-0.27099026864592596,-0.23306658482163028,-0.015704974180630844,0.11224555724514747,0.2590617317461827,-0.43657887890634667
2025-10-01 18:00:00+00:00,-0.33444335457549307,-0.15480749366479768,-0.12657837325574411,0.1443974275082022,-0.2330950161156744,-0.18841070594453457,0.033325536921456955,0.18217517982683176,0.22611135488259165,-0.35693577353767486
2025-10-01 19:00:00+00:00,-0.20344936028304053,-0.12964155169427652,-0.03456551407746178,0.22149297611969956,-0.15524869111732964,-0.11859438924744872,0.11070422517797608,0.26615595536810865,0.2617679964014893,-0.2533032716074755
2025-10-01 20:00:00+00:00,-0.0056884146617755945,0.012082530060617235,0.05904580320596797,0.3139719199764597,-0.05903143845187605,-0.1688834521807934,0.25085409465469743,0.3649819259716165,0.40798655911199144,-0.1382409339905831
2025-10-01 21:00:00+00:00,0.25212542712775954,0.270583254610252,0.21023510230493267,0.39425544555177333,0.034699128195379424,-0.07028024811366507,0.41254672099550865,0.4723707980246433,0.49864092658418446,0.03995877676716417
2025-10-01 22:00:00+00:00,0.4010376694288196,0.4935412394032809,0.42931011941380764,0.4593834982966616,0.12951601601074256,0.08664316388488959,0.5411296051073495,0.47624091546414776,0.4949103095789397,0.2044435914292572
2025-10-01 23:00:00+00:00,0.612946042291686,0.6116205411105282,0.24396426167267438,0.5498887737948461,0.3795043184834809,0.10041467588046588,0.5620281442681009,0.42486251383127693,0.36941466062233713,0.3914137906363489
2025-10-02 00:00:00+00:00,0.5451755364734562,0.5758756878573987,0.21408744751955994,0.46403690308301904,0.2530386467933333,0.09019085640127351,0.469977852158726,0.33690037566065273,0.24007350173603942,0.38366715828753795
2025-10-02 01:00:00+00:00,0.5195082114826894,0.5511994763574305,0.19554718663700585,0.4237180476101825,0.1677518051256226,0.06454892671988517,0.403660018591899,0.2765505014440157,0.15648071688974136,0.40251341726680956
2025-10-02 02:00:00+00:00,0.5195082114826894,0.5265497671425128,0.19554718663700585,0.4003590269288757,0.10244735003609687,0.06454892671988517,0.41194376001737715,0.25538365592886103,0.0971104037663339,0.45371749742062906
2025-10-02 03:00:00+00:00,0.5195082114826894,0.5147156709495591,0.19554718663700585,0.39442890314954954,0.08748816069735137,0.11106546888233401,0.4153526636987323,0.23419542120905298,0.025536893032719193,0.48206691321559986
2025-10-02 04:00:00+00:00,0.5272889882380395,0.5027808206160205,0.1406664531345458,0.3884475367474332,0.0632006871971159,0.16068161997001632,0.41125775827574246,0.2049236230575277,-0.015500979791494524,0.5103199777215515
2025-10-02 05:00:00+00:00,0.5281147142655169,0.5115533196159482,0.06238116300092261,0.3946427407850264,0.03255974544222463,0.15778141555698447,0.38830919790497465,0.15143206046978822,-0.05742481374204031,0.539490637513338
2025-10-02 06:00:00+00:00,0.5159168006125286,0.48257660055327956,0.06238116300092261,0.3840419090740922,-0.009151236818555427,0.2092066584016955,0.3629798683483022,0.08533732643737846,-0.05742481374204031,0.5664534480914138
2025-10-02 07:00:00+00:00,0.5159168006125286,0.46475115763383734,0.014319720013289261,0.35972270075639,-0.03251001404511119,0.26523385337703614,0.33847615698447703,0.05310141615370788,-0.05742481374204031,0.586685993245677
2025-10-02 08:00:00+00:00,0.5159168006125286,0.4542129739080177,0.014319720013289261,0.354803428749829,-0.044025968412301365,0.26523385337703614,0.33119634403882015,0.04316733257003514,-0.05742481374204031,0.5909220577932286
2025-10-02 09:00:00+00:00,0.5100671727133494,0.4440535023419195,0.014319720013289261,0.3436587722144928,-0.048908047858757894,0.26523385337703614,0.32141313798410714,0.03180577559996253,-0.05742481374204031,0.5952241679309218
2025-10-02 10:00:00+00:00,0.5036360317135374,0.43992870452583155,0.014319720013289261,0.33900951415580705,-0.0631119045408432,0.26523385337703614,0.3192147943744295,0.025696175073736057,-0.02895168106517868,0.5973082994076747
2025-10-02 11:00:00+00:00,0.5084054457251299,0.447082781085133,0.010767013884773923,0.35512459966620724,-0.05268968016377488,0.26548932464006353,0.3227275450733555,0.050308992768728994,-0.01889934864517922,0.6026049062069901
2025-10-02 12:00:00+00:00,0.5133261600963888,0.45511974825653806,0.008652969281946851,0.3701828653020644,-0.03845368537603321,0.26824204773297744,0.32654283006131934,0.06208143595348815,-0.020499708988082007,0.6101687889958395
2025-10-02 13:00:00+00:00,0.5133261600963888,0.46531476507525726,0.027668560543030792,0.3801448883850793,-0.03498120396150716,0.26824204773297744,0.33215028909407196,0.07427381981105301,-0.03676958671947626,0.6234417055142808
2025-10-02 14:00:00+00:00,0.5196494882213767,0.4757503162915662,0.0463737313083426,0.3845789496212526,-0.028237913837026837,0.26824204773297744,0.3414500746538275,0.08029696039037044,-0.05410977864882685,0.6234417055142808
2025-10-02 15:00:00+00:00,0.5260669819567179,0.4864418776584267,0.06486552138900649,0.3845789496212526,-0.024721686834837924,0.29904623436830885,0.34404793803841227,0.08897408702752281,-0.05410977864882685,0.6234417055142808
2025-10-02 16:00:00+00:00,0.5325820438645963,0.49740611864266315,0.10975514947166978,0.38777928416629515,-0.021198432203644067,0.29904623436830885,0.34404793803841227,0.09752275987867476,-0.05410977864882685,0.6234417055142808
2025-10-02 17:00:00+00:00,0.5526459044661928,0.5037678495042284,0.14769334927211872,0.3781669681805271,-0.023788251668228583,0.26005997784804147,0.3427461624481378,0.10766642919059322,-0.05775823702563662,0.622268681873871
2025-10-02 18:00:00+00:00,0.5550480926059431,0.5105945092293033,0.13217573657476495,0.3761377462873286,-0.03624867613070579,0.2151597443946554,0.3306596020868178,0.11017434829449667,-0.11074183334663325,0.6245858385131133
2025-10-02 19:00:00+00:00,0.5601714113415954,0.4856180410558456,0.1162231009836822,0.36389287220296834,-0.04614935021683133,0.16260632832956903,0.3071007462243895,0.11606334406815319,-0.11622310098342967,0.6122751460442005
2025-10-02 20:00:00+00:00,0.5327425111206298,0.4569318727726621,0.09978873721393641,0.33691879099085104,-0.07120774831350482,0.09978873721393249,0.2761825936109321,0.11689227773984107,-0.17856165477429978,0.5922472572262462
2025-10-02 21:00:00+00:00,0.5008940684857209,0.42341944987632885,0.14443162893487735,0.3108055255656641,-0.0224665860159565,0.022522407331126627,0.25639837953863004,0.12733550853590772,-0.25039970417834323,0.5718716674226199
2025-10-02 22:00:00+00:00,0.4764167897592344,0.39186791606827653,0.1926882330995642,0.31635335689066907,0.007520404731462879,-0.07653481916622812,0.25886738130461107,0.14801885225007325,-0.26086565860513616,0.5573043067517974
2025-10-02 23:00:00+00:00,0.5325491828155482,0.46688286046138217,0.2570773696469432,0.40453624580223774,0.028679538953574887,-0.07653481916622812,0.33799332048250313,0.2528546972386657,-0.26086565860513616,0.5942183043381933
2025-10-03 00:00:00+00:00,0.6103360065290896,0.5388316198739005,0.32237393527594393,0.48838785056662826,0.15340670421345245,-0.07653481916622812,0.4302400249746848,0.36359275385635376,-0.26086565860513616,0.6613313910177283
2025-10-03 01:00:00+00:00,0.6326913557016982,0.572758863954442,0.31006021843507164,0.5309276587849525,0.1904838864828623,-0.024761275912095922,0.41809538617431413,0.3541542204921528,-0.19752664937731151,0.658771087323871
2025-10-03 02:00:00+00:00,0.6504686921970888,0.5988500797707766,0.29840467872270576,0.5617562861088379,0.240271271482753,0.017080505103059765,0.4066719787491279,0.350875730452318,-0.08402280161039455,0.660086434948822
2025-10-03 03:00:00+00:00,0.6661894414882026,0.6194324312411258,0.2972162525863613,0.5883365657531776,0.25898796554364373,0.04717735415466075,0.41322378776442237,0.36002117937077444,-0.047731921182549535,0.6626504569439606
2025-10-03 04:00:00+00:00,0.6771818216178253,0.6357396990043463,0.2938582448042658,0.6087350708468916,0.27707152106266464,0.07369161408162518,0.4145794547860315,0.36523060228829946,-0.06325651861702769,0.6656147058735749
2025-10-03 05:00:00+00:00,0.6874361066865523,0.6485760862435181,0.2879489066906779,0.6244099866384873,0.303124974936863,0.09794601397569126,0.41566340977608784,0.37945707118980315,-0.03603273258854636,0.6681023500321118
2025-10-03 06:00:00+00:00,0.6952487431326084,0.6585246468062991,0.27920062033392595,0.6446589508545228,0.3409865961161976,0.12074646332641104,0.4448149777164148,0.4179583583190158,0.03808211178689784,0.6697093846580832
2025-10-03 07:00:00+00:00,0.7060646045366992,0.6660022090176191,0.267313661495586,0.6654553230400927,0.3958598181874897,0.14263278913747449,0.4713439592873683,0.4536373135409613,0.12264979762738888,0.6702267860261146
2025-10-03 08:00:00+00:00,0.7194848603400642,0.6799791695732648,0.2926475600627093,0.6805083725679342,0.4270133170133865,0.12462616997262449,0.5005595201968941,0.47821381988946865,0.14329639147889855,0.676192649914083
2025-10-03 09:00:00+00:00,0.7311185710636332,0.6920250217616154,0.31746502200578836,0.691724674177974,0.44073798929527414,0.09959816867887694,0.5227690574872603,0.4960542664806681,0.16312818053844938,0.6811480036946815
2025-10-03 10:00:00+00:00,0.7379052366201767,0.6991176796523854,0.3148094958743817,0.701037389274435,0.44585827221008933,0.11248242599381408,0.5312794713480965,0.5025814793784622,0.15292530269557825,0.6851504552092502
2025-10-03 11:00:00+00:00,0.7433948510587004,0.7048192438971559,0.3096240224123491,0.7078593912450973,0.44987526650803733,0.26464823824643813,0.5359461678856375,0.50596748972125,0.13890912388182344,0.6882546702220602
2025-10-03 12:00:00+00:00,0.7477307151359656,0.7092752942437864,0.30176439115037373,0.7132570619104718,0.45413897830218974,0.2573874316250297,0.539097796196524,0.5075637884523125,0.12057975422580176,0.6905093836928929
2025-10-03 13:00:00+00:00,0.7559699256209597,0.721368458663937,0.30816570982134267,0.722951388439177,0.4631293346725667,0.25000571540807126,0.5469071176760455,0.5162925613222211,0.1316942067705314,0.7030833593302523
2025-10-03 14:00:00+00:00,0.7633278072125111,0.732749972720829,0.3213591335957517,0.7315824913853138,0.47171212404067187,0.2434238170251391,0.5534930620155445,0.5234088011359741,0.1425891414377445,0.7102078301546781
2025-10-03 15:00:00+00:00,0.7699350821521805,0.7436486469230481,0.3346227111592556,0.7393125984684564,0.4777883052711873,0.23752898489932553,0.5589614295201518,0.5295915875009383,0.1378696369560486,0.7167699787042189
2025-10-03 16:00:00+00:00,0.7759025221180271,0.7542912762987125,0.3479897409356719,0.7462784210626308,0.48273215102912775,0.2322311573317105,0.5629931848418396,0.5345461772399502,0.14742059239966593,0.7221603620278066
2025-10-03 17:00:00+00:00,0.7792337340498234,0.7649170186986999,0.3614925158455738,0.7511519481676885,0.48810709674500546,0.22745759341650673,0.5713990985797134,0.5403328367662003,0.15691045948652005,0.732460204828154
2025-10-03 18:00:00+00:00,0.7820231399287225,0.7678461759070239,0.3627431557748299,0.7546343277569131,0.5054617485094102,0.2139178938399797,0.5794909466333967,0.5454769551749137,0.16637475762433812,0.7617571314428279
2025-10-03 19:00:00+00:00,0.7866301139904235,0.7740285495458834,0.3756028239476713,0.7581982810907663,0.5218197382073545,0.20923942368084103,0.591419279196528,0.5625756640784614,0.1758461375943146,0.7958003366586903
2025-10-03 20:00:00+00:00,0.8108037058918948,0.7953596960731345,0.37487417834299663,0.7612859234178904,0.5430594319968501,0.19396579287421228,0.616678986653718,0.5800717407175745,0.18535523653964342,0.8301990871424779
2025-10-03 21:00:00+00:00,0.8321627245335298,0.8462489016594071,0.3872015463310799,0.7704603109677993,0.5712953421299702,0.18919743721261806,0.6403213612210609,0.5921731794288737,0.19493137833144128,0.8650468550953474
2025-10-03 22:00:00+00:00,0.8365832644029865,0.8593727654184531,0.40396335648746334,0.7748665588163965,0.5797064085103875,0.18484250564577098,0.6498550452405978,0.5983077198829027,0.20058848499593265,0.8713808555412137
2025-10-03 23:00:00+00:00,0.8128979430597303,0.8518198319907041,0.41761571352396487,0.7895934714851333,0.5775486668616252,0.18484250564577098,0.648840769582206,0.6246924326524658,0.20150388078339238,0.8542306380966643
2025-10-04 00:00:00+00:00,0.8018397747851687,0.8620780502486588,0.4375208245559265,0.8027262994668025,0.6137413534249713,0.18484250564577098,0.6594304055388139,0.6501373654247233,0.20456756522239822,0.8481160205434859
2025-10-04 01:00:00+00:00,0.7817488084478359,0.862908053123455,0.4406274856237958,0.8055338563171146,0.6410624701719588,0.1718691821676563,0.6644440048369871,0.6749631725291624,0.2070113229834606,0.8350662138435994
2025-10-04 02:00:00+00:00,0.7675206567173074,0.8157947495959803,0.34916817480934226,0.7545103627846156,0.6086878428343947,0.15137837896449405,0.6444351250354093,0.6147298496251231,0.21547270184232503,0.801710813440477
2025-10-04 03:00:00+00:00,0.7603110028124395,0.7813617424808766,0.27227164627235656,0.7175022752961366,0.5857869074668083,0.13357841609887816,0.654251431788589,0.5798200250329499,0.22113775570886335,0.7785488756044896
2025-10-04 04:00:00+00:00,0.7576620327287874,0.7519292938985925,0.27827126572306743,0.6848093031542972,0.561057099073241,0.11858876135096635,0.6627056483110068,0.5457712548411625,0.22829670293990942,0.7590805153312875
2025-10-04 05:00:00+00:00,0.7508361771630251,0.7511748064196038,0.3664380625415939,0.6736822119356554,0.5553398786855996,0.07902329807227385,0.6475701170961315,0.5300247872107356,0.23270157394757995,0.7522355452071153
2025-10-04 06:00:00+00:00,0.745984570310525,0.7511748064196038,0.28339948744955706,0.6610141131531956,0.5925241985937909,0.07902329807227385,0.6583649174631525,0.5501043697645474,0.23270157394757995,0.7519306268184004
2025-10-04 07:00:00+00:00,0.7445622646444557,0.7471401121593548,0.340862094598424,0.6462289153953833,0.5853775349361051,0.04804304555863238,0.6634402485201817,0.5596170167113576,0.23661781595155815,0.7459487259829694
2025-10-04 08:00:00+00:00,0.7392864697506621,0.7471401121593548,0.340862094598424,0.6362560613181847,0.5560365852322543,0.018004923280369865,0.6532667565742054,0.5017149278287895,0.1422666162903042,0.7425831772953738
2025-10-04 09:00:00+00:00,0.7340705547756706,0.7471401121593548,0.340862094598424,0.6340826985390299,0.5448739076405139,0.018004923280369865,0.6610818664783865,0.47473490023887704,0.1422666162903042,0.7425831772953738
2025-10-04 10:00:00+00:00,0.7340705547756706,0.7365101064302696,0.28792711099130497,0.6340826985390299,0.5390327044494153,-0.011428168790127577,0.6610818664783865,0.4796429261222065,0.1422666162903042,0.7428392850907158
2025-10-04 11:00:00+00:00,0.7333101154684246,0.7262555676232384,0.28792711099130497,0.6357702878836655,0.5390327044494153,-0.011428168790127577,0.6610818664783865,0.4897981961314808,0.1422666162903042,0.7428392850907158
2025-10-04 12:00:00+00:00,0.7328453152026982,0.7164434842159224,0.28792711099130497,0.6362386934776906,0.5373577055152615,-0.07076727719845927,0.6610818664783865,0.4866954638766025,0.19887470800069407,0.743388915322634
2025-10-04 13:00:00+00:00,0.7369483245416855,0.7167717766162875,0.28792711099130497,0.6391994666897992,0.5353088170266712,-0.09066718198731019,0.6588513640496555,0.4788252943730125,0.19887470800069407,0.743388915322634
2025-10-04 14:00:00+00:00,0.7369483245416855,0.7184003878253586,0.28792711099130497,0.6391994666897992,0.5373577055152615,-0.1103321396285405,0.6588513640496555,0.4551954231653642,0.19887470800069407,0.743388915322634
2025-10-04 15:00:00+00:00,0.7369483245416855,0.7216175292469236,0.28792711099130497,0.6423796967780158,0.5373577055152615,-0.1103321396285405,0.6568552584164625,0.4345887899287887,0.23097449563012024,0.743388915322634
2025-10-04 16:00:00+00:00,0.7369483245416855,0.7268098239280101,0.28792711099130497,0.6423796967780158,0.5368636048758398,-0.12980350078150385,0.6541548188497519,0.4139937387173472,0.23097449563012024,0.7414237201995763
2025-10-04 17:00:00+00:00,0.7369483245416855,0.7345085707789727,0.28792711099130497,0.6589707861635283,0.5306795101686527,-0.1491199530423087,0.6425636819686972,0.39336019612327144,0.23097449563012024,0.7231667110313449
2025-10-04 18:00:00+00:00,0.7369483245416855,0.745465346372374,0.28792711099130497,0.673027392623263,0.4734165035641211,-0.16831799591211866,0.6356893667575358,0.33593698139221123,0.2609981058301054,0.6902532193993742
2025-10-04 19:00:00+00:00,0.7369483245416855,0.7360383263721673,0.30951845371581027,0.687258158041163,0.4450640204434893,-0.18743235609726028,0.6089126318017577,0.32386446331389807,0.2609981058301054,0.6669209869598324
2025-10-04 20:00:00+00:00,0.7369483245416855,0.7119076920103049,0.20141766115630638,0.698215332146085,0.4450640204434893,-0.20649635554701068,0.570725627308099,0.1195341391380905,0.2894940575248097,0.6537924106238264
2025-10-04 21:00:00+00:00,0.7223115146724517,0.6883289717233219,0.12465504384451236,0.7058237190887411,0.3933613237483936,-0.2255422424057966,0.5524019772912167,0.10214235667002695,0.2894940575248097,0.6409318668184584
2025-10-04 22:00:00+00:00,0.7223115146724517,0.6285976681890105,0.06437857179655065,0.7283251518592994,0.41448991487858033,-0.24460149337277573,0.5587434735426331,0.11003627225863065,0.2894940575248097,0.6409318668184584
2025-10-04 23:00:00+00:00,0.7321068683999113,0.6436187181233752,0.014437556909887479,0.7443238678588191,0.4257504126509632,-0.23991592708990814,0.56289516906386,0.15313755331443288,0.312887057238204,0.650441269145805
2025-10-05 00:00:00+00:00,0.7183601989395904,0.6336909505255954,0.014437556909887479,0.7448478616813743,0.41371617589972587,-0.23991592708990814,0.5412438719314203,0.16781863336164465,0.322989530464426,0.6534173978096443
2025-10-05 01:00:00+00:00,0.7020503179702493,0.6163384035285551,0.01570867669587098,0.7264255557840585,0.4150521714055459,-0.23976339149644907,0.5245510947822811,0.17798503061182674,0.32534655697464027,0.649153249410228
2025-10-05 02:00:00+00:00,0.722640661938584,0.6427999355653953,0.01804343591891644,0.7434890376896597,0.4396135450824151,-0.24920005969272702,0.5669741543385041,0.25564334614222356,0.2957296087882053,0.6650283192713792
2025-10-05 03:00:00+00:00,0.7394310529383231,0.6640156652551987,0.1050639333451096,0.7572415098636551,0.4809551890570039,-0.25669578931700204,0.5984436251525993,0.3027871129878495,0.26873917000879427,0.684347559280732
2025-10-05 04:00:00+00:00,0.7488108182482998,0.6752790577998035,0.10376751374719813,0.7637976492482494,0.5027864637983297,-0.261073073908337,0.6160323374919927,0.33296846405161606,0.29639456388538027,0.6931617888474381
2025-10-05 05:00:00+00:00,0.7567427656435718,0.6845414199726586,0.10269797953223171,0.7677707364419492,0.5077337924986993,-0.2640218172086937,0.630344214985032,0.34417030568642404,0.3197714125128401,0.7028267039460014
2025-10-05 06:00:00+00:00,0.7580150647144555,0.6920916679715409,0.10183641238601181,0.7487993917327297,0.49710943872907104,-0.2655960711799189,0.6225680209875093,0.31896965367298885,0.3395199814292037,0.7088559306904805
2025-10-05 07:00:00+00:00,0.7589045021483314,0.6553708547504807,0.04111503468614239,0.7227037726261085,0.46798947977937305,-0.26582989937115725,0.6024172334157545,0.27863794738511977,0.31745180088573965,0.7138531207033875
2025-10-05 08:00:00+00:00,0.7528996766465094,0.5735768563623822,-0.008791909539000673,0.6970509320528396,0.4588246608930134,-0.2647391851233826,0.5835372704946076,0.25730103928428827,0.2961829924069544,0.6970441769640412
2025-10-05 09:00:00+00:00,0.7498231075373823,0.5165890596967978,-0.037096052661160256,0.6841712238897049,0.46139581546673253,-0.24319673775717318,0.5764902249308942,0.2475839062686186,0.30388317059199427,0.692863320139869
2025-10-05 10:00:00+00:00,0.7498631348843523,0.4951499186714346,-0.0327075280254117,0.6804411601488989,0.4661843114469621,-0.2385714306382475,0.5785771291802503,0.2530431622534512,0.3096545056443297,0.6921447803816008
2025-10-05 11:00:00+00:00,0.7494926254559219,0.4741093441816487,-0.028316863728506166,0.6758682163098064,0.46904210191147605,-0.645102655680705,0.5780993009668313,0.25732367864935624,0.31360708306668217,0.6872818732863689
2025-10-05 12:00:00+00:00,0.7487078544493608,0.45340541216379127,-0.049573960208160066,0.6703830765377082,0.47097327323853194,-0.641241672095028,0.5773740165510495,0.25451075245878635,0.3158153698566159,0.6821115925783545
2025-10-05 13:00:00+00:00,0.745763149012188,0.43913064452285333,-0.04535071202972814,0.6624958031842079,0.4653438893225226,-0.6317573373651261,0.5760838378867759,0.24714714152643424,0.30229191891586965,0.6777739111157531
2025-10-05 14:00:00+00:00,0.7424075806007591,0.42493563928885797,-0.04963970209110383,0.6535759090680759,0.46198537996402234,-0.6212586838463694,0.5745279329933386,0.23770522626136031,0.2651002447869417,0.6701745100972598
2025-10-05 15:00:00+00:00,0.7386102543419081,0.4107971952005216,-0.05168819609348804,0.643486993366776,0.4579953413774374,-0.6095968988064724,0.571978202156688,0.23062541145052715,0.25310772607342963,0.6624264598047109
2025-10-05 16:00:00+00:00,0.7343346729206189,0.3966911525915834,-0.05162294084835161,0.6311542623056922,0.4513957942028461,-0.5965951393637448,0.5658607143835525,0.22358789414633776,0.24104293901501278,0.6570328997842317
2025-10-05 17:00:00+00:00,0.7295377364032971,0.382592037845501,-0.0495128935983819,0.6143298957655039,0.439070507704965,-0.5820406043708235,0.5601834423476425,0.21499042326495132,0.2288750100549804,0.6363206846530939
2025-10-05 18:00:00+00:00,0.7244223840057064,0.3728370348303573,-0.045378151260508946,0.5926160135601398,0.37923950434539266,-0.5529411764706169,0.5302125792116655,0.20508260488354005,0.20198579615707576,0.6079243451343052
2025-10-05 19:00:00+00:00,0.7109447464208783,0.34521239658368275,-0.0391943188031963,0.5693593526523256,0.3275208850511423,-0.44633856599354527,0.5003551936161914,0.19602616098830722,0.17967775296843894,0.5750701118528538
2025-10-05 20:00:00+00:00,0.6838593768197213,0.3042043811132601,-0.030893333769349083,0.5443248002371605,0.3123143501638837,-0.3372113705095296,0.4694573165665786,0.1863040136755289,0.16121486091797885,0.5434503438375132
2025-10-05 21:00:00+00:00,0.6521260913394713,0.2402953408947571,-0.020361105087795206,0.5134252070470245,0.2954843493661516,-0.29308882419430776,0.4396792699630533,0.17920209541966223,0.14607962690615126,0.5129599596244566
2025-10-05 22:00:00+00:00,0.6251570178014662,0.20344924954070487,-0.007431808154915937,0.48828109156358296,0.28346705989123583,-0.25195545659814145,0.4205154385175019,0.1744920969224174,0.13862899979718635,0.48349907948680343
2025-10-05 23:00:00+00:00,0.634534022016645,0.2072591919971549,-0.007431808154915937,0.47036427642020784,0.2754598828260607,-0.23211249258822905,0.4011127910256979,0.15536444092920923,0.12558799367066045,0.4826653855320549
2025-10-06 00:00:00+00:00,0.633800338316123,0.2110631104312262,-0.007431808154915937,0.44713160235234556,0.2645619177263261,-0.22571873493812994,0.378616272492134,0.1308756221550048,0.11295504753182067,0.4820294661919049
2025-10-06 01:00:00+00:00,0.6250442361113318,0.2110631104312262,-0.007431808154915937,0.43199266596165875,0.246977275074603,-0.20658680430129261,0.3612265630913282,0.11160991573861453,0.1006765662323074,0.47409961398201933
2025-10-06 02:00:00+00:00,0.5780727272099079,0.212949557029033,0.04272248696961447,0.37681453717330565,0.24410384637054863,-0.16514483439334324,0.33923725993321385,0.13360250995838222,0.06855088033563848,0.459601630639086
2025-10-06 03:00:00+00:00,0.5087359132018464,0.2269186954018612,0.11639638045129262,0.29430089050965935,0.2439523961329379,-0.06594275964977185,0.31744389630219877,0.16666837297550646,0.02644216865305503,0.46121209989158723
2025-10-06 04:00:00+00:00,0.3828118513826962,0.3045793118276834,0.27526565503311945,0.13538431680946147,0.2633824209290562,0.13157185691290524,0.28964830880084536,0.21237397884580728,-0.042785772206000466,0.5192210773603423
2025-10-06 05:00:00+00:00,0.3828118513826962,0.2728663979050423,0.24609915474641744,0.13538431680946147,0.25098825098177635,0.13157185691290524,0.2854519565273931,0.21744767722893724,-0.042785772206000466,0.5098925380456609
2025-10-06 06:00:00+00:00,0.3828118513826962,0.24046393322809076,0.20125072957167606,0.10731536911908698,0.24384840770880215,0.040037595545114,0.27288189465470275,0.19880971506831369,-0.07493446312386766,0.4962037139231656
2025-10-06 07:00:00+00:00,0.3796454904246617,0.2094507236503285,0.16554898342102933,0.07762304034500513,0.2209992555751564,-0.013003164575153141,0.2352493361687437,0.18168571719238205,-0.1100593257371016,0.4889490379286431
2025-10-06 08:00:00+00:00,0.3659309337931117,0.16102104718025018,0.13257859815823994,0.04750724930705468,0.19648583167187164,-0.07951829595606237,0.20218112593290952,0.16277015398377587,-0.13888980052946173,0.4703421207768048
2025-10-06 09:00:00+00:00,0.3659309337931117,0.14690591206956305,0.12295355620129246,0.04207715973127877,0.19503977674067263,-0.09336848567713996,0.1955390024843751,0.16539144894110538,-0.13888980052946173,0.4672577260561535
2025-10-06 10:00:00+00:00,0.3670757087097728,0.1395319204597492,0.12295355620129246,0.039171157766342383,0.19506366922140433,-0.09798954227989222,0.19350089817522514,0.16571479405553902,-0.13888980052946173,0.46755530414572183
2025-10-06 11:00:00+00:00,0.3670757087097728,0.13230100305605463,0.12295355620129246,0.039171157766342383,0.19506366922140433,-0.10961827681815178,0.1907669898815067,0.16622130713563002,-0.13888980052946173,0.46809608463921076
2025-10-06 12:00:00+00:00,0.36827388377276166,0.1251926717168988,0.12295355620129246,0.039171157766342383,0.19506366922140433,-0.1143823252625703,0.18805580080237033,0.1651780162743804,-0.14685503474497538,0.4695851340933669
2025-10-06 13:00:00+00:00,0.36827388377276166,0.14469680061024914,0.14533744911356883,0.04839843338570308,0.20728112131272078,-0.10060437003886213,0.1976106002640375,0.16789837264944515,-0.14685503474497538,0.4940361605365848
2025-10-06 14:00:00+00:00,0.36827388377276166,0.164408961761609,0.16768069500445873,0.06721099623185678,0.21873494383592637,-0.08692279374308917,0.20382333030945948,0.17043144162784435,-0.14685503474497538,0.5195919908644709
2025-10-06 15:00:00+00:00,0.36827388377276166,0.1843873159903216,0.19007066382500562,0.08136221934325986,0.22292993853692156,-0.0462642455568835,0.21892829828675064,0.17295582654003958,-0.14685503474497538,0.5400844534353749
2025-10-06 16:00:00+00:00,0.36827388377276166,0.20469329043752954,0.21259324053914752,0.09572941594656381,0.2335007213859101,-0.018887299158303218,0.2266235778532142,0.1754717789216715,-0.14685503474497538,0.550735848699775
2025-10-06 17:00:00+00:00,0.36827388377276166,0.23192317596539963,0.23533453484035258,0.10867158313912278,0.241879414796692,0.007420627697288211,0.23101417300021923,0.1802908575762496,-0.1257028401531341,0.5499819917859278
2025-10-06 18:00:00+00:00,0.3750907036161871,0.26350180424640823,0.2583825538855367,0.11635553597111767,0.23740320948051816,0.044081269244179426,0.23718741640074376,0.1802908575762496,-0.08986123416458537,0.5448488704272535
2025-10-06 19:00:00+00:00,0.37974623249951206,0.28150244922496387,0.3271598207547597,0.12389349669140814,0.2390948800409737,0.07769573295876023,0.23899093388261353,0.185073190172388,-0.08986123416458537,0.5407260957224681
2025-10-06 20:00:00+00:00,0.3790704523859855,0.299656489113012,0.3271598207547597,0.13069014892019723,0.24797492394704773,0.10043833193777592,0.23899093388261353,0.17286320396810342,-0.0551169364541283,0.5400979842096972
2025-10-06 21:00:00+00:00,0.3790704523859855,0.31783233655221177,0.30140051998097045,0.12746143907207083,0.24428688285847444,0.13103883505379196,0.24233972044499152,0.17041645621383356,-0.03741697735696288,0.537138060508381
2025-10-06 22:00:00+00:00,0.3790704523859855,0.32873573187194227,0.2762482963914288,0.1312968669306951,0.25717486735829265,0.15290910658530857,0.2448422810062578,0.17328820185853117,-0.053324033758772885,0.5388578894159315
2025-10-06 23:00:00+00:00,0.36975353709155145,0.35615117270214175,0.2868776959961294,0.1088955776713787,0.2518705352142716,0.20324607428777983,0.22866184640657267,0.14457745246431725,-0.0716078659982479,0.55740904104047
2025-10-07 00:00:00+00:00,0.39078116908027766,0.3775376661267122,0.34392483348698905,0.08690092974002796,0.22881279037540744,0.2885126881861702,0.236814150636337,0.15317189648290355,-0.03439468364501104,0.6043883555102565
2025-10-07 01:00:00+00:00,0.39078116908027766,0.3996645745154136,0.40183520516743176,0.09766843219312753,0.2568750746199304,0.31802169777062866,0.25323001937257483,0.14457745246431725,0.0037689185752061167,0.6392873749756577
2025-10-07 02:00:00+00:00,0.39078116908027766,0.38305248463228014,0.3276210829420092,0.08504827342341588,0.2568750746199304,0.2840081177750803,0.23082288931601314,0.12663025520563204,0.0037689185752061167,0.6130508072574253
2025-10-07 03:00:00+00:00,0.39078116908027766,0.3660673571624329,0.1927904084568286,0.07220335760752786,0.2374070082532667,0.21079818778766318,0.21519685256598475,0.1357495006743658,0.05484557662312571,0.5764792977915774
2025-10-07 04:00:00+00:00,0.39078116908027766,0.3588835027772544,0.1471397642710638,0.07220335760752786,0.2324303165698266,0.16978959527537155,0.20392399571642045,0.1357495006743658,0.05484557662312571,0.5653237777374143
2025-10-07 05:00:00+00:00,0.38237018537802636,0.35160988863788856,0.10056729103062202,0.07933116744374133,0.2052502487769821,0.12873259454225358,0.19550513568538996,0.14095198499982617,0.02638243002644282,0.5524613983192819
2025-10-07 06:00:00+00:00,0.38237018537802636,0.3216152773458828,0.05273793233485306,0.07933116744374133,0.1836077910137443,0.10908054242494217,0.18426741336119956,0.14095198499982617,-0.031901672724181124,0.5317904449477752
2025-10-07 07:00:00+00:00,0.38237018537802636,0.2771364178591056,0.05273793233485306,0.08756983483038484,0.1836077910137443,0.08901623177721617,0.1660608148278876,0.15375518412199152,-0.031901672724181124,0.4839275530456552
2025-10-07 08:00:00+00:00,0.39592324768523307,0.26260368862511974,0.05273793233485306,0.08756983483038484,0.16972798208313034,0.024471253305452398,0.14829744316766058,0.14095198499982617,-0.05993349865335827,0.4413430189556095
2025-10-07 09:00:00+00:00,0.39592324768523307,0.25874576683403344,0.05273793233485306,0.08972443082635333,0.16358655622444637,0.0055528997110703025,0.1436974862398528,0.13923720917938812,-0.0674625897174234,0.4326218143823327
2025-10-07 10:00:00+00:00,0.39592324768523307,0.2530595879725946,0.04237226013424118,0.08604089532083904,0.16087045547046827,-0.004219709794375934,0.1392431895918023,0.1370298797375443,-0.07531392552239154,0.4307312957472324
2025-10-07 11:00:00+00:00,0.39592324768523307,0.24750560694329565,0.03167084573425616,0.0823903831361287,0.15894905911813179,-0.0142795957693928,0.1356941609957086,0.1348270061194814,-0.08353294833625913,0.42751760002534034
2025-10-07 12:00:00+00:00,0.3955211142625507,0.24522952058853828,0.035060052926123374,0.08144225068476171,0.15568021255269432,-0.021964816728658895,0.13397113400985203,0.1349159463393125,-0.09268419078073228,0.4263444131097022
2025-10-07 13:00:00+00:00,0.3989756576239144,0.2569226940021875,0.05779997549211929,0.08434940549542579,0.15644176539577237,-0.003903475382561346,0.13970750855846623,0.12949707891755666,-0.0919537594928925,0.44006368523975264
2025-10-07 14:00:00+00:00,0.40261958640346285,0.2693768721910502,0.050251890763836286,0.08741352180189811,0.1657263774169247,0.01600596859301062,0.1457670712692377,0.12092596061580918,-0.11063362239099957,0.44560517884369655
2025-10-07 15:00:00+00:00,0.4064690709056476,0.2826689968080148,0.0422302993622258,0.09064779285950646,0.17559378054888808,0.03809068413222932,0.1488133105862359,0.11473980635106171,-0.11029348519883785,0.45146089014944635
2025-10-07 16:00:00+00:00,0.41054219458298497,0.2968867661779025,0.03368920210015652,0.09899866347886326,0.1769567558186758,0.06276668918627243,0.14564515137907535,0.1081702083868964,-0.10993650126013935,0.46725462032389153
2025-10-07 17:00:00+00:00,0.4148592483306187,0.3121305875027058,0.024576442175171232,0.08887269292713003,0.17039636333065722,0.09057335046966679,0.14229136852451957,0.09797616934969816,-0.109561385937721,0.46179066234814403
2025-10-07 18:00:00+00:00,0.41174080202595004,0.34298595261278864,0.014832639141865514,0.07351263239342386,0.1432892236026026,0.14886683617673102,0.12184286047253375,0.08375618731938878,-0.1315556917214265,0.4533824539245162
2025-10-07 19:00:00+00:00,0.4008911539599047,0.3490547475346517,0.004389893456166294,0.05673406517566799,0.10728260559319303,0.1439157490092975,0.09597970455883283,0.06828105066482446,-0.15582575955591227,0.4442155646900773
2025-10-07 20:00:00+00:00,0.3895091941726502,0.3458452843716652,-0.006829798119628099,0.038325143656475935,0.08971363645509582,0.12251406702306511,0.07244817806356656,0.047653787081175944,-0.18276220030506535,0.4341782220451055
2025-10-07 21:00:00+00:00,0.3770877753668433,0.33113653794616726,-0.018916494490864428,0.012339218171688175,0.06490213971303609,0.11606747016910342,0.045723931413397756,0.028777053328998787,-0.2128548939469859,0.42313452473305735
2025-10-07 22:00:00+00:00,0.3620340605083321,0.3146412450006158,-0.03197473291667046,0.0016711243589990702,0.07488055206204404,0.10915620233672343,0.03703056675336451,0.021182029179984314,-0.2155480921661537,0.4109172239262777
2025-10-07 23:00:00+00:00,0.3480606385255587,0.33180009062719357,0.029576198048943684,0.046395234526251286,0.09924563773073015,0.1438686406509149,0.08987067038365282,0.0647198150208924,-0.173630617327923,0.428850303599116
2025-10-08 00:00:00+00:00,,,,,,,,,,
2025-10-08 01:00:00+00:00,,,,,,,,,,
2025-10-08 02:00:00+00:00,,,,,,,,,,
2025-10-08 03:00:00+00:00,,,,,,,,,,
2025-10-08 04:00:00+00:00,,,,,,,,,,
2025-10-08 05:00:00+00:00,,,,,,,,,,
2025-10-08 06:00:00+00:00,,,,,,,,,,
2025-10-08 07:00:00+00:00,,,,,,,,,,
2025-10-08 08:00:00+00:00,,,,,,,,,,
2025-10-08 09:00:00+00:00,,,,,,,,,,
2025-10-08 10:00:00+00:00,,,,,,,,,,
2025-10-08 11:00:00+00:00,,,,,,,,,,
2025-10-08 12:00:00+00:00,,,,,,,,,,
2025-10-08 13:00:00+00:00,,,,,,,,,,
2025-10-08 14:00:00+00:00,,,,,,,,,,
2025-10-08 15:00:00+00:00,,,,,,,,,,
2025-10-08 16:00:00+00:00,,,,,,,,,,
2025-10-08 17:00:00+00:00,,,,,,,,,,
2025-10-08 18:00:00+00:00,,,,,,,,,,
2025-10-08 19:00:00+00:00,,,,,,,,,,
2025-10-08 20:00:00+00:00,,,,,,,,,,
2025-10-08 21:00:00+00:00,,,,,,,,,,
2025-10-08 22:00:00+00:00,,,,,,,,,,
2025-10-08 23:00:00+00:00,,,,,,,,,,
2025-10-09 00:00:00+00:00,,,,,,,,,,
2025-10-09 01:00:00+00:00,,,,,,,,,,
2025-10-09 02:00:00+00:00,,,,,,,,,,
2025-10-09 03:00:00+00:00,,,,,,,,,,
2025-10-09 04:00:00+00:00,,,,,,,,,,
2025-10-09 05:00:00+00:00,,,,,,,,,,
2025-10-09 06:00:00+00:00,,,,,,,,,,
2025-10-09 07:00:00+00:00,,,,,,,,,,
2025-10-09 08:00:00+00:00,,,,,,,,,,
2025-10-09 09:00:00+00:00,,,,,,,,,,
2025-10-09 10:00:00+00:00,,,,,,,,,,
2025-10-09 11:00:00+00:00,,,,,,,,,,
2025-10-09 12:00:00+00:00,,,,,,,,,,
2025-10-09 13:00:00+00:00,0.30709789170095775,0.26923678010201924,0.21541010921407094,0.00824782592133463,0.21161947784528007,0.02604661305376253,0.0812713303301633,0.02092618126142957,0.07638708385271395,0.26922034461248723
2025-10-09 14:00:00+00:00,0.3088517976455312,0.26921902932429004,0.2180336602010712,0.014000889729157796,0.21427923942969593,0.03680866382612433,0.08450275742858182,0.02573044992317843,0.0838181095798108,0.2711252368744003
2025-10-09 15:00:00+00:00,0.3105011512588543,0.26920232382528103,0.2204891343155852,0.017532048318040342,0.21636046465236555,0.04592514741696935,0.08752857973992562,0.029026356944996484,0.08789548462366972,0.27292333449699446
2025-10-09 16:00:00+00:00,0.31862926395614427,0.2672182936773796,0.23865702671846523,0.038736911302337244,0.23083376428778168,0.12761262740665869,0.10001470584967516,0.042029298215527894,0.07989589690266038,0.2882689511802618
2025-10-09 17:00:00+00:00,0.33525929978245894,0.27469715506333253,0.22153597459432364,0.05804289027237733,0.2583158493260711,0.1733025908967501,0.11154921443941232,0.058797421437922284,0.11770137418140597,0.3022549879235436
2025-10-09 18:00:00+00:00,0.35029479859093604,0.2981063429877414,0.20569605455958673,0.06919955948081466,0.2797685747625701,0.20928050304031054,0.12694988042982908,0.07421175104621135,0.14980719233148007,0.31505467134883297
2025-10-09 19:00:00+00:00,0.3681746068572214,0.3203389567790023,0.22203653687511962,0.08576673542069582,0.29884571756579537,0.23887440220278922,0.14112810358264383,0.09253862811020619,0.161992391761848,0.326812967591087
2025-10-09 20:00:00+00:00,0.38456801035373644,0.33989261536421184,0.2369753486596636,0.10651080327731216,0.319022335963578,0.2639199151325896,0.14998595327825656,0.11299984861710693,0.17328918099525048,0.3443598327363001
2025-10-09 21:00:00+00:00,0.3368067617000135,0.2894383154554129,0.24354592907852057,0.08889745353439538,0.2878412006362632,0.22282271687150054,0.13780177180055203,0.0989412907816689,0.16246347964876856,0.31260470158266107
2025-10-09 22:00:00+00:00,0.3470765950083643,0.3020033678049778,0.2574418979150602,0.09683272062738107,0.30699283326071114,0.24055396727066686,0.13193721558905183,0.09405397985717139,0.17293112401926392,0.32619970658705927
2025-10-09 23:00:00+00:00,0.3491878044954002,0.2963748699401625,0.24266180214229308,0.06681933961501071,0.2997365970598896,0.2566687375905982,0.09487604267794106,0.06742830301645897,0.18270031600467224,0.3294983017028853
2025-10-10 00:00:00+00:00,0.3413060136371818,0.26553260667596823,0.2288346876926036,0.03402470204149122,0.2770647557477574,0.27138495248059585,0.06238513160258687,0.04332822477941564,0.17320564290836574,0.3191001295700163
2025-10-10 01:00:00+00:00,0.32432341953591876,0.21501576639938708,0.20322723472461435,-0.01951098225324849,0.23778614704018938,0.29791313521896445,0.009477459765835819,0.002495658039056944,0.15509703391648313,0.29821083776747925
2025-10-10 02:00:00+00:00,0.327460519997398,0.21495594834666565,0.20871856085413998,0.043549767942286856,0.2259809905255016,0.33847501666951096,0.07531748386697108,0.05863650408841142,0.11473081539346654,0.3173825996216736
2025-10-10 03:00:00+00:00,0.3543879040467012,0.262382189825016,0.20871856085413998,0.029286249023598075,0.2576054249309618,0.3082314898079332,0.07531748386697108,0.05863650408841142,0.21573523958904514,0.33477595120019105
2025-10-10 04:00:00+00:00,0.37202271142805343,0.2807129978077962,0.20871856085413998,0.019912449226923867,0.2510523087822773,0.24911873233701956,0.07531748386697108,0.05228706246898928,0.21573523958904514,0.3458664481414427
2025-10-10 05:00:00+00:00,0.33541196867070716,0.29868198706040483,0.20871856085413998,-0.019055468281600377,0.22387560302541074,0.2123161751040082,0.06836088262793967,0.011856177569955738,0.15144467631937583,0.30802885928496954
2025-10-10 06:00:00+00:00,0.29629285617194456,0.2884468711403807,0.20871856085413998,-0.05815874322140671,0.20105189634120998,0.15443829859362754,0.053545123652044405,-0.0018142666269483623,0.1166242213108526,0.2275277763458778
2025-10-10 07:00:00+00:00,0.24843176826865168,0.2742827898968492,0.1663208123922227,-0.07923923929019988,0.16707940901448876,0.11007347036834517,0.043470068025326214,-0.010396607475253335,0.13787936922956298,0.15748511364249626
2025-10-10 08:00:00+00:00,0.20646253928831754,0.2609176342147098,0.1270139841370208,-0.09923198142732143,0.13443716530473965,0.07608156706889732,0.02989066602784679,-0.01895914259958943,0.12476813187236517,0.10400979555674393
2025-10-10 09:00:00+00:00,0.18815012987131916,0.2560453713117669,0.10596104860496222,-0.10292232176882071,0.11221456654567404,0.060436140019172094,0.02989066602784679,-0.01895914259958943,0.10953795062234513,0.06338028168987157
2025-10-10 10:00:00+00:00,0.1737042606514407,0.260148908848851,0.10596104860496222,-0.09876498191323817,0.10444458474114363,0.03701291762104241,0.02989066602784679,-0.015992990419896914,0.08200023014090799,0.029727660102918864
2025-10-10 11:00:00+00:00,0.158962790636006,0.260148908848851,0.08523286029712787,-0.10292232176882071,0.09351388771162292,0.020428380434534415,0.02989066602784679,-0.015992990419896914,0.06670588091464943,-0.007929518496408234
2025-10-10 12:00:00+00:00,0.16571853580591583,0.260148908848851,0.08523286029712787,-0.10210478971964898,0.09861421243740412,0.022160403717130572,0.029291307243364064,-0.016621593182400626,0.07505866250409987,-0.002711271901848597
2025-10-10 13:00:00+00:00,0.1683142117013713,0.260148908848851,0.08903162103816471,-0.09978279428714011,0.10457609509381355,0.02540253846364087,0.02869131947905645,-0.017274318406252605,0.07505866250409987,0.0013459242770609819
2025-10-10 14:00:00+00:00,0.17097870522571718,0.26086226161541287,0.08903162103816471,-0.09875569899850006,0.1072650839962511,0.0306804711865746,0.02812974955518122,-0.017954083334623294,0.07572802742530912,0.0053517847947745535
2025-10-10 15:00:00+00:00,0.18567482866016494,0.26488338078874774,0.105286918810493,-0.09302178571258453,0.1286956009464257,0.04066423832261326,0.018835089561607413,-0.031078314297821614,0.08932971399906767,0.019615665601171093
2025-10-10 16:00:00+00:00,0.20003165622675245,0.2713499218637518,0.07642782529909246,-0.08080332683318862,0.1424966115710918,0.06624409382871613,0.018835089561607413,-0.026673738371248912,0.10793025368498105,0.04811239353070505
2025-10-10 17:00:00+00:00,0.21209696928258673,0.2770154526461392,0.04752360307967051,-0.0746700031385684,0.1693123730633938,0.10474533729518934,0.018835089561607413,-0.031116589080415563,0.12567150976764727,0.07515845985780858
2025-10-10 18:00:00+00:00,0.23987473482866922,0.2842417856509268,0.04752360307967051,-0.0746700031385684,0.16181162339194124,0.11781900321785496,0.014306337739661659,-0.0356038305427812,0.14267533808126143,0.09215810424564097
2025-10-10 19:00:00+00:00,0.25874720294051234,0.2913596784997205,0.0184720052531927,-0.0746700031385684,0.16181162339194124,0.14286168417780093,0.014306337739661659,-0.026771954371062216,0.16325544952895546,0.09215810424564097
2025-10-10 20:00:00+00:00,0.26254366880572605,0.2937250445260264,0.0184720052531927,-0.0746700031385684,0.1546443037110515,0.1679640927902445,0.0004955351295206809,-0.03569276614480965,0.19977584038348137,0.1001887264233507
2025-10-10 21:00:00+00:00,0.26819500159701115,0.2937250445260264,-0.010832976052652684,-0.0746700031385684,0.18543679116891673,0.18151607082108634,-0.013941918132459317,-0.04018733311724148,0.19977584038348137,0.10806641070776148
2025-10-10 22:00:00+00:00,0.2761974969022015,0.2937250445260264,-0.040503159579401406,-0.06874189279793116,0.19385012289525794,0.19525864404236554,-0.01876151722359846,-0.04018733311724148,0.24830755224479517,0.12403487734935871
2025-10-10 23:00:00+00:00,0.28837238952306893,0.2937250445260264,-0.040503159579401406,-0.05812341226114797,0.2114294162642517,0.21152012737181466,-0.01876151722359846,-0.03610138860950444,0.24830755224479517,0.14399509454502465
2025-10-11 00:00:00+00:00,0.30305878792770596,0.30230242135065927,-0.040503159579401406,-0.05812341226114797,0.21711868776014678,0.21152012737181466,-0.023369160570800983,-0.03199612422759885,0.22055774566891273,0.1769251864790504
2025-10-11 01:00:00+00:00,0.32749701867541536,0.31641699694527103,-0.040503159579401406,-0.04772320541119288,0.2911901795015676,0.29930671893712146,-0.014704972958939789,-0.03199612422759885,0.3052317589755082,0.23716522071071286
2025-10-11 02:00:00+00:00,0.33127485687218494,0.32368867848521254,-0.1193951389996585,-0.05511915282177684,0.28794024526386325,0.38722014947699734,-0.035504500992191705,-0.043959288129550404,0.3915729865689902,0.2886620436423375
2025-10-11 03:00:00+00:00,0.3100589437398262,0.2994507776220537,-0.1939144662255424,-0.08510884744606878,0.29622741742176645,0.3619836271884871,-0.04710951899897297,-0.043959288129550404,0.3558483114734462,0.2293462728644471
2025-10-11 04:00:00+00:00,0.29771350002222946,0.2920846227843002,-0.1939144662255424,-0.10575795273800241,0.2822181209898493,0.3290240208900821,-0.05491776333494348,-0.043959288129550404,0.3054267063847245,0.19199644744520303
2025-10-11 05:00:00+00:00,0.2850990845007412,0.28462669473857577,-0.14250387558027,-0.10575795273800241,0.26174150010776775,0.29434721487894133,-0.0625772891973059,-0.057953540774733386,0.2732303923601035,0.15098556551652667
2025-10-11 06:00:00+00:00,0.2696882842695511,0.27622542723556376,-0.14250387558027,-0.11474924498905426,0.22060754820624004,0.273749109475142,-0.0625772891973059,-0.057953540774733386,0.19890293878889473,0.13368886049735162
2025-10-11 07:00:00+00:00,0.2696882842695511,0.26529645007782193,-0.14250387558027,-0.12335829351167728,0.21286331540366812,0.25271824871509907,-0.06963793036710648,-0.05136935341894418,0.15949795052834295,0.09598832852871883
2025-10-11 08:00:00+00:00,0.2795414960457375,0.26569463927899506,-0.12935331984139345,-0.11827453183663653,0.19613929619596013,0.2297303751328655,-0.05617942105040957,-0.0394548817186935,0.16333273014785069,0.07929753969525596
2025-10-11 09:00:00+00:00,0.2795414960457375,0.2602258688326851,-0.12935331984139345,-0.114321188658525,0.18647283864526068,0.21717332514642534,-0.05617942105040957,-0.0394548817186935,0.12959682635105696,0.07085066069473799
2025-10-11 10:00:00+00:00,0.2795414960457375,0.2555678278133623,-0.12935331984139345,-0.10978027254276404,0.18647283864526068,0.20425259624726755,-0.049309064125068455,-0.04273817353979986,0.11504356454760804,0.070850660694738
2025-10-11 11:00:00+00:00,0.2734250368710983,0.2555678278133623,-0.11025160167441064,-0.114321188658525,0.18647283864526068,0.19513677090608425,-0.049309064125068455,-0.03940130939553476,0.11504356454760804,0.070850660694738
2025-10-11 12:00:00+00:00,0.277208198057722,0.2555678278133623,-0.11025160167441064,-0.114321188658525,0.18647283864526068,0.2046219659418963,-0.049309064125068455,-0.03940130939553476,0.11574007175455672,0.0691298122789656
2025-10-11 13:00:00+00:00,0.2734250368710983,0.2582698173713761,-0.11025160167441064,-0.11313216088715085,0.18647283864526068,0.20698064084695067,-0.049309064125068455,-0.040649933321499666,0.11653311212755382,0.0691298122789656
2025-10-11 14:00:00+00:00,0.2734250368710983,0.25926130914278517,-0.11025160167441064,-0.11313216088715085,0.18633210748105747,0.20698064084695067,-0.05076024534358095,-0.04202934258649649,0.11574007175455672,0.0691298122789656
2025-10-11 15:00:00+00:00,0.2734250368710983,0.26050643087988745,-0.11479115779112457,-0.11195974625499318,0.18754242047485223,0.20698064084695067,-0.05076024534358095,-0.04269878654301035,0.11653311212755382,0.0691298122789656
2025-10-11 16:00:00+00:00,0.2734250368710983,0.27302981624219885,-0.11479115779112457,-0.10543593450415094,0.1966671917304123,0.18444105225743476,-0.05076024534358095,-0.04719350127544534,0.16044819177603123,0.07968574531738713
2025-10-11 17:00:00+00:00,0.2734250368710983,0.2880190744978758,-0.08662625845842879,-0.0990008043254582,0.19296037882545253,0.1694183056087949,-0.0458302911183777,-0.05178794191284921,0.16044819177603123,0.09977495182485893
2025-10-11 18:00:00+00:00,0.28185284290875673,0.2912812927857698,-0.05906321396540779,-0.09287679623921641,0.19296037882545253,0.15362979568405719,-0.0458302911183777,-0.05178794191284921,0.16044819177603123,0.11936470693213408
2025-10-11 19:00:00+00:00,0.2908990578017209,0.2912812927857698,-0.05906321396540779,-0.08659113907826184,0.1966671917304123,0.13691815122830417,-0.04088699618735662,-0.06119075637457975,0.1921653429519504,0.13852306461524772
2025-10-11 20:00:00+00:00,0.2953955308465301,0.28886681459317964,-0.05906321396540779,-0.08659113907826184,0.1933040434583765,0.11907554028679047,-0.016993980846146495,-0.0710106933900039,0.22157703286091407,0.13852306461524772
2025-10-11 21:00:00+00:00,0.3407673637856198,0.34339483180049307,-0.04930906819622712,-0.057404010686187314,0.2273690384810337,0.17272559843246482,0.026500960291855717,-0.03492364080944915,0.24254694848943148,0.17087178286889076
2025-10-11 22:00:00+00:00,0.35246774161190586,0.34921859923903703,-0.04930906819622712,-0.045946929782786174,0.22444315275933271,0.14929894943130662,0.03886605407910756,-0.03059568270429779,0.25849704468355267,0.17901302370425679
2025-10-11 23:00:00+00:00,0.35246774161190586,0.3611915960774412,-0.023547938022909116,-0.030333552256670438,0.23570974507421316,0.12565262418413037,0.05245367271229011,-0.02224273559693341,0.27436331678531684,0.18992917314098917
2025-10-12 00:00:00+00:00,0.35246774161190586,0.3946999015278438,-0.023547938022909116,-0.013975858033892242,0.2430035121050411,0.10170620197493623,0.06196670292831209,-0.02638684531824356,0.29751837511169776,0.2042493521977625
2025-10-12 01:00:00+00:00,0.33075447359011007,0.4406828401397655,0.024870238838751803,0.02016595197836927,0.2780592243569098,0.10170620197493623,0.07978918919552379,-0.02638684531824356,0.33848668653458414,0.2042493521977625
2025-10-12 02:00:00+00:00,0.29257207280107966,0.45753561788440084,0.09071372730760918,0.03758542037621567,0.2739775581632455,0.1389067535605211,0.0557590892422974,-0.035414412348562664,0.3537769159994056,0.17160347511515733
2025-10-12 03:00:00+00:00,0.32841974936439666,0.4180935107372261,0.021654676149064796,-0.04609319586291034,0.2638258528056454,0.1389067535605211,0.04471107254541875,-0.035414412348562664,0.27735009811268413,0.17160347511515733
2025-10-12 04:00:00+00:00,0.3391578893789266,0.3954549229431971,-0.023609608232500853,-0.09404614827222457,0.25701799340096987,0.18329960766307915,0.03746146327822472,-0.0512180403972256,0.21299035545949146,0.17160347511515733
2025-10-12 05:00:00+00:00,0.3497392743174492,0.37203739488723836,-0.06890124229285258,-0.1060432419680599,0.23150185922602584,0.1389067535605211,0.014754258769190101,-0.02055509042017984,0.1768007187656102,0.1848422103153574
2025-10-12 06:00:00+00:00,0.3497392743174492,0.36105044062216957,-0.11437817790954953,-0.11686276457636892,0.19310334724835057,0.1389067535605211,0.0070239986867609815,-0.012992520626232454,0.14099289842788995,0.2437424366358409
2025-10-12 07:00:00+00:00,0.3497392743174492,0.3348141653757172,-0.11437817790954953,-0.11686276457636892,0.16362846673208947,0.1389067535605211,-0.0006662278410302704,-0.020522741405374294,0.07267245611855619,0.2626976789716954
2025-10-12 08:00:00+00:00,0.35896144706575694,0.3149167690003831,-0.10504701906393168,-0.09914114273932684,0.17796295000841128,0.15644280327879376,0.011660606132635082,-0.0065491893062193975,0.046834028854259455,0.26335192799754414
2025-10-12 09:00:00+00:00,0.35896144706575694,0.301722647215184,-0.10504701906393168,-0.09914114273932684,0.17796295000841128,0.13413753322318692,0.00782674682067043,-0.0065491893062193975,0.02881021676201139,0.26335192799754414
2025-10-12 10:00:00+00:00,0.35179688951882715,0.2873513612257572,-0.12792952484340903,-0.11119606027900522,0.180477192361782,0.13413753322318692,0.004030006295879667,-0.014082896497320665,0.02881021676201139,0.2546069535568226
2025-10-12 11:00:00+00:00,0.35179688951882715,0.2765894105701293,-0.12792952484340903,-0.11119606027900522,0.18332129540492167,0.13413753322318692,-0.0035154475660418905,-0.02540324287173663,0.02881021676201139,0.2546069535568226
2025-10-12 12:00:00+00:00,0.35224998459371964,0.2788087891781048,-0.12694519832191425,-0.11119606027900522,0.18060294396602633,0.13452156694919445,-0.0030044503834056754,-0.02540324287173663,0.02881021676201139,0.2545542765331908
2025-10-12 13:00:00+00:00,0.3527438528821305,0.2811548713071596,-0.12694519832191425,-0.11193162805949265,0.1791855241772248,0.13452156694919445,-0.0024967684639583595,-0.025037086528443723,0.02881021676201139,0.25274114025994154
2025-10-12 14:00:00+00:00,0.35327868009394553,0.28179319141730486,-0.12694519832191425,-0.11193162805949265,0.17674732763909673,0.13452156694919445,-0.0024967684639583595,-0.025037086528443723,0.02881021676201139,0.2510182487739524
2025-10-12 15:00:00+00:00,0.3538546947746465,0.28179319141730486,-0.12694519832191425,-0.11294929325280088,0.1745118360041253,0.13452156694919445,-0.00275234292555569,-0.025363507596073802,0.026682858769636893,0.2510182487739524
2025-10-12 16:00:00+00:00,0.3620544611586668,0.2889973625828515,-0.10179553770996941,-0.11294929325280088,0.16525184383177507,0.15708679678712315,-0.00275234292555569,-0.029770095099913296,0.026682858769636893,0.2577630934809345
2025-10-12 17:00:00+00:00,0.3538546947746465,0.2889973625828515,-0.07646976480062137,-0.11294929325280088,0.16137799480102172,0.15708679678712315,-0.007032268935487042,-0.03421964109307466,0.026682858769636893,0.2577630934809345
2025-10-12 18:00:00+00:00,0.3433643533183539,0.2743631113950052,-0.04811601702405568,-0.10562941381208693,0.16137799480102172,0.1932446450710755,-0.007032268935487042,-0.03421964109307466,0.026682858769636893,0.2577630934809345
2025-10-12 19:00:00+00:00,0.33046579320393976,0.26562138985423467,0.0014093946241334795,-0.10562941381208693,0.16137799480102172,0.1932446450710755,-0.011344988987898376,-0.03421964109307466,0.04638885613752094,0.2577630934809345
2025-10-12 20:00:00+00:00,0.32822591410387064,0.25918402496333526,0.02442303060436868,-0.11294929325280088,0.1649471265618748,0.20629239099520458,-0.0156914992228057,-0.029770095099913296,0.04638885613752094,0.2577630934809345
2025-10-12 21:00:00+00:00,0.32827114334589463,0.2553150270947669,0.0479704320713335,-0.10562941381208693,0.1574766769167684,0.23897363441017255,-0.0156914992228057,-0.025363507596073802,0.06612708477692622,0.26269731171070043
2025-10-12 22:00:00+00:00,0.32827114334589463,0.2553150270947669,0.07207887441282274,-0.11818593811738896,0.1225368078052814,0.2703089605793405,-0.011398986265850144,-0.02112986528595297,0.02435659561420391,0.26269731171070043
2025-10-12 23:00:00+00:00,0.32827114334589463,0.2553150270947669,0.09685170048579646,-0.12289563448684572,0.11181063561894915,0.3215922298475048,-0.015568410649982803,-0.02516759072905796,0.043574742823454936,0.28133034601401574
2025-10-13 00:00:00+00:00,0.32827114334589463,0.26701348960056137,0.15724311233814636,-0.1190523758378887,0.10666015910305372,0.43818948577460515,-0.007168024990604349,-0.02112986528595297,0.08896398721760988,0.28133034601401574
2025-10-13 01:00:00+00:00,0.32827114334589463,0.26701348960056137,0.21160641687279588,-0.12938383806345305,0.07025817323666048,0.43818948577460515,0.009893459821116142,-0.012953229237528502,0.047565096067613596,0.28133034601401574
2025-10-13 02:00:00+00:00,0.34953576553119114,0.32184745827204425,0.41605844687729887,-0.10471382599522874,0.07272194998637485,0.5149774455570927,0.055188503643648815,0.018948768197095005,0.05881728588570497,0.3003003599404092
2025-10-13 03:00:00+00:00,0.34953576553119114,0.32184745827204425,0.41605844687729887,-0.08506552235416273,0.04919685793394352,0.4754355487756003,0.030325269590504668,-0.018363718294783206,0.05881728588570497,0.3003003599404092
2025-10-13 04:00:00+00:00,0.3525754951625309,0.32433240659933277,0.3596466511295286,-0.044084291377723746,0.06729334173111476,0.4148524220168956,0.03197110378024014,-0.027058310735976438,0.1169826878432341,0.28111016188702737
2025-10-13 05:00:00+00:00,0.3388260870880837,0.31551986838940016,0.29793977179780773,-0.010350843829775233,0.09023276092281858,0.37381111559407854,0.040051338251530295,-0.035411039859779676,0.1466360235945611,0.2667988443845494
2025-10-13 06:00:00+00:00,0.32272681196438796,0.32433240659933277,0.24574710550480225,0.05324494328002302,0.1454472919036274,0.27443803072993694,0.07315874380238509,-0.035411039859779676,0.17991292244582408,0.2667988443845494
2025-10-13 07:00:00+00:00,0.30668282545600334,0.35054470121916526,0.24574710550480225,0.10640784709119372,0.16836964264965099,0.18155032315193567,0.0818071565116669,-0.04343769911294995,0.24008079761959508,0.2667988443845494
2025-10-13 08:00:00+00:00,0.30668282545600334,0.35054470121916526,0.24574710550480225,0.12772125092626707,0.18531166697674503,0.1381015282239381,0.09031642639520276,-0.03975817518789197,0.24910125651828655,0.2667988443845494
2025-10-13 09:00:00+00:00,0.30668282545600334,0.35054470121916526,0.24574710550480225,0.14601705458664008,0.19869965295482594,0.09662328940601127,0.09031642639520276,-0.03597815807582129,0.2734774968429828,0.25729599405554304
2025-10-13 10:00:00+00:00,0.3011829170118029,0.35054470121916526,0.22720958136849626,0.16268290602801644,0.20664857108786644,0.0565024949322426,0.09031642639520276,-0.023967049702694854,0.28204509741042033,0.23929932269728826
2025-10-13 11:00:00+00:00,0.3011829170118029,0.35054470121916526,0.22720958136849626,0.18067681046365694,0.21490085405872775,0.017216241108762947,0.09417747748397294,-0.027937109388146763,0.28204509741042033,0.21634265869866626
2025-10-13 12:00:00+00:00,0.3011829170118029,0.35341108748768274,0.209563482608351,0.17304522268780867,0.21049222420341107,0.019025816723397204,0.09361985618041066,-0.027497372119473656,0.28161105491160476,0.2191366303194636
2025-10-13 13:00:00+00:00,0.30420877841566946,0.35341108748768274,0.209563482608351,0.16619659986476729,0.2076312092335556,0.020781534251326027,0.09306712958873709,-0.027009513021356738,0.28161105491160476,0.21963625342011103
2025-10-13 14:00:00+00:00,0.30420877841566946,0.35341108748768274,0.19505409520575903,0.16002271920407754,0.20654730614889477,0.02515472993450428,0.09251920544868673,-0.027009513021356738,0.28161105491160476,0.2184140010990995
2025-10-13 15:00:00+00:00,0.2979307676199961,0.34594351248945193,0.20978403361118605,0.12020773343882316,0.1828202000488875,0.02648197610088193,0.08674078465177186,-0.026164822451512654,0.27493856260499855,0.22077660694879345
2025-10-13 16:00:00+00:00,0.2979307676199961,0.3377208547688759,0.20978403361118605,0.06850166862560474,0.15830294091252017,0.04853276733696402,0.07754207729330068,-0.030867913024316428,0.25901140736772815,0.22850164274193735
2025-10-13 17:00:00+00:00,0.28870982403753204,0.31854156279975954,0.23356386166678564,0.02427072280954341,0.13025101752759516,0.06987649509087375,0.06854269136659652,-0.035650587600410316,0.2430444860731953,0.22850164274193735
2025-10-13 18:00:00+00:00,0.27231665827191903,0.30450181832980444,0.23356386166678564,-0.009671026379650585,0.10162522234468666,0.10680780406276091,0.05940876549282601,-0.05020378320025906,0.2270122082315485,0.22850164274193735
2025-10-13 19:00:00+00:00,0.2466781118302216,0.29017161618067616,0.2559863477589212,-0.04863990202724141,0.07309564193830022,0.1401424314232059,0.05033229083952075,-0.055126927326244246,0.20007851308607225,0.2346599337930543
2025-10-13 20:00:00+00:00,0.22777613259367704,0.28238674362274285,0.2773878153484615,-0.08830847637837157,0.03821334257776529,0.17088901721840766,0.027070269613254892,-0.06521250882420196,0.1714785649064643,0.24074069487493124
2025-10-13 21:00:00+00:00,0.20803188200534656,0.2795044294039188,0.2773878153484615,-0.1247641032533539,0.0011095412848083194,0.19971864476212475,-0.004237831443102371,-0.08601511244795454,0.15903137272066958,0.24674909100908726
2025-10-13 22:00:00+00:00,0.18090056142831912,0.2717483777346833,0.2773878153484615,-0.17421896378354057,-0.03889395200894393,0.23928397062007514,-0.02640829691833867,-0.10010073119084856,0.1406280449699672,0.24674909100908726
2025-10-13 23:00:00+00:00,0.16693429808175309,0.23821494704471424,0.23368249513486816,-0.1942252993258563,-0.058745248214641235,0.2635162198231229,-0.036661727849734725,-0.11150592822647298,0.0989681949149447,0.2557920829962143
2025-10-14 00:00:00+00:00,0.15133163065426927,0.20169740226141988,0.23368249513486816,-0.20898438611080997,-0.0760629260524855,0.289262382247298,-0.04628986012088625,-0.11150592822647298,0.0770830648813411,0.2793472653683454
2025-10-14 01:00:00+00:00,0.15133163065426927,0.1612384933867484,0.23368249513486816,-0.24715536639293123,-0.11938771591849691,0.289262382247298,-0.05581505219130332,-0.11929967504219516,0.037874831921820694,0.3254919344235239
2025-10-14 02:00:00+00:00,0.15133163065426927,0.12322712653767826,0.23368249513486816,-0.3012731353454092,-0.1680632709249898,0.289262382247298,-0.05581505219130332,-0.13469223445224027,0.0,0.3762509556309994
2025-10-14 03:00:00+00:00,0.09044479032494154,0.166093080331321,0.30661504579621085,-0.17603102748408433,-0.1290052423717223,0.24436307122849785,-0.041309619238696374,-0.12113297092363431,0.051391793800213366,0.34035181157039013
2025-10-14 04:00:00+00:00,0.11328031380901254,0.20951959540556128,0.29875780106510846,-0.08923481325698805,-0.09054678327229368,0.2179471596195527,0.006631417213402812,-0.06772035621069561,0.1750545570329782,0.3326889482025171
2025-10-14 05:00:00+00:00,0.09338042197739126,0.23278551800075006,0.3387206925396456,-0.029871414393677142,-0.029930746410794407,0.1828739963797603,0.048351956749623885,-0.044218167635160274,0.26080702683755436,0.3005604497824652
2025-10-14 06:00:00+00:00,0.09338042197739126,0.26837710551511584,0.3387206925396456,0.050560784548022555,0.06316414960905153,0.1481270324054066,0.11341108881384988,-0.02204977971710551,0.32444425088950196,0.2655246105605467
2025-10-14 07:00:00+00:00,0.13799561302503885,0.3124849381878938,0.3387206925396456,0.13942387357826466,0.17379118490804527,0.1481270324054066,0.14017794697716185,0.008052188951726932,0.3901431645801262,0.2430725872342034
2025-10-14 08:00:00+00:00,0.14871031761295106,0.33525967529843437,0.33314363489113913,0.1841890934615934,0.23816729619309657,0.12029182652481542,0.1474952719231833,0.00702314545800894,0.4036649206595714,0.2304231646862781
2025-10-14 09:00:00+00:00,0.15996881387532663,0.353323700824186,0.33314363489113913,0.2208893958897156,0.27917028459970855,0.104589247998024,0.16974440936706517,0.02841348886203037,0.43935105530661583,0.21979791544983923
2025-10-14 10:00:00+00:00,0.18037261851290856,0.3677650012035678,0.33314363489113913,0.2551423665209633,0.28904963496969144,0.09210430640069062,0.19402335626353728,0.05247842923901876,0.4513698161365096,0.22752388488662006
2025-10-14 11:00:00+00:00,0.1892473031582568,0.3825092404899815,0.33314363489113913,0.2846508962689721,0.30262515356599784,0.06222755498565169,0.22134935013571033,0.07597740059926462,0.46354397091632693,0.22752388488662006
2025-10-14 12:00:00+00:00,0.1863132364430498,0.3790459434717209,0.33314363489113913,0.2795221311554172,0.297031188212063,0.0647511804735297,0.21757631168582708,0.0706910149818505,0.46354397091632693,0.22790884848691836
2025-10-14 13:00:00+00:00,0.18360111131490134,0.3760142563243339,0.33314363489113913,0.2792390903809107,0.29463334590060236,0.06740547594568373,0.21611067240488213,0.06742360185470198,0.46354397091632693,0.22790884848691836
2025-10-14 14:00:00+00:00,0.18110266402310654,0.37647576620073037,0.33314363489113913,0.2775564125321821,0.2897558805730869,0.07002239518725098,0.21622287109604532,0.06624087845384481,0.47313381146891037,0.22790884848691836
2025-10-14 15:00:00+00:00,0.1517875726921624,0.3701807186873032,0.33229759602288766,0.2615142403393373,0.26405697054432464,0.08455407508923747,0.21461602699998006,0.06467116800697385,0.45949648092638684,0.22479124114457816
2025-10-14 16:00:00+00:00,0.12700529500476415,0.3560752430747604,0.33229759602288766,0.2194045576697431,0.24436343104079644,0.106869096764303,0.19773624420102198,0.04319969733034799,0.45289650212359145,0.21379029299348132
2025-10-14 17:00:00+00:00,0.11375151810230393,0.34196213421856075,0.2942897394034611,0.18148535558375675,0.2120277451001598,0.14679115756656635,0.1804508953897308,0.03022224392587423,0.44659293360838215,0.21379029299348132
2025-10-14 18:00:00+00:00,0.10208247378846717,0.34196213421856075,0.2774334688932481,0.13845565008487426,0.18847470824741744,0.1631901152573162,0.1724905643081746,0.016984297177351667,0.4191992971802775,0.21379029299348132
2025-10-14 19:00:00+00:00,0.10208247378846717,0.34196213421856075,0.26004292654679917,0.09583873020447252,0.1593632933903643,0.18558181805620177,0.1686615684067836,0.003202766867372452,0.4132421270677682,0.22205534317310127
2025-10-14 20:00:00+00:00,0.0818996916654727,0.34196213421856075,0.24197819491453398,0.04331325122274897,0.1315751058901525,0.20099275564878663,0.16478498199840655,-0.01119208811961383,0.407761003428551,0.23016987277380552
2025-10-14 21:00:00+00:00,0.04773414452601733,0.34196213421856075,0.26004292654679917,-0.028226316394831277,0.10361495779794062,0.20099275564878663,0.15284548057509798,-0.026282907615402265,0.40289413855087014,0.23016987277380552
2025-10-14 22:00:00+00:00,0.016159486566489,0.3402666271560948,0.26004292654679917,-0.0832890129004903,0.10361495779794062,0.21591289200990896,0.1307202463250052,-0.0504083606119868,0.4467186123313768,0.23814746393464267
2025-10-14 23:00:00+00:00,-0.0013158544028428626,0.3402666271560948,0.22296903527443557,-0.12124767063194565,0.07998002723141866,0.21591289200990896,0.11646854856890716,-0.0504083606119868,0.42255893738804484,0.24876505026354037
2025-10-15 00:00:00+00:00,-0.018238603063909238,0.3278213269587018,0.18845654566110884,-0.15034408807992863,0.05772381446393672,0.18797644025481094,0.10351744165554613,-0.06312211444584193,0.35794580910937396,0.24876505026354037
2025-10-15 01:00:00+00:00,-0.0492708617623793,0.3278213269587018,0.18845654566110884,-0.19383300600009554,0.043385761658804055,0.18797644025481094,0.06031352005153239,-0.0798054331830594,0.35794580910937396,0.27592275844560166
2025-10-15 02:00:00+00:00,-0.0788501832451666,0.3081270947650255,0.18845654566110884,-0.27796082542511275,0.014173741164269844,0.22622214191795637,0.02996193794323694,-0.09632753899485567,0.260625879317088,0.3044116553592587
2025-10-15 03:00:00+00:00,-0.03572142463776373,0.3081270947650255,0.24133587649305696,-0.1549090906010391,0.08886321766231436,0.13320927975843855,0.06863783596072794,-0.07158225458521177,0.260625879317088,0.2795004196777982
2025-10-15 04:00:00+00:00,0.005538009437173226,0.32660803025828994,0.24133587649305696,-0.060455987038262333,0.1444768693400794,0.13320927975843855,0.11756400631294162,-0.04726879248070735,0.260625879317088,0.2795004196777982
2025-10-15 05:00:00+00:00,0.057498078159164606,0.3373206351841426,0.2809474608374427,0.015114937249004678,0.1940180416649584,0.09978445588298071,0.14012464743757824,-0.039519866803486,0.260625879317088,0.2795004196777982
2025-10-15 06:00:00+00:00,0.1122208802379309,0.32660803025828994,0.2809474608374427,0.09136867396759167,0.24422283440790332,0.09978445588298071,0.148373500920915,-0.024313200258261582,0.260625879317088,0.2795004196777982
2025-10-15 07:00:00+00:00,0.14226415568325834,0.31191374296305174,0.3195748815354655,0.17999318422692925,0.30087529861338325,0.06317994934707474,0.16725987277521034,-0.0007092057676204224,0.260625879317088,0.2795004196777982
2025-10-15 08:00:00+00:00,0.14775946629436354,0.2952442193209609,0.3107873750767583,0.24158251004421266,0.34840229295845454,0.06050613551772285,0.15798334863856303,-0.005330984237298394,0.2279185861789797,0.24420739300672648
2025-10-15 09:00:00+00:00,0.14775946629436354,0.2952442193209609,0.3254947294695269,0.2921221303326584,0.37757240130540903,0.06050613551772285,0.17304078780338888,-0.0016101636952158588,0.21030394334571598,0.24420739300672648
2025-10-15 10:00:00+00:00,0.16111560441555456,0.2952442193209609,0.34020772819847267,0.31899647548131205,0.37757240130540903,0.07518224189770144,0.18518929064852907,-0.005373868662729259,0.21030394334571598,0.24420739300672648
2025-10-15 11:00:00+00:00,0.17465802802855826,0.2884013130057747,0.3254947294695269,0.3603906010679165,0.3970346750969285,0.07518224189770144,0.1974812169763776,0.0021486438002087443,0.2279185861789797,0.25417580669298045
2025-10-15 12:00:00+00:00,0.1736336018308279,0.2884013130057747,0.33339009326415886,0.3601293554428759,0.3981502112969755,0.07581685934738608,0.19646232074721023,0.0010828204749215352,0.2279185861789797,0.25417580669298045
2025-10-15 13:00:00+00:00,0.17269001507423565,0.2884013130057747,0.33339009326415886,0.3677329800900168,0.3994978162765867,0.07650690187143348,0.19552009946984236,0.000545300828270992,0.2279185861789797,0.2517675543868089
2025-10-15 14:00:00+00:00,0.17182849615935536,0.2884013130057747,0.3420316995303352,0.3804586316917239,0.40563283109405807,0.07650690187143348,0.19537144985274052,-0.0005522332027526647,0.2279185861789797,0.2517675543868089
2025-10-15 15:00:00+00:00,0.156013292020306,0.2884013130057747,0.3420316995303352,0.3437751550199781,0.3878667027903117,0.09695011658193937,0.18615466688644916,-0.005552381551723259,0.20649523250080407,0.2517675543868089
2025-10-15 16:00:00+00:00,0.14007282132610277,0.2884013130057747,0.3420316995303352,0.33515899737512883,0.37193630319741877,0.09695011658193937,0.17769498612721626,-0.010608042974107418,0.20649523250080407,0.2517675543868089
2025-10-15 17:00:00+00:00,0.14007282132610277,0.2884013130057747,0.3297356579610887,0.3211181443356448,0.3558657640453443,0.11431001613426851,0.16991709749295383,-0.020941144559537293,0.20649523250080407,0.25993996426734267
2025-10-15 18:00:00+00:00,0.15229631261468876,0.28209453729371775,0.3297356579610887,0.31376087719152196,0.34748888354092505,0.09695011658193937,0.16616659334703107,-0.020941144559537293,0.21891080814314945,0.26800195066638677
2025-10-15 19:00:00+00:00,0.16401397743876922,0.2757456441526738,0.3174306660460864,0.30677544272965734,0.3443398290554956,0.09695011658193937,0.15892345323051818,-0.03157384981854043,0.21891080814314945,0.26800195066638677
2025-10-15 20:00:00+00:00,0.1717154908668698,0.27106147923644863,0.30515145240836516,0.30035040889604214,0.3443398290554956,0.09695011658193937,0.15146761010763884,-0.037053983749145196,0.21891080814314945,0.26800195066638677
2025-10-15 21:00:00+00:00,0.18324941050569857,0.2633470615355375,0.2703621310082686,0.3050258777680988,0.34163436424363375,0.07904372799363196,0.14745267595277023,-0.037053983749145196,0.21891080814314945,0.26800195066638677
2025-10-15 22:00:00+00:00,0.18324941050569857,0.25854856022920747,0.23722660704936394,0.3050258777680988,0.3141433939553058,0.07904372799363196,0.14220242689206064,-0.037053983749145196,0.21891080814314945,0.27596351715892353
2025-10-15 23:00:00+00:00,0.18324941050569857,0.27747638183703743,0.23722660704936394,0.2375738587550191,0.3141433939553058,0.10025852998573351,0.14220242689206064,-0.037053983749145196,0.21891080814314945,0.27596351715892353
2025-10-16 00:00:00+00:00,0.24069068433963905,0.33925433260208515,0.3008473578166684,0.23298497295379417,0.408217313273593,0.16222129464249058,0.21859706415078167,0.05681338394382066,0.24451517326576655,0.3219839693462933
2025-10-16 01:00:00+00:00,0.3061320158696595,0.4181931842250143,0.328949470597621,0.23338659144972956,0.4474369108161222,0.20244819376063153,0.28130621069810613,0.12460290514059966,0.278924532965978,0.4190144176463154
2025-10-16 02:00:00+00:00,0.37387155319645093,0.49250571037838026,0.3365020228172344,0.24838254978874716,0.5165097229915772,0.2736453378384036,0.3425757767250888,0.18828575161987,0.31490440603295455,0.5140131574700725
2025-10-16 03:00:00+00:00,0.3926727221305113,0.4770449279107442,0.3279997342438995,0.24740744544288948,0.5345833038395288,0.23538760109424717,0.3428282818947463,0.1681055915788687,0.2809169435778172,0.4930283187371328
2025-10-16 04:00:00+00:00,0.3727319010692812,0.45534960285460835,0.36960943397804263,0.28200500258705813,0.5872124917797069,0.2054396824862558,0.3199278559762764,0.13454523497012263,0.22810692926405857,0.4591160789732691
2025-10-16 05:00:00+00:00,0.3778773676943974,0.441439832792394,0.35889644815686045,0.30185642243624367,0.6038470090231799,0.21836308953071445,0.3128414646259871,0.10925596353455015,0.20035460365830024,0.44823044938939144
2025-10-16 06:00:00+00:00,0.36855765566543114,0.4266165339032691,0.388086689555037,0.3229952342059375,0.59201438353587,0.22193988756752245,0.2956716111208605,0.12095584360443984,0.17756566612557517,0.43723843901832066
2025-10-16 07:00:00+00:00,0.3588176661740475,0.43410453432701535,0.4194016547678542,0.3118988052538881,0.5799190975584005,0.20607060412738318,0.32373732314248993,0.1380750517590307,0.15352513543212365,0.44964035375667094
2025-10-16 08:00:00+00:00,0.37279443610247887,0.4546351693535049,0.45303971108773994,0.33707518160163524,0.5552264208383029,0.20975059572890678,0.3466319986328,0.16623877732940634,0.18240595342358118,0.4473696927241705
2025-10-16 09:00:00+00:00,0.3829994397311468,0.4630133688946968,0.4653864596773485,0.3428610688738377,0.568053507273298,0.20383442599023596,0.35502483302839444,0.16848927056679683,0.17221233956389512,0.45515672627777626
2025-10-16 10:00:00+00:00,0.3801693704372024,0.4633161758548186,0.47184812139681226,0.3383123070348066,0.5626356875501687,0.1927581877793192,0.35459561247410126,0.15715747774481004,0.15180887013773237,0.44710438631922944
2025-10-16 11:00:00+00:00,0.3774131022226632,0.4627321785829671,0.4800446344290782,0.33381495955332185,0.5506974159500693,0.19429640797816036,0.35057322533772506,0.14624065443678738,0.14237699002465676,0.44063706876094805
2025-10-16 12:00:00+00:00,0.3774131022226632,0.4668428114402019,0.4755948656058164,0.33381495955332185,0.5532109158095436,0.1939892321406075,0.35334778537071104,0.1530507368504082,0.14237699002465673,0.44063706876094805
2025-10-16 13:00:00+00:00,0.3705423741687214,0.4649824358982136,0.4845374790976367,0.33868104780813,0.5507577296787267,0.212560496720179,0.35370451765178895,0.1654032863639583,0.1521072366840574,0.4432067395290496
2025-10-16 14:00:00+00:00,0.36387376416205175,0.4685796857055806,0.49348880679855156,0.344913133062932,0.5614104923918436,0.2293528716324367,0.35331276987340376,0.17384713480924874,0.16174151913537557,0.45362796569195457
2025-10-16 15:00:00+00:00,0.3834981418889524,0.47811170691178206,0.4659998153115662,0.33066881820431476,0.5942087084002632,0.2293528716324367,0.3482220312756761,0.17928559659806803,0.16174151913537557,0.4672824237106181
2025-10-16 16:00:00+00:00,0.35072235819168224,0.44832894259906014,0.4002033456652512,0.30599535991171456,0.5638696255623922,0.22140748992696516,0.3075136085645785,0.1641883922284238,0.17038764362587297,0.44530649258791954
2025-10-16 17:00:00+00:00,0.32378478662300075,0.4238623342388961,0.43282039436751374,0.2708512295957163,0.5213388256887058,0.14328039031424386,0.2561895005908349,0.13921983061133178,0.12364521210985661,0.3791621800705693
2025-10-16 18:00:00+00:00,0.24976663509394031,0.35991396469678694,0.37511648651775337,0.2045175043881721,0.4179984729476107,0.06986966181037524,0.18516083117039372,0.0958306168278132,0.10558426375527058,0.3210723977511938
2025-10-16 19:00:00+00:00,0.16863729027946345,0.31216185931526746,0.33898961312840764,0.12933191337954367,0.3707061658789947,0.06969048301239997,0.1307301878033081,0.06318211477701446,0.07605974700800387,0.27657869610857966
2025-10-16 20:00:00+00:00,0.09433169228978713,0.2391038202325909,0.3035656635435448,0.05728117912971787,0.26591880324137834,0.04427929726479499,0.07504546518321656,0.029744245591632298,0.046766089669356206,0.23270978955296437
2025-10-16 21:00:00+00:00,0.009762467623704675,0.145294059547612,0.24816249986921357,-0.014693303524540296,0.1308225240199995,0.017422620753099926,0.03235010447680546,-0.011783811184186066,0.017552249309539292,0.18923805523214068
2025-10-16 22:00:00+00:00,-0.034040197486606326,0.07711815181474174,0.20983178233887118,-0.06050613551772011,0.11355384254427811,-0.03493483090518737,0.026864263103768948,0.008825236385496624,0.01876301402494489,0.14594199897773685
2025-10-16 23:00:00+00:00,-0.05648696403626776,0.05080237198797876,0.21182771266286143,-0.08523794151870719,0.12632639505141213,-0.02854680273817532,0.05729426366955256,0.04192261175867749,0.02238626911084129,0.11932591346546785
2025-10-17 00:00:00+00:00,-0.009883887422573602,0.11171089159031984,0.2478876630838075,-0.05372527296998969,0.12044679660966513,0.03816395469282676,0.12354859278323954,0.13843437384735538,0.06438563386854206,0.19619378337148174
2025-10-17 01:00:00+00:00,0.036973920208874266,0.1788534579994507,0.22322372129559515,-0.05787185607386419,0.1029113289727381,0.17142301845670424,0.19836307735852796,0.23350018961402816,0.10101883157133786,0.2602139076725525
2025-10-17 02:00:00+00:00,0.09041095890412591,0.2522071408213085,0.19415354240690813,-0.012649877323254592,0.15141825882241877,0.1849176116195733,0.2646995392703435,0.31999193169607737,0.20049271994080078,0.3304807903962027
2025-10-17 03:00:00+00:00,0.05503976029992021,0.2139019770831844,0.12477524704648196,-0.0695600758926786,0.11128820205103497,0.1850242614622181,0.2305870356738205,0.2855399238264877,0.18286747788896487,0.2987370198694221
2025-10-17 04:00:00+00:00,0.015824374561540393,0.17211572728873556,0.16722463064217208,-0.08399970934420423,0.09823392374844334,0.13781682535254347,0.18694495049842597,0.252854277316718,0.16458279708695428,0.2657524085277637
2025-10-17 05:00:00+00:00,-0.015125910281150939,0.13704576251326817,0.1420087009548228,-0.11294809270121094,0.0820702055251358,0.13256861311141946,0.15256428831472058,0.2384848268856304,0.14186696430223142,0.22549380840087077
2025-10-17 06:00:00+00:00,-0.0319789826712495,0.11860828019082527,0.15633652770842282,-0.14386230157415272,0.07630796531096648,0.12739757333527932,0.16433445694930052,0.26947934251274935,0.14722560433844664,0.18497684470855297
2025-10-17 07:00:00+00:00,-0.040297281574416206,0.12454849853569427,0.1321585978966299,-0.1407108070431826,0.06898812133874191,0.15779049256292194,0.2031282291920088,0.30428701014930953,0.1253486567818439,0.19491525423708245
2025-10-17 08:00:00+00:00,-0.0320237688598714,0.1526178474003628,0.16927083807695012,-0.11688627121873137,0.08998220581997095,0.16660002475007274,0.24281784636660797,0.3400378165561255,0.147884967596124,0.22531440926756743
2025-10-17 09:00:00+00:00,-0.02766210139277663,0.16404050202482828,0.17385724511642472,-0.10417741009165961,0.09397484583675636,0.1442693354277767,0.2556095799571597,0.3485258434882126,0.15834635220887683,0.22135476008422955
2025-10-17 10:00:00+00:00,-0.04275744979847038,0.1591304732657238,0.14494363200708452,-0.13927118784162879,0.0625733711856177,0.09000865900278474,0.2611439714813249,0.30645692776481165,0.09519147160227558,0.15602654584693446
2025-10-17 11:00:00+00:00,-0.057485102856659406,0.1553909148019813,0.13195066183722268,-0.1599667952050915,0.05500281810724005,0.04729753050364398,0.2493130517619561,0.27748704983340894,0.07305286940349692,0.09948801603647507
2025-10-17 12:00:00+00:00,-0.08084520834535563,0.14585120007404148,0.10401521705345691,-0.16302782918761397,0.05244338514741271,0.03426613922601019,0.2505898344734267,0.27889955205771333,0.05156831939019005,0.06825236327900197
2025-10-17 13:00:00+00:00,-0.11807030427238666,0.13140976937586593,0.1352432444434227,-0.17398664819827647,0.06358524659920381,0.07451903751833687,0.24726177551373488,0.27653942310537133,0.06387204293598289,0.017884728818223193
2025-10-17 14:00:00+00:00,-0.1514168988678419,0.11887978878324224,0.16476511280033276,-0.16549435094924977,0.057826054343952056,0.11909096068576246,0.24186770411518643,0.2764015566993679,0.035216216340558035,-0.0009006944103020998
2025-10-17 15:00:00+00:00,-0.15453013466593932,0.08004229636475643,0.1136187336463144,-0.13664437994213163,0.06400636491706081,0.11506915936630314,0.23824278903650428,0.2693165880575749,0.025901099980725303,-0.005078781909127198
2025-10-17 16:00:00+00:00,-0.1275058181873052,0.07282178077564158,0.04377964744862805,-0.13830369984279164,0.0860777193624876,0.06730927088423337,0.22198248401942014,0.2226390011015814,-0.018096020336830963,-0.003892727374341682
2025-10-17 17:00:00+00:00,-0.11745646020807965,0.04355452489509869,0.041769767991230965,-0.16175371873380698,0.061321138452762415,-0.0036497943880351904,0.17454248186888238,0.1785913850418297,-0.06042276576069978,-0.04582433660817341
2025-10-17 18:00:00+00:00,-0.15057877504522707,-0.004546192425063971,-0.026897425191754108,-0.23263798209212252,0.015657912111681556,-0.040142786299404994,0.1099858439061161,0.11572314652966426,-0.09264512055447673,-0.11217241853291066
2025-10-17 19:00:00+00:00,-0.19483084238481377,-0.054462596367494134,-0.078323471380004,-0.2780850797860217,-0.021052557481710185,-0.09016357924019176,0.06375544947341691,0.09368352730436463,-0.1287701781748491,-0.1632105154179378
2025-10-17 20:00:00+00:00,-0.2536551525120648,-0.112318437658162,-0.09891612377712523,-0.3184978019696108,-0.086012667020609,-0.14091530444724276,0.01710698061212152,0.0549381997813287,-0.14187315276508117,-0.21511906632946354
2025-10-17 21:00:00+00:00,-0.36301276236822994,-0.165592108860036,-0.07254762501082301,-0.3692849809460528,-0.13763356654704523,-0.13488168632892364,-0.030216014343493677,0.008058617269711306,-0.22900956819259236,-0.2681998093300653
2025-10-17 22:00:00+00:00,-0.39214618708338944,-0.21087105111745408,-0.04581447652325889,-0.399857109778658,-0.12600417035523942,-0.1483560337862054,-0.04459261037947384,0.0031623889911574733,-0.27277858396520166,-0.3227875583261777
2025-10-17 23:00:00+00:00,-0.3809206060827291,-0.22786693006848838,-0.018554743903283835,-0.34823480072694585,-0.1268039382849042,-0.09344899205606107,0.002058724082706534,0.06545036520738122,-0.2532085440852594,-0.3015604620558357
2025-10-18 00:00:00+00:00,-0.3820767643845617,-0.27098446244118274,-0.028265904376918897,-0.33877364914622915,-0.19203038134007158,-0.11502543997160979,-0.027581917287679534,0.020761368586267044,-0.2324303908582344,-0.2833874557541644
2025-10-18 01:00:00+00:00,-0.3905058875754958,-0.3132863693128001,-0.07380042793646385,-0.34930452599025047,-0.21048550962142365,-0.11388276110325665,-0.05331200047369325,-0.0034194059300101565,-0.2408744025747184,-0.29924459284554245
2025-10-18 02:00:00+00:00,-0.3987002247548753,-0.3445117210366574,-0.08726594901581357,-0.3714724795659034,-0.24947885235986303,-0.13869079842584148,-0.08145881736903596,-0.022812515833338782,-0.24948026048353453,-0.2989834427555159
2025-10-18 03:00:00+00:00,-0.40668530515303786,-0.36339380567549157,-0.09928293506786387,-0.378442843424106,-0.2780404634809363,-0.14151608696449447,-0.10427199759551868,-0.04307002421759683,-0.22522969396974524,-0.2988531706536243
2025-10-18 04:00:00+00:00,-0.39742404775305135,-0.369856208659318,-0.09928293506786387,-0.38275198236895264,-0.28332026332216065,-0.14682711827373887,-0.1059450174492242,-0.044243058157624866,-0.19978266768918265,-0.28647110755984057
2025-10-18 05:00:00+00:00,-0.4111754577784033,-0.3775584829084814,-0.08347698124693094,-0.3930190107739208,-0.29288152839505,-0.1547795633197405,-0.12331125331760012,-0.03926192536539258,-0.22271546778748738,-0.30124070430346095
2025-10-18 06:00:00+00:00,-0.4172971097482097,-0.38588632042181853,-0.06948083337820114,-0.39548112882211794,-0.27722151597726663,-0.13930748645266208,-0.11278357438131013,-0.023035184320471844,-0.2255303989501543,-0.31478307902600056
2025-10-18 07:00:00+00:00,-0.41797213161983776,-0.3880722680895233,-0.08161593946319691,-0.3701488817584893,-0.2549936944190625,-0.13190358733255242,-0.09643766285970541,-0.006363530081158394,-0.21013835594475794,-0.319307428507046
2025-10-18 08:00:00+00:00,-0.4095899861883873,-0.3766824487986738,-0.06983359387988311,-0.34618016713664246,-0.241031979885578,-0.11914443351412012,-0.08011640170664393,0.010199943882293326,-0.1970434440814619,-0.31159621079487915
2025-10-18 09:00:00+00:00,-0.4157261608933081,-0.35165445397616646,-0.052610095750072784,-0.32252846376343397,-0.22188885464134558,-0.11039463053576544,-0.058798827495003626,0.03070257469700836,-0.226252651754454,-0.31512450296636957
2025-10-18 10:00:00+00:00,-0.4157261608933081,-0.3577712463943708,-0.06971257657002475,-0.31844742534341797,-0.21839986165977598,-0.1218993666866717,-0.054691960889125694,0.03979254893944575,-0.226252651754454,-0.32367647327758575
2025-10-18 11:00:00+00:00,-0.41325646349543116,-0.34484115854826386,-0.07995973412427847,-0.31294948312727194,-0.21582815313181394,-0.12462969204034301,-0.0451392756156666,0.04770923670250001,-0.2275569101051223,-0.33989903938173033
2025-10-18 12:00:00+00:00,-0.42453286607905133,-0.33271921952628464,-0.08998869725134265,-0.30800174147914067,-0.2094210053678039,-0.10909219390804921,-0.03606713523374001,0.04535942342129896,-0.24403083725948238,-0.35542734347600047
2025-10-18 13:00:00+00:00,-0.43798869478760166,-0.31871887990493164,-0.08998869725134265,-0.30800174147914067,-0.18854504396147279,-0.10909219390804921,-0.027232273198322825,0.04535942342129896,-0.2776305129992005,-0.3841756562641246
2025-10-18 14:00:00+00:00,-0.43798869478760166,-0.31871887990493164,-0.08998869725134265,-0.30800174147914067,-0.1993645314808261,-0.10909219390804921,-0.018418054921437606,0.035625279381393905,-0.3121864369463544,-0.4325432734636636
2025-10-18 15:00:00+00:00,-0.4311949636913426,-0.3101513475934719,-0.09890392112389333,-0.29405224628325605,-0.22608386806327796,-0.11096336371425564,-0.0051794706499409295,0.029402197220991497,-0.3087889252371961,-0.4589580142502299
2025-10-18 16:00:00+00:00,-0.3868855510398975,-0.3101513475934719,-0.09890392112389333,-0.29405224628325605,-0.2532259197795262,-0.15055256254734084,-0.0051794706499409295,0.016395385052976868,-0.3087889252371961,-0.4238972361991499
2025-10-18 17:00:00+00:00,-0.36671171244461964,-0.3101513475934719,-0.15719479901626862,-0.33511711162013386,-0.2663250791293203,-0.15055256254734084,-0.01646973821349311,-0.00926086321703662,-0.3087889252371961,-0.4108342286345029
2025-10-18 18:00:00+00:00,-0.3498670274260405,-0.3101513475934719,-0.15719479901626862,-0.36029893987630385,-0.2870656478033003,-0.11096336371425564,-0.01646973821349311,-0.00926086321703662,-0.2712356669428764,-0.39755017148736715
2025-10-18 19:00:00+00:00,-0.3381383787794125,-0.3101513475934719,-0.12470494402572976,-0.36869739265280843,-0.3017576367871375,-0.13284049636530074,-0.01646973821349311,-0.016319049837113405,-0.2712356669428764,-0.39755017148736715
2025-10-18 20:00:00+00:00,-0.33408312442877125,-0.3101513475934719,-0.12470494402572976,-0.3738308147203228,-0.29795536142524176,-0.1544478395214146,-0.010151762473796377,-0.023278594248797534,-0.2512393551907219,-0.39755017148736715
2025-10-18 21:00:00+00:00,-0.3304744291273966,-0.3101513475934719,-0.09201198238299617,-0.3738308147203228,-0.2932187292875399,-0.13284049636530074,-0.01646973821349311,-0.016319049837113405,-0.2512393551907219,-0.39755017148736715
2025-10-18 22:00:00+00:00,-0.32704902487846754,-0.3101513475934719,-0.023617884426091754,-0.3738308147203228,-0.3259883076603543,-0.13284049636530074,-0.01646973821349311,-0.016319049837113405,-0.2512393551907219,-0.39755017148736715
2025-10-18 23:00:00+00:00,-0.30323530204794896,-0.30351266089314005,0.008301971911188956,-0.3540528417854303,-0.3060485628298903,-0.11096336371425564,0.008950917289125216,0.011973390416075804,-0.23092769212571362,-0.3843051620323124
2025-10-19 00:00:00+00:00,-0.30323530204794896,-0.33433015765144064,0.038376143394425626,-0.36541880312659075,-0.2889015234732255,-0.08573978488829641,-0.010350568701296765,-0.0020920680131975406,-0.2102359793648668,-0.3843051620323124
2025-10-19 01:00:00+00:00,-0.2638561367265228,-0.3401184025660497,0.015466338439913673,-0.3581087586750449,-0.2769934278689327,-0.10257517301870961,0.0015301593363417746,0.0064934845217920105,-0.18850485160164251,-0.37667398912307953
2025-10-19 02:00:00+00:00,-0.251057819673338,-0.3564151800129345,0.009098238582195144,-0.36324170720480453,-0.28774140769235446,-0.11374927626778969,0.00011056594748277854,0.0034552771052435713,-0.1982074526064443,-0.3712297140944045
2025-10-19 03:00:00+00:00,-0.2393094268698269,-0.37459560861907143,0.0028504839926991824,-0.3668282701690424,-0.29930856080618146,-0.11374927626778969,0.00011056594748277854,-0.001406970919962785,-0.18850485160164251,-0.358153601053222
2025-10-19 04:00:00+00:00,-0.22845339647768495,-0.4134018556994901,-0.0033036922468640388,-0.37224682092857186,-0.30783459572129684,-0.11374927626778969,-0.0013426504365966255,-0.004835217883853047,-0.1794792136885837,-0.3460575310793539
2025-10-19 05:00:00+00:00,-0.23542886110907132,-0.4134018556994901,0.013144456385787012,-0.3694865765344304,-0.29203632753594944,-0.10028826094806974,0.010589078056978854,0.004372027020348757,-0.16355731643766477,-0.34948429163216205
2025-10-19 06:00:00+00:00,-0.2424214243192474,-0.4081843643588409,0.02945371068791258,-0.3483004048759856,-0.28196971315816716,-0.08708779635997242,0.014469695934196997,0.008931761370819752,-0.14826636487062284,-0.34948429163216205
2025-10-19 07:00:00+00:00,-0.23542886110907132,-0.3792111388219243,0.04568350052501297,-0.321905732078689,-0.252857103444288,-0.07411258381036714,0.014469695934196997,0.008931761370819752,-0.11549317706574416,-0.35794491867379696
2025-10-19 08:00:00+00:00,-0.23542886110907132,-0.35694727756942607,0.04568350052501297,-0.3012889823528284,-0.23983292786908236,-0.08708779635997242,0.014469695934196997,0.008931761370819752,-0.11549317706574416,-0.34704741617993534
2025-10-19 09:00:00+00:00,-0.24554957207209688,-0.34819440980180544,0.04568350052501297,-0.2959620660148934,-0.23483955339447662,-0.06341106724095026,0.01829721163864606,0.022460612944408005,-0.12918675229603804,-0.33887112684605347
2025-10-19 10:00:00+00:00,-0.2510552019077258,-0.33590395821811075,0.05657155972525111,-0.27628838972780756,-0.20844167869059216,-0.013703964828583203,0.014984934401289628,0.06657356076394817,-0.10058768600809076,-0.32129414243920673
2025-10-19 11:00:00+00:00,-0.2510552019077258,-0.3205970319004245,0.05657155972525111,-0.25612278660553445,-0.1886027494635754,0.05184470532294425,0.03413963870207049,0.09077889486854956,-0.10058768600809076,-0.29558802642723947
2025-10-19 12:00:00+00:00,-0.23274165159017976,-0.3205970319004245,0.0960043478663137,-0.23571419848488723,-0.16861046332217092,0.08466612692667479,0.04368541994076119,0.09077889486854956,-0.10058768600809076,-0.2658789639945782
2025-10-19 13:00:00+00:00,-0.21006402556576145,-0.31564195534033745,0.0860423303975927,-0.20580129000385664,-0.1568763931506896,0.07606904116566668,0.05680801910140178,0.10276788424364038,-0.11800309456134515,-0.2364762442209267
2025-10-19 14:00:00+00:00,-0.21006402556576145,-0.28918128273864674,0.022149969746799926,-0.16876912763144158,-0.1568763931506896,0.07606904116566668,0.07224664748130277,0.10276788424364038,-0.06772179321439681,-0.18802213011787905
2025-10-19 15:00:00+00:00,-0.21006402556576145,-0.23806940036104682,0.022149969746799926,-0.15060862208378828,-0.14053121488134213,0.07606904116566668,0.07224664748130277,0.10276788424364038,-0.11425352385300078,-0.18802213011787905
2025-10-19 16:00:00+00:00,-0.21006402556576145,-0.2641485574495581,0.07388782876744344,-0.18086805314126211,-0.19837605970332603,0.07606904116566668,0.04723057456069812,0.10276788424364038,-0.11425352385300078,-0.20472074155380746
2025-10-19 17:00:00+00:00,-0.23296201598382085,-0.2641485574495581,0.022149969746799926,-0.20931075006218744,-0.21182457790123096,0.07606904116566668,0.03462262500780532,0.08709171278600701,-0.11425352385300078,-0.21985183501371744
2025-10-19 18:00:00+00:00,-0.23296201598382085,-0.2641485574495581,0.022149969746799926,-0.22186813942715602,-0.2357362497622811,0.07606904116566668,0.03462262500780532,0.10276788424364038,-0.1512019383685568,-0.21985183501371744
2025-10-19 19:00:00+00:00,-0.2341946810806243,-0.2537367129251137,0.009475800096146242,-0.2363511048472263,-0.2704868607157145,0.06460539379144985,0.02059849418311333,0.06975709903694317,-0.1628096233204914,-0.23385292471277774
2025-10-19 20:00:00+00:00,-0.2422223201236641,-0.24810786845195243,-0.017972699741278735,-0.2363511048472263,-0.26690090189518806,0.06460539379144985,0.02733662506352955,0.061387447828351455,-0.1813766562545766,-0.23385292471277774
2025-10-19 21:00:00+00:00,-0.2341946810806243,-0.24810786845195243,-0.017972699741278735,-0.23199254624283158,-0.26690090189518806,0.04170688539735798,0.02733662506352955,0.07790309917657742,-0.1813766562545766,-0.23385292471277774
2025-10-19 22:00:00+00:00,-0.22598273352441856,-0.24810786845195243,-0.017972699741278735,-0.23199254624283158,-0.29136107353708357,0.06460539379144985,0.03405415400661428,0.0857099144675621,-0.1628096233204914,-0.23385292471277774
2025-10-19 23:00:00+00:00,-0.22598273352441856,-0.24810786845195243,-0.017972699741278735,-0.2431221528266691,-0.29136107353708357,-0.004486687446329927,0.03405415400661428,0.07177296773357007,-0.1628096233204914,-0.2517015509083591
2025-10-20 00:00:00+00:00,-0.24432056998852109,-0.22896614478047211,-0.017972699741278735,-0.267881737421612,-0.2805831960217991,-0.03221772032797899,0.0400412707030378,0.07790309917657742,-0.18707947084572665,-0.2767094481182797
2025-10-20 01:00:00+00:00,-0.2516252981792236,-0.22178466917190864,-0.017972699741278735,-0.267881737421612,-0.26430265856625956,-0.03221772032797899,0.0400412707030378,0.07790309917657742,-0.17965199814674912,-0.2827848325743094
2025-10-20 02:00:00+00:00,-0.259415642950238,-0.206274486910098,-0.013266120135000423,-0.267881737421612,-0.25540964377252895,-0.026022787187514516,0.04115742907432768,0.07808138978374456,-0.17965199814674912,-0.2937484667161374
2025-10-20 03:00:00+00:00,-0.2720012017100189,-0.19286751230937652,-0.00810993487575924,-0.27328055011772695,-0.26257505407731335,-0.026022787187514516,0.04176876224916593,0.0782786288865841,-0.18707947084572665,-0.3057384425872261
2025-10-20 04:00:00+00:00,-0.28599505313198503,-0.18585469046265454,-0.00810993487575924,-0.267881737421612,-0.25935302062096854,-0.026022787187514516,0.04237420086298287,0.07849316131950021,-0.20192698147882673,-0.3189388859958576
2025-10-20 05:00:00+00:00,-0.2749907248146018,-0.19062754226064377,-0.040675569393612686,-0.26625835182794444,-0.25935302062096854,-0.026022787187514516,0.04237420086298287,0.06812921032900321,-0.19252595830009164,-0.3155523054393506
2025-10-20 06:00:00+00:00,-0.2668343527612953,-0.195341033997582,-0.05742605273782272,-0.2692771156517644,-0.27341751538127046,-0.026022787187514516,0.038432424037193075,0.06367266709825394,-0.20192698147882673,-0.3125623857423795
2025-10-20 07:00:00+00:00,-0.2536341150756675,-0.20917160390919665,-0.05742605273782272,-0.2869722299537554,-0.2932637554772459,-0.026022787187514516,0.03456725056905368,0.06367266709825394,-0.20192698147882673,-0.29810471965755975
2025-10-20 08:00:00+00:00,-0.2536341150756675,-0.21745845430737465,-0.07443364832593251,-0.29452840039449923,-0.2932637554772459,-0.026022787187514516,0.03065664741512339,0.06367266709825394,-0.20192698147882673,-0.2868980521639993
2025-10-20 09:00:00+00:00,-0.24348963780061073,-0.23905090234351029,-0.10717532907819227,-0.3102529427936259,-0.30551113073019376,0.0027293656674628763,0.00833768936985122,0.04491233750022858,-0.1716152596413376,-0.2808512566812635
2025-10-20 10:00:00+00:00,-0.2408093651026728,-0.2285762611458875,-0.10035347721491546,-0.32446389349823734,-0.32478760450004207,0.049621573690099424,-0.0067986338877027395,0.02363611967958224,-0.19252595830009164,-0.2697296809391679
2025-10-20 11:00:00+00:00,-0.2408093651026728,-0.24413470182572997,-0.10035347721491546,-0.34192435833571233,-0.32478760450004207,0.09113973063072336,-0.02562745543820847,0.012337247797561091,-0.19252595830009164,-0.23686363216505027
2025-10-20 12:00:00+00:00,-0.19372392090061352,-0.27268250970663604,-0.06033552078956669,-0.34192435833571233,-0.32478760450004207,0.12615608892361616,-0.044420593899661374,0.02363611967958224,-0.1574681707401074,-0.20392740197375173
2025-10-20 13:00:00+00:00,-0.1467225633995419,-0.27268250970663604,-0.06033552078956669,-0.33070788555083996,-0.3146334926207461,0.15849988643527482,-0.05388839029573313,0.012390430612061411,-0.12318805380646869,-0.15198029568323942
2025-10-20 14:00:00+00:00,-0.10821537396730865,-0.26562728633274396,-0.045667529965559776,-0.29471556599851706,-0.2977998214760436,0.2470025151806157,-0.04827817427192742,0.031640766696844215,-0.02461846272377348,-0.08386597027038081
2025-10-20 15:00:00+00:00,-0.10821537396730865,-0.26562728633274396,-0.045667529965559776,-0.29471556599851706,-0.2721941841837929,0.3413809758154429,-0.0338717015773239,0.014527038709857297,-0.02461846272377348,-0.03318421873081309
2025-10-20 16:00:00+00:00,-0.16673835541632734,-0.26562728633274396,-0.045667529965559776,-0.31077526155866736,-0.2831410962121748,0.3413809758154429,-0.045125679404715464,0.02839315305046115,-0.02461846272377348,-0.09497219392049762
2025-10-20 17:00:00+00:00,-0.19451204087435245,-0.2836371539590046,-0.045667529965559776,-0.297759180976579,-0.30404719284848,0.293278190032017,-0.03397236687733394,0.042558047527495035,-0.02461846272377348,-0.1144777369052691
2025-10-20 18:00:00+00:00,-0.19451204087435245,-0.2989678877967536,-0.045667529965559776,-0.2846084520811438,-0.2848627706311826,0.16438653265483943,-0.022665435536878286,0.042558047527495035,-0.06243125986217916,-0.1336509794028388
2025-10-20 19:00:00+00:00,-0.2019418207985477,-0.33018252972398704,-0.08330177104395599,-0.28831992942213464,-0.2881352498216494,0.08226486632273142,-0.0369987559139934,0.04086294781962294,-0.10580242697448244,-0.14487566148429704
2025-10-20 20:00:00+00:00,-0.2019418207985477,-0.3334614151804894,-0.08330177104395599,-0.2807472263319746,-0.2881352498216494,0.06300806718420146,-0.0428603467187649,0.04086294781962294,-0.13969072486411296,-0.14487566148429704
2025-10-20 21:00:00+00:00,-0.2019418207985477,-0.3334614151804894,-0.08330177104395599,-0.2807472263319746,-0.2910478448758474,0.008872005062448994,-0.0428603467187649,0.033076287000505404,-0.13969072486411296,-0.15291310772902242
2025-10-20 22:00:00+00:00,-0.19138033620226325,-0.3276262394270773,-0.08330177104395599,-0.2666086053821835,-0.27390914910766856,0.008872005062448994,-0.030591778681423237,0.05464641032058462,-0.09991643008173053,-0.15291310772902242
2025-10-20 23:00:00+00:00,-0.19138033620226325,-0.3192354201539054,-0.08330177104395599,-0.23076782733465426,-0.29176978308372253,-0.008368555149218514,-0.024216150122522522,0.06680945493425107,-0.11794122166360728,-0.16359806419456444
2025-10-21 00:00:00+00:00,-0.19138033620226325,-0.30605139117692653,-0.11417215384194336,-0.21960439616110347,-0.2721695655993845,-0.026654343903653236,-0.011831582350958339,0.07274923383853586,-0.11794122166360728,-0.16359806419456444
2025-10-21 01:00:00+00:00,-0.231841664568788,-0.31002893758351335,-0.09733778455588493,-0.22976333284515674,-0.28712518375512674,-0.026509295336521087,-0.02266664395031164,0.060392231434712416,-0.14677604078875803,-0.1732559268006299
2025-10-21 02:00:00+00:00,-0.24387031583550173,-0.29827385613413837,-0.0835792692440482,-0.22976333284515674,-0.2762828329335679,-0.026509295336521087,-0.020082344315888043,0.06180951217761432,-0.1397354200894115,-0.17843257011014085
2025-10-21 03:00:00+00:00,-0.2656457206722193,-0.29377752117904604,-0.07931855880522927,-0.22657506483829093,-0.26198658445131834,-0.030323195621689978,-0.021386998964790228,0.06377314266890392,-0.14677604078875803,-0.1915493759012024
2025-10-21 04:00:00+00:00,-0.29221357260207964,-0.28942681537240117,-0.07507678355934992,-0.22657506483829093,-0.2593084546623428,-0.03426105646345064,-0.020132386055058748,0.0657151295906617,-0.14677604078875803,-0.20679212736345362
2025-10-21 05:00:00+00:00,-0.2867052929824701,-0.28942681537240117,0.038548414406140846,-0.23006833508751467,-0.27072704414519416,-0.03426105646345064,0.014329725081082705,0.05343098383823326,-0.1593867596740733,-0.20413586056723093
2025-10-21 06:00:00+00:00,-0.28128866611454423,-0.29829294116388555,0.03274357401557156,-0.25115290764472403,-0.28228908417740123,-0.022134947570598886,0.004711853881255238,0.04633733731292075,-0.17218388095680207,-0.191724652029909
2025-10-21 07:00:00+00:00,-0.28128866611454423,-0.31558002723968537,0.026944885347982967,-0.26735050331434845,-0.3063028047755763,0.0012065939549816091,0.0014730633477882077,0.039102806636066176,-0.19077925541008975,-0.16373876282175742
2025-10-21 08:00:00+00:00,-0.28128866611454423,-0.3257178823941904,0.026944885347982967,-0.27657746441079556,-0.32848762292758266,0.0337652426692693,-0.005092316459399286,0.035480959173200106,-0.19077925541008975,-0.15313333667111326
2025-10-21 09:00:00+00:00,-0.28128866611454423,-0.3257178823941904,0.021149999703301177,-0.2830400352069841,-0.3380190992495277,0.04428405169382526,-0.008424792391453433,0.028001564319684015,-0.1773280274245928,-0.13466851589883677
2025-10-21 10:00:00+00:00,-0.2838067394001892,-0.3195915791978726,0.01734004319514275,-0.2849509895333767,-0.350801103749833,0.04149889683565995,-0.018944785713749662,0.015229211245006757,-0.18110888332824213,-0.12503582384494047
2025-10-21 11:00:00+00:00,-0.2838067394001892,-0.3328631499174515,0.01734004319514275,-0.2965417065492448,-0.36007274753779306,0.06523665233245754,-0.03380260511295097,0.006337746490588108,-0.1523122555772596,-0.10893624904167058
2025-10-21 12:00:00+00:00,-0.2533039996011782,-0.3195915791978726,0.01734004319514275,-0.3180325276519025,-0.369387490616534,0.10954270089285473,-0.04867668704332837,0.006337746490588108,-0.09288103752415477,-0.09176877047154784
2025-10-21 13:00:00+00:00,-0.22326252226058393,-0.3063363608884343,0.01734004319514275,-0.3180325276519025,-0.35898648449552545,0.1514011527079463,-0.06357491635960642,-0.002547499935205419,-0.06389668145505936,-0.057547954837036945
2025-10-21 14:00:00+00:00,-0.13578840285033933,-0.3063363608884343,0.03779278974245464,-0.3180325276519025,-0.3314123393850243,0.21639452657218577,-0.0753649449113504,-0.002547499935205419,-0.021949326284919086,-0.006641965129230401
2025-10-21 15:00:00+00:00,-0.08889292040527298,-0.3273864957637438,0.058251230525442586,-0.3180325276519025,-0.31715572573469974,0.2889587891140991,-0.08700820402634375,-0.002547499935205419,0.01875186062848462,0.04206577915167401
2025-10-21 16:00:00+00:00,-0.12676861083973873,-0.3273864957637438,0.04152405071793462,-0.30418563401254506,-0.31715572573469974,0.22651917612861025,-0.06823191267860784,0.008960870379433904,0.01875186062848462,0.002176047975132926
2025-10-21 17:00:00+00:00,-0.12676861083973873,-0.3273864957637438,0.04152405071793462,-0.30418563401254506,-0.32633807846177126,0.13511424090137764,-0.04948247966848288,0.04421195564515992,-0.01461763365512002,-0.03579645516968937
2025-10-21 18:00:00+00:00,-0.12676861083973873,-0.3117233612348612,0.058251230525442586,-0.2934718278485098,-0.32633807846177126,0.05326142240193444,-0.040016925561341794,0.04421195564515992,-0.04637388957602589,-0.07150649371940454
2025-10-21 19:00:00+00:00,-0.15939625504942245,-0.325083631334487,0.058251230525442586,-0.2825200602454037,-0.31908423031119576,-0.02154277052351084,-0.03043660228389511,0.05640262300695695,-0.04637388957602589,-0.12028793416522919
2025-10-21 20:00:00+00:00,-0.15939625504942245,-0.3283252647586837,0.058251230525442586,-0.2760696422147244,-0.31171460007973106,-0.05981617528451431,-0.03043660228389511,0.0705495575329953,-0.06277762743602959,-0.15230075792635242
2025-10-21 21:00:00+00:00,-0.17440554785680135,-0.3283252647586837,0.04896397021946826,-0.27199261276251585,-0.308328721551294,-0.08510781584127475,-0.02513462084554667,0.06352408168044008,-0.06277762743602959,-0.18322787280214953
2025-10-21 22:00:00+00:00,-0.17440554785680135,-0.3283252647586837,0.04896397021946826,-0.258377759799734,-0.2954855429565193,-0.12481729588287696,-0.008636425991442294,0.07008614112378887,-0.06277762743602959,-0.20844071785348456
2025-10-21 23:00:00+00:00,-0.19428389248526293,-0.31845608925954827,0.04896397021946826,-0.24559885854392857,-0.28505573384453003,-0.14995342538703882,-0.008636425991442294,0.09330606978931932,-0.08031115950768178,-0.2223363052023898
2025-10-22 00:00:00+00:00,-0.16497113257762497,-0.31845608925954827,0.04896397021946826,-0.23322298641981318,-0.2944462412781126,-0.17949514236201106,-0.00310816441734166,0.08804154835450315,-0.08031115950768178,-0.23160045595366122
2025-10-22 01:00:00+00:00,-0.16497113257762497,-0.31845608925954827,0.04896397021946826,-0.22266460978974342,-0.2944462412781126,-0.1983015885085217,0.0001456181673792971,0.08804154835450315,-0.08593378488474873,-0.23973393969843132
2025-10-22 02:00:00+00:00,-0.16497113257762497,-0.3251485392715108,0.04896397021946826,-0.21837053056659053,-0.299598031561145,-0.22095558085306552,0.0011851216866779327,0.08804154835450315,-0.08593378488474873,-0.24348636187378428
2025-10-22 03:00:00+00:00,-0.16497113257762497,-0.33217066361366354,0.047428955697394776,-0.21837053056659053,-0.299598031561145,-0.22964145746684633,0.0022083939448214692,0.08804154835450315,-0.08593378488474873,-0.24735385473531502
2025-10-22 04:00:00+00:00,-0.16497113257762497,-0.339552498053283,0.047428955697394776,-0.22266460978974342,-0.2954855429565193,-0.24450359078885223,0.0022083939448214692,0.08846437390359473,-0.09196087565947073,-0.2513431954303745
2025-10-22 05:00:00+00:00,-0.16497113257762497,-0.339552498053283,0.047428955697394776,-0.2185037671872982,-0.291954525570045,-0.22300956145057274,0.0022083939448214692,0.08846437390359473,-0.08116147442682745,-0.24589655605372812
2025-10-22 06:00:00+00:00,-0.15376525715369033,-0.339552498053283,0.047428955697394776,-0.20213577151807632,-0.28140835753752663,-0.1891404566115538,-0.0008915856285694716,0.08510781584127834,-0.061070481655258,-0.2359672157090126
2025-10-22 07:00:00+00:00,-0.15376525715369033,-0.33105376048725293,0.053073593373940055,-0.19019887160887125,-0.2592100089806058,-0.15738218294315257,-0.0008915856285694716,0.07855125898386114,-0.061070481655258,-0.2194460688886255
2025-10-22 08:00:00+00:00,-0.15376525715369033,-0.32316472409057,0.05873187481179295,-0.18268356353396892,-0.2592100089806058,-0.12722309892154762,-0.0008915856285694716,0.07533457055557682,-0.061070481655258,-0.19289882427215033
2025-10-22 09:00:00+00:00,-0.15376525715369033,-0.31542003094028526,0.05873187481179295,-0.1692411744301231,-0.25142246899217263,-0.09825015015782704,-0.0008915856285694716,0.07182858211763408,-0.049861157389860924,-0.1779289166427348
2025-10-22 10:00:00+00:00,-0.15376525715369033,-0.32876202539384564,0.05873187481179295,-0.1580348853102708,-0.20620355997906503,-0.011772856008640125,-0.0008915856285694716,0.06230501798118631,-0.023811773705475884,-0.15807049370343498
2025-10-22 11:00:00+00:00,-0.15376525715369033,-0.32876202539384564,0.05873187481179295,-0.1360618260675956,-0.17660366375378803,0.06827887419990078,-0.0008915856285694716,0.04360287129197058,0.003994475466290934,-0.15807049370343498
2025-10-22 12:00:00+00:00,-0.17996850826635014,-0.30441335897633587,0.05873187481179295,-0.11058389052734773,-0.14555604700213065,0.1227324965769509,-0.008120623708076884,0.03447014951200131,0.0312538153959059,-0.13668566035051555
2025-10-22 13:00:00+00:00,-0.17996850826635014,-0.30441335897633587,0.05873187481179295,-0.08434614994312596,-0.12397486503838256,0.17355685402282592,-0.008120623708076884,0.025277380585151416,0.0574005273678658,-0.11430470132927062
2025-10-22 14:00:00+00:00,-0.17996850826635014,-0.30441335897633587,0.05873187481179295,-0.08434614994312596,-0.09309096448779004,0.22369925456510437,-0.019525806978704045,-0.00403371211743368,0.01562690769795295,-0.08019622834739115
2025-10-22 15:00:00+00:00,-0.13876376865062995,-0.30441335897633587,0.07941708331660706,-0.06511491519258092,-0.06324835921372658,0.2775336521354676,-0.05405837224021998,-0.00403371211743368,0.05904184991878783,-0.030153875843915236
2025-10-22 16:00:00+00:00,-0.13876376865062995,-0.30441335897633587,0.07941708331660706,-0.08061842475057661,-0.12540934179840896,0.18451857327170346,-0.044876205341355176,-0.00403371211743368,-0.011668206323251235,-0.056940102047409354
2025-10-22 17:00:00+00:00,-0.13876376865062995,-0.30441335897633587,0.07941708331660706,-0.09546410179760964,-0.17016317016326152,0.08999081442584117,-0.03561409534843032,0.008125785636396914,-0.045802861241443504,-0.0834309393581129
2025-10-22 18:00:00+00:00,-0.16827816818422375,-0.28980104003976903,0.07941708331660706,-0.11004949041087864,-0.21986998095203084,0.024833230691239206,-0.03561409534843032,0.032876835717391834,-0.07875781463963542,-0.1219427114989905
2025-10-22 19:00:00+00:00,-0.17874549586508007,-0.26763867686488413,0.08348035376231083,-0.09661170734528508,-0.2289621558990838,-0.008792036965565474,-0.014996769127763555,0.05571829781799873,-0.06251643496966235,-0.14703201451944167
2025-10-22 20:00:00+00:00,-0.17874549586508007,-0.26763867686488413,0.08348035376231083,-0.10396964271475026,-0.24306017004753713,-0.05177233351988699,-0.009596948910170312,0.07136165577261819,-0.06251643496966235,-0.17293909222381895
2025-10-22 21:00:00+00:00,-0.17874549586508007,-0.26265630757251485,0.07386238798349067,-0.11057666524752263,-0.2511951402139841,-0.08148120240208394,-0.004122835149942306,0.08770476434212253,-0.06251643496966235,-0.19078264618213353
2025-10-22 22:00:00+00:00,-0.17874549586508007,-0.2698116923167785,0.054962429458551225,-0.1330690668796533,-0.26835950463354974,-0.11467928542026744,-0.004122835149942306,0.10083670233626373,-0.10624609977914323,-0.21031091895804951
2025-10-22 23:00:00+00:00,-0.19753948184663309,-0.2583611781045626,0.054962429458551225,-0.15439472108545557,-0.2894472224819996,-0.15846828942218183,0.0014072853295381356,0.08839136516377609,-0.08498471825817146,-0.2256023523886427
2025-10-23 00:00:00+00:00,-0.19753948184663309,-0.2583611781045626,0.054962429458551225,-0.15439472108545557,-0.33761349231740356,-0.2196626118428556,0.006836828118292182,0.08839136516377609,-0.08498471825817146,-0.2446819371274501
2025-10-23 01:00:00+00:00,-0.20698475064888358,-0.2583611781045626,0.054962429458551225,-0.15831180296022088,-0.3364691866432281,-0.2326793319290246,0.004598009370579201,0.08810194062413117,-0.07774886582521459,-0.2550354976389903
2025-10-23 02:00:00+00:00,-0.21725373373834062,-0.26570396632936977,0.053309840465672255,-0.15831180296022088,-0.349069002754162,-0.24503431200907308,0.004598009370579201,0.0879629612037226,-0.09025922583118437,-0.2641443750699209
2025-10-23 03:00:00+00:00,-0.21725373373834062,-0.26570396632936977,0.054962429458551225,-0.1614927552301872,-0.3679570173942268,-0.2586369533964792,0.004598009370579201,0.08735747520249379,-0.09572358917206303,-0.2739298920846471
2025-10-23 04:00:00+00:00,-0.22643066785663127,-0.280961501447873,0.049558474926451455,-0.1717162665637594,-0.37715672135164047,-0.2723389566807595,-0.009468479045795094,0.06646738098872053,-0.10991557688136008,-0.29605974130793206
2025-10-23 05:00:00+00:00,-0.22643066785663127,-0.280961501447873,-0.0500685519116751,-0.1682260561660851,-0.37600372372098123,-0.2541187593803221,-0.057346652247295314,0.06646738098872053,-0.10991557688136008,-0.2951052732602303
2025-10-23 06:00:00+00:00,-0.22643066785663127,-0.280961501447873,-0.0500685519116751,-0.16470685754071918,-0.370107672310105,-0.22595292618745547,-0.057346652247295314,0.05333015671949714,-0.0993511148611822,-0.2951052732602303
2025-10-23 07:00:00+00:00,-0.21634480189624344,-0.280961501447873,-0.0500685519116751,-0.15839343127747105,-0.3689994120163293,-0.20240300506251818,-0.06135638845925987,0.05333015671949714,-0.0993511148611822,-0.2990642483750897
2025-10-23 08:00:00+00:00,-0.21634480189624344,-0.2887057909159426,-0.06706805860059589,-0.15839343127747105,-0.36428938777555586,-0.1799908294195682,-0.057346652247295314,0.04938916857616253,-0.08552946249051678,-0.2990642483750897
2025-10-23 09:00:00+00:00,-0.20630482589201296,-0.2887057909159426,-0.06706805860059589,-0.15306380495961244,-0.35961380095072865,-0.1631815803253381,-0.057346652247295314,0.04516489053039468,-0.08552946249051678,-0.2990642483750897
2025-10-23 10:00:00+00:00,-0.20630482589201296,-0.30270501676019645,-0.06706805860059589,-0.15306380495961244,-0.354838321535132,-0.1041766020426383,-0.057346652247295314,0.023126474326307014,-0.057290058934550324,-0.29000573011182784
2025-10-23 11:00:00+00:00,-0.22572832080546645,-0.2887057909159426,-0.06706805860059589,-0.14154990166566336,-0.3604532040790129,-0.05524709271251785,-0.057346652247295314,0.012315069684653328,-0.057290058934550324,-0.2808621763756259
2025-10-23 12:00:00+00:00,-0.2504963179640412,-0.2887057909159426,-0.10815530684413123,-0.11900727015964785,-0.3604532040790129,-0.0037387510143910034,-0.057346652247295314,-0.009243962032572718,-0.08853140456065421,-0.2702803905098412
2025-10-23 13:00:00+00:00,-0.2504963179640412,-0.2887057909159426,-0.10815530684413123,-0.10659066205642986,-0.35234710461917845,0.04710812979457492,-0.04869129154410171,-0.020203062312275293,-0.08853140456065421,-0.25839320226571294
2025-10-23 14:00:00+00:00,-0.2504963179640412,-0.2887057909159426,-0.10815530684413123,-0.08659462886406545,-0.3405484880048612,0.10173437081157807,-0.06236971667765203,-0.020203062312275293,-0.13904410690109398,-0.23886025425731516
2025-10-23 15:00:00+00:00,-0.2504963179640412,-0.2660109679925106,-0.17394399904705127,-0.06728386746600207,-0.31616190665872657,0.18928138043181772,-0.04869129154410171,-0.020203062312275293,-0.09187338038708556,-0.2217723713336212
2025-10-23 16:00:00+00:00,-0.2155959559798164,-0.2660109679925106,-0.17394399904705127,-0.09892441886084917,-0.37361756040463207,0.11818423570138982,-0.04869129154410171,-0.020203062312275293,-0.13152820923076458,-0.23628322755194422
2025-10-23 17:00:00+00:00,-0.2155959559798164,-0.2660109679925106,-0.17394399904705127,-0.09892441886084917,-0.42061045162641697,0.06999431033101743,-0.04869129154410171,-0.03459882932302362,-0.09187338038708556,-0.23628322755194422
2025-10-23 18:00:00+00:00,-0.2155959559798164,-0.2842948191555641,-0.22722536942501623,-0.09892441886084917,-0.4501916851055664,0.022831880883810884,-0.03747041601939913,-0.020297396190129397,-0.050771443109170054,-0.24955455075081293
2025-10-23 19:00:00+00:00,-0.2155959559798164,-0.26832080267144354,-0.22722536942501623,-0.11362645335513337,-0.48211666239533707,-0.023483190673485962,-0.03747041601939913,-0.00567330552462862,-0.050771443109170054,-0.24955455075081293
2025-10-23 20:00:00+00:00,-0.2155959559798164,-0.2556659361460659,-0.22722536942501623,-0.12115116493580194,-0.4997560764059973,-0.04912940726918915,-0.03747041601939913,-0.00567330552462862,-0.050771443109170054,-0.23959179238423722
2025-10-23 21:00:00+00:00,-0.2155959559798164,-0.24258317673836913,-0.22722536942501623,-0.12853266837088442,-0.5092762694055325,-0.08857717625398726,-0.03747041601939913,0.0027338127357705425,-0.07349870430966844,-0.22599561372649096
2025-10-23 22:00:00+00:00,-0.20980713522969807,-0.22196534763144943,-0.24273076788378822,-0.1327408191246953,-0.523502848429062,-0.11511216324637388,-0.04424941990597493,0.002391142486113699,-0.10046988322585496,-0.19965176964600329
2025-10-23 23:00:00+00:00,-0.2036535568891074,-0.23378441639135805,-0.25934123628909406,-0.17024541021207426,-0.5793564863488679,-0.14437962803471818,-0.06611277448522228,-0.03537789516745076,-0.10182237826083486,-0.20039331404749983
2025-10-24 00:00:00+00:00,-0.23722191939369508,-0.23378441639135805,-0.21400821349911675,-0.17024541021207426,-0.6234070658157609,-0.19795184832602455,-0.08217629746120932,-0.03537789516745076,-0.07193297717892244,-0.20039331404749983
2025-10-24 01:00:00+00:00,-0.25099170244809754,-0.23378441639135805,-0.21400821349911675,-0.18236093431107803,-0.6647495051939496,-0.21787458362622536,-0.09184613043204387,-0.038341700336923995,-0.07965485451968563,-0.20616708768818584
2025-10-24 02:00:00+00:00,-0.25099170244809754,-0.23378441639135805,-0.21400821349911675,-0.18836782563902996,-0.6984457506845209,-0.24160540578278808,-0.098615231423425,-0.03537789516745076,-0.07965485451968563,-0.20616708768818584
2025-10-24 03:00:00+00:00,-0.25099170244809754,-0.23378441639135805,-0.21400821349911675,-0.19344296551853005,-0.7176682730418225,-0.2985842728096914,-0.10201087613456557,-0.0325071881806392,-0.06949385818498736,-0.20616708768818584
2025-10-24 04:00:00+00:00,-0.23722191939369508,-0.23378441639135805,-0.21400821349911675,-0.19344296551853005,-0.7553505776694368,-0.3464069643331123,-0.10201087613456557,-0.03537789516745076,-0.06949385818498736,-0.20616708768818584
2025-10-24 05:00:00+00:00,-0.22776165483993524,-0.21700413623996195,-0.20064818532896475,-0.17732775243075868,-0.7532722727023453,-0.347682099221081,-0.0864195349022643,-0.03214440395099986,-0.06290563455173236,-0.1862611467463346
2025-10-24 06:00:00+00:00,-0.23795913256171805,-0.21700413623996195,-0.20064818532896475,-0.18638384920472187,-0.7338512624639901,-0.34379007198945705,-0.0864195349022643,-0.03709976563739491,-0.06290563455173236,-0.1896852844077609
2025-10-24 07:00:00+00:00,-0.24825457250084437,-0.22701248710980146,-0.22243935417875865,-0.17304125156101793,-0.7144015367438792,-0.34021081382586754,-0.0911000569510379,-0.03709976563739491,-0.06290563455173236,-0.2000843731061724
2025-10-24 08:00:00+00:00,-0.24825457250084437,-0.2357387461243753,-0.24018574878249435,-0.17304125156101793,-0.6960578750340809,-0.32020787375926596,-0.0911000569510379,-0.042370112608148346,-0.06290563455173236,-0.21605919922096453
2025-10-24 09:00:00+00:00,-0.12391945648695137,-0.08870862810821581,0.2630523774512698,-0.0771245336296629,-0.26823274592113955,-0.009773741754158028,-0.13074343727233667,-0.08162056512287577,-0.016715143389538296,0.015654089025754596
2025-10-24 10:00:00+00:00,-0.12218147627728487,-0.08392310757675141,0.2647678122550249,-0.07816726940636184,-0.2597374271259607,-0.015607579618616661,-0.13065042363675824,-0.08211788322811003,-0.007084798884408207,0.013888154131760744
2025-10-24 11:00:00+00:00,-0.12218147627728487,-0.08392310757675141,0.2647678122550249,-0.08141232195327144,-0.2524343462589466,-0.015607579618616661,-0.13618229342281976,-0.08211788322811003,-0.007084798884408207,0.013888154131760744
2025-10-24 12:00:00+00:00,-0.12218147627728487,-0.08953857764964088,0.23139350948409876,-0.08554809460356574,-0.2433852995361293,-0.015607579618616661,-0.13317422596184725,-0.090254612441565,-0.017375713473729335,0.00504572790460393
2025-10-24 13:00:00+00:00,-0.13119093362187428,-0.08953857764964088,0.2215764305175697,-0.090205484144557,-0.23603327116770245,-0.0044750289466974165,-0.1366872025052417,-0.090254612441565,-0.017375713473729335,-0.0080027760922564
2025-10-24 14:00:00+00:00,-0.14713206974021467,-0.09040488044307964,0.21854931466783692,-0.086539549340563,-0.22553084865462186,-0.0034644202782177017,-0.1414541510960347,-0.09623198984070526,-0.0070937016715421726,-0.027257631839432823
2025-10-24 15:00:00+00:00,-0.1580508755811985,-0.09127425840969663,0.21551669530130402,-0.07724557093849994,-0.21570980567712567,0.013032261758716301,-0.14150447436425095,-0.09786724613920747,-0.007102696525878787,-0.03845104598606001
2025-10-24 16:00:00+00:00,-0.1545769027202347,-0.0888378560497687,0.21551669530130402,-0.07843143069345933,-0.215062655602547,0.008384331933614956,-0.14089402218477876,-0.09706248685280038,-0.007102696525878787,-0.035202568513388495
2025-10-24 17:00:00+00:00,-0.1545769027202347,-0.08739268275598987,0.21551669530130402,-0.07843143069345933,-0.21495762928947704,0.008384331933614956,-0.14089402218477876,-0.09491398446506058,-0.0031230567135817205,-0.03193045322915687
2025-10-24 18:00:00+00:00,-0.1545769027202347,-0.08594839455874626,0.21551669530130402,-0.07843143069345933,-0.21436645244098504,0.008384331933614956,-0.14089402218477876,-0.09571346786138073,0.000999252534574044,-0.030579200905758545
2025-10-24 19:00:00+00:00,-0.15944764475579062,-0.09398481545120868,0.2121568032354716,-0.08133242608764989,-0.21572962789931505,0.005605765386118251,-0.14433641856647103,-0.09875307838205584,-0.002841866384261273,-0.03338823224792627
2025-10-24 20:00:00+00:00,-0.15944764475579062,-0.09398481545120868,0.2155418609061964,-0.08206517580059951,-0.21611936625068304,0.005605765386118251,-0.14553446747587012,-0.09875307838205584,-0.002841866384261273,-0.03393093970233481
2025-10-24 21:00:00+00:00,-0.15944764475579062,-0.09099557931224257,0.2155418609061964,-0.08206517580059951,-0.21736246116141006,0.005605765386118251,-0.14553446747587012,-0.09968507613697318,-0.003200852556425944,-0.03316596368694935
2025-10-24 22:00:00+00:00,-0.15557378460117055,-0.09099557931224257,0.21932781588230685,-0.08206517580059951,-0.21737238835192696,0.005337441203878681,-0.14364766642691182,-0.10257440183116387,-0.0035505089719639975,-0.0326769974320595
2025-10-24 23:00:00+00:00,-0.15534942197238247,-0.09131238987918978,0.21162509910673266,-0.08061703461647285,-0.21871455644535673,0.005337441203878681,-0.14741118232172973,-0.10367987109423962,-0.004024267676778339,-0.0325248803984391
2025-10-25 00:00:00+00:00,-0.15534942197238247,-0.09272527198392698,0.21162509910673266,-0.08312530636943377,-0.21871455644535673,0.005337441203878681,-0.1527679870213831,-0.10549863638887932,-0.004519825582472375,-0.03197088445057761
2025-10-25 01:00:00+00:00,-0.15011314495531983,-0.08934456715263987,0.2125244494531815,-0.08057167970938663,-0.21957134608837064,0.006687106991994564,-0.14875007877496937,-0.10385779575235994,0.0025239169455127967,-0.027742527254614815
2025-10-25 02:00:00+00:00,-0.14955174484993428,-0.08860444245107917,0.2133201877599649,-0.08016273264294754,-0.21989363436192033,0.002956903453444436,-0.1499596037554794,-0.10389729049778548,0.006052298979710143,-0.02967029306279159
2025-10-25 03:00:00+00:00,-0.1491531359132446,-0.08788420663526314,0.22573545420643304,-0.08016273264294754,-0.2203537103550472,-0.0008378991704358552,-0.1499596037554794,-0.10255058654333327,0.006052298979710143,-0.03153410250624589
2025-10-25 04:00:00+00:00,-0.14792614680442556,-0.08354646183061182,0.22694245993902493,-0.07794434685632365,-0.2177182780082658,0.004566557843721838,-0.144786957955204,-0.0973667917253768,0.006483274506933927,-0.03168624809110187
2025-10-25 05:00:00+00:00,-0.14698663111581575,-0.07901631475665157,0.22937349782552155,-0.07572422275023942,-0.21538412077185576,0.009678098511505058,-0.14207807757271632,-0.09041418127098486,0.018541398996474542,-0.031981952609339434
2025-10-25 06:00:00+00:00,-0.14631140074750343,-0.07427909345086497,0.23224182387612594,-0.06703566366377736,-0.21065278548767513,0.006776778493476225,-0.14314141790082516,-0.08295342064496868,0.022714651153948908,-0.03241115140536206
2025-10-25 07:00:00+00:00,-0.15230403496581027,-0.06906723445883377,0.23845057933002964,-0.0634513675823277,-0.203494278892911,0.006776778493476225,-0.13934565200742607,-0.08295342064496868,0.030080119712456103,-0.037326647982501224
2025-10-25 08:00:00+00:00,-0.15230403496581027,-0.06398720736110795,0.2448208265701466,-0.056242155010792716,-0.19788043337228395,0.006776778493476225,-0.13934565200742607,-0.08295342064496868,0.030080119712456103,-0.04003238320931142
2025-10-25 09:00:00+00:00,-0.15230403496581027,-0.06906723445883377,0.2448208265701466,-0.04994916345714498,-0.19631341476355169,0.006776778493476225,-0.14314141790082516,-0.08295342064496868,0.0372998444537475,-0.0427539533502483
2025-10-25 10:00:00+00:00,-0.15160630984293189,-0.0631826274074655,0.24646995913718975,-0.04231748314820029,-0.19243594691052285,0.008056053196044341,-0.1403321679428514,-0.07389877583068943,0.03816921914535268,-0.04972892204997355
2025-10-25 11:00:00+00:00,-0.14495589001964546,-0.06378415043077512,0.24812448493066092,-0.03848383554740802,-0.18965878781802034,0.009337831264841008,-0.14227325858896134,-0.0686739481179106,0.046300823537942064,-0.05465900209498205
2025-10-25 12:00:00+00:00,-0.14417713866502,-0.06438741543122234,0.2497844715608922,-0.03457437361206855,-0.18584248801755743,0.0064318179880277025,-0.14213732253282843,-0.06454339039035402,0.05449579594667161,-0.06148655656635433
2025-10-25 13:00:00+00:00,-0.15332525728637356,-0.06438741543122234,0.2497844715608922,-0.03882921614319848,-0.18584248801755743,0.0064318179880277025,-0.14213732253282843,-0.06454339039035402,0.043450601264339216,-0.07011842467270354
2025-10-25 14:00:00+00:00,-0.1648823475868591,-0.06501731716055768,0.24718339232295677,-0.045129118760904474,-0.17939000852564777,0.007717600518065574,-0.1380520834282422,-0.06750563637677143,0.044420636218084265,-0.08856555327957007
2025-10-25 15:00:00+00:00,-0.17678173368349684,-0.06564960044534081,0.2603076712458228,-0.04553226209089456,-0.17567335442072263,0.00900697048108456,-0.13919862166086533,-0.07655330909823362,0.045393771011500564,-0.09486182163565204
2025-10-25 16:00:00+00:00,-0.1714322624730621,-0.06564960044534081,0.2603076712458228,-0.04553226209089456,-0.16750921656723738,0.012989506674051575,-0.13919862166086533,-0.07415959473007513,0.049409010089493444,-0.09352797834896723
2025-10-25 17:00:00+00:00,-0.16980212795533794,-0.06564960044534081,0.2603076712458228,-0.04553226209089456,-0.17036978195316244,0.012989506674051575,-0.1387731048756259,-0.07415959473007513,0.045393771011500564,-0.09221551652755262
2025-10-25 18:00:00+00:00,-0.16980212795533794,-0.06564960044534081,0.2603076712458228,-0.04705871917005077,-0.16801531299559258,0.012989506674051575,-0.13862782797497095,-0.07415959473007513,0.04149875736338051,-0.0918824913139673
2025-10-25 19:00:00+00:00,-0.1719148475963881,-0.066214486218001,0.2603076712458228,-0.04809692777380837,-0.16979287618787198,0.012989506674051575,-0.13862782797497095,-0.07415959473007513,0.037709085166593284,-0.0918824913139673
2025-10-25 20:00:00+00:00,-0.1719148475963881,-0.06242358749503736,0.2603076712458228,-0.04547147792998335,-0.18436778743095114,0.012989506674051575,-0.13862782797497095,-0.07415959473007513,0.037719353515628024,-0.07980289482236559
2025-10-25 21:00:00+00:00,-0.1719148475963881,-0.05920685781211837,0.26205291424594923,-0.04220070451829798,-0.20408782417036986,0.012989506674051575,-0.13862782797497095,-0.07415959473007513,0.037719353515628024,-0.07145040751577678
2025-10-25 22:00:00+00:00,-0.17053796805342603,-0.05595383758341625,0.2612634931569839,-0.03991016442040299,-0.20361251939753325,0.01307924507509914,-0.13759947668672273,-0.07390423937807172,0.03630202494784217,-0.06691684871729264
2025-10-25 23:00:00+00:00,-0.17050358244633365,-0.05550176238838208,0.2605123907141998,-0.03992715655811596,-0.18732173714421888,0.012955699621505164,-0.13760544908698638,-0.0726969004513093,0.03620052241793449,-0.06635215836986307
2025-10-26 00:00:00+00:00,-0.17050358244633365,-0.05625361888773237,0.272109430168182,-0.04062722468144992,-0.17516760179481206,0.012955699621505164,-0.13760544908698638,-0.07419132011012566,0.04050217174379092,-0.06656090977815096
2025-10-26 01:00:00+00:00,-0.16232345476038598,-0.05307448953848215,0.2718660529562508,-0.03730755585789661,-0.1811504689673414,0.019507443627922106,-0.133562374531301,-0.0710441000598252,0.041606571529941794,-0.06549583467632941
2025-10-26 02:00:00+00:00,-0.16232345476038598,-0.04981448862401059,0.2718660529562508,-0.03525850997596484,-0.17905993293619146,0.030068520728049254,-0.133562374531301,-0.06834057195384236,0.0476646856847279,-0.06462204188180427
2025-10-26 03:00:00+00:00,-0.16324828349644527,-0.04647264546349305,0.27485564201991763,-0.03414916940546079,-0.18331351210227484,0.03672520229715309,-0.1337044596312148,-0.06566235903023775,0.06520989352400643,-0.06374560075110353
2025-10-26 04:00:00+00:00,-0.16324828349644527,-0.04303262192579664,0.2781139409279667,-0.033160452272283564,-0.19250256584638334,0.049419022923079564,-0.13387953352387041,-0.0631867206794101,0.07434985954567921,-0.06374560075110353
2025-10-26 05:00:00+00:00,-0.16423997028978427,-0.04152276023369735,0.28164157327427,-0.026794890403190687,-0.20180038877620476,0.05460680000341201,-0.1328225833725889,-0.06158251683938419,0.09011025077215348,-0.06286632931608842
2025-10-26 06:00:00+00:00,-0.16400569912141014,-0.03291471817515672,0.2875455546088374,-0.015180632850046578,-0.21081502311579547,0.0621158188242026,-0.13160850550717018,-0.06270936115417222,0.09758476449942449,-0.06174236451248921
2025-10-26 07:00:00+00:00,-0.15961624648351297,-0.020889035037886184,0.31924802099160365,-0.012393595578690582,-0.22024508680612523,0.07111768405661302,-0.13109276438987594,-0.06592984808843959,0.10535099251910335,-0.06280912954305684
2025-10-26 08:00:00+00:00,-0.1664611490234397,-0.015892572741260526,0.3289630544640476,-0.0020565036988727517,-0.22024508680612523,0.07887379441944095,-0.13109276438987594,-0.060094076377703184,0.10535099251910335,-0.060079746867318
2025-10-26 09:00:00+00:00,-0.2473841754350038,-0.28023677658381874,-0.11907540416245822,-0.19648599033658543,-0.001736412462441266,-0.13395698049715632,-0.1321410830070226,-0.02730227878879826,-0.047299420538548485,-0.34359564473175613
2025-10-26 10:00:00+00:00,-0.2473841754350038,-0.2661309853282587,-0.09045356438019966,-0.1693632155208275,-0.04082379651958931,-0.11624836085261929,-0.1246005276659359,-0.01574536259565922,-0.047299420538548485,-0.3314229551071816
2025-10-26 11:00:00+00:00,-0.2502083064333443,-0.22795697482602462,-0.04659486236077167,-0.121208411186019,-0.09460378139049887,-0.053506354694129454,-0.08695371242348471,0.027576371656682436,-0.03460642701030927,-0.31816828161329574
2025-10-26 12:00:00+00:00,-0.2533053200677121,-0.1866072463862053,0.06589823820301101,-0.08741174304897002,-0.15364181565830645,0.009627639262577814,-0.07661667364420095,0.08749906752396856,0.011950732646360105,-0.3041156040359962
2025-10-26 13:00:00+00:00,-0.2826115865395457,-0.2122346684476577,0.1325116935557047,-0.057516015717105,-0.21287870388186625,0.0934705548639167,-0.0609659433193736,0.11188693942740097,-0.05169253268722308,-0.26501853651248874
2025-10-26 14:00:00+00:00,-0.2533053200677121,-0.1839903631522349,0.1325116935557047,-0.04249689507977994,-0.2549480109917065,0.1753751527706045,-0.045312230308455964,0.1612036342565693,-0.05169253268722308,-0.20043333506742192
2025-10-26 15:00:00+00:00,-0.2533053200677121,-0.1839903631522349,0.1325116935557047,-0.04249689507977994,-0.32551234623889574,0.25547328879686204,-0.02965127047384116,0.1612036342565693,-0.05169253268722308,-0.18758102906584465
2025-10-26 16:00:00+00:00,-0.2533053200677121,-0.23754937763299758,0.1325116935557047,-0.0558172495606142,-0.29195272842709646,0.21408701092985855,-0.02965127047384116,0.13744605502166976,-0.05169253268722308,-0.2202326227669648
2025-10-26 17:00:00+00:00,-0.2533053200677121,-0.26309245889613836,0.1325116935557047,-0.08200716689087278,-0.26178777527190894,0.13288164711054193,-0.02965127047384116,0.09219364114879217,-0.10881456567475253,-0.2524619882673297
2025-10-26 18:00:00+00:00,-0.23004366996033257,-0.2887138589689944,0.18994198070279644,-0.13142092927527077,-0.24557080647766574,0.06121177844319994,-0.02965127047384116,0.09219364114879217,-0.16592868838602245,-0.26238991545221635
2025-10-26 19:00:00+00:00,-0.23004366996033257,-0.2669334278914835,0.18994198070279644,-0.1660370415199394,-0.24557080647766574,-0.0033973342066712935,-0.02965127047384116,0.09219364114879217,-0.16592868838602245,-0.28123627923486516
2025-10-26 20:00:00+00:00,-0.2556898777141145,-0.2791289710713514,0.1501203369628436,-0.2059086020705472,-0.26703624999644754,-0.061538461538472,-0.05266420050363575,0.07642795583317681,-0.12239724052971927,-0.31296068113496855
2025-10-26 21:00:00+00:00,-0.2806186217159774,-0.2931093695591024,0.07598314073637262,-0.22328857339979127,-0.2870514036452262,-0.08776608795362908,-0.06877080872996423,0.04165588215709069,-0.13559297947707652,-0.35070444437272424
2025-10-26 22:00:00+00:00,-0.2752782307173886,-0.2931093695591024,0.07598314073637262,-0.22328857339979127,-0.27303380782482056,-0.11355630278178759,-0.05725413456148204,0.04165588215709069,-0.11091154566535812,-0.3529162458297463
2025-10-26 23:00:00+00:00,-0.2752782307173886,-0.2931093695591024,0.030293776586384692,-0.24085375852767274,-0.23309526046533,-0.12777595207419096,-0.06402307900478127,0.05008424894611758,-0.11091154566535812,-0.3644050302219735
2025-10-27 00:00:00+00:00,-0.2752782307173886,-0.27235292277497175,0.030293776586384692,-0.24085375852767274,-0.15782824144701993,-0.12777595207419096,-0.06402307900478127,0.05760469696585527,-0.08061053910606013,-0.3761577787343336
2025-10-27 01:00:00+00:00,-0.2752782307173886,-0.27235292277497175,0.003354963547412695,-0.24085375852767274,-0.11613320734020526,-0.12777595207419096,-0.06402307900478127,0.05760469696585527,-0.08061053910606013,-0.38995132925643144
2025-10-27 02:00:00+00:00,-0.2752782307173886,-0.26641742385629275,0.003354963547412695,-0.24085375852767274,-0.11585216713944825,-0.12703032248695648,-0.06392709600256609,0.05760469696585527,-0.08500537665147267,-0.3922733085978807
2025-10-27 03:00:00+00:00,-0.2752782307173886,-0.2610973546997367,0.003354963547412695,-0.24085375852767274,-0.1161837227184026,-0.12703032248695648,-0.06373850422889085,0.05538365766560903,-0.08500537665147267,-0.3962291101848859
2025-10-27 04:00:00+00:00,-0.2752782307173886,-0.25630588902647894,0.008225416267150907,-0.24085375852767274,-0.11827744075799462,-0.12840774175425845,-0.06370119875734094,0.061745822493309,-0.08500537665147267,-0.4004591866716314
2025-10-27 05:00:00+00:00,-0.2764383845222108,-0.2519723806316424,0.008225416267150907,-0.24233182984586538,-0.12091889098281278,-0.12512884524426618,-0.06250547554304244,0.061745822493309,-0.08867341759135497,-0.40583263984525947
2025-10-27 06:00:00+00:00,-0.2732436280152354,-0.2529662559435621,0.003354963547412695,-0.24233182984586538,-0.12449853267376122,-0.11648198543970865,-0.06115254518935117,0.061745822493309,-0.09323983604309756,-0.41178215384979105
2025-10-27 07:00:00+00:00,-0.2529200063452011,-0.2529662559435621,0.003354963547412695,-0.23398356522370253,-0.1508102371798116,-0.07869290687474191,-0.06115254518935117,0.061745822493309,-0.12473738227710368,-0.37484057597253234
2025-10-27 08:00:00+00:00,-0.2529200063452011,-0.2529662559435621,0.003354963547412695,-0.23398356522370253,-0.16868738718881626,-0.04317085893630411,-0.06115254518935117,0.061745822493309,-0.15704239979079707,-0.3279243236369663
2025-10-27 09:00:00+00:00,-0.2732436280152354,-0.23838680487083555,0.04112708133575453,-0.22572013373083277,-0.18437226096037698,0.006926961464740533,-0.06115254518935117,0.07397648632220144,-0.1903239263083314,-0.30127477021277765
2025-10-27 10:00:00+00:00,-0.2732436280152354,-0.23838680487083555,0.04112708133575453,-0.22572013373083277,-0.19864211299509743,0.04059379541922838,-0.06979893575615577,0.07397648632220144,-0.1903239263083314,-0.2773382770577747
2025-10-27 11:00:00+00:00,-0.2703754868487812,-0.23869013885158163,0.0868126904993268,-0.21768042648864758,-0.1861668393954424,0.11095537552855429,-0.06559926502399796,0.08711017728052559,-0.22789159588568023,-0.24976730677824874
2025-10-27 12:00:00+00:00,-0.2677678609651661,-0.23911971466969711,0.13214636152599488,-0.19716363082194527,-0.16047637229183806,0.1587484697354834,-0.054199988806689026,0.08732370665644963,-0.20430394028774307,-0.21574948192507212
2025-10-27 13:00:00+00:00,-0.2677678609651661,-0.23911971466969711,0.13214636152599488,-0.131601496071902,-0.11883132291607382,0.23442164093173046,-0.054199988806689026,0.1090848692006303,-0.14602931320223408,-0.15620014962125317
2025-10-27 14:00:00+00:00,-0.2334062362128031,-0.2137300487032131,0.18949517641413707,-0.07865013051472519,-0.09177332648256037,0.3369305002672561,-0.038548552674893904,0.12929251864028102,-0.08947632710018558,-0.08561668154840918
2025-10-27 15:00:00+00:00,-0.19964758400733823,-0.18845235029036317,0.2412344691391421,-0.05277339773261756,-0.06525598361601441,0.4213741383379552,-0.023015652647090653,0.15036663420751248,-0.08947632710018558,-0.04031006276178717
2025-10-27 16:00:00+00:00,-0.2598985292067664,-0.21090564787411545,0.17632354988887913,-0.0762850372622613,-0.06525598361601441,0.35158284489932357,-0.05017254210360999,0.0898079463303827,-0.13734095316598843,-0.09098931351243283
2025-10-27 17:00:00+00:00,-0.28752661208618147,-0.21090564787411545,0.11777926492970503,-0.11086743987583465,-0.06525598361601441,0.3000087583979904,-0.07675130439634804,0.0898079463303827,-0.08947632710018558,-0.14140888837292465
2025-10-27 18:00:00+00:00,-0.28752661208618147,-0.23045474400815974,0.0642042541127962,-0.11086743987583465,-0.06525598361601441,0.21950308499995694,-0.07675130439634804,0.10974766571747961,-0.08947632710018558,-0.18934861536841943
2025-10-27 19:00:00+00:00,-0.28752661208618147,-0.23045474400815974,0.014590332545956066,-0.11086743987583465,-0.06525598361601441,0.11661841705978729,-0.07675130439634804,0.08897185725629544,-0.04062469615400497,-0.21601386986853152
2025-10-27 20:00:00+00:00,-0.3096567218390764,-0.25619486557416005,-0.03282880100696343,-0.12861413414347936,-0.07713499612854083,0.03630949687474291,-0.09072289220733762,0.03845976059226127,-0.032445878097917866,-0.2343200284256833
2025-10-27 21:00:00+00:00,-0.3312780025490657,-0.28129795987824113,-0.09713702131489771,-0.16045545600834593,-0.06596959228898261,-0.013790486846720846,-0.11580135853206926,-0.038146944016738515,-0.0027025049079023506,-0.259250274275412
2025-10-27 22:00:00+00:00,-0.3312780025490657,-0.2787197948272568,-0.12029435956282877,-0.1478641684916045,-0.05520746442267907,-0.04109266177125248,-0.11025691551467752,-0.04539257660916541,-0.04890258064710919,-0.26210944755778415
2025-10-27 23:00:00+00:00,-0.3312780025490657,-0.2688977603829431,-0.14501683066358392,-0.14114455165572556,-0.06117740513395999,-0.0702025524509838,-0.07540308567079969,-0.04539257660916541,-0.024518960063930624,-0.26210944755778415
2025-10-28 00:00:00+00:00,-0.3312780025490657,-0.240060756252834,-0.14501683066358392,-0.14114455165572556,-0.03666878170771008,-0.0812288814603424,-0.06877861370094229,-0.04539257660916541,-0.024518960063930624,-0.26210944755778415
2025-10-28 01:00:00+00:00,-0.3576524591282394,-0.2136496791022585,-0.12029435956282877,-0.14114455165572556,-0.0010374659067499262,-0.1035913632456065,-0.06877861370094229,-0.061091233563829464,-0.0025431965033579115,-0.2683133157815803
2025-10-28 02:00:00+00:00,-0.3576524591282394,-0.21048470148687662,-0.12024527240073465,-0.1404769405036689,-0.007225292776789397,-0.1035913632456065,-0.06877861370094229,-0.061630938246558575,-0.0025431965033579115,-0.2695707248101104
2025-10-28 03:00:00+00:00,-0.3576524591282394,-0.20784600655819813,-0.12024527240073465,-0.1398490387696473,-0.011811503135465693,-0.10377577523542827,-0.06885671175553361,-0.06217560487058468,-0.0025431965033579115,-0.27087631715405697
2025-10-28 04:00:00+00:00,-0.3576524591282394,-0.20565305926631183,-0.12024527240073465,-0.1398490387696473,-0.014529766604633544,-0.10323527882645464,-0.06845473669824129,-0.06272492952535355,-0.0025431965033579115,-0.2743500282496338
2025-10-28 05:00:00+00:00,-0.3576524591282394,-0.20565305926631183,-0.12024527240073465,-0.14078851462072758,-0.017957950131786415,-0.10077204463868868,-0.06957324556565937,-0.06272492952535355,-0.0025431965033579115,-0.2758295727227829
2025-10-28 06:00:00+00:00,-0.35947294420777276,-0.20660049590760501,-0.11996971561020563,-0.13363600133564052,-0.03772712679758886,-0.09081599423808126,-0.07416314204551816,-0.053413059347269864,0.015159150010110716,-0.2801429554282196
2025-10-28 07:00:00+00:00,-0.3460792161174266,-0.19763401256034718,-0.11972814580161278,-0.11352206299939854,-0.03497395483317862,-0.05271381783641204,-0.05948894546632652,-0.036086827614128604,0.03263920523063396,-0.24125919123807926
2025-10-28 08:00:00+00:00,-0.32756118557958536,-0.19763401256034718,-0.14250917153970116,-0.11352206299939854,-0.06415416232618168,-0.03925788708928055,-0.05948894546632652,-0.026561662254895077,0.03263920523063396,-0.20582462092054815
2025-10-28 09:00:00+00:00,-0.32756118557958536,-0.19763401256034718,-0.1132441751064152,-0.10657870925311906,-0.08139520872884405,-0.0009292319989824306,-0.05948894546632652,-0.026561662254895077,0.006110030322222378,-0.17503391581321168
2025-10-28 10:00:00+00:00,-0.32756118557958536,-0.19763401256034718,-0.1132441751064152,-0.11790701204307703,-0.10654157745450704,0.04987083324200825,-0.06586459056440001,-0.01778735322326572,0.006110030322222378,-0.15944180697641616
2025-10-28 11:00:00+00:00,-0.3267503552113273,-0.18695933360172853,-0.1119290721099407,-0.11938583706106129,-0.1227332867581291,0.08801204919237425,-0.073946439586464,-0.051737836006673574,0.0,-0.137638990829906
2025-10-28 12:00:00+00:00,-0.3261084519404106,-0.1766946113858288,-0.06292496484675997,-0.11542416956146406,-0.11938139448753406,0.12363243894584174,-0.08158446845861672,-0.04409610016343321,0.017767661134043423,-0.10674043076863353
2025-10-28 13:00:00+00:00,-0.3012618694656452,-0.13756592998423636,-0.01739621250747124,-0.09216713401323637,-0.12951129959306315,0.16393982691108921,-0.08158446845861672,-0.04409610016343321,0.10669885343580875,-0.056201411780244896
2025-10-28 14:00:00+00:00,-0.3012618694656452,-0.13756592998423636,0.02623055151810138,-0.06932190422828442,-0.15028252249262322,0.2070007125614017,-0.08158446845861672,-0.027685248352560716,0.17023607726798223,-0.016703746571103153
2025-10-28 15:00:00+00:00,-0.3012618694656452,-0.1173147452324676,0.02623055151810138,-0.03591553023042051,-0.15980636485430935,0.22983003968720184,-0.08158446845861672,-0.01163166458129655,0.20803311794403764,0.03166060517699533
2025-10-28 16:00:00+00:00,-0.3289817325053259,-0.1173147452324676,-0.014163678457117588,-0.04612350536697544,-0.1414339659440633,0.16430726676591675,-0.09213331360717875,-0.026436390352635748,0.16480234913278036,0.004370617310896026
2025-10-28 17:00:00+00:00,-0.3289817325053259,-0.1173147452324676,-0.05317546412040531,-0.06584295714629028,-0.12361990403079678,0.12098455881792819,-0.09213331360717875,-0.041007224106781946,0.08586605335203773,-0.02260046395577471
2025-10-28 18:00:00+00:00,-0.3486314392955276,-0.13448932642312358,-0.13335613120193082,-0.06584295714629028,-0.10557531923103426,0.07975314727395594,-0.09213331360717875,-0.055357872678192616,0.05261767461547575,-0.057881100818021676
2025-10-28 19:00:00+00:00,-0.3486314392955276,-0.15132095757134206,-0.17069186410048567,-0.06584295714629028,-0.06944152619362759,0.040308667745412495,-0.09213331360717875,-0.08296651437526874,-0.008284999543814052,-0.08360769550867857
2025-10-28 20:00:00+00:00,-0.3486314392955276,-0.16631623475024074,-0.17069186410048567,-0.06584295714629028,-0.021357147655353455,0.021280622577298836,-0.10196067372803931,-0.10956645302165567,-0.06392213591351885,-0.09984348585787518
2025-10-28 21:00:00+00:00,-0.3486314392955276,-0.18083401725460216,-0.13335613120193082,-0.09340294199212136,0.008985829039971962,-0.016443688049408683,-0.11161804956811813,-0.13527560842869768,-0.06392213591351885,-0.09206963520562281
2025-10-28 22:00:00+00:00,-0.3486314392955276,-0.18083401725460216,-0.17473947417964175,-0.10232371717634296,0.019059984034948636,-0.04338016933049011,-0.11161804956811813,-0.1280024778991363,-0.06392213591351885,-0.0992324481102911
2025-10-28 23:00:00+00:00,-0.3288651894068227,-0.1891759354903385,-0.17473947417964175,-0.11889544617898828,0.037724837563196834,-0.06292820427408906,-0.09358874488018629,-0.1280024778991363,-0.06392213591351885,-0.10350579064696883
2025-10-29 00:00:00+00:00,-0.3288651894068227,-0.20104392070272098,-0.20100349345410193,-0.12494916839285404,0.037724837563196834,-0.08541859137241344,-0.09358874488018629,-0.13749972000595004,-0.07922408719466956,-0.10847461671173257
2025-10-29 01:00:00+00:00,-0.3288651894068227,-0.21342512479097486,-0.20100349345410193,-0.13114445682094306,0.050739282176317964,-0.11062921005911042,-0.09358874488018629,-0.145816770508691,-0.07922408719466956,-0.11892807426727922
2025-10-29 02:00:00+00:00,-0.3288651894068227,-0.21342512479097486,-0.20100349345410193,-0.132850798598783,0.0490846690411636,-0.11251269120577043,-0.09438317590541882,-0.14396712691889252,-0.07839590634797068,-0.12175584264559156
2025-10-29 03:00:00+00:00,-0.3288651894068227,-0.21679009924422524,-0.20100349345410193,-0.13470095403129997,0.04752541108547664,-0.1194098922123488,-0.0938685499115012,-0.14396712691889252,-0.07747948979457073,-0.1240300125371174
2025-10-29 04:00:00+00:00,-0.3288651894068227,-0.22040727387762968,-0.20100349345410193,-0.13671159744900302,0.04548342520425492,-0.12329123065406775,-0.09337623439516851,-0.1452643513407051,-0.07666557673221697,-0.12657890589371285
2025-10-29 05:00:00+00:00,-0.3240933260945495,-0.22430572670796156,-0.20100349345410193,-0.13797099858428996,0.04437132717847961,-0.12353568250171279,-0.09325305462217912,-0.1452643513407051,-0.0768441770408339,-0.12810837048516438
2025-10-29 06:00:00+00:00,-0.32869993809032627,-0.22809200733033816,-0.21177010529830442,-0.11227517905950013,0.04996191996413433,-0.11537995238716846,-0.09571399499769037,-0.14009861470098622,-0.07018081405651909,-0.13605725391877466
2025-10-29 07:00:00+00:00,-0.32869993809032627,-0.22809200733033816,-0.18621619879056425,-0.09318532541788838,0.03555083295600129,-0.08730173271741655,-0.1018124980188757,-0.12273287481998749,-0.07018081405651909,-0.11878936596348362
2025-10-29 08:00:00+00:00,-0.32869993809032627,-0.21555115314454537,-0.16147982901995073,-0.07492977376120674,0.020771642458478932,-0.06024962016526159,-0.1018124980188757,-0.10603782687387464,-0.07018081405651909,-0.10663289443396208
2025-10-29 09:00:00+00:00,-0.32869993809032627,-0.20332526858300148,-0.1374410130801885,-0.06335476017181718,0.01571579878462408,-0.047431755269321245,-0.1018124980188757,-0.0981737248542202,-0.054962644116107066,-0.09014718350322583
2025-10-29 10:00:00+00:00,-0.32869993809032627,-0.19330029567575008,-0.11994528744125404,-0.052917277948254446,-0.01435347997353836,-0.02209081400448822,-0.09627660965954837,-0.0981737248542202,-0.054962644116107066,-0.08039000011844108
2025-10-29 11:00:00+00:00,-0.32869993809032627,-0.17357029765914972,-0.15900038768100236,-0.0422814122272052,-0.05317453340537235,0.0036902461009287774,-0.09627660965954837,-0.11191538444448493,-0.024792609492443173,-0.050031291032935105
2025-10-29 12:00:00+00:00,-0.3516710579851667,-0.1538437107784558,-0.11399383336776589,-0.020641831568297884,-0.07347203644075395,0.05473841775927969,-0.11757272260911728,-0.09766636370661197,0.005473762994644522,-0.019013768996514573
2025-10-29 13:00:00+00:00,-0.3516710579851667,-0.1341081860254016,-0.11399383336776589,-0.009825582095739773,-0.08414112805748704,0.10156663687759904,-0.11757272260911728,-0.08300104293207422,0.061585602625826824,0.001677785043496999
2025-10-29 14:00:00+00:00,-0.3817266680768065,-0.1341081860254016,-0.11399383336776589,0.0008685304929083365,-0.11579527070659898,0.14515858344857513,-0.1287666656216516,-0.08300104293207422,0.08843946695885037,0.01189616938839246
2025-10-29 15:00:00+00:00,-0.4122638628935486,-0.1341081860254016,-0.11399383336776589,0.022097267363018668,-0.13719637122476713,0.19129193966131064,-0.15097134769565856,-0.06849239918195696,0.11681655076584566,0.04231304556144411
2025-10-29 16:00:00+00:00,-0.4122638628935486,-0.1341081860254016,-0.11399383336776589,0.0017198335088062346,-0.12787244066244494,0.14554692626398053,-0.13157336613550877,-0.06849239918195696,0.08877900895927594,0.0226700523874373
2025-10-29 17:00:00+00:00,-0.4122638628935486,-0.17109196668671228,-0.11399383336776589,-0.008341424696869968,-0.10121359956808836,0.10034193359353008,-0.13157336613550877,-0.08162818484083734,0.03570414716458421,-0.006307135062753324
2025-10-29 18:00:00+00:00,-0.42859126295476396,-0.18670645632658964,-0.11399383336776589,-0.02824349809223212,-0.092025468833113,0.05404761293354478,-0.1219240120757999,-0.10810125677434348,0.0093679041739755,-0.02516335475055499
2025-10-29 19:00:00+00:00,-0.4445594389336507,-0.2018794461527097,-0.11399383336776589,-0.04761913143982331,-0.07336528041382466,0.03170194918349632,-0.11215117937454837,-0.10810125677434348,-0.042235934071662304,-0.04363895088206413
2025-10-29 20:00:00+00:00,-0.4445594389336507,-0.2147321066970737,-0.07276288927774684,-0.06620717987480258,-0.06382666260564276,0.03170194918349632,-0.12154934073026612,-0.10810125677434348,-0.11597418263387524,-0.052679712606992356
2025-10-29 21:00:00+00:00,-0.4275546792125448,-0.2009934237452899,-0.05876139497225817,-0.04160852065742843,-0.04871829027098294,0.010751911238093787,-0.10257400873274308,-0.06786096501906724,-0.1637877361554851,-0.03876381704083412
2025-10-29 22:00:00+00:00,-0.4275546792125448,-0.2009934237452899,-0.05876139497225817,-0.046609245094645674,-0.03284763140934208,-0.010071781626668191,-0.10257400873274308,-0.06080334326656493,-0.15017952098311044,-0.03876381704083412
2025-10-29 23:00:00+00:00,-0.4275546792125448,-0.2009934237452899,-0.05876139497225817,-0.06321511640650866,-0.005914172317628917,-0.010071781626668191,-0.11632261981483756,-0.06897161714362862,-0.19194129091835768,-0.05349880711120348
2025-10-30 00:00:00+00:00,-0.4013589997884824,-0.2009934237452899,-0.08363024281873484,-0.06917454508580534,-0.005914172317628917,-0.020980656662660566,-0.12332176489968896,-0.06897161714362862,-0.20654515424591768,-0.08097279664295717
2025-10-30 01:00:00+00:00,-0.4013589997884824,-0.21394183367150865,-0.11110427082436651,-0.06917454508580534,-0.01127283533131026,-0.043335966933596606,-0.11632261981483756,-0.061460992066744484,-0.22557434364858062,-0.09890654356718126
2025-10-30 02:00:00+00:00,-0.3899075746058619,-0.21814109667901646,-0.10643849086025309,-0.06995475745816203,-0.011237329635598665,-0.045585730249294666,-0.11632261981483756,-0.061460992066744484,-0.22557434364858062,-0.1011403217290552
2025-10-30 03:00:00+00:00,-0.3899075746058619,-0.22265850007287877,-0.10643849086025309,-0.07184274767528437,-0.011270403850352686,-0.04648758783289208,-0.11632261981483756,-0.062005349484158,-0.22788161513585997,-0.10438572747756161
2025-10-30 04:00:00+00:00,-0.3899075746058619,-0.22265850007287877,-0.10643849086025309,-0.0739821691654877,-0.011335688882250438,-0.04778149695548737,-0.11943758537683229,-0.062005349484158,-0.22788161513585997,-0.10808709488180097
2025-10-30 05:00:00+00:00,-0.3899075746058619,-0.22265850007287877,-0.10643849086025309,-0.07561039613795527,-0.0111066419295405,-0.048109470316666764,-0.12137260423740338,-0.062005349484158,-0.22557434364858062,-0.1123518937606773
2025-10-30 06:00:00+00:00,-0.3899075746058619,-0.2296391564912158,-0.08246763782740826,-0.06324913657040218,0.005194999375175066,-0.022120561624705257,-0.10888673141634196,-0.062005349484158,-0.22557434364858062,-0.10736967283604759
2025-10-30 07:00:00+00:00,-0.3899075746058619,-0.21854673717145529,-0.058957526419195355,-0.05036372676019589,0.005194999375175066,0.004084734384124633,-0.10888673141634196,-0.062005349484158,-0.21046161866460056,-0.12771577516794363
2025-10-30 08:00:00+00:00,-0.3899075746058619,-0.20764299744875792,-0.013676179742709396,-0.03798870748855525,0.005194999375175066,0.02853926493264631,-0.10888673141634196,-0.0702726668448314,-0.18437025603313884,-0.12771577516794363
2025-10-30 09:00:00+00:00,-0.3899075746058619,-0.19691622555584357,-0.013676179742709396,-0.032130165578282466,-0.0002214050182262028,0.04014619410378491,-0.11572798407216206,-0.06235308638237478,-0.1582482769354886,-0.13464207224830702
2025-10-30 10:00:00+00:00,-0.3899075746058619,-0.19691622555584357,-0.013676179742709396,-0.00371815422801723,0.016264592224562408,0.04014619410378491,-0.10966317490016987,-0.06235308638237478,-0.1465146844607672,-0.12230847667213243
2025-10-30 11:00:00+00:00,-0.4106624749975782,-0.19691622555584357,0.033563769364087184,0.0314711529434829,0.027188196111267184,0.06395064194748432,-0.0977184997581322,-0.017884369636051868,-0.12073919568373787,-0.09741886678934823
2025-10-30 12:00:00+00:00,-0.4106624749975782,-0.2150755987198982,0.033563769364087184,0.06665843906561685,0.027188196111267184,0.12977421543023276,-0.08578822772766435,-0.03307964568721462,-0.09242103854001209,-0.08475094915525727
2025-10-30 13:00:00+00:00,-0.4106624749975782,-0.2150755987198982,0.033563769364087184,0.07811961297325686,0.037809772302972056,0.16892292744572654,-0.08578822772766435,-0.01778084130090773,-0.06318747453607847,-0.08475094915525727
2025-10-30 14:00:00+00:00,-0.4106624749975782,-0.23316935224773486,0.033563769364087184,0.10048736412946348,0.04828384644312853,0.21056940538311045,-0.08578822772766435,-0.0026234447632416456,-0.06318747453607847,-0.07151989854608115
2025-10-30 15:00:00+00:00,-0.4311374955670795,-0.23316935224773486,0.0805125454244219,0.11170643891809309,0.037479369268281056,0.23535390940998852,-0.08578822772766435,0.012287182125251392,-0.035935516346659,-0.05873974548639315
2025-10-30 16:00:00+00:00,-0.40871633183164063,-0.2500017642925664,0.0805125454244219,0.08885514619988806,0.037479369268281056,0.23535390940998852,-0.07441476958448517,0.012287182125251392,-0.009506080239941008,-0.07070227110761106
2025-10-30 17:00:00+00:00,-0.40871633183164063,-0.26669311168530163,0.0805125454244219,0.07710125009815982,0.026788400651022788,0.21143878132705113,-0.08548326972108933,0.012287182125251392,0.01745412802148835,-0.08258038255544145
2025-10-30 18:00:00+00:00,-0.40871633183164063,-0.28087008112912926,0.1269586058554602,0.07710125009815982,0.01624706756265029,0.16344808854559836,-0.07441476958448517,0.012287182125251392,0.01745412802148835,-0.0940171528561707
2025-10-30 19:00:00+00:00,-0.40871633183164063,-0.3059760287363182,0.1269586058554602,0.05387177247278146,-0.004399869047421614,0.11859388841126443,-0.07441476958448517,0.012287182125251392,0.07400826527034596,-0.10529841164129562
2025-10-30 20:00:00+00:00,-0.40871633183164063,-0.3169133602418537,0.0805125454244219,0.03135183088568859,-0.03433661690614358,0.05694761769644481,-0.06342107581508695,0.012287182125251392,0.07400826527034596,-0.10529841164129562
2025-10-30 21:00:00+00:00,-0.3916006432958696,-0.3072903517082256,0.04716775613705449,0.050161530433067515,-0.02052181736449657,0.030012507817934207,-0.04248442906803416,0.029925280083353274,0.05714285714286927,-0.0920285810168022
2025-10-30 22:00:00+00:00,-0.3916006432958696,-0.312358075880126,0.04716775613705449,0.04448021002115662,-0.03990450969811128,0.019870028021419562,-0.04835919198494896,0.022593301765147913,0.028892604740590737,-0.0920285810168022
2025-10-30 23:00:00+00:00,-0.3916006432958696,-0.312358075880126,0.04716775613705449,0.04448021002115662,-0.05072374985476408,0.010067340828212005,-0.062027308365182734,0.015343060791910008,0.028892604740590737,-0.10477670373152226
2025-10-31 00:00:00+00:00,-0.3916006432958696,-0.312358075880126,0.04716775613705449,0.03944053188740504,-0.07281534138125514,-0.010468478451805943,-0.05499549148807729,0.0,0.0,-0.12795496777571352
2025-10-31 01:00:00+00:00,-0.3916006432958696,-0.312358075880126,0.04716775613705449,0.03427289349227442,-0.07281534138125514,-0.021506723302111664,-0.05499549148807729,-0.007994139778917388,-0.014910571770819135,-0.13672249752017657
2025-10-31 02:00:00+00:00,-0.3916006432958696,-0.3177951140568353,0.04716775613705449,0.034645828406200646,-0.07281534138125514,-0.02213133340690294,-0.05499549148807729,-0.008372183582923276,-0.014638501094231104,-0.139235019643481
2025-10-31 03:00:00+00:00,-0.3916006432958696,-0.3177951140568353,0.05000000000001346,0.034645828406200646,-0.07281534138125514,-0.02252850868144953,-0.05499549148807729,-0.008513207934830477,-0.015569978883233776,-0.141261286739232
2025-10-31 04:00:00+00:00,-0.3916006432958696,-0.3177951140568353,0.05000000000001346,0.035033696603702195,-0.07205789015159117,-0.02252850868144953,-0.05499549148807729,-0.008513207934830477,-0.015569978883233776,-0.14339259949894648
2025-10-31 05:00:00+00:00,-0.3916006432958696,-0.3177951140568353,0.050032583907023476,0.03531448943383624,-0.07205789015159117,-0.02252850868144953,-0.05499549148807729,-0.00853579199566307,-0.015253552624504988,-0.14339259949894648
2025-10-31 06:00:00+00:00,-0.3916006432958696,-0.31058825099471654,0.050032583907023476,0.029601219595300814,-0.07743385993796528,-0.011328823680742138,-0.04887537711716247,-4.0323370374470616e-13,-0.015253552624504988,-0.14339259949894648
2025-10-31 07:00:00+00:00,-0.3916006432958696,-0.3012446827118353,0.050032583907023476,0.03519278491526336,-0.06654282529503759,0.0,-0.04244535992405158,-4.0323370374470616e-13,0.015526908319719111,-0.1684303842132213
2025-10-31 08:00:00+00:00,-0.3916006432958696,-0.3012446827118353,0.050032583907023476,0.03519278491526336,-0.06654282529503759,0.021955607643718723,-0.04244535992405158,-4.0323370374470616e-13,0.047545731105029757,-0.19084748944539615
2025-10-31 09:00:00+00:00,-0.3916006432958696,-0.3012446827118353,0.050032583907023476,0.029395875900857123,-0.07167911309601016,0.021955607643718723,-0.04244535992405158,-4.0323370374470616e-13,0.06331153710573327,-0.20523568127252692
2025-10-31 10:00:00+00:00,-0.3916006432958696,-0.3084225888956727,0.07519607876600454,0.023331780633251135,-0.047970161180021745,0.010783277320345534,-0.04851455734096511,0.0085854571056196,0.08113295400762814,-0.21004884312761302
2025-10-31 11:00:00+00:00,-0.41256715506765723,-0.3084225888956727,0.1893506232802141,0.01157638558838023,-0.026729306440826068,0.010783277320345534,-0.04851455734096511,0.026031654938243772,0.11355499479155798,-0.24397077515636637
2025-10-31 12:00:00+00:00,-0.4267975325949566,-0.3084225888956727,0.1893506232802141,0.0,-0.026729306440826068,-0.010722409238612176,-0.0365162459999823,0.026031654938243772,0.11355499479155798,-0.2800174164436114
2025-10-31 13:00:00+00:00,-0.4267975325949566,-0.3084225888956727,0.2451381971527076,0.0,-0.059833956277728764,-0.03236551672896957,-0.04869396463673333,-0.00868812791117505,0.08335745645828352,-0.3299059550097815
2025-10-31 14:00:00+00:00,-0.4267975325949566,-0.3084225888956727,0.2451381971527076,0.0,-0.048809353009207176,-0.05429252897979878,-0.06087920422870114,-0.02618614682832417,0.08335745645828352,-0.3796751536876653
2025-10-31 15:00:00+00:00,-0.4267975325949566,-0.3084225888956727,0.2451381971527076,0.011537794849123297,-0.048809353009207176,-0.05429252897979878,-0.06087920422870114,-0.02618614682832417,0.11666666666669159,-0.4295291001559301
2025-10-31 16:00:00+00:00,-0.4047353674234782,-0.3084225888956727,0.2451381971527076,0.011537794849123297,-0.05948299951415512,-0.03241270827295797,-0.06087920422870114,-0.008771283048122257,0.08113295400762814,-0.3773384692937145
2025-10-31 17:00:00+00:00,-0.3825508824525023,-0.29270602610497415,0.17925163190610346,0.011537794849123297,-0.06989685073179364,-0.03241270827295797,-0.06087920422870114,-0.02598888490945765,0.04748365282929994,-0.3162936399402079
2025-10-31 18:00:00+00:00,-0.36591057276854194,-0.29270602610497415,0.12134218714188383,-0.011371853602330414,-0.08963937636033477,-0.03241270827295797,-0.0725056778406908,-0.04279931550203351,0.015464893460544459,-0.2830341198947606
2025-10-31 19:00:00+00:00,-0.34881081505739703,-0.313445179418377,0.021170244961003865,-0.022549380839947165,-0.10869745768618207,-0.03241270827295797,-0.08396956654704636,-0.05923135336902827,0.015464893460544459,-0.2614688353669721
2025-10-31 20:00:00+00:00,-0.32314005852701133,-0.2961619759857527,-0.05374172320447394,-0.004770393012448062,-0.08795519557349293,-0.04291313187796848,-0.0638236150270078,-0.04224595747133225,0.05558408911007344,-0.24026753884185362
2025-10-31 21:00:00+00:00,-0.31782769052455384,-0.298098740615333,-0.0861268593351782,-0.01613833764297679,-0.1010388406778538,-0.0319993856179539,-0.0638236150270078,-0.03386319754805711,0.09060072379786697,-0.24026753884185362
2025-10-31 22:00:00+00:00,-0.31782769052455384,-0.303598650303267,-0.1054787247109031,-0.03314922985172336,-0.12165448226438566,-0.009623247049639279,-0.06978781493293426,-0.04286422385829899,0.05859757109724691,-0.24026753884185362
2025-10-31 23:00:00+00:00,-0.3010044539409245,-0.3126823774634601,-0.1253026038820416,-0.033149229851723354,-0.11490362540960179,-0.009623247049639279,-0.07681309078024559,-0.05271567548457307,0.05859757109724691,-0.23284419227428832
2025-11-01 00:00:00+00:00,-0.3238820953165505,-0.34696161157238653,-0.14566362396980864,-0.05190658279112709,-0.14991651350178015,-0.009623247049639279,-0.07681309078024559,-0.09489755796013434,0.05859757109724691,-0.2152117269687429
2025-11-01 01:00:00+00:00,-0.3238820953165505,-0.3690740499456767,-0.166634991068614,-0.07207590587362926,-0.1746342185479882,0.022289836376042173,-0.07681309078024559,-0.10598588362036031,0.04256638405885743,-0.2062095362245988
2025-11-01 02:00:00+00:00,-0.3238820953165505,-0.3756246803370309,-0.17872222907053573,-0.0753153790838557,-0.18458886938425237,0.021936684773185007,-0.07416012082049647,-0.11138557601554322,0.04360902255640064,-0.2062095362245988
2025-11-01 03:00:00+00:00,-0.3238820953165505,-0.3827314865984767,-0.17868924865928593,-0.07681785082381526,-0.19241715521739675,0.021686117410291892,-0.07416012082049647,-0.11339542627981461,0.04256638405885743,-0.20113950400400463
2025-11-01 04:00:00+00:00,-0.3238820953165505,-0.3989973631621173,-0.17923243766335717,-0.07841868309649559,-0.19423163261403603,0.021430121183349204,-0.07505640732206119,-0.11908594400037091,0.04360902255640064,-0.1964665286079166
2025-11-01 05:00:00+00:00,-0.3238820953165505,-0.4081206215463415,-0.18035147422791908,-0.07952936471290552,-0.19343301319865747,0.021408544493677163,-0.07505640732206119,-0.12279002978283762,0.04459246239864199,-0.19214313274985773
2025-11-01 06:00:00+00:00,-0.32250738071746876,-0.3942466192269906,-0.17739371879677004,-0.08352920585369396,-0.1892220729094678,0.018406813254410462,-0.0847908870957979,-0.11611802822472915,0.056613851707242445,-0.17905328618180463
2025-11-01 07:00:00+00:00,-0.3399556198020872,-0.3942466192269906,-0.155230105141306,-0.07615096238502828,-0.16016009775096715,0.0,-0.0847908870957979,-0.09171267607737904,0.056613851707242445,-0.1952453978805453
2025-11-01 08:00:00+00:00,-0.35794731632287824,-0.3819128827039062,-0.10954451150106055,-0.07615096238502828,-0.1350690357218481,-0.009489870225015726,-0.0847908870957979,-0.057543533764854694,0.056613851707242445,-0.234380428999594
2025-11-01 09:00:00+00:00,-0.3765348901360506,-0.36986501619954343,-0.09024035946057665,-0.0626666800356435,-0.11949382194499324,-0.03790830645415558,-0.0847908870957979,-0.04748785653364848,0.037595579019854025,-0.2575669419735519
2025-11-01 10:00:00+00:00,-0.3765348901360506,-0.36986501619954343,-0.07372097807746703,-0.0626666800356435,-0.12403804761552045,-0.055446329670727414,-0.0847908870957979,-0.02921862326259978,0.037595579019854025,-0.2841448646265333
2025-11-01 11:00:00+00:00,-0.36911349026340085,-0.3619141082343167,-0.07178777196342517,-0.06128867284365874,-0.11298842190823577,-0.0798041568124426,-0.10159970739382068,-0.025359761212310532,0.049741439524090915,-0.32685155311392927
2025-11-01 12:00:00+00:00,-0.3890121949629901,-0.33729500852296834,-0.06982614160296909,-0.07315299050941057,-0.11735056461657051,-0.14784248775174594,-0.1133510022824815,0.0097258263069738,0.022588756004368705,-0.37219336906692707
2025-11-01 13:00:00+00:00,-0.41615145554485633,-0.3182838776803969,-0.06982614160296909,-0.08643089564747075,-0.12860402808167762,-0.23223035436394648,-0.12613139162792497,0.0097258263069738,-0.01749717516329257,-0.4472270551436177
2025-11-01 14:00:00+00:00,-0.4430863933120859,-0.28260081290759903,-0.10645244846678746,-0.11349150972311105,-0.15091412579875743,-0.29490329456636266,-0.12613139162792497,-0.011100942540303015,-0.060419500074576755,-0.5345976880687376
2025-11-01 15:00:00+00:00,-0.41615145554485633,-0.2634963061268863,-0.10645244846678746,-0.11349150972311105,-0.11889302595373852,-0.31330802875350555,-0.12613139162792497,-0.011100942540303015,-0.10258952342184713,-0.6066679929615303
2025-11-01 16:00:00+00:00,-0.41615145554485633,-0.2634963061268863,-0.10645244846678746,-0.10081473723013969,-0.12953440055449797,-0.2737017445504708,-0.12613139162792497,-0.030868926974245335,-0.143280528748282,-0.5532720536001121
2025-11-01 17:00:00+00:00,-0.3921963187152956,-0.2634963061268863,-0.1414601360702062,-0.10081473723013969,-0.12953440055449797,-0.2387066798973938,-0.11476157605635445,-0.08587023637382069,-0.143280528748282,-0.49927429832284786
2025-11-01 18:00:00+00:00,-0.37564543510741705,-0.2466131669958073,-0.24320563858074107,-0.12473868429892356,-0.1394499081311699,-0.20671123333820435,-0.12613139162792497,-0.14969148960081133,-0.17747134808482465,-0.46677176771327816
2025-11-01 19:00:00+00:00,-0.3451957724478095,-0.22155378662159547,-0.27548828158680844,-0.11429941698637357,-0.1285213671301787,-0.15483048979701156,-0.11171735379192395,-0.16587366533944917,-0.22505095826140128,-0.4425528965176683
2025-11-01 20:00:00+00:00,-0.3149976631578199,-0.1944452756645304,-0.30932355733596445,-0.10414616430838082,-0.12622699799355627,-0.10594102165490596,-0.10222025039992894,-0.1865370109309736,-0.22105250506379,-0.4087359312536591
2025-11-01 21:00:00+00:00,-0.3149976631578199,-0.18914649749739323,-0.33285980723233555,-0.10414616430838082,-0.1355974897209709,-0.09591850389284749,-0.10222025039992894,-0.21128856368201132,-0.22105250506379,-0.3988880332560695
2025-11-01 22:00:00+00:00,-0.3149976631578199,-0.18914649749739323,-0.34840677840286044,-0.11583229827425032,-0.13109812768376858,-0.07389829458817884,-0.10222025039992894,-0.24561508505044374,-0.20032077005380194,-0.39597504013703144
2025-11-01 23:00:00+00:00,-0.33407655239072814,-0.1997898055119063,-0.3727074092958679,-0.1309225517377393,-0.16564665783813953,-0.07389829458817884,-0.10222025039992894,-0.28544480743143785,-0.22895559614471894,-0.39597504013703144
2025-11-02 00:00:00+00:00,-0.33407655239072814,-0.22771001702133256,-0.39845138398837,-0.1477400395756187,-0.14550446916658646,-0.061281688911332906,-0.11780821235496135,-0.31509198089766804,-0.17984719479909997,-0.3901351026099279
2025-11-02 01:00:00+00:00,-0.33407655239072814,-0.25792274980954827,-0.4486594671928641,-0.18167941429203124,-0.1797462086597638,-0.07389829458817884,-0.12570314354711654,-0.3334395307737297,-0.20032077005380197,-0.3901351026099279
2025-11-02 02:00:00+00:00,-0.33407655239072814,-0.26764096444610613,-0.4490105767813799,-0.18665829729744018,-0.18857408567490613,-0.07428382773628149,-0.1271080744288844,-0.3342186823916725,-0.2090148311735909,-0.3901351026099279
2025-11-02 03:00:00+00:00,-0.33407655239072814,-0.2788339708569917,-0.4514916434538603,-0.19622781223567093,-0.19933052497951181,-0.07428382773628149,-0.1271080744288844,-0.3381383859577738,-0.2090148311735909,-0.3868071904978867
2025-11-02 04:00:00+00:00,-0.33407655239072814,-0.2918885143607272,-0.4665037561770351,-0.2033236553041202,-0.21222324363078968,-0.07428382773628149,-0.12857149217053368,-0.33151926090751654,-0.2090148311735909,-0.38364846824437576
2025-11-02 05:00:00+00:00,-0.33407655239072814,-0.3073504281991504,-0.4583143538228155,-0.20731121252612342,-0.21509840731970106,-0.07428382773628149,-0.1301614137042016,-0.3162347377588162,-0.21968738758192968,-0.38364846824437576
2025-11-02 06:00:00+00:00,-0.3367374192762889,-0.29803103128055697,-0.43764940905406413,-0.2087342052246721,-0.2026412701950973,-0.08823396830951492,-0.13209847200828478,-0.2978653555505296,-0.20733228874725615,-0.38227101409964415
2025-11-02 07:00:00+00:00,-0.35960741369576493,-0.28154793874327555,-0.3959281288906416,-0.19786695763573148,-0.17835251850220782,-0.10308759909651433,-0.12377823098481273,-0.23736645079924826,-0.17880008819974344,-0.38227101409964415
2025-11-02 08:00:00+00:00,-0.3835507761526157,-0.2654859031030332,-0.35602559274268664,-0.17800953717724785,-0.13457425564073042,-0.12037559581703644,-0.11565919550415135,-0.18521743050012987,-0.15226422487123292,-0.38227101409964415
2025-11-02 09:00:00+00:00,-0.3835507761526157,-0.24981193512069555,-0.3410491911352653,-0.15319266580727636,-0.11660729843333456,-0.10597256571644714,-0.1081217810530997,-0.15194070257689501,-0.17227629361098548,-0.38227101409964415
2025-11-02 10:00:00+00:00,-0.3835507761526157,-0.22915496354382925,-0.32600956491732747,-0.10976624870661747,-0.12655115681807602,-0.09316239171620155,-0.09438879012016255,-0.12725415569143847,-0.17227629361098548,-0.3764811082958196
2025-11-02 11:00:00+00:00,-0.36148395401469163,-0.20781698008532615,-0.30019069388940317,-0.0469299324966521,-0.11276736971752162,-0.08142025324887368,-0.08431891034960093,-0.08598089509779094,-0.18172116718523598,-0.35703510594435617
2025-11-02 12:00:00+00:00,-0.31090827334577,-0.18489419863205472,-0.2722498522564989,-0.0010941480057237352,-0.11111744811909909,-0.06895458432463082,-0.06611436342161753,-0.05016539066314116,-0.19165521061953822,-0.34759022323042854
2025-11-02 13:00:00+00:00,-0.31090827334577,-0.15688692398077708,-0.23568452747636703,0.03473279945120396,-0.08479021853059816,-0.09745563239222166,-0.0377283941519955,0.005391854380780656,-0.19165521061953822,-0.3091360139871963
2025-11-02 14:00:00+00:00,-0.31090827334577,-0.1284995627238586,-0.23568452747636703,0.07002907763475553,-0.07143842466234782,-0.12644837918430576,-0.009422170756782845,0.05261222853196234,-0.19165521061953822,-0.2713449269239232
2025-11-02 15:00:00+00:00,-0.31090827334577,-0.09969031505824301,-0.23568452747636703,0.07002907763475553,-0.09658595543537542,-0.15597802204025984,0.018830197293943692,0.07183615813188456,-0.19165521061953822,-0.25955034293124524
2025-11-02 16:00:00+00:00,-0.272014975310562,-0.1289397284012937,-0.27673616919308897,0.05329500167213437,-0.09658595543537542,-0.1811287593721137,0.005552023545392362,0.036583558485829684,-0.15431423472377132,-0.29164244350057367
2025-11-02 17:00:00+00:00,-0.272014975310562,-0.15879127139956645,-0.27673616919308897,0.036587126308080704,-0.09658595543537542,-0.1811287593721137,0.005552023545392362,0.009588862011146726,-0.11486793710587602,-0.32354497970585827
2025-11-02 18:00:00+00:00,-0.24036289415762982,-0.15879127139956645,-0.27673616919308897,0.036587126308080704,-0.09658595543537542,-0.15830690516068377,0.005552023545392362,-0.01745332121479675,-0.11486793710587602,-0.3630871808579186
2025-11-02 19:00:00+00:00,-0.20767384188444682,-0.13581363544809916,-0.2427610561296047,0.036587126308080704,-0.10799383254311257,-0.13450086004013145,-0.007618002811182985,-0.05344945786350309,-0.11486793710587602,-0.40338752881498646
2025-11-02 20:00:00+00:00,-0.2273725790448576,-0.1559335800798508,-0.25915398704598824,0.022541651381637412,-0.15163404700887478,-0.16200531104380572,-0.027704798217997394,-0.07048605218081423,-0.12031095449627455,-0.44037480968532083
2025-11-02 21:00:00+00:00,-0.2273725790448576,-0.14895617307171435,-0.24555058376536137,0.022541651381637412,-0.1684684101726408,-0.17061763425773604,-0.027704798217997394,-0.09178433013610954,-0.15772092323425538,-0.43718477541402206
2025-11-02 22:00:00+00:00,-0.21453462331839857,-0.14895617307171435,-0.24555058376536137,0.022541651381637412,-0.1684684101726408,-0.18159881986546317,-0.02165188627980176,-0.10122931228829672,-0.15772092323425538,-0.43925197815367695
2025-11-02 23:00:00+00:00,-0.23426857152061104,-0.14895617307171435,-0.24555058376536137,0.015135179357891807,-0.20081864948659026,-0.20618811937239254,-0.02165188627980176,-0.12168234092445751,-0.15772092323425538,-0.4489246412679297
2025-11-03 00:00:00+00:00,-0.23426857152061104,-0.10903019658959628,-0.24555058376536137,0.022541651381637412,-0.16421906315108964,-0.23807873772277563,-0.015307175553383966,-0.13679695698554617,-0.15772092323425538,-0.45407086695036886
2025-11-03 01:00:00+00:00,-0.23426857152061104,-0.07542660347189016,-0.24555058376536137,0.036267234412695276,-0.13016869019399968,-0.2821748045657026,-0.028103568442560057,-0.16322264855236365,-0.15772092323425538,-0.45407086695036886
2025-11-03 02:00:00+00:00,-0.24238859089201636,-0.0733355501154568,-0.24555058376536137,0.036267234412695276,-0.12659049590749744,-0.2890643845495725,-0.02780973076032725,-0.16461887169908695,-0.15772092323425538,-0.45407086695036886
2025-11-03 03:00:00+00:00,-0.24238859089201636,-0.07176422027631107,-0.2440980220739509,0.03507942746561608,-0.1244530409066475,-0.2990251527685471,-0.02780973076032725,-0.16741170773197012,-0.16377892538480934,-0.4566873243875264
2025-11-03 04:00:00+00:00,-0.24238859089201636,-0.06892207936275878,-0.24287111413077347,0.03393596601612637,-0.12331082886728358,-0.3111352423792429,-0.02780973076032725,-0.17086475112566332,-0.16377892538480934,-0.4594230354174821
2025-11-03 05:00:00+00:00,-0.24238859089201636,-0.06893135660683966,-0.24185274241380733,0.03116548337855332,-0.12316702674384018,-0.31068330731574656,-0.027276296363147132,-0.17277227742156673,-0.16377892538480934,-0.46228404239545673
2025-11-03 06:00:00+00:00,-0.256764816884138,-0.06547486773854459,-0.26519754111788874,0.04404747838671079,-0.133740277097929,-0.26946839604070083,-0.012271168768913338,-0.16934518775461657,-0.15656712748553503,-0.456082773781103
2025-11-03 07:00:00+00:00,-0.256764816884138,-0.052571384913978836,-0.26519754111788874,0.03637584669383872,-0.16869656154831486,-0.2451858912512291,-0.0047753739326353,-0.1582625064812334,-0.15656712748553503,-0.4137332341704021
2025-11-03 08:00:00+00:00,-0.22985481354169413,-0.052571384913978836,-0.26519754111788874,0.03637584669383872,-0.19291373983860693,-0.19716831975405869,0.0025808564367160347,-0.15252001222093917,-0.15656712748553503,-0.37329004926046
2025-11-03 09:00:00+00:00,-0.22985481354169413,-0.052571384913978836,-0.26519754111788874,0.03637584669383872,-0.21062430828835904,-0.14778545465219353,0.009842008946360272,-0.13629850153176326,-0.1334418440478403,-0.34695444522769997
2025-11-03 10:00:00+00:00,-0.22985481354169413,-0.04031182429273614,-0.2480040551886945,0.03637584669383872,-0.22547843984008603,-0.08684200770295436,0.024238512730530445,-0.12169732589406129,-0.1334418440478403,-0.3237055245090583
2025-11-03 11:00:00+00:00,-0.20369625315932383,-0.03788094058329244,-0.22369749041167739,0.04179707285726659,-0.24918350317987362,-0.014510347918789688,0.06392708558030542,-0.1154405161148033,-0.053696388516502325,-0.2882528462663746
2025-11-03 12:00:00+00:00,-0.17910424667329325,-0.03555961951098471,-0.2009152202374019,0.07633696795428023,-0.26889428803778265,0.08067490392426484,0.09411421268829924,-0.09196503478683529,-0.026275158191848835,-0.2456480342911483
2025-11-03 13:00:00+00:00,-0.17910424667329325,-0.03555961951098471,-0.12717413634370722,0.12089047348517364,-0.28193403762227054,0.21067617671723474,0.13371768599837314,-0.04661050679224952,0.018703287726965858,-0.17918787036272235
2025-11-03 14:00:00+00:00,-0.14125840958024713,-0.012627822382404952,-0.019060196896365282,0.16541974430630849,-0.2944125447049622,0.32774767300295105,0.15952109441769272,-0.01118438023508501,0.06134787677615953,-0.11038230115991805
2025-11-03 15:00:00+00:00,-0.1349401507919552,0.021682738302537696,-0.036309163467359545,0.17901915577600713,-0.3213388480858736,0.41343775843211494,0.17133851538552589,0.0,0.10536048862095959,-0.03731002013134504
2025-11-03 16:00:00+00:00,-0.1349401507919552,0.0,-0.10892749040207862,0.13607462000911683,-0.301487050453158,0.3117135904826911,0.13179144859583555,-0.024301819448316636,0.10536048862095959,-0.0960704663798775
2025-11-03 17:00:00+00:00,-0.1349401507919552,-0.021414270433176837,-0.14321532462097739,0.10599890578287502,-0.2825685175332328,0.261683512796637,0.10557835265114202,-0.012080604931496661,0.10536048862095959,-0.15599726272229467
2025-11-03 18:00:00+00:00,-0.1349401507919552,-0.04258131202246239,-0.14321532462097739,0.09107160663898364,-0.2578675374483522,0.17615695452345959,0.09252680409992159,-0.012080604931496661,0.10536048862095959,-0.20550161968250105
2025-11-03 19:00:00+00:00,-0.1541509682766895,-0.07241067394004036,-0.1578361428429387,0.07311322268496635,-0.23839157649244389,0.0901414888297588,0.057476671185684655,0.012955667623916454,-0.1809027061572018,-0.2229302565033788
2025-11-03 20:00:00+00:00,-0.19152815270567242,-0.10006255865493945,-0.17208016883177626,0.06963928621639726,-0.21578469062122738,0.02520096125059995,-0.0032455354403660543,0.051337632445779574,-0.23250520218925957,-0.23101729322562986
2025-11-03 21:00:00+00:00,-0.19152815270567242,-0.10706970133082895,-0.15764458921223712,0.06252969082007542,-0.21578469062122738,-0.01378145603194188,-0.018615376050924073,0.11232742169389968,-0.23866737786697745,-0.2265354292375921
2025-11-03 22:00:00+00:00,-0.17752025922723308,-0.11486684863511208,-0.15764458921223712,0.07583077883956185,-0.2045919741514008,-0.04154568571111724,-0.02372552360688846,0.14565549288866234,-0.24536375575774658,-0.22408604815890323
2025-11-03 23:00:00+00:00,-0.17752025922723308,-0.11486684863511208,-0.17738979878892186,0.08124269287842449,-0.1754575890625393,-0.05123094214555266,-0.02372552360688846,0.1515644002624835,-0.24886103112259403,-0.23164392837134745
2025-11-04 00:00:00+00:00,-0.15207476616873972,-0.10418783485294429,-0.17738979878892186,0.08616208319332712,-0.16412075242149488,-0.06167657591946768,-0.013081492076290342,0.1515644002624835,-0.2594481738956245,-0.2416480954307878
2025-11-04 01:00:00+00:00,-0.16808885886566358,-0.11313918017925452,-0.16155793605540827,0.07330840619711462,-0.16201184605714522,-0.0759077191001027,-0.03260247883279241,0.13303610268519314,-0.2632327419205196,-0.26504289341333837
2025-11-04 02:00:00+00:00,-0.16808885886566358,-0.1119076795111828,-0.15597004208914203,0.06878266218327445,-0.16160151750512583,-0.0759077191001027,-0.03260247883279241,0.13059592822547691,-0.2632327419205196,-0.2682914174500668
2025-11-04 03:00:00+00:00,-0.16808885886566358,-0.11074288595882056,-0.1574427240523456,0.06613532556124545,-0.16161524537674357,-0.0759077191001027,-0.032861423884085875,0.13059592822547691,-0.2635434472605793,-0.2742640771112797
2025-11-04 04:00:00+00:00,-0.16164211150841806,-0.10964000868585684,-0.15606808032984548,0.06465161055195517,-0.16144403918315106,-0.07764776937860242,-0.0330419813217739,0.13094864143218055,-0.2639017722760136,-0.2807850419834146
2025-11-04 05:00:00+00:00,-0.16164211150841806,-0.10859473568349808,-0.15809428575778636,0.06352080738324443,-0.16264370898714292,-0.07795397278282265,-0.0330419813217739,0.13686370689181765,-0.26371533071771913,-0.2848950918472333
2025-11-04 06:00:00+00:00,-0.17501825480890557,-0.11622285907109352,-0.15751642932818705,0.0623132372373764,-0.1585760190734756,-0.050030444450054105,-0.021008498014831022,0.1405971133235694,-0.2587894561899434,-0.2896079260153174
2025-11-04 07:00:00+00:00,-0.17501825480890557,-0.11622285907109352,-0.17880439857082928,0.05707440889659386,-0.16978250444713427,-0.01948744096572274,-0.021008498014831022,0.09074487378226832,-0.25161155003348956,-0.2522391613682884
2025-11-04 08:00:00+00:00,-0.15440929116920266,-0.11622285907109352,-0.17880439857082928,0.05176265596639665,-0.17794787159725423,0.009273049765885518,-0.010327771986754232,0.045848973870491666,-0.24817594606661614,-0.22179518383183258
2025-11-04 09:00:00+00:00,-0.15440929116920266,-0.11622285907109352,-0.15751642932818705,0.046222444394982666,-0.17794787159725423,0.036362196429140424,0.0,-0.01272883061366556,-0.23868953415571184,-0.19819535555015486
2025-11-04 10:00:00+00:00,-0.15440929116920266,-0.11622285907109352,-0.15751642932818705,0.02309863095591527,-0.1750822315893189,0.06404031539507182,0.005098925396729515,-0.04986254804216246,-0.23262367508553308,-0.18182073400418208
2025-11-04 11:00:00+00:00,-0.1492975516579572,-0.1137616287517209,-0.18440217942076131,0.011477839679636465,-0.1599779768480479,0.10768669805239103,0.02039787063531758,-0.1264674016034197,-0.2329176983884265,-0.16382585363155605
2025-11-04 12:00:00+00:00,-0.1443954296238225,-0.09399562876447688,-0.1782679579139713,0.006076002352245446,-0.13919595986805033,0.14788672699173117,0.030067466254984177,-0.17665973799655907,-0.22073966445170032,-0.1376080301927293
2025-11-04 13:00:00+00:00,-0.17539697638546375,-0.07674100693171994,-0.14238107494810098,0.006076002352245446,-0.12647662428284298,0.22762348274122518,0.03969322344926309,-0.2558688653895629,-0.20158886852480315,-0.10140974662141178
2025-11-04 14:00:00+00:00,-0.17539697638546375,-0.05964327936402224,-0.07700147563668835,0.006076002352245446,-0.10761757738242861,0.30550416664508834,0.05872904541519601,-0.3183256113913749,-0.1825100772817781,-0.06551913124864349
2025-11-04 15:00:00+00:00,-0.16838091363791402,-0.03337594964327983,-0.0423848209480074,0.0061661141309786735,-0.06587235439938034,0.37856124597326857,0.0850812797275279,-0.34427927044543266,-0.17339265406474813,-0.0154776301699405
2025-11-04 16:00:00+00:00,-0.20352350650449225,-0.050398841530586644,-0.07440111295693165,0.017502271350552368,-0.08841522174804381,0.32620973996211977,0.0650827045768394,-0.26917214967006997,-0.1865400553772361,-0.05255635526542403
2025-11-04 17:00:00+00:00,-0.23273998073965274,-0.06730799597133917,-0.10543523836608303,0.017502271350552368,-0.11513478096376857,0.25427796300803346,0.04505498100638371,-0.22993325523755404,-0.20599894509761524,-0.08960568221820667
2025-11-04 18:00:00+00:00,-0.26113141447626154,-0.06730799597133917,-0.13560444544812764,0.017502271350552368,-0.11513478096376857,0.18552643840079697,0.015640649435363144,-0.1900418475557563,-0.21249219525009097,-0.09833415060103844
2025-11-04 19:00:00+00:00,-0.26113141447626154,-0.06730799597133917,-0.16501093977698894,0.017502271350552368,-0.11513478096376857,0.1192632373533989,-0.003431544293614958,-0.15305134377104987,-0.23199893775037272,-0.08133096604788323
2025-11-04 20:00:00+00:00,-0.25356367935101637,-0.05986248136783145,-0.16199143422961,0.02925323588888905,-0.11166055128896878,0.08981950483870806,-0.01022427832184207,-0.12801830713885406,-0.2440338731201271,-0.04568731034800182
2025-11-04 21:00:00+00:00,-0.2600821763584567,-0.05986248136783145,-0.17598915418784902,0.04190276354300116,-0.0764193936418675,0.06374653322517905,-0.01984032785719923,-0.09643672362867929,-0.24751879829860418,-0.04568731034800182
2025-11-04 22:00:00+00:00,-0.27247877730317627,-0.05986248136783145,-0.20796200074023846,0.04812325211847372,-0.06594941775720109,0.039258154763835776,-0.029620726824376557,-0.09643672362867929,-0.24751879829860418,-0.05038430967473084
2025-11-04 23:00:00+00:00,-0.27247877730317627,-0.06909320708934853,-0.20796200074023846,0.05364868723550795,-0.06594941775720109,0.039258154763835776,-0.039957731311355604,-0.09643672362867929,-0.25128257911325935,-0.05551955208133666
2025-11-05 00:00:00+00:00,-0.27247877730317627,-0.06909320708934853,-0.20796200074023846,0.05364868723550795,-0.07778254427308152,0.0314553014372486,-0.051096322551837714,-0.09643672362867929,-0.25913855705140854,-0.061242251172696466
2025-11-05 01:00:00+00:00,-0.2877240300201053,-0.09792537653428617,-0.22451847731560481,0.026131065836662935,-0.10364329823804633,0.0019773313101556747,-0.07246978116042779,-0.08604233039761987,-0.2707572405582896,-0.09333667891090178
2025-11-05 02:00:00+00:00,-0.2877240300201053,-0.1008205856993069,-0.2289527990290584,0.02662448884629894,-0.10750417589532431,0.0003421820372073183,-0.0711655453927168,-0.07611574053552948,-0.2717489946997325,-0.09682066228787779
2025-11-05 03:00:00+00:00,-0.2877240300201053,-0.10389854757145443,-0.2289527990290584,0.026914544332854656,-0.11104795821727666,-0.0005218072756153763,-0.07467038876401631,-0.07611574053552948,-0.2734649804219649,-0.1000338880038916
2025-11-05 04:00:00+00:00,-0.2877240300201053,-0.1117026872639686,-0.2336583218416918,0.026914544332854656,-0.11458218718033211,-0.002324076347245551,-0.07698317335115795,-0.07435891818000617,-0.2744928988477017,-0.10347067202506892
2025-11-05 05:00:00+00:00,-0.2877240300201053,-0.11446945070211369,-0.23866261991267862,0.026914544332854656,-0.11751091384959979,-0.005050835035637763,-0.07698317335115795,-0.07361358993203962,-0.27522391794004464,-0.10716104489354751
2025-11-05 06:00:00+00:00,-0.2774187212857342,-0.11446945070211369,-0.2344325363311145,0.01706944929170361,-0.09987936153855707,0.017987225319149865,-0.07245565272349475,-0.09532254897141794,-0.2698246331939641,-0.09332551025268124
2025-11-05 07:00:00+00:00,-0.261054614270078,-0.11446945070211369,-0.21794986863342197,0.01706944929170361,-0.07301202224728262,0.04050927151801623,-0.06301292527660848,-0.10733635372106554,-0.2644318468868965,-0.08227028687049057
2025-11-05 08:00:00+00:00,-0.261054614270078,-0.10469465847033256,-0.1968816937165303,0.007072281991307877,-0.05984318601689524,0.05489295328279427,-0.05380451558508778,-0.11989308850032139,-0.25904415626598254,-0.07160486612488572
2025-11-05 09:00:00+00:00,-0.261054614270078,-0.09518040008735444,-0.18170120028455855,0.0020157162699987203,-0.04732647387277008,0.07666060136474107,-0.04502121898886797,-0.1446938841899963,-0.2564981138617368,-0.056970161571139065
2025-11-05 10:00:00+00:00,-0.261054614270078,-0.08667490949371268,-0.18170120028455855,-0.0030702225739470566,-0.029262239478645907,0.09169452198149695,-0.04502121898886797,-0.15423184219174524,-0.2542420623991017,-0.04778547594864078
2025-11-05 11:00:00+00:00,-0.261054614270078,-0.06897306984848062,-0.15173912709000992,-0.013806832257165686,0.013746240701743533,0.12349268174408631,-0.04502121898886797,-0.17546519474610078,-0.2542420623991017,-0.038026997775693204
2025-11-05 12:00:00+00:00,-0.261054614270078,-0.05135008026434468,-0.12227359348585058,-0.03560383102881658,0.06439670319604074,0.15336303744227342,-0.04502121898886797,-0.2485011320458019,-0.24220523422683563,-0.028137479872295257
2025-11-05 13:00:00+00:00,-0.23598195483018636,-0.03379549856121801,-0.09115046960389198,-0.06873772763594904,0.10653592231493345,0.18024811769939703,-0.04502121898886797,-0.32646462794069864,-0.2360394275586065,-0.008294796990860684
2025-11-05 14:00:00+00:00,-0.23598195483018636,-0.05135008026434468,-0.061821374238060355,-0.0802124314993164,0.15549144946774082,0.20612609800072337,-0.036010575431161096,-0.37560877641198787,-0.22987225724459645,0.0014999184826404572
2025-11-05 15:00:00+00:00,-0.27564206652253886,-0.05135008026434468,-0.021055074199811567,-0.09735492018181638,0.22244118662120171,0.23017112608193682,-0.008722707782468187,-0.409776084108617,-0.22063030542083825,-0.01339097310223711
2025-11-05 16:00:00+00:00,-0.27564206652253886,-0.03198192624272371,-0.021055074199811567,-0.06122183024068685,0.16610870099341649,0.19537872868926973,-0.018547944025233173,-0.3271891162460105,-0.24214920958420263,-0.024146343740965415
2025-11-05 17:00:00+00:00,-0.30291831258018276,-0.05089889014253008,-0.05014299464722963,-0.037128949511997716,0.11782409427416222,0.14573439878086472,-0.028297633748651747,-0.3271891162460105,-0.26381328227719797,-0.04537143715814297
2025-11-05 18:00:00+00:00,-0.30291831258018276,-0.06944137896980628,-0.07788461008977578,-0.012114061453557624,0.062087889538275626,0.11066043672709025,-0.03797445673184189,-0.3101811350883138,-0.2710696418628011,-0.06593585883150879
2025-11-05 19:00:00+00:00,-0.30291831258018276,-0.08690834125985404,-0.07788461008977578,0.0007746001551041029,-0.055759349753931084,0.07693795135585665,-0.047474666560233345,-0.26904965137289993,-0.21613409312643264,-0.08601587093886118
2025-11-05 20:00:00+00:00,-0.27840508876700637,-0.08214012312821706,-0.08362882900164333,0.02460422072315684,-0.09193712981333997,0.04451557291929797,-0.024063979282461352,-0.22303854575700216,-0.11070278358873478,-0.09562246228134885
2025-11-05 21:00:00+00:00,-0.27840508876700637,-0.08992120499185892,-0.11174351676077192,0.03216448518459827,-0.11341737991830315,0.027485283064862014,-0.029047291585655513,-0.19432508268938212,-0.11070278358873478,-0.11007039991354865
2025-11-05 22:00:00+00:00,-0.29180028966747484,-0.09812140249621955,-0.11174351676077192,0.0394307616261645,-0.14127150463850735,0.0035048905437590435,-0.03422982711687856,-0.17425230125264626,-0.11070278358873478,-0.12406007995046761
2025-11-05 23:00:00+00:00,-0.29180028966747484,-0.10766238566543106,-0.12654018968391503,0.0394307616261645,-0.1683377749622464,-0.02054993083032523,-0.045456216648681595,-0.15824580950863731,-0.14526840416558046,-0.129510232070839
2025-11-06 00:00:00+00:00,-0.3186740749876423,-0.12966494624380548,-0.14394276419645133,0.0394307616261645,-0.19437204165394484,-0.029095718698137627,-0.05765538652745745,-0.12403473458920675,-0.14526840416558046,-0.129510232070839
2025-11-06 01:00:00+00:00,-0.3186740749876423,-0.13499681148592052,-0.14394276419645133,0.0394307616261645,-0.20392659963386175,-0.030557323970387688,-0.06032663787453105,-0.12403473458920675,-0.15945477236295713,-0.13142916736892482
2025-11-06 02:00:00+00:00,-0.3186740749876423,-0.14077382871739513,-0.15602902669636837,0.03926099615269373,-0.20780475929252892,-0.034745409204167126,-0.06165278126865357,-0.12004878196115387,-0.15945477236295713,-0.13512271134086418
2025-11-06 03:00:00+00:00,-0.3186740749876423,-0.14707052857022354,-0.15602902669636837,0.03926099615269373,-0.209672318152721,-0.03804987803176618,-0.0642643794302214,-0.11908150474140786,-0.15945477236295713,-0.13903799687225712
2025-11-06 04:00:00+00:00,-0.3325155870335056,-0.1539801213410246,-0.161181893496785,0.03926099615269373,-0.209672318152721,-0.041124067233207544,-0.06554042077032513,-0.11752119206900907,-0.15371337734706111,-0.14320045616504312
2025-11-06 05:00:00+00:00,-0.34779404145945675,-0.15969947653149402,-0.16125682638143427,0.023906900894565115,-0.2191703790344458,-0.043986565054916965,-0.07618996979924329,-0.12170271224477643,-0.15896460506458093,-0.16298867067539471
2025-11-06 06:00:00+00:00,-0.3393516266763059,-0.14477625299776378,-0.14866967588663968,0.01835177377455682,-0.2191703790344458,-0.029400274753232463,-0.07618996979924329,-0.1369499176617191,-0.18041688437976586,-0.1662580880762946
2025-11-06 07:00:00+00:00,-0.32263414846185906,-0.14477625299776378,-0.13611766862421934,0.01835177377455682,-0.20522717495369294,-0.0013020573952315048,-0.06667443525417621,-0.1369499176617191,-0.19736839367976736,-0.17598783351076147
2025-11-06 08:00:00+00:00,-0.32263414846185906,-0.135050822762124,-0.1208353153181822,0.012901991488987548,-0.20165130362493952,0.01796094092449339,-0.06667443525417621,-0.15665359010625415,-0.19736839367976736,-0.17598783351076147
2025-11-06 09:00:00+00:00,-0.30643575076550733,-0.12550794369728413,-0.1208353153181822,0.00731409136730455,-0.20165130362493952,0.03050672372182482,-0.07130894829155587,-0.17031110861377968,-0.21038161682114426,-0.17087254583670614
2025-11-06 10:00:00+00:00,-0.30437839492273067,-0.09512338980130317,-0.10171489416973943,0.022944674783625333,-0.21087043550659618,0.03439133944230249,-0.08018943706745443,-0.1728061922307031,-0.21412372397834706,-0.15523613691079446
2025-11-06 11:00:00+00:00,-0.30437839492273067,-0.058868340876154585,-0.04988043027934615,0.022944674783625333,-0.197563945340778,0.047848420736034916,-0.08018943706745443,-0.14816760417343486,-0.1912338531679438,-0.1461321826387317
2025-11-06 12:00:00+00:00,-0.30437839492273067,-0.04062997446068657,-0.022539938117023872,0.022944674783625333,-0.19079381074910842,0.08664730467281574,-0.08018943706745443,-0.1728061922307031,-0.1912338531679438,-0.13663562879422217
2025-11-06 13:00:00+00:00,-0.2808369075936966,-0.022619515396496093,0.004916543251138166,-0.001109792816083043,-0.1765891025050775,0.12224008575350427,-0.08018943706745443,-0.1728061922307031,-0.22462292627536312,-0.12682433121785086
2025-11-06 14:00:00+00:00,-0.27701026044546645,0.005305968331200335,0.048753022365571844,-0.020286627403396488,-0.16549868019316383,0.1757435088012966,-0.07402731734249801,-0.17368910011623764,-0.24545226854243865,-0.10540853517889884
2025-11-06 15:00:00+00:00,-0.27701026044546645,0.005305968331200335,0.08911254500292408,-0.038969811544237565,-0.15552811752214138,0.22852849842446074,-0.07402731734249801,-0.17368910011623764,-0.24545226854243865,-0.09141433130194077
2025-11-06 16:00:00+00:00,-0.27701026044546645,-0.015246699759539354,0.08911254500292408,-0.038969811544237565,-0.15552811752214138,0.1991367061785749,-0.07402731734249801,-0.20997801907708769,-0.2118897140087281,-0.09141433130194077
2025-11-06 17:00:00+00:00,-0.27701026044546645,-0.035589622254017746,0.05699402048081906,-0.024614409412146043,-0.13396297652023606,0.16849362006779725,-0.07402731734249801,-0.20997801907708769,-0.18324702441689464,-0.10186441633735277
2025-11-06 18:00:00+00:00,-0.27701026044546645,-0.05573954308497985,0.025907353996995754,-0.024614409412146043,-0.14858459201607424,0.13868077494264802,-0.07402731734249801,-0.14219111352255395,-0.1485790951986035,-0.10186441633735277
2025-11-06 19:00:00+00:00,-0.2996603736379473,-0.05778580039832674,0.012107302420031751,-0.005933599168736305,-0.14731004975054277,0.12586697409424885,-0.060625237824335154,-0.10374053744677121,-0.10767076122481657,-0.09985489024975519
2025-11-06 20:00:00+00:00,-0.2996603736379473,-0.06752008402679027,0.012107302420031751,-0.005933599168736305,-0.11970303177834954,0.10925926121613748,-0.060625237824335154,-0.10374053744677121,-0.12760430961043137,-0.10496478956880163
2025-11-06 21:00:00+00:00,-0.2996603736379473,-0.08662291695306511,0.012107302420031751,-0.01397182539483444,-0.13178749371668225,0.09304325873567722,-0.06611057451525533,-0.11881378670959275,-0.12760430961043137,-0.10496478956880163
2025-11-06 22:00:00+00:00,-0.2996603736379473,-0.10635675276343096,0.04415096824776269,-0.005876629600686802,-0.1468512110320379,0.061650676105650094,-0.06611057451525533,-0.13630644083277044,-0.12760430961043137,-0.11000231324189792
2025-11-06 23:00:00+00:00,-0.2996603736379473,-0.1276362675736192,0.028651926090811006,-0.01417588719730495,-0.16364480031885859,0.04059270711175978,-0.06611057451525533,-0.13630644083277044,-0.10451873666346971,-0.12198477006174847
2025-11-07 00:00:00+00:00,-0.2996603736379473,-0.18317262544010024,0.01236055445767096,-0.022702633251109813,-0.1696507043403862,0.01824759960749892,-0.06611057451525533,-0.07795278007114655,-0.10451873666346971,-0.15084256737241292
2025-11-07 01:00:00+00:00,-0.2996603736379473,-0.19557178173428558,0.009692477842565633,-0.02098031305212295,-0.17341349689118032,0.01357519917377774,-0.06973111817904569,-0.07384698249300375,-0.09876336213739857,-0.1567537919759987
2025-11-07 02:00:00+00:00,-0.2996603736379473,-0.20981968808721335,0.009692477842565633,-0.024607597156229934,-0.17577540231260072,0.009638680140185147,-0.07593048778103598,-0.07966623267365185,-0.10451873666346971,-0.16010852595030547
2025-11-07 03:00:00+00:00,-0.2996603736379473,-0.22648336727905963,0.009692477842565633,-0.024607597156229934,-0.17978868544853152,0.005366610535618971,-0.07593048778103598,-0.07541906787500717,-0.09876336213739857,-0.1631128348808218
2025-11-07 04:00:00+00:00,-0.2851018192901675,-0.24640970150234381,0.009692477842565633,-0.024607597156229934,-0.1734134968911803,0.002272838324912174,-0.07593048778103598,-0.07541906787500717,-0.09876336213739857,-0.16622353056681785
2025-11-07 05:00:00+00:00,-0.3010920124678061,-0.26718067922861505,-0.0024167106502570334,-0.04508297058548289,-0.18268954757815353,-0.007610062028275256,-0.0908904604535815,-0.07567892964485669,-0.11344554982844925,-0.18808026670967562
2025-11-07 06:00:00+00:00,-0.3010920124678061,-0.2618359751783847,0.009036651462847812,-0.04508297058548289,-0.18861502390069973,-0.007610062028275256,-0.0908904604535815,-0.08727913187187844,-0.1357823834324362,-0.19703811105669344
2025-11-07 07:00:00+00:00,-0.3010920124678061,-0.2618359751783847,0.009036651462847812,-0.04508297058548289,-0.18861502390069973,0.026301491227756477,-0.0908904604535815,-0.10138084975595173,-0.14874069686557467,-0.21513346111814605
2025-11-07 08:00:00+00:00,-0.31497838051543414,-0.27146155010261946,-0.002532778085304779,-0.03382706879148988,-0.1821257581406317,0.03695106837031727,-0.0908904604535815,-0.11654735897102787,-0.16197139195179625,-0.23013337820628363
2025-11-07 09:00:00+00:00,-0.31497838051543414,-0.2811916405448903,-0.002532778085304779,-0.04463095236150293,-0.18436702705024724,0.04749366311655421,-0.0908904604535815,-0.129548581906664,-0.16197139195179625,-0.23964786640066046
2025-11-07 10:00:00+00:00,-0.3131353910607165,-0.2832510665235648,-0.015019914589001192,-0.05242685782929299,-0.1839513799498509,0.03673214353072366,-0.08175645227276583,-0.15431027129765967,-0.1974521608575078,-0.2551665328351107
2025-11-07 11:00:00+00:00,-0.33391150825347826,-0.2832510665235648,-0.015019914589001192,-0.07520237870557332,-0.1774301229386643,0.03673214353072366,-0.09064934372071319,-0.178062972058606,-0.21995490572041637,-0.2702741540175647
2025-11-07 12:00:00+00:00,-0.35434564821866377,-0.2832510665235648,-0.015019914589001192,-0.08703752744483578,-0.18424257745392503,0.03673214353072366,-0.09064934372071319,-0.23140859442917094,-0.24761939368084704,-0.2937177467954178
2025-11-07 13:00:00+00:00,-0.3863748263346269,-0.2832510665235648,-0.06822163619732939,-0.07520237870557332,-0.18424257745392503,0.024675579594859668,-0.09064934372071319,-0.268043805830703,-0.2758966981419363,-0.3366565392342043
2025-11-07 14:00:00+00:00,-0.3863748263346269,-0.2660427257581347,-0.09650591646372242,-0.08746593459815494,-0.18424257745392503,0.024675579594859668,-0.09980249256892167,-0.2882030894976975,-0.3264487821075313,-0.37309372272156155
2025-11-07 15:00:00+00:00,-0.35301930759606753,-0.2660427257581347,-0.05444270813062984,-0.08746593459815494,-0.17362072310683538,0.0828258515928863,-0.11416805735568573,-0.3208678344368932,-0.3623069457090824,-0.3857593551840863
2025-11-07 16:00:00+00:00,-0.35301930759606753,-0.2987544483587538,-0.05444270813062984,-0.1024411757591564,-0.17362072310683538,0.06708483547409018,-0.0793945375041371,-0.3208678344368932,-0.27260213976697467,-0.34981596129242415
2025-11-07 17:00:00+00:00,-0.32517063116109324,-0.27059728302064795,-0.05444270813062984,-0.1024411757591564,-0.17362072310683538,0.05134390779754601,-0.0793945375041371,-0.26446043744879016,-0.17759945037399907,-0.3170120459481952
2025-11-07 18:00:00+00:00,-0.3251706311610933,-0.24249713380924803,-0.05444270813062984,-0.1162465701096377,-0.2588533520849712,0.03540879108711503,-0.09047311153707742,-0.21588648734609348,-0.1070454148284955,-0.2745362561941088
2025-11-07 19:00:00+00:00,-0.31707308566284725,-0.1979907332090643,-0.0708523404970581,-0.09931971546802466,-0.22420037673851137,0.029784612089845817,-0.07686121701942396,-0.18922666286703102,-0.05038904598455069,-0.24513893881251708
2025-11-07 20:00:00+00:00,-0.30881291668063643,-0.16860802095669303,-0.052049603949193564,-0.11349682092074197,-0.22722490766275516,0.03913931548620516,-0.0649960972215293,-0.17418639038129036,-0.009787692354255993,-0.2243805751771684
2025-11-07 21:00:00+00:00,-0.3004844521982949,-0.12632889348760146,-0.052049603949193564,-0.11349682092074197,-0.23541579460915052,0.03913931548620516,-0.058962393529067576,-0.17418639038129036,0.034905790560110325,-0.20933013783527973
2025-11-07 22:00:00+00:00,-0.3004844521982949,-0.11105599657884292,-0.07272644487118461,-0.12172520855431312,-0.1940233029354505,0.029942085899224796,-0.058962393529067576,-0.17418639038129036,0.07607602837964422,-0.1996891206485783
2025-11-07 23:00:00+00:00,-0.2781673249489015,-0.11105599657884292,-0.052049603949193564,-0.11197330456946127,-0.18597823173148326,0.021057915064717304,-0.05146211259571439,-0.13468741846434276,0.12097338573320303,-0.17533188628398141
2025-11-08 00:00:00+00:00,-0.2781673249489015,-0.13221919207483596,-0.052049603949193564,-0.12172520855431312,-0.1940233029354505,-0.006468792015714866,-0.05146211259571439,-0.09442509459890239,0.15811446890477884,-0.1655650723350476
2025-11-08 01:00:00+00:00,-0.2617444448970509,-0.13322824229078306,-0.0656768114769741,-0.09951334016027553,-0.18883750553583956,0.0006354405339900174,-0.015591622688851163,-0.04736022227802033,0.18554575156848044,-0.13608859731487796
2025-11-08 02:00:00+00:00,-0.2617444448970509,-0.13992079155172224,-0.07048402221125245,-0.10245130577958704,-0.19257652759856458,-0.001371421478821844,-0.014110401525746991,-0.04364961396670525,0.18419443457252793,-0.13031629220070426
2025-11-08 03:00:00+00:00,-0.24966690838123154,-0.14705211794334908,-0.07782078621009922,-0.10549478801442448,-0.1974227691798659,-0.005628455285866815,-0.014110401525746991,-0.03716222699778005,0.18314334089201953,-0.12488386066682694
2025-11-08 04:00:00+00:00,-0.224338970154516,-0.14705211794334908,-0.08317641089595972,-0.10549478801442448,-0.20416798018089596,-0.007868001721191177,-0.014110401525746991,-0.030943956900431138,0.17794752240929365,-0.11677185974563511
2025-11-08 05:00:00+00:00,-0.2127607097972119,-0.1417671980485886,-0.08017784965824333,-0.09452061575081458,-0.1984703347254713,0.007849118544137638,-0.002766934062506296,-0.03334598867325608,0.1748465520618289,-0.09878828852954932
2025-11-08 06:00:00+00:00,-0.22128895327829315,-0.1417671980485886,-0.08017784965824333,-0.07752406500686432,-0.182498783334398,0.014384087985529802,-0.002766934062506296,-0.042596710727999754,0.1748465520618289,-0.10741974452287142
2025-11-08 07:00:00+00:00,-0.24674617828731082,-0.1417671980485886,-0.06553838425411183,-0.07132725338022691,-0.17726454683804796,0.007911275966324596,-0.002766934062506296,-0.05212321217829651,0.1567209330456198,-0.12408544601668331
2025-11-08 08:00:00+00:00,-0.2597925750158877,-0.15470655171851125,-0.08017784965824333,-0.05976573301712119,-0.17238039715756617,0.0012675305361774163,-0.002766934062506296,-0.07323477975035957,0.1380987842140772,-0.14929045898794735
2025-11-08 09:00:00+00:00,-0.273307347908445,-0.17639799366440362,-0.08017784965824333,-0.054553068075868426,-0.16835870048277504,0.007974933848706458,0.001165677131515317,-0.08264590006720997,0.12706733798472955,-0.17460377675713654
2025-11-08 10:00:00+00:00,-0.29234958828601887,-0.20363434636848646,-0.10551973703289505,-0.05846991765720107,-0.15336972922275488,0.031582797982068374,0.010311767364245281,-0.10860080455253958,0.09446526566187424,-0.2093425049596928
2025-11-08 11:00:00+00:00,-0.3087696602342763,-0.24124188584240347,-0.10967958493276511,-0.05592680198166457,-0.15999509581693896,0.03971807522968249,0.010443454869294322,-0.13580997281571633,0.06113278641883393,-0.23616926741932906
2025-11-08 12:00:00+00:00,-0.33126286646632086,-0.2961108753742526,-0.10967958493276511,-0.06785547024400193,-0.15999509581693896,0.0234810083161357,0.010443454869294322,-0.1558615006617242,-0.01851280557113409,-0.28713098741263443
2025-11-08 13:00:00+00:00,-0.3537178101516846,-0.3275321814311013,-0.17272568917842165,-0.0797925214199994,-0.17575410236408495,-0.026342099271348337,0.010443454869294322,-0.17550139681432306,-0.07480829118286646,-0.3495283475877622
2025-11-08 14:00:00+00:00,-0.3895178274878413,-0.3823424006215407,-0.26558033692375793,-0.08533671640075692,-0.19419261707033122,-0.10209011484413025,-0.004461072829003321,-0.23057832396195643,-0.16901828873270036,-0.44843367790277483
2025-11-08 15:00:00+00:00,-0.42796045382040176,-0.38949652714208743,-0.27680130829662497,-0.08431864155321817,-0.20530407413349902,-0.15497684696864653,-0.020381354865176497,-0.28909284396524443,-0.22030346557852892,-0.5315438679883705
2025-11-08 16:00:00+00:00,-0.39791376476942547,-0.3566306050148854,-0.27680130829662497,-0.08431864155321817,-0.19901160484245423,-0.15497684696864653,-0.008600852674986757,-0.20442685552194928,-0.18578959662504957,-0.4676828621877956
2025-11-08 17:00:00+00:00,-0.3744849626370107,-0.28173999380161124,-0.2435303311541997,-0.08431864155321817,-0.20530407413349902,-0.15497684696864653,-0.008600852674986757,-0.15685511588485138,-0.11830444171955747,-0.4529856747499428
2025-11-08 18:00:00+00:00,-0.350544297071732,-0.2481130491122529,-0.20890227531675126,-0.08431864155321817,-0.20530407413349902,-0.13466170631925525,-0.008600852674986757,-0.1820935549656055,-0.08077444272218212,-0.4529856747499428
