time_utc,6.8x51mm Hybrid,7.62x51mm M62,7.62x54R BT,5.8x42mm DVC12,5.7x28mm SS190,7.62x39mm AP,9x39mm BP,4.6x30mm AP SX,12.7x55mm PS12B,5.56x45mm M995
2025-11-20 19:00:00+00:00,,,,,,,,,,
2025-11-20 20:00:00+00:00,,,,,,,,,,
2025-11-20 21:00:00+00:00,,,,,,,,,,
2025-11-20 22:00:00+00:00,,,,,,,,,,
2025-11-20 23:00:00+00:00,,,,,,,,,,
2025-11-21 00:00:00+00:00,,,,,,,,,,
2025-11-21 01:00:00+00:00,,,,,,,,,,
2025-11-21 02:00:00+00:00,,,,,,,,,,
2025-11-21 03:00:00+00:00,,,,,,,,,,
2025-11-21 04:00:00+00:00,,,,,,,,,,
2025-11-21 05:00:00+00:00,,,,,,,,,,
2025-11-21 06:00:00+00:00,,,,,,,,,,
2025-11-21 07:00:00+00:00,,,,,,,,,,
2025-11-21 08:00:00+00:00,,,,,,,,,,
2025-11-21 09:00:00+00:00,,,,,,,,,,
2025-11-21 10:00:00+00:00,,,,,,,,,,
2025-11-21 11:00:00+00:00,,,,,,,,,,
2025-11-21 12:00:00+00:00,,,,,,,,,,
2025-11-21 13:00:00+00:00,,,,,,,,,,
2025-11-21 14:00:00+00:00,,,,,,,,,,
2025-11-21 15:00:00+00:00,,,,,,,,,,
2025-11-21 16:00:00+00:00,,,,,,,,,,
2025-11-21 17:00:00+00:00,,,,,,,,,,
2025-11-21 18:00:00+00:00,,,,,,,,,,
2025-11-21 19:00:00+00:00,,,,,,,,,,
2025-11-21 20:00:00+00:00,,,,,,,,,,
2025-11-21 21:00:00+00:00,,,,,,,,,,
2025-11-21 22:00:00+00:00,,,,,,,,,,
2025-11-21 23:00:00+00:00,,,,,,,,,,
2025-11-22 00:00:00+00:00,,,,,,,,,,
2025-11-22 01:00:00+00:00,,,,,,,,,,
2025-11-22 02:00:00+00:00,,,,,,,,,,
2025-11-22 03:00:00+00:00,,,,,,,,,,
2025-11-22 04:00:00+00:00,,,,,,,,,,
2025-11-22 05:00:00+00:00,,,,,,,,,,
2025-11-22 06:00:00+00:00,,,,,,,,,,
2025-11-22 07:00:00+00:00,,,,,,,,,,
2025-11-22 08:00:00+00:00,,,,,,,,,,
2025-11-22 09:00:00+00:00,,,,,,,,,,
2025-11-22 10:00:00+00:00,,,,,,,,,,
2025-11-22 11:00:00+00:00,,,,,,,,,,
2025-11-22 12:00:00+00:00,,,,,,,,,,
2025-11-22 13:00:00+00:00,,,,,,,,,,
2025-11-22 14:00:00+00:00,,,,,,,,,,
2025-11-22 15:00:00+00:00,,,,,,,,,,
2025-11-22 16:00:00+00:00,,,,,,,,,,
2025-11-22 17:00:00+00:00,,,,,,,,,,
2025-11-22 18:00:00+00:00,,,,,,,,,,
2025-11-22 19:00:00+00:00,,,,,,,,,,
2025-11-22 20:00:00+00:00,,,,,,,,,,
2025-11-22 21:00:00+00:00,,,,,,,,,,
2025-11-22 22:00:00+00:00,,,,,,,,,,
2025-11-22 23:00:00+00:00,,,,,,,,,,
2025-11-23 00:00:00+00:00,,,,,,,,,,
2025-11-23 01:00:00+00:00,,,,,,,,,,
2025-11-23 02:00:00+00:00,,,,,,,,,,
2025-11-23 03:00:00+00:00,,,,,,,,,,
2025-11-23 04:00:00+00:00,,,,,,,,,,
2025-11-23 05:00:00+00:00,,,,,,,,,,
2025-11-23 06:00:00+00:00,,,,,,,,,,
2025-11-23 07:00:00+00:00,,,,,,,,,,
2025-11-23 08:00:00+00:00,,,,,,,,,,
2025-11-23 09:00:00+00:00,,,,,,,,,,
2025-11-23 10:00:00+00:00,,,,,,,,,,
2025-11-23 11:00:00+00:00,,,,,,,,,,
2025-11-23 12:00:00+00:00,,,,,,,,,,
2025-11-23 13:00:00+00:00,,,,,,,,,,
2025-11-23 14:00:00+00:00,,,,,,,,,,
2025-11-23 15:00:00+00:00,,,,,,,,,,
2025-11-23 16:00:00+00:00,,,,,,,,,,
2025-11-23 17:00:00+00:00,,,,,,,,,,
2025-11-23 18:00:00+00:00,-0.32480926775774294,-0.15865708289783198,-0.03283715462755438,-0.0018446526938845963,-0.14858204173741046,0.07529111927726825,-0.02544707383073032,0.06940189716957618,-0.09779013308847526,-0.16428213611049883
2025-11-23 19:00:00+00:00,-0.33125742354634286,-0.16468904326808229,-0.03662082033969494,-0.01316404188700316,-0.15404739423234454,0.05750878877158567,-0.03203000221791066,0.06171209537425505,-0.1118500119771386,-0.19313929074657274
2025-11-23 20:00:00+00:00,-0.33738990789194595,-0.17043574616175436,-0.040229466746415136,-0.023892264383464326,-0.15925807022681115,0.040774211061084496,-0.03829597045341617,0.054400295415602956,-0.10538128765847594,-0.2232090379140518
2025-11-23 21:00:00+00:00,-0.34323013987170775,-0.17591803415437676,-0.043675848127322156,-0.03407579665287306,-0.15607365722652336,0.024996933106428334,-0.04426864326554285,0.047437771811394164,-0.11849506192780127,-0.2570789141013439
2025-11-23 22:00:00+00:00,-0.34879920503963757,-0.18115467544952638,-0.01891621957242492,-0.032648278990170546,-0.14005601155269037,0.02089652067209873,-0.04582604327501992,0.0493303972545294,-0.11219647568356836,-0.2765712733610848
2025-11-23 23:00:00+00:00,-0.34776420000204183,-0.1779223462331326,-0.014882941754818553,-0.029452785355481587,-0.13709299270774825,0.021988520533232265,-0.04313517176828099,0.05233382383529911,-0.10641912715661093,-0.2742440349103612
2025-11-24 00:00:00+00:00,-0.341445117516263,-0.17133174801083678,-0.011072360813393103,-0.025352555360686268,-0.13685362124269046,0.024588764340486104,-0.03800591395155855,0.05581835819964992,-0.10099685291512842,-0.2672659962367681
2025-11-24 01:00:00+00:00,-0.33543040834313265,-0.1610499862692616,-0.007464421444506165,-0.021477064189592072,-0.12594421755204696,0.025589615618493104,-0.03321478906597501,0.059077442985956775,-0.09589451813844813,-0.25772315062681134
2025-11-24 02:00:00+00:00,-0.34285534998942985,-0.17662355462224621,-0.021475229388048914,-0.03548057366129382,-0.1391860217218918,0.021171431068793354,-0.04906017801372659,0.03871702568958797,-0.10889310129609364,-0.2670840481093454
2025-11-24 03:00:00+00:00,-0.34992653011944397,-0.1873974646394706,-0.034698665906446734,-0.045490676035063134,-0.15327932250319157,0.01690558610641196,-0.06388186019590791,0.025109954568516203,-0.12114449282855856,-0.27595774747818186
2025-11-24 04:00:00+00:00,-0.35666904767845653,-0.19759388531926358,-0.04720192537730609,-0.055048581849765785,-0.1632094101492763,0.012784249289158103,-0.07778276911585297,0.014723722205029403,-0.1228018969322847,-0.28438252211632703
2025-11-24 05:00:00+00:00,-0.3631056466265934,-0.20725986988259995,-0.059044514399268944,-0.06418453566244194,-0.1709054371542262,0.008800122392740747,-0.0888702452105329,0.014494495450640006,-0.13412579882783895,-0.29239262547940365
2025-11-24 06:00:00+00:00,-0.36365011685381576,-0.21643732078742378,-0.07027934983311428,-0.06029008421506913,-0.17236678381779016,0.004946395360560161,-0.08626411270682481,0.019001038637317065,-0.13549469768244307,-0.2954556098687313
2025-11-24 07:00:00+00:00,-0.3520658715090156,-0.213859881268287,-0.061171116943417446,-0.043754767077708284,-0.16361471732483526,0.025847831972611833,-0.07433167023262857,0.028782984126995006,-0.16016998742356475,-0.2671573650694674
2025-11-24 08:00:00+00:00,-0.3313731930367743,-0.1986577955304186,-0.05260594615877944,-0.028261019145456093,-0.1449144528822944,0.05885513558874128,-0.06312202451667968,0.03799460660744661,-0.18292496418966006,-0.24082117193258495
2025-11-24 09:00:00+00:00,-0.311972010311937,-0.18437396037902895,-0.04453080557456732,-0.013705804093258361,-0.14241919554965066,0.08901163282191898,-0.05256435017646576,0.04669026016480039,-0.1832325868054198,-0.22434555171517867
2025-11-24 10:00:00+00:00,-0.3029502282644527,-0.1709201695818394,-0.06799889570694964,-0.006669186721545851,-0.12543122028986575,0.11667144988635815,-0.047484288888130874,0.05008695205582853,-0.1835652404742019,-0.20884174736726935
2025-11-24 11:00:00+00:00,-0.2858806842981862,-0.1490938478066846,-0.05471203360910338,0.003824807108436095,-0.16821182395307804,0.15593960229881482,-0.03937802602631853,0.054505782104520055,-0.1817988944723189,-0.1836273138451292
2025-11-24 12:00:00+00:00,-0.27059816002490406,-0.12936462714605185,-0.042647641712824605,0.01340387877589938,-0.13441659067733155,0.190839177355972,-0.03201700449663782,0.05860015878613415,-0.18038201091993716,-0.16086253325899308
2025-11-24 13:00:00+00:00,-0.25680244574401645,-0.11139704295171382,-0.03161326342537527,0.022207949584928496,-0.12370210332248614,0.22208960755633328,-0.025283365655340444,0.06241480880123467,-0.179244311894554,-0.14015445617242542
2025-11-24 14:00:00+00:00,-0.24426044562213448,-0.09492870256838497,-0.02145808564608499,0.039212615620332625,-0.10758620744096159,0.26303596996746964,-0.019084838235442627,0.07248530730853411,-0.14735528761973005,-0.11133804095968078
2025-11-24 15:00:00+00:00,-0.23278794027538954,-0.07975071851433642,-0.01206182734285929,0.05492420810125341,-0.10481664401015302,0.2991332994785734,-0.013347897384276268,0.0818514000509619,-0.11818388546947776,-0.08493130410374411
2025-11-24 16:00:00+00:00,-0.2338144140879504,-0.08605312693812815,-0.01689895646002602,0.044958030080005616,-0.10735582660857579,0.2631896484924811,-0.01617565583954428,0.07479445849283022,-0.13022610342352,-0.09663423015120826
2025-11-24 17:00:00+00:00,-0.2403601250379818,-0.09211114692150403,-0.021554154261998353,0.03540744117073828,-0.10980693297959856,0.2301200938447089,-0.018900164179323737,0.06801383985261593,-0.12667651542621233,-0.10779796916605847
2025-11-24 18:00:00+00:00,-0.2466463302921374,-0.09793937554044672,-0.026038135258245977,0.026246301044523714,-0.11217482549394898,0.19957613454979264,-0.024921788306195503,0.06149281923504903,-0.1232613055242155,-0.11845916879835125
2025-11-24 19:00:00+00:00,-0.26949394002155896,-0.10355122474478709,-0.050911729973428306,0.017450666822767868,-0.1144639917546834,0.17126554667463237,-0.030719671780123397,0.05521604894482987,-0.11997249521689284,-0.12865121033685756
2025-11-24 20:00:00+00:00,-0.29002166757113335,-0.10895904302698593,-0.07387339421693541,0.008998562412999112,-0.1254377743018481,0.14494115088455217,-0.03630663256920308,0.04916941521579421,-0.11680275472813327,-0.14240823961816218
2025-11-24 21:00:00+00:00,-0.30862613125151794,-0.11417422202811482,-0.10958189318054849,0.0008697767711136203,-0.14995223528106716,0.12039222043735523,-0.04484804544885528,0.04333991287395214,-0.1137453362520795,-0.15904283551222603
2025-11-24 22:00:00+00:00,-0.31003506374604,-0.1155852722622554,-0.10432698476042179,0.0010837726151065497,-0.14314970037603672,0.11825560999923158,-0.04544884075154108,0.04527348710598722,-0.11306835414390096,-0.16112350535966785
2025-11-24 23:00:00+00:00,-0.3086835608031565,-0.11504232527822977,-0.0992807760775506,0.004760288245322731,-0.1366679100489518,0.12105770282470851,-0.04045018419894811,0.04993631465291515,-0.11240566636823388,-0.1569925956062281
2025-11-25 00:00:00+00:00,-0.29969158776544147,-0.10922536841610488,-0.09443008404331601,0.009401586676761234,-0.13048239581863727,0.12260918731764513,-0.03467897546999272,0.0549319181453623,-0.10675248012601063,-0.15112535895836463
2025-11-25 01:00:00+00:00,-0.30337052649267193,-0.11768512115747434,-0.100281062049532,0.0012872471612621421,-0.12599723419931402,0.11908736631781651,-0.042913953792031084,0.04371070807268289,-0.11303441135852385,-0.15673599983113198
2025-11-25 02:00:00+00:00,-0.30692973414279595,-0.12565729404035167,-0.10591618570576994,-0.006471095250071458,-0.1293730350941603,0.11565481241043271,-0.050758076736291055,0.03313999175387456,-0.11369052732057404,-0.16213191002408386
2025-11-25 03:00:00+00:00,-0.3103752023530739,-0.13319081604140445,-0.1158022613450702,-0.013898429759937492,-0.13455480912876377,0.11230817286479768,-0.05824164546710794,0.02315704464284562,-0.11963205316560917,-0.16732608501279406
2025-11-25 04:00:00+00:00,-0.31371251417731455,-0.14032754666864336,-0.12081852515364616,-0.02101731140838281,-0.14034857783534896,0.10904426082993073,-0.0653916680908834,0.013707600555396602,-0.1253434319804633,-0.17233042978747276
2025-11-25 05:00:00+00:00,-0.323437908564022,-0.1547069822025994,-0.1341075288726989,-0.03455524593272198,-0.15640118801008338,0.10042268344507731,-0.08103257831647609,0.0038102590701715147,-0.12591603639504773,-0.18626911919273617
2025-11-25 06:00:00+00:00,-0.32856636914285214,-0.15391319008191526,-0.12840553662749696,-0.02929431085917519,-0.16063344080372816,0.11459983377800083,-0.07661016755736165,0.010695648407014695,-0.12647738754463972,-0.19950031392502754
2025-11-25 07:00:00+00:00,-0.3237057582675595,-0.14517826488431382,-0.12291491485882065,-0.01966847850053547,-0.16178473408503966,0.13440031383621895,-0.06900415812552921,0.017324610190214095,-0.11072834158112423,-0.19028719311886866
2025-11-25 08:00:00+00:00,-0.3134097967563706,-0.13677209794733888,-0.11762323445798693,-0.010418322493389595,-0.1437758360382184,0.15295449213535003,-0.061679919718973394,0.02371207876936525,-0.11152722205170217,-0.18142255942091198
2025-11-25 09:00:00+00:00,-0.30349984704144245,-0.12867551699367863,-0.11251907486825345,-0.0015215318243052235,-0.14515766886608172,0.1703790482856597,-0.05462120243335788,0.029871794618278043,-0.11230594434444402,-0.17757470013025414
2025-11-25 10:00:00+00:00,-0.29395359346107014,-0.12087087312166597,-0.12476065093036144,0.0027922989322226137,-0.15454678812111558,0.18140807983326196,-0.05096017828504773,0.0328011778151751,-0.12670727440500104,-0.17386290436986468
2025-11-25 11:00:00+00:00,-0.2769866596142611,-0.10776633973076978,-0.11564514355770387,0.00959143141541005,-0.17271825210366415,0.19797326833752227,-0.04480156916427864,0.037196768339675376,-0.1265782088595923,-0.16671576511459862
2025-11-25 12:00:00+00:00,-0.26106528991509015,-0.09543680690355343,-0.1070689971826657,0.0160189902811396,-0.15938180008235664,0.21349694836147276,-0.03899422104060146,0.041364908040689284,-0.12649966937392892,-0.160013371551298
2025-11-25 13:00:00+00:00,-0.24608385201322167,-0.08380589058522178,-0.09897844715163497,0.028549027512621575,-0.14681436060494563,0.23656257035361256,-0.03350375582584541,0.04532652323673123,-0.10351623377704712,-0.1537099937952137
2025-11-25 14:00:00+00:00,-0.23195143455599376,-0.07280770243166972,-0.06391147008161857,0.0404012504315548,-0.13494251975602348,0.257935546030712,-0.02830052236509342,0.04909976400123441,-0.08194853594828466,-0.14776635930489448
2025-11-25 15:00:00+00:00,-0.21151840932450186,-0.05774195304888564,-0.018808777429233738,0.05569126020824324,-0.11823409167140307,0.2844872207185337,-0.0211961232358009,0.05368153188206397,-0.05324788346449972,-0.1386955732040152
2025-11-25 16:00:00+00:00,-0.21583154945404154,-0.06310325112756077,-0.037376506341999544,0.047669265241006446,-0.1229970521325699,0.2627098315988392,-0.023894561001619477,0.05055535942204289,-0.05131094016137305,-0.13987263500267938
2025-11-25 17:00:00+00:00,-0.22001290593570672,-0.06829669528946555,-0.05490492889318274,0.03991563123023122,-0.12513860286037864,0.2420348010764111,-0.02651385663471661,0.047523503755812435,-0.04943249586242491,-0.14102024420895157
2025-11-25 18:00:00+00:00,-0.22406869327022508,-0.07333039563813432,-0.0714817746765254,0.03241676936472396,-0.13201686394492848,0.22237920971098665,-0.029057698093047802,0.044581462757933295,-0.04760974461620511,-0.14213957967266064
2025-11-25 19:00:00+00:00,-0.22406869327022508,-0.055210564771569756,-0.0714817746765254,0.028591197594316387,-0.13201686394492848,0.20339687986192898,-0.020818787636183604,0.05595261687701185,-0.03485571239065398,-0.1313820450128343
2025-11-25 20:00:00+00:00,-0.22001290593570672,-0.03019223685618429,-0.06929052634626609,0.03212556848552166,-0.12513860286037864,0.2031244532453787,-0.00968195579056663,0.07082838864804787,-0.03649867167316089,-0.11898721534393389
2025-11-25 21:00:00+00:00,-0.21583154945404154,-0.002832196980188361,-0.067035948707125,0.03972118800648851,-0.0794836275529365,0.20873537796078306,0.001906916657413676,0.0863979030500804,-0.052056355413071506,-0.1060085252047145
2025-11-25 22:00:00+00:00,-0.21151840932450186,0.011592170003465036,-0.08076096133257539,0.04354445322728863,-0.06992537901477068,0.19820081765229342,0.010981513383616753,0.09316474851609913,-0.04052355962473831,-0.0924034515894916
2025-11-25 23:00:00+00:00,-0.21623975466660741,0.00368669476280491,-0.09508969263399651,0.023768164086706456,-0.07249347310701006,0.18719260588519432,0.002301110754574109,0.08256828679411087,-0.042350379214927354,-0.09467996926764259
2025-11-26 00:00:00+00:00,-0.21623975466660741,0.0008286153712095362,-0.09508969263399651,0.019584302203021202,-0.08193940133822927,0.1850110596231052,0.002301110754574109,0.08403844253753531,-0.030809718655562007,-0.09082416200732883
2025-11-26 01:00:00+00:00,-0.22426218382814,-0.012204431848033895,-0.10348695554517051,0.005659787958259173,-0.07760754300920886,0.1786842172299021,-0.008869071802940463,0.07209968278807884,-0.04184903484589288,-0.09787086320387751
2025-11-26 02:00:00+00:00,-0.2323039797126349,-0.025651988041479366,-0.11189859621360179,-0.007790946951262217,-0.08399470798783182,0.1722340937606838,-0.020052596634005375,0.060284383585885226,-0.047770591921274586,-0.10483205728366952
2025-11-26 03:00:00+00:00,-0.24036628085788614,-0.039538876038876215,-0.12032578427573463,-0.021947586819532707,-0.09349877206684,0.1656567747838883,-0.03125099791983224,0.04956777282534054,-0.05370169834331667,-0.11211038370824646
2025-11-26 04:00:00+00:00,-0.24717149052143442,-0.04858291631901433,-0.12810693562149292,-0.029070074817207754,-0.1005682990802222,0.16200157652994246,-0.04276719755973555,0.03786935439071943,-0.050051953505258664,-0.12085498082867285
2025-11-26 05:00:00+00:00,-0.25393243926997,-0.057886876351743916,-0.1232355848719513,-0.02906419512470576,-0.100337910800531,0.16916079546264545,-0.05406815787830402,0.02803623253032511,-0.06492482237115185,-0.12941957337144044
2025-11-26 06:00:00+00:00,-0.2504907969808452,-0.06202537025941173,-0.11855457268438292,-0.024129600828132303,-0.09912910427441642,0.18088955911001242,-0.05435039940808265,0.02827462468090039,-0.06474477595642392,-0.13780990734945125
2025-11-26 07:00:00+00:00,-0.2435681060826811,-0.05548936834564094,-0.11659647658283717,-0.018324714127434326,-0.09599212008611441,0.19402103924040073,-0.050994414837118904,0.028093104871107513,-0.056777338791008894,-0.14654695193557918
2025-11-26 08:00:00+00:00,-0.2368415206135924,-0.04386689423374948,-0.11466173616628532,-0.012638366503300195,-0.09687493594730347,0.20487003148764346,-0.047627291292193695,0.028043011554166393,-0.05668886378955025,-0.14862050601597665
2025-11-26 09:00:00+00:00,-0.23111588768950386,-0.03258667240717436,-0.11274962999181812,-0.010727605299526159,-0.10293721702404666,0.2153050801307354,-0.04424822076101244,0.02812612245113644,-0.056604479251566184,-0.14722758968847885
2025-11-26 10:00:00+00:00,-0.2268738346698168,-0.023825046714602834,-0.10628130527776478,-0.011571874763645322,-0.11283495527097678,0.22527313710448119,-0.040254549862721214,0.02263228890574422,-0.05468451757144738,-0.148498672067611
2025-11-26 11:00:00+00:00,-0.2228085300855332,-0.01528722497994493,-0.10029414510284626,-0.012494927286888237,-0.11843469392540872,0.23649775797855235,-0.03630321766707947,0.017994231896428802,-0.05439880481151421,-0.14963385124809236
2025-11-26 12:00:00+00:00,-0.22032911528602958,-0.01107153789520816,-0.0982158783962297,-0.003795800863264582,-0.11909474773107238,0.26056940581884097,-0.036305427149620775,0.007681779483666932,-0.054139692606229244,-0.15557052610119507
2025-11-26 13:00:00+00:00,-0.21791321680237236,-0.00692541426487645,-0.07346377935858152,0.010715379278437718,-0.10528257409223607,0.2838949403516779,-0.03628191991005658,-0.0024173277590453157,-0.06095357128271638,-0.16138004541863826
2025-11-26 14:00:00+00:00,-0.21233057965448346,0.0011647848782570217,-0.0390549321752832,0.02538773294192911,-0.09129338539727438,0.31099079016431896,-0.0337941599493687,-0.013099131646897497,-0.0565673500329384,-0.15759934621054217
2025-11-26 15:00:00+00:00,-0.20707377658540654,0.008944601940476108,-0.007067125382322761,0.03928091461500436,-0.08372559016100668,0.3366115126816968,-0.03135731663846549,-0.017665931823339632,-0.06963484275184091,-0.1539652762812567
2025-11-26 16:00:00+00:00,-0.20707377658540654,0.008944601940476108,-0.022559769277413846,0.03021518815610126,-0.08372559016100668,0.3116418139633665,-0.028382007506128026,-0.008580264395616898,-0.06963484275184091,-0.1500516867722634
2025-11-26 17:00:00+00:00,-0.21149122368843856,0.0008611030841051073,-0.03772073702268085,0.02567502121745275,-0.08983468013543458,0.2869458652327838,-0.02539999950237632,0.0005834939725417434,-0.060377483875822355,-0.1461263644334119
2025-11-26 18:00:00+00:00,-0.22972065426425337,-0.007116022795154291,-0.052572696399108165,0.021149960718495838,-0.09279043048386686,0.2675056100447669,-0.01942910028337548,0.009828431080917709,-0.051417693502409725,-0.14218908362571095
2025-11-26 19:00:00+00:00,-0.24969773334030884,-0.014990858984662197,-0.06713639607319781,0.0166397171018572,-0.09587692047057615,0.24835396970265392,-0.013422036692386747,0.01605012324841519,-0.0422733810310569,-0.13823961493719988
2025-11-26 20:00:00+00:00,-0.2647872136598188,-0.022767282412773607,-0.08143087899811303,0.0166397171018572,-0.06889001159380667,0.22947145305165348,-0.007377865209203053,0.022319675933230407,-0.032693975125933694,-0.13427772508274477
2025-11-26 21:00:00+00:00,-0.2626802749110571,-0.025733056843197925,-0.08135507869060417,0.020636904846937726,-0.07506310052331974,0.2190765746615676,0.002608863981289776,0.03166528166833526,-0.02292645498839795,-0.12891028542150604
2025-11-26 22:00:00+00:00,-0.25574220445774404,-0.028801066686791475,-0.08128382823204025,0.02673019205900802,-0.06888198132576809,0.2098223787590125,0.01745523667635631,0.04080764435447466,-0.022810620403952108,-0.12343035181619556
2025-11-26 23:00:00+00:00,-0.25945516812672514,-0.02990526298013212,-0.11585815726078316,0.02248626004793995,-0.08213894073387193,0.19362947250723805,0.019050636061050678,0.0350088013890293,-0.01358513340274028,-0.12227845521668321
2025-11-27 00:00:00+00:00,-0.2669641202800428,-0.035873261060209855,-0.12452402197681199,0.01108034592924402,-0.09144374661071515,0.18480789869276454,0.00897207283269556,0.026767704491250755,-0.014324709654829971,-0.12980752535680354
2025-11-27 01:00:00+00:00,-0.27450322130205673,-0.04169919059520348,-0.12496762509890759,0.00013394976538473428,-0.10055237785172813,0.1770250453378079,-0.0011325670939641495,0.017208600762683064,-0.019507529254104,-0.13745469740749963
2025-11-27 02:00:00+00:00,-0.2820735232367647,-0.04738816462449358,-0.1252887649658752,-0.008830457530271186,-0.10458047830683394,0.16881197744705653,-0.01126457895522529,0.007624322872679956,-0.020096172614248405,-0.14512796468315764
2025-11-27 03:00:00+00:00,-0.28967609755502843,-0.05294502738657576,-0.1249351836953067,-0.015600196205028135,-0.1160740372509826,0.16012721822401016,-0.02142527795638027,-0.0004948210638479024,-0.020589990153165653,-0.1528283675483034
2025-11-27 04:00:00+00:00,-0.2960159196372232,-0.06235475946148142,-0.12404243941302905,-0.02475438234592023,-0.12136566307327008,0.1617269563839389,-0.031478171947113234,-0.01029365262282213,-0.026395073905992297,-0.15985702480122177
2025-11-27 05:00:00+00:00,-0.3005280143058259,-0.06712748130627032,-0.12316050565754585,-0.03092628226543078,-0.12585590908856265,0.16077302608406568,-0.041919049678199254,-0.016419625232373527,-0.032042641671673006,-0.16685251365853226
2025-11-27 06:00:00+00:00,-0.30031229398290554,-0.06231324643049524,-0.12228912182925022,-0.029831858666644874,-0.12392753105938276,0.16521967685108102,-0.04382554408395014,-0.01602360069954456,-0.0313889454418186,-0.17381600639350125
2025-11-27 07:00:00+00:00,-0.2965715763139329,-0.05301763735061274,-0.12142803574915942,-0.025750931409573442,-0.1253073492607142,0.17306302901542459,-0.04196359041242544,-0.013497503538291105,-0.030740277523359158,-0.18074864446118527
2025-11-27 08:00:00+00:00,-0.2927015970887359,-0.044630202790431006,-0.12057700331279443,-0.021693353261565716,-0.12151261582338267,0.17979588134936766,-0.04038361213669142,-0.010904836635043548,-0.024675390293223676,-0.1808953583409489
2025-11-27 09:00:00+00:00,-0.2846683874025026,-0.028946914806624025,-0.11840674187930801,-0.01358825460309799,-0.11618375160306237,0.1920976673451172,-0.0359501907992018,-0.008823422667216656,-0.024921902835404186,-0.1748689333498038
2025-11-27 10:00:00+00:00,-0.2770261148123975,-0.013852954310566525,-0.1163034291415909,-0.010625553867312745,-0.12925713150152598,0.1970199616271231,-0.034798638995212704,-0.006396529648353618,-0.0229410221479073,-0.17400426604490446
2025-11-27 11:00:00+00:00,-0.26975672336407297,0.0006848675630279844,-0.11426313111208715,-0.007717913046515138,-0.12805363454306526,0.20176111810945596,-0.033490932135170084,-0.007373276565821977,-0.021535299067552787,-0.17311587703656234
2025-11-27 12:00:00+00:00,-0.2628436087506726,0.014697197372797966,-0.09412631253586096,-0.004861962559271544,-0.1194944028138918,0.21283602452615166,-0.03202749081591585,-0.008217728693391584,-0.020158347986432925,-0.1722027173439563
2025-11-27 13:00:00+00:00,-0.25169657006284,0.03460818470321482,-0.040368234188424494,0.0066327522371493804,-0.10014480343305254,0.2277039917725145,-0.02921395990337322,-0.003943786756685196,-0.0023450649100198585,-0.16272971605279937
2025-11-27 14:00:00+00:00,-0.24132887938212502,0.05347113572816961,0.028776797248725117,0.01757611639406801,-0.08168840664951951,0.24167038652710376,-0.026235103579998788,0.0002751266169540516,-0.0006233973858484442,-0.15368109661514565
2025-11-27 15:00:00+00:00,-0.2316757989668117,0.07137804740801597,0.06889578099312257,0.028015431489956635,-0.07950162999053476,0.2548124694434558,-0.023088820487376094,0.004449432811417606,0.016472148614496307,-0.14501541999887899
2025-11-27 16:00:00+00:00,-0.24082570680590093,0.06368219766518408,0.04001645846179726,0.023303146960508333,-0.08282742641748903,0.24000703381243324,-0.013060380336803106,0.007794568508568865,0.02684501580380972,-0.14501541999887899
2025-11-27 17:00:00+00:00,-0.24523507828408755,0.0560592961178731,0.012570954186590455,0.023303146960508333,-0.08282742641748903,0.22537893364101547,-0.0029330389857452725,0.007794568508568865,0.03731584914380741,-0.14501541999887899
2025-11-27 18:00:00+00:00,-0.23087786303629088,0.04850713143499594,-0.0006678928398633788,0.023303146960508333,-0.08607532206946363,0.21091941834089878,0.00729734145635031,0.0011069935776699897,0.03731584914380741,-0.14501541999887899
2025-11-27 19:00:00+00:00,-0.21614514741966998,0.04102357539646993,-0.013466753957027068,0.023303146960508333,-0.07950162999053476,0.1966201613856729,0.014188439438098341,-0.027446522505199637,0.03731584914380741,-0.14501541999887899
2025-11-27 20:00:00+00:00,-0.20530435008899128,0.03360657872529084,-0.02586087502273221,0.02805766894330586,-0.07950162999053476,0.18247322984505457,0.02114008354639649,-0.048186396047518926,0.05813318956876917,-0.14915159888328894
2025-11-27 21:00:00+00:00,-0.19104119217156593,0.02625416716978232,-0.03788158432442116,0.04270133387556538,-0.08621472804518891,0.1684710564054682,0.028154069080097797,-0.06496937454269434,0.07906151055481293,-0.1532741977259462
2025-11-27 22:00:00+00:00,-0.17138358582816798,0.031401348242335266,-0.05208138525363766,0.0557038841269764,-0.08284072259529524,0.16771562893892214,0.04163481325487523,-0.05456645949400693,0.0814775720141175,-0.15036550656673778
2025-11-27 23:00:00+00:00,-0.1779415384514892,0.02924895510974076,-0.05360449200798846,0.04445747604277928,-0.08285918511881965,0.14891642006101816,0.04101706115215023,-0.05912777482964358,0.07341988308701292,-0.1518342650329818
2025-11-28 00:00:00+00:00,-0.18584160609396438,0.024488110522793784,-0.061345366389379805,0.03625432378795159,-0.08792083236585645,0.13955077511782008,0.0318651423043772,-0.06790769896860567,0.06919165710150821,-0.1560785218507315
2025-11-28 01:00:00+00:00,-0.1937813661658676,0.019708368898851202,-0.062087117990621686,0.028014973997796178,-0.08953613567206112,0.12977994182433153,0.022676337359072377,-0.07688008595647874,0.07041117949715571,-0.16320448874717552
2025-11-28 02:00:00+00:00,-0.20176199440921655,0.01509945705389839,-0.06283432001144312,0.022320291399436393,-0.08482100335283574,0.11957412259099294,0.01344940012916181,-0.0863349274807319,0.07173044396181902,-0.17036673731218016
2025-11-28 03:00:00+00:00,-0.20978469439219763,0.010343662260651268,-0.06358710609685185,0.019247892776060423,-0.08923674976865716,0.10890003801900422,0.00418305676144818,-0.0965251754228091,0.07314981414079115,-0.17756634258680393
2025-11-28 04:00:00+00:00,-0.21703611366262307,0.005546466771722501,-0.06410501301191088,0.01149379479336205,-0.09462764890678997,0.10399343298620312,-0.005104835823221803,-0.09736138242567112,0.0740502366490966,-0.18411338676297404
2025-11-28 05:00:00+00:00,-0.22297360744058647,0.0007638928468042753,-0.0646236030931783,0.0065740444283242635,-0.10051831350766553,0.10228676015116896,-0.01389608753950067,-0.09598933084089978,0.07011001131498538,-0.19064717620098867
2025-11-28 06:00:00+00:00,-0.223157968918691,-0.004004624788152855,-0.059257964529732275,0.008671854839569107,-0.08953801043013283,0.10663865618505208,-0.01981368313804489,-0.09035322297776087,0.07106080888589614,-0.19716842344517804
2025-11-28 07:00:00+00:00,-0.2204897526918023,0.0016435208839508985,-0.0478520643815872,0.013663825104672456,-0.0886465304053123,0.11083386098348598,-0.017831256432288053,-0.0814996936337308,0.07201134214616449,-0.20271792338923625
2025-11-28 08:00:00+00:00,-0.21773236883261332,0.007166898590337039,-0.036463740654278765,0.018925888612111544,-0.08465938447642894,0.11487682469547113,-0.01574166602382636,-0.07283579161459877,0.07403050950047219,-0.20699975920873223
2025-11-28 09:00:00+00:00,-0.2114872288890608,0.018386392574427594,-0.026506704539355223,0.02361486185516671,-0.08579825308548768,0.1173796594472172,-0.011906435026243702,-0.058749095410759,0.07575312307341996,-0.2165296507978202
2025-11-28 10:00:00+00:00,-0.21009041159262623,0.02925911920027147,-0.028031646412718967,0.019098139774909352,-0.09302910205973547,0.11974944363747213,-0.011370094561475416,-0.05097660621833455,0.07746702437569608,-0.22549790520552157
2025-11-28 11:00:00+00:00,-0.20866030389151666,0.03980057734896997,-0.018633796326392976,0.018864950398593865,-0.09728528716907087,0.1155709659964982,-0.010655819823994918,-0.0433050513894785,0.07917298033974907,-0.2340442626631695
2025-11-28 12:00:00+00:00,-0.20719600719757703,0.05002532000395391,-0.009619981056951794,0.02315266273576966,-0.08930001545087964,0.11145893064468282,-0.009764164688320462,-0.03572886706930613,0.08087172371782106,-0.24218970379212673
2025-11-28 13:00:00+00:00,-0.2067188372842688,0.06292270539704009,0.020707139052816806,0.03150982686655922,-0.08384078786988462,0.11632453457584631,-0.013816839689665095,-0.02804836289582945,0.09551678288316104,-0.2587003621236652
2025-11-28 14:00:00+00:00,-0.2062305603071033,0.07531111165507741,0.049000065758305004,0.039673602406119036,-0.07543024275667608,0.1209868118302901,-0.01762855174189104,-0.02056077861877844,0.0963760616476631,-0.27451643692819133
2025-11-28 15:00:00+00:00,-0.20572916273583233,0.08722153126089312,0.07545689720756213,0.04765684226047241,-0.06797919294190907,0.12545602321616356,-0.021209930071335946,-0.013253244234834701,0.09723976150201376,-0.2896895328941844
2025-11-28 16:00:00+00:00,-0.2005362306245405,0.07952800349867883,0.05026897055277869,0.04765684226047241,-0.0713930106431057,0.11781933978396127,-0.009750588137849146,-0.013253244234834701,0.09723976150201376,-0.271830770017385
2025-11-28 17:00:00+00:00,-0.19533684794377235,0.0718928154664457,0.025778421705520953,0.04765684226047241,-0.0713930106431057,0.10219308389261487,0.0018050418720808492,-0.013253244234834701,0.08575915231871158,-0.2678709165571293
2025-11-28 18:00:00+00:00,-0.19533684794377235,0.06431437231846328,0.00192296127928174,0.04765684226047241,-0.07815353339579512,0.08667963741299888,0.01346130100927703,-0.013253244234834701,0.08575915231871158,-0.2638972587524552
2025-11-28 19:00:00+00:00,-0.193961359542767,0.062235663141733635,-0.012558609573227807,0.052178667951706115,-0.0750028556548059,0.07648819384971901,0.025643885959579005,-0.009774601618235965,0.09879825896819719,-0.25213346033796674
2025-11-28 20:00:00+00:00,-0.19733613510171788,0.060098560850897334,-0.020698039949991906,0.05675689970611052,-0.057712246730198674,0.06613527846988304,0.03817741608982501,-0.006255734101868512,0.10645587888129208,-0.23697532267679375
2025-11-28 21:00:00+00:00,-0.20270846003150847,0.057901746773027264,-0.029001695122121095,0.0613934892006144,-0.047172464232989805,0.05561223167705206,0.051077062293601434,-0.0026952540980066044,0.12011767296430052,-0.21328501685508666
2025-11-28 22:00:00+00:00,-0.20636040798370667,0.05564383423118151,-0.043078700033561096,0.05819321072660071,-0.04718718296543929,0.037239673716135846,0.06009050698743912,-0.004025678986630874,0.1281818679578343,-0.1946350990211228
2025-11-28 23:00:00+00:00,-0.2027795513383959,0.04731472186420178,-0.050244537709420826,0.05241529432778459,-0.05712191248770465,0.03306495463451713,0.06438059853674062,-0.007931066228901343,0.12195460489422874,-0.18775476145195022
2025-11-29 00:00:00+00:00,-0.2027795513383959,0.03490425940892128,-0.0643458127701357,0.049623045673162794,-0.048970760447200945,0.024621637619490228,0.0682562038481814,-0.01190623197395615,0.12195460489422874,-0.17985111444245197
2025-11-29 01:00:00+00:00,-0.2105072152895007,0.020758490910730964,-0.07533127900633828,0.038461955927863056,-0.06762254127557572,0.01434447814478082,0.06049191481072904,-0.02311865900422283,0.118349086363605,-0.18656058479772242
2025-11-29 02:00:00+00:00,-0.2105072152895007,0.018091095993803204,-0.0790404842321101,0.036800100456049645,-0.07024357781943319,0.013391595856017789,0.06092111142672007,-0.02422140889654745,0.11709085695970285,-0.18329320947209948
2025-11-29 03:00:00+00:00,-0.2105072152895007,0.016197784671774882,-0.08365426397238802,0.034907193663985994,-0.07376210419004343,0.012424423102432493,0.06134966202154021,-0.02422140889654745,0.11583538553068928,-0.18012042348320442
2025-11-29 04:00:00+00:00,-0.21753220108596039,0.012170442353787812,-0.08422671026055097,0.03213732340724304,-0.08130451430055902,0.005238177097167608,0.05040788438031298,-0.029869917461507925,0.11677823547933484,-0.1867260666544331
2025-11-29 05:00:00+00:00,-0.2245545173896286,0.007931879780709562,-0.08052319487809664,0.03093637566093794,-0.08207103447582113,0.0003881768900029309,0.04014676545103247,-0.03340918506365608,0.11638780336881178,-0.19314905221877424
2025-11-29 06:00:00+00:00,-0.22785909432242715,0.005925736628420232,-0.07717930212274966,0.03421815002146775,-0.07853115812132769,0.00032711373964126026,0.039597607723525774,-0.029750557004034464,0.1172940481309547,-0.19724317259085927
2025-11-29 07:00:00+00:00,-0.22785909432242715,0.010802208465553532,-0.0692146386755141,0.03421815002146775,-0.07609000454300967,0.01020141071557361,0.036369338865691735,-0.029750557004034464,0.1209997554305932,-0.20486251846901674
2025-11-29 08:00:00+00:00,-0.22965223893822898,0.015536585956142292,-0.056872325140358,0.03421815002146775,-0.07609000454300967,0.019429664345476785,0.03311337690042177,-0.029750557004034464,0.1275274279826403,-0.2126770860107277
2025-11-29 09:00:00+00:00,-0.23145185335787968,0.020180974165772938,-0.049393437816985464,0.03580211914140562,-0.07496138777957892,0.028118579649030605,0.029828489510903944,-0.030827717695460728,0.1275274279826403,-0.2182104594161856
2025-11-29 10:00:00+00:00,-0.23145185335787968,0.024740975930687175,-0.04271341922319007,0.03744490401422874,-0.07853115812132769,0.03250367096872116,0.026445924502053197,-0.03188590600659157,0.1275274279826403,-0.22383064916288395
2025-11-29 11:00:00+00:00,-0.23145185335787968,0.03619097001583876,-0.03391636877211935,0.041620225360275286,-0.057852893506277696,0.04358923199369788,0.017916270585400677,-0.034485484486554245,0.1275274279826403,-0.23622185169451293
2025-11-29 12:00:00+00:00,-0.23145185335787968,0.047442914609592775,-0.016175230599908427,0.045779135120927524,-0.0636854159563335,0.054520376564870236,0.00934310294814844,-0.03708849686677397,0.1275274279826403,-0.24878241746686894
2025-11-29 13:00:00+00:00,-0.23145185335787968,0.05850855159030567,0.0013200459581277227,0.04992198586110601,-0.06083374137867934,0.06530570579187564,0.0007241569758818897,-0.03969500033159064,0.1275274279826403,-0.261521270072258
2025-11-29 14:00:00+00:00,-0.23145185335787968,0.06939878376919709,0.018591047183380054,0.04992198586110601,-0.06083374137867934,0.07053313292334888,-0.00794289804591401,-0.04494989536250301,0.1196388444946248,-0.2796397015731417
2025-11-29 15:00:00+00:00,-0.23145185335787968,0.08012375476086812,0.03565796510085564,0.04992198586110601,-0.05519807962640872,0.07571231219312595,-0.016660462939138566,-0.05281870192866229,0.11168049751165902,-0.29826022206761577
2025-11-29 16:00:00+00:00,-0.23145185335787968,0.06395990657783072,0.01175996168392433,0.04992198586110601,-0.05895364195522314,0.06771140383173856,-0.004611368582524083,-0.045715803379809704,0.12423461147393236,-0.28014657452312164
2025-11-29 17:00:00+00:00,-0.22611940912481918,0.04805585710587151,-0.011875971678311687,0.04992198586110601,-0.05895364195522314,0.05979105786310281,0.007510915385298838,-0.03858485184511265,0.13588105768829842,-0.26169402501202776
2025-11-29 18:00:00+00:00,-0.22078114945345376,0.0323974101220233,-0.035274490307730305,0.04387520540433453,-0.06270000405917156,0.051948883738516645,0.023836402606763635,-0.0314250582438949,0.14748416345027696,-0.2428723627035005
2025-11-29 19:00:00+00:00,-0.19453365551288437,0.024118271666881127,-0.04037582764721882,0.04460563331117609,-0.0633506429714047,0.0510352100204284,0.04018803332481448,-0.023562635368034286,0.14950530551904467,-0.22502444706835253
2025-11-29 20:00:00+00:00,-0.16614370509041934,0.01574325970915038,-0.03903249148058854,0.04167352942602384,-0.04603876937860573,0.05007019449114656,0.05709344850571363,-0.015510826565312965,0.1515631270239541,-0.2021393982964679
2025-11-29 21:00:00+00:00,-0.13523653805029726,0.007264447662593858,-0.03256150150428276,0.03140021965036738,-0.006729734311133564,0.04905307340081868,0.07917940472953647,-0.007262875846968948,0.15365900508038224,-0.1735413720959093
2025-11-29 22:00:00+00:00,-0.13205793237310012,-0.0016037230844934056,-0.03981638040381692,0.01445783448410669,-0.021301173269844792,0.035644609157022916,0.0869132308036606,-0.00942847074943302,0.15365900508038224,-0.16208883061365043
2025-11-29 23:00:00+00:00,-0.13578767769286096,-0.010419292104995552,-0.05432301161514486,0.007956998137999313,-0.028872578856636365,0.01850541661904614,0.0869132308036606,-0.011630484442255113,0.16580422663055194,-0.15808163170690345
2025-11-30 00:00:00+00:00,-0.1403882923082573,-0.023954945819329096,-0.06916793680582395,0.001349567985141464,-0.031466543131273714,0.009611909729361712,0.09288116184809532,-0.011630484442255113,0.16580422663055194,-0.15379912131569207
2025-11-30 01:00:00+00:00,-0.1403882923082573,-0.029312049905861073,-0.07514030707473825,-0.0021721669872280906,-0.02695508718902411,0.0073373670587096864,0.0933607519815228,-0.011630484442255113,0.16580422663055194,-0.15218578855876413
2025-11-30 02:00:00+00:00,-0.1403882923082573,-0.034984452051342256,-0.08123456342443894,-0.006733886957095701,-0.02831939905613151,0.005001445720582863,0.09385302658908842,-0.011630484442255113,0.16580422663055194,-0.1505924667213763
2025-11-30 03:00:00+00:00,-0.1403882923082573,-0.041022225179206256,-0.09106850982945004,-0.011486354469789725,-0.02754721551577694,0.0025993321229454106,0.09435671747966848,-0.011630484442255113,0.16580422663055194,-0.1490186421395999
2025-11-30 04:00:00+00:00,-0.1479680574790672,-0.04781891159091321,-0.09120403626397752,-0.01571559441210315,-0.03382778742046411,-0.003987837202577916,0.08287930462395766,-0.021982363265292754,0.16173626102616495,-0.1546321195301108
2025-11-30 05:00:00+00:00,-0.1469351569035778,-0.03903502339889415,-0.08134569472704807,-0.007207269317628486,-0.024782117063989757,0.0029419935504558827,0.07726966672234764,-0.023918387846653955,0.16173626102616495,-0.15562083771858237
2025-11-30 06:00:00+00:00,-0.14559142358809307,-0.03168776152286682,-0.07405471934242595,-0.00023439083822457591,-0.018773426549449496,0.009802616499436216,0.07321577315340878,-0.026021365285902726,0.16173626102616495,-0.15562083771858237
2025-11-30 07:00:00+00:00,-0.14559142358809307,-0.026724518372171623,-0.062411530482052786,0.0080311295526335,-0.013966561616863977,0.016305843526433196,0.06936547139527754,-0.028134684504354267,0.15930546315027594,-0.16025252181538321
2025-11-30 08:00:00+00:00,-0.14755319482630883,-0.021828900056988513,-0.05116255561638151,0.015764270407145443,-0.016459909580664147,0.022523379886534026,0.06547395080475392,-0.030258615965799384,0.1556802497496568,-0.16498530245330303
2025-11-30 09:00:00+00:00,-0.14952359048861572,-0.01699703063094457,-0.044214579078498996,0.023045882613878195,-0.012863595595137384,0.028487389166906175,0.06153868723969708,-0.032393436523520655,0.1556802497496568,-0.16722882626412808
2025-11-30 10:00:00+00:00,-0.15150278283492544,-0.014631327293220696,-0.03791111612677052,0.027488536238965328,-0.01054432800508461,0.034540349604461576,0.05848366977471399,-0.03448904259725682,0.1556802497496568,-0.16949246702916512
2025-11-30 11:00:00+00:00,-0.15624523146626665,-0.008609058039368178,-0.02904283492402682,0.03902716849029089,-0.004446211156825623,0.05031851353927505,0.050211706040851796,-0.03981802050475689,0.14691213674336767,-0.1744254739036466
2025-11-30 12:00:00+00:00,-0.16100511916073892,-0.0025993789590753745,-0.020104366206965305,0.050407267840286464,-0.004446211156825623,0.06578413284842835,0.04187198279350566,-0.045158445659683605,0.13818632305906078,-0.17939812057479884
2025-11-30 13:00:00+00:00,-0.16578283945084438,0.003398359505102566,-0.001986214492728769,0.05782043660352293,-0.007548313367491949,0.08026688789829814,0.033461490056672746,-0.050510782590613444,0.1304739219345096,-0.18441132527737214
2025-11-30 14:00:00+00:00,-0.17057879265021245,0.015303601689018178,0.007043611127656792,0.06514892631326201,-0.0137670026497617,0.09427881174158731,0.0249770894929007,-0.05587550143022597,0.11393712856281218,-0.18946603422446148
2025-11-30 15:00:00+00:00,-0.17816467448758677,0.03431238630735651,0.02147816084715995,0.07704842120337586,-0.03864100684603343,0.10987081331815408,0.01112417421702917,-0.06449488451058316,0.08681890230832483,-0.1972501043237109
2025-11-30 16:00:00+00:00,-0.1718998731810196,0.017162231254493975,0.008519271147283491,0.07140535444983724,-0.02532986397252801,0.09442040049405752,0.02372416930906483,-0.056907879355457006,0.08681890230832483,-0.19161354675619965
2025-11-30 17:00:00+00:00,-0.16561857414906173,0.00018834540189765142,-0.0043387193397213105,0.06010514341115852,-0.05482140409859462,0.07923813351058981,0.036450186122058435,-0.049305506205497465,0.08681890230832483,-0.18594118498630124
2025-11-30 18:00:00+00:00,-0.15932030660954644,-0.016619577384046104,-0.01710032348716766,0.048937708055068765,-0.037676285758345036,0.056720326778806514,0.04930778025964746,-0.04168709659677894,0.08681890230832483,-0.18023213982051872
2025-11-30 19:00:00+00:00,-0.15684938826311282,-0.027609793588423942,-0.024871673851362634,0.04474311967170725,-0.03704475027976761,0.045526538649904386,0.06349999586421126,-0.03459709514895093,0.09609118562661977,-0.17776621557147576
2025-11-30 20:00:00+00:00,-0.16083713739867242,-0.03530695958606537,-0.03156909256909545,0.03547278492825923,-0.03453080389432864,0.030877545202353737,0.062230024348625484,-0.034053384700274886,0.10045910356623117,-0.1913278128069139
2025-11-30 21:00:00+00:00,-0.1728872823238463,-0.04275188969984235,-0.03806196767798297,0.02652751393052609,-0.022027698175550694,0.020997592344126598,0.060991015797327366,-0.033522948522704675,0.0978357160351396,-0.20527011816541776
2025-11-30 22:00:00+00:00,-0.17946094640741622,-0.04995682056976502,-0.037387332796512095,0.026985235331332184,-0.017359755351224665,0.0076039866656887585,0.062168750684007026,-0.028626596149720608,0.09527652988443999,-0.21117549875185274
2025-11-30 23:00:00+00:00,-0.17592188147547422,-0.052556022123306775,-0.029554096617330654,0.03324916456248248,-0.015196542937215828,0.009824738884365882,0.07001851697988835,-0.015149050993022169,0.09948782228529497,-0.2039918734311576
2025-12-01 00:00:00+00:00,-0.17592188147547422,-0.06277971871312807,-0.037027759345185214,0.030497581969898612,0.00839894773348724,0.006111748316758336,0.07411836933534985,-0.012971815366040581,0.09349341401106577,-0.2039918734311576
2025-12-01 01:00:00+00:00,-0.17592188147547422,-0.06619912550639692,-0.03926704931025645,0.029975053612053996,0.019421424591784125,0.0043212721319129555,0.07466132244335842,-0.012403297172053868,0.12406057865936848,-0.2039918734311576
2025-12-01 02:00:00+00:00,-0.17592188147547422,-0.06977247045617661,-0.04157659692642286,0.030497581969898612,0.022394939426171472,0.0024865847865984466,0.07520256181619839,-0.012403297172053868,0.1238246702128444,-0.20237265920223826
2025-12-01 03:00:00+00:00,-0.17592188147547422,-0.07351521607509964,-0.04396154160625891,0.029931533443346106,0.02189846125475356,0.0006046428422198609,0.0757421162873592,-0.012403297172053868,0.1238246702128444,-0.2039918734311576
2025-12-01 04:00:00+00:00,-0.17592188147547422,-0.0698360280917778,-0.037120102982736075,0.03163396844065516,0.023188481173637112,0.004698731636879802,0.07286016626523645,-0.013419632544569326,0.11025664054679446,-0.2039918734311576
2025-12-01 05:00:00+00:00,-0.17492622286496934,-0.06368381383734492,-0.03344627673948303,0.03163396844065516,0.023188481173637112,0.0067621396202687456,0.07002653289944752,-0.015461528605496927,0.1179599821366545,-0.2039918734311576
2025-12-01 06:00:00+00:00,-0.17665167128523912,-0.056500883236285555,-0.02973298197774769,0.03163396844065516,0.023188481173637112,0.01282904658339325,0.06299350552537984,-0.01969432849875808,0.11216360936163237,-0.2039918734311576
2025-12-01 07:00:00+00:00,-0.18048042421392138,-0.0538290493710536,-0.02597828479245467,0.030106762026061707,0.021979847301618,0.016791377392665004,0.054032937185146374,-0.023927983790957945,0.10253743018075917,-0.2039918734311576
2025-12-01 08:00:00+00:00,-0.18317681063967076,-0.055137504430479725,-0.02159089628236077,0.02886640390907787,0.021505752320215493,0.016235655140806438,0.0490781556945899,-0.026112028855975813,0.10113531254518739,-0.20652071913941142
2025-12-01 09:00:00+00:00,-0.18593303055850238,-0.056471987021458454,-0.01706314309708261,0.029159794491957238,0.024853693892324582,0.015669312444408084,0.04393832456442085,-0.028343648008162584,0.0997045134504486,-0.21149427365156226
2025-12-01 10:00:00+00:00,-0.18802400034304925,-0.053165035921779166,-0.005442806717914938,0.03392190281677234,0.033260595949101794,0.019426801312887352,0.033188151271448814,-0.028558561113497267,0.09630198347742906,-0.21827941565211442
2025-12-01 11:00:00+00:00,-0.1901791288100278,-0.049761672403004734,0.006669696080747348,0.03882879794739519,0.03869931040112215,0.023295599964697097,0.021997330200363218,-0.028780305729000318,0.09280006898831955,-0.22527872666069734
2025-12-01 12:00:00+00:00,-0.18032961751594048,-0.01893053809706176,0.015865350870506355,0.04426649569065944,0.04216220134663071,0.04769533272652254,0.009520416681728965,-0.0369863862889721,0.09444548895040299,-0.2127415188846771
2025-12-01 13:00:00+00:00,-0.17072676931395722,0.010481937944965611,0.030655460975080515,0.051772951893753395,0.043100178489625975,0.0709605229417492,-0.002797081032311039,-0.04499213493059322,0.09607396376291105,-0.17680825719450496
2025-12-01 14:00:00+00:00,-0.16318777383841457,0.04125941274598423,0.04662878670744047,0.06368809010990953,0.043100178489625975,0.10021548884765567,-0.022093673294825082,-0.053332246720280266,0.07579028942358855,-0.1540599514809643
2025-12-01 15:00:00+00:00,-0.15567460102436834,0.07138937533988503,0.06251343506948112,0.07548602386300335,0.047944034865929394,0.1283846063164926,-0.0416671357146488,-0.061737646005182105,0.07579028942358855,-0.1396184099005298
2025-12-01 16:00:00+00:00,-0.16162388859265225,0.04493073883375877,0.04875220280646719,0.0648496944701977,0.047944034865929394,0.1008747500297422,-0.025337629488646207,-0.0546010345166948,0.09568671263191672,-0.14445745977828106
2025-12-01 17:00:00+00:00,-0.16162388859265225,0.027483935400312628,0.03507018555112358,0.054322906595882334,0.03940218906321533,0.07440518490592817,-0.008766381798530202,-0.047463498850495243,0.09568671263191672,-0.15378461511953087
2025-12-01 18:00:00+00:00,-0.14071027470941416,0.010396127408154132,0.021462855066840467,0.043901686223684976,0.04364287845831034,0.04887261023321199,0.0080616984664924,-0.04032451927064178,0.11624946620171472,-0.1670966757390635
2025-12-01 19:00:00+00:00,-0.11074231274959727,0.0018867789910473553,0.012378758966339271,0.03973945990039359,0.03963883761127791,0.034835238852871,0.023068257973454184,-0.03317986312841186,0.14124014986056976,-0.169539586012504
2025-12-01 20:00:00+00:00,-0.07749646522025691,-0.006696011007125354,0.0031203777074617573,0.03549292433020544,0.03905934033575769,0.020897350325368637,0.03860427475667803,-0.025866838634275753,0.15570993492937926,-0.17216373768770193
2025-12-01 21:00:00+00:00,-0.06437361664178852,-0.011405627520563006,-0.004716153003861274,0.02952136218036333,0.021477171503557598,0.007134951157530482,0.049172771635672984,-0.02174431342272864,0.16638244354870005,-0.17839034067151785
2025-12-01 22:00:00+00:00,-0.0604741856744415,-0.016056670620029356,-0.004716153003861274,0.02952136218036333,0.032733013245330345,-0.006330866309330089,0.05978282993487504,-0.015454407064292228,0.17702203038521191,-0.18272008063798617
2025-12-01 23:00:00+00:00,-0.0604741856744415,-0.02564427175103531,-0.01267462584044284,0.026756244687115505,0.032733013245330345,-0.013167404571340644,0.06943511320260635,-0.007053050616282744,0.1589436010152431,-0.18599768927964014
2025-12-02 00:00:00+00:00,-0.0604741856744415,-0.02710919953101313,-0.014845918882219047,0.025663929345188557,0.03229868419171214,-0.015844014638874318,0.07010767037750835,-0.0055076928759698615,0.1589436010152431,-0.18733094757995658
2025-12-02 01:00:00+00:00,-0.0604741856744415,-0.030048280854634762,-0.017106934147210498,0.025091729952506137,0.03278851318493968,-0.0176426887382391,0.07100468306586029,-0.004000985964417085,0.1589436010152431,-0.18733094757995658
2025-12-02 02:00:00+00:00,-0.0604741856744415,-0.03313709561974189,-0.01946664350959826,0.02451425520332632,0.03278851318493968,-0.01947421978818134,0.07166886967937179,-0.0030187600669930596,0.15790719843494758,-0.18733094757995658
2025-12-02 03:00:00+00:00,-0.06716236014400528,-0.04116129920553443,-0.027783574183690447,0.01614425319540338,0.0270498912515782,-0.024527881853151155,0.06359673210040012,-0.011038767474949054,0.15230745833094145,-0.19160915513370486
2025-12-02 04:00:00+00:00,-0.0653835584667746,-0.03426645976076094,-0.027783574183690447,0.017787978900498443,0.028290099839380505,-0.01928970580710643,0.060670586886997904,-0.012015293962522367,0.15230745833094145,-0.19160915513370486
2025-12-02 05:00:00+00:00,-0.0653835584667746,-0.026567929140301795,-0.027783574183690447,0.017787978900498443,0.025792693044867667,-0.012087189504703975,0.05778959780071685,-0.013976139097179019,0.15230745833094145,-0.19160915513370486
2025-12-02 06:00:00+00:00,-0.06756065265963264,-0.020968611393096193,-0.027783574183690447,0.019336768136424556,0.023439259844326824,-0.0027999227424443706,0.051592137175609606,-0.015998920875611077,0.1461638500768042,-0.19049987109358127
2025-12-02 07:00:00+00:00,-0.06285823235317729,-0.00678349447370031,-0.014915178608896745,0.024352608778750614,0.017996665432794032,0.01417295100158404,0.04766099794636358,-0.017370408305843153,0.13419939892925437,-0.17059054212083058
2025-12-02 08:00:00+00:00,-0.058197682450188755,0.006866379720661129,-0.012855033203016827,0.032937584368662516,0.010418007068060614,0.03444462142620778,0.04684791976659609,-0.018684741098107714,0.11917480492347039,-0.15538105581066428
2025-12-02 09:00:00+00:00,-0.058197682450188755,0.01998834286598666,0.008525896392350178,0.03663420842318982,-0.0010942053441688304,0.05484287839496488,0.03801751018796958,-0.02362272059216452,0.1048805068353602,-0.14706018130776805
2025-12-02 10:00:00+00:00,-0.06372981377233154,0.032875600226520814,0.019467844868860967,0.04037857984796109,-0.0010942053441688304,0.07518600599197048,0.028951168805629212,-0.031011786271048378,0.09066633534342092,-0.14706018130776805
2025-12-02 11:00:00+00:00,-0.06755422972951476,0.052922117258388364,0.0279957892993795,0.04497224575157293,-0.014077732827554153,0.10311918633959084,0.02061289742486124,-0.03788274394391657,0.07103298340783391,-0.14401018369360294
2025-12-02 12:00:00+00:00,-0.07129616888564765,0.07221107426753237,0.0253880114261086,0.049462835933896596,-0.018930895320786716,0.12576373063965002,0.01240159040005657,-0.04459554557242458,0.07393328590004163,-0.1291929294676062
2025-12-02 13:00:00+00:00,-0.07789666332998545,0.0979742313781739,0.029193396426851106,0.05008042760670729,-0.03151666189094171,0.17811056780375592,-0.0012690125087545263,-0.05771745410087732,0.05596193021893161,-0.1079313065969739
2025-12-02 14:00:00+00:00,-0.08435760686910058,0.12268996443856245,0.016415152246654963,0.058503660346420135,-0.03158081844426695,0.22605081661747975,-0.014731606017075934,-0.06535491168641835,0.05887356185007715,-0.07969385016044284
2025-12-02 15:00:00+00:00,-0.09068619809493418,0.14642719911741975,0.020354335630345312,0.06670111980836087,-0.030517178597873618,0.26468585319248356,-0.02800445375638985,-0.07280883428091163,0.0410962193445799,-0.05282834027644076
2025-12-02 16:00:00+00:00,-0.08342391701826177,0.12823902780905974,0.020354335630345312,0.06147928897682859,-0.026586601847247378,0.22924609050017533,-0.014927491858969955,-0.06608315104618274,0.0410962193445799,-0.06184122556129478
2025-12-02 17:00:00+00:00,-0.08342391701826177,0.11033654751744477,0.020354335630345312,0.05100977378941083,-0.022662668127428377,0.19528848002986912,-0.0016702778397328897,-0.056031814349126755,0.0410962193445799,-0.07501376638441484
2025-12-02 18:00:00+00:00,-0.10323497487159536,0.09270315236796854,0.020354335630345312,0.04063118983227833,-0.026563598688616397,0.1626497148046882,0.01177638868832639,-0.03601669510618716,0.062338111521610305,-0.08790263748951582
2025-12-02 19:00:00+00:00,-0.11242491326309158,0.08232816096246673,0.015392128114023464,0.035732748740816195,-0.02196168090163533,0.14227588285791218,0.031696855221886755,0.008765847938229354,0.10113064430017207,-0.09211302323233457
2025-12-02 20:00:00+00:00,-0.11744738488098495,0.06632024590899614,0.028555453538999742,0.030744744626147357,-0.027006555154898085,0.12220319208550914,0.052514248603420265,0.05132154903736964,0.09696008189045625,-0.09207525854427637
2025-12-02 21:00:00+00:00,-0.12032906678452171,0.05045083938342629,0.03286619735143856,0.02566384689362686,-0.045895801293182555,0.10574588222847682,0.07429570134036784,0.09906768062556556,0.09274352155193553,-0.09212979333764093
2025-12-02 22:00:00+00:00,-0.12812665422873853,0.03621078705617071,0.03596593128346136,0.027358256734484047,-0.0641228877340183,0.09341011122452292,0.07456170579029893,0.10338063360602694,0.10858650737939841,-0.10089360828128903
2025-12-02 23:00:00+00:00,-0.12487194990244155,0.03240324728695118,0.03898791822136356,0.03756064070249668,-0.07236804008089837,0.09595205002589716,0.0800866336079172,0.11534381425502456,0.11420644088973272,-0.10226753050284534
2025-12-03 00:00:00+00:00,-0.12659649238211476,0.030244061146152527,0.03898791822136356,0.03694521969844017,-0.07162691200878238,0.09451959228583205,0.08133668291628302,0.1164206305456842,0.11420644088973272,-0.10319927515436855
2025-12-03 01:00:00+00:00,-0.1283451063604413,0.02919628776938218,0.04054859732240581,0.03574841541899521,-0.07098578657359621,0.09307739548731161,0.08257556244561794,0.11751588628203785,0.11494374273796511,-0.10413609555208003
2025-12-03 02:00:00+00:00,-0.1283451063604413,0.027152030156292833,0.04054859732240581,0.03511632920492201,-0.07738741460944769,0.09162486944302288,0.08348776343139833,0.11911867013351943,0.11494374273796511,-0.10413609555208003
2025-12-03 03:00:00+00:00,-0.1349579288240799,0.020100258722007585,0.032125517596379154,0.026627889807071148,-0.082522628896984,0.08776407340545024,0.07663572945390591,0.11430467022654589,0.11057244558100282,-0.10762655406531504
2025-12-03 04:00:00+00:00,-0.13398627095135054,0.024964913335822896,0.032125517596379154,0.02810696857268952,-0.0817891754839161,0.09241787158005212,0.07385501711329424,0.10703144626815471,0.10549113887108888,-0.10670466376852597
2025-12-03 05:00:00+00:00,-0.13398627095135054,0.032437863099061694,0.03626621821632993,0.029561727645459175,-0.07957319384154476,0.0968047873164887,0.07111663865520729,0.10039230592877835,0.10549113887108888,-0.10578045013484758
2025-12-03 06:00:00+00:00,-0.1369009041031215,0.04475617303313474,0.03626621821632993,0.03089388404484907,-0.08823226989309836,0.10291740350109935,0.07111663865520729,0.09673647762072417,0.10043105180380608,-0.10485386998015735
2025-12-03 07:00:00+00:00,-0.13285917880651393,0.0551374438450555,0.03022265073119464,0.03842883832779022,-0.0876027808457969,0.12045366302818819,0.06987062386790002,0.09240661276408917,0.10423917380454163,-0.09056867634589297
2025-12-03 08:00:00+00:00,-0.12885170265316237,0.07059511579681801,0.03423200850382018,0.045779602560685785,-0.0889821837980032,0.13707612365930555,0.06872839555699892,0.0882072854133217,0.10802439488765536,-0.07671343128046637
2025-12-03 09:00:00+00:00,-0.12885170265316237,0.08732318335628289,0.044117401520077475,0.05260049135849856,-0.09138458864112053,0.15960951939844492,0.060249233729997326,0.07406228105846824,0.09485239875194958,-0.058726161971644986
2025-12-03 10:00:00+00:00,-0.12885170265316237,0.10365129200430834,0.07360478712942237,0.06322429900439504,-0.09138458864112053,0.177381418829668,0.05145951039924112,0.06151841361070751,0.08169297766867054,-0.04394932521510142
2025-12-03 11:00:00+00:00,-0.12724906375269415,0.12781819652425638,0.10124400334136077,0.07039816568719053,-0.08560840789189249,0.2040967670925752,0.0424623266418745,0.04784787800720788,0.06416370571525967,-0.02459147490639087
2025-12-03 12:00:00+00:00,-0.12567669305475712,0.15095690641199622,0.12760205965505073,0.07392784578251047,-0.08162460671154464,0.23422189465141016,0.03359702718440793,0.034270723504843885,0.06805742972106035,-0.0008875910433302369
2025-12-03 13:00:00+00:00,-0.12567669305475712,0.17620104382219506,0.14126103753260016,0.07936617290074076,-0.09732455365328231,0.2699253885550974,0.01899508567862872,0.012906437009419828,0.048041778207271686,0.03198884111197316
2025-12-03 14:00:00+00:00,-0.12374807463449755,0.20734691931986837,0.16224034822070704,0.0939728426681874,-0.09296222133565554,0.3117013080330376,0.004500060339996686,-0.009183670429044406,0.05202617389564204,0.0714466303501415
2025-12-03 15:00:00+00:00,-0.12187002266717738,0.23716536731187518,0.18227654315004482,0.10814018846089789,-0.09021009960766634,0.3517661184972538,-0.009790794263814462,-0.031178267108265968,0.055941687264264885,0.10959349573551756
2025-12-03 16:00:00+00:00,-0.12187002266717738,0.2104413413151417,0.1665413688670364,0.09754822558393679,-0.09021009960766634,0.31942845073118065,0.004231316880165928,-0.010568336307945703,0.055941687264264885,0.08294437615801586
2025-12-03 17:00:00+00:00,-0.12825070210172226,0.18429791587318875,0.15117908427770033,0.08703511921988402,-0.09380200584904233,0.28544475923893453,0.013693349524778709,0.01051264273081232,0.07792927488753738,0.06944786892586945
2025-12-03 18:00:00+00:00,-0.12560448914849506,0.16725951340460649,0.14546197214473924,0.08158577590755783,-0.09096030593361144,0.2626585496289419,0.025837040385835716,0.029621835479350798,0.08300363145920964,0.06353675276625051
2025-12-03 19:00:00+00:00,-0.1348334025790791,0.15161858442827977,0.1360301606325414,0.07526492894015066,-0.0888557885081529,0.24222105103960193,0.03169615080624107,0.04038107431100162,0.09546861956444035,0.060779890618878944
2025-12-03 20:00:00+00:00,-0.14191574646466948,0.13628263950575625,0.11890400943207038,0.06898931804251449,-0.10909326691545948,0.22230523553909878,0.03467325502087843,0.05142046953309182,0.09546861956444035,0.05804329128128254
2025-12-03 21:00:00+00:00,-0.1442153110230291,0.12122832271778848,0.11100986529038125,0.06275737438151086,-0.1344788745338229,0.20286333686573207,0.03767201930081558,0.06276147475091808,0.10798330193197905,0.05532656787954488
2025-12-03 22:00:00+00:00,-0.1413067082644965,0.10643406767377178,0.09616756940518585,0.05978119279455626,-0.1565216136825162,0.19013852853331023,0.04662218420823397,0.0740971550825489,0.10798330193197905,0.047427516768292564
2025-12-03 23:00:00+00:00,-0.14930164597570772,0.09766665417909093,0.08908905409514722,0.062498334415911856,-0.13999240846735572,0.18666921393521,0.05219086116385412,0.08855514689323922,0.12055563089799197,0.040102504944334594
2025-12-04 00:00:00+00:00,-0.1590061937289954,0.09217201972777646,0.08388688605215994,0.05197574229997095,-0.1439389550764712,0.17716808804680023,0.045053858413389845,0.08737708075645886,0.11864597638703289,0.02937544995150277
2025-12-04 01:00:00+00:00,-0.1610319956868466,0.09138145235445327,0.08133851105244432,0.0526219538959744,-0.14214802852920963,0.17623305715849338,0.04573618190501642,0.08930948959869328,0.12007521187761841,0.027225707791233456
2025-12-04 02:00:00+00:00,-0.16788821239180327,0.08464655188061676,0.08127358374632954,0.04404546168822593,-0.14629480878964832,0.17286335444403686,0.0372625353378935,0.08253812466005712,0.1207955930080589,0.021229221691254664
2025-12-04 03:00:00+00:00,-0.1748728012448826,0.07775825879899431,0.08375400972393335,0.03784340775655021,-0.15032460028328196,0.17044639284753857,0.030079021131486288,0.07721319927698264,0.12168715960904834,0.015009302980040263
2025-12-04 04:00:00+00:00,-0.1744315695951805,0.0801131302627283,0.08667054390777063,0.03548323053825703,-0.15032460028328196,0.17800001623376083,0.030079021131486288,0.07403874496011834,0.11770989023452849,0.018022027571298425
2025-12-04 05:00:00+00:00,-0.17399403580628653,0.08650704945420792,0.08667054390777063,0.034384377166853046,-0.15340170675288498,0.1838693070163814,0.030079021131486288,0.07201833744076343,0.11373604869568105,0.02111151279469882
2025-12-04 06:00:00+00:00,-0.17399403580628653,0.09210453604031098,0.08667054390777063,0.034384377166853046,-0.15756014612668362,0.18872792894968296,0.029093649999516386,0.06849823611267467,0.1097634864640652,0.02428294681728867
2025-12-04 07:00:00+00:00,-0.17308437449254932,0.10338109833766798,0.08883177514718861,0.03762338147199959,-0.15957013231548373,0.19906941111443788,0.029838597343221206,0.06795345762859631,0.11462118099895116,0.030329298218613732
2025-12-04 08:00:00+00:00,-0.16796900397387396,0.11247456533567202,0.08906566001553579,0.04080401132893216,-0.14632299517983538,0.20809744053531853,0.030660649767728056,0.06755013105774421,0.10602239976054617,0.04155737544040303
2025-12-04 09:00:00+00:00,-0.16295299436190988,0.12128145909637743,0.09128350480012551,0.04006495975776118,-0.14848838012872018,0.21501094184353248,0.03156091579070097,0.06782236895367184,0.09890875456580087,0.049867990405696144
2025-12-04 10:00:00+00:00,-0.16214940287284174,0.12981489758746792,0.09621705830173911,0.03733489459949742,-0.14551423112431613,0.22178911853000638,0.030469879582067597,0.06619625039512365,0.09195933486864533,0.05796317522065273
2025-12-04 11:00:00+00:00,-0.1608737131340603,0.14406999097590212,0.10624926376446059,0.032588407586899036,-0.1500406538253107,0.23489010600964122,0.02539856100059654,0.05908780688740091,0.09701873306227994,0.07289177560647046
2025-12-04 12:00:00+00:00,-0.1596226485719828,0.15787474777764043,0.10798973973274643,0.03276926073112391,-0.15675652907482035,0.2513629291671921,0.02042094653026135,0.052080599144396576,0.10202466781936523,0.08745843856116514
2025-12-04 13:00:00+00:00,-0.15839539188028917,0.1712518215566958,0.10971648441004632,0.03769306820406893,-0.15265587814570405,0.270678608157774,0.015534017752445124,0.04516944724046294,0.10697885551401805,0.10168031496403054
2025-12-04 14:00:00+00:00,-0.1555661072333976,0.18868266102921702,0.11280914421252113,0.0508809426856986,-0.14420801786135418,0.2940782010917084,0.011604915837943729,0.03901222369144011,0.11640691688497827,0.1245885696502603
2025-12-04 15:00:00+00:00,-0.15285849631550733,0.20526622316108378,0.11584955523410521,0.06351562166401842,-0.14092141123998322,0.31630292384044784,0.00789108546689483,0.03554442084223428,0.09822441643475517,0.1463910763156813
2025-12-04 16:00:00+00:00,-0.15285849631550733,0.1886771655184456,0.04182756942051778,0.058626542236681164,-0.13045882785280571,0.29385938626141184,0.017941578157862445,0.049556001784269804,0.09822441643475517,0.12849841609788423
2025-12-04 17:00:00+00:00,-0.15285849631550733,0.17231279500194335,-0.01637929267195397,0.04881205828678917,-0.1083232290990642,0.2716085862291874,0.023014491016151415,0.0637780855838605,0.09822441643475517,0.10596562207085171
2025-12-04 18:00:00+00:00,-0.15722249128745616,0.16268000966235047,-0.04467802066148373,0.048120304962056354,-0.10365358307666249,0.2559473780195668,0.031312259486527834,0.0798493406010817,0.0827712887864983,0.08980359127622732
2025-12-04 19:00:00+00:00,-0.17000358733144932,0.15244376005645854,-0.07041581449226818,0.045049709658510045,-0.0972471331920261,0.238698430786485,0.031312259486527834,0.08917697300239895,0.0827712887864983,0.07597155441534088
2025-12-04 20:00:00+00:00,-0.1845248810795525,0.1423393608012863,-0.09535702061690732,0.045049709658510045,-0.10158966474997547,0.221717027726881,0.028076792850368203,0.09866549930883078,0.09610837504267172,0.06226787585411121
2025-12-04 21:00:00+00:00,-0.198506212325445,0.12684214939735663,-0.11322665750623984,0.05140014078821033,-0.09239534563546067,0.20498091496165066,0.0216589562138308,0.10832366266389676,0.10957831701815224,0.04868120980716877
2025-12-04 22:00:00+00:00,-0.198506212325445,0.11708902146881484,-0.13805247714151964,0.06665788468775508,-0.10888014375167233,0.19166719309420507,0.024801568416131535,0.1205682436138895,0.12319234904994124,0.03796565252499492
2025-12-04 23:00:00+00:00,-0.19031194258597303,0.11275393636336929,-0.15271235126250104,0.07196945845115735,-0.1041420105212151,0.18284066768254,0.03084633050895845,0.12814901303762163,0.11233902857642414,0.03281555926897774
2025-12-05 00:00:00+00:00,-0.19790809971756135,0.10676570789369799,-0.16088686598348137,0.06499339003398939,-0.10832837943443485,0.17364154110569996,0.022284661957953113,0.12352113121190812,0.10998237018854436,0.023754100872428862
2025-12-05 01:00:00+00:00,-0.19790809971756135,0.10676570789369799,-0.1638055165630325,0.06676249216783446,-0.11027535114324515,0.17263072725887443,0.022284661957953113,0.12446038793538516,0.10998237018854436,0.022843011985994515
2025-12-05 02:00:00+00:00,-0.19790809971756135,0.10676570789369799,-0.1667192737000887,0.0695091649356129,-0.10409738538534663,0.1709425206439829,0.022284661957953113,0.1253982583532107,0.11819673645835048,0.02097523602264824
2025-12-05 03:00:00+00:00,-0.20497920038174336,0.1004605548266409,-0.16029272876383988,0.06428172401975518,-0.11109198945048605,0.1658697674108767,0.013632433551067445,0.11973944591787417,0.11571414443607178,0.014004801673534687
2025-12-05 04:00:00+00:00,-0.20497920038174336,0.1004605548266409,-0.15420649182377888,0.06161376477732091,-0.11201540415398904,0.17010658036296397,0.013632433551067445,0.11973944591787417,0.11571414443607178,0.015519411515379637
2025-12-05 05:00:00+00:00,-0.20497920038174336,0.09881860803592286,-0.1483728556032978,0.05826902343052573,-0.11513297863321048,0.17390458544956156,0.013632433551067445,0.11772887648574569,0.11297541159925689,0.017062203742888207
2025-12-05 06:00:00+00:00,-0.2067864029380148,0.10194278173972436,-0.13368562308973436,0.049236055533539325,-0.12141487321747614,0.17359109983933807,0.01122611301439207,0.11539039532392589,0.1075698340038662,0.012538704494022305
2025-12-05 07:00:00+00:00,-0.20625712555956957,0.10853268076322985,-0.12093195585706115,0.04717056520524969,-0.12239074446866124,0.18093548960646516,0.013522546097510522,0.11562767843768089,0.10231036600390093,0.005899699201249447
2025-12-05 08:00:00+00:00,-0.20573660136138336,0.11494642390749854,-0.10866367767844873,0.04523463413097969,-0.12143905431846123,0.1880590675209887,0.015854947909540992,0.11598973077752846,0.09974253036861681,0.006647109905068017
2025-12-05 09:00:00+00:00,-0.205224675720965,0.12119004676379355,-0.10030140772231938,0.04086005017880608,-0.11781474633298172,0.19323684241663064,0.015600647197362531,0.11647970990350046,0.0947067537757555,0.007361654854520729
2025-12-05 10:00:00+00:00,-0.20472119843332326,0.1285343781025978,-0.0913441977639403,0.03538714541493356,-0.12258346001773916,0.19506021469422113,0.01277734498293747,0.1122621676337857,0.0922340176152443,0.005666906666304228
2025-12-05 11:00:00+00:00,-0.2036706181436099,0.14366623114506089,-0.07393318356924511,0.022425530122083637,-0.1332445990332503,0.1997603390038797,0.004168156297497339,0.10052206113703062,0.08953136456371771,0.003969416418042385
2025-12-05 12:00:00+00:00,-0.2026403458980116,0.15848803994434596,-0.05005737289129331,0.009651097919114355,-0.14424102019154295,0.204385650282727,-0.004335873247600152,0.08893542500991992,0.086859982304985,0.002289043694405128
2025-12-05 13:00:00+00:00,-0.20162978894735736,0.17301736969433432,-0.030649904374770116,0.0014267634884859378,-0.1531636040192264,0.20640787063750624,-0.012740632053020423,0.07749236316634195,0.09251217129237682,0.0006252923342618824
2025-12-05 14:00:00+00:00,-0.19914604943701564,0.18630510328891564,-0.004538038597403903,-0.0010939266329386503,-0.14536074031263937,0.20755031438999172,-0.021431536133355338,0.06411943021505535,0.1134645257186972,-0.002647330120082734
2025-12-05 15:00:00+00:00,-0.1976903346156596,0.20097586984311192,0.02100254243960272,-0.008438524540516466,-0.14722127424479658,0.2147709903454147,-0.035269800276671585,0.04563445577682564,0.1363501585163332,-0.00424898035190198
2025-12-05 16:00:00+00:00,-0.1976903346156596,0.18593545263243627,-0.000360553121688157,-0.0034225712548583893,-0.1505665822646544,0.20595887121331416,-0.019735143153829387,0.06577274498253662,0.15893140795158694,-0.00424898035190198
2025-12-05 17:00:00+00:00,-0.1976903346156596,0.1710147966100713,-0.02132065071421297,0.006666884492123595,-0.1299365933896241,0.197130358750652,-0.00402701367527751,0.08618433870397749,0.18181304245718258,-0.00424898035190198
2025-12-05 18:00:00+00:00,-0.19879568136325704,0.16126809291696556,-0.03533622751760162,0.018300751200568528,-0.13104017309072113,0.1912029365537365,0.011591188785843348,0.10613962953608393,0.1888413082759687,-0.008815183644893847
2025-12-05 19:00:00+00:00,-0.19514851880000747,0.1517282902630031,-0.04813786212138081,0.024878679692877992,-0.1274330072937817,0.18526933266465803,0.021849459756843236,0.1197818658857848,0.1888413082759687,-0.005909744324887213
2025-12-05 20:00:00+00:00,-0.19149745343705332,0.14226093107001583,-0.05670140966264658,0.03152232146110167,-0.13918625704416854,0.17610503142048148,0.0322392759081675,0.1336515138927508,0.1888413082759687,0.0028374732318168523
2025-12-05 21:00:00+00:00,-0.17899138470152912,0.13286236670904908,-0.06104240625566426,0.038234126158210015,-0.13918625704416854,0.16434711464043045,0.042768236306748635,0.1477646755206979,0.20405679837768725,0.01468170890786331
2025-12-05 22:00:00+00:00,-0.1719105039241195,0.12352907064230625,-0.07406319196292437,0.038234126158210015,-0.1476464103785703,0.15848801681031874,0.046310191022979764,0.15447705207728873,0.21952012733625598,0.01171934580206402
2025-12-05 23:00:00+00:00,-0.1719105039241195,0.11486869461035386,-0.08774907697143972,0.041351092707223064,-0.14539631084932653,0.15400384988311142,0.05285979687311556,0.1570616977819317,0.2329515480051948,0.01171934580206402
2025-12-06 00:00:00+00:00,-0.1719105039241195,0.10307055190039709,-0.10580251859149492,0.03828865168516132,-0.16390431327333926,0.1479329928442769,0.05896983476907695,0.1570616977819317,0.2329515480051948,0.01171934580206402
2025-12-06 01:00:00+00:00,-0.1719105039241195,0.09909697623888036,-0.11370562443125919,0.03712803017937787,-0.15881958532059595,0.14647365983871327,0.06102788874589835,0.15750708706010505,0.2329515480051948,0.01171934580206402
2025-12-06 02:00:00+00:00,-0.1719105039241195,0.09503371070724208,-0.12296498167508126,0.03482473199279378,-0.16580443891795063,0.14501805432407772,0.06304904811982064,0.15861962699674276,0.23147589477495428,0.010550578246487403
2025-12-06 03:00:00+00:00,-0.17873939901359612,0.08916361546164979,-0.12619597994402326,0.028462523429791414,-0.17023716886763238,0.1384035595261905,0.055501671166259606,0.15133784213743792,0.22347382773735894,0.0037487057573710463
2025-12-06 04:00:00+00:00,-0.17873939901359612,0.09344948984820486,-0.12410597132751551,0.028462523429791414,-0.1702877732316441,0.14237605383825003,0.05380943258783506,0.1488713409819662,0.22968857228662543,0.0037487057573710463
2025-12-06 05:00:00+00:00,-0.17851316404068965,0.09612406656508307,-0.12071936783199004,0.029095569060163206,-0.1702877732316441,0.14493848618190477,0.05216301344396798,0.1455716481328855,0.22968857228662543,0.0037487057573710463
2025-12-06 06:00:00+00:00,-0.17851316404068965,0.09732995515699636,-0.11739954985735206,0.029644057589320764,-0.1702877732316441,0.1470203446256013,0.05216301344396798,0.1440168704322101,0.22968857228662543,0.0037487057573710463
2025-12-06 07:00:00+00:00,-0.17851316404068965,0.09944868422070198,-0.1141418491563379,0.0306956020774326,-0.16922572940849775,0.1491575579021074,0.05272911317649105,0.14317217625258052,0.2305272775681682,0.00426055923201598
2025-12-06 08:00:00+00:00,-0.1778831771796785,0.10384851823396254,-0.10584558817959862,0.03716893937424755,-0.16437053983693004,0.15502596658156015,0.05502107468733239,0.1417690020655576,0.23598070800001794,0.006638563963359672
2025-12-06 09:00:00+00:00,-0.17726723219600393,0.10813162790147748,-0.10146709779353003,0.04343986969626649,-0.16624565416161047,0.1607060164490637,0.057261742989955934,0.14039628976309787,0.2327887229168512,0.008963386879196874
2025-12-06 10:00:00+00:00,-0.1793686054586321,0.11230260346342676,-0.09719589936225075,0.04726394678178562,-0.1665957259924008,0.16444460887605786,0.05716541190564324,0.13401059590610354,0.22966837406279855,0.011236805662885803
2025-12-06 11:00:00+00:00,-0.18142348978833092,0.1163657972812874,-0.09302809659100285,0.05099458838535632,-0.16976843742725997,0.16808840583003676,0.05473141750281038,0.12780416328249958,0.2266172620417108,0.013460519074318555
2025-12-06 12:00:00+00:00,-0.19168744542384483,0.12253844557633674,-0.07620689601793622,0.05519719144570381,-0.17793133747114406,0.18003705776611545,0.042352268117971145,0.1114568144904997,0.2105124625455458,0.017322228673623402
2025-12-06 13:00:00+00:00,-0.2019740694125312,0.12868473668581998,-0.06479226523579888,0.05519719144570381,-0.1867682150612358,0.19196730807721368,0.0299230507551196,0.09519176084033237,0.19425829784588253,0.009627942198126968
2025-12-06 14:00:00+00:00,-0.21228550796476214,0.13480544108259984,-0.05340124953077128,0.051068028856012374,-0.19280559369395717,0.19965563963718663,0.017439453883095177,0.07900010801729973,0.17784106004719327,0.0018594674410815685
2025-12-06 15:00:00+00:00,-0.2226239294040429,0.14090131160363453,-0.04203090787709644,0.04691449618865694,-0.19887271252172772,0.20731996906271824,0.004897054683311456,0.05903510145437596,0.14095918879322006,-0.0020521632677349875
2025-12-06 16:00:00+00:00,-0.2102199161448686,0.13269692247233691,-0.055945309375816925,0.05238308246788535,-0.19552955409081724,0.1969454262343291,0.02043662880329327,0.08385590602099303,0.16367272373096803,-0.0020521632677349875
2025-12-06 17:00:00+00:00,-0.19781176994730681,0.12453469971673208,-0.06984930952976191,0.057887247056690336,-0.18918915604270387,0.18662309946728814,0.036061264828110735,0.108782586508573,0.18676165054513977,0.0027705627729929148
2025-12-06 18:00:00+00:00,-0.18827348006010367,0.12054571154953493,-0.08150448412890465,0.0670519488594467,-0.1901239641228715,0.18059643009982546,0.04721217386771457,0.13072236564569686,0.21000453362895377,0.014505154298363616
2025-12-06 19:00:00+00:00,-0.18449187718262053,0.11523850155089647,-0.09044578280082213,0.07072946911662224,-0.1901239641228715,0.17021416558058983,0.05425378484389413,0.15092408621372227,0.22602301526508128,0.020862272014098855
2025-12-06 20:00:00+00:00,-0.18070259788519072,0.10995824560800987,-0.09938940646670964,0.07443248320397627,-0.1777616013324345,0.15994909307569816,0.06138826087258454,0.17147482937875178,0.22602301526508128,0.027287088877829335
2025-12-06 21:00:00+00:00,-0.17345843801337318,0.09916771354412302,-0.10888209662410542,0.08179311448338156,-0.16857903511722108,0.14979580981288243,0.06861934413808049,0.19241126421352936,0.21000453362895377,0.03378203204060909
2025-12-06 22:00:00+00:00,-0.16963788644019356,0.0885482833600363,-0.12379645293741111,0.07827956677928162,-0.18745507259176458,0.13392066472912917,0.07221964097927447,0.20182574483126553,0.21000453362895377,0.037033305301535764
2025-12-06 23:00:00+00:00,-0.16512129455203972,0.07904763571173,-0.13360548865978872,0.0718055506760666,-0.17053118403831344,0.1203391445899931,0.07221964097927447,0.20415394913910015,0.23633731141352163,0.037033305301535764
2025-12-07 00:00:00+00:00,-0.1582910917499206,0.07539858530402348,-0.1406994416549337,0.07816494505928788,-0.17087247789660773,0.12194742265189992,0.08593569089403563,0.2127418724430185,0.25091063739189895,0.04380827992729911
2025-12-07 01:00:00+00:00,-0.1582910917499206,0.07047101267238201,-0.14850914135366033,0.07570147734562264,-0.169563154914528,0.11963212254980742,0.08765829650847905,0.2127418724430185,0.25091063739189895,0.04380827992729911
2025-12-07 02:00:00+00:00,-0.1582910917499206,0.0653530003686327,-0.15843363790624082,0.07320985623849859,-0.17207185005578668,0.11728504779166432,0.09037359247995341,0.21317251194134704,0.24882481987955074,0.04380827992729911
2025-12-07 03:00:00+00:00,-0.15812025650431955,0.06781263607535502,-0.15783058071984188,0.07533870329025454,-0.17207185005578668,0.12148249658094486,0.08759640158493902,0.21071200253560265,0.24338708004881351,0.04380827992729911
2025-12-07 04:00:00+00:00,-0.15795693404135275,0.07036988909119365,-0.1573000930324808,0.07752199646873614,-0.1721869658347387,0.12451274498317308,0.08493717883313898,0.2083080084971063,0.24338708004881351,0.04380827992729911
2025-12-07 05:00:00+00:00,-0.15780092456205777,0.07154644767533525,-0.1568479109533234,0.07976308100144121,-0.1714989661321869,0.1278559444172457,0.08332660244149966,0.2051782800941125,0.24338708004881351,0.04380827992729911
2025-12-07 06:00:00+00:00,-0.15780092456205777,0.07307743816734923,-0.15648071252184495,0.07976308100144121,-0.1701233827282528,0.12873709957633392,0.08376711240204474,0.2015578454034068,0.24338708004881351,0.044372988290863946
2025-12-07 07:00:00+00:00,-0.1623780641664884,0.07423189625131393,-0.15209101286039012,0.07666968746588006,-0.16642699230266303,0.13104978106417658,0.07911421166770455,0.193611000032125,0.24498457935838672,0.040213668305663995
2025-12-07 08:00:00+00:00,-0.16829074212174142,0.08151503631687537,-0.14245727151754836,0.07433673363857143,-0.15958770623504684,0.13723446767606534,0.07295861522718025,0.1819120712563027,0.24498457935838672,0.03803480388353895
2025-12-07 09:00:00+00:00,-0.17143092249734448,0.0887061174644955,-0.13922392892045618,0.07186794300181472,-0.154947895679149,0.14633627320925105,0.06672520212909372,0.17150835169488987,0.23227388661824577,0.035847240378833016
2025-12-07 10:00:00+00:00,-0.1742306461920263,0.09581062147056778,-0.1364185771454189,0.0692742516540584,-0.15360562167150274,0.15469957909660143,0.0601786483060613,0.16002124073186585,0.23227388661824577,0.040367647539136
2025-12-07 11:00:00+00:00,-0.17863945891713268,0.10355815012263742,-0.12748629732504943,0.0657279195545878,-0.15112091915271325,0.16510064688896428,0.04930240200732993,0.14493340179727296,0.23438757538326632,0.0466539092376481
2025-12-07 12:00:00+00:00,-0.18376725251209328,0.11671220342443117,-0.11530263057917904,0.061011394535119015,-0.15700597489857207,0.1808711774152166,0.03708108744312861,0.12437138583722768,0.21923804655094756,0.0466539092376481
2025-12-07 13:00:00+00:00,-0.1911123923144184,0.13101371607670867,-0.10580796389050347,0.06017109623619267,-0.15895424785246964,0.18491602264915244,0.02025456242608552,0.10009233317793073,0.17892415921960483,0.03898492532124573
2025-12-07 14:00:00+00:00,-0.198618661964428,0.1454885754429385,-0.09607786663534529,0.05246428496954258,-0.17009235366436912,0.1921440397449042,0.0029513941716790767,0.06958630118880328,0.138336222390489,0.025148276681413752
2025-12-07 15:00:00+00:00,-0.20629200376811554,0.1601510344492137,-0.08610301552016557,0.044580313535207056,-0.17830887931697964,0.20207841587569475,-0.014852003385609071,0.03821658114585126,0.11613852353773635,0.010884705919319861
2025-12-07 16:00:00+00:00,-0.19988045055423526,0.14261624703833495,-0.09461591539095349,0.050514010215357716,-0.16733651919015302,0.18516877483273725,0.0006030310777995904,0.06899801082166737,0.13825579535746657,0.016048052486661357
2025-12-07 17:00:00+00:00,-0.18745465406264236,0.12530235656888009,-0.10318179539123765,0.0625613218660979,-0.15668282359865562,0.16862114125754923,0.016196059770799687,0.10010946603232133,0.16082267885909782,0.026480413250150783
2025-12-07 18:00:00+00:00,-0.16100663516488647,0.11432928751795444,-0.1136112354759275,0.07666747259510727,-0.14052138199781763,0.16073414881799222,0.03146834076096465,0.12805326719148266,0.18446070799743838,0.03962294705504595
2025-12-07 19:00:00+00:00,-0.1448492138387444,0.10329014692675223,-0.1136112354759275,0.0847217605496699,-0.14052138199781763,0.15001319133283633,0.038313202742669916,0.14572837371070885,0.18446070799743838,0.04654835979812184
2025-12-07 20:00:00+00:00,-0.1251994379172784,0.09765769762111717,-0.12542908383915125,0.09673965499697866,-0.1327813659668539,0.1357434650103826,0.04522390320699104,0.1637601791250246,0.1956601441644499,0.05356302671849197
2025-12-07 21:00:00+00:00,-0.10679458499748394,0.09207686353066444,-0.13120141046782946,0.10503749362470918,-0.09559873266156849,0.11883766640757795,0.05220281597515469,0.1821794288758368,0.20664893337068127,0.06067048516034889
2025-12-07 22:00:00+00:00,-0.09354628610840346,0.08654620245917158,-0.13750604168876368,0.11548327353106037,-0.06743668623329453,0.10929675988074301,0.05908572498531341,0.19821436756296526,0.20664893337068127,0.06768266646271706
2025-12-07 23:00:00+00:00,-0.08859523472316698,0.08159157598628161,-0.13750604168876368,0.12383085643656111,-0.04640897751696439,0.0957011175743452,0.06874391317712256,0.20320817723521778,0.20664893337068127,0.07412084370179924
2025-12-08 00:00:00+00:00,-0.0861688662121223,0.08014422089374014,-0.14126132899550595,0.12518364826519082,-0.045141783163086265,0.0930113263305129,0.07074582541160893,0.2036181518237293,0.20977992472355395,0.07520727684843947
2025-12-08 01:00:00+00:00,-0.08377108899080905,0.07746317768673752,-0.14965581600428288,0.1259598547051014,-0.040223996422977866,0.09130021141052225,0.07178229937274762,0.2036181518237293,0.20977992472355395,0.0772535661873994
2025-12-08 02:00:00+00:00,-0.08377108899080905,0.07623068654090137,-0.15376252725649722,0.12673300525753256,-0.03655842044025305,0.08853321389855066,0.07392940207423337,0.2036181518237293,0.21290398088911727,0.0772535661873994
2025-12-08 03:00:00+00:00,-0.08409870654650588,0.07623068654090137,-0.15465998204554426,0.12392325032206757,-0.03750069136530942,0.09124613605044962,0.07227718147837847,0.20143439733331941,0.21290398088911727,0.07639518539115246
2025-12-08 04:00:00+00:00,-0.08442698917766701,0.07786970236760805,-0.15594512991088627,0.11962371942269677,-0.03815440353723025,0.09405960869747751,0.07066002978775916,0.19928960377902077,0.21290398088911727,0.07554629947369092
2025-12-08 05:00:00+00:00,-0.08475591580549278,0.07786970236760805,-0.15630567076920038,0.11606680183141642,-0.03944942897280268,0.0966030751114592,0.06907638208062526,0.19652578828048883,0.21290398088911727,0.07470668747769023
2025-12-08 06:00:00+00:00,-0.09109686596600478,0.07678492072723514,-0.16144658737486964,0.10059845434053179,-0.04764417328055164,0.1041202995990476,0.06817310120195774,0.1877370801346692,0.21220243257483307,0.06952193216772555
2025-12-08 07:00:00+00:00,-0.09816012134007805,0.08072199086313687,-0.15844676219439618,0.08280316940158688,-0.053226010742936584,0.10986323469808093,0.0637780270886006,0.17478198921010343,0.19284743162411816,0.0649364004357867
2025-12-08 08:00:00+00:00,-0.10528332340303258,0.08072199086313687,-0.15471663230514865,0.06801232913175219,-0.06056839661745351,0.11549508901862504,0.05934534217187981,0.16443687791916067,0.18517221188258692,0.06267440640073366
2025-12-08 09:00:00+00:00,-0.11246937325135177,0.08072199086313687,-0.1509621534294103,0.04728114546823911,-0.06582503190664331,0.12102271074944071,0.05252072777532924,0.15392710415390098,0.17365341614360635,0.06040206938295505
2025-12-08 10:00:00+00:00,-0.12189791586307899,0.08253216820878448,-0.15916441888669333,0.014429641755033877,-0.07723551307350633,0.1350168806360792,0.04750115597902368,0.1380335682158533,0.1542674370752451,0.054201392582235296
2025-12-08 11:00:00+00:00,-0.13607100683158627,0.08410341650568726,-0.17015985167188463,-0.030247469554945432,-0.1102940706006704,0.1551907341411544,0.038726668955110066,0.11226331541269617,0.1279298670659359,0.03795406253323994
2025-12-08 12:00:00+00:00,-0.14777409449362125,0.08410341650568726,-0.17015985167188463,-0.06071994461649878,-0.12965068178936393,0.16582620930428368,0.03040356319117749,0.090799717749321,0.09512885552739725,0.02952945346989726
2025-12-08 13:00:00+00:00,-0.15946177901117264,0.08410341650568726,-0.17015985167188463,-0.08724168139293519,-0.13263825727800377,0.17574449253073957,0.02204004748897263,0.0691198108595356,0.07952610761736767,0.021097857154820227
2025-12-08 14:00:00+00:00,-0.17640291298065508,0.08410341650568726,-0.17015985167188463,-0.13123201594064463,-0.1606006617125643,0.1906117048497783,0.009873299547882682,0.0372616312654884,0.05611463764587559,0.008690408696238038
2025-12-08 15:00:00+00:00,-0.19332433655847853,0.08410341650568726,-0.17015985167188463,-0.1837432756402679,-0.1919247558065755,0.20522023275985216,-0.002357037776217086,0.005001461473696703,0.0321742843663111,-0.0038895712744524353
2025-12-08 16:00:00+00:00,-0.17869591903849127,0.08410341650568726,-0.17015985167188463,-0.13542763362890728,-0.16401494300413483,0.19006845295313618,0.008035714921945974,0.03274034644829941,0.05364454563411161,0.01226020802928592
2025-12-08 17:00:00+00:00,-0.15743890616060527,0.08410341650568726,-0.17015985167188463,-0.08863459612387571,-0.13286647576354935,0.17458414442533157,0.02378177195201931,0.06089867460348247,0.07567533158022519,0.02869759116595531
2025-12-08 18:00:00+00:00,-0.14402257741096827,0.08410341650568726,-0.17015985167188463,-0.05928700555548268,-0.11307361680762393,0.16435373311286514,0.03398676570438784,0.0799167883782134,0.10322972235683293,0.0358950336716865
2025-12-08 19:00:00+00:00,-0.12488970294266598,0.08410341650568726,-0.17015985167188463,-0.030698128288389165,-0.09283093724035456,0.15433083527933522,0.04433001627897001,0.0996124766837735,0.10322972235683293,0.04320729457920018
2025-12-08 20:00:00+00:00,-0.09832442141878317,0.08410341650568726,-0.16343741442994494,-0.0027615246366524742,-0.0741783892876316,0.14450479372020839,0.058515111255107916,0.12006087188600956,0.10322972235683293,0.05063960687621576
2025-12-08 21:00:00+00:00,-0.07181783966244205,0.08410341650568726,-0.16343741442994494,0.027191997948248413,-0.05616612268693475,0.13486567986128387,0.07306951433699296,0.14134855399503848,0.12546524624023453,0.058197535023650084
2025-12-08 22:00:00+00:00,-0.050744511180050036,0.08410341650568726,-0.14828220947453566,0.05066620686627203,-0.01802351901746241,0.12612495520111555,0.08368690154509933,0.16540189822566345,0.13745886022535067,0.07674991801781325
2025-12-08 23:00:00+00:00,-0.02815752091864566,0.08897582917360115,-0.15543462073878975,0.06281241133419932,-0.010348523600975547,0.10886446418196487,0.09014398075706866,0.17106731000648753,0.14929588406717534,0.08681291558007699
2025-12-09 00:00:00+00:00,-0.023145798248068932,0.08897582917360115,-0.151633219858141,0.06720835929571783,-0.0017046624228755532,0.10721354804208315,0.0940132371982641,0.17235425300339988,0.15067778063028425,0.08896182373179207
2025-12-09 01:00:00+00:00,-0.018273832924666715,0.08897582917360115,-0.14367596894873308,0.07120700509408417,0.005344975411837662,0.10554724093621883,0.09665259398785304,0.17364377296146943,0.15067778063028425,0.09009342142016141
2025-12-09 02:00:00+00:00,-0.010968578118742368,0.10004170138500607,-0.13536119443076602,0.07945902120508538,0.014603155682188715,0.11177690938560221,0.1042196544933339,0.17841930026718567,0.15386930612753114,0.09573301065850749
2025-12-09 03:00:00+00:00,-0.012367891113439392,0.10004170138500607,-0.13516942645821794,0.07494427646808713,0.012708458129619191,0.112597136169764,0.10038513154893072,0.17664898419818326,0.14555877543530246,0.09481962311233066
2025-12-09 04:00:00+00:00,-0.013736837623925711,0.10004170138500607,-0.134992534785818,0.07145084567184495,0.011623978549552601,0.11342542224644576,0.09673925802934843,0.1736245056255705,0.1379463336095454,0.09391656649521936
2025-12-09 05:00:00+00:00,-0.015077382269174319,0.09693688234004477,-0.13482987965051196,0.06670926151605444,0.009122365257897756,0.11426192955740204,0.09428459272050585,0.17148957807064316,0.1309259632992888,0.09302360085614066
2025-12-09 06:00:00+00:00,-0.02432306646342715,0.08323024294562703,-0.1390351383636689,0.05263041679810282,0.0018575435480724276,0.12052291265799722,0.08962974757910838,0.1650651060976143,0.12317216399259423,0.08556309704044551
2025-12-09 07:00:00+00:00,-0.03827062425473155,0.07574929772877839,-0.1390351383636689,0.03453026040980788,-0.0074175508711128236,0.12575939282716192,0.08354953951623882,0.15242071201663343,0.10767755548353006,0.0728835045610098
2025-12-09 08:00:00+00:00,-0.04924337063023152,0.07213779086092552,-0.1390351383636689,0.016902369003100756,-0.02794661045157479,0.13092797944958948,0.07739525767341524,0.14222090270779095,0.09907766008338474,0.0612367258316308
2025-12-09 09:00:00+00:00,-0.060387776102469475,0.06852162345269988,-0.1390351383636689,-0.00030758807014560034,-0.03864406122397044,0.13799763699724074,0.0711629150809835,0.12882555001831503,0.09056756693719684,0.05161832059062955
2025-12-09 10:00:00+00:00,-0.0755059131279738,0.05730132100240967,-0.14886698503277618,-0.02509830576466389,-0.06621577427257347,0.1465886697317476,0.06343217559151267,0.10891777391954709,0.07690078991885177,0.03953377120890878
2025-12-09 11:00:00+00:00,-0.09457876618422718,0.04411348202069868,-0.1548111044491798,-0.05121478074629469,-0.08727105482828888,0.1572710305335474,0.051448391669032596,0.08009928427373525,0.048530521593952006,0.02184082949323644
2025-12-09 12:00:00+00:00,-0.11362068282434476,0.030960487133998026,-0.1548111044491798,-0.07925515946299934,-0.1079636464477682,0.16421561353643116,0.03937577283436655,0.05056806269429641,0.034461086426941824,0.003951521358592989
2025-12-09 13:00:00+00:00,-0.13264499574838287,0.01783789467690198,-0.14831213038123156,-0.10718031891016364,-0.1348162857254393,0.17381604558785146,0.027209281088715197,0.02022636775719265,0.020046304428371946,-0.005087529807772495
2025-12-09 14:00:00+00:00,-0.16019739324812912,-0.0010941507610950228,-0.1386362440845848,-0.15147841398439196,-0.17024795285508953,0.18809104839208668,0.009420341536063786,-0.025127340443416583,-0.001454864745061692,-0.018365253781179338
2025-12-09 15:00:00+00:00,-0.18774868609963066,-0.019995714250167284,-0.12890024570431846,-0.19547474515743482,-0.1979920906006058,0.197696722550172,-0.008521708431277359,-0.07201261021428455,-0.02313779284048942,-0.03867395657416957
2025-12-09 16:00:00+00:00,-0.16417010683116223,-0.011969008478947307,-0.09649970977403449,-0.15970665405525228,-0.1738472022221405,0.1837600841215081,0.006811096155427896,-0.03308030330448386,-0.0047480249165030835,-0.021746262995883652
2025-12-09 17:00:00+00:00,-0.14064016350959258,-0.003921824098232021,-0.06251049946611743,-0.12160092101578664,-0.17032848921251523,0.16995360081630073,0.027550622376635858,0.007317544203532637,0.01391389903125838,-0.004584502284553052
2025-12-09 18:00:00+00:00,-0.1214292005683042,0.0012195923164591668,-0.04032605693481122,-0.09738111751514623,-0.15365661245936454,0.1609891458390245,0.037773130012473594,0.029820647183137393,0.02617173263531693,0.006621586118229431
2025-12-09 19:00:00+00:00,-0.0959532445217092,0.0012195923164591668,-0.0168383849893266,-0.07331809184248646,-0.14304414003839233,0.1516844055388939,0.051851840597150665,0.053484900506644215,0.05088070183006444,0.0181371051256794
2025-12-09 20:00:00+00:00,-0.06392719269833955,0.0012195923164591668,0.0017616337663237786,-0.0493683257154002,-0.13933930680474607,0.1456924003567255,0.0703653205989571,0.07849206248324207,0.07353013967569447,0.033890073086791844
2025-12-09 21:00:00+00:00,-0.03256726311952915,0.006395925695384706,0.033477068385402695,-0.025489277500335694,-0.14916431500847205,0.1366047719502096,0.0943350913978482,0.10018619262883638,0.08522967301333584,0.05016849583109281
2025-12-09 22:00:00+00:00,-0.013850124794056548,0.011582924330141346,0.06408859042887474,-0.007519464949797546,-0.12016662917929903,0.13097297408368438,0.1099497952182594,0.11585101986930549,0.10668052452652836,0.06257125459666742
2025-12-09 23:00:00+00:00,-0.0009637848508187664,0.011582924330141346,0.08711923409311362,0.002292084563316742,-0.12879259638078452,0.1285727863798161,0.11677630241454581,0.13182538746741632,0.11807632766286545,0.06637652017013196
2025-12-10 00:00:00+00:00,0.0017616337660058287,0.011582924330141346,0.09226917035551657,0.00808980747096264,-0.12037883988363489,0.1279490967865162,0.11871981518239234,0.134204855738769,0.12285455197920656,0.06637652017013196
2025-12-10 01:00:00+00:00,0.007042880663576925,0.011582924330141346,0.10068880059415747,0.013766008259801149,-0.1104165465520334,0.12732337528482113,0.12064323200492261,0.13655816263869774,0.12285455197920656,0.06637652017013196
2025-12-10 02:00:00+00:00,0.0010314663180136005,0.0018448056944138675,0.10196220984192778,0.011788589307924926,-0.11456957760983093,0.12080837692508818,0.1145498457980123,0.13040790466195015,0.11530638701451044,0.061627510571665
2025-12-10 03:00:00+00:00,-0.0005619698608861547,0.0018448056944138675,0.0967863529416743,0.009911347204151892,-0.11483371990855178,0.12250282767967341,0.11258818248509278,0.1278170158382813,0.10543003606731657,0.06084157549412817
2025-12-10 04:00:00+00:00,-0.002096067381764689,0.0018448056944138675,0.091826446599054,0.008107134884226793,-0.11504675850602125,0.1249375841809077,0.11067609535816353,0.1252847937682747,0.09676294820551941,0.060064399831792875
2025-12-10 05:00:00+00:00,-0.004323183078662542,0.0018448056944138675,0.0887506080636982,0.006337678722256215,-0.11534688748082265,0.1264801458272339,0.10881117486272122,0.12393918251797757,0.09269238009907017,0.05929576839484235
2025-12-10 06:00:00+00:00,-0.019956045731611347,-0.008802281719217337,0.07223816568031728,-0.0038812374485455224,-0.12302236453519488,0.12880669940017603,0.10184645214651687,0.11329571200617407,0.08548543246383664,0.05632936243391666
2025-12-10 07:00:00+00:00,-0.03187845117429576,-0.015879895810999713,0.060240310956479665,-0.01778485747967171,-0.1330206883771658,0.13389035616617384,0.09569534624124885,0.1002128420316162,0.0782922565731766,0.053389145015464254
2025-12-10 08:00:00+00:00,-0.04392015009893268,-0.019449045760872224,0.048070341333540115,-0.031584291631583376,-0.14089497062387454,0.13892499485856466,0.08942711633482124,0.08976555756339136,0.0782922565731766,0.05075189485046981
2025-12-10 09:00:00+00:00,-0.05924355713201975,-0.0229255396001293,0.028851489304229583,-0.05008756750090186,-0.161970686587192,0.14460518691333676,0.08684258813494428,0.07470627082713845,0.06784719388860101,0.048529948801307586
2025-12-10 10:00:00+00:00,-0.08109279302314429,-0.026336019356150518,0.010150730602576168,-0.06678997981469649,-0.17493526433398873,0.15440071622762822,0.082079350044271,0.057980725938606446,0.05760403069043865,0.044093204568051256
2025-12-10 11:00:00+00:00,-0.10944218758941412,-0.032722946740242176,-0.004775281011852008,-0.08628763010039962,-0.1815253001975764,0.16528728336193763,0.07349595354667457,0.03252722426899307,0.04483753245203349,0.03924044949979817
2025-12-10 12:00:00+00:00,-0.13785676878356307,-0.03913174878453596,-0.0199331829531187,-0.1055970045860021,-0.1933206347240743,0.17956625730923662,0.0648573483037976,0.006396806360098544,0.04483753245203349,0.03439172160698609
2025-12-10 13:00:00+00:00,-0.17134819938790358,-0.04515149764542942,-0.03436040370361237,-0.1291460751371394,-0.20475669647621492,0.19960685052554578,0.056087840912609904,-0.023169356749331762,0.03526163792203932,0.03483873055494325
2025-12-10 14:00:00+00:00,-0.21247330186845442,-0.054393846842334614,-0.05697403142088974,-0.16072587235343772,-0.2343498837014381,0.22915356432417563,0.04341254065630676,-0.06293640528507528,-0.0019594171160579586,0.04172614740548496
2025-12-10 15:00:00+00:00,-0.25385386332435633,-0.06366987789463482,-0.08014568598193453,-0.19239032751752613,-0.2514679937258735,0.2543147652332196,0.03064571200385393,-0.1040665214665372,-0.040273242559628136,0.04172614740548496
2025-12-10 16:00:00+00:00,-0.2187695272352944,-0.05578059494473821,-0.061345711171390455,-0.16510218700765072,-0.22318716904456506,0.23259713614839547,0.04205735171642737,-0.07045289084673684,-0.02363488697999241,0.04172614740548496
2025-12-10 17:00:00+00:00,-0.193581308118868,-0.04786457575100088,-0.04208072065701349,-0.13780259772773246,-0.19932444549521047,0.21090005412172175,0.04783583564640138,-0.03563553658917625,-0.02363488697999241,0.04172614740548496
2025-12-10 18:00:00+00:00,-0.18384114025549755,-0.042798151042811775,-0.029599058830595125,-0.12033956333808088,-0.18282538810979926,0.19610644065962296,0.05161337622610184,-0.018620308733155087,-0.013133372877987522,0.045669423991838216
2025-12-10 19:00:00+00:00,-0.17929096640211886,-0.037714101603644384,-0.010151639991681305,-0.1047830804301131,-0.16698947979746537,0.18146569708002397,0.05161337622610184,-0.0008467347895739649,-0.0022754051222303056,0.045669423991838216
2025-12-10 20:00:00+00:00,-0.17468997122434435,-0.032611866242644366,0.003088093217917055,-0.09287751724188367,-0.15421873245090895,0.1727498894604325,0.05161337622610184,0.017785872578434097,-0.0022754051222303056,0.045669423991838216
2025-12-10 21:00:00+00:00,-0.1700361251670137,-0.027490872698701724,0.009720740625017361,-0.08085235407089934,-0.15206971989504908,0.16090254875394597,0.04775891261907151,0.030894587071784173,0.008605808048478405,0.045669423991838216
2025-12-10 22:00:00+00:00,-0.15364928482590534,-0.01713369222889182,0.029571540812658087,-0.06663305789371005,-0.13475518348207652,0.14973900569490767,0.05913889580012208,0.06397071745092277,0.01951432654335763,0.05369363632748404
2025-12-10 23:00:00+00:00,-0.1351680625662146,-0.011930467430398432,0.048598423813135797,-0.05186986656972932,-0.13079868250478568,0.14072130975773262,0.06266955044026878,0.07643069250635032,0.01951432654335763,0.05369363632748404
2025-12-11 00:00:00+00:00,-0.13067157729147633,-0.009747737001772618,0.06264367399113031,-0.04443412869521611,-0.1172879438164777,0.1277863368507108,0.05980244313078115,0.07881219943219815,0.03257846562883282,0.04804809949502416
2025-12-11 01:00:00+00:00,-0.12359642485398718,-0.00510054701524918,0.07349329455402027,-0.037812351765315486,-0.11597016642653932,0.12647152018743685,0.06230195075079403,0.08317677519296833,0.045392351910254404,0.04950550560677476
2025-12-11 02:00:00+00:00,-0.12542851415671719,-0.008481819952435217,0.08055813063316704,-0.037111249720205915,-0.11472945379298341,0.11794447234710659,0.055520194526723424,0.0785522205889768,0.041776667460769266,0.04376770071617574
2025-12-11 03:00:00+00:00,-0.12500667794071468,-0.00945230573340999,0.07714208698151617,-0.03839426124364528,-0.11490497680539809,0.11979336928907681,0.054876097883752126,0.07750112590670764,0.0403480576306158,0.043102470403524384
2025-12-11 04:00:00+00:00,-0.12463255181036302,-0.010404055834741398,0.07512818084525141,-0.03967130342160027,-0.11546258485535173,0.12169848510449587,0.054240088853396914,0.07646531047402536,0.0380073652690922,0.042446846346921065
2025-12-11 05:00:00+00:00,-0.12430266320453592,-0.011338189069415978,0.07324564984558897,-0.0413059154507048,-0.11713221403907556,0.12366304185953297,0.054240088853396914,0.07646531047402536,0.037061237966589736,0.0418005401867091
2025-12-11 06:00:00+00:00,-0.13326940318604946,-0.01963720214815354,0.06620309462465139,-0.048012688214925235,-0.12260746192141006,0.12576219278401043,0.05214367404506966,0.07750591579419881,0.03448336443580848,0.033402715332054855
2025-12-11 07:00:00+00:00,-0.14192518799619458,-0.02514608494250389,0.05930293827858617,-0.05489209725734684,-0.13035925546796595,0.12919677899506374,0.054463578382918744,0.07923207622434826,0.024863813911158522,0.027315324084972885
2025-12-11 08:00:00+00:00,-0.15429330018322662,-0.031462708169577545,0.04216175504169669,-0.07052139328138746,-0.14566344791191618,0.13443846431396214,0.05021890573402321,0.07269203512052948,0.012373294980759949,0.019973749964848717
2025-12-11 09:00:00+00:00,-0.16699679921621385,-0.03467787158572204,0.028703852410768393,-0.0865089945557333,-0.15285767567124556,0.1380615090108605,0.04591806279034451,0.06182718212438192,0.005929547708744443,0.01256461252273395
2025-12-11 10:00:00+00:00,-0.18179583277186823,-0.04273348189422502,0.0019139292881171313,-0.10526171122642984,-0.17391432308514349,0.13939104939391866,0.04203099799653156,0.05940608494083978,-0.013655481149494157,-0.005299246366932558
2025-12-11 11:00:00+00:00,-0.19638630045237,-0.0506659536674685,-0.016090162154105813,-0.12402748488270347,-0.1829191277246326,0.14069099645133445,0.04039540126582811,0.05705067723158401,-0.021192502158730895,-0.02283125261039943
2025-12-11 12:00:00+00:00,-0.21655206058488277,-0.06228128858659266,-0.0411216329437459,-0.15146385549917632,-0.2015412253201252,0.14782694518860404,0.036172616910877586,0.04922400687864873,-0.033084102427954044,-0.04121022283232812
2025-12-11 13:00:00+00:00,-0.23953089581220388,-0.07518535412836826,-0.07045129950089206,-0.18239870842772943,-0.22112388064286664,0.16032274019226575,0.03254942413245114,0.04305093383335821,-0.04585677535504662,-0.05577972414990592
2025-12-11 14:00:00+00:00,-0.2622005926827443,-0.08789777212922356,-0.0878563300273,-0.21058471158006364,-0.24364356045584795,0.1725644409906365,0.028999116358208135,0.03695820087333662,-0.04121992305193077,-0.06358135643729851
2025-12-11 15:00:00+00:00,-0.28459211748003677,-0.10042833177193526,-0.1053212183799769,-0.2390787067775021,-0.2661378464907175,0.18456261526386908,0.02551953191471306,0.03094159566679633,-0.04203419309532826,-0.07131721247058605
2025-12-11 16:00:00+00:00,-0.25893401859797927,-0.08552148654122989,-0.08400604131478796,-0.20935630292609234,-0.24158183544774628,0.1754003189911754,0.03116436065721476,0.04202042053078145,-0.026683458641676257,-0.05346917261368979
2025-12-11 17:00:00+00:00,-0.233243129175219,-0.07815881031505664,-0.062224905842755224,-0.1789394207067639,-0.21048265117018575,0.16623711340205405,0.03116436065721476,0.053243861296985086,-0.01122074190902689,-0.041528153358186666
2025-12-11 18:00:00+00:00,-0.22307455747389304,-0.07341318479351502,-0.04032320035529861,-0.1595750362547867,-0.189267418692741,0.15707107911916843,0.03492317445155688,0.06077158016988874,-0.001090153704920328,-0.03374943379638311
2025-12-11 19:00:00+00:00,-0.21452920914521853,-0.06864445035425634,-0.025695165596123802,-0.1397147550509596,-0.17006152892481946,0.15081522282071871,0.03876841838569675,0.06840483165548435,0.009121609361760671,-0.025874029589166764
2025-12-11 20:00:00+00:00,-0.21062268575538678,-0.06385198411984314,-0.010690278585212898,-0.11929374246501546,-0.16615634496369325,0.14458536608374095,0.04265183193523695,0.07614807968896332,0.019419230340405956,-0.01789756734874386
2025-12-11 21:00:00+00:00,-0.20666883872638195,-0.05435544323813732,-0.003025366605958367,-0.09991605274327972,-0.12560090163225793,0.1383806467280332,0.04265183193523695,0.08400604131490116,0.03019074209914135,-0.009815425564639449
2025-12-11 22:00:00+00:00,-0.1977561937135933,-0.04470198792787631,0.004691705198195952,-0.07778973765354616,-0.11032885983959946,0.13535921029115933,0.05045373930388484,0.09943587584522107,0.040814478736079504,0.002509040367443234
2025-12-11 23:00:00+00:00,-0.17809291071590852,-0.039631030720809146,0.034640521557951595,-0.05897976445927531,-0.10086049629763894,0.13779671334070634,0.06133194719826396,0.11222444152397221,0.050877210486485656,0.010677095386787412
2025-12-12 00:00:00+00:00,-0.16738515388818145,-0.0360943339318418,0.04905195882778834,-0.0465887524598564,-0.08469177658547493,0.12981447096601348,0.05595608729852338,0.10941285194274562,0.04015199840362087,0.007662620917384359
2025-12-12 01:00:00+00:00,-0.16039101359894034,-0.031093662629630675,0.05905434927390453,-0.036693534871113924,-0.07540789347724285,0.12906529688155713,0.05732249745010972,0.11428979869087229,0.049840665193852406,0.01135056880560458
2025-12-12 02:00:00+00:00,-0.15903376684185852,-0.03277856557771674,0.06565611428611061,-0.031253843416372,-0.07139797878682734,0.12148740721047636,0.04998485620673421,0.11048202099448189,0.05333241861074481,0.005985865065562859
2025-12-12 03:00:00+00:00,-0.15839043591415902,-0.03311821255656178,0.06258160898018675,-0.03309576650058198,-0.07238969650730528,0.12148740721047636,0.049449269422818194,0.10799047721619053,0.05227315420331933,0.005422510080530045
2025-12-12 04:00:00+00:00,-0.15664405558404124,-0.03348822573969616,0.06100392841298469,-0.035001153294831146,-0.0732820758236341,0.12148740721047636,0.048922723096699317,0.1056128959661201,0.05085740788934871,0.004873201477420119
2025-12-12 05:00:00+00:00,-0.15611657352397837,-0.03382817452543499,0.059465117977471546,-0.036977133619912596,-0.07545015647635128,0.11985229245984523,0.04796753425166677,0.10334006054568338,0.04946921317784247,0.004337117063509619
2025-12-12 06:00:00+00:00,-0.1631328486010412,-0.04091225825544253,0.05089111619184353,-0.04360960253328854,-0.08156095137783975,0.11109713746937176,0.04667474297816203,0.10220258604242964,0.04869674511410037,-0.000547740022514004
2025-12-12 07:00:00+00:00,-0.17000511928287618,-0.04298812300911323,0.0425461468517456,-0.049409422864257604,-0.08852032069461122,0.11056481313802201,0.04962442941850679,0.10496656336067975,0.048019551287756056,-0.0037146924827487376
2025-12-12 08:00:00+00:00,-0.18066965626090328,-0.049096414425094194,0.029777261644978688,-0.06668601824337826,-0.1071187956898118,0.11056481313802201,0.04766206568780862,0.10168581950060103,0.042124462492948815,-0.01060425913244608
2025-12-12 09:00:00+00:00,-0.19660453071155456,-0.0553274788316078,0.020894382880622737,-0.08454197885032325,-0.12365299232854655,0.10393296546708014,0.04363425808778673,0.0944939859150211,0.042124462492948815,-0.019887171422424667
2025-12-12 10:00:00+00:00,-0.21491988334100426,-0.06518073364402086,0.01358789532245004,-0.10646241018725458,-0.14044212429983835,0.09110636753843375,0.038600220004117,0.08147434039933947,0.023897917153774005,-0.03131063304320742
2025-12-12 11:00:00+00:00,-0.23305795795659603,-0.07506109945158612,0.006422549562397859,-0.1289954498607791,-0.1569991342402692,0.07861809242192745,0.033653022305494544,0.06875399824985501,0.006030410499102743,-0.042684956693714936
2025-12-12 12:00:00+00:00,-0.25841829608754896,-0.09269151779569192,-0.010529856679324334,-0.1642041026888896,-0.1782712059765013,0.06530423562613287,0.025655649613729202,0.05362562537536924,-0.0056027318109960625,-0.060723856938616136
2025-12-12 13:00:00+00:00,-0.2840233472483676,-0.11076011792123301,-0.01913697234064129,-0.20329793095174903,-0.20512185345022182,0.04896426977192109,0.017625731664866577,0.03856986247561567,-0.0056027318109960625,-0.07907349209303113
2025-12-12 14:00:00+00:00,-0.3133500623075723,-0.12906235466319907,-0.01345006699734987,-0.2469025595673112,-0.23695282313974433,0.02476446041555156,0.008939628131559487,0.019310952229125457,-0.0055685726998268795,-0.0990429363359261
2025-12-12 15:00:00+00:00,-0.3425062144559958,-0.14753705622753996,-0.007832525651145606,-0.2940333772736483,-0.2649040524740291,0.004175337722895053,0.0003851335720504412,0.0004710075663044892,-0.017088161466485525,-0.1190283153562447
2025-12-12 16:00:00+00:00,-0.30881809274452326,-0.12495680862338165,-0.007832525651145606,-0.25537834710279544,-0.23863529619247603,0.022103169208871138,0.01170976795939479,0.021165114046908438,-0.0007480936737295679,-0.09464848380027482
2025-12-12 17:00:00+00:00,-0.27500003651532146,-0.10181177739659912,-0.007832525651145606,-0.21365921233316953,-0.21319770014211667,0.031133846656612313,0.023088980563266796,0.041807792949666515,0.03218979499302941,-0.06982686515536862
2025-12-12 18:00:00+00:00,-0.2600949204980896,-0.08665677246446897,-0.007832525651145606,-0.18807055187328592,-0.194290483526683,0.028100698730987,0.03064596798652797,0.05537155425042348,0.04336117267943881,-0.05339793563338995
2025-12-12 19:00:00+00:00,-0.24801342144900368,-0.07660254425713,0.0,-0.16005747758021116,-0.1730978305886918,0.019040116648855503,0.04215968405913466,0.0762980782351504,0.06532008324141696,-0.03663678277626596
2025-12-12 20:00:00+00:00,-0.24079238072703696,-0.0662886353414107,0.00793096930062261,-0.13046763079267848,-0.15083882202802115,0.013093729866455864,0.05382823891235039,0.09092671941127932,0.07581413983279245,-0.01951229820290396
2025-12-12 21:00:00+00:00,-0.23340753581585996,-0.055694490932138255,0.023928761119147633,-0.09484449049869204,-0.1421185452553566,0.0072404553717412955,0.06566068538615341,0.10589153585550784,0.08619628157560044,-0.001990109294157349
2025-12-12 22:00:00+00:00,-0.22912412881244532,-0.04479720690129307,0.03188268767087714,-0.06614796382237863,-0.11441064237894595,0.001482116481123436,0.07352023067231461,0.10589153585550784,0.09647276199312269,0.011395934539202656
2025-12-12 23:00:00+00:00,-0.2099839981632779,-0.038991798949338005,0.039540704227519,-0.033245515139306375,-0.0857297263834256,0.001482116481123436,0.08061281660284819,0.11724189937903251,0.11828245537530553,0.024442788280790505
2025-12-13 00:00:00+00:00,-0.19246121710402248,-0.03593152526984672,0.04302606584258566,-0.015437287488034338,-0.07669832238495164,0.001482116481123436,0.08512033907741877,0.12230486981208746,0.12284150638545806,0.028369114003741567
2025-12-13 01:00:00+00:00,-0.17608210109721634,-0.03291003451856331,0.03925960560951771,0.0024399306420974346,-0.06900409744748537,9.923031586566332e-05,0.09083709178162998,0.129998901908232,0.12737030588526568,0.030268838447782644
2025-12-13 02:00:00+00:00,-0.1606881807528251,-0.03291003451856331,0.035491028392369464,0.018950392713945993,-0.06136779461568867,9.923031586566332e-05,0.09549819202080125,0.13739692903203243,0.12737030588526568,0.034071355693161554
2025-12-13 03:00:00+00:00,-0.16786229832807537,-0.03890432449268208,0.03736402806835152,0.01097337013030243,-0.06773938849517747,-0.00585932311650944,0.08234679374643335,0.12018399120606048,0.12208953030031207,0.025652520657864428
2025-12-13 04:00:00+00:00,-0.16508850466001534,-0.03885293826562422,0.03736402806835152,0.01012728071000622,-0.06819560458156333,-0.00585932311650944,0.08026160246409528,0.11769735172216136,0.12190014611700992,0.025137522533279118
2025-12-13 05:00:00+00:00,-0.16256688130008298,-0.03880466570816323,0.03736402806835152,0.00944450778497719,-0.0686165064284512,-0.00578645977071935,0.07830419410373984,0.11656640248901814,0.1226463453426323,0.024637110515829477
2025-12-13 06:00:00+00:00,-0.1623339745076734,-0.04222073974731864,0.035830146061768514,-0.003044853202960699,-0.07266350222920463,-0.008865303286575124,0.07412900497844291,0.11591521059926804,0.11698712943341767,0.025019800314970093
2025-12-13 07:00:00+00:00,-0.17904603012163728,-0.052012153037578994,0.03989301076106909,-0.02121536908090943,-0.08236890338677243,-0.008865303286575124,0.06914834332945555,0.11301139212231924,0.11698712943341767,0.011390513104957676
2025-12-13 08:00:00+00:00,-0.19271352364969943,-0.058844804131530794,0.03989301076106909,-0.04235427058867521,-0.09017245543650919,-0.008865303286575124,0.0641150566118426,0.1075927133078172,0.1119877323015896,0.002420226825930342
2025-12-13 09:00:00+00:00,-0.20676535648007682,-0.0658039367660468,0.03989301076106909,-0.0533705494806215,-0.0977104706977302,-0.010484183957220884,0.060652286609454556,0.09871809726021533,0.1119877323015896,-0.006778058595541987
2025-12-13 10:00:00+00:00,-0.22238787141474756,-0.07962878979297536,0.03849457301078425,-0.07555362845531373,-0.10388399447088449,-0.013529240977104697,0.051685763038008765,0.08521059353608532,0.10476108179059877,-0.015074760937012498
2025-12-13 11:00:00+00:00,-0.24518139931564947,-0.10114214550882661,0.03575543685603813,-0.10750204094260815,-0.1094935699159968,-0.019736078496005248,0.03885525196704342,0.06813969283206324,0.09697176649494887,-0.020525636891654514
2025-12-13 12:00:00+00:00,-0.2641974018225375,-0.11528220808971056,0.02740964525915588,-0.12954441815086074,-0.12827769919700094,-0.019736078496005248,0.02797889988534864,0.04871107780465299,0.08461013015323116,-0.034573598342740465
2025-12-13 13:00:00+00:00,-0.28342978571015964,-0.1297199121076861,0.01896150009352994,-0.17203564350311462,-0.14753458782523737,-0.02296703771202301,0.017040449261049403,0.029396180441000813,0.07336142658288419,-0.05386665339443157
2025-12-13 14:00:00+00:00,-0.31039018417721764,-0.15241923494730408,0.004592281052950545,-0.2385038421454996,-0.1761025258618516,-0.031009303311095804,0.0019506791614744016,0.006144342497993328,0.05515368317134365,-0.08284425096252872
2025-12-13 15:00:00+00:00,-0.3381698195459546,-0.17601574357779323,-0.010220680475807467,-0.2787673080211576,-0.19326910958384635,-0.03922066107744344,-0.013518186908169076,-0.017462643003494482,0.0235735412990279,-0.11329052080266094
2025-12-13 16:00:00+00:00,-0.31397260045086917,-0.15867517452479082,0.002022515896129876,-0.25160516476207173,-0.18384665006765027,-0.03922066107744344,0.002021144509429522,0.009296006855789738,0.04119818633635761,-0.09376586282475455
2025-12-13 17:00:00+00:00,-0.28962701261276774,-0.1409956195285449,0.014434477368993684,-0.2234463175613177,-0.16927419861377804,-0.03482857576331085,0.01766841053931833,0.03598494818668672,0.05922173750227493,-0.07390963127300805
2025-12-13 18:00:00+00:00,-0.27413689281928394,-0.1297560521761008,0.014434477368993684,-0.21341155116543056,-0.16324806878102308,-0.03197149686416023,0.028001603286944104,0.05966679445499552,0.0704518044032989,-0.05682631928937944
2025-12-13 19:00:00+00:00,-0.2552611329824206,-0.11828863219914408,0.014434477368993684,-0.2030630909983853,-0.1567805064162668,-0.029100507220965157,0.03841482268332182,0.08371271916401359,0.09409953024768032,-0.03915146027483746
2025-12-13 20:00:00+00:00,-0.2359736629940758,-0.11274010084901398,0.014434477368993684,-0.19236400617278013,-0.1383787569232294,-0.02621537842357706,0.04546516267776743,0.10817378628185179,0.1181999954370903,-0.02081624844534274
2025-12-13 21:00:00+00:00,-0.21621685617528333,-0.10710759439421579,0.02253438869050218,-0.19236400617278013,-0.11926111711819679,-0.023315877249981458,0.0525745697165365,0.12760936724414282,0.1181999954370903,-0.0017406925946308765
2025-12-13 22:00:00+00:00,-0.20614214354943067,-0.1013871903139863,0.006375374007867316,-0.19236400617278013,-0.11926111711819679,-0.02624156522128277,0.056113593671594006,0.13365490955143947,0.1181999954370903,0.0031416277351991144
2025-12-13 23:00:00+00:00,-0.1998010225896424,-0.10819542318738795,0.014543858655709912,-0.1596858575216504,-0.10829619923736107,-0.03216260294316294,0.0627919725536415,0.13856526331466582,0.1181999954370903,0.0031416277351991144
2025-12-14 00:00:00+00:00,-0.19275794506902474,-0.10819542318738795,0.014543858655709912,-0.14416658094854692,-0.11713979618857594,-0.03662318422766257,0.06634287692249033,0.14141726203751134,0.1181999954370903,0.00540725763571508
2025-12-14 01:00:00+00:00,-0.1813554488111885,-0.10819542318738795,0.01078006331595099,-0.13650035384523992,-0.11514213222094419,-0.04115661116827761,0.06978921535672461,0.1442310973120319,0.12329901622788661,0.009875639956810142
2025-12-14 02:00:00+00:00,-0.17040234114376787,-0.11263970470258186,0.006900562294088548,-0.1322199039676917,-0.11713979618857594,-0.04576655897902115,0.07313967904987483,0.14700905656643903,0.12838371548129685,0.014253459550733504
2025-12-14 03:00:00+00:00,-0.16891870996361177,-0.11263970470258186,0.007377705524304061,-0.13212467228747926,-0.11703332519467488,-0.04561178949846972,0.0720008360626774,0.142865927335873,0.12838371548129685,0.013572696395270641
2025-12-14 04:00:00+00:00,-0.16755689771848498,-0.11263970470258186,0.007856008153490579,-0.1328824501180044,-0.11733764746894124,-0.04546120305722917,0.0708961221567037,0.1392304725233555,0.12546979459309307,0.01290768281001275
2025-12-14 05:00:00+00:00,-0.16630683453560677,-0.11263970470258186,0.008335567556031537,-0.13281074220352673,-0.11744168797654529,-0.04531500687342203,0.06941661577819963,0.13558657753818068,0.12546979459309307,0.0122575474805912
2025-12-14 06:00:00+00:00,-0.1662804936645897,-0.1068700005598331,0.006634751954396071,-0.1378024094396738,-0.12152005686886436,-0.04913593225834295,0.06826689568162458,0.1329154229917992,0.12272822521467167,0.013837686738583425
2025-12-14 07:00:00+00:00,-0.17195784991003527,-0.1068700005598331,0.006634751954396071,-0.12522097626534606,-0.12152005686886436,-0.05111167574994078,0.06478290955996202,0.12720258138397278,0.11573766539758037,0.016556944711911378
2025-12-14 08:00:00+00:00,-0.1832072566855908,-0.1068700005598331,0.006634751954396071,-0.11337303004015799,-0.12386389328552136,-0.05111167574994078,0.061275739701634004,0.11915626749139427,0.11573766539758037,0.013870752406481055
2025-12-14 09:00:00+00:00,-0.19471713720837514,-0.1068700005598331,0.0017484089523803785,-0.09764971650190962,-0.12152005686886436,-0.05111167574994078,0.05774459662717959,0.11332109206461255,0.10879565596220069,0.011177249315774249
2025-12-14 10:00:00+00:00,-0.20673672513665403,-0.1037457926137305,-0.0005439616883432166,-0.09762475904041597,-0.11579159438029384,-0.050905062842110826,0.05136457806539053,0.10487536061243681,0.10021398405902686,0.0058024356488629155
2025-12-14 11:00:00+00:00,-0.21904831007140707,-0.10507342931805704,-0.002889038805280117,-0.09760321868721307,-0.11772554675488943,-0.050672891462747366,0.04485787934702043,0.09630660646220218,0.09151831243377762,0.0003275583912809037
2025-12-14 12:00:00+00:00,-0.23245842161252353,-0.10507342931805704,-0.02119662112726786,-0.09760321868721307,-0.11772554675488943,-0.04705970797722304,0.03763648410794687,0.08382180874352343,0.06664718740007103,-0.004920754021196337
2025-12-14 13:00:00+00:00,-0.2459787636097478,-0.10507342931805704,-0.039789137260326755,-0.09760321868721307,-0.11772554675488943,-0.04705970797722304,0.030391277144231912,0.07137719654846003,0.041263168298734984,-0.020917393856525416
2025-12-14 14:00:00+00:00,-0.26574162280067337,-0.10668526143781407,-0.06546592228065662,-0.1017208323163699,-0.13036264172952464,-0.052210622584168316,0.020193007885215986,0.05688784059628923,0.006608755474362307,-0.04853667985900199
2025-12-14 15:00:00+00:00,-0.2860454779344078,-0.10832590452955848,-0.09202634072382063,-0.10590070653878908,-0.14995761600998256,-0.052007800491592704,0.009762613161543346,0.042145983637746236,-0.009417514633105781,-0.06889662523334054
2025-12-14 16:00:00+00:00,-0.26952530880658965,-0.09825025450209961,-0.06719610071802919,-0.10590070653878908,-0.14995761600998256,-0.05663397642925624,0.019737347730213496,0.05877978430491789,0.026719864034297262,-0.06175020251766457
2025-12-14 17:00:00+00:00,-0.2529238409350374,-0.08809935453735761,-0.04199648360086467,-0.10590070653878908,-0.13952019481656436,-0.061237144738362795,0.029751716599658615,0.07539431298470742,0.04480709741183128,-0.04739721813384013
2025-12-14 18:00:00+00:00,-0.24242598743466795,-0.08158746279105694,-0.025501668726525744,-0.11221820762727068,-0.13613634173325428,-0.06415562836608267,0.03965615100186898,0.09199209694842389,0.069310863221417,-0.04281780030020885
