time_utc,6.8x51mm Hybrid,7.62x51mm M62,7.62x54R BT,5.8x42mm DVC12,5.7x28mm SS190,7.62x39mm AP,9x39mm BP,4.6x30mm AP SX,12.7x55mm PS12B,5.56x45mm M995
2025-09-21 18:00:00+00:00,,,,,,,,,,
2025-09-21 19:00:00+00:00,,,,,,,,,,
2025-09-21 20:00:00+00:00,,,,,,,,,,
2025-09-21 21:00:00+00:00,,,,,,,,,,
2025-09-21 22:00:00+00:00,,,,,,,,,,
2025-09-21 23:00:00+00:00,,,,,,,,,,
2025-09-22 00:00:00+00:00,,,,,,,,,,
2025-09-22 01:00:00+00:00,,,,,,,,,,
2025-09-22 02:00:00+00:00,,,,,,,,,,
2025-09-22 03:00:00+00:00,,,,,,,,,,
2025-09-22 04:00:00+00:00,,,,,,,,,,
2025-09-22 05:00:00+00:00,,,,,,,,,,
2025-09-22 06:00:00+00:00,,,,,,,,,,
2025-09-22 07:00:00+00:00,,,,,,,,,,
2025-09-22 08:00:00+00:00,,,,,,,,,,
2025-09-22 09:00:00+00:00,,,,,,,,,,
2025-09-22 10:00:00+00:00,,,,,,,,,,
2025-09-22 11:00:00+00:00,,,,,,,,,,
2025-09-22 12:00:00+00:00,,,,,,,,,,
2025-09-22 13:00:00+00:00,,,,,,,,,,
2025-09-22 14:00:00+00:00,,,,,,,,,,
2025-09-22 15:00:00+00:00,,,,,,,,,,
2025-09-22 16:00:00+00:00,,,,,,,,,,
2025-09-22 17:00:00+00:00,,,,,,,,,,
2025-09-22 18:00:00+00:00,,,,,,,,,,
2025-09-22 19:00:00+00:00,,,,,,,,,,
2025-09-22 20:00:00+00:00,,,,,,,,,,
2025-09-22 21:00:00+00:00,,,,,,,,,,
2025-09-22 22:00:00+00:00,,,,,,,,,,
2025-09-22 23:00:00+00:00,,,,,,,,,,
2025-09-23 00:00:00+00:00,,,,,,,,,,
2025-09-23 01:00:00+00:00,,,,,,,,,,
2025-09-23 02:00:00+00:00,,,,,,,,,,
2025-09-23 03:00:00+00:00,,,,,,,,,,
2025-09-23 04:00:00+00:00,,,,,,,,,,
2025-09-23 05:00:00+00:00,,,,,,,,,,
2025-09-23 06:00:00+00:00,,,,,,,,,,
2025-09-23 07:00:00+00:00,,,,,,,,,,
2025-09-23 08:00:00+00:00,,,,,,,,,,
2025-09-23 09:00:00+00:00,,,,,,,,,,
2025-09-23 10:00:00+00:00,,,,,,,,,,
2025-09-23 11:00:00+00:00,,,,,,,,,,
2025-09-23 12:00:00+00:00,,,,,,,,,,
2025-09-23 13:00:00+00:00,,,,,,,,,,
2025-09-23 14:00:00+00:00,,,,,,,,,,
2025-09-23 15:00:00+00:00,,,,,,,,,,
2025-09-23 16:00:00+00:00,,,,,,,,,,
2025-09-23 17:00:00+00:00,,,,,,,,,,
2025-09-23 18:00:00+00:00,,,,,,,,,,
2025-09-23 19:00:00+00:00,,,,,,,,,,
2025-09-23 20:00:00+00:00,,,,,,,,,,
2025-09-23 21:00:00+00:00,,,,,,,,,,
2025-09-23 22:00:00+00:00,,,,,,,,,,
2025-09-23 23:00:00+00:00,,,,,,,,,,
2025-09-24 00:00:00+00:00,,,,,,,,,,
2025-09-24 01:00:00+00:00,,,,,,,,,,
2025-09-24 02:00:00+00:00,,,,,,,,,,
2025-09-24 03:00:00+00:00,,,,,,,,,,
2025-09-24 04:00:00+00:00,,,,,,,,,,
2025-09-24 05:00:00+00:00,,,,,,,,,,
2025-09-24 06:00:00+00:00,,,,,,,,,,
2025-09-24 07:00:00+00:00,,,,,,,,,,
2025-09-24 08:00:00+00:00,,,,,,,,,,
2025-09-24 09:00:00+00:00,,,,,,,,,,
2025-09-24 10:00:00+00:00,,,,,,,,,,
2025-09-24 11:00:00+00:00,,,,,,,,,,
2025-09-24 12:00:00+00:00,,,,,,,,,,
2025-09-24 13:00:00+00:00,,,,,,,,,,
2025-09-24 14:00:00+00:00,,,,,,,,,,
2025-09-24 15:00:00+00:00,,,,,,,,,,
2025-09-24 16:00:00+00:00,,,,,,,,,,
2025-09-24 17:00:00+00:00,,,,,,,,,,
2025-09-24 18:00:00+00:00,,,,,,,,,,
2025-09-24 19:00:00+00:00,,,,,,,,,,
2025-09-24 20:00:00+00:00,,,,,,,,,,
2025-09-24 21:00:00+00:00,,,,,,,,,,
2025-09-24 22:00:00+00:00,,,,,,,,,,
2025-09-24 23:00:00+00:00,,,,,,,,,,
2025-09-25 00:00:00+00:00,,,,,,,,,,
2025-09-25 01:00:00+00:00,,,,,,,,,,
2025-09-25 02:00:00+00:00,,,,,,,,,,
2025-09-25 03:00:00+00:00,,,,,,,,,,
2025-09-25 04:00:00+00:00,,,,,,,,,,
2025-09-25 05:00:00+00:00,,,,,,,,,,
2025-09-25 06:00:00+00:00,,,,,,,,,,
2025-09-25 07:00:00+00:00,,,,,,,,,,
2025-09-25 08:00:00+00:00,,,,,,,,,,
2025-09-25 09:00:00+00:00,,,,,,,,,,
2025-09-25 10:00:00+00:00,,,,,,,,,,
2025-09-25 11:00:00+00:00,,,,,,,,,,
2025-09-25 12:00:00+00:00,,,,,,,,,,
2025-09-25 13:00:00+00:00,,,,,,,,,,
2025-09-25 14:00:00+00:00,,,,,,,,,,
2025-09-25 15:00:00+00:00,,,,,,,,,,
2025-09-25 16:00:00+00:00,,,,,,,,,,
2025-09-25 17:00:00+00:00,,,,,,,,,,
2025-09-25 18:00:00+00:00,,,,,,,,,,
2025-09-25 19:00:00+00:00,,,,,,,,,,
2025-09-25 20:00:00+00:00,,,,,,,,,,
2025-09-25 21:00:00+00:00,,,,,,,,,,
2025-09-25 22:00:00+00:00,,,,,,,,,,
2025-09-25 23:00:00+00:00,,,,,,,,,,
2025-09-26 00:00:00+00:00,,,,,,,,,,
2025-09-26 01:00:00+00:00,,,,,,,,,,
2025-09-26 02:00:00+00:00,,,,,,,,,,
2025-09-26 03:00:00+00:00,,,,,,,,,,
2025-09-26 04:00:00+00:00,,,,,,,,,,
2025-09-26 05:00:00+00:00,,,,,,,,,,
2025-09-26 06:00:00+00:00,,,,,,,,,,
2025-09-26 07:00:00+00:00,,,,,,,,,,
2025-09-26 08:00:00+00:00,,,,,,,,,,
2025-09-26 09:00:00+00:00,,,,,,,,,,
2025-09-26 10:00:00+00:00,,,,,,,,,,
2025-09-26 11:00:00+00:00,,,,,,,,,,
2025-09-26 12:00:00+00:00,,,,,,,,,,
2025-09-26 13:00:00+00:00,,,,,,,,,,
2025-09-26 14:00:00+00:00,,,,,,,,,,
2025-09-26 15:00:00+00:00,,,,,,,,,,
2025-09-26 16:00:00+00:00,,,,,,,,,,
2025-09-26 17:00:00+00:00,-0.1998151513771584,-0.11708768087613472,-0.1493440134713095,-0.42544780174257046,-0.36328959592742116,-0.12158570969255801,-0.39492362749370963,-0.402795472656699,-0.19663269043053358,-0.47579030086793633
2025-09-26 18:00:00+00:00,-0.19785381565657859,-0.11615257991756424,-0.14937452802947038,-0.4245356875355814,-0.36046256117478714,-0.12119281765950236,-0.3946081056924431,-0.4024254319454073,-0.1927775859267988,-0.4757784206039923
2025-09-26 19:00:00+00:00,-0.21425280147327241,-0.1258956978853075,-0.14725562016264448,-0.4275043282511455,-0.36663507295553616,-0.12637836579036835,-0.3953070166712246,-0.4077287440314504,-0.20409726847836493,-0.47032248924324055
2025-09-26 20:00:00+00:00,-0.23183633600508727,-0.13526903022161468,-0.14520543585672324,-0.43546397566680417,-0.3702042486204486,-0.13140119992310123,-0.39848058684080284,-0.4128486664548688,-0.21492710095650175,-0.4713586410088547
2025-09-26 21:00:00+00:00,-0.24825686640785025,-0.144293359557079,-0.14322046145907466,-0.44480781313821055,-0.37982232236814006,-0.13626924537133195,-0.4015628012476201,-0.417794715417441,-0.2146833242654121,-0.4723786375323023
2025-09-26 22:00:00+00:00,-0.24368810237970429,-0.1430684991108422,-0.14327308861815907,-0.44458480050879207,-0.37740418889593724,-0.1358442517222154,-0.40152467115135504,-0.4178387973766979,-0.21241766972107665,-0.4717602989651943
2025-09-26 23:00:00+00:00,-0.243106703897093,-0.1418755836106594,-0.14332487377507938,-0.4425345774244929,-0.3773760645638487,-0.13530808882766354,-0.3981196679732753,-0.41513937639655246,-0.21158349467023221,-0.4684325720383375
2025-09-27 00:00:00+00:00,-0.24343768780745778,-0.15038856636870723,-0.12766528053518794,-0.4248586770013022,-0.3781357670991876,-0.14005310686256045,-0.37542054297618965,-0.38717043405848595,-0.216749038347801,-0.43674332316592407
2025-09-27 01:00:00+00:00,-0.2432729523653586,-0.15030818768567475,-0.127717540186777,-0.4231390944027083,-0.37810551608747983,-0.13971780724648675,-0.3726639745834232,-0.38505702045944656,-0.21588151931969798,-0.43083847880162757
2025-09-27 02:00:00+00:00,-0.24311082775919196,-0.15022906645803008,-0.12776898347256163,-0.421480144424796,-0.3777213382549058,-0.1391430808218088,-0.37004035217173326,-0.3830309407164844,-0.21365052009431906,-0.4253237489511492
2025-09-27 03:00:00+00:00,-0.23915527350452678,-0.13751935711555127,-0.14087491093902857,-0.4262600664378246,-0.3832699235553337,-0.15378300910215073,-0.3807266472370936,-0.39050330850412046,-0.20424882307180806,-0.4371484971718829
2025-09-27 04:00:00+00:00,-0.23533356196633018,-0.12529066665014857,-0.140665934698842,-0.43088061008768763,-0.3860416413756209,-0.1460604594366863,-0.3908996718999758,-0.39768248178187987,-0.187876410821696,-0.44830213515638845
2025-09-27 05:00:00+00:00,-0.23521329784837594,-0.1243624324929842,-0.14069730926056534,-0.43012609879769953,-0.38513035496546294,-0.14559001343031674,-0.3899174879807217,-0.3977078941334568,-0.18615956501170283,-0.4429842280569616
2025-09-27 06:00:00+00:00,-0.2350948795208707,-0.12345658929972499,-0.14072820970633093,-0.4298750387300625,-0.38340201777106253,-0.14496384957185054,-0.3894974264737091,-0.3960154305007562,-0.18295248744363216,-0.437967441864192
2025-09-27 07:00:00+00:00,-0.2340443203191825,-0.1225723060775969,-0.14075864670348603,-0.42892330521348376,-0.3817149535918881,-0.1443698558401428,-0.388531737768133,-0.39347015416204806,-0.17989975314105455,-0.4332261275098069
2025-09-27 08:00:00+00:00,-0.22281204413651123,-0.10090234489905145,-0.14054545149575148,-0.41857750981045294,-0.36808599114361257,-0.13684447857558557,-0.381425112250878,-0.37670607582934573,-0.16522133871561032,-0.4435766403246779
2025-09-27 09:00:00+00:00,-0.2119663366871285,-0.08038509019860583,-0.14034551207271326,-0.4085726237949149,-0.3621346155607516,-0.1295599398964805,-0.3713234779373751,-0.36990843068781476,-0.144218847698941,-0.45040362708070963
2025-09-27 10:00:00+00:00,-0.2052424006710085,-0.07032983327252207,-0.1401579371955148,-0.410247571556111,-0.36763053014161706,-0.12250417646106233,-0.3676769561516964,-0.3686073390689245,-0.13086572509878294,-0.45696769824795735
2025-09-27 11:00:00+00:00,-0.19872439572729378,-0.06061545850417983,-0.1399819077950275,-0.40856063364413625,-0.37507235727516797,-0.11566595455684345,-0.3668662799854818,-0.37186670256413895,-0.11801135809479966,-0.46607137332720905
2025-09-27 12:00:00+00:00,-0.19847337739391657,-0.06030621214235853,-0.13918365852310852,-0.4085578717406685,-0.37506767029358457,-0.11543622650630357,-0.36685105013820135,-0.37172750853096814,-0.11729266733434132,-0.463926651801131
2025-09-27 13:00:00+00:00,-0.192195789284082,-0.051011613999578036,-0.13892194161300914,-0.40692754592701896,-0.3724000055349343,-0.1088580783046289,-0.366066879515088,-0.36795316855491766,-0.10506160682952931,-0.4698552640694076
2025-09-27 14:00:00+00:00,-0.1825378615350513,-0.042019132179725666,-0.15023993617042625,-0.4053573268248578,-0.3698188897806872,-0.12204247701931684,-0.36531827182168664,-0.35888212622881105,-0.09326695180049162,-0.4669657829959492
2025-09-27 15:00:00+00:00,-0.18208634478724464,-0.0419000951970972,-0.1502382424515517,-0.4053409454411919,-0.36971305885017564,-0.12188933504518629,-0.36528166020859715,-0.35885935545770165,-0.09285476941046934,-0.46696567297649183
2025-09-27 16:00:00+00:00,-0.1816444075857593,-0.0417837080956354,-0.14938751318842614,-0.40532479511263636,-0.36956677170608415,-0.12173889798038447,-0.36524557142167496,-0.35832363670880824,-0.09245365615257435,-0.4669655644953557
2025-09-27 17:00:00+00:00,-0.18121174447330296,-0.04133078376112485,-0.14197014121090468,-0.4053088709845513,-0.3694226862416763,-0.12159109445396687,-0.3652280185603555,-0.35813438642358286,-0.09155220141890631,-0.46482336799900337
2025-09-27 18:00:00+00:00,-0.18035921034441146,-0.04089822966930736,-0.13564077918695236,-0.40520275661021365,-0.3682583449719187,-0.12054996468821483,-0.3650232763484305,-0.35761361054778873,-0.09118089853001725,-0.46273933431423636
2025-09-27 19:00:00+00:00,-0.19398684880279218,-0.055944095013688536,-0.15330628542303598,-0.40813185198507257,-0.3661314453998125,-0.12512668773141314,-0.3684920004377035,-0.3627192850314441,-0.10011573517386763,-0.4724773125321478
2025-09-27 20:00:00+00:00,-0.22447371961068655,-0.0841635329052842,-0.18689687889345197,-0.4032496833459409,-0.3780132651142837,-0.1325891468397021,-0.37141998538584015,-0.3650805569761516,-0.12591769314126203,-0.4929137783335297
2025-09-27 21:00:00+00:00,-0.23805389315665806,-0.10356089159298411,-0.20179988625303488,-0.40324162782930784,-0.3875988579998277,-0.13681113330209685,-0.3746693435712505,-0.3661247928760562,-0.13384520806961184,-0.5013279949007771
2025-09-27 22:00:00+00:00,-0.23686132491276213,-0.10225341695019119,-0.1981286589663461,-0.4032492305864892,-0.3866835666796451,-0.13651168140208203,-0.37449676261670617,-0.3661309028543868,-0.1338640810798051,-0.496784741288852
2025-09-27 23:00:00+00:00,-0.23663510350760047,-0.10187089677649575,-0.19725007378130216,-0.4023929982146524,-0.38648484242225456,-0.13573836342430662,-0.372582753704883,-0.3646395415204649,-0.13365088197108824,-0.49679089872180754
2025-09-28 00:00:00+00:00,-0.2366148694931947,-0.10188788135664907,-0.19383985261146144,-0.39914774914532514,-0.37744398963246417,-0.13544125843384494,-0.3697683255093397,-0.36319030263957003,-0.13344089565505696,-0.4967969744375285
2025-09-28 01:00:00+00:00,-0.2365949025020066,-0.10190464156198571,-0.19303462157109452,-0.3973809486062787,-0.3771438715271205,-0.13469753951649643,-0.36706363106211776,-0.3610228947943828,-0.1334600961460126,-0.49680297005282226
2025-09-28 02:00:00+00:00,-0.23457019672056748,-0.10203623274829131,-0.1828769180120688,-0.4039833687633567,-0.3796690060679097,-0.14661550938546666,-0.3758084541538376,-0.3676200132414974,-0.1335981813179902,-0.4945052194685552
2025-09-28 03:00:00+00:00,-0.23455504053687531,-0.10204787908343167,-0.1799948853159191,-0.40086050099736265,-0.3781102938517689,-0.1463385009264495,-0.3731266679258569,-0.3654432133867812,-0.1336109641135926,-0.4945073741161892
2025-09-28 04:00:00+00:00,-0.23259294568326522,-0.10217502358254123,-0.15893456960269445,-0.40486330718409436,-0.3826150615816879,-0.15779876724938813,-0.38144885175319726,-0.37174287782752335,-0.1337442825071034,-0.4922799842315497
2025-09-28 05:00:00+00:00,-0.2324237093576333,-0.10218181872427844,-0.15668078085009235,-0.4030976935734589,-0.3824329027346533,-0.15754348925993147,-0.3796990005191423,-0.3713487243810134,-0.13359264745714808,-0.49227828685046665
2025-09-28 06:00:00+00:00,-0.23192699701620983,-0.10218852703892402,-0.15453584712337293,-0.40292830426636045,-0.38185160625986453,-0.15652279399286825,-0.379645523482756,-0.371087601151727,-0.13299595414469567,-0.4922766113423165
2025-09-28 07:00:00+00:00,-0.23094326439425703,-0.10190436731673491,-0.15249151938277744,-0.40222029115646624,-0.38167667656540183,-0.15626948308732103,-0.37935261660125835,-0.3699319182274825,-0.13241268766497996,-0.49227495728706766
2025-09-28 08:00:00+00:00,-0.21962648534498264,-0.08654774306476061,-0.12260132020382193,-0.39335015110275146,-0.37352474835772453,-0.16718224260874484,-0.37312593029675223,-0.36150185058021145,-0.12230093713149497,-0.4849607136113451
2025-09-28 09:00:00+00:00,-0.21192485123030763,-0.0718050696886941,-0.09499805933116269,-0.3847232207586005,-0.37370420349315975,-0.1608746760515164,-0.3670637428501373,-0.355814636704556,-0.11771071721183857,-0.47183231275561843
2025-09-28 10:00:00+00:00,-0.20443100918257198,-0.06508735331496157,-0.07885727390961658,-0.3832238920520098,-0.3799004241550517,-0.154731960247344,-0.3682145948456502,-0.35868691448676077,-0.11323624030872788,-0.4649845329139424
2025-09-28 11:00:00+00:00,-0.19713634387040455,-0.05854798275749185,-0.06339579833646965,-0.3817701989981356,-0.38219994673558777,-0.12848435068925432,-0.3693466167007938,-0.36317819328391576,-0.10887288203806592,-0.45831396801058105
2025-09-28 12:00:00+00:00,-0.19300902896360414,-0.05917794612312621,-0.04857082937712723,-0.3803600880655123,-0.3863844749470552,-0.08370790768400628,-0.36834460821769016,-0.36407594719480274,-0.09961801342893062,-0.4518134292564679
2025-09-28 13:00:00+00:00,-0.18604327276527194,-0.05287324892615115,-0.03434314650693497,-0.37899162797734454,-0.3814774068798872,-0.04527849788800469,-0.36737473852199853,-0.36301051139262475,-0.09063021090082093,-0.43982664300694846
2025-09-28 14:00:00+00:00,-0.17925495830280647,-0.039748432080232446,-0.020676739173321735,-0.37452782716559196,-0.3739208043243171,-0.011674706673287301,-0.36643554728524563,-0.3576576113606859,-0.08189799004337285,-0.42818245800699195
2025-09-28 15:00:00+00:00,-0.17915100208917029,-0.039860256567970764,-0.020904531224108416,-0.3744900533805889,-0.3738660436065208,-0.01203079855332703,-0.36615507490878935,-0.3576666837910722,-0.0818857839612725,-0.42706705568471964
2025-09-28 16:00:00+00:00,-0.17904901380698396,-0.03993769550524403,-0.021127293022057573,-0.37445278613437244,-0.3738120264760669,-0.012407263326025129,-0.3661114490662856,-0.35757098094842227,-0.08187458828029004,-0.42597614520889454
2025-09-28 17:00:00+00:00,-0.17894893978550658,-0.040015265300206326,-0.021313221019460583,-0.3744250004287457,-0.37348360066343,-0.012770185167902171,-0.3659841407966456,-0.357476624942506,-0.08186435438494555,-0.4249089207613618
2025-09-28 18:00:00+00:00,-0.18559884118122094,-0.04165309119046228,-0.03258606144737646,-0.377180853063035,-0.3837634132044918,-0.010740753503201146,-0.36051426338702325,-0.3478695232658224,-0.08382309261039037,-0.416398031261787
2025-09-28 19:00:00+00:00,-0.1959552217687314,-0.04861178012917967,-0.0563014971905678,-0.377180853063035,-0.3884569876953561,-0.023482606454760937,-0.35498388525200464,-0.34052803387602465,-0.08846799766336884,-0.416398031261787
2025-09-28 20:00:00+00:00,-0.2056380900193517,-0.068517598924103,-0.08687649957986512,-0.377180853063035,-0.38242446443852324,-0.04758808294446039,-0.3531326501878544,-0.3356196269044072,-0.09749691789842138,-0.416398031261787
2025-09-28 21:00:00+00:00,-0.21718680079574157,-0.08782657821021203,-0.10299205870018169,-0.3694166456214317,-0.36977209535179223,-0.07027184969713421,-0.34676747803943325,-0.33247812281742395,-0.10684177362038345,-0.41433617879929735
2025-09-28 22:00:00+00:00,-0.22395389767225798,-0.08986561656311666,-0.11533022435938911,-0.36603549349264086,-0.3645181457014667,-0.06781030090157615,-0.3446441702449242,-0.33051578957717004,-0.11957204811878955,-0.4068563522044839
2025-09-28 23:00:00+00:00,-0.22567548036058996,-0.09059255976301994,-0.11526269595346499,-0.3649765984143421,-0.37512604970940394,-0.06776103489379702,-0.34119022569232127,-0.3297024922740508,-0.12063506960200836,-0.40601112633018627
2025-09-29 00:00:00+00:00,-0.2306277794846212,-0.09226443900985752,-0.11616666145080333,-0.3667351478300285,-0.37512604970940394,-0.06776103489379702,-0.342308208253602,-0.32729821269857856,-0.12265734150611131,-0.40601112633018627
2025-09-29 01:00:00+00:00,-0.23265177860695613,-0.08882006042956364,-0.10532964352006174,-0.37654604288567695,-0.38596120759417185,-0.04327045081172827,-0.35309817585047565,-0.3372663006316736,-0.125085967186469,-0.4058878651110905
2025-09-29 02:00:00+00:00,-0.23522228194778552,-0.08562482720065838,-0.09490019519080597,-0.3848803297333124,-0.39709882184275924,-0.0311069019568748,-0.3638149086106451,-0.3483257550998138,-0.12766296305041294,-0.40586594402563453
2025-09-29 03:00:00+00:00,-0.23838203882393283,-0.08267876080232571,-0.08486157557440578,-0.3911899981478368,-0.40196994282494497,-0.009135601665190857,-0.3725357859967576,-0.35523085654986575,-0.13152044159317647,-0.40594380218386206
2025-09-29 04:00:00+00:00,-0.2421819917018231,-0.07998260100326696,-0.0751980873462623,-0.39631757754239194,-0.4132177161438411,0.011385037292408364,-0.3814170955380567,-0.3649419866156733,-0.13446399307329368,-0.4061199847967553
2025-09-29 05:00:00+00:00,-0.2449896427970268,-0.07753785454088487,-0.06589500235723428,-0.40143150868253713,-0.411818670743736,0.0306075018929503,-0.3878402612550142,-0.3677450296094793,-0.134312431061259,-0.40996558505640496
2025-09-29 06:00:00+00:00,-0.24378124847646537,-0.0817402807132589,-0.06403647268014923,-0.40012808086979285,-0.4099540209471256,0.048661664082992113,-0.38694216945531934,-0.3630260013534215,-0.13315468718289192,-0.4102886060488155
2025-09-29 07:00:00+00:00,-0.24160401670241033,-0.07852930673916247,-0.05530567483560565,-0.3927036485149715,-0.4033607786432865,0.06565901803279295,-0.38202623758945303,-0.3571723402028464,-0.12741820720208713,-0.40134720208818264
2025-09-29 08:00:00+00:00,-0.23654753644916546,-0.06799137776368476,-0.046902134670086214,-0.38537206335683166,-0.4006891588238218,0.08118113209858951,-0.37711692687400433,-0.34966693693719936,-0.12093585041935796,-0.391724700207366
2025-09-29 09:00:00+00:00,-0.231822182906159,-0.057827743880639396,-0.039981039411988654,-0.38143185956026926,-0.3973120393290487,0.08926767617880023,-0.37180423723347483,-0.34665974355750917,-0.12040438810101896,-0.3823808935879137
2025-09-29 10:00:00+00:00,-0.23056092084732557,-0.04802267682788746,-0.032153647868161356,-0.38352900085310765,-0.40241046872791236,0.09711599680220137,-0.3725321998457628,-0.348400829160639,-0.12590330375094064,-0.37330711525031307
2025-09-29 11:00:00+00:00,-0.22960522518460888,-0.038561400303534374,-0.024621913313427692,-0.3850593232720297,-0.4068907720477312,0.11089512195835702,-0.373203543347177,-0.352444367431518,-0.12582770180950661,-0.3692116294566545
2025-09-29 12:00:00+00:00,-0.228960910578806,-0.029430020519041998,-0.017375993461936787,-0.38656793812925244,-0.40636694894061337,0.12447236602456188,-0.37549996806955427,-0.35374757171351984,-0.125971602743468,-0.3605711650781751
2025-09-29 13:00:00+00:00,-0.22863488808077542,-0.020615462862954924,-0.010406633663965987,-0.38537223827382294,-0.4045303024324503,0.13736367779434785,-0.37609205742522583,-0.35095061817373074,-0.11947619755550028,-0.35675959248554506
2025-09-29 14:00:00+00:00,-0.2145130114109368,-0.009102476038562396,0.009370547968273368,-0.38537223827382294,-0.4021030102490224,0.1444347415512676,-0.3845629864589439,-0.3533110013033781,-0.11054018026824523,-0.35285609624269676
2025-09-29 15:00:00+00:00,-0.21460736939248862,-0.000803374280174255,0.016095712068794808,-0.3813797227347592,-0.40322901826320134,0.1502890256370405,-0.38342695820575595,-0.3487225446099942,-0.10529097645095675,-0.3446869217614531
2025-09-29 16:00:00+00:00,-0.24814079772879843,0.0009312413368855969,0.028534399113821718,-0.37443375809971985,-0.411489237704542,0.16503063773524554,-0.37563848395162214,-0.33757837616768355,-0.10805395087720714,-0.3474942097941719
2025-09-29 17:00:00+00:00,-0.24620929314628556,0.014126905144683405,0.03791258890983133,-0.3732343537904353,-0.40482552954126166,0.17570708132144194,-0.37015753575490107,-0.3328568193066118,-0.10145672571971563,-0.33466596358619055
2025-09-29 18:00:00+00:00,-0.2502977146862909,0.023497202340736947,0.05379408580710395,-0.35758073780163596,-0.40879733614527236,0.18709139382232753,-0.35848380557025666,-0.31817162067663757,-0.09831844889093488,-0.3212039698148964
2025-09-29 19:00:00+00:00,-0.23394520719212522,0.03227233122379238,0.07810792158274325,-0.3347510348962326,-0.390601945584576,0.19797625377050806,-0.3391897021539508,-0.299833022790892,-0.07428537484985014,-0.29847278155915236
2025-09-29 20:00:00+00:00,-0.21845080044972293,0.04938995200672849,0.10197514009859106,-0.3116378800257509,-0.3628816596394553,0.20362061639474247,-0.3126020206728822,-0.2826610945737129,-0.062180711013023804,-0.2687867320037664
2025-09-29 21:00:00+00:00,-0.2037588813424184,0.06846790200373981,0.11609765741934068,-0.29028870690310526,-0.3412382670180834,0.21379357442049352,-0.2894319372483699,-0.26909808050049056,-0.03706357880573824,-0.23375668106229813
2025-09-29 22:00:00+00:00,-0.19948802272202576,0.08172462437418267,0.12611230851953542,-0.2913193087564655,-0.33491282596137195,0.2228272831740384,-0.2878738219652981,-0.2741110951559554,-0.03416165958036805,-0.22208385581577836
2025-09-29 23:00:00+00:00,-0.20077914816088668,0.08151633443913253,0.12708226956872246,-0.29887589916524393,-0.323264601280979,0.2271452614455435,-0.29657757935333573,-0.2843810952259825,-0.03979599136576511,-0.21983705406235418
2025-09-30 00:00:00+00:00,-0.17459076908100082,0.07014031175122726,0.1506137436787334,-0.3338898019287022,-0.3231393685579968,0.21105152812845945,-0.3104136033205332,-0.29837623717592543,-0.056361299226016674,-0.17017815880213566
2025-09-30 01:00:00+00:00,-0.14753918636123628,0.06518342828182681,0.17097456808198766,-0.32891087020343684,-0.33437559017372276,0.20983181736441295,-0.33048022771462177,-0.30624081610420717,-0.06924648131286175,-0.12179960868135169
2025-09-30 02:00:00+00:00,-0.13563002050606512,0.06301078827903941,0.1895739272770786,-0.35225561376593495,-0.3384911559142009,0.21510323208022913,-0.3428896179891749,-0.3089076154745557,-0.05377872645469382,-0.09337283899720829
2025-09-30 03:00:00+00:00,-0.12829853921478507,0.061107658881047314,0.20580092907941994,-0.3586782335888955,-0.34948050798819374,0.2573420150958252,-0.3556454843455366,-0.3331276634625635,-0.0686398058062881,-0.07249071950144544
2025-09-30 04:00:00+00:00,-0.11762943533880911,0.06599956919911941,0.22043149343348306,-0.3645682187991963,-0.3471924222221572,0.293016338939411,-0.3669576713184454,-0.3533447409473346,-0.052794554532593345,-0.054295871831252236
2025-09-30 05:00:00+00:00,-0.11915476254572864,0.06420276834740622,0.2344310962312067,-0.36116951780955675,-0.3277837472991866,0.2936440118430621,-0.3715012838311274,-0.35788223921377466,-0.04464919950188581,-0.04347133079569978
2025-09-30 06:00:00+00:00,-0.1211804386824461,0.06236599633578172,0.24745169655412974,-0.3222703021813721,-0.28408341646288815,0.32257546552551963,-0.3354755717146551,-0.34019345718675564,-0.018183758532623405,-0.03400502967484625
2025-09-30 07:00:00+00:00,-0.0971859980339372,0.08356058254931148,0.25847019930380327,-0.2777277032865465,-0.2300726135833429,0.3479669630650392,-0.30557538747859053,-0.2964497846758706,0.005444378827400989,-0.02627062422466203
2025-09-30 08:00:00+00:00,-0.07308446446214244,0.12412618775885705,0.2917839231604588,-0.2348806317224742,-0.21491937836581046,0.34676388539925396,-0.26818853505895934,-0.26154724804211316,0.026421677451004977,-0.019076148257439692
2025-09-30 09:00:00+00:00,-0.06514874124843541,0.15915981447207675,0.3209935425462485,-0.22039371371795702,-0.2044413103716738,0.34638899858249217,-0.24378182061710124,-0.24588007633225434,0.044529737250649855,-0.013126413436613433
2025-09-30 10:00:00+00:00,-0.06724522881922453,0.17343266785868636,0.3286237880876419,-0.22980849598787087,-0.2268773833190583,0.347526712736466,-0.2309359004065952,-0.25311235335494603,0.06346348010168679,-0.01984021334434928
2025-09-30 11:00:00+00:00,-0.05753661906068835,0.1867432240809811,0.3352952383547087,-0.23845191539713145,-0.22552051482742422,0.34805127974276423,-0.22535877180057648,-0.2724050729502954,0.08227963567321687,-0.0403011847652455
2025-09-30 12:00:00+00:00,-0.049390426756330326,0.1988651245818622,0.34182272868329083,-0.24679069646523252,-0.2313308621599158,0.35055664761118344,-0.22081456264598692,-0.27199740317846494,0.09772083420285077,-0.05893362250197291
2025-09-30 13:00:00+00:00,-0.04252332306629559,0.20998688233286078,0.34815848779956726,-0.24530437166510877,-0.21429978125230412,0.35207344640911326,-0.21704664824790762,-0.2544430677455138,0.1271964477476186,-0.08815655822301698
2025-09-30 14:00:00+00:00,-0.03673152336661687,0.22025136916512056,0.3542773960956353,-0.23507099481709842,-0.2135012817949075,0.3539096825966431,-0.22008453897554814,-0.23219681706388887,0.1537180767553331,-0.09255138528768349
2025-09-30 15:00:00+00:00,-0.036193839181408186,0.2287307165240674,0.35892347516003914,-0.21614343585676676,-0.20004806411100726,0.33524312923290167,-0.20975893740307808,-0.21012874823822977,0.16295766720865132,-0.09791528477112306
2025-09-30 16:00:00+00:00,-0.0350419701998884,0.2366078062711469,0.34692488020143697,-0.1987976500066393,-0.1879736107061796,0.3379341604985156,-0.19427449254722412,-0.1894896698248403,0.1714739258660648,-0.10178411766997678
2025-09-30 17:00:00+00:00,-0.039887529559517396,0.25668365667678683,0.3495372078116243,-0.17089380434656026,-0.15590208165023062,0.35755145186662773,-0.16828887072882498,-0.1641909751888437,0.1857359428196483,-0.09533849046672335
2025-09-30 18:00:00+00:00,-0.02589186587704924,0.2786595705582691,0.3667858181499157,-0.1394458519889089,-0.11336441005224288,0.3755230383193089,-0.13162897836482024,-0.13702592103460437,0.21246316282893513,-0.0896069035503782
2025-09-30 19:00:00+00:00,-0.00846061039229891,0.32051713459039743,0.38340109505409337,-0.09446299034992375,-0.07699197259216252,0.3920585504287141,-0.08528926269409924,-0.11098856837675754,0.22769102456818877,-0.05818881512663369
2025-09-30 20:00:00+00:00,0.027049569741630777,0.36543231228290646,0.39866027943673565,-0.02596740597650794,-0.033479655096624615,0.4054053470439545,-0.03494542469565688,-0.08086924184178186,0.2506292763928038,-0.016551537986426692
2025-09-30 21:00:00+00:00,0.06871897404770726,0.4043321930876367,0.3995169319401548,0.03896868770153587,-0.03268624486009214,0.4196209992969712,0.0010392349207958619,-0.05931234700169534,0.26647880778164207,0.024709832483431077
2025-09-30 22:00:00+00:00,0.09502808388613887,0.43190379128920925,0.40187396330004577,0.06289373192543615,-0.024479518407000855,0.4329553400148801,0.015181133103898651,-0.04783927585223115,0.2709834706610037,0.04885872731000234
2025-09-30 23:00:00+00:00,0.09251380345790224,0.43112049513024,0.40545367747306654,0.044511212461746184,-0.002281846422204822,0.43233829161009274,-0.006150131040697833,-0.06958843235724758,0.2745248328449902,0.042832787819665354
2025-10-01 00:00:00+00:00,0.08042962340398095,0.4316860593029421,0.40764865663713973,0.02677386282166873,-0.02802602096173617,0.43129275405360773,-0.0320818775173043,-0.08878144761879234,0.2777923496830684,0.017743435375084878
2025-10-01 01:00:00+00:00,0.07099506276441074,0.43399318810845783,0.41027063229846816,0.01388886173288824,-0.031878369528366375,0.43203190923881696,-0.05034403776607788,-0.1032879115356216,0.28052553520417145,0.0011711734895756439
2025-10-01 02:00:00+00:00,0.061310911884935974,0.4362740514960683,0.41410104169604706,0.0011013243377211615,-0.0307616619909591,0.43329559277821283,-0.06815674289436285,-0.1138761797760988,0.28933731907349136,-0.016346192840976975
2025-10-01 03:00:00+00:00,0.04952178651653577,0.4382955721435759,0.41642961262797457,-0.011301499534944467,-0.03390729275285771,0.4335791993359125,-0.0837686651873144,-0.12274909531224436,0.2915349338749936,-0.034973620053819265
2025-10-01 04:00:00+00:00,0.034630878465748575,0.44288837942028264,0.4195945063357807,-0.022413909704058217,-0.0332885846557528,0.4347142937555989,-0.10089765113808573,-0.13101329439467835,0.2871228972323455,-0.05194704743729913
2025-10-01 05:00:00+00:00,0.023439348593652147,0.44496683308800566,0.42160885398308257,-0.031609924202212175,-0.01841959093012466,0.4348374779554645,-0.11092969688663917,-0.12791478057709832,0.28898514439835354,-0.06940089899221831
2025-10-01 06:00:00+00:00,0.011911745906651715,0.4451284043738483,0.4234737993103793,-0.023439477586758992,-0.0006511593614839344,0.4348663903934396,-0.09859556877901098,-0.10772298025688906,0.29827287463887864,-0.08631823042267729
2025-10-01 07:00:00+00:00,0.009781639126931646,0.4464931767391532,0.4266630797303273,-0.007869306152108489,0.02509193029235709,0.43554382608437753,-0.085620091455312,-0.086013578246639,0.3087611937296047,-0.10273189224669975
2025-10-01 08:00:00+00:00,0.01609686888001841,0.45436603171996304,0.437399399762741,0.008836858492815701,0.04354149731419032,0.42442207364261325,-0.06419519244222938,-0.0636580467215463,0.31235338915573313,-0.11805717511418778
2025-10-01 09:00:00+00:00,0.02207358302177612,0.4605983481146158,0.4475852980020969,0.017417442828426274,0.05279200918457967,0.4136824899979754,-0.0475770127837331,-0.046307967360328064,0.31408543121304877,-0.13274329985359665
2025-10-01 10:00:00+00:00,0.020636545457305963,0.46126021548062973,0.4495104550150165,0.023857699395309892,0.04505148969451821,0.41461191774095785,-0.04437502846101055,-0.04297969395955397,0.30930834723051076,-0.14645576046468087
2025-10-01 11:00:00+00:00,0.019045571515269345,0.46141947387717913,0.4513192948127329,0.023240477003397705,0.04400750151765395,0.4154955586469149,-0.04518685665328416,-0.04378806392220839,0.30472027447039,-0.15961619230135435
2025-10-01 12:00:00+00:00,0.01730168379509182,0.46205296025189485,0.4530142494002193,0.023573257922647455,0.04680878510654616,0.4163325937631426,-0.04590035613352117,-0.04398755345570746,0.3003088824134959,-0.17225846136861295
2025-10-01 13:00:00+00:00,0.015441102883200664,0.4623035392619204,0.45598152464415603,0.024958330663124677,0.05056323475759315,0.416844014903485,-0.04595798202586117,-0.038642740296009344,0.303797614237934,-0.18696124387812532
2025-10-01 14:00:00+00:00,0.012236249810879412,0.4626032118578736,0.46394303102377243,0.026944506426220753,0.048149500849498456,0.41701115230730884,-0.04510233378552322,-0.026864691772642318,0.3052896447365723,-0.1945342073321174
2025-10-01 15:00:00+00:00,0.008872833365769476,0.46292213639206725,0.4714560091507497,0.028981655836649366,0.050919321636920346,0.4171502000426651,-0.04411573818213071,-0.02018669035816495,0.29843144181901615,-0.20189542092727839
2025-10-01 16:00:00+00:00,0.005349153942164519,0.4632559738521958,0.47854916155593624,0.031070187434609445,0.0600144329537186,0.4172585190649215,-0.038511267495621004,-0.006900074335532908,0.3017383863006721,-0.19138442445322354
2025-10-01 17:00:00+00:00,0.010238285510102502,0.46360087390664434,0.48524850119817997,0.039817828551861195,0.0713454211425239,0.416121278701329,-0.021453531594630086,0.00827867490313064,0.30797413656024925,-0.17312333044689754
2025-10-01 18:00:00+00:00,0.017025327847265504,0.4702411009808392,0.4838459636978327,0.056620817250935526,0.09143214630749402,0.40512567583205594,-0.0016890606114622277,0.027907368146681082,0.31506146661833784,-0.1383913209281384
2025-10-01 19:00:00+00:00,0.035451768011334386,0.4811010639290498,0.48914629893412437,0.08487275335978164,0.11258275410579187,0.4026375894081697,0.021353363439203264,0.05479337163741648,0.3221322428455236,-0.10322034924833563
2025-10-01 20:00:00+00:00,0.07010135759644373,0.4943880903789716,0.49000032014650957,0.11472436463715252,0.1350707931038806,0.3917839386167417,0.04917174304829099,0.08010648106682433,0.32890824988474365,-0.06737448548893728
2025-10-01 21:00:00+00:00,0.1054280410434079,0.5078372220193756,0.4971454492742792,0.15308831633079198,0.16055408700375362,0.3891326958757985,0.07484524024413568,0.09930919606840784,0.33199513765134847,-0.03429605907337682
2025-10-01 22:00:00+00:00,0.12315720218431536,0.5191368043161216,0.4972693837692001,0.16808102663908234,0.178157646053563,0.3889806440309196,0.08449196332277399,0.1044078471076065,0.32265007986011074,-0.016903448605364996
2025-10-01 23:00:00+00:00,0.11815609505673845,0.5221197978183083,0.4973980052889041,0.14754848063419132,0.17299223717025483,0.3887871895278936,0.06623839741755978,0.08934761754137883,0.3132054003690568,-0.01110654308295366
2025-10-02 00:00:00+00:00,0.10486456331910515,0.5205835575984044,0.49662328977554815,0.13250940733226266,0.15774007802858328,0.3885503544095914,0.0447154670816759,0.07667469073562476,0.3039058094515807,-0.020268440060991846
2025-10-02 01:00:00+00:00,0.09050550328386321,0.5200791335364413,0.49703189725229285,0.1156682792273546,0.13604875430950442,0.3784082715969714,0.02209264766779475,0.06039739123944387,0.3013601501324589,-0.028742963562039016
2025-10-02 02:00:00+00:00,0.0796804301314253,0.5203101114904433,0.4961584504416343,0.10324939204160316,0.13047524572283106,0.3785249489607781,0.006129455574150597,0.05143390342012867,0.2997202393467473,-0.03789587477285704
2025-10-02 03:00:00+00:00,0.06791052456353389,0.5203489527403523,0.49678159990172405,0.09119276645046616,0.12375089769517875,0.3785849592413403,-0.011161260586731305,0.04288589681470481,0.298124495262875,-0.047960710666693614
2025-10-02 04:00:00+00:00,0.052983076262121176,0.5199878472310205,0.5006480224194407,0.08158005065093364,0.12038458680449833,0.37887669904441335,-0.022615480261456638,0.038296984971623364,0.2995187659421525,-0.05748242378817431
2025-10-02 05:00:00+00:00,0.041395251839767666,0.5134449811132084,0.502638827938105,0.07217574830470691,0.12492709033855541,0.3787845870364768,-0.025540435652206473,0.04023176338049862,0.29728002044074286,-0.06588984279406852
2025-10-02 06:00:00+00:00,0.038328182191661696,0.5152850520495493,0.5029299230384895,0.0805990222560067,0.1416896898927958,0.3786350006898801,-0.010707933671224851,0.05896048810363228,0.29624276870604743,-0.07516576882940613
2025-10-02 07:00:00+00:00,0.04214189976360152,0.5181398435603777,0.5070613512841525,0.096733983570429,0.15465771701160724,0.3784152711028551,0.0053049717470298715,0.0786223764855487,0.29785867680350725,-0.0809004313267361
2025-10-02 08:00:00+00:00,0.04633935187712636,0.5239635691651475,0.5116741005726392,0.10876651141828682,0.16786147937090132,0.37807860938307747,0.022534668120603583,0.09765532171497357,0.29670892330448545,-0.07896319069389185
2025-10-02 09:00:00+00:00,0.05041636973802081,0.5295003056856701,0.5160861314315135,0.12270537769275836,0.1708821365771411,0.37551891986238134,0.038156957648521686,0.11144602948514068,0.29828986460633333,-0.07690452321106049
2025-10-02 10:00:00+00:00,0.05224167858422747,0.5322818544220067,0.515022046961958,0.1257109295414745,0.16839147421724768,0.3753194259071358,0.043220713592081114,0.10934322835548864,0.28163851513870625,-0.08087456875800729
2025-10-02 11:00:00+00:00,0.04927905242106247,0.5341934126966829,0.518311927289885,0.1253353159963355,0.16881815650793264,0.3750536188199564,0.04475599734701661,0.10626421741785916,0.27389851159543543,-0.08098492803872227
2025-10-02 12:00:00+00:00,0.04625800728992375,0.5359732028866872,0.5214235052522953,0.12825117992208224,0.16808290905069045,0.36536077258494837,0.04746371713960282,0.11051374910961215,0.2733203747852146,-0.08469239180221914
2025-10-02 13:00:00+00:00,0.043064362171042654,0.5378512381519824,0.5248919651095515,0.12974956798071416,0.17370835273395566,0.36491334587323904,0.05284133081293782,0.12405226579309132,0.2750257925347929,-0.08296477209282571
2025-10-02 14:00:00+00:00,0.04484098792340146,0.5403400380950438,0.5281715322470433,0.13275749801216336,0.17401981923819404,0.3643995491013965,0.058176708960576,0.13521842722224872,0.27430839440065535,-0.08112254620991056
2025-10-02 15:00:00+00:00,0.045229055020955165,0.5425501537096296,0.5294940093775043,0.13589848809589006,0.1750995917359393,0.3631872376261095,0.06442751738701018,0.15181800408035098,0.27117805086981484,-0.07775059376687661
2025-10-02 16:00:00+00:00,0.046030439545662806,0.5446815034873645,0.5314710012409167,0.14442329673949694,0.17948580681683682,0.3621899955673586,0.0701688720884784,0.1654605449692618,0.26708217955486685,-0.07494848250203233
2025-10-02 17:00:00+00:00,0.0496231871098591,0.5466987579882947,0.5349444291737888,0.1701508483799537,0.18529594874724434,0.3585252113021503,0.08056740677687968,0.180533494929911,0.26800867461629857,-0.0720185111577287
2025-10-02 18:00:00+00:00,0.053102262071465324,0.5486048626857534,0.5382497589453437,0.19581918658962974,0.19972162078233674,0.35732461573219637,0.09630475885931562,0.19372272599819948,0.2688330897441844,-0.06499443192633815
2025-10-02 19:00:00+00:00,0.06857550859677151,0.5503629802715011,0.5413559559090317,0.22310488345466445,0.2163161327888286,0.35203361481198653,0.11501096146161147,0.21125083652939686,0.2693447921982211,-0.04914652017036011
2025-10-02 20:00:00+00:00,0.10080661832962381,0.5546531634674664,0.5443065982155036,0.25153966204162664,0.23287427777109798,0.3464883386208363,0.13366317334022804,0.23000245908319736,0.2758493380496531,-0.02959677565875673
2025-10-02 21:00:00+00:00,0.13293821906204956,0.5564905385164258,0.5445496814472042,0.2790315855724811,0.2446580679364288,0.34457999842265313,0.15417313904844523,0.25051827380637054,0.2762166133158659,-0.010584690540506952
2025-10-02 22:00:00+00:00,0.1473718510229848,0.5612214244026542,0.5454602852240541,0.29599615407528357,0.25566206553680587,0.34293349787219785,0.16572792569672362,0.2593596227185372,0.27087105601177525,0.009805201020960937
2025-10-02 23:00:00+00:00,0.15991860689314685,0.5654918624914997,0.5465738159833515,0.3081002887766158,0.2617004614169745,0.3410936160425736,0.17224613985857976,0.26400483642263856,0.2674470680907008,0.023446079055908047
2025-10-03 00:00:00+00:00,0.1690762318529703,0.5696096278233597,0.5475142215512026,0.31919980875368636,0.26532538899315844,0.33604633351104,0.17590296542334927,0.2682060897427969,0.26378476399996464,0.036449855351703385
2025-10-03 01:00:00+00:00,0.1836936344078898,0.5782969604321226,0.5498573123686485,0.33716968202776443,0.27667365800582217,0.3338117046176447,0.18491923463666846,0.27747933440071,0.25986415421174075,0.05339674733945799
2025-10-03 02:00:00+00:00,0.19572127391584265,0.5865821599284186,0.5520317843046577,0.3536249391722238,0.2832852136960133,0.32924950757050664,0.19333248225850436,0.28615083283423054,0.25563017507866825,0.06735860171677908
2025-10-03 03:00:00+00:00,0.20745915863919143,0.5930715491735216,0.5530794374916581,0.3680166965135437,0.28882141834044667,0.3264163128559116,0.19891625383080824,0.29309719075998086,0.2487427941050797,0.07996985239209467
2025-10-03 04:00:00+00:00,0.21939188446180208,0.6006584568853867,0.5549256240763857,0.38138510696197503,0.2949234547824907,0.32396892881126566,0.2053841321919893,0.3001912606969827,0.2440607571283911,0.09239891124283772
2025-10-03 05:00:00+00:00,0.22752660830944665,0.6065066616126583,0.5556387036981447,0.3927661180730197,0.30256284152594026,0.31753286537463266,0.21103006260494053,0.3069392367344493,0.23615604638574675,0.10358244139927422
2025-10-03 06:00:00+00:00,0.2369486277640288,0.6114602692811114,0.5561840866918093,0.4050571008434359,0.3162623101764075,0.31443190164552265,0.2217091047729709,0.3152490226534956,0.22765807920631564,0.11662445354206927
2025-10-03 07:00:00+00:00,0.24804575963613082,0.6172531004778873,0.556563169365095,0.4206365672813706,0.325839562331212,0.3112574205926165,0.23727062167590918,0.33249660546848314,0.22144697662815827,0.12904174917730968
2025-10-03 08:00:00+00:00,0.26127618072843295,0.6228792727728766,0.5596402125598764,0.43644133193537743,0.33993351021264745,0.30569485587700373,0.2517044587501154,0.3450577270344601,0.2203975627558207,0.1409979137059328
2025-10-03 09:00:00+00:00,0.2738032873944809,0.6275971865879776,0.5607739849035094,0.44851646629987485,0.34632922113882103,0.2998882306521734,0.2640373621635001,0.354471620515426,0.21521965755356462,0.1523924613022139
2025-10-03 10:00:00+00:00,0.2834047323569839,0.6325708365967221,0.5617702708474759,0.45984561338564545,0.350321742532695,0.29313302531784485,0.2743961882485671,0.35983889497191607,0.20969866170456455,0.16117123535096403
2025-10-03 11:00:00+00:00,0.29242480314524744,0.637246320904388,0.562631802326641,0.46942410228777276,0.35508786045090124,0.3109544354570462,0.2829280853171116,0.3642863698016885,0.20381600797746807,0.16755851938341346
2025-10-03 12:00:00+00:00,0.3008981554686292,0.6416415626481342,0.5633610814651371,0.47840768124735217,0.3641631381781017,0.3042886309756489,0.29107482530896805,0.37040248632470946,0.2019698434481004,0.17347614692635727
2025-10-03 13:00:00+00:00,0.3088562130897589,0.6457728138376629,0.5639604033961044,0.48684308373782653,0.3701453858658257,0.30034544827117154,0.2988557777965882,0.37712843930675627,0.20637021373431116,0.17894189405205474
2025-10-03 14:00:00+00:00,0.3158411707139221,0.6494714782774842,0.5633230949620047,0.49467118669320886,0.3754995074189122,0.29582052850118346,0.3062412608280668,0.3878180916921834,0.2112651788785952,0.18307505817744868
2025-10-03 15:00:00+00:00,0.3215149508818048,0.652810529291151,0.5604686853895419,0.502026022825547,0.38439196304860135,0.2902801192923656,0.313321714930141,0.39719959443284303,0.2172425377349153,0.18504043790527958
2025-10-03 16:00:00+00:00,0.3271688723488527,0.6559599377299284,0.5583845020678853,0.5089420517060594,0.39268487362712684,0.2850667210573787,0.32200163631015094,0.4078087716388604,0.2227146072862676,0.1901296499318458
2025-10-03 17:00:00+00:00,0.3355418497435887,0.6578516712651604,0.5571949771733538,0.5167172072364535,0.40239154218358236,0.2802333351088811,0.3320148992158151,0.4159306324111415,0.23777085878354862,0.19788541501760826
2025-10-03 18:00:00+00:00,0.3467226637302553,0.6606834732658317,0.5558340634162973,0.5270909768696097,0.41786388836405536,0.27529424416306864,0.34379239597696853,0.42545075040466,0.25330721267372813,0.20527825470613031
2025-10-03 19:00:00+00:00,0.36691521061342847,0.6632199481377041,0.5531460874730124,0.537664664770577,0.43140066864329785,0.2697318841366103,0.35608134632258753,0.4395447077438888,0.2591958210203129,0.21496602123594774
2025-10-03 20:00:00+00:00,0.3943268169438254,0.6655742830507495,0.5502269287647951,0.5519780509307501,0.4421792531629758,0.2640356953161287,0.374392623321381,0.4534624600003355,0.2651369663945142,0.22730593056226306
2025-10-03 21:00:00+00:00,0.42253525382557094,0.6677534007520769,0.5470670896105435,0.5682616367185264,0.4607554151967318,0.25819922267646983,0.39216165225896527,0.467219687492643,0.2548750150751229,0.23918255316922407
2025-10-03 22:00:00+00:00,0.44311627477957505,0.6698595857477835,0.5448956601215169,0.5755611593532244,0.46129030268816323,0.2477211979362401,0.40417986595304106,0.47260600457330054,0.2601968817533389,0.25037379241631547
2025-10-03 23:00:00+00:00,0.4441167275543159,0.6698153658395083,0.5418311282669994,0.5750887041807039,0.4643030983044722,0.24246077658385984,0.40334001278775916,0.47059235480714784,0.25674055623552017,0.25016009536475536
2025-10-04 00:00:00+00:00,0.4423350297931656,0.6695788076594177,0.5382860079169361,0.5741512288095839,0.4692745196323913,0.23645768130616665,0.401417081125042,0.4661254498987079,0.25259686977931545,0.2464041623698848
2025-10-04 01:00:00+00:00,0.4410797722206487,0.6680524165522677,0.5347798277028311,0.5734198632250159,0.47197700662652514,0.22529469466603952,0.40005309046562093,0.4635786753935766,0.24879411169698396,0.24343180994059452
2025-10-04 02:00:00+00:00,0.4509051753588779,0.6699364995209247,0.5317786496721434,0.579033324050209,0.4817146230505324,0.21770882742116002,0.4072362950599797,0.46503376617440273,0.253789149489916,0.24839068716935847
2025-10-04 03:00:00+00:00,0.46066794835350233,0.6730592653497499,0.5336989176944451,0.5852681012642176,0.48597063679987335,0.20570454042049544,0.41468327828987833,0.4676657850599045,0.25032475927486947,0.25398063914136476
2025-10-04 04:00:00+00:00,0.4696810517641361,0.6759588433699021,0.5322371610589305,0.591087291163407,0.49069863529337776,0.1984945124355688,0.4215479152684623,0.4699905672732285,0.2547725249304149,0.25899217497422766
2025-10-04 05:00:00+00:00,0.4601586238045775,0.6736478770830041,0.524952322234508,0.5872544528926293,0.49313028376174567,0.1940274075870899,0.4131023133410113,0.46916433475505925,0.25930768995482834,0.24410955840203843
2025-10-04 06:00:00+00:00,0.45395980741557873,0.671259884519418,0.5190980935725522,0.5885930177813973,0.4987681577098454,0.1809522050307639,0.41795212286464706,0.4763695487161193,0.2760633902820522,0.23066206526418748
2025-10-04 07:00:00+00:00,0.45193659210456133,0.6686996963959817,0.5106332127572578,0.5918736764819432,0.5043286971671102,0.17003421129532142,0.42578608266221063,0.48661348590799736,0.29364812876755253,0.2177033047482728
2025-10-04 08:00:00+00:00,0.4511028809976034,0.6693987335004482,0.5065033315307448,0.5946431281079393,0.5095184813554257,0.16621751826366366,0.43093035327556384,0.49509827287514857,0.2999593530434691,0.2071799139638553
2025-10-04 09:00:00+00:00,0.45021515813789387,0.6700695157331015,0.5022008568745641,0.5969963645923818,0.5107402600571255,0.15927357537162892,0.43761879316735897,0.4982024754463637,0.31643739177669555,0.19686649617457413
2025-10-04 10:00:00+00:00,0.4457567922136193,0.668207806584704,0.4977273581284886,0.5937124222455822,0.5021261297192304,0.15497515438834053,0.4391668333598882,0.4958387118257673,0.3086334882582104,0.18629134443994802
2025-10-04 11:00:00+00:00,0.441187517301666,0.6662552747332432,0.4930872929886338,0.5923139466616079,0.49521184780954414,0.14757361651823936,0.4381491606826828,0.49186219271283266,0.3090775416104227,0.1730627119683971
2025-10-04 12:00:00+00:00,0.4361090283691842,0.6639941664885747,0.49126868324379597,0.5911147578345275,0.4935060200768591,0.14189646858078406,0.4374355475332041,0.4899266668936671,0.3104149724006189,0.1607154105329762
2025-10-04 13:00:00+00:00,0.4310123154245962,0.6621863185721726,0.4872905523804112,0.5893824947787777,0.4903309411101775,0.13764989933652977,0.4360928295655231,0.4918653884966872,0.31583777946841973,0.14854127653318389
2025-10-04 14:00:00+00:00,0.4283165144285125,0.6602759813470012,0.49260351695974425,0.5866900103492224,0.4882992432405279,0.12607552374330813,0.43582560196568254,0.4974854780096271,0.32133967283553183,0.14194135296429333
2025-10-04 15:00:00+00:00,0.4255874413553807,0.6580287543771957,0.4869639430108527,0.5851893618053541,0.48451593518956065,0.11630610776912662,0.434845469720782,0.4997513993889453,0.32232057740800896,0.13491828009092072
2025-10-04 16:00:00+00:00,0.4228303051640064,0.655660834910194,0.4793514061303271,0.5837051910089661,0.48541762280164374,0.1099881507332484,0.4364026414705286,0.5060600693239782,0.32879315602627635,0.1311516014409696
2025-10-04 17:00:00+00:00,0.42004402333868507,0.6565140172736763,0.49325383321499594,0.5835893617810525,0.48739131699576077,0.10328478156729913,0.4408412428248681,0.510216334616512,0.3495985415585668,0.13748044816877256
2025-10-04 18:00:00+00:00,0.42093438416393764,0.6573491557171396,0.5073888938759333,0.585713279189263,0.4934960421592378,0.0869921673256758,0.44760370107691405,0.5160971593902454,0.3513766265399909,0.14473519609050775
2025-10-04 19:00:00+00:00,0.43387066672949026,0.658166423506915,0.5009131519347203,0.5903558956326459,0.4927672265200374,0.07812397920740514,0.4579439356616813,0.5258291304561011,0.35936929909724513,0.16144750079364042
2025-10-04 20:00:00+00:00,0.45606928575256694,0.6594892094714887,0.4964380785658943,0.5936813649631948,0.5048131582906001,0.06762300141025375,0.4691409649480662,0.5229728511288255,0.3809865816401906,0.1795109484975544
2025-10-04 21:00:00+00:00,0.4763580089617791,0.6659604710759965,0.49205588168750763,0.5959595660783089,0.5208261926854121,0.057656811836543725,0.4795651409345121,0.5273448919713297,0.3897503431860627,0.20162038975134342
2025-10-04 22:00:00+00:00,0.48011061294681306,0.6644322494733509,0.48779412851530546,0.5964265751657424,0.5127902158488609,0.04831822620424448,0.47959566174325846,0.5275554769674633,0.37838454214135736,0.2122254490756461
2025-10-04 23:00:00+00:00,0.47449044011258157,0.6615711600205793,0.4757895375981755,0.5928200778667425,0.507523671062762,0.02351617309164232,0.46942013007050765,0.516910005058136,0.3693726211355541,0.20835058842575993
2025-10-05 00:00:00+00:00,0.4602225560582375,0.654889624431955,0.4742537808029912,0.5845300177667945,0.4980963676564847,0.008724462435144072,0.45313265148025894,0.5034303851060906,0.3592945516240897,0.20065235002309076
2025-10-05 01:00:00+00:00,0.4456805412582843,0.6478883951827614,0.4642176726286286,0.5758381634092509,0.4901441703007867,-0.014167922865907701,0.4366145623897965,0.4900958767782041,0.3404146765258669,0.19290023472984202
2025-10-05 02:00:00+00:00,0.43616615545814197,0.6421976623528243,0.4528445523385826,0.5702761337532786,0.4846569553296442,-0.04003703991002346,0.4250807016569714,0.4812318636796494,0.3272614298834307,0.18809691790201535
2025-10-05 03:00:00+00:00,0.4256271823004834,0.6353752113386901,0.4475852147574836,0.5630268272818029,0.47390120101120714,-0.056413143647054194,0.41355467551898534,0.4713819557488267,0.31157614696114944,0.18241358712155264
2025-10-05 04:00:00+00:00,0.4146069056146021,0.6290165941250594,0.44358520421867603,0.5583373542892343,0.4650778237054737,-0.08464509262866991,0.40025131047712437,0.46258205280784015,0.2948057652418661,0.17692587477158606
2025-10-05 05:00:00+00:00,0.4058576935224885,0.6214008866128333,0.4392546280976172,0.552376638513349,0.4654315816195413,-0.10225176969902942,0.389779255396867,0.45711364717770075,0.28587186431907835,0.17020916360322735
2025-10-05 06:00:00+00:00,0.4033434373297099,0.6133624607256432,0.4347433674076097,0.5527607146167227,0.46839644774999173,-0.13764742672580227,0.3929735578062065,0.45868264022499194,0.2910281858999803,0.16428724298232064
2025-10-05 07:00:00+00:00,0.4054294794539653,0.6059690882881023,0.4248063684674249,0.5547313534799349,0.4674756503360052,-0.15794731805076878,0.39858107455601244,0.46383366381512064,0.2985065429259184,0.15829164137303686
2025-10-05 08:00:00+00:00,0.4073822791889749,0.5994248649212479,0.4307042712315981,0.556009001929126,0.4698269695052716,-0.19520267864372573,0.40341648664319446,0.4670994924742765,0.30528200775349895,0.15779019839429628
2025-10-05 09:00:00+00:00,0.4053161336803937,0.5946616978610647,0.4387711315412176,0.558697995759682,0.4653796036987782,-0.2184075818116225,0.40922722662260874,0.4695282410389807,0.29594195147666585,0.1616130142612631
2025-10-05 10:00:00+00:00,0.40246906326514936,0.5882608448147619,0.43475272636139056,0.5577051381474478,0.45220531871831837,-0.239785672956639,0.40712414799766095,0.46400761060339374,0.28650991691966526,0.16035797678029665
2025-10-05 11:00:00+00:00,0.3995805105400881,0.5816100755617012,0.4305530700587129,0.556688944524503,0.444780880424598,-0.24470427999364563,0.4053642350692965,0.456667156796111,0.276979236311759,0.15981985171767393
2025-10-05 12:00:00+00:00,0.39264207689725905,0.5718721709159656,0.4227573309658721,0.5556502974223948,0.4351576648982136,-0.23532532370926126,0.40592771998070293,0.45287514631386405,0.28149521396404453,0.15924545519561273
2025-10-05 13:00:00+00:00,0.38927808546162285,0.5655321072754088,0.41866504140910177,0.5546324111109195,0.4355838874206611,-0.2247849970066566,0.4065654688987021,0.4515119677489038,0.28949733955473256,0.16345037840780346
2025-10-05 14:00:00+00:00,0.3858638049836904,0.5634418388065219,0.4127197032886172,0.5556112366737891,0.43806349465772554,-0.21411205498701696,0.40723968865982013,0.4544236582026244,0.29832992093535204,0.16864911227822724
2025-10-05 15:00:00+00:00,0.38247843214706023,0.5561228559870003,0.40650484392451514,0.5572778817313371,0.4381129921099761,-0.2197170861727825,0.4060638582190554,0.4555395518923319,0.307649359199742,0.17447089417733427
2025-10-05 16:00:00+00:00,0.37904679462819607,0.5539453963029248,0.40017544775939834,0.5586149244787177,0.43894625232202983,-0.20847219237704062,0.40800615585230343,0.4592882475054473,0.3172944173195136,0.17959294971110562
2025-10-05 17:00:00+00:00,0.37556779300458215,0.5516726548019852,0.41188787695491685,0.5584388781631489,0.44296856366189236,-0.197027053436623,0.4161682422545292,0.462977539630281,0.3272911818443185,0.18661434858257012
2025-10-05 18:00:00+00:00,0.37873748824980885,0.5495259681376298,0.4237223520796653,0.5580051109694183,0.43981795831914205,-0.18892781126431152,0.4215841327719951,0.46930596614872433,0.33762930277488284,0.1937119291800837
2025-10-05 19:00:00+00:00,0.38999890734729464,0.539040557852996,0.417240999364821,0.563782925864863,0.43642146652893027,-0.18281350053595516,0.42729234995125803,0.47693654858814555,0.3493466422358714,0.2076195205904786
2025-10-05 20:00:00+00:00,0.40843111031197665,0.5403954978152266,0.4309758751945698,0.5698562521201618,0.437432148454068,-0.15152349215630118,0.43871078644637934,0.48436377506832506,0.3844594959154876,0.2216758145486121
2025-10-05 21:00:00+00:00,0.43566635990828123,0.532747312212203,0.4090204352613975,0.5758124034670251,0.4344592408303554,-0.13105309892370787,0.4504538140083473,0.4960136020079312,0.3970646413039934,0.23593404277354413
2025-10-05 22:00:00+00:00,0.44699354066718294,0.5180528551146798,0.40184691101509123,0.5762400711688879,0.42822428069140617,-0.11249066436821395,0.45021265459452997,0.4926173460982616,0.39117344986257474,0.24911060405424082
2025-10-05 23:00:00+00:00,0.4459018072455651,0.5094129859847998,0.41609461386587887,0.5667597362713913,0.43176754375614423,-0.11410349465581457,0.43219241175641193,0.47582739127321144,0.3654793346436248,0.25678636910674896
2025-10-06 00:00:00+00:00,0.43564852330944576,0.5003098166645671,0.4105287279183887,0.5536159161003069,0.40797578608098733,-0.1399511167885586,0.4144539564018066,0.45336269328737977,0.33799795867945887,0.25294878316498737
2025-10-06 01:00:00+00:00,0.4227727038278913,0.49149446675755276,0.4047548366341293,0.5434772544295401,0.38397811002057586,-0.1254755735685196,0.39812104284523026,0.4343592790411818,0.3106276087056077,0.24672495866041882
2025-10-06 02:00:00+00:00,0.41550590162102635,0.47803514640313816,0.3967722817542825,0.5357957994395559,0.3734086286492226,-0.1371330912735673,0.3856117357462239,0.4173892669675897,0.2848823537832337,0.2417777216121911
2025-10-06 03:00:00+00:00,0.40817259757833135,0.4638551879407291,0.38842461620255436,0.530127238410108,0.3592569655048781,-0.1311473254207669,0.3724934993679579,0.4038089072269778,0.25692448744994095,0.23725820033282816
2025-10-06 04:00:00+00:00,0.3994413343130566,0.4501105282874965,0.38032194786608925,0.5235048608153229,0.3405784961787723,-0.1242094957403514,0.35513710162783296,0.3861542652695389,0.2269396801733477,0.23189049377562373
2025-10-06 05:00:00+00:00,0.3905987936549841,0.43553057334246537,0.3718121989042849,0.5169979832618063,0.33412049702390684,-0.11708068390432276,0.3426059119021855,0.3761263407462358,0.21363735236210465,0.22065686142523508
2025-10-06 06:00:00+00:00,0.3884205721155152,0.4133810782012874,0.3401465502147558,0.512993457395663,0.3261222205167844,-0.10958464227092869,0.34133343318393167,0.3749977164947282,0.19589394536274976,0.21474931785131626
2025-10-06 07:00:00+00:00,0.38628876236806975,0.3939516155642169,0.3246892583295038,0.5154376465978838,0.32421786229416844,-0.10282746778801649,0.3450126425969466,0.37850968626949677,0.2005356277732431,0.2211365533767704
2025-10-06 08:00:00+00:00,0.3908374098987306,0.378376322599201,0.308664143195362,0.5181755814395258,0.31791823645032236,-0.09614547093406639,0.34891327722411214,0.3813015627004385,0.20526941061030873,0.22718774892957316
2025-10-06 09:00:00+00:00,0.39622630974717327,0.36529787518822615,0.29455125908000473,0.5199088102765399,0.3148376248763354,-0.10520928244670404,0.3559363908591956,0.3805198781393723,0.19036122989858867,0.23440512734328312
2025-10-06 10:00:00+00:00,0.39407162010996477,0.3541379771987487,0.2826497995069126,0.5162545971342657,0.3025019988453675,-0.11654931080687492,0.35307788124007183,0.3720811670925235,0.148292250035059,0.24237504663815465
2025-10-06 11:00:00+00:00,0.3925464698230331,0.3423779901120657,0.26996386669638245,0.5125083944649277,0.28554080027961454,-0.11010782068966543,0.3501871797241023,0.3601051068020333,0.13054765769015114,0.2435786806678859
2025-10-06 12:00:00+00:00,0.3909097333591284,0.3299478414045077,0.25640193472033446,0.508856013988259,0.27707747926659865,-0.1037870220138438,0.3431869340249463,0.3512053626045003,0.11180254174886223,0.2528085791999706
2025-10-06 13:00:00+00:00,0.3895161883935775,0.3188092651132929,0.24153896236021485,0.5091634797095014,0.2734289106634737,-0.09519925436675082,0.34048425545810523,0.3505372523550889,0.12041627769416341,0.2552382160328094
2025-10-06 14:00:00+00:00,0.38842862234832065,0.3069198747624056,0.19954899736057463,0.5141080933485966,0.2697973473400146,-0.10719699418887813,0.33781947807720836,0.35888624773282946,0.12974689595442115,0.25798658056501134
2025-10-06 15:00:00+00:00,0.3877289529800384,0.2941814764146271,0.18103151206019447,0.5199709879209555,0.25467495236018645,-0.11837674897781356,0.3399223617141479,0.3633240283484854,0.13811930336887687,0.2695964153542194
2025-10-06 16:00:00+00:00,0.3974013441649484,0.28047374058367264,0.16094180728096233,0.52697631861021,0.25626988103417553,-0.10955627539595732,0.34737145731261915,0.37345935295159816,0.1494271495324379,0.28190189469330657
2025-10-06 17:00:00+00:00,0.408723852362469,0.2775825772015755,0.138984703240289,0.5301920938973609,0.25768764433935015,-0.10130167440851323,0.3609335644884454,0.379259981173729,0.16141376082865164,0.30417773155995426
2025-10-06 18:00:00+00:00,0.44593861163771115,0.27062052962842,0.14972039568573112,0.5442433138609399,0.2666191006403406,-0.09167119725866807,0.3757426881361762,0.39167910470274653,0.13971008105147054,0.32742570765944234
2025-10-06 19:00:00+00:00,0.49843153602726054,0.26138980761955205,0.1615063707806975,0.5610628117780065,0.28973643010752775,-0.08320579666200663,0.39897144844688576,0.4062195334745496,0.1531262776307001,0.36414805824944735
2025-10-06 20:00:00+00:00,0.5584368033349237,0.28305496269102876,0.17474049829599017,0.5807810260412521,0.31601287522266663,-0.1017111146624234,0.4394211583340092,0.4236071287433679,0.20894477353303414,0.40741691102445354
2025-10-06 21:00:00+00:00,0.6285977580760573,0.32448339959198697,0.19142431708454105,0.6001334955216091,0.34013599398063304,-0.09624905722992516,0.4786273290264702,0.4390320391491625,0.22818169402627292,0.4684497213545378
2025-10-06 22:00:00+00:00,0.6684560586686924,0.34136397293598075,0.21188246462836124,0.6135083457951787,0.36276420713605995,-0.09335808366953244,0.5001033588906815,0.41977532373492316,0.20745757270114357,0.5164616975550197
2025-10-06 23:00:00+00:00,0.7079772445131305,0.3203056686383132,0.1422712536361645,0.6263268754882306,0.4000508599400893,-0.11657386119640921,0.4831969602871348,0.3809130362833102,0.13267078801475504,0.5549694728003716
2025-10-07 00:00:00+00:00,0.6995278723970382,0.307157374280827,0.13200999468395325,0.6121546363339174,0.38486578894266366,-0.11859843596535809,0.4664190695899757,0.3602113234022524,0.106090738281637,0.5538799485446315
2025-10-07 01:00:00+00:00,0.6905492739670043,0.2966604124686321,0.12433362380873866,0.6039627963738872,0.3731325998491137,-0.12171105166969577,0.45371247517414026,0.3432241821051514,0.08475926585966931,0.5543859825629169
2025-10-07 02:00:00+00:00,0.6905492739670043,0.28525022936417654,0.09881782071264389,0.5993882382002719,0.36330626080067613,-0.1360473903225051,0.4502131705277021,0.3377553748635786,0.0716944855144979,0.5512180650031575
2025-10-07 03:00:00+00:00,0.6915406346100623,0.27756077912833577,0.07692478283742557,0.5979537953327787,0.36038861582370396,-0.1491655595149359,0.45007602729746665,0.3373588600212119,0.06732578785542304,0.5472129497896023
2025-10-07 04:00:00+00:00,0.6915406346100623,0.2704113988204607,0.0595996590026079,0.5965269568045027,0.35695287301806095,-0.1573875922781819,0.4485861048867577,0.33387069687988447,0.06732578785542304,0.5451136844111042
2025-10-07 05:00:00+00:00,0.6906509732033468,0.26317494382710654,0.04232461476100076,0.5951622661241729,0.3439790668963799,-0.17049691361531366,0.44660854819999374,0.3288452412846186,0.058234919790951634,0.5430159089272639
2025-10-07 06:00:00+00:00,0.6879447509307227,0.24849428048749794,0.025083628982429773,0.5868127851112969,0.33210278724452874,-0.1748254071888111,0.4403561195591544,0.3161177420455828,0.0482824499641232,0.5383310491179601
2025-10-07 07:00:00+00:00,0.6879447509307227,0.22674945217509873,0.007860832928852927,0.5793739614088813,0.32595651377924156,-0.17913419716254214,0.42783084009822214,0.30784836349753053,0.0482824499641232,0.5270739991427226
2025-10-07 08:00:00+00:00,0.6872601628691755,0.21408599302504933,-0.0007192167799738171,0.5702010615226375,0.31652319264710754,-0.19253946300358196,0.41625441049369966,0.2952347800270864,0.03803733449387683,0.512020860073624
2025-10-07 09:00:00+00:00,0.6852736411387954,0.20602177210607403,-0.005303258301970932,0.5671058869039435,0.31033091497055565,-0.19912358781080017,0.41023224653124796,0.2890745275070976,0.03803733449387683,0.5052778803343031
2025-10-07 10:00:00+00:00,0.6851978920010182,0.19700353162461173,-0.014486671563664698,0.5646316333144533,0.3079268385444595,-0.20511859701026275,0.40635875216037515,0.2855920529190575,0.03803733449387683,0.5004032632975035
2025-10-07 11:00:00+00:00,0.686181214812246,0.19151701007447916,-0.01965248184735685,0.5659688673520777,0.308985598090238,-0.2091123330599619,0.40418214042842243,0.28872127623996524,0.037601939574176714,0.49822766681418296
2025-10-07 12:00:00+00:00,0.6871955630386187,0.18618805209129896,-0.024732921656493507,0.5675019454609213,0.310978469790854,-0.21302027659063189,0.4020863318591657,0.2896844755233753,0.03716754482649111,0.4961818964695841
2025-10-07 13:00:00+00:00,0.6882410791726803,0.18101162210369726,-0.029732684137971258,0.5680870899572604,0.3111197182852097,-0.21684623169836445,0.400071056363399,0.2893214234086831,0.03778210478593365,0.4957153887871762
2025-10-07 14:00:00+00:00,0.6891424917637337,0.18144162119402626,-0.030640799798297914,0.569724473106994,0.312702341270619,-0.21746872370326772,0.40113700281797354,0.28940765542182995,0.038937987042147106,0.4963739951844318
2025-10-07 15:00:00+00:00,0.6900603322998826,0.18188819676334705,-0.031574954929227905,0.5706525777821931,0.3131297387636011,-0.21954953100201807,0.4013695767874533,0.28949564432093866,0.03902070595431249,0.49704545060598226
2025-10-07 16:00:00+00:00,0.6909950547342908,0.18235223275039847,-0.03392306402127709,0.5715993935381558,0.31356705727068224,-0.220205340899495,0.401396346598257,0.2895854405917733,0.0391044459569105,0.497730133183847
2025-10-07 17:00:00+00:00,0.6943512747277852,0.18478833390774457,-0.030514303558683332,0.5739624830101064,0.3145651399538101,-0.22043972329527708,0.4019793939947013,0.2916003265561719,0.03873053919987834,0.4992610167549028
2025-10-07 18:00:00+00:00,0.6955375230813563,0.1872683963067682,-0.030214715520470427,0.5763628615100332,0.31476242841240526,-0.22067722166011142,0.401548753618131,0.29279733118914364,0.03505566801884852,0.5008139402439226
2025-10-07 19:00:00+00:00,0.6967401399256327,0.18681658241466584,-0.0299111405442444,0.5769688282520332,0.3143291365724568,-0.2209178986594318,0.4006755498070195,0.2940113864208896,0.03464386523434705,0.5004500690055705
2025-10-07 20:00:00+00:00,0.6964514652155673,0.18540581246806856,-0.029603498383645885,0.5764736137964219,0.3134378893206461,-0.22116181865313458,0.3997914340052456,0.29450516686100353,0.03081449754722429,0.4998057302664547
2025-10-07 21:00:00+00:00,0.6969111538995426,0.18397080636016264,-0.026004646054311544,0.5759709196639707,0.319672497610136,-0.22140904775365858,0.39903400885066237,0.2957481358325709,0.02685635276259547,0.4991513666874755
2025-10-07 22:00:00+00:00,0.696618155483517,0.18348256702202678,-0.022295829339376058,0.5773885641904407,0.3230197632277369,-0.22165965388639455,0.39959891184852114,0.2978850812770647,0.02636719539327017,0.49876403033938843
2025-10-07 23:00:00+00:00,0.7000853831512648,0.18810315957961668,-0.0184711318249714,0.5863384910530947,0.3232589710861855,-0.22044336104461948,0.40696086814489224,0.30820672600091553,0.025871263211265885,0.5020238676476353
2025-10-08 00:00:00+00:00,0.7069622138074626,0.19285381225231293,-0.014524158902076744,0.5956026019646162,0.3388251462071602,-0.21920693762476195,0.4163205095196392,0.31909596466546614,0.025368414349711425,0.5102445726826522
2025-10-08 01:00:00+00:00,0.7037232417082544,0.18264152686185894,-0.029968435080724363,0.5898684102140767,0.33113978689402446,-0.2269969090084335,0.4068973161631364,0.30720151261417267,0.02741714454229283,0.503370428731636
2025-10-08 02:00:00+00:00,0.6841916354118905,0.17853417205764247,-0.031226265653259824,0.5671532297451972,0.32379414826737785,-0.2050235693390428,0.3822093523659423,0.2745686609932607,0.04637772194303585,0.4983845844285145
2025-10-08 03:00:00+00:00,0.6834737037665636,0.16292532489433825,-0.053886579343785206,0.5669268271504813,0.321256873146162,-0.2253676807536455,0.3814977769234956,0.27716931679369317,0.045590289698222194,0.48423673121830535
2025-10-08 04:00:00+00:00,0.6830945527333622,0.15370115086598643,-0.07315676344251856,0.5659774391316061,0.321256873146162,-0.23744030945628955,0.3789932255580834,0.27716931679369317,0.045590289698222194,0.47358613571528035
2025-10-08 05:00:00+00:00,0.6791676409486657,0.1443694658674302,-0.09266152450267325,0.5650536473717298,0.3247001259925492,-0.24944400011953635,0.37585649213695416,0.2782532640167203,0.0635307642811803,0.47195072018432577
2025-10-08 06:00:00+00:00,0.6756609692376548,0.13492350029656586,-0.112431014376502,0.5619965286075402,0.3280291848548469,-0.26138680058367525,0.37270358198935416,0.2765231273799378,0.08316534099522468,0.47032744309428487
2025-10-08 07:00:00+00:00,0.6707231594818648,0.12393163737819964,-0.12924360816216288,0.5557416068482882,0.3336057038571609,-0.2699682084408113,0.3673428137962393,0.2725577541896022,0.09480843614101554,0.46701229813462575
2025-10-08 08:00:00+00:00,0.6695209533303068,0.11830990340853927,-0.13389513183388024,0.5503886986016399,0.3336057038571609,-0.2799153592786993,0.362091278458127,0.26791612187577846,0.09480843614101554,0.4676493201836658
2025-10-08 09:00:00+00:00,0.6696829972996666,0.11268588707671827,-0.13852024080013997,0.5464841520862348,0.33434079648742776,-0.28976054918859206,0.3575045133913147,0.2638082705539739,0.09960940242127736,0.4682370652131904
2025-10-08 10:00:00+00:00,0.668104381401588,0.10564580997403546,-0.15007351298166932,0.5438413699947425,0.3341816311728803,-0.2947305709597372,0.3524448647844806,0.2611590286919673,0.10271934695388708,0.46894880828434155
2025-10-08 11:00:00+00:00,0.6666004864739391,0.09853662157766825,-0.16187237513097938,0.5423948078059102,0.33409138290601675,-0.3007766091837091,0.34827978536981424,0.2597105117480511,0.10271934695388708,0.46971036976196134
2025-10-08 12:00:00+00:00,0.6612958972228995,0.09336761021456229,-0.1707421632728527,0.5414502010748046,0.3302688617786181,-0.30163261098420063,0.3452937288771754,0.25640395280254885,0.09812064892565331,0.46914151178437336
2025-10-08 13:00:00+00:00,0.6598060868174237,0.09276645798502908,-0.17406864381443835,0.5434524759595198,0.3289363802429532,-0.3001210845131733,0.3449157377784335,0.2557470880229232,0.09812064892565331,0.47242331588052655
2025-10-08 14:00:00+00:00,0.6583339794934662,0.09218385087297395,-0.17168604153852207,0.5455479172771142,0.3298622790350769,-0.3004719474992624,0.34396388270693157,0.2541383355527141,0.09812064892565331,0.4739522578719175
2025-10-08 15:00:00+00:00,0.653508530185109,0.09344316134770808,-0.1687651110716028,0.5477177378978973,0.3256151029438642,-0.29381416733989085,0.3456233989778629,0.2556607483674856,0.09463505888416078,0.47718923568033395
2025-10-08 16:00:00+00:00,0.6487406745335924,0.09466740506444166,-0.15943481609150184,0.5504227995507655,0.32466425825640516,-0.29092909849985044,0.34687641596640184,0.2564256627856388,0.09542291363727047,0.47774867978716146
2025-10-08 17:00:00+00:00,0.6460713824475866,0.096843863629934,-0.15074629716027424,0.5523997327317822,0.3225667031251579,-0.2881851851563109,0.3477381031041711,0.2576173601440995,0.09621096969570175,0.4783607415547313
2025-10-08 18:00:00+00:00,0.6434372734305027,0.0999578264464069,-0.1452858172640781,0.553611398296192,0.3236143840585589,-0.2842110543058589,0.348578051995162,0.2587760094510381,0.0969992446420588,0.48037404717780674
2025-10-08 19:00:00+00:00,0.6428713504805877,0.1029448883666309,-0.13756855701708995,0.5537718626050173,0.32463969298124584,-0.2785589215300282,0.3495764910743872,0.2596519133052526,0.09407478101159192,0.4793045479288066
2025-10-08 20:00:00+00:00,0.6464146092278801,0.10623390795790807,-0.13284796856328782,0.5539322139114327,0.3257191819490099,-0.27513413257499797,0.3498969375442527,0.26140061535944675,0.09124397103518284,0.4800597520057288
2025-10-08 21:00:00+00:00,0.6500048271627645,0.10981928356713576,-0.12594663402629808,0.5550348012963069,0.32506168856068896,-0.2700210425487909,0.35023111463806,0.2626245463930112,0.09208210708291188,0.4808161818795581
2025-10-08 22:00:00+00:00,0.6489804055413659,0.1130334213851942,-0.11631353782967836,0.5573155910086123,0.32563779097883755,-0.262607094227056,0.35176308176275395,0.2635119405746244,0.08723119284816111,0.48045372546022214
2025-10-08 23:00:00+00:00,0.6464224811477115,0.1169053993872522,-0.11146846677704678,0.5661085140663271,0.32411293869506086,-0.25826386052867345,0.35688001024804583,0.26501511899706465,0.08723119284816111,0.48285005291099675
2025-10-09 00:00:00+00:00,0.6430779829135693,0.11866335890968169,-0.10978078992271385,0.5706226967494724,0.3328590543884196,-0.25396707800450063,0.36271199169916,0.2635119405746244,0.08723119284816111,0.48889733895839393
2025-10-09 01:00:00+00:00,0.6313803357244233,0.11203139883556211,-0.10819345494705082,0.5672032367984006,0.3212646489444048,-0.25508778621932326,0.35805078943619334,0.25306368747419,0.07278428222762298,0.4891423394274568
2025-10-09 02:00:00+00:00,0.6148478692600468,0.08811793413221486,-0.12573253028305978,0.5503875348727526,0.30192981749950626,-0.26451742037172077,0.3369850193479546,0.22729809407764973,0.062461483609066656,0.47794745811052664
2025-10-09 03:00:00+00:00,0.6175310992158788,0.09269312028885585,-0.1348956062214921,0.5526199521883806,0.3061800777804327,-0.279264136004871,0.33769933475825786,0.23190665696365081,0.08569756521841529,0.47238106446712247
2025-10-09 04:00:00+00:00,0.6175310992158788,0.08966151505098836,-0.14448898943901636,0.5521947030152756,0.3088457626118466,-0.292138448314632,0.33633737083859483,0.23288951003075942,0.10158751526725697,0.4676015327723741
2025-10-09 05:00:00+00:00,0.6171867943227197,0.07738804050435434,-0.1565673780324255,0.5433466442610756,0.3094854234050806,-0.3090178730691211,0.3318109035021603,0.23381345453424146,0.1114024895756899,0.4585280505729584
2025-10-09 06:00:00+00:00,0.6185065605629967,0.0740546430125124,-0.17857730644477054,0.5356380698273504,0.31780510808293494,-0.3245803040197676,0.32595897666590856,0.23381345453424146,0.11982938528618524,0.44394552095161766
2025-10-09 07:00:00+00:00,0.6205780843169577,0.059752762845399876,-0.19524576244435682,0.5278262904107602,0.3243663613089266,-0.34009603076928957,0.32014617975784326,0.23186424330428365,0.11982938528618524,0.4253938459665873
2025-10-09 08:00:00+00:00,0.6197599393588672,0.05069777490790993,-0.20898435343864422,0.5196909718961535,0.3249324635311828,-0.35179657067156617,0.31128125515611965,0.22699518501379873,0.11852172457836646,0.41069484922220756
2025-10-09 09:00:00+00:00,0.6206131062868773,0.04459003450372406,-0.21662412803511824,0.514701966460377,0.3249324635311828,-0.35933768464804644,0.30776189148122185,0.22493251658404892,0.12307625794613736,0.4009323386919488
2025-10-09 10:00:00+00:00,0.6215835630497153,0.03874249275395115,-0.23059008856769048,0.512422505181783,0.3249324635311828,-0.3669578397909125,0.30326558735338704,0.22321933843283243,0.11997340694115859,0.39670700953821775
2025-10-09 11:00:00+00:00,0.6217046879426728,0.03284369792183547,-0.23810251706073204,0.5115362641629329,0.3235862692519046,-0.3751091386071017,0.2994393527639755,0.22150034029320498,0.11535611419370648,0.38994275611347756
2025-10-09 12:00:00+00:00,0.6195503135964829,0.027998248355130987,-0.23987019852527955,0.5100817416523744,0.321138839993995,-0.3842673593793806,0.2967695844613409,0.21930944345133774,0.11650703082814447,0.3846192154783578
2025-10-09 13:00:00+00:00,0.6195503135964829,0.02723152660604805,-0.23932443422445662,0.5114957936850394,0.3187436744877527,-0.38284763058165194,0.29635340189708853,0.21872672598699983,0.11650703082814447,0.38266590093625336
2025-10-09 14:00:00+00:00,0.619238113986413,0.025985299947483043,-0.23890546579957087,0.5122774010885103,0.31820417132463596,-0.38166627860281005,0.2949691723430794,0.217571752184843,0.11431099217766322,0.3808268170616709
2025-10-09 15:00:00+00:00,0.6189319673692346,0.024729330526260068,-0.23860463368484555,0.5138912955788383,0.31818640258423675,-0.380708264087573,0.29361599564706103,0.2169994284106873,0.11431099217766322,0.37910090701504867
2025-10-09 16:00:00+00:00,0.6168306418341174,0.024448757195148493,-0.23290424471857507,0.5155256657546867,0.31842555743405465,-0.35763241404377155,0.2944503597957651,0.2176310054106229,0.11226852063770565,0.3809300004703849
2025-10-09 17:00:00+00:00,0.6162288782451774,0.025189875400946197,-0.23278304095017607,0.5182060695063645,0.3189807175738391,-0.34304817066048116,0.2951863073646686,0.2185499478258299,0.11487915805817422,0.3827884364993005
2025-10-09 18:00:00+00:00,0.6156322033612881,0.028685063684710195,-0.23273296363018503,0.5208348696216298,0.3197174083219038,-0.3298136376596573,0.2961068384273228,0.21944476939770524,0.11741200969856447,0.3836371312533255
2025-10-09 19:00:00+00:00,0.6162337656807229,0.03270345760214212,-0.22755325949828867,0.5235756792079972,0.3218703154143135,-0.31774902031666846,0.29700209876600386,0.22075560448619774,0.11834662964867003,0.3839490527914658
2025-10-09 20:00:00+00:00,0.6199730554912632,0.03737184751975411,-0.2226610872061675,0.5260985390795011,0.32273457530399413,-0.3067080543987376,0.29782661057366705,0.22247571667708496,0.11928175102019828,0.38277977633447857
2025-10-09 21:00:00+00:00,0.6193624479404807,0.02303761463461937,-0.2254185963650321,0.5243044323505933,0.31607818297158813,-0.3113382324681076,0.2930729498972365,0.21862065789760618,0.11820423355362254,0.37000872042770766
2025-10-09 22:00:00+00:00,0.6224949627484171,0.025840616329019322,-0.22077339447786498,0.5284256531290086,0.31700585190875435,-0.3051215331489989,0.2932532718278933,0.21827164359520174,0.11913829284509955,0.37026252443471114
2025-10-09 23:00:00+00:00,0.6212227503210798,0.02682554105026895,-0.21861854937582742,0.5226599787951166,0.3145036125885941,-0.296105650563697,0.28766244649117995,0.21246358020431594,0.11913829284509955,0.3705762120662516
2025-10-10 00:00:00+00:00,0.617856046239422,0.02472891652153645,-0.21647287539580123,0.5149819532147045,0.30838232825517653,-0.28740690856958084,0.2822074996148653,0.20680403615512527,0.11626873678950964,0.36980762047309623
2025-10-10 01:00:00+00:00,0.6058430908766806,0.021720907725879406,-0.20664162326610794,0.4952720016490484,0.2959167659350095,-0.26522625067455485,0.27220550855134906,0.1942611082188232,0.10839808362249372,0.3686726632512289
2025-10-10 02:00:00+00:00,0.5972531515792517,0.022415055035218005,-0.20040362210635526,0.48274463788132144,0.2894294108102367,-0.25142552498324805,0.26781349538519517,0.1853873162797753,0.10326980700557636,0.36851229497776194
2025-10-10 03:00:00+00:00,0.5955731820425091,0.037740764904140835,-0.19535688090441172,0.48036106844818616,0.2966420286378645,-0.2518114119242775,0.27536465763252277,0.19391138536048672,0.1187493562856646,0.36779010477079754
2025-10-10 04:00:00+00:00,0.5930010774547358,0.04921157170914599,-0.1894384382622012,0.4763637620032153,0.2980373031556189,-0.25048194425756276,0.2802028103553927,0.1982926815215947,0.1209352478269992,0.3679161066462327
2025-10-10 05:00:00+00:00,0.5902052219108758,0.060503019649652996,-0.1831879451430271,0.46800605826989894,0.29638188569267543,-0.24679579068187155,0.2826349668848561,0.19287250841348638,0.11504744611323185,0.36528870826915244
2025-10-10 06:00:00+00:00,0.5871765426359589,0.0627784921131468,-0.17658992944061638,0.452864960899948,0.291143541795621,-0.2445327062268593,0.27751079389237554,0.1839989331285366,0.10912290819260159,0.35193828836542357
2025-10-10 07:00:00+00:00,0.5801180901684189,0.062087911080684,-0.17635299743092117,0.43477738489147894,0.28182426755452666,-0.241784465500451,0.2706810480641502,0.17514541310424195,0.11085463337979523,0.33485953098925997
2025-10-10 08:00:00+00:00,0.5728032821650548,0.061639984110669045,-0.17564324734385514,0.4164172690150171,0.2703729805432056,-0.2385414316831801,0.26212763590591664,0.16630400252586258,0.10476293544866662,0.32266361961842543
2025-10-10 09:00:00+00:00,0.5663222041258167,0.0636058458857712,-0.16976491454691015,0.403471705220507,0.2641234410973244,-0.2296561625875792,0.258450544245121,0.15994221291866526,0.09998181951504262,0.3160245684307446
2025-10-10 10:00:00+00:00,0.5605025191401295,0.06884181582750915,-0.16089530894410148,0.39364709420347577,0.2628132652696048,-0.22022891591222649,0.25589379676063667,0.1567538461684294,0.09513594648573968,0.3120831565076548
2025-10-10 11:00:00+00:00,0.5543682364527669,0.07278771720740876,-0.15414786719642537,0.3823910173045289,0.2608612861003284,-0.24602301785529368,0.2542996787844283,0.15402992745670982,0.09021949809422405,0.3083891790834174
2025-10-10 12:00:00+00:00,0.5469062743112616,0.07755941589110561,-0.1434950031970592,0.37151841592612567,0.2575209936801797,-0.23238188939895585,0.2537929129100318,0.14991126403898708,0.08648006566202202,0.3083590106779119
2025-10-10 13:00:00+00:00,0.5390717033550781,0.08255113217264348,-0.13080583624936523,0.3595326157443771,0.25378901018420164,-0.21688389604733604,0.2533487260434418,0.1456786594000089,0.0826755499643153,0.3076796281794943
2025-10-10 14:00:00+00:00,0.5308375697300506,0.08784618862332012,-0.11759934771727902,0.3474853647023998,0.25010602154876277,-0.20079776466324958,0.25290090387461317,0.14133952124542912,0.0786112698461467,0.30737029908343255
2025-10-10 15:00:00+00:00,0.5221741277823476,0.0934641887501616,-0.10383267249081224,0.33456685953411563,0.24647309870006195,-0.18517781895208152,0.252423000039538,0.13700561236151923,0.0748072912351422,0.3074409487249315
2025-10-10 16:00:00+00:00,0.5112198641950347,0.10143823315104579,-0.09001763665349864,0.32361620104073835,0.2444773247037522,-0.16484361608794498,0.2543179563669138,0.13483555763350727,0.07627669595582216,0.3120821973404494
2025-10-10 17:00:00+00:00,0.50178672019679,0.1113558989623518,-0.07559416751278883,0.3122499734497353,0.2439573667732102,-0.14101067186907892,0.25698239339460827,0.13268386171567895,0.07796507996096692,0.31734584558772505
2025-10-10 18:00:00+00:00,0.49398145386558556,0.12537259901852435,-0.05470003802465831,0.30044088114753953,0.23925931615501916,-0.11894064096358883,0.25928258634591983,0.13055076102229843,0.07987932988103574,0.3230820145529223
2025-10-10 19:00:00+00:00,0.4860175320788589,0.13976384957317814,-0.03887003600457062,0.288837770356019,0.2358794587622842,-0.09333196569292529,0.2624288314207899,0.1284365501212571,0.07750642282095124,0.3240271440259814
2025-10-10 20:00:00+00:00,0.4736968090675356,0.15531727650261606,-0.01644257802642054,0.27686007677344715,0.2319358965661996,-0.06673863837911122,0.2561136114946587,0.12541043045227088,0.07978525973979467,0.32535764891513036
2025-10-10 21:00:00+00:00,0.4566782922855861,0.17058518042012272,0.001013953511750163,0.2636696241077182,0.2287315045947621,-0.04146848408595867,0.24969295871679023,0.12233465785422011,0.07750199685045983,0.32708713484655755
2025-10-10 22:00:00+00:00,0.4377328212270123,0.18550603931582788,0.019346292234230966,0.24884922789558442,0.2239998599205156,-0.01490509412826357,0.23955999886284768,0.11471160536031007,0.07517469705090182,0.32923189021376786
2025-10-10 23:00:00+00:00,0.43354182935180724,0.18761787098122248,0.02554212560216016,0.2402493829520631,0.21790836057794333,-0.005684992673542469,0.2308872376664716,0.10506415247607019,0.06939642950877803,0.32923189021376786
2025-10-11 00:00:00+00:00,0.4264189486190695,0.18526431330615795,0.02554212560216016,0.22551859396092672,0.21182367189341084,0.0013149931541658602,0.21923947347477854,0.09421548696899197,0.05736058295495063,0.32923189021376786
2025-10-11 01:00:00+00:00,0.41501166003965007,0.17937212890605536,0.032270418265017115,0.2108548831800684,0.2077067100087388,0.016691753483179958,0.20451535812781255,0.07744085492973195,0.05840735012300324,0.3299073558101056
2025-10-11 02:00:00+00:00,0.34914826323482184,0.19662075020269434,0.06199088222401674,0.15887789459940843,0.1808576449160441,0.08719701185041934,0.16981151983243417,0.047336654799299056,0.05503572134662938,0.3446767813772241
2025-10-11 03:00:00+00:00,0.2908589469036597,0.24052255364605982,0.11386490573095569,0.12143167094123306,0.18650150524275502,0.1548640389854295,0.15819497088676965,0.04924460820741192,0.05617867366292153,0.35443053542567393
2025-10-11 04:00:00+00:00,0.21253029534495133,0.296981500317411,0.18391827050347845,0.06779107544240132,0.18280108773027964,0.24390436547891525,0.14056052875988811,0.04370962496631892,0.045172744287907476,0.3774230639981562
2025-10-11 05:00:00+00:00,0.21253029534495133,0.2946324709629616,0.1769346604918755,0.0583854845915695,0.17893331357496886,0.22853658989944056,0.13274798932719123,0.04541053473400852,0.045172744287907476,0.36320579119237156
2025-10-11 06:00:00+00:00,0.21653935848340564,0.2895282954260817,0.1675661728262863,0.050877203673830876,0.17222239394200212,0.2103229958308855,0.1253418358525041,0.04364533637466523,0.03595086876151466,0.3462930363768307
2025-10-11 07:00:00+00:00,0.21851221735743767,0.2790873776048996,0.15148496379346862,0.04235001352767502,0.17299603582616857,0.1998004801574417,0.11694518308296871,0.04092470249883606,0.02516668977632345,0.32873793079217756
2025-10-11 08:00:00+00:00,0.2203259157438591,0.27445815133579915,0.144013524925639,0.03962491707146851,0.17199668897392933,0.1946947423715231,0.11473555402329175,0.04158059354165152,0.02841489687722338,0.3203555232409915
2025-10-11 09:00:00+00:00,0.22353999951646317,0.26986893253357086,0.13661681984299287,0.03708864403709272,0.1712559807842262,0.18924211994151313,0.11207163703501197,0.04158059354165152,0.02516668977632345,0.31431811942253046
2025-10-11 10:00:00+00:00,0.22587922610099972,0.26697684594119414,0.13383099886804034,0.03395883129392935,0.17053897616565863,0.18415929575589332,0.11039747590482402,0.03988207383192693,0.01936199356294414,0.3127766332595698
2025-10-11 11:00:00+00:00,0.2272747664955321,0.26540442799145036,0.13102757207685256,0.030708486691973763,0.16948013634817105,0.1786936393273358,0.10760285798425114,0.03988207383192693,0.016320589724838713,0.3100911588357444
2025-10-11 12:00:00+00:00,0.22746299396373965,0.26385286918744294,0.13066735084777112,0.028992007835902993,0.16883557614932784,0.1784027511366821,0.10624399742517583,0.03906226158358865,0.017314182894856808,0.30937515847754654
2025-10-11 13:00:00+00:00,0.22463784150299906,0.2673622020102678,0.1368933419708963,0.03336457278612844,0.1727957412209315,0.18412903467498634,0.10916263797445634,0.03855245955074445,0.019834954600955607,0.3166224315497183
2025-10-11 14:00:00+00:00,0.22345387119291843,0.2709081250282096,0.14316247935641013,0.03857372631711222,0.17593878978262018,0.18947796835910008,0.1114270518576264,0.03805656943965036,0.019834954600955607,0.3240560572891691
2025-10-11 15:00:00+00:00,0.2222725201794174,0.2749552084995363,0.14731408277607408,0.04297719652914736,0.1783908627781865,0.19724291720169804,0.11525817623215034,0.03756013043258589,0.025011261066739704,0.3316882285010613
2025-10-11 16:00:00+00:00,0.21921984106591588,0.28220362569474505,0.15991245333520782,0.05385746962093619,0.18362475470814466,0.20911758695048346,0.12037847227112514,0.03840132506508472,0.03427942991439284,0.339850554752687
2025-10-11 17:00:00+00:00,0.219954107542556,0.29328448039461497,0.1723288929456538,0.06289653537925774,0.18912613102539774,0.22081375442625537,0.12586216179950954,0.04085572952918106,0.043295137266390296,0.3468182111324256
2025-10-11 18:00:00+00:00,0.22394694951643682,0.305389080828179,0.18457985760815288,0.06823209468279287,0.19331663649276798,0.23234602232996474,0.13124003459174538,0.04398252832969014,0.054662369193762037,0.35287384517045606
2025-10-11 19:00:00+00:00,0.23228246754346288,0.3155203296025771,0.20408918700833395,0.07551349127050708,0.19894913016380733,0.2437286462767466,0.13712792281385897,0.046417020774040106,0.07000109377575847,0.35876725342147187
2025-10-11 20:00:00+00:00,0.24227078610670172,0.32529563248264287,0.2116001522086746,0.08204091189832667,0.20519288457873142,0.254975601281388,0.14635727697110024,0.04663807786341741,0.08703239577869483,0.3645047545018442
2025-10-11 21:00:00+00:00,0.2528872322550344,0.3347395715541546,0.21891202519532774,0.08749061405614511,0.21072342188038265,0.2661006466940297,0.15558928500848504,0.05150402235913365,0.10076692760327545,0.3700923213072772
2025-10-11 22:00:00+00:00,0.2589031341899085,0.3427275457715611,0.22603260648343607,0.09436868856511309,0.21978419836207164,0.2744952368166752,0.15952002968418924,0.05130695918224877,0.10804210425704894,0.37620045849537254
2025-10-11 23:00:00+00:00,0.25596413160030873,0.34871515076608584,0.23296927257110864,0.09288601298524973,0.22410690105919676,0.2857996573463889,0.15788010520509294,0.048127840138597854,0.11756768351466981,0.38156656914542625
2025-10-12 00:00:00+00:00,0.25596413160030873,0.36204443257154667,0.24442614724000167,0.09759877668415111,0.20949984065689153,0.3079885771387418,0.16553928068234716,0.048127840138597854,0.12514788325148493,0.39536134608523466
2025-10-12 01:00:00+00:00,0.24385791634491055,0.36977650877030804,0.2686244453197647,0.10069270352297056,0.20746883000936062,0.33125195182719874,0.16775833738554308,0.04141023488298169,0.13261572042327333,0.40159969948003477
2025-10-12 02:00:00+00:00,0.21958391735424423,0.3534291382912789,0.2645629378010494,0.0792156749833403,0.19377403038384788,0.3278136841165379,0.1295476657648515,0.009075028612200314,0.1361419447209432,0.37905353284353455
2025-10-12 03:00:00+00:00,0.2304883042969196,0.34018285603249315,0.21706098674048907,0.05138464278733255,0.19087949264904167,0.3021677278340417,0.11887636475550852,0.012060244101256248,0.1361419447209432,0.36487744118087306
2025-10-12 04:00:00+00:00,0.23364975233189783,0.3328244507403169,0.19525351326852902,0.039007054946793955,0.18733293149064234,0.28693512988443004,0.11111853391696061,0.010216287448827676,0.11921769567198998,0.35912450409452606
2025-10-12 05:00:00+00:00,0.23679453156754193,0.32539958521088924,0.17332272975560206,0.028935135879911148,0.18101073887733593,0.2661986056073488,0.09906531987347629,0.012069975564498991,0.10238141352282214,0.3521618069049315
2025-10-12 06:00:00+00:00,0.24436337948235448,0.3145775693967133,0.15124060562217595,0.02372180720259461,0.17173294055341995,0.2453926049389602,0.09138080535183482,0.013948622477500557,0.08562195015398252,0.34627888159886794
2025-10-12 07:00:00+00:00,0.24436337948235448,0.30052099149208333,0.13906160582252505,0.021122478261715,0.1644836569610623,0.2244938607348406,0.0854736229920286,0.015844529688906126,0.07696017983539942,0.3268073024448414
2025-10-12 08:00:00+00:00,0.2512178499321826,0.29317630701320907,0.1331558258136047,0.02516289064501817,0.16304072330933395,0.20979667498699373,0.0842087467657038,0.019779045377564673,0.07409576801906219,0.3170458168625048
2025-10-12 09:00:00+00:00,0.25328498350590395,0.2882886084788155,0.1281116633860565,0.02413048538461401,0.15961966054202503,0.20213176172827624,0.0810413818879429,0.01902602464101172,0.0675861722739306,0.3109475976104737
2025-10-12 10:00:00+00:00,0.25328498350590395,0.28452319584866814,0.11997798034479995,0.02114760750531886,0.15919512370857467,0.19698527758252324,0.07670421927626513,0.016838903312736648,0.0645955153423923,0.3047634689220634
2025-10-12 11:00:00+00:00,0.2548938437944432,0.2807758576195945,0.11179120836353679,0.019173966831222092,0.15977584469008688,0.1918047311018907,0.07301528685656446,0.01465132385584661,0.061587945085417324,0.3006609362354954
2025-10-12 12:00:00+00:00,0.25651870291570306,0.27994985375640374,0.11232639364604606,0.01794996705974081,0.1568881204341219,0.1896596460752676,0.07236468325356696,0.015435154927749063,0.0588188895169829,0.29941797469210335
2025-10-12 13:00:00+00:00,0.25651870291570306,0.2822782659087543,0.11824799448686334,0.019641888452635307,0.15592906604243045,0.19622718467967146,0.07442683703195342,0.015830310740642353,0.0588188895169829,0.30294476453336394
2025-10-12 14:00:00+00:00,0.25651870291570306,0.2846298373490243,0.12032912123437028,0.021335007709524637,0.15533661202078608,0.20298863332023162,0.07614187349123368,0.015830310740642353,0.0588188895169829,0.3050461289998163
2025-10-12 15:00:00+00:00,0.25651870291570306,0.2865718709380939,0.12240789692116186,0.02191621681104324,0.15474581879170182,0.2096366450957498,0.07738444534710492,0.015428903621824084,0.05677538884128696,0.3074686741558056
2025-10-12 16:00:00+00:00,0.2573099086224807,0.2908002004085429,0.12930302467982124,0.0284330535439515,0.1534896699333709,0.22152566331370196,0.08078695001421023,0.01804094787322431,0.06348315852488971,0.31651680318947717
2025-10-12 17:00:00+00:00,0.2548747763000876,0.29496450143761155,0.13603702674510898,0.03259654234658568,0.1564476487787177,0.2335161880919041,0.0841356342493947,0.020266139664286927,0.07003686890210244,0.32196544818960177
2025-10-12 18:00:00+00:00,0.2553995571988832,0.3006084580110863,0.14919725086438937,0.03823211852105768,0.1598430258780721,0.2517362871115899,0.08583733283263512,0.023653004680140557,0.07505634201686104,0.3268816901712643
2025-10-12 19:00:00+00:00,0.2568775816571379,0.30550929224839524,0.161690271771845,0.04379429455219088,0.1669101406147399,0.2587384860135911,0.08750204279784878,0.02704777017221135,0.08005086899059988,0.3316927033922961
2025-10-12 20:00:00+00:00,0.2647868947512272,0.31113624140860596,0.173579159297979,0.04734470749333665,0.17272820759299376,0.26637505278561463,0.08955142482228508,0.030137447776058545,0.08502104674813615,0.33640157130259996
2025-10-12 21:00:00+00:00,0.27462901059932737,0.31629479704491387,0.17924521464781978,0.052415347545115065,0.17574627490591427,0.2753304368856405,0.09308391212043124,0.03356396733715024,0.0899674578665394,0.3421090989730763
2025-10-12 22:00:00+00:00,0.2794918532323846,0.3213759213634726,0.18479047677613492,0.050840489310739596,0.16785804967112855,0.28405272579002483,0.09352247031032353,0.032033021362685335,0.07575563250294771,0.3465925507592153
2025-10-12 23:00:00+00:00,0.27361746081919874,0.3213759213634726,0.20346833648455948,0.0530189690085313,0.16206372760766913,0.3004851849535086,0.09529337619609035,0.02890254262890739,0.08246728134300128,0.35611402741402304
2025-10-13 00:00:00+00:00,0.26984898851422173,0.3182766909558026,0.22256978114960696,0.05525355044281568,0.16014497039427414,0.3235481584656293,0.10066645496541761,0.030470301574674404,0.08923090779837393,0.3616667634304679
2025-10-13 01:00:00+00:00,0.2650529682733949,0.30759273289504196,0.24498344606334396,0.04783485267996812,0.1539012865539465,0.33747673965630415,0.10132126813616615,0.023930957234059014,0.08401698194198425,0.37250143421125465
2025-10-13 02:00:00+00:00,0.24951103892885812,0.291141149893653,0.23335452513575372,0.015898611509224912,0.12436819157212907,0.3310000687211935,0.07206621309610077,-0.005358762069730922,0.08523572292923223,0.3571002199406441
2025-10-13 03:00:00+00:00,0.24951103892885812,0.29565384575934484,0.21790784399092894,0.015898611509224912,0.13074955204304042,0.3037549206345056,0.05971626090099528,-0.014748846267870132,0.098276216231437,0.3362929198579943
2025-10-13 04:00:00+00:00,0.25105097649236513,0.2970621004670601,0.1913445018308683,0.01620913417075792,0.13697490701799883,0.27548803265148036,0.05774264093194093,-0.014455948870266995,0.11021751588104456,0.3170977282195517
2025-10-13 05:00:00+00:00,0.24715284984738334,0.2970621004670601,0.1700604471470902,0.013597547097203162,0.1430995236649389,0.2533348517268358,0.05192587519600506,-0.0164316075692669,0.11814353822004113,0.30182019691817635
2025-10-13 06:00:00+00:00,0.24715284984738334,0.2995669717886415,0.1580414493666178,0.029493384388490376,0.1536403411112109,0.2308494772060935,0.056048957427461514,-0.012542122244106689,0.12697958012714625,0.28794919679887293
2025-10-13 07:00:00+00:00,0.24715284984738334,0.2995669717886415,0.14607090722010327,0.040166763808802894,0.16702755862870075,0.20866776879951632,0.05820537392870431,-0.012542122244106689,0.14379933716636079,0.2679866747332131
2025-10-13 08:00:00+00:00,0.2547961734207724,0.2994816071209551,0.13861455026542688,0.047542640879118664,0.17701440881649547,0.19929595162687055,0.06455452137048755,-0.005950615177598466,0.15685461437177015,0.2570940177102844
2025-10-13 09:00:00+00:00,0.2592013816505769,0.29781663383624013,0.13349318117629266,0.051964164272534356,0.18030922654972853,0.18965271996659697,0.06455452137048755,-0.0067834588424727236,0.1598926006090837,0.24949929929525366
2025-10-13 10:00:00+00:00,0.2592013816505769,0.29651452240682963,0.12521861990902233,0.05482941945978152,0.18153019023662367,0.17911247704651947,0.06370388303617933,-0.007632011062195019,0.15806826801045004,0.24348814183549414
2025-10-13 11:00:00+00:00,0.26115026880791276,0.29651452240682963,0.12198699449998315,0.05577434256311267,0.18211931125073716,0.1685989468931799,0.0628526284219264,-0.009326309925197543,0.1550045004646208,0.23538164230440584
2025-10-13 12:00:00+00:00,0.26062077443061976,0.29582145759974615,0.1155187588701763,0.049841883157995225,0.1785811563723742,0.16509876863982367,0.0613959052719108,-0.00895426270207743,0.15552589723978633,0.23245532707056948
2025-10-13 13:00:00+00:00,0.2600569867461215,0.2964509235824165,0.11736810976053286,0.048278477374923086,0.176553758158063,0.16993346703279738,0.06175472283120569,-0.009273407267727553,0.15614861117073825,0.23490156625241923
2025-10-13 14:00:00+00:00,0.2594961707634943,0.2970831869899615,0.11736810976053286,0.04630009721254681,0.17489768091672905,0.1748976154338325,0.06211410058469431,-0.009917597363056809,0.15614861117073825,0.23699565073593504
2025-10-13 15:00:00+00:00,0.25765664400908866,0.2973700764498547,0.12274373768760144,0.03356338471246552,0.16616422129437225,0.18111563331424738,0.06098145486881041,-0.010431676122431203,0.15796540338188172,0.24359581778599898
2025-10-13 16:00:00+00:00,0.25586702890617635,0.2976414699486669,0.1280127768806208,0.021375418476712926,0.1605236905312627,0.19019544124200843,0.06111559218869582,-0.010901852216433746,0.15794041015998755,0.24863882116825287
2025-10-13 17:00:00+00:00,0.2541268017830265,0.29729790100552267,0.1397460255997897,0.010827079043005889,0.15488365364641762,0.19910902851510479,0.06250978766720401,-0.010179759428440972,0.15740117874038656,0.2530873241469387
2025-10-13 18:00:00+00:00,0.25248178063838606,0.2990308028343515,0.14467734460920634,0.0020784913529212664,0.14940725533033963,0.20838968349057246,0.06371389127434683,-0.010865017858419892,0.15694120025305178,0.2572991156667813
2025-10-13 19:00:00+00:00,0.25443755359002346,0.3013381384958967,0.15567394219039696,-0.006436413270924858,0.1458972898643432,0.2173290402400184,0.06639075897016106,-0.010044853624778223,0.15699669657887455,0.26287397994118344
2025-10-13 20:00:00+00:00,0.2600042109680205,0.3054851982356498,0.16620991717188288,-0.015087869857795283,0.140835256694424,0.22758537391001996,0.06908128707978589,-0.009177729699615583,0.15665460770037468,0.2684396440080894
2025-10-13 21:00:00+00:00,0.26625990650435083,0.31101169313016536,0.17485506107552626,-0.02149332756095523,0.13571627633394695,0.2359116138498037,0.07023710212675127,-0.009422205476460471,0.16167176752487974,0.27375403768445783
2025-10-13 22:00:00+00:00,0.2677860926588678,0.3145918472814855,0.183707352313446,-0.03226682022561422,0.13115898974560344,0.2437805662018654,0.06773030991404971,-0.013608687427702605,0.16337384814381126,0.2777233927047564
2025-10-13 23:00:00+00:00,0.26092627733629503,0.3092878263325127,0.183707352313446,-0.03704439379489106,0.1294495932243369,0.2555564383985274,0.06773030991404971,-0.014990353810707869,0.16337384814381126,0.28201578755903667
2025-10-14 00:00:00+00:00,0.25282514379711984,0.3092878263325127,0.183707352313446,-0.03704439379489106,0.11433121244291747,0.26748951737363247,0.06944242701648015,-0.01636474498278139,0.15685193847581622,0.29000122765447456
2025-10-14 01:00:00+00:00,0.2415601908345608,0.3023747694294621,0.19440031926494034,-0.05110564388158804,0.09458672067697357,0.2865520923015271,0.06412060049699485,-0.023754881773182926,0.1452127416418482,0.29652800573272586
2025-10-14 02:00:00+00:00,0.22095053005237603,0.27697916866399036,0.19145755860924019,-0.08732783088505613,0.06944982341616052,0.2714129342217185,0.02766861588542206,-0.05458808857735025,0.13713034818793082,0.2783430284777934
2025-10-14 03:00:00+00:00,0.22095053005237603,0.27697916866399036,0.19145755860924019,-0.07098178915263756,0.08218684348102084,0.24736203321242412,0.02429426645359288,-0.0511947766796771,0.13713034818793082,0.2641297559904087
2025-10-14 04:00:00+00:00,0.22905034267762908,0.2803895602335566,0.17477335030791008,-0.053409496634191055,0.0907596535868444,0.22805523128904986,0.032031396331054354,-0.03912470032524677,0.15248238503569211,0.25505979265438605
2025-10-14 05:00:00+00:00,0.23358623371303291,0.2803895602335566,0.17477335030791008,-0.04581587502243427,0.10943181039277898,0.20655038834477682,0.032031396331054354,-0.03275904071014995,0.16757788214142127,0.24302044775532863
2025-10-14 06:00:00+00:00,0.24321880666451193,0.2860745738600839,0.16244603782973846,-0.024250448041002053,0.13211575866740885,0.18104145419557713,0.04494833156715007,-0.024606582895612687,0.18507831783921858,0.23342930349810703
2025-10-14 07:00:00+00:00,0.25286051242245816,0.29315010182318046,0.15010771615974303,-0.0009085875708329045,0.15228436247093505,0.16134595562893306,0.051681692132641545,-0.018475220780657636,0.1931376350939977,0.22202318678843322
2025-10-14 08:00:00+00:00,0.2579973609125645,0.29315010182318046,0.13775452695722704,0.019625823867270846,0.17228295659327555,0.14406296348490583,0.05845851072158693,-0.010274609670120893,0.2026869613169462,0.21419260078753985
2025-10-14 09:00:00+00:00,0.26359061013671187,0.29315010182318046,0.13230880186356248,0.027489299234411842,0.17967189050034502,0.1361756901111125,0.062491980978002196,-0.004682685962054377,0.20600299776855535,0.20879335814571912
2025-10-14 10:00:00+00:00,0.267939540565661,0.2946091301264168,0.12686125889553723,0.03605105965954351,0.18544704256183414,0.12960731290655733,0.06627325960633823,0.0009220800682923734,0.20931308885200667,0.2060113027872667
2025-10-14 11:00:00+00:00,0.2723044545896165,0.29606960374121183,0.12141021161198204,0.04438329442780882,0.19114117376349424,0.1199357332487167,0.07088903675306038,0.006460208128226117,0.21261773642993462,0.20322614694861071
2025-10-14 12:00:00+00:00,0.2742701862844138,0.2956203670455273,0.11878715615411772,0.043511139144839596,0.1896914549575387,0.11553608830123563,0.07036219347085743,0.005864717132505312,0.21360315681377148,0.20114549003838866
2025-10-14 13:00:00+00:00,0.2763315912072875,0.29523764692124516,0.11607499326622828,0.04316196734990677,0.18900536542912963,0.11072550094792186,0.07026091965320072,0.005791872895040621,0.21459471431459345,0.19899656388836723
2025-10-14 14:00:00+00:00,0.275542774057273,0.29489831737691935,0.11639159665761152,0.04108782897369635,0.18656124885046776,0.11111576293644232,0.06996658955123283,0.005567065354666661,0.2146982302964726,0.1991146661671381
2025-10-14 15:00:00+00:00,0.26754385134442893,0.29263731751953304,0.11911370621032837,0.0319064173804696,0.17579288489216438,0.11626112841576891,0.06802846092858092,0.004057753066213684,0.20915057785308197,0.20120325233275999
2025-10-14 16:00:00+00:00,0.26374645671617225,0.2904159021940224,0.12178458434422787,0.021660769556281507,0.1701791876185097,0.12127971119006174,0.0661240261634368,0.0012791974205267167,0.20963830275797993,0.20325397052230146
2025-10-14 17:00:00+00:00,0.26001973398062195,0.28823302282061264,0.11622742819212899,0.013151701472514264,0.1631819453126141,0.12885268528705374,0.06425239980048833,0.001115350199607299,0.21011865470857893,0.2070551513643211
2025-10-14 18:00:00+00:00,0.25967007075202536,0.2901803603544732,0.11886441060589222,0.0049260372864589055,0.15925580231242287,0.13615671723405917,0.06514900471048006,0.002226047873341805,0.20475971753886313,0.21077294531376162
2025-10-14 19:00:00+00:00,0.2619910371194807,0.2935926577886948,0.12145295634398702,-0.001784953908033189,0.15540428302053494,0.14070219670637454,0.06734023693765875,0.003318504997982603,0.20526658030339598,0.2158725886777339
2025-10-14 20:00:00+00:00,0.2642690474521202,0.29805131170799487,0.12399439199146906,-0.009525731083498233,0.15295394336926713,0.14759150231802323,0.0694933869354644,0.004393176896233273,0.20576587207136046,0.22083419060069842
2025-10-14 21:00:00+00:00,0.266505285500621,0.3023902296926055,0.1323036725626593,-0.01702278155623808,0.15054543584486027,0.15187602532002714,0.0703253648098102,0.005450503561805646,0.20625776455424266,0.22566351755145175
2025-10-14 22:00:00+00:00,0.2661130448629892,0.3055410641992126,0.1346624298661459,-0.024288232725970887,0.14687473114566676,0.15838701355947749,0.06572062765519097,-0.0008918688499130989,0.20110740206084093,0.23036600719678665
2025-10-14 23:00:00+00:00,0.26253220497832597,0.3033195221070384,0.12929884820970766,-0.032426116677514376,0.13910354945568665,0.15968712255769252,0.05546331592324445,-0.008256957337299637,0.19606268906230598,0.23360672094535323
2025-10-15 00:00:00+00:00,0.2552589909098845,0.29590433152374046,0.12405101826648655,-0.04028270653704269,0.13295025421991521,0.15777078544931622,0.04701857979701172,-0.017673357324141745,0.1843350560251983,0.23113486547885218
2025-10-15 01:00:00+00:00,0.24205245961370775,0.28244233233978466,0.12825994251404987,-0.05289867613825011,0.12397071977126872,0.1537744261154838,0.029282058895077078,-0.03288342634584767,0.17518688359297305,0.22990180040870417
2025-10-15 02:00:00+00:00,0.23406764020371004,0.2814169625632339,0.15344114922771934,-0.05787441732806669,0.10479733532428873,0.18377721580288314,0.03907863276482546,-0.024965850543606113,0.15559585519576571,0.2497355427168565
2025-10-15 03:00:00+00:00,0.24812212384934856,0.29085461970218707,0.16997980258995604,-0.03924888241729225,0.12465351195062022,0.15826804584922338,0.04229195814382408,-0.024965850543606113,0.16834751835431436,0.2394269417960228
2025-10-15 04:00:00+00:00,0.2600113549028373,0.29640652236239984,0.1542658841515793,-0.023950648915675835,0.1346732458471013,0.1405099169514157,0.05407441756075001,-0.021552109643028963,0.17069416741420385,0.2311920518521938
2025-10-15 05:00:00+00:00,0.2536837090610483,0.2990740909892236,0.1542658841515793,-0.014226153425670525,0.13808924588477783,0.11902250838353276,0.05808510340578842,-0.02564886243499505,0.16369199546580412,0.2146872291797808
2025-10-15 06:00:00+00:00,0.24308892001396004,0.2990740909892236,0.14211898465526573,0.0009571452447471408,0.14693435485379877,0.09727808295502012,0.06227798255328751,-0.023640008880623464,0.15546812090805806,0.19758325828027537
2025-10-15 07:00:00+00:00,0.2374370902487896,0.2958304933420274,0.14577005254229683,0.015496315323744663,0.15477612130908647,0.07667271251927578,0.06309315091232402,-0.02093884891224242,0.1621015120789483,0.18325271246896885
2025-10-15 08:00:00+00:00,0.2328055545282662,0.2890416189411719,0.1374041821726734,0.027934262391713007,0.16274032394726626,0.0645184751247917,0.06496398553881173,-0.018286796943258736,0.16052893253224887,0.16440445463757314
2025-10-15 09:00:00+00:00,0.2307257332377873,0.285731629175691,0.1374041821726734,0.034777226307449435,0.1647088155292605,0.0544997103403249,0.06805139556235396,-0.015503949201842273,0.15690896225084316,0.15379156184758563
2025-10-15 10:00:00+00:00,0.22922156758994866,0.2842390524538118,0.1374041821726734,0.04301251811524948,0.16530531116847,0.044912077335161345,0.07290463925557418,-0.012657649166575757,0.15438363578840608,0.14520498701684909
2025-10-15 11:00:00+00:00,0.2277128008295527,0.282747588005624,0.13193600874104291,0.05023717715845297,0.16590060633498607,0.03445590698311291,0.0767154344701387,-0.01074880011721903,0.15438363578840608,0.1362779581689874
2025-10-15 12:00:00+00:00,0.22889982712491927,0.2830373171841556,0.13303606840846424,0.04876909800850141,0.16556160258321495,0.035791407318764026,0.07597228180621902,-0.01127975599965905,0.15731208190908838,0.13983040218611156
2025-10-15 13:00:00+00:00,0.22889982712491927,0.2833291074716733,0.13415441670698494,0.04747198478340202,0.16522413218773582,0.03712917050958596,0.07523562617071955,-0.011700999663182277,0.15706858769857523,0.1409810716887392
2025-10-15 14:00:00+00:00,0.22889982712491927,0.28362296810113696,0.13415441670698494,0.046396684089453466,0.1642251769458555,0.03898529164884251,0.07466849367313724,-0.012410036350441385,0.15706858769857523,0.14216693016885742
2025-10-15 15:00:00+00:00,0.22889982712491927,0.2857005600447866,0.14190657290373568,0.03659161304869085,0.16028832431669027,0.04952114701477364,0.0685130465307278,-0.017323140484557825,0.15706858769857523,0.15050644059488047
2025-10-15 16:00:00+00:00,0.22889982712491927,0.2877813188497573,0.14190657290373568,0.028117016036115938,0.1543235537472787,0.06412411634666666,0.06363577288399407,-0.02101897553530416,0.15706858769857523,0.1611897973391488
2025-10-15 17:00:00+00:00,0.22889982712491927,0.2877813188497573,0.14190657290373568,0.018679807496743795,0.14948377138446065,0.08216733345790009,0.05884587155909021,-0.02727295654518941,0.15706858769857523,0.17071427348459428
2025-10-15 18:00:00+00:00,0.23161974670539293,0.2845768851626019,0.14190657290373568,0.00931236491077825,0.13939004349831383,0.09312046335408483,0.0552683184560048,-0.032358013507407725,0.1613779312944204,0.17734827703981626
2025-10-15 19:00:00+00:00,0.23161974670539293,0.2813644169150111,0.14190657290373568,-0.0011112602461353723,0.13042984083212822,0.10712734254045904,0.051666734661774516,-0.03486284699673183,0.16685808430178337,0.17922719141229823
2025-10-15 20:00:00+00:00,0.2300828526307744,0.2779583191485014,0.14190657290373568,-0.011586939810209517,0.12174989402758746,0.12112812170892819,0.044573082247573864,-0.04002823893773524,0.1723731414359435,0.18328027295377686
2025-10-15 21:00:00+00:00,0.2300828526307744,0.2745294238690545,0.13415441670698494,-0.020009252510408713,0.11942156489380637,0.1323307542352295,0.03732072650049055,-0.04391436852665765,0.1766300086507664,0.18730314731372014
2025-10-15 22:00:00+00:00,0.22734872103345125,0.2719072453973712,0.1264547788053603,-0.027323141341426268,0.11015333642044264,0.14366542731114426,0.03341620870762922,-0.04513759122745728,0.18913931843224022,0.19378423040799353
2025-10-15 23:00:00+00:00,0.22734872103345125,0.27402926383699044,0.1264547788053603,-0.033304689928949666,0.11136634350884632,0.16016567234856982,0.03205478817846109,-0.04513759122745728,0.18913931843224022,0.2059054603378651
2025-10-16 00:00:00+00:00,0.24647450405142346,0.2942699258754465,0.15262434817060172,-0.013992901972094244,0.1350559656097214,0.1721245761138597,0.059455760428657876,-0.012088197090341523,0.20290478172121115,0.22292230266493432
2025-10-16 01:00:00+00:00,0.26827868446933917,0.32195751261573174,0.17953252008172296,0.0,0.15624656821638808,0.20047147068161214,0.08731948970683415,0.012843006790108427,0.2311194270481707,0.2565971474281018
2025-10-16 02:00:00+00:00,0.2902369849356397,0.3536949848714669,0.19718084093767402,0.01535781873671593,0.17772623982194083,0.23866430166625607,0.11233975540138422,0.0359555210021361,0.26034321311482983,0.2884761896814433
2025-10-16 03:00:00+00:00,0.2867511463198615,0.34113282738199935,0.17878290687061738,0.017686760689138468,0.17936724555662126,0.20792729965326706,0.10661495321971122,0.027921864076446822,0.23949469260867984,0.2678214956999105
2025-10-16 04:00:00+00:00,0.28242291452728624,0.33514614764937867,0.17497128804055753,0.019630838578452447,0.1757242076042539,0.1930106463160686,0.10053106095531575,0.02079770502839429,0.23003400852561215,0.25520577580243486
2025-10-16 05:00:00+00:00,0.27807066020046745,0.32840799800243414,0.17113618672089964,0.027551677609830162,0.1785160307153369,0.1772806552120586,0.10014663315659186,0.013971930984713445,0.22806923852391303,0.24193051641423025
2025-10-16 06:00:00+00:00,0.2744983895484727,0.3236863903304864,0.1672770291959206,0.03895830497216788,0.1833015080927539,0.1620351283141124,0.10940631474273925,0.02064968145275227,0.22137425597618537,0.23705631793176657
2025-10-16 07:00:00+00:00,0.2756059765211436,0.3280202210636967,0.17546226213643423,0.05157748957051021,0.19006633174494061,0.14981205111554946,0.1169726299396887,0.028636084533085443,0.22278933078913288,0.23155728329154868
2025-10-16 08:00:00+00:00,0.2822323314232068,0.33133081570887934,0.18377834232346638,0.06373563217852367,0.19627224140601235,0.1335722373333324,0.1260265617432935,0.03678935567774789,0.2276387196669978,0.2229076833480915
2025-10-16 09:00:00+00:00,0.2825732509723123,0.33215903541037484,0.18631823260818525,0.0676264531871848,0.19560121477633366,0.12639656942768546,0.1299938374840619,0.04028538973006203,0.22359375736671705,0.22178585489956923
2025-10-16 10:00:00+00:00,0.2801347493593643,0.3314330917631443,0.18205212619965447,0.06944295184467497,0.1937652070198529,0.11916325750889156,0.13244458985323707,0.0392070474144573,0.2164879173265098,0.2179104399706852
2025-10-16 11:00:00+00:00,0.27769634244544306,0.3303141328511324,0.1832342817989266,0.07051049390555059,0.19325307224784818,0.11327035021299357,0.1338289661342605,0.0383534084622719,0.21603743028377406,0.2150467156134935
2025-10-16 12:00:00+00:00,0.27769634244544306,0.3303141328511324,0.1818903206740942,0.06920526919405544,0.19222970669686124,0.11620023537916613,0.13334530109888754,0.03801534523472657,0.21603743028377406,0.21553213089706544
2025-10-16 13:00:00+00:00,0.2737334332277344,0.3290053373151893,0.18396860613108607,0.06393174976304657,0.18781166710480304,0.124510798370242,0.13088170682434208,0.03804887814502417,0.21625846756930073,0.218773658146279
2025-10-16 14:00:00+00:00,0.2698372605410505,0.3292124784634781,0.18604301200095086,0.058754642489319366,0.18563612857983422,0.13261168343423257,0.1284866723551265,0.03804951634817682,0.21695301623827,0.22400157768161316
2025-10-16 15:00:00+00:00,0.26600681658684544,0.32940572736043705,0.18016709229423322,0.05263421484914938,0.18216352517245066,0.13684149090183045,0.12617225241205698,0.03817852092602892,0.2112477951575771,0.2270884492864732
2025-10-16 16:00:00+00:00,0.2629345005595158,0.3266591129108497,0.1686630197396685,0.05738310687939902,0.1863535110562897,0.11976842612556858,0.12188567245991697,0.035120551720533785,0.2253603873896166,0.2183813379656771
2025-10-16 17:00:00+00:00,0.25721892202166025,0.32183898186178117,0.18387129680229544,0.06166537112669111,0.18457318509801685,0.09432176209194439,0.11420344226355443,0.030624145352485865,0.21612721691461367,0.20230519663192897
2025-10-16 18:00:00+00:00,0.243662141020179,0.30693083019123785,0.18086114467326597,0.06402155255576936,0.17798302006665057,0.06992958185404839,0.10204275712582023,0.02270195307904925,0.20686375607777982,0.18710296400139304
2025-10-16 19:00:00+00:00,0.2266343585932538,0.29546380549586265,0.17339893241741117,0.061185814016690286,0.17359014567250414,0.06120332325520458,0.09236171231639084,0.014023490101471421,0.20417236058237143,0.17901889943569949
2025-10-16 20:00:00+00:00,0.20782338561257074,0.2790522426336554,0.16599937694648312,0.05554548613526652,0.16224527556271467,0.05252858938719369,0.08378561698907042,0.0036530279890901454,0.2015253190721292,0.16543533622661633
2025-10-16 21:00:00+00:00,0.19892371608081882,0.2780025185921717,0.15846166393593075,0.06061530592377199,0.16042035621554235,0.04214220295643485,0.08671284171271564,0.0053748307195665606,0.20010346267034548,0.15729590844046282
2025-10-16 22:00:00+00:00,0.18465333107408885,0.26406130059727645,0.15127151477994216,0.056600243412155575,0.15697030331608197,0.031464621882092474,0.08614551893424628,0.005218829667818282,0.19752224941780153,0.14701356243920538
2025-10-16 23:00:00+00:00,0.17380088304584423,0.25679734978918584,0.15272723695692625,0.05904518483324613,0.16097413593585239,0.02128427767509895,0.09498131714913889,0.012418664756211686,0.19498111096354365,0.14370213241972596
2025-10-17 00:00:00+00:00,0.18500591978869046,0.2759986590962606,0.16521302979834265,0.07001856466470449,0.16721912499869515,0.018311677320732023,0.11659367541826639,0.031505615068632115,0.1989822220910235,0.16192390134111123
2025-10-17 01:00:00+00:00,0.1938727044152722,0.29981578395102393,0.17913227647180321,0.07781405475177722,0.1736648588049946,0.019529233333714535,0.13662393642781911,0.04834738784516095,0.21318140606808153,0.19000190952801518
2025-10-17 02:00:00+00:00,0.19931994573784156,0.3152257372975326,0.20028936457495736,0.08222452121525117,0.17829375368938297,0.027445775490491802,0.1472453459914806,0.0608642605692661,0.22222441463041973,0.20855128729289027
2025-10-17 03:00:00+00:00,0.1960298008434237,0.30318979967879855,0.19327456512837346,0.08608004278123273,0.1769592963281662,0.01159443207015964,0.13954059758845655,0.05191393463864148,0.2062032318932716,0.18805795050195698
2025-10-17 04:00:00+00:00,0.19409894605810576,0.29662599439118503,0.1894612359427752,0.0898764278725179,0.18000321582217949,0.007416484839254071,0.13553995809851305,0.0469838536744728,0.20293364879887085,0.17594715953255663
2025-10-17 05:00:00+00:00,0.1896734691532807,0.286036113935673,0.18125574252323925,0.09376964188327401,0.18222658296775587,-0.001150317551186201,0.12971123667461723,0.051302378629750775,0.2033171874277793,0.1636902614633928
2025-10-17 06:00:00+00:00,0.18522795557058136,0.28404118576781096,0.17299871765551664,0.102961986708059,0.18937567286309323,-0.00302979337516846,0.1361942540328715,0.06155690786048971,0.20384612134618835,0.16323492908877468
2025-10-17 07:00:00+00:00,0.18884703587182,0.2855176348953158,0.17612899423761286,0.11473215676420027,0.2000020639698691,-0.005019165851844424,0.14530572710167625,0.0723976921604399,0.19683250746395706,0.16924890502206863
2025-10-17 08:00:00+00:00,0.1949977582292264,0.28771115701014727,0.18162267356128084,0.12736550976890237,0.21495684529276318,-0.006064999466150685,0.15700390769279374,0.08352926815526569,0.19926484433650288,0.17032730255466297
2025-10-17 09:00:00+00:00,0.1976514219061616,0.2884032761675631,0.18412447844264396,0.1320672775375507,0.22086848030904338,-0.010772244694859993,0.16126000423833162,0.08799843549398194,0.20020307500647194,0.17037138761011356
2025-10-17 10:00:00+00:00,0.19415743173456368,0.2837765996421222,0.17490014498301404,0.12772829562967608,0.21343978463242239,-0.017203249528557733,0.16358859793650143,0.08191750314883578,0.1874391236516484,0.16050561887947856
2025-10-17 11:00:00+00:00,0.19076161695231317,0.28020678892933853,0.1706294784200706,0.125826753601451,0.21012032833967986,-0.02378387986684554,0.16181739767896347,0.07671622187331441,0.18271939146276522,0.1508216942170084
2025-10-17 12:00:00+00:00,0.18312996974813245,0.27803045683826344,0.1658576790661343,0.11975624705038547,0.2055517773171758,-0.0196670391787636,0.15941567577103063,0.07571477888054798,0.17713236565648396,0.14775664327322446
2025-10-17 13:00:00+00:00,0.1697519574480752,0.2729415722508833,0.1694619296541687,0.10932436609850212,0.20000165154652616,-0.004971149481013722,0.15497358035197686,0.07410189155563968,0.1776658758264528,0.14054293559964048
2025-10-17 14:00:00+00:00,0.15682234138708878,0.267459077478379,0.17303645103992707,0.1013456285719203,0.19235036166877606,0.009145224880585308,0.15064658386158658,0.07256377891047207,0.16779888431176715,0.13953140085824248
2025-10-17 15:00:00+00:00,0.15052322648623492,0.2572591840811752,0.16166804203927881,0.09366224876896433,0.18500670346194198,0.014982430559731159,0.1465390363903486,0.07124365568507399,0.1582475167550541,0.138548789234866
2025-10-17 16:00:00+00:00,0.15507518273484097,0.2585217278762378,0.1591146239137585,0.0939684569259702,0.18787629394451152,0.004711525194995873,0.14377827838167065,0.06097900086029963,0.14844907984015887,0.1374462060853406
2025-10-17 17:00:00+00:00,0.15656185633076591,0.2522079809221918,0.17478791817232942,0.09144463566813839,0.18092189976842646,-0.009566895988100817,0.13330055435009944,0.0505732192711492,0.13857399418615016,0.12600583614105024
2025-10-17 18:00:00+00:00,0.14611929543808144,0.23581395812937192,0.16424116636878214,0.08363840272776162,0.1717226727302448,-0.018379713175283145,0.12061459712631585,0.036721382398678844,0.14072198663043206,0.10729841308822827
2025-10-17 19:00:00+00:00,0.1297401230387935,0.2145615110410662,0.16572464846943316,0.07345751741090405,0.1621417457530719,-0.025719744473011296,0.10971617428553845,0.02943694802817479,0.13732444592185586,0.09474270782099382
2025-10-17 20:00:00+00:00,0.1173665596294423,0.19195498029500987,0.16942814009490645,0.06128071806258123,0.1473013583407454,-0.03268906640689768,0.09863984391607039,0.021303768638098804,0.13638259547331888,0.08243014661441161
2025-10-17 21:00:00+00:00,0.0970195388008161,0.17010597689278492,0.18175000386049922,0.0498132748358745,0.12925625695835563,-0.028249797085428262,0.08737611415792479,0.010968756477174865,0.1328716538944751,0.07035105710678002
2025-10-17 22:00:00+00:00,0.08342569072574119,0.15389373716846366,0.19405983450700903,0.04237631386245445,0.1237463664815084,-0.02980485338419108,0.08360682970593211,0.010824851493650539,0.129390333484583,0.05849616083705824
2025-10-17 23:00:00+00:00,0.08599249495558212,0.15461083779893947,0.20636278788876958,0.04708014450611473,0.12857345805907508,-0.006838652652513936,0.09728874742340954,0.024983453245770042,0.13938730083188844,0.06989944931898448
2025-10-18 00:00:00+00:00,0.10043355472104494,0.16512302094886214,0.2317365828135709,0.05668719396812412,0.13167812769975756,0.016041947242327822,0.11435162925786604,0.04268112940951527,0.16281335863106872,0.08887750569798569
2025-10-18 01:00:00+00:00,0.10977167017658228,0.18142513012798214,0.2462979109242598,0.05651861620238357,0.12581360080836662,0.03303030293115633,0.12935692419646594,0.0608184060663491,0.16311617030185846,0.10584584396313235
2025-10-18 02:00:00+00:00,0.12186015852365147,0.2056461524769146,0.2928330769896667,0.05545121730970967,0.13063064147908568,0.055204430021430724,0.14988052730930682,0.08043027053872127,0.16340933411127667,0.1288726379771797
2025-10-18 03:00:00+00:00,0.12108885260874534,0.19430775761569907,0.28617713679183876,0.06161365055684603,0.12522377629440176,0.026736013868415075,0.14181706228679353,0.06770776497456574,0.1593095055932138,0.12050173905544038
2025-10-18 04:00:00+00:00,0.12174309758251887,0.18838000943245756,0.2824290276429375,0.06741932375333157,0.12648418298175798,0.014658142944126798,0.13754876513063577,0.0604810392915545,0.16495270055968947,0.11661696983406376
2025-10-18 05:00:00+00:00,0.11516405844287857,0.1797750850098498,0.27177734599746195,0.07270107446460883,0.13274308763005216,0.003761774462015705,0.13394337393188174,0.0586864595832676,0.1630716977874698,0.1052417726329519
2025-10-18 06:00:00+00:00,0.11485728820987581,0.17385026445566343,0.26646924086417234,0.0843135588136372,0.14902434828572358,-0.005996299050301306,0.14347787286772326,0.06825561636400865,0.17266046312142605,0.09779663396215973
2025-10-18 07:00:00+00:00,0.11600448071843468,0.17933883793186237,0.2686086090560118,0.09944655894974964,0.15957261901265338,-0.01621175755607759,0.15592676979357153,0.07802553252617618,0.18445256428037268,0.10145297936531918
2025-10-18 08:00:00+00:00,0.11900799882847975,0.1821301302984058,0.2710405804288903,0.10644858785463779,0.16778125053925863,-0.019236673938752696,0.1618904628765192,0.08363978395200505,0.18592631843301335,0.10404616587948244
2025-10-18 09:00:00+00:00,0.1168879148839801,0.18720022591584567,0.2751467930888091,0.11081128874519547,0.17176572067631615,-0.022720208700823575,0.16898266963721187,0.09070650663086781,0.1787657991385492,0.10391042592581487
2025-10-18 10:00:00+00:00,0.11511849783638685,0.18701188125272003,0.26251123797531506,0.11349335346963318,0.1716275878154108,-0.02924109945028069,0.17012999886682292,0.09171605398528457,0.17578888371156393,0.09780441346007947
2025-10-18 11:00:00+00:00,0.11310602471000002,0.18629466424445332,0.25260010345784134,0.11458660591477861,0.17066020096280854,-0.03321786592014199,0.17209089757723217,0.0908478567330876,0.17249730693173435,0.09117978128692569
2025-10-18 12:00:00+00:00,0.10629242411887659,0.1871331866436023,0.24446437454906148,0.11009970957765788,0.16793917003560221,-0.02443214851026257,0.17137041533873168,0.08867137938027862,0.16736418091499586,0.08952165777067181
2025-10-18 13:00:00+00:00,0.10047036901913917,0.18720970163406658,0.24624180962956116,0.1056300425709844,0.16727662009251942,-0.015866428406752474,0.17068756644675362,0.08953008913638523,0.16234804031350844,0.0867766928712824
2025-10-18 14:00:00+00:00,0.09769060250230266,0.1872898951493647,0.24801665105709614,0.1012514470732098,0.16527594227836437,-0.006255456970992301,0.17004214307922577,0.08855736789797697,0.15775766738804325,0.08404575687878156
2025-10-18 15:00:00+00:00,0.0928069191286782,0.18657582238492196,0.23706101394524995,0.09432885088652847,0.15565875592204442,-0.0016050983730214016,0.168765332067298,0.08734300080697936,0.14949621165432236,0.07840965541244334
2025-10-18 16:00:00+00:00,0.10217056527175511,0.18057516036901955,0.22611037862441205,0.0888918269235838,0.14533043383245825,-0.011866778445986721,0.16089147040924934,0.0780255919128279,0.1485094772661836,0.0844784284017982
2025-10-18 17:00:00+00:00,0.10116048555409397,0.17025468915947817,0.21539296167475003,0.07462246167707194,0.13361467837336063,-0.021491157360398062,0.14500102196881645,0.06377033416944096,0.13551309354181432,0.07399642932771348
2025-10-18 18:00:00+00:00,0.08993681198349815,0.15185346384794018,0.2048924181704279,0.06095970183630245,0.11173492266866261,-0.018873385960722244,0.12903245632408786,0.05133513626682397,0.13397455690466195,0.06368533679914683
2025-10-18 19:00:00+00:00,0.07415071313219522,0.13654365574494784,0.20833113739035874,0.04518135497841792,0.09249321408193978,-0.022496839337623885,0.11509975920845433,0.039884902082609565,0.11881509536857866,0.0521061492155099
2025-10-18 20:00:00+00:00,0.04946608642646464,0.11659703306753352,0.20129063998382513,0.02687188104606193,0.0743740970297783,-0.02578493136491743,0.09911548423678017,0.026611186804200583,0.11013913602810269,0.04072403705840918
2025-10-18 21:00:00+00:00,0.02236304723841515,0.09195167887184079,0.20444626082909756,0.009524928766891691,0.05310698767623997,-0.021823035754816707,0.07991261897875225,0.013353631527438162,0.09323036416580326,0.02953109066425414
2025-10-18 22:00:00+00:00,0.0010297172437782405,0.07087604043167886,0.21376039761636947,-0.006960638299485343,0.028582344614828916,-0.018477740879712996,0.07148832576145232,0.008894893245110343,0.0806874240173114,0.0185196760062933
2025-10-18 23:00:00+00:00,0.001313036807894086,0.06183133794892162,0.2163420011458931,-0.01067348702722229,0.027755720545790875,-0.00763739416231035,0.08132785356391829,0.01963307002292959,0.07522794884912654,0.022174825454935772
2025-10-19 00:00:00+00:00,0.010393572938859992,0.06309626594785647,0.23446258265301098,-0.011239618693480414,0.031900367040971066,0.010843451868372468,0.09300443375135255,0.035982619435688194,0.07572405533070269,0.036971253014482404
2025-10-19 01:00:00+00:00,0.03265819032523784,0.06954450888414401,0.22610701733784444,-0.015867195232177778,0.027326996414824382,0.013002040865071068,0.10842782736972881,0.053695763772506365,0.08068139738265714,0.06669646400674742
2025-10-19 02:00:00+00:00,0.04748317045910164,0.07473224272195113,0.22070124136120117,-0.02978103577296147,0.019315163020029627,0.020733763079807295,0.12312144658153712,0.06492388623891486,0.07661204685084586,0.09664809525632098
2025-10-19 03:00:00+00:00,0.032980593101582904,0.07221977409136106,0.22732065287230063,-0.007785073876305508,0.020738979531866274,-0.0015150341034340447,0.11853179519268965,0.05442238574989298,0.08627054005671157,0.07590375587900935
2025-10-19 04:00:00+00:00,0.029964385653554443,0.07085520768416134,0.23036843496887444,0.005241808531269006,0.026764600017627285,-0.015683417985472493,0.1160079063697705,0.052220034942499646,0.10127507832192174,0.0647707364165999
2025-10-19 05:00:00+00:00,0.021189833758578688,0.06667084921492139,0.2358842882952239,0.016335355356736112,0.04131394275672039,-0.020058630539124093,0.11899638128671541,0.05029345179774139,0.11504712525728968,0.04672416646062939
2025-10-19 06:00:00+00:00,0.01693334816680174,0.06842200844948083,0.24144956629679684,0.03573098744244876,0.06375084906439524,-0.024684557621198935,0.1304059537159446,0.06064390214950293,0.1292841679287853,0.029236114964773536
2025-10-19 07:00:00+00:00,0.023524077979495482,0.07954723100633583,0.24706610201946075,0.0569925735534147,0.0918666669525272,-0.029566547331259935,0.14456843281806045,0.07589397458522652,0.14488280690686073,0.02870513557840027
2025-10-19 08:00:00+00:00,0.026913937657583802,0.08681759534112354,0.24954821659491136,0.06586321902716079,0.10335628558799653,-0.03219672273228374,0.15130145831163838,0.08181667187227208,0.15173808111468853,0.03222452079911037
2025-10-19 09:00:00+00:00,0.02905413316330596,0.09165429962915647,0.25203526652066066,0.0742504898490477,0.11317328679510526,-0.03264747930880329,0.15820720497332982,0.0878892291324126,0.1567055964974413,0.03305747454133398
2025-10-19 10:00:00+00:00,0.03128644850258657,0.09399847909003795,0.2511800228723106,0.08083615158091781,0.11361091603048397,-0.036452566292459916,0.16314205379582872,0.09097968383621045,0.15748409170407074,0.03272287649014516
2025-10-19 11:00:00+00:00,0.030353382309868063,0.096983009980005,0.2457251432493415,0.08677640273750939,0.1164063753145639,-0.035555007263576285,0.16860793516147685,0.09239088504973707,0.1557795500952086,0.0304307979499443
2025-10-19 12:00:00+00:00,0.02659544303499211,0.09342254869979563,0.24760979237389288,0.08368300847591176,0.11626603671521185,-0.026519446458320505,0.16793412943752636,0.0912628136603559,0.15128495588484292,0.033799920113977464
2025-10-19 13:00:00+00:00,0.022902865201687803,0.08993291236236499,0.24949062352603654,0.08053047346503196,0.11587060325242186,-0.017645173516374447,0.16734892901723689,0.09151608329584913,0.15379870520845348,0.036054132233203334
2025-10-19 14:00:00+00:00,0.010693017439637634,0.09028192831548237,0.23657565458377955,0.08036562594820092,0.10921023165338574,-0.004206015735813993,0.16696244025529597,0.09005790017241339,0.1579952401442834,0.04668542385620206
2025-10-19 15:00:00+00:00,0.006029439005091429,0.09141917255335112,0.22409524234888192,0.07735212740186224,0.10635573138260555,-0.0009458058194029395,0.16348212853586272,0.08928614685530992,0.13963809847769218,0.04558153392086829
2025-10-19 16:00:00+00:00,0.0020773488027111225,0.08415567875716799,0.22883614851937498,0.057088502475609995,0.08979672684537499,-0.005645574369684682,0.1486005075893294,0.07557531829483578,0.12152327904934657,0.036232947675048366
2025-10-19 17:00:00+00:00,-0.00555357454803987,0.07687304700480647,0.2173403922575434,0.03127389179555149,0.06775658149257571,-0.009834244026910422,0.12984424029977376,0.05803797262755685,0.10309422099439042,0.020184980756426895
2025-10-19 18:00:00+00:00,-0.01748386598429402,0.06358436826462455,0.1997079579850306,-0.002817592671027372,0.03647217038322509,-0.020524067961672565,0.11102880564188801,0.04215615259057614,0.0843140531586153,0.004567434560161821
2025-10-19 19:00:00+00:00,-0.029524034625382344,0.04727562762075085,0.18160134615868107,-0.04026984279241133,-0.004648594386424824,-0.023799271683206752,0.09213153258880813,0.022305034251341057,0.065144480186692,-0.010643823302190266
2025-10-19 20:00:00+00:00,-0.054190967427492395,0.027472730998806982,0.1665185179254136,-0.07568674153269171,-0.03872707426027391,-0.029521492083757556,0.07947145230210752,0.005653310591294351,0.048923831598422514,-0.020906542278339383
2025-10-19 21:00:00+00:00,-0.08184736409384363,0.003871806510644312,0.1678530954436721,-0.11640195000613598,-0.07398364963682003,-0.03503569976309327,0.062479591876697646,-0.00724390995894542,0.03216090085990141,-0.034987247380735526
2025-10-19 22:00:00+00:00,-0.09938113032771809,-0.016442295955830025,0.16899093413347224,-0.14256784814532303,-0.08534572828306844,-0.03340673825646085,0.055185941301219316,-0.009634493102970553,0.046256655074949145,-0.04500324815982804
2025-10-19 23:00:00+00:00,-0.10153637579653804,-0.0157589652547965,0.16993351850998703,-0.14782055002925326,-0.07993685649955981,-0.03139136530126907,0.07049209484574889,0.003258656669432595,0.04422471285105659,-0.047362145823093615
2025-10-20 00:00:00+00:00,-0.0937993619036656,-0.004688229375921208,0.17068205041787343,-0.15001811257692116,-0.07751797034083141,-0.022158167799254003,0.08502485654575934,0.02223756920850662,0.0420085634310644,-0.03451714636845132
2025-10-20 01:00:00+00:00,-0.09011569180906812,0.012549755231209209,0.16598008968749575,-0.16122432066572262,-0.0778417819392255,0.007049855110920864,0.09189961356032245,0.03786870116389532,0.04990148353308034,-0.01787010085947205
2025-10-20 02:00:00+00:00,-0.0865357918172369,0.024848909782433568,0.16102499012555493,-0.17861968492052888,-0.07106291303516361,0.024227866914610735,0.09890922174910963,0.049323741660324154,0.042450203807024044,-0.001994033717902694
2025-10-20 03:00:00+00:00,-0.08900278245997122,0.01270804439768214,0.1549618333793634,-0.16814870023452178,-0.07080072189168254,-0.0013851528682326695,0.0975826007643538,0.046489619090060455,0.03898109652285312,-0.014708013262300373
2025-10-20 04:00:00+00:00,-0.09151771686171765,0.006167979679578827,0.1648889823527129,-0.15196567403367559,-0.06571915189947387,-0.015672947903260105,0.09637716990360255,0.04371412736620455,0.03738440411011958,-0.02120534422549264
2025-10-20 05:00:00+00:00,-0.08892873403865516,-0.0013959986478111084,0.16119058995023605,-0.14552935525210495,-0.061988945717241596,-0.02504696410189972,0.09164553303785969,0.04382148912128818,0.03374606713060725,-0.02765474108317615
2025-10-20 06:00:00+00:00,-0.0818774578459555,-0.012520926440332576,0.1641253239371849,-0.13878458894238668,-0.05895627153354133,-0.0237926322822417,0.09434376445707467,0.055333852640463116,0.03459225440357045,-0.034136508062480954
2025-10-20 07:00:00+00:00,-0.07267238903974112,-0.01789494126567746,0.1672555404961209,-0.12666507662721954,-0.05345817389073524,-0.022670375126263083,0.10670706962740259,0.07033885563627702,0.03389860108181758,-0.029901254190260424
2025-10-20 08:00:00+00:00,-0.06897344584163119,-0.015796114661080767,0.16690327183451809,-0.12267710763342764,-0.048098519190925455,-0.020681806107375432,0.11114213485091995,0.07608643478032384,0.03484723139074474,-0.026208902434635566
2025-10-20 09:00:00+00:00,-0.06644408056274223,-0.013661298710196721,0.16664717548130284,-0.11960102078143972,-0.047260977101044425,-0.018770791707397698,0.11606936878838674,0.08029955730711927,0.032992038483422095,-0.024070499464787926
2025-10-20 10:00:00+00:00,-0.066384110435845,-0.011535397430397106,0.162804948590502,-0.12241026350185485,-0.055825306282101604,-0.012666758509675037,0.11491900139865123,0.07600755774285312,0.021041651535151598,-0.02508274678824141
2025-10-20 11:00:00+00:00,-0.06625145058285914,-0.014211800839784409,0.1559323979980926,-0.12725159421697338,-0.056856055077568864,-0.006759519941874721,0.11388742558912379,0.07549411493190106,0.01999360309932538,-0.020765113918090043
2025-10-20 12:00:00+00:00,-0.06352520706235168,-0.02025252957110945,0.16202370230155735,-0.13166521931802272,-0.057294688943433904,0.007636827161572764,0.1101483983812336,0.07498148186059374,0.023371094209941216,-0.018590721409031525
2025-10-20 13:00:00+00:00,-0.06081505340652384,-0.01913762273621469,0.16482301280729147,-0.1328415405350251,-0.052557088802409786,0.02140905909701328,0.10862498576210587,0.073966658272609,0.024459278243597407,-0.012428944280651794
2025-10-20 14:00:00+00:00,-0.055295602788279295,-0.016882119944112026,0.17303958464641947,-0.1264299957577594,-0.04912942177551748,0.054114080540582414,0.11005227829472944,0.07732570266093242,0.04358955160653892,-0.002946393335592131
2025-10-20 15:00:00+00:00,-0.06071874348261152,-0.01574779989261323,0.15949176793437492,-0.12970988668644556,-0.048579270668056215,0.08281655642759013,0.11229582250618124,0.07008648340891323,0.034138897111969324,0.0029754528824024284
2025-10-20 16:00:00+00:00,-0.07046370131318765,-0.019830555597507373,0.1459560112381637,-0.13432040516271257,-0.0627010267600992,0.0752636958823961,0.09861766989707707,0.06118223833758836,0.03316598904343255,-0.011615146240309947
2025-10-20 17:00:00+00:00,-0.0801277580670182,-0.02956606077495617,0.12495071532835854,-0.14727308201762992,-0.08053295594512695,0.05591306866040436,0.08310303170288548,0.04631860923838004,0.019340864445527583,-0.025841972912771183
2025-10-20 18:00:00+00:00,-0.08971957087390588,-0.04817186671311279,0.11143999691662426,-0.16395520006458025,-0.09431482329578261,0.019173769654756388,0.06749381757087265,0.03354518350022324,0.00565464610729676,-0.039725020212351816
2025-10-20 19:00:00+00:00,-0.09924738986247153,-0.07146251008002091,0.08956123524544345,-0.1851355952991572,-0.11448474247234293,-0.014874039137416755,0.046290402340071674,0.018498089317465823,-0.019889306755876357,-0.05742771648899075
2025-10-20 20:00:00+00:00,-0.11645523225074109,-0.09062221870705911,0.07061084157368402,-0.20168674604034018,-0.1270680443824211,-0.029885573281936365,0.029307470693693185,0.003840587046026576,-0.03645450880944582,-0.07087936866480143
2025-10-20 21:00:00+00:00,-0.13370193075514789,-0.1137840533931812,0.06962994240172654,-0.22452627447556653,-0.14283236184459705,-0.04967271450311022,0.014203826573171515,-0.00854095267636364,-0.054769152037708345,-0.08738143529402742
2025-10-20 22:00:00+00:00,-0.14127913409261264,-0.12762864863793724,0.07623227576783327,-0.228700005853358,-0.15134269975900716,-0.05145301208318489,0.013539880779838608,-0.0033585934787569776,-0.05075270904622993,-0.09637511508396279
2025-10-20 23:00:00+00:00,-0.13916453742243728,-0.12347874234884204,0.0853552748791179,-0.2195682722258606,-0.15275180853860104,-0.04646325950926449,0.027686879674809282,0.01753725866341812,-0.05266128580095861,-0.097981820486427
2025-10-21 00:00:00+00:00,-0.12732785400143012,-0.10947042391694356,0.09450966012880137,-0.21471126835063564,-0.13662286944163293,-0.03547564160594658,0.04591452602772884,0.036418366798721624,-0.04785658557103415,-0.08866235531660155
2025-10-21 01:00:00+00:00,-0.11636772910105553,-0.09365897273664854,0.0869807321196364,-0.21236924136685043,-0.13097234198114227,-0.021414212709756537,0.05938111466248661,0.05602771686327937,-0.04337773128900748,-0.07232877722507305
2025-10-21 02:00:00+00:00,-0.10523222086237097,-0.0762993960091103,0.07984440884467284,-0.21148868244880342,-0.11822432584918668,-0.006642769359778492,0.07257233952789896,0.07588178893113119,-0.036999860319496106,-0.056738410696379665
2025-10-21 03:00:00+00:00,-0.10750730238285738,-0.0902044960492334,0.0745297506766911,-0.21842660504450095,-0.12338185857236686,-0.021599811193436992,0.06524288485267511,0.06373626177196778,-0.04049619900285133,-0.0699491696619025
2025-10-21 04:00:00+00:00,-0.11798918724603169,-0.10449524294300351,0.08463226016980371,-0.22027633289069493,-0.12244569600132796,-0.037155512695287225,0.054731054221955025,0.05142687628995216,-0.054196955599709204,-0.08353549221785547
2025-10-21 05:00:00+00:00,-0.11980560736008573,-0.11613708322557205,0.07381471820311403,-0.2230360641907155,-0.12539071644434277,-0.0376998882853224,0.05696716866964541,0.04177700394698189,-0.06488592436463071,-0.09037335485732256
2025-10-21 06:00:00+00:00,-0.12163684450505456,-0.12799563344886203,0.07516157572226012,-0.22576718732892265,-0.13075826760652062,-0.0351529139340634,0.051809828339934534,0.04639722415172192,-0.06836939116543479,-0.09394629882985722
2025-10-21 07:00:00+00:00,-0.12348340319539272,-0.12976747206044084,0.07660960259052468,-0.22737484549306516,-0.1362095519191392,-0.03578511333448242,0.059558291837315834,0.053277190898180976,-0.06848154513491304,-0.08617481832130454
2025-10-21 08:00:00+00:00,-0.11857035425915688,-0.12647936602557822,0.08049142705070987,-0.22101085597456985,-0.14075690380372258,-0.03068973630914717,0.06660597461070719,0.06349896969033794,-0.061757770932334526,-0.07865117388657991
2025-10-21 09:00:00+00:00,-0.11817831254758683,-0.123825904755167,0.08001896099909202,-0.22023268921593023,-0.14046248643251452,-0.027070417383422356,0.06884654907539589,0.06414872580104893,-0.0601719806689356,-0.07296407465798568
2025-10-21 10:00:00+00:00,-0.11935279988120022,-0.12267541401061227,0.07753709083273205,-0.2219687230440221,-0.14829047571306456,-0.025873203657342317,0.06598989967730491,0.05932720693063679,-0.06344512998933345,-0.07132821902552583
2025-10-21 11:00:00+00:00,-0.12052855328426959,-0.1253987008109349,0.07516772831859561,-0.22376918923339104,-0.15120766792454898,-0.01606199993093749,0.06266166017411665,0.05443498605101374,-0.05847236312656129,-0.06983120683359574
2025-10-21 12:00:00+00:00,-0.11548875080970951,-0.12170308623603615,0.07685862315316477,-0.22590126626461177,-0.14888388352838217,0.0020737237378670834,0.06204033649848812,0.06050297779004173,-0.04638957819689614,-0.06365793670119677
2025-10-21 13:00:00+00:00,-0.1105341856360136,-0.11807753748086344,0.07854154046742118,-0.22257922225553467,-0.14176694760925088,0.016910017828507748,0.060539632597498574,0.06435248779507285,-0.03469933576530302,-0.05327218476557487
2025-10-21 14:00:00+00:00,-0.10260417727143657,-0.11421435822295876,0.081669018693159,-0.2101608798547444,-0.13436044876201045,0.04292491528729243,0.05939185926473246,0.06612427291444375,-0.015290108507336314,-0.029732593722417665
2025-10-21 15:00:00+00:00,-0.0894671952229113,-0.11521025989780764,0.0831093478328082,-0.20444474554088146,-0.12207283628533484,0.06045371375015248,0.05352499495476027,0.06691543501580272,-0.01696476053860304,-0.017800579094184574
2025-10-21 16:00:00+00:00,-0.09346242955057152,-0.1140355588025874,0.07525997747822862,-0.2025061135050105,-0.1294568289902442,0.03980420421088281,0.05084004563007906,0.06446112486305944,-0.029164609659353354,-0.03138953902511436
2025-10-21 17:00:00+00:00,-0.09728694950324356,-0.11278938841726571,0.0733050233731932,-0.2120719577261137,-0.13759881056978318,0.005431417598542357,0.04488659766913544,0.06094115062719812,-0.05219080069161533,-0.053570635356417325
2025-10-21 18:00:00+00:00,-0.1063643903576233,-0.11931771175759259,0.07417327969222738,-0.22124383617882382,-0.15388854309464792,-0.02611067814402693,0.031476326329145723,0.04770685961801167,-0.06663777286764754,-0.07466401208058078
2025-10-21 19:00:00+00:00,-0.12836622759120794,-0.14059141499095132,0.06650890617567075,-0.2333785834529623,-0.16963461462326115,-0.04948006302187324,0.015869461557381885,0.0344568235127264,-0.07795011922194882,-0.10331710756789138
2025-10-21 20:00:00+00:00,-0.14533603038788528,-0.16410100710101422,0.06103565461034819,-0.23785773274097613,-0.17926151336894247,-0.06552274856623508,0.0029457420408518756,0.026007278491389185,-0.09200901003728983,-0.12409589616731172
2025-10-21 21:00:00+00:00,-0.1623716645307696,-0.18769669484342838,0.04972901397079215,-0.2421538961687564,-0.19195477068172428,-0.07155737514596508,-0.00789409593081512,0.01536512135917492,-0.10065897789492753,-0.1442261711308781
2025-10-21 22:00:00+00:00,-0.16971604835106072,-0.20433119684631032,0.048788241196772913,-0.2423404928900953,-0.196817781556372,-0.08277808588230733,-0.0024810837010058656,0.026301967673109775,-0.09543154261638519,-0.16178491690441582
2025-10-21 23:00:00+00:00,-0.1713009060199502,-0.19983986619152816,0.053982985648615776,-0.23081592278169602,-0.1822867936622854,-0.08269759433294491,0.01583781292651098,0.047572834499208204,-0.09600225857566141,-0.16915998475476596
2025-10-22 00:00:00+00:00,-0.15387327284989302,-0.18503178991775548,0.05920372230996176,-0.2194293646762194,-0.175489802069078,-0.07358976738596924,0.03505695981440167,0.07314223724506595,-0.08319177819275973,-0.1597314133073474
2025-10-22 01:00:00+00:00,-0.14287905673288684,-0.1688827185508894,0.054831347132498195,-0.21556364859500346,-0.17312818006032407,-0.050590063438589794,0.0556945236222069,0.09846940351896116,-0.07834374431591809,-0.1522878811776344
2025-10-22 02:00:00+00:00,-0.13169908654988907,-0.15219188440411302,0.050252402818325964,-0.2031495398675361,-0.16057133068051463,-0.04482762428008065,0.07233583175420563,0.11971676100384647,-0.06057147961138922,-0.14462695427125538
2025-10-22 03:00:00+00:00,-0.1422417826183822,-0.1678715102395841,0.039068900973585965,-0.22083513903703536,-0.17679364130225456,-0.051170545226693946,0.06230835761488262,0.11010626368791875,-0.06489417371814377,-0.15301004302916305
2025-10-22 04:00:00+00:00,-0.1530883781598048,-0.18399279236608232,0.04426755939531154,-0.22821730706001886,-0.1836883197832384,-0.06653457950947331,0.0491438396667683,0.10040649367103141,-0.06928137572306373,-0.16160087744925578
2025-10-22 05:00:00+00:00,-0.15996476485034644,-0.1969579861266693,0.03784611885650634,-0.23650374647680925,-0.18838156904148126,-0.06353973236514987,0.03963524901392718,0.0984987148172589,-0.06960875276650756,-0.16577236946409185
2025-10-22 06:00:00+00:00,-0.1595274154566114,-0.20590637150626767,0.039247122672801796,-0.2415726220011368,-0.1919083105745965,-0.05764611943481584,0.04005441562301966,0.10552887913503232,-0.06394125425391381,-0.16826794237047052
2025-10-22 07:00:00+00:00,-0.15499699960310975,-0.20479729053052612,0.03866248025985652,-0.2405401053086254,-0.19012672936297043,-0.04800357854536513,0.04791309280136855,0.1127142622865939,-0.06445350631219181,-0.1607896388668602
2025-10-22 08:00:00+00:00,-0.15046343180132393,-0.1986424139865744,0.04284712602852419,-0.23478991824089174,-0.1879457693390015,-0.043277219769227666,0.05586166974321582,0.1210729282037241,-0.058833089582667364,-0.146080770826592
2025-10-22 09:00:00+00:00,-0.14799075635811246,-0.19529307549930888,0.041114915586864885,-0.22968709574850357,-0.18806382279219894,-0.03611240331354015,0.05790418904530271,0.1236818655568176,-0.05594052893913511,-0.13971387317856096
2025-10-22 10:00:00+00:00,-0.14943429625172222,-0.1973033972170739,0.03755526351353563,-0.2332271555824468,-0.18317778916439686,-0.014932417331757998,0.05530424345991355,0.11679301349579431,-0.05979265023955737,-0.13492201055797082
2025-10-22 11:00:00+00:00,-0.15087873505932992,-0.1992544962766656,0.0352145362306359,-0.236911405291431,-0.1785107741463226,0.0056038187396792605,0.05272842828017257,0.10963598386012717,-0.055390194396878985,-0.13388606260144403
2025-10-22 12:00:00+00:00,-0.15139670382621084,-0.19788998874407518,0.037163924999203374,-0.22842108557644503,-0.1683869631020917,0.02543938183104664,0.04900606500280396,0.10794923205325917,-0.043877938012945095,-0.12553362160568096
2025-10-22 13:00:00+00:00,-0.14619281979606108,-0.19653929433217832,0.039101924949762876,-0.21666869570745217,-0.15532280433677131,0.04402296582892488,0.05000551613877408,0.10450558914305284,-0.03622171196877182,-0.11499174208282084
2025-10-22 14:00:00+00:00,-0.1379822602177524,-0.19336688184101478,0.04283148365372981,-0.20613896629312883,-0.14048045393947922,0.0741659119904089,0.04997110353476066,0.10116483645643673,-0.03048307238341358,-0.09767766548912472
2025-10-22 15:00:00+00:00,-0.1293765285861781,-0.19156164926737035,0.044615826072658876,-0.19523350308108564,-0.12663680317932005,0.09918852488772122,0.046267348187542676,0.09527002438694947,-0.01980303402829475,-0.07714830676757176
2025-10-22 16:00:00+00:00,-0.1323058139062489,-0.19375220138703056,0.03638684466292253,-0.19867706855394596,-0.1471084235134494,0.07703885031565012,0.03984628368004592,0.08682920734586447,-0.04088944883581291,-0.09154105922524854
2025-10-22 17:00:00+00:00,-0.14075425863492175,-0.20121090145149145,0.028221760032913715,-0.20595295806746644,-0.1659555943791509,0.04551911828807667,0.031213997076743605,0.07836977953675447,-0.06126176486266034,-0.10874547199181603
2025-10-22 18:00:00+00:00,-0.16222030075212496,-0.20853409836111347,0.02011364745595973,-0.21627171335603382,-0.18571497131169223,0.021076909101227156,0.017167252856583676,0.07094866062233829,-0.08957693351944235,-0.12912313711563878
2025-10-22 19:00:00+00:00,-0.178951305709237,-0.2174510540342325,0.014119925476452052,-0.2227466633026197,-0.19614489454892536,0.006279292937726191,0.006047059831427202,0.0640641805815786,-0.10225645116786425,-0.14160840472299432
2025-10-22 20:00:00+00:00,-0.2033852793054621,-0.2305925863807788,0.008105647045279028,-0.23056263292207554,-0.20872040553973176,-0.007361212464179635,-0.005205665482426951,0.05439760615014644,-0.11463786789903858,-0.1550607088939872
2025-10-22 21:00:00+00:00,-0.23777899243729178,-0.2419902887508528,0.008562031932244736,-0.24292661964951248,-0.21877382107258503,-0.015860766515898735,-0.016597292422312712,0.044510654747177594,-0.13141450821796669,-0.16796186243705916
2025-10-22 22:00:00+00:00,-0.24540252593277598,-0.253311473761105,0.009152266996332523,-0.25024656864384953,-0.2194334797649267,-0.01833805836536175,-0.015740619927412353,0.05227754776686359,-0.1392390936990335,-0.1792227861000567
2025-10-22 23:00:00+00:00,-0.24671042255205627,-0.2526602221192174,0.014220901919548098,-0.23566071419545737,-0.22462341204229583,-0.02306074023646933,-0.0009406241899358486,0.07024536436493621,-0.13333795021375147,-0.18079852343986583
2025-10-23 00:00:00+00:00,-0.2522739229903811,-0.2644833729680185,0.012594240572366907,-0.23700708503621562,-0.2538889956172545,-0.0445538483007825,-0.005872485682536479,0.05747602751984355,-0.1360164040561528,-0.18980759375317116
2025-10-23 01:00:00+00:00,-0.25881820734636846,-0.27832193882963047,0.006544391487864497,-0.24082791426759034,-0.2617326307057164,-0.04936348162146735,-0.012753638516384534,0.05092071325394028,-0.1364049925756837,-0.19714091134397768
2025-10-23 02:00:00+00:00,-0.2654874829993561,-0.287550232706935,0.0048300323448506955,-0.2478259116122645,-0.27520655582834985,-0.05715589080678397,-0.019380213555462447,0.04615167611279696,-0.13958360209643747,-0.2022768093780641
2025-10-23 03:00:00+00:00,-0.2722847863117454,-0.2924528002321712,0.0038651626617015266,-0.25258045624423986,-0.28636467414170175,-0.06209479735043877,-0.024653094312107972,0.04122763257517727,-0.13732468717599575,-0.2075100199100309
2025-10-23 04:00:00+00:00,-0.27498937030869236,-0.29865660732178273,0.0021644004720702188,-0.2560113623941496,-0.28720109155663737,-0.0587337831949153,-0.02986668417911302,0.034776251240325386,-0.13563791849005624,-0.2085889736761435
2025-10-23 05:00:00+00:00,-0.2777695981818064,-0.3028263335305234,0.00046625460675309003,-0.2582325346619102,-0.2905344528427491,-0.0535234060642338,-0.034079792235411736,0.031083867709950464,-0.1397263995354397,-0.2097275405813478
2025-10-23 06:00:00+00:00,-0.27816967809475923,-0.3069948197325417,-0.0012293641764983656,-0.2604904969245151,-0.28908204226815826,-0.04589491810283213,-0.03378430264197973,0.029241655809101874,-0.13714535712694093,-0.21092627510323442
2025-10-23 07:00:00+00:00,-0.2756441614293859,-0.3085055173808572,-0.002922544361476404,-0.2564297234569887,-0.28999022718320533,-0.0393150432546059,-0.031830781781664895,0.03172479831473571,-0.13457029082416505,-0.20922107047789198
2025-10-23 08:00:00+00:00,-0.273126698571397,-0.30859079674693585,-0.004613373698415094,-0.25191609694897543,-0.2882002703322131,-0.03247237547636678,-0.028499754785383413,0.034265459531902444,-0.12848595006107008,-0.2054374823829669
2025-10-23 09:00:00+00:00,-0.273126698571397,-0.3062236927471436,-0.007425232845633663,-0.25015873694924723,-0.2851034379862677,-0.022826408010619737,-0.028499754785383413,0.03183987327910888,-0.124974991809707,-0.2021195987062069
2025-10-23 10:00:00+00:00,-0.2733810973513202,-0.30883446066353165,-0.009066424685963461,-0.24990299241524713,-0.2861730678582774,-0.007884057779502397,-0.03053019370278954,0.024326455132084358,-0.11619949379817676,-0.19690701835790686
2025-10-23 11:00:00+00:00,-0.2786401476266205,-0.30572540021270583,-0.010697070759865007,-0.24636629413524058,-0.28694567517840175,0.006639907467948671,-0.03253102329005474,0.018612953792706343,-0.11005701130533756,-0.1930179563527352
2025-10-23 12:00:00+00:00,-0.27886451341723206,-0.3026748984526582,-0.012317399843744128,-0.24290262169827861,-0.2864201898013238,0.022614814392686113,-0.034502719976270024,0.01582815942780363,-0.10741544103279378,-0.1856719069331044
2025-10-23 13:00:00+00:00,-0.272654756952837,-0.2986386180941336,-0.012317399843744128,-0.23594801578556795,-0.2762488201769111,0.0395910859550887,-0.034502719976270024,0.010225372689733024,-0.0986535645457201,-0.1752179263588974
2025-10-23 14:00:00+00:00,-0.26267224931253247,-0.296486226340564,-0.010259857399949565,-0.21959500941723803,-0.2703876345242842,0.058991195039165306,-0.03771117105066404,0.0091194540387454,-0.09585833374909822,-0.15637999855479506
2025-10-23 15:00:00+00:00,-0.25287592471138376,-0.2943725485203234,-0.011837708411273429,-0.2064485010903486,-0.25803572763393634,0.08131479757811005,-0.03718385215193618,0.008042396376311997,-0.08534063040769899,-0.1456621742915388
2025-10-23 16:00:00+00:00,-0.24535780976270222,-0.2943725485203234,-0.011837708411273429,-0.21902686904816787,-0.2845875524422494,0.05443542749587828,-0.034137688302826416,0.008042396376311997,-0.10487535693690297,-0.15686459374007838
2025-10-23 17:00:00+00:00,-0.24535780976270222,-0.2943725485203234,-0.02002342262956273,-0.23155738308156742,-0.3076363453379529,0.03234378328577414,-0.03111092268255177,0.008042396376311997,-0.10487535693690297,-0.16407976036139588
2025-10-23 18:00:00+00:00,-0.23892729926636405,-0.2943725485203234,-0.02002342262956273,-0.23953680672392902,-0.3217557259570883,0.01076166982162973,-0.025053144308332175,0.01169612560164288,-0.10487535693690297,-0.17448541602073175
2025-10-23 19:00:00+00:00,-0.24166686728400041,-0.2958978189261964,-0.021879299367590622,-0.2476818201522875,-0.33773305678062576,-0.010906231677305924,-0.026338478631206343,0.011930000697982689,-0.10651911222537144,-0.1853472142866997
2025-10-23 20:00:00+00:00,-0.23979734623774596,-0.2940052673478905,-0.021879299367590622,-0.24916469512481057,-0.3394041118415626,-0.024684371024676622,-0.024678906523564987,0.013973004741760688,-0.11126531913668561,-0.19028274087737418
2025-10-23 21:00:00+00:00,-0.23722972711679416,-0.29088725377015234,-0.021879299367590622,-0.24916469512481057,-0.33927404617345797,-0.0358842210081691,-0.024678906523564987,0.018098363865537037,-0.11595234826835879,-0.19516379180931212
2025-10-23 22:00:00+00:00,-0.23535929083859833,-0.28897648116400876,-0.021879299367590622,-0.2506422067028797,-0.34843716852247486,-0.04687881556961309,-0.026357761147703954,0.018098363865537037,-0.12058264186888047,-0.1999928675439395
2025-10-23 23:00:00+00:00,-0.2334839009372581,-0.2870590306208079,-0.021879299367590622,-0.2521144497880237,-0.35752560545457135,-0.057682847040114185,-0.028032447887698007,0.018098363865537037,-0.125158509345043,-0.20477232583233512
2025-10-24 00:00:00+00:00,-0.2334839009372581,-0.2917745435953739,-0.01725850881444689,-0.2521144497880237,-0.363627761853464,-0.06873754925578232,-0.031670148358953924,0.01613942054966458,-0.11339962537345619,-0.2072609096908286
2025-10-24 01:00:00+00:00,-0.2334839009372581,-0.29407186139545105,-0.01725850881444689,-0.25348599119133935,-0.36133944918313715,-0.07063987363108208,-0.032615270711533355,0.015417706345930168,-0.11655514209051952,-0.20870604949008587
2025-10-24 02:00:00+00:00,-0.23155891173529447,-0.29640919265484444,-0.01725850881444689,-0.25487239047428895,-0.36456200571592773,-0.07326448762750491,-0.032615270711533355,0.015417706345930168,-0.11860414663222332,-0.20955055033235367
2025-10-24 03:00:00+00:00,-0.23155891173529447,-0.29878780395806137,-0.01725850881444689,-0.255906479331063,-0.36648115887108196,-0.07519912900337346,-0.03308124829032989,0.015417706345930168,-0.11655514209051952,-0.21040055419728929
2025-10-24 04:00:00+00:00,-0.2296610111674936,-0.30445993814535244,-0.01725850881444689,-0.25731882494217917,-0.367691440257859,-0.07714657424284596,-0.03308124829032989,0.015417706345930168,-0.11655514209051952,-0.2112561334074341
2025-10-24 05:00:00+00:00,-0.22876726910841347,-0.2999819955589666,-0.015647486711253884,-0.25370024941688923,-0.3642039832504175,-0.07540006928106877,-0.028853265143844644,0.0185260513948538,-0.11426860972087184,-0.20841497887815752
2025-10-24 06:00:00+00:00,-0.22876726910841347,-0.3008498304062245,-0.015647486711253884,-0.2528258731035377,-0.35424221185986293,-0.06865154176369993,-0.030957187085783676,0.01613528190913375,-0.1111074726253944,-0.2065120678304543
2025-10-24 07:00:00+00:00,-0.22701069942331528,-0.30171984228994736,-0.018222530918665058,-0.2457259926890922,-0.34381224380515935,-0.06193584268037982,-0.033119957564230126,0.013763139483546025,-0.10794873484015667,-0.20521054169801567
2025-10-24 08:00:00+00:00,-0.22701069942331528,-0.30171984228994736,-0.02087871856846001,-0.2422218759251767,-0.33575771291642514,-0.05490473358275013,-0.034220335930494714,0.01136986683890915,-0.10794873484015667,-0.20063975464415054
2025-10-24 09:00:00+00:00,-0.13150760478240728,-0.11903121993389582,0.08631738900211408,-0.12256566233282327,-0.2462100363724863,-0.10550397207598035,-0.046127312019930373,-0.0001199592062851143,-0.07529094309365181,-0.09376759676886948
2025-10-24 10:00:00+00:00,-0.13118935019175984,-0.11745409606776228,0.08691878174777903,-0.12053637928201971,-0.2400774692894996,-0.1005106455094629,-0.04788649567257071,0.0016071736586931763,-0.07013273470228555,-0.09038758101397439
2025-10-24 11:00:00+00:00,-0.13118935019175984,-0.11745409606776228,0.08691878174777903,-0.12053637928201971,-0.2339254406863028,-0.0927631877498524,-0.049842838633941795,0.0016071736586931763,-0.06690320472608588,-0.0871278086825773
2025-10-24 12:00:00+00:00,-0.12899829210047972,-0.11745409606776228,0.08386284900052586,-0.11804099596412776,-0.2265494592014964,-0.08601427023967997,-0.05087571257117243,-0.0021150734480444144,-0.06367293314635174,-0.08483785243142254
2025-10-24 13:00:00+00:00,-0.12515902611269056,-0.11497436005842457,0.08055661012069479,-0.11269897343744173,-0.21925123078283346,-0.0778888940901984,-0.052106629669820055,-0.0040609948697935445,-0.060691401615526934,-0.08111351926955788
2025-10-24 14:00:00+00:00,-0.12352051893429865,-0.1124770912776635,0.07987276917283175,-0.10753841574871269,-0.21106104354741492,-0.07143286992518336,-0.05334572282512108,-0.007268939319972553,-0.05294896061064663,-0.08031477367510542
2025-10-24 15:00:00+00:00,-0.12322054818774829,-0.10746867282173071,0.08313574270184163,-0.10237212226813469,-0.20412578714304638,-0.06314574159259673,-0.054593037453219154,-0.00924668199843934,-0.04882092964626906,-0.07698225572723562
2025-10-24 16:00:00+00:00,-0.12322054818774829,-0.10746867282173071,0.08313574270184163,-0.10619726081747942,-0.21016424206847584,-0.06898043374749648,-0.054593037453219154,-0.006935578757500661,-0.05151411328155399,-0.07947234141342628
2025-10-24 17:00:00+00:00,-0.12567119875367597,-0.10746867282173071,0.08061722593985454,-0.1085908842026858,-0.21357560588380112,-0.07476353086974824,-0.053692416432794425,-0.0034409863368742868,-0.05151411328155399,-0.08067279671442475
2025-10-24 18:00:00+00:00,-0.12744588360633988,-0.10585074984842256,0.08061722593985454,-0.1085908842026858,-0.21584525625983386,-0.08049931657378123,-0.05283010433110611,-0.0011060147170147132,-0.0545694452331017,-0.08278480064132088
2025-10-24 19:00:00+00:00,-0.12962632663535573,-0.10771145076965216,0.07984086335034965,-0.11052439689157782,-0.21825962368788276,-0.08509737519922156,-0.05363754311025445,-0.0018508852609289029,-0.0577731013352796,-0.08519288033368044
2025-10-24 20:00:00+00:00,-0.13004297525775332,-0.10771145076965216,0.07984086335034965,-0.11015853703678587,-0.21829775913483074,-0.08757874299939351,-0.052893085103060504,-0.0012925139329560847,-0.06030942084383598,-0.08629953981240583
2025-10-24 21:00:00+00:00,-0.13004297525775332,-0.10771145076965216,0.078627743522793,-0.11015853703678587,-0.21829775913483074,-0.09086741802258087,-0.05253991388651841,0.0009604457590837427,-0.061355814879433146,-0.08764534687468914
2025-10-24 22:00:00+00:00,-0.13004297525775332,-0.10771145076965216,0.078627743522793,-0.11041964719202638,-0.2199582712769584,-0.09306557021705784,-0.05253991388651841,0.0015267727373853195,-0.06239445241736517,-0.08890818123449316
2025-10-24 23:00:00+00:00,-0.13004297525775332,-0.10771145076965216,0.0794478691914777,-0.11041964719202638,-0.2237406537284048,-0.09813879323086168,-0.05314103572805878,0.0009637015167567587,-0.06386463345935449,-0.09086570786210592
2025-10-25 00:00:00+00:00,-0.13251812090602205,-0.10771145076965216,0.0794478691914777,-0.11361863965027517,-0.22662710055255855,-0.1022379749525468,-0.05314103572805878,0.00039822107611824293,-0.06729399917981271,-0.09345576407276034
2025-10-25 01:00:00+00:00,-0.13189392764600702,-0.10568165401571358,0.07998872782094074,-0.11301456380907363,-0.2280167948979235,-0.10391730823722328,-0.05125645092928388,0.001605379379300152,-0.06774492270009987,-0.09251078239227033
2025-10-25 02:00:00+00:00,-0.13310089043128828,-0.10568165401571358,0.07998872782094074,-0.11322691745165392,-0.22840732905446653,-0.10387625447593173,-0.05117539625882026,0.001605379379300152,-0.06716783219755047,-0.09315097320747745
2025-10-25 03:00:00+00:00,-0.134350740834393,-0.10568165401571358,0.07998872782094074,-0.1138296410968499,-0.22930402069964517,-0.10385474465920813,-0.05109528267799227,0.0016626050247026956,-0.06755643455386301,-0.09381045557135036
2025-10-25 04:00:00+00:00,-0.1356459207245888,-0.1059688688964905,0.07998872782094074,-0.1140514215253622,-0.2293927927897818,-0.10411158624107664,-0.050898750117537,0.0015430146157868392,-0.06895804124183316,-0.09449012379489044
2025-10-25 05:00:00+00:00,-0.13370341464777488,-0.10520456941740818,0.07927048146534582,-0.11242375119155361,-0.2278357076491276,-0.10182546286979792,-0.0495714080679285,0.0007171816923559221,-0.06612232347319384,-0.09228162502369744
2025-10-25 06:00:00+00:00,-0.13182248284860257,-0.10444017929610053,0.07855210983655175,-0.11077117520612069,-0.22649142822203364,-0.09992047704709534,-0.05099474056533258,-0.0014298275003888936,-0.06438384675062994,-0.09002790882598394
2025-10-25 07:00:00+00:00,-0.13182248284860257,-0.10322304641569426,0.07994032924239008,-0.10960845715986652,-0.22292063453305305,-0.09607766787592596,-0.05166991297028499,-0.0028184557078236596,-0.06227216950265386,-0.08955480429415244
2025-10-25 08:00:00+00:00,-0.13182248284860257,-0.10322304641569426,0.07994032924239008,-0.1071552697038771,-0.21989557376704505,-0.09227498164987388,-0.05234860385837659,-0.004222056077625668,-0.060188804076182524,-0.08886165334378428
2025-10-25 09:00:00+00:00,-0.12972988679019243,-0.10559701419349804,0.07785986859444427,-0.10565314611315604,-0.21755913839036792,-0.08709942148004314,-0.0554534593374062,-0.008444773595900033,-0.05251065623878343,-0.0865728731217982
2025-10-25 10:00:00+00:00,-0.12972988679019243,-0.10464696954513703,0.07964852835429552,-0.10417445018144303,-0.21598869221305694,-0.08350767195222028,-0.05606158578472469,-0.009857646860528504,-0.04957656086778547,-0.0861946835635006
2025-10-25 11:00:00+00:00,-0.12928980478304505,-0.10485562019395346,0.08025483645696949,-0.1018704751899843,-0.21361648509602968,-0.07820262515650452,-0.05852295881948145,-0.012120718638852376,-0.044615819779377,-0.08403199382321487
2025-10-25 12:00:00+00:00,-0.1265132227834345,-0.10506474021345595,0.08086199037346409,-0.09954754064085755,-0.21173703054815576,-0.07301551829133834,-0.06048201881122081,-0.01233218178266752,-0.039650881587070246,-0.08123961757348597
2025-10-25 13:00:00+00:00,-0.12416060144550435,-0.10506474021345595,0.08086199037346409,-0.09816827076186352,-0.2102362483293445,-0.0659699628231639,-0.06161850459006947,-0.015079438716697934,-0.03634640123247442,-0.07744125784781537
2025-10-25 14:00:00+00:00,-0.12416060144550435,-0.10506474021345595,0.08086199037346409,-0.09526288926324757,-0.20812388239789392,-0.06051256706413508,-0.0627570042449354,-0.015079438716697934,-0.0330278623626202,-0.07361536214861962
2025-10-25 15:00:00+00:00,-0.1237372695383242,-0.10530999102706451,0.08422325216349291,-0.0915214827020118,-0.20417958991572258,-0.051744108663017194,-0.06470770123002782,-0.01732243710704242,-0.028385332145093582,-0.06802266658252147
2025-10-25 16:00:00+00:00,-0.1237372695383242,-0.10530999102706451,0.08422325216349291,-0.09541594297712504,-0.2057841913030864,-0.05676309206577917,-0.06378637952809398,-0.013758998334534525,-0.0314947045879381,-0.07209167667528107
2025-10-25 17:00:00+00:00,-0.1237372695383242,-0.10530999102706451,0.08422325216349291,-0.09541594297712504,-0.2091118769431738,-0.06286735889410885,-0.061161641177550095,-0.011413544114132377,-0.03435581333617501,-0.0733622668062037
2025-10-25 18:00:00+00:00,-0.1237372695383242,-0.10530999102706451,0.08422325216349291,-0.09730108041747755,-0.20968433820233254,-0.07046125259742228,-0.06033034890558242,-0.010224472854443983,-0.040303439488805985,-0.07580860956704777
2025-10-25 19:00:00+00:00,-0.12456850901600876,-0.10765655000831563,0.082310712957701,-0.100681652124713,-0.21108942206833264,-0.07497546388567626,-0.061291188915200204,-0.010042161524585848,-0.043314477170119145,-0.0791279446424826
2025-10-25 20:00:00+00:00,-0.12456850901600876,-0.10773064492531254,0.082310712957701,-0.10056925521065092,-0.211634997547762,-0.07779903943136109,-0.061291188915200204,-0.008962140943031322,-0.04482731307182821,-0.08032146849673814
2025-10-25 21:00:00+00:00,-0.12456850901600876,-0.10773064492531254,0.082310712957701,-0.10041029758512356,-0.2119073140934157,-0.08151705494480613,-0.06098415094529523,-0.008412058495456332,-0.046001366011578025,-0.0815802789236991
2025-10-25 22:00:00+00:00,-0.12417028625662169,-0.10781038358566056,0.08156848636986598,-0.10083563966988494,-0.2119073140934157,-0.08438060845747555,-0.06098415094529523,-0.007849363595662155,-0.04449114850129236,-0.08307759196183168
2025-10-25 23:00:00+00:00,-0.12417028625662169,-0.10781038358566056,0.08156848636986598,-0.10152123089234674,-0.21472318916035527,-0.08782793198921136,-0.06204613055371268,-0.007849363595662155,-0.046001366011578025,-0.08512770122421258
2025-10-26 00:00:00+00:00,-0.12417028625662169,-0.10871844018261145,0.08082345308935275,-0.10233947479428508,-0.21672700386585494,-0.09242300933037145,-0.06143965807577631,-0.007849363595662155,-0.04752239813891278,-0.08652075811172788
2025-10-26 01:00:00+00:00,-0.12417028625662169,-0.10962992767115438,0.08082345308935275,-0.1038586089091782,-0.21912931069242975,-0.09505732579268805,-0.060836783291181584,-0.007849363595662155,-0.05098950773651859,-0.08792902281524495
2025-10-26 02:00:00+00:00,-0.12541489909100995,-0.10961376258650568,0.0806721289342025,-0.10407027908893544,-0.21860271943940437,-0.09468283749620499,-0.06075802921739846,-0.00777505481464279,-0.05093395797691087,-0.08839700060745614
2025-10-26 03:00:00+00:00,-0.1267105951304682,-0.10959934066612231,0.0806721289342025,-0.10411089438362874,-0.21869347396035074,-0.09497021760522929,-0.060965872452514745,-0.00777505481464279,-0.05123716787846371,-0.08924884392599051
2025-10-26 04:00:00+00:00,-0.12806070694352448,-0.10958667145504176,0.0806721289342025,-0.10428818033753581,-0.2191818549383242,-0.094957986276883,-0.060965872452514745,-0.00777505481464279,-0.05157027059931516,-0.09007383568481717
2025-10-26 05:00:00+00:00,-0.12603060040219624,-0.10811005160168204,0.07997435053169709,-0.10270036918434888,-0.21852845932670317,-0.0928054472528518,-0.061308251220392636,-0.008131589562161841,-0.05124849477688893,-0.08810871761903595
2025-10-26 06:00:00+00:00,-0.12451231960949381,-0.10823379348771717,0.07927643670646774,-0.1022612618133149,-0.21717349967383212,-0.09062439933550029,-0.06356103026751904,-0.010739096242013522,-0.05091370981995779,-0.08645817927883694
2025-10-26 07:00:00+00:00,-0.12364836967009624,-0.11083293301908466,0.07857838315678708,-0.10209883603570886,-0.21670215724007277,-0.08797726470731375,-0.06566130740766458,-0.01329740613371807,-0.05270227701583037,-0.08525033114058042
2025-10-26 08:00:00+00:00,-0.12544587895036705,-0.11238785223832781,0.07857838315678708,-0.09844243424805797,-0.21379123259584795,-0.08150323820848551,-0.06643112957046081,-0.014118722712437052,-0.05270227701583037,-0.08265262908551438
2025-10-26 09:00:00+00:00,-0.12364836967009624,-0.11238785223832781,0.07857838315678708,-0.09558245735042119,-0.21234207922899367,-0.07669331874900762,-0.06720554018817428,-0.01576059535577557,-0.04884350935877794,-0.08036740321276806
2025-10-26 10:00:00+00:00,-0.12364836967009624,-0.11112356571164239,0.08006119899867617,-0.09342530967789585,-0.21146390998951178,-0.07391334548221948,-0.06787165172153987,-0.018081804520379566,-0.04711170337424012,-0.07836744193210056
2025-10-26 11:00:00+00:00,-0.12312229870201717,-0.11002783039990204,0.08219960767804446,-0.09157252026696559,-0.21075278199181738,-0.06716838791627917,-0.06939635113685022,-0.01841351721565909,-0.043804840038929836,-0.07506952468947355
2025-10-26 12:00:00+00:00,-0.12259592476265067,-0.10700510316939699,0.08154554862550471,-0.08877872947969648,-0.20935102003463915,-0.06039642825133191,-0.07093223064877832,-0.019421365980092885,-0.03833689205940272,-0.07296218023180745
2025-10-26 13:00:00+00:00,-0.1250870812968649,-0.10700510316939699,0.08154554862550471,-0.08443354115351179,-0.20700668269285152,-0.04977277216517946,-0.07214388244778805,-0.02093620562694209,-0.03833689205940272,-0.06878270484003778
2025-10-26 14:00:00+00:00,-0.12061592402302862,-0.10498708166431413,0.0850510459160472,-0.0817734272311969,-0.20113362624773534,-0.03890020541105462,-0.07425607772013934,-0.021960262560246507,-0.03466072372051261,-0.06434605141620794
2025-10-26 15:00:00+00:00,-0.12012888240918751,-0.10516669661339278,0.08858030214338918,-0.07866984868096677,-0.19875535230511562,-0.025922943353243917,-0.07462211692037872,-0.024492569107325838,-0.02457032754499727,-0.05908292870277928
2025-10-26 16:00:00+00:00,-0.12012888240918751,-0.10672761933554996,0.08617435683980078,-0.08070782647619551,-0.20023151695733235,-0.033492257767497126,-0.07286055756131309,-0.02331257123602275,-0.027547403962783237,-0.0634584502847289
2025-10-26 17:00:00+00:00,-0.12012888240918751,-0.10828571020491237,0.08617435683980078,-0.08254875530822484,-0.20231339964976047,-0.04214847564861445,-0.07121205347518779,-0.02096316728842623,-0.03050104230409863,-0.06660919095862532
2025-10-26 18:00:00+00:00,-0.12012888240918751,-0.10828571020491237,0.08858030214338918,-0.0848581571558484,-0.20291628191658384,-0.05076356784133228,-0.0704134175125588,-0.019763156335444898,-0.03343210535662325,-0.06973776866064364
2025-10-26 19:00:00+00:00,-0.12198857698661257,-0.10828571020491237,0.08858030214338918,-0.08712819057947632,-0.20384605252352297,-0.059348321476308356,-0.06961141354040576,-0.017368217337619198,-0.03634142369159409,-0.07371073530109654
2025-10-26 20:00:00+00:00,-0.12430218927997541,-0.11018818663542325,0.087854850884838,-0.09046466170780186,-0.2055669069039978,-0.06565761238280646,-0.07098158552142601,-0.01740037293785298,-0.03631510389225761,-0.07884175641346343
2025-10-26 21:00:00+00:00,-0.12693210971313493,-0.1120738987109526,0.08324810060540755,-0.09333285483085028,-0.20694891961322073,-0.07097835371471027,-0.07210121941969191,-0.018463459052151156,-0.039155016413698535,-0.08515225659479568
2025-10-26 22:00:00+00:00,-0.12693210971313493,-0.1120738987109526,0.08324810060540755,-0.09364546274920058,-0.20694891961322073,-0.07547233095702018,-0.07172721747247679,-0.018463459052151156,-0.04067772471365463,-0.08665719213348513
2025-10-26 23:00:00+00:00,-0.12693210971313493,-0.1120738987109526,0.08218040627265157,-0.09434873483617506,-0.2098349882236265,-0.07874950652517618,-0.07291497159208492,-0.017252373224011883,-0.04221601822565103,-0.08832997068934877
2025-10-27 00:00:00+00:00,-0.12693210971313493,-0.1120738987109526,0.08218040627265157,-0.09505637419208092,-0.2098349882236265,-0.08267567728449596,-0.07361014707630344,-0.017920413976205148,-0.04221601822565103,-0.09023815036349736
2025-10-27 01:00:00+00:00,-0.12483964535800063,-0.11025035814971422,0.08175869010939461,-0.09412006399226389,-0.21094314696124675,-0.08406782984070402,-0.0717402335028379,-0.016754927848086562,-0.04226024789493319,-0.08985272096911107
2025-10-27 02:00:00+00:00,-0.12483964535800063,-0.1107777723564644,0.08200640810581822,-0.09422940946815707,-0.21245713226198795,-0.08489698132185289,-0.0717402335028379,-0.01666987350055935,-0.04213211267514508,-0.09000726013140914
2025-10-27 03:00:00+00:00,-0.12439948433940844,-0.11131842198671224,0.08266997739058188,-0.09434040079225581,-0.21245713226198795,-0.08556060233589832,-0.07182059280556732,-0.016584611282686172,-0.042005853292483006,-0.09023198417488172
2025-10-27 04:00:00+00:00,-0.12397299937080505,-0.11187278952735694,0.08292395512469647,-0.09466899587492353,-0.21351669547451713,-0.08601126630425963,-0.07190221820031589,-0.01649913746394226,-0.0421323080032484,-0.09046338536835082
2025-10-27 05:00:00+00:00,-0.12342102522496856,-0.1100342790647475,0.0858981585344671,-0.09313957262733462,-0.21237019435698615,-0.08261499087531506,-0.07055400155333648,-0.016018098767846618,-0.04029024767303027,-0.08863096243806887
2025-10-27 06:00:00+00:00,-0.12250111544264193,-0.10836555663808725,0.0866170896393173,-0.09100949571131822,-0.21103670879498812,-0.0789265185837404,-0.07143219651628205,-0.01799670358252748,-0.036705370882077634,-0.08676182057476504
2025-10-27 07:00:00+00:00,-0.12250111544264193,-0.10482407830564283,0.0882136597085575,-0.08703567470687852,-0.20901801214530688,-0.07263854683920443,-0.07143219651628205,-0.019855901415450843,-0.036705370882077634,-0.08276487046143531
2025-10-27 08:00:00+00:00,-0.12250111544264193,-0.10349408805243068,0.08981350013336592,-0.08440098715614623,-0.2075356112166511,-0.06636034747558926,-0.07143219651628205,-0.02174555952620944,-0.036705370882077634,-0.07733150338860215
2025-10-27 09:00:00+00:00,-0.12432665920859502,-0.1021699592353164,0.09141676032879571,-0.08111285804814368,-0.2065960381423925,-0.0600826131901181,-0.07143219651628205,-0.02268468480899949,-0.034751159674922906,-0.0734902122818912
2025-10-27 10:00:00+00:00,-0.1238172145553923,-0.10224674631307148,0.09219273852439232,-0.07760240453383883,-0.2035961907393337,-0.05206674695938269,-0.07123424509190741,-0.02236533322248662,-0.027280064211218095,-0.06937363671487981
2025-10-27 11:00:00+00:00,-0.1238172145553923,-0.10022624025937933,0.09512738979782676,-0.07148862153136115,-0.20005137728169214,-0.040226814597993064,-0.07123424509190741,-0.02236533322248662,-0.023375189458847406,-0.06553817002507917
2025-10-27 12:00:00+00:00,-0.12711851514618747,-0.09644689701607288,0.09512738979782676,-0.06610772713628858,-0.19597746963260704,-0.02985560198496729,-0.07001507575362806,-0.02400520318531357,-0.019233225219945724,-0.060303401453751466
2025-10-27 13:00:00+00:00,-0.13042902557001118,-0.09644689701607288,0.09512738979782676,-0.05891865428881074,-0.19211167840430093,-0.017694866633909765,-0.07001507575362806,-0.02400520318531357,-0.015125178171864264,-0.053390115182502876
2025-10-27 14:00:00+00:00,-0.13144589380166283,-0.09422338790780288,0.097082188554404,-0.05319810750464748,-0.18770276352262077,-0.005892719204054928,-0.0709392478119066,-0.0258804375599503,-0.016772467789589438,-0.04475506288187261
2025-10-27 15:00:00+00:00,-0.12766762204009308,-0.09199256550721002,0.10329240463669538,-0.04674337557173883,-0.18322349223567125,0.006554458124445553,-0.07377649846735107,-0.024647960012893794,-0.010762811505375012,-0.03732892380152143
2025-10-27 16:00:00+00:00,-0.12766762204009308,-0.09361567320970181,0.1004957967613482,-0.05080169675148919,-0.18409355271338218,-0.0030084403472500714,-0.07377649846735107,-0.025861368067469845,-0.017365941400597735,-0.04206051821432404
2025-10-27 17:00:00+00:00,-0.12766762204009308,-0.09199256550721002,0.09772971861209331,-0.05460937832357949,-0.18612625901475532,-0.01124537132890115,-0.07377649846735107,-0.024647960012893794,-0.017365941400597735,-0.04672624609999185
2025-10-27 18:00:00+00:00,-0.12766762204009308,-0.09199256550721002,0.0949932776375693,-0.05751873973416247,-0.1884552313286618,-0.019297506779809702,-0.07377649846735107,-0.02216477400024536,-0.02057862590187889,-0.052103132154149315
2025-10-27 19:00:00+00:00,-0.12766762204009308,-0.09088309372347855,0.09228561516592107,-0.06022631166868569,-0.19049155457691333,-0.02835318661488193,-0.07299223591931998,-0.02216477400024536,-0.017365941400597735,-0.057374753544545354
2025-10-27 20:00:00+00:00,-0.12996061605992676,-0.09380682079403653,0.08905718673926845,-0.06413596170058408,-0.1921201601186664,-0.03624747094585846,-0.07416010493098632,-0.024749319369399617,-0.015756296311522304,-0.06267563651275587
2025-10-27 21:00:00+00:00,-0.13225190048935673,-0.09672820809041345,0.08494321659837117,-0.06884683234315575,-0.19188346751748953,-0.04216423352622772,-0.07611408545423332,-0.029498550773297837,-0.015528997437850751,-0.06793757731332326
2025-10-27 22:00:00+00:00,-0.13225190048935673,-0.09707544531240854,0.08347575460319878,-0.07008670286392496,-0.19288995307256682,-0.04684732157017351,-0.07653612525247899,-0.031154649367258473,-0.020188177081429275,-0.06983753076244892
2025-10-27 23:00:00+00:00,-0.13225190048935673,-0.09707544531240854,0.08254061555176756,-0.07213961227998206,-0.19487542151104778,-0.051285419818025584,-0.07508485580563742,-0.03260760081554189,-0.01861317883249109,-0.07112398928501876
2025-10-28 00:00:00+00:00,-0.13225190048935673,-0.09707544531240854,0.08254061555176756,-0.07346797104593471,-0.19596139726288478,-0.056019138471504686,-0.07508485580563742,-0.03332168131215183,-0.020188177081429275,-0.07227070238232128
2025-10-28 01:00:00+00:00,-0.13020531357738693,-0.09508476431976114,0.08334323401265945,-0.0729360463335707,-0.19137078213823064,-0.056992941939865,-0.07351522655472374,-0.033351484107922824,-0.018040262846856954,-0.07192293162506412
2025-10-28 02:00:00+00:00,-0.13020531357738693,-0.09553671626067298,0.0844707703735097,-0.07299475123510922,-0.19189997910806997,-0.05703672004481585,-0.07364561796027592,-0.03342022120363939,-0.01757095394631536,-0.07200577769960304
2025-10-28 03:00:00+00:00,-0.12983122113566525,-0.09553671626067298,0.08483682439431946,-0.07305473447717013,-0.19189997910806997,-0.056813437080827714,-0.07364561796027592,-0.03334974926759343,-0.0172367097010423,-0.07209587072489297
2025-10-28 04:00:00+00:00,-0.12946983323053038,-0.09553671626067298,0.08520592662378403,-0.0731160167159511,-0.1926695800534666,-0.05662136171739841,-0.07332139852006074,-0.03328201201170979,-0.016752516718201983,-0.07219349889311372
2025-10-28 05:00:00+00:00,-0.12861431822299893,-0.09372928037894188,0.11228038012292076,-0.07127828695209619,-0.19101220563870475,-0.05232240764467577,-0.08508368389372038,-0.03109838047693698,-0.013505920709963917,-0.0700693109649594
2025-10-28 06:00:00+00:00,-0.12861431822299893,-0.09180344248790533,0.1151213660493544,-0.06701772770830183,-0.19091946704943938,-0.04647554863784871,-0.08581827246799789,-0.03109838047693698,-0.00854986489043857,-0.06817235734995881
2025-10-28 07:00:00+00:00,-0.1267346489958935,-0.09043462606850348,0.11797949577362106,-0.0626787815060641,-0.18943830564545847,-0.03875333213122726,-0.08581827246799789,-0.030030305851524976,-0.006020244678664791,-0.06224412888280496
2025-10-28 08:00:00+00:00,-0.1267346489958935,-0.09043462606850348,0.1151213660493544,-0.059171429702534147,-0.18855160926134276,-0.03249537324274432,-0.08491663363885889,-0.028919563485876477,-0.006020244678664791,-0.05657290236028813
2025-10-28 09:00:00+00:00,-0.12486229731220556,-0.09043462606850348,0.11921282784015523,-0.055295746646733306,-0.18806463704088025,-0.02425289541811565,-0.08491663363885889,-0.028919563485876477,-0.006020244678664791,-0.05201758955318495
2025-10-28 10:00:00+00:00,-0.12438115090322428,-0.089076752152486,0.12345582352006965,-0.05335174323730688,-0.18563647077579315,-0.012475289634774607,-0.084770801448794,-0.028477478964951522,-0.0011139331301257824,-0.04761781157404561
2025-10-28 11:00:00+00:00,-0.12438115090322428,-0.08460288193827072,0.1284975944579169,-0.049613082024475515,-0.18563647077579315,0.0004627119093534752,-0.084770801448794,-0.03015542800760008,-0.0011139331301257824,-0.041809163280204224
2025-10-28 12:00:00+00:00,-0.12770004156198822,-0.08224664240175583,0.1317825035472345,-0.04334471028791095,-0.18342799644110738,0.011563012282178913,-0.084770801448794,-0.03015542800760008,-0.0011139331301257824,-0.0358735874246551
2025-10-28 13:00:00+00:00,-0.13102836611306318,-0.07989793877663719,0.1350198562039912,-0.03666805520090513,-0.1825883842250903,0.024292321498929337,-0.08345542992082712,-0.03015542800760008,0.0033954536066263365,-0.028628684364002305
2025-10-28 14:00:00+00:00,-0.13540225404120493,-0.07755247240829648,0.13758557008078795,-0.03107361292824342,-0.1799144001245439,0.03763254387168277,-0.08391366757161023,-0.02943609199275078,0.01040761566338814,-0.02297870656560772
2025-10-28 15:00:00+00:00,-0.1398137175509253,-0.0720672174190228,0.13695804709019094,-0.02367867582754481,-0.17881903350006653,0.052465994085689284,-0.08246886746918351,-0.030544440928687657,0.02156395835373167,-0.015373492763608236
2025-10-28 16:00:00+00:00,-0.1398137175509253,-0.07371871960180999,0.13189679166001533,-0.027589688064603823,-0.17881903350006653,0.04210594013176021,-0.08338448890758648,-0.03177848065893215,0.014600303749141902,-0.019562535730792988
2025-10-28 17:00:00+00:00,-0.1398137175509253,-0.07536771922392978,0.12696652649996626,-0.031256228841589656,-0.17881903350006653,0.03317469373545748,-0.08338448890758648,-0.034282660199152104,0.007706484312890304,-0.02284146031996519
2025-10-28 18:00:00+00:00,-0.14135543876633072,-0.07843279003266597,0.1188655207158202,-0.03486251382769992,-0.17801928355657834,0.024461836017417974,-0.08338448890758648,-0.034282660199152104,0.00446058648576489,-0.02683458934103544
2025-10-28 19:00:00+00:00,-0.14135543876633072,-0.07843279003266597,0.1142051484673555,-0.03841175848465536,-0.1772204768557529,0.015946230178559152,-0.08338448890758648,-0.035437129370184464,-0.0048331427026742126,-0.029935010014770162
2025-10-28 20:00:00+00:00,-0.1436324198632948,-0.08126260879274906,0.11348826982851347,-0.042091543307703996,-0.1763230333926881,0.010684736906056046,-0.08562172087875752,-0.03879365451036238,-0.00903115265190173,-0.03372984327815103
2025-10-28 21:00:00+00:00,-0.14590779316265753,-0.08409021345158744,0.11277224981706309,-0.047134428234810614,-0.17630064624377437,0.004966925511228548,-0.08783787511512058,-0.04166397912632824,-0.01150348227849166,-0.03718626151980597
2025-10-28 22:00:00+00:00,-0.14590779316265753,-0.08409021345158744,0.10902198812422888,-0.04892515706945403,-0.17685354083027102,0.0009436460304915305,-0.08873970323887621,-0.04166397912632824,-0.012850747013539204,-0.037859694838972946
2025-10-28 23:00:00+00:00,-0.1432025219075811,-0.08559131072038098,0.1078007087608855,-0.05135793144256073,-0.17790755504599912,-0.0019272274154314738,-0.08799113354210521,-0.043273449088407814,-0.012850747013539204,-0.038819011121020146
2025-10-29 00:00:00+00:00,-0.14585867103837366,-0.08671932931347362,0.10658214163092324,-0.05298320530324793,-0.17695237752346837,-0.004881695872289219,-0.08958305253446071,-0.04405868423901189,-0.014218472806848239,-0.04000628400323423
2025-10-29 01:00:00+00:00,-0.14388186963579416,-0.08571493561226383,0.1067522711071879,-0.05210419385249614,-0.1752336108902107,-0.00444484611640425,-0.08841083538168652,-0.043399923733963806,-0.013293693535173045,-0.03945942828624513
2025-10-29 02:00:00+00:00,-0.14388186963579416,-0.08571493561226383,0.1075605812131115,-0.05200760402013026,-0.1752336108902107,-0.003366938085415426,-0.08887592958731466,-0.043399923733963806,-0.012381939114331707,-0.03923445297671917
2025-10-29 03:00:00+00:00,-0.14353623890297112,-0.08584905429071465,0.1075605812131115,-0.051868346097482865,-0.17431425974587092,-0.0017933810903029118,-0.08906917904214494,-0.04334916531956014,-0.012381939114331707,-0.038883285232037296
2025-10-29 04:00:00+00:00,-0.14320303215556265,-0.08598802897075368,0.10838089413756426,-0.05173201918934149,-0.1748205576684414,-0.0003737970017885212,-0.08906917904214494,-0.042998608252966176,-0.011462494228513717,-0.038532158123293185
2025-10-29 05:00:00+00:00,-0.14242974796507957,-0.08396494632582083,0.11494651177083913,-0.049847842613763696,-0.17315287403078525,0.0040705069151069,-0.08765176044234489,-0.04225290492931411,-0.010345802834081692,-0.03690821809404782
2025-10-29 06:00:00+00:00,-0.14438806419910308,-0.08192916978149063,0.1178973336246433,-0.044924554047428435,-0.17239229484382448,0.009676306759953197,-0.0884231415245082,-0.04225290492931411,-0.008041828757903954,-0.03508188581090267
2025-10-29 07:00:00+00:00,-0.14438806419910308,-0.08053335631994314,0.11940801136188837,-0.04013014805015982,-0.17282158709433565,0.016290912178030914,-0.08937993351282662,-0.0399152184608393,-0.008041828757903954,-0.03171772683403651
2025-10-29 08:00:00+00:00,-0.14438806419910308,-0.07890214615229521,0.12090960497595318,-0.03614663198589303,-0.17282158709433565,0.022824288222279786,-0.08937993351282662,-0.038728221982802714,-0.008041828757903954,-0.028960159726677592
2025-10-29 09:00:00+00:00,-0.14635529453600674,-0.07728659305240888,0.12532783782317303,-0.033087747514845514,-0.1724903020310183,0.028367274635467506,-0.08937993351282662,-0.03761899128787454,-0.0057449093654184675,-0.025723400163036775
2025-10-29 10:00:00+00:00,-0.14597041021845333,-0.07359655833022079,0.12987828439143742,-0.02876857792139957,-0.17232545711175806,0.03404095585033298,-0.08841203356857257,-0.035386220583292397,-0.0010529211952449748,-0.02244777528558026
2025-10-29 11:00:00+00:00,-0.14597041021845333,-0.06902593772898863,0.12987828439143742,-0.023835687382758795,-0.17376988919034703,0.04176268306078843,-0.08841203356857257,-0.03368842851818552,0.003054080439794218,-0.01603390281120272
2025-10-29 12:00:00+00:00,-0.1485053142002543,-0.06663778167334597,0.13332419631122153,-0.018737309652015963,-0.17376988919034703,0.051083604027050915,-0.08841203356857257,-0.031872012180758726,0.007084910893994036,-0.010642593738236387
2025-10-29 13:00:00+00:00,-0.1519068631911646,-0.06425497098504508,0.13332419631122153,-0.013627506327663734,-0.17271700073520824,0.06169447632925698,-0.08841203356857257,-0.02820559604268706,0.014776637732625896,-0.005287592939527645
2025-10-29 14:00:00+00:00,-0.15644320426676714,-0.06170701929212288,0.13640269153938747,-0.006767381902385645,-0.1733754775578275,0.07347084128502863,-0.08884529159634619,-0.024769408163977245,0.02312588590519106,-1.808447937722796e-06
2025-10-29 15:00:00+00:00,-0.16102090362375648,-0.059147679688781894,0.13948067730028985,0.0005961790816728794,-0.17273723085845635,0.08682920223137693,-0.08868192510478093,-0.021338918668787572,0.0277285330422825,0.005242250061199105
2025-10-29 16:00:00+00:00,-0.16102090362375648,-0.06082446848710106,0.1350586553493006,-0.003972511960783666,-0.16896229240012056,0.07929006175585371,-0.08776593934832555,-0.02257303129455037,0.024602633294426645,0.0013746710285436146
2025-10-29 17:00:00+00:00,-0.16102090362375648,-0.062314013742218025,0.13072340672476193,-0.007578255115285938,-0.16604119533771913,0.07307760547174978,-0.0885901535123084,-0.023800452287764937,0.021536283569807104,-0.0031887018600603267
2025-10-29 18:00:00+00:00,-0.16102090362375648,-0.06507600573498418,0.12647090034767366,-0.01114158093729421,-0.16388035999349151,0.0651965961106774,-0.08776593934832555,-0.02627939677920074,0.018526642408088264,-0.006913075221655598
2025-10-29 19:00:00+00:00,-0.16336149816640733,-0.06779498541590954,0.12186190445860559,-0.015379240444204505,-0.16348218491537317,0.05822412398488216,-0.08845904012615549,-0.028372916454042413,0.014613780890572007,-0.010921421449939428
2025-10-29 20:00:00+00:00,-0.1657005340374374,-0.07152743905219777,0.12142708118475719,-0.01995155726321603,-0.1637787626502165,0.05316333478425563,-0.09069604383845668,-0.03157549117410496,0.00791303856783044,-0.014541755803557292
2025-10-29 21:00:00+00:00,-0.1657005340374374,-0.071776442930886,0.11924866740125183,-0.020862356422646017,-0.16341148884084564,0.04980818650170691,-0.09081567242964846,-0.03237585006767145,0.004500422229463622,-0.015604352854338855
2025-10-29 22:00:00+00:00,-0.1657005340374374,-0.071776442930886,0.11924866740125183,-0.021195960061151105,-0.16133578622839342,0.04582383062949702,-0.09121653654152222,-0.03483715813644204,0.004500422229463622,-0.016933528631733648
2025-10-29 23:00:00+00:00,-0.16491213853999592,-0.07260204320248284,0.1183297939985929,-0.022770417656182824,-0.15755571912063976,0.0443621360938664,-0.09199760519598114,-0.03549304244879202,0.001268481001910599,-0.01807706887655599
2025-10-30 00:00:00+00:00,-0.16222072389598247,-0.07260204320248284,0.11741357487528088,-0.024053775450006382,-0.15360254479561836,0.043459659763923346,-0.09368438409254451,-0.036215801005210345,-0.0008897351570248219,-0.01958039798014909
2025-10-30 01:00:00+00:00,-0.16009900174301003,-0.07138766888909324,0.11805885963693519,-0.02262000180280826,-0.1505869396585656,0.04287952359258651,-0.09081514160409049,-0.03524400552713297,0.0009022483826932924,-0.01928196664960379
2025-10-30 02:00:00+00:00,-0.1586785886917849,-0.07143272724470488,0.11805885963693519,-0.022404225641323227,-0.1492379782676113,0.0435023971389808,-0.09099954421671907,-0.03510372272193671,0.0009022483826932924,-0.018926399574916132
2025-10-30 03:00:00+00:00,-0.15843836231890654,-0.07148131021724925,0.12142098725080024,-0.021996543327506102,-0.14836643805749922,0.04399214262161772,-0.09099954421671907,-0.03484081800813252,0.0014188655376891983,-0.01843007984732873
2025-10-30 04:00:00+00:00,-0.15788558809624395,-0.06921987061546787,0.12416422579106455,-0.0197843838690472,-0.1475029067523448,0.04776484732995669,-0.08894909615565809,-0.03160226306649499,0.0022267785994565478,-0.016459450093718762
2025-10-30 05:00:00+00:00,-0.15736198965457332,-0.06697392444160687,0.12696287395104383,-0.01735283939503342,-0.14617812763971172,0.0503877672615935,-0.08736837770090404,-0.02897084308921292,0.005226668534865445,-0.014455853233529475
2025-10-30 06:00:00+00:00,-0.15736198965457332,-0.06598994979250741,0.131740065132077,-0.012345588814927382,-0.14569709090349062,0.05413128673023147,-0.08646584223285571,-0.02584802584277797,0.007395360747238645,-0.01217881334367721
2025-10-30 07:00:00+00:00,-0.15736198965457332,-0.06306409394311094,0.13652304051627503,-0.007959366574247902,-0.1439193596542133,0.05910047520757885,-0.08547543422136215,-0.02471246400533861,0.011645944681823499,-0.009274213574432954
2025-10-30 08:00:00+00:00,-0.15736198965457332,-0.060166506807575106,0.14131529556124067,-0.0036820982296081597,-0.14343784618159158,0.06338526975065249,-0.08547543422136215,-0.023583790432091006,0.013697674452692292,-0.005169423370246837
2025-10-30 09:00:00+00:00,-0.15736198965457332,-0.058643925719792385,0.14612028959327789,-0.00019633932238341732,-0.14384597330411564,0.06875754075466174,-0.08646584223285571,-0.02138545944853299,0.017847717235999455,-0.002281887504582482
2025-10-30 10:00:00+00:00,-0.1571034247767086,-0.054801647460089614,0.15118170698436004,0.005860554543632425,-0.14142134517204685,0.07444124316723912,-0.08542997571336691,-0.017037991417365634,0.020862312011542622,0.0022855121631793593
2025-10-30 11:00:00+00:00,-0.1571034247767086,-0.052453123023310455,0.1599374352702403,0.011979855305159335,-0.13996701271412199,0.08285906175721655,-0.08401222823536988,-0.011469815920981865,0.024599861808713656,0.008324605802615693
2025-10-30 12:00:00+00:00,-0.1571034247767086,-0.052453123023310455,0.1687011838997807,0.019286780306715587,-0.13744890886617653,0.09167356016152002,-0.0825951013713808,-0.009607049200823486,0.031852990491584826,0.013328978826515857
2025-10-30 13:00:00+00:00,-0.16051006911975943,-0.050107427018614106,0.17215647140237142,0.025310106176884957,-0.13646473709145376,0.10027021852175641,-0.0825951013713808,-0.00583833913292591,0.0384719548485503,0.01826342439162226
2025-10-30 14:00:00+00:00,-0.165121393855829,-0.049795196448293694,0.17563393932204313,0.031576902654479294,-0.13401731749444204,0.1113888299639724,-0.08096618332720523,-0.0028518652575335477,0.04940057593840288,0.022995808218015768
2025-10-30 15:00:00+00:00,-0.1723124678433332,-0.04712332016191765,0.18636940313996422,0.038467851295498665,-0.1364395772964547,0.12008701222409987,-0.08135994954937109,-0.001744694586677323,0.05722863331042973,0.029630238140686098
2025-10-30 16:00:00+00:00,-0.1723124678433332,-0.050230881013230096,0.1821526602669865,0.034924705216570186,-0.13218866745611302,0.1150020473185312,-0.08135994954937109,-0.003044226924167909,0.05722863331042973,0.02601787431670417
2025-10-30 17:00:00+00:00,-0.1723124678433332,-0.0533206429606622,0.17800116314477762,0.030479626719137683,-0.12916229496083118,0.108330950482215,-0.08218492615419205,-0.004337050520547187,0.051947868548744745,0.022439674846982293
2025-10-30 18:00:00+00:00,-0.17339416398505972,-0.056079725534945356,0.17800116314477762,0.027008311796556838,-0.12662277525905577,0.10007614604196186,-0.08218492615419205,-0.005623284338579531,0.04672934460982806,0.01884662048328366
2025-10-30 19:00:00+00:00,-0.17339416398505972,-0.059900884811077415,0.1739123662691428,0.02258112312133547,-0.1244106612858876,0.09207312094502922,-0.08218492615419205,-0.00816203763701342,0.04428637287101232,0.015303421199453595
2025-10-30 20:00:00+00:00,-0.1757139220068,-0.064126220804369,0.16976071695602604,0.01817713870777071,-0.12530500859085017,0.08531302694184577,-0.08367147173970672,-0.011369185313226426,0.041018361088416444,0.011763934736017334
2025-10-30 21:00:00+00:00,-0.1757139220068,-0.06487490269959192,0.167664158078213,0.016415146488277382,-0.12540706308028782,0.08262627924095735,-0.08379502876194382,-0.012287174244835936,0.03983485527908173,0.010372675349629053
2025-10-30 22:00:00+00:00,-0.17602659422230565,-0.06557226679693617,0.16560399512193866,0.015407286917082695,-0.12591089697912056,0.0799905746558422,-0.0835831618740928,-0.011799060909379391,0.038666857153338306,0.008999706891123633
2025-10-30 23:00:00+00:00,-0.1741481151583427,-0.06557226679693617,0.16560399512193866,0.015720280622939436,-0.1239078656044781,0.07873527369037381,-0.08164842006063963,-0.010278311849615146,0.039582381475626364,0.008196039084307421
2025-10-31 00:00:00+00:00,-0.1741481151583427,-0.06648300373421138,0.1665105450325789,0.014612282215416873,-0.12261574457144508,0.0772679470724023,-0.08092207484876843,-0.011922512055242099,0.036384577029402246,0.006666097948990663
2025-10-31 01:00:00+00:00,-0.17228408497345776,-0.06509931876659117,0.16803748323774578,0.01624394448696002,-0.12094720071506286,0.07867979304099144,-0.07884081237178295,-0.01109684738845321,0.03647622355864564,0.007551190004774818
2025-10-31 02:00:00+00:00,-0.17228408497345776,-0.06508621678590801,0.1696150555696392,0.017119658475466537,-0.12072076383399208,0.08037642399943024,-0.07884081237178295,-0.010115135973872232,0.03731063070465617,0.008192024564836666
2025-10-31 03:00:00+00:00,-0.17211655284945548,-0.06507558270492977,0.17122504817401082,0.01756429929958634,-0.12156855069610074,0.08228293799758979,-0.07884081237178295,-0.009387806190808506,0.0399195195127574,0.008993759961148646
2025-10-31 04:00:00+00:00,-0.17211655284945548,-0.06506749228981344,0.17286869294933496,0.018467753048384532,-0.12295312123836515,0.0840809448999188,-0.07884081237178295,-0.008591134843149677,0.04145652517787651,0.009806915709948422
2025-10-31 05:00:00+00:00,-0.1719582845944274,-0.06506202459539122,0.17435353915177942,0.0195868044509624,-0.12489664434168979,0.08544920231649819,-0.07886749007272223,-0.007735032483902366,0.04239393613855113,0.010476681330972536
2025-10-31 06:00:00+00:00,-0.1719582845944274,-0.06169341291092459,0.1780062362014201,0.02460671421178012,-0.12964244467216868,0.09038067676010451,-0.07886749007272223,-0.005483417867130173,0.04462342420668898,0.012819956494811614
2025-10-31 07:00:00+00:00,-0.16983952836644,-0.05683234968175041,0.18933822609637552,0.027888972247366257,-0.1331964334679712,0.09594477804106426,-0.07787863604351895,-0.0032335507379999662,0.04875505667589879,0.014580400838146374
2025-10-31 08:00:00+00:00,-0.16983952836644,-0.05409919087977509,0.19498463511640673,0.031235366679232993,-0.1381292642475756,0.10067844363837421,-0.07787863604351895,-0.0010144260555775008,0.052864591666771404,0.016299845335039347
2025-10-31 09:00:00+00:00,-0.3394433426383476,-0.23404500374901085,-0.031072198312467977,-0.06974983254381849,-0.04815684508955442,0.0022171417597693973,-0.08794005081112886,-0.025600433135593514,-0.014455037503811698,-0.15127431374619013
2025-10-31 10:00:00+00:00,-0.3394433426383476,-0.23404500374901085,-0.018640322548480644,-0.06271710307288864,-0.057221590047009066,0.010911831477284285,-0.08794005081112886,-0.018328292578043845,-0.009627485372572403,-0.14672900053406826
2025-10-31 11:00:00+00:00,-0.346334883241877,-0.22325936107979644,0.005732940861971457,-0.050703784734184,-0.06892859135430637,0.027961604384963847,-0.08094043394053776,-0.008589002107131411,0.009268428374319466,-0.1396557790495842
2025-10-31 12:00:00+00:00,-0.3581462124579626,-0.2124226164398423,0.04332317912234748,-0.03820061356803832,-0.08093376544838554,0.04520299036858146,-0.08094043394053776,0.00618113426478177,0.028048157698118775,-0.12999912722860926
2025-10-31 13:00:00+00:00,-0.3581462124579626,-0.20670885815029022,0.06852008032510673,-0.022297656402549746,-0.09599534052681341,0.06228227834895816,-0.08094043394053776,0.00618113426478177,0.03726702071844323,-0.12025720455056217
2025-10-31 14:00:00+00:00,-0.3513460248250717,-0.20099513267813504,0.08068453848192343,-0.009581835225633682,-0.10833474602899414,0.08394878987830058,-0.08094043394053776,0.016072019458850784,0.046398269260080574,-0.10810211905645867
2025-10-31 15:00:00+00:00,-0.3513460248250717,-0.19528116992166894,0.09274913501834996,0.0030771339925181143,-0.12050884506684889,0.1058020522457109,-0.08094043394053776,0.025885710270725795,0.06485163073601607,-0.10055920882574995
2025-10-31 16:00:00+00:00,-0.3513460248250717,-0.20692032436542965,0.0806353198263715,-0.00888319500898332,-0.11256955197216635,0.09379815661089329,-0.08094043394053776,0.021206576523471198,0.046497196600512665,-0.10835852390254708
2025-10-31 17:00:00+00:00,-0.34424771573376783,-0.2124896237482745,0.05606091639034724,-0.02079553063828515,-0.10479537961234142,0.07747813396709786,-0.0842073954902749,0.0025145823418973945,0.020239549254074143,-0.11621112343287712
2025-10-31 18:00:00+00:00,-0.33892008341142,-0.22741694633703607,0.03246502119729304,-0.03840023900283795,-0.10479537961234142,0.05685542574923532,-0.0842073954902749,-0.006733999087445619,-0.005346050729674383,-0.1237033816152864
2025-10-31 19:00:00+00:00,-0.3335447995728365,-0.23848024798147857,-0.0012880936288438673,-0.05277775871391359,-0.10225721068144246,0.03635967724560199,-0.0842073954902749,-0.015868386958103987,-0.013736207179446198,-0.13354739470366836
2025-10-31 20:00:00+00:00,-0.3321461125221535,-0.2396746347855223,-0.021596619277678485,-0.060916611837209894,-0.09984763658980104,0.026403097048399868,-0.08709329281915164,-0.020207191070460373,-0.0177562626634679,-0.13793813914608075
2025-10-31 21:00:00+00:00,-0.3307554932131945,-0.24090683481867287,-0.03556352449870333,-0.06724777941873662,-0.1009463848143865,0.018529555567978508,-0.08848092252997086,-0.026841988446521418,-0.0177562626634679,-0.14087022365695795
2025-10-31 22:00:00+00:00,-0.3293733955710637,-0.24238653920541386,-0.04558237356801478,-0.07254050399207176,-0.09853187869014081,0.010702505276691362,-0.08700289961277836,-0.029052333562727694,-0.021746030059648546,-0.14490292441583583
2025-10-31 23:00:00+00:00,-0.324320578092004,-0.24500715781851945,-0.06166926616365777,-0.08072670858098027,-0.08498725663317735,0.004768848618305911,-0.08700289961277836,-0.03137807241346674,-0.029820800169611413,-0.15019347212216067
2025-11-01 00:00:00+00:00,-0.324320578092004,-0.250859279205532,-0.07211890557522531,-0.0870755208741967,-0.08368131644213579,0.0007621765400111217,-0.08700289961277836,-0.040701928362185925,-0.03395640501722167,-0.15621432865317106
2025-11-01 01:00:00+00:00,-0.324320578092004,-0.26068375549517436,-0.08270051729813287,-0.0935378954366205,-0.07855399026710747,-0.0012629544737354848,-0.0849900770928012,-0.045444112228202854,-0.038113978883641306,-0.1641317649327308
2025-11-01 02:00:00+00:00,-0.3215997441924734,-0.2613368384265686,-0.08224807776916894,-0.09398370132241382,-0.07895157864776539,-0.0010406675063644477,-0.08440255135940306,-0.045308619328123224,-0.038113978883641306,-0.165716573022709
2025-11-01 03:00:00+00:00,-0.3215997441924734,-0.26201336317265067,-0.08093112741514852,-0.09438034680099708,-0.07937687097487407,-0.0008152721405539481,-0.08440255135940306,-0.04526447777181666,-0.038113978883641306,-0.1672364552635108
2025-11-01 04:00:00+00:00,-0.3215997441924734,-0.2627139455343254,-0.07967173736257174,-0.09480264744384792,-0.07977639664311045,-0.0004722231189182205,-0.08481573403207054,-0.0456375820008757,-0.0379800735072497,-0.16881994617915094
2025-11-01 05:00:00+00:00,-0.3215997441924734,-0.2634392306347055,-0.07812858624872145,-0.09488255544794988,-0.08022332518076948,-0.00023713334166638008,-0.08488907750060733,-0.045505365313491114,-0.037611093839982276,-0.17047110892498482
2025-11-01 06:00:00+00:00,-0.3215997441924734,-0.2641411453984462,-0.07665081767318066,-0.09378267242126552,-0.07985732543634891,0.0,-0.08488907750060733,-0.04457384513661494,-0.037611093839982276,-0.17219437903353754
2025-11-01 07:00:00+00:00,-0.3215997441924734,-0.2608086200113677,-0.06498279609123182,-0.08301745566478091,-0.07985732543634891,0.009389920754650923,-0.08488907750060733,-0.036488369511286825,-0.032963677555266954,-0.16800752538511526
2025-11-01 08:00:00+00:00,-0.32649492054249446,-0.2535652112755205,-0.04739297248910959,-0.07597984244930149,-0.07985732543634891,0.018826328192808186,-0.08488907750060733,-0.025905777508045007,-0.028350898263300586,-0.16567786282424554
2025-11-01 09:00:00+00:00,-0.3314216976097817,-0.2437882390587942,-0.031572378480182524,-0.06746176392353351,-0.08150525883519898,0.026136184701745453,-0.08488907750060733,-0.018378224646400987,-0.028350898263300586,-0.16333618812853246
2025-11-01 10:00:00+00:00,-0.3314216976097817,-0.24114619956478306,-0.02125277933024703,-0.06120839553477267,-0.08752410739405313,0.031145659071507036,-0.08488907750060733,-0.013478205134605303,-0.023917736237808438,-0.15946486431566842
2025-11-01 11:00:00+00:00,-0.3345313565009324,-0.23528409097099715,-0.01079272858196223,-0.054925384937852574,-0.08905907724750986,0.038723144779391636,-0.08488907750060733,-0.00855765611272822,-0.023917736237808438,-0.15635932718118048
2025-11-01 12:00:00+00:00,-0.3376345709079626,-0.229444616294689,-0.00018122831243538333,-0.04861095241015323,-0.08905907724750986,0.04378719195593778,-0.08488907750060733,-0.00360230736203272,-0.023917736237808438,-0.15416191114971936
2025-11-01 13:00:00+00:00,-0.3447411143649301,-0.21824964586588563,0.01023438609997475,-0.03302693467398885,-0.08905907724750986,0.05354893060458922,-0.08848369505510444,0.006023146729565484,-0.006337755258818415,-0.1515688030238036
2025-11-01 14:00:00+00:00,-0.3518155158516347,-0.20708165150217736,0.01023438609997475,-0.020398581028126073,-0.09204621846411692,0.06858348716955984,-0.08848369505510444,0.01081578020533159,0.011218126994016408,-0.14624855783352986
2025-11-01 15:00:00+00:00,-0.3518155158516347,-0.19593861155539397,0.02064087333577606,-0.004492848484542135,-0.08905907724750986,0.08396618020857644,-0.08848369505510444,0.020392845204028905,0.020051142413891433,-0.14089076200727205
2025-11-01 16:00:00+00:00,-0.3607789149085127,-0.20629121603668343,0.010768930099234084,-0.013578979336838298,-0.08905907724750986,0.07092242355344427,-0.08848369505510444,0.0022045908013687025,0.0033661291980128976,-0.147114235864248
2025-11-01 17:00:00+00:00,-0.3607789149085127,-0.21664620980327048,-0.008877202427284528,-0.02865996422553199,-0.08371800274802017,0.05724814999080089,-0.09179565256877312,-0.015667192125349644,-0.004956770931085696,-0.1533933398774915
2025-11-01 18:00:00+00:00,-0.3607789149085127,-0.22155708785301037,-0.037243318499102805,-0.04049235253408097,-0.08371800274802017,0.038615446145527185,-0.09179565256877312,-0.03705597515354734,-0.021317872257605206,-0.16239061451591127
2025-11-01 19:00:00+00:00,-0.35877150937429025,-0.22134105394440914,-0.052592206124811684,-0.04473536232475714,-0.07758203014518038,0.025785501275076676,-0.08780342413701712,-0.05219013745235174,-0.02910835384294189,-0.17041545120927806
2025-11-01 20:00:00+00:00,-0.35877150937429025,-0.22134105394440914,-0.06485387751666838,-0.048733800939959125,-0.07874678310395249,0.016528014632392913,-0.08920125364719807,-0.06816655619592302,-0.03708840992439735,-0.172546964266613
2025-11-01 21:00:00+00:00,-0.35877150937429025,-0.22252803919677458,-0.08163655595005052,-0.05005378287533248,-0.07874678310395249,0.007185434539107979,-0.09059192521554858,-0.08295445412416427,-0.04096175474354459,-0.17512258624229235
2025-11-01 22:00:00+00:00,-0.35877150937429025,-0.22252803919677458,-0.09499040380643857,-0.052715219512312304,-0.07874678310395249,0.00011861188466778611,-0.09059192521554858,-0.09407410660214753,-0.04951227737777434,-0.179176710162056
2025-11-01 23:00:00+00:00,-0.35877150937429025,-0.2247662151805064,-0.10468929985556204,-0.05886485518639549,-0.08417402688950067,-0.009500455960653933,-0.08700154958598952,-0.10723397615738883,-0.05371038530906456,-0.18450538555703544
2025-11-02 00:00:00+00:00,-0.35877150937429025,-0.22753865708159315,-0.1145789941348964,-0.06530956995275991,-0.07951205136112069,-0.016951760765746816,-0.08892888112107138,-0.11919901547450248,-0.05371038530906456,-0.19135082281374646
2025-11-02 01:00:00+00:00,-0.3658188818854892,-0.2303204272047004,-0.12556117258574365,-0.07312470636768822,-0.07681433446841208,-0.027110894428360482,-0.09086939639321265,-0.12782333672384139,-0.06182246336591204,-0.19677195921153226
2025-11-02 02:00:00+00:00,-0.3658188818854892,-0.23044247604588383,-0.12334541160008392,-0.07311795081275131,-0.07736893776171026,-0.026960226775405768,-0.0910672037791842,-0.12662836280974787,-0.06146235160921785,-0.1979977849970042
2025-11-02 03:00:00+00:00,-0.3658188818854892,-0.23056832892181683,-0.12053765576574077,-0.07312660432052538,-0.07736893776171026,-0.026889952054949106,-0.09086939639321265,-0.12547673492123965,-0.06147068003060642,-0.19897211128420783
2025-11-02 04:00:00+00:00,-0.3658188818854892,-0.23069801587849267,-0.11955403561924532,-0.07337086026490985,-0.07757800106357379,-0.026858952230983193,-0.09086939639321265,-0.1222277349529244,-0.06148202831200935,-0.20068407370887245
2025-11-02 05:00:00+00:00,-0.3658188818854892,-0.23152497048548565,-0.11698348432428542,-0.07326164784060445,-0.07757800106357379,-0.02671923772113363,-0.09078741141264451,-0.11739702767916023,-0.06112223990167951,-0.2020219595824699
2025-11-02 06:00:00+00:00,-0.3647770628379535,-0.23166798987504894,-0.11456279899757822,-0.07290965804253398,-0.07757800106357379,-0.026405591689044338,-0.09052103238380563,-0.11295400761922383,-0.06076685725674797,-0.20340081360319148
2025-11-02 07:00:00+00:00,-0.3655889394225837,-0.2245731768033502,-0.10234769798631964,-0.0647643633694293,-0.0706850517458291,-0.02277756022161273,-0.08398334491147447,-0.09098750157598778,-0.051638663316220926,-0.20639366873742598
2025-11-02 08:00:00+00:00,-0.3655889394225837,-0.2179691525129441,-0.08778467665312532,-0.05941899831465114,-0.0706850517458291,-0.01416374259535817,-0.08192608004984983,-0.0722550467448597,-0.03824682887375476,-0.20334757077470375
2025-11-02 09:00:00+00:00,-0.37061518732623244,-0.21144370131527015,-0.07877985555428856,-0.05267554967787386,-0.07231360575179976,-0.005679699188633893,-0.08192608004984983,-0.059022917060966906,-0.03824682887375476,-0.1990032877454431
2025-11-02 10:00:00+00:00,-0.37061518732623244,-0.20845330058960435,-0.06984082678299693,-0.04290001113444565,-0.07809770051735171,0.00578766292361922,-0.08004256012149724,-0.04706032468673998,-0.03402414124501705,-0.1950900743652496
2025-11-02 11:00:00+00:00,-0.37061518732623244,-0.20547263782557956,-0.060962958128896086,-0.036531840727317924,-0.07510375266487003,0.014511726726853608,-0.08004256012149724,-0.03798327302152027,-0.025338984176947636,-0.1895560404483477
2025-11-02 12:00:00+00:00,-0.37061518732623244,-0.20250153584579567,-0.052141774100271335,-0.030051145288248624,-0.07510375266487003,0.023290740080754893,-0.07816321448803115,-0.030452527068404074,-0.020925873630243022,-0.18399703903605708
2025-11-02 13:00:00+00:00,-0.36354029656062137,-0.1870543137619904,-0.035078515568225006,-0.014263503641223127,-0.07510375266487003,0.0290279330917856,-0.0745590844921608,-0.01606102450617678,-0.003843121640310475,-0.17184104466478653
2025-11-02 14:00:00+00:00,-0.36354029656062137,-0.18145713128062405,-0.02665654072167319,0.0014018899134327781,-0.07819389946228653,0.04064830962306962,-0.07096228386723107,-0.001844410806549069,0.004707089763357297,-0.16253344647826173
2025-11-02 15:00:00+00:00,-0.36354029656062137,-0.17070413607226656,-0.018206554570570743,0.013916378080634622,-0.08398515672865102,0.05238625279954367,-0.06737271680992614,0.009444831029743236,0.021834771495117502,-0.1539433252984161
2025-11-02 16:00:00+00:00,-0.35437645707342025,-0.17571735147654072,-0.03442981196087826,0.001912666529157318,-0.08120512437299159,0.035915349439578796,-0.07068653586395553,-0.001377605792192242,0.0135989708019794,-0.16276268205413433
2025-11-02 17:00:00+00:00,-0.34719662138493557,-0.18072340404903167,-0.05058897969413822,-0.007062205507083807,-0.07847657820745176,0.024804383726656293,-0.07392134475604038,-0.014783747621474717,0.005394661066671798,-0.1715819861315083
2025-11-02 18:00:00+00:00,-0.33999773455960214,-0.1902722418717578,-0.07537217762761429,-0.012994849883719052,-0.08114760468277255,0.013699275993869922,-0.07392134475604038,-0.028044635745460633,-0.010861157442549054,-0.19014498679985117
2025-11-02 19:00:00+00:00,-0.3273838102495468,-0.20377461400871302,-0.09153874860927366,-0.01888462139874289,-0.08114760468277255,0.0025978890850685762,-0.07706849793673584,-0.043695650452494086,-0.018931345761080718,-0.2107739808046201
2025-11-02 20:00:00+00:00,-0.3219334842785796,-0.21218278041656086,-0.11472632972585553,-0.02473253577340832,-0.0836894631755924,-0.013995559663787025,-0.080198698176185,-0.05663889860285114,-0.03519287668524461,-0.22657382521011732
2025-11-02 21:00:00+00:00,-0.31388463005853295,-0.21408933622816564,-0.11828356557202419,-0.029965639101439775,-0.08798573503281969,-0.03068501278819079,-0.07784411732692559,-0.06532828808627489,-0.04386789092065252,-0.22288192794952283
2025-11-02 22:00:00+00:00,-0.3106268418860554,-0.2159300315953627,-0.12750777529876917,-0.035743192026977885,-0.08798573503281969,-0.03905668406831963,-0.07784411732692559,-0.06925245262452832,-0.051953251209638056,-0.22671987848760497
2025-11-02 23:00:00+00:00,-0.3106268418860554,-0.21871763516577503,-0.13182035496155728,-0.04202066437876115,-0.08926927483034228,-0.05062202069060948,-0.07603693765661433,-0.07754324643243099,-0.06008977813557382,-0.23174799031060753
2025-11-03 00:00:00+00:00,-0.3106268418860554,-0.22249746997761108,-0.1413474812815823,-0.046884659527898206,-0.08774590430770254,-0.06320154279971046,-0.07409475688198254,-0.08880251932534011,-0.0690778947057854,-0.2370671449840859
2025-11-03 01:00:00+00:00,-0.3106268418860554,-0.22633296332726457,-0.14576765131510144,-0.05022521958546968,-0.08050275817675911,-0.07340808392677485,-0.075963269908505,-0.0982150047606681,-0.07346281751651008,-0.24292763161271344
2025-11-03 02:00:00+00:00,-0.3106268418860554,-0.22760861298251023,-0.14598004515725999,-0.050615755469949925,-0.07977895037217589,-0.0741484751108334,-0.07637490794637052,-0.09810280626994697,-0.07364876909950528,-0.2456417265713007
2025-11-03 03:00:00+00:00,-0.3106268418860554,-0.22891140332126458,-0.14731513974745167,-0.05102785810289287,-0.07931630153157646,-0.0757474283542911,-0.07620484304195894,-0.09834107863123082,-0.07384065991366104,-0.24781232553833019
2025-11-03 04:00:00+00:00,-0.3106268418860554,-0.22891140332126458,-0.14755565052844918,-0.05146311291240318,-0.07896913327339,-0.0766701242034275,-0.07620484304195894,-0.09845798209329334,-0.07403866661461612,-0.25006521239840196
2025-11-03 05:00:00+00:00,-0.3097614882037058,-0.23105770216265398,-0.14780392643660994,-0.05173789951580071,-0.07892433745743178,-0.07685711701596054,-0.0761508858979087,-0.09784357947935207,-0.07467127213107297,-0.25155203180051516
2025-11-03 06:00:00+00:00,-0.3137623237722651,-0.2285904009742696,-0.1528780061915646,-0.0461864135617113,-0.08062958972628269,-0.07039479225885892,-0.07173698717188787,-0.09182056411126004,-0.07154918106789279,-0.2508133792785522
2025-11-03 07:00:00+00:00,-0.3189453923607223,-0.22228900372311566,-0.14386781611427946,-0.039382261332416076,-0.08814677157764764,-0.06032647478727183,-0.06978075583606974,-0.08442887165012988,-0.06283207315875769,-0.23963297066276798
2025-11-03 08:00:00+00:00,-0.3189453923607223,-0.21604897672000634,-0.12920056053517007,-0.0326330733168839,-0.09334465496536232,-0.04669425244719063,-0.06783636255748061,-0.07710460380972331,-0.05405260487856131,-0.23169752606351185
2025-11-03 09:00:00+00:00,-0.3189453923607223,-0.20986821626439253,-0.12033957658073356,-0.025936275826368704,-0.09816939529443357,-0.036843556601325544,-0.06596675658765674,-0.06984453723264168,-0.04520558058232612,-0.22512318707633697
2025-11-03 10:00:00+00:00,-0.3189453923607223,-0.20468253613762152,-0.1080816605753815,-0.019487591567245457,-0.1065098393309413,-0.02394889260432701,-0.06057391209164958,-0.06302828887838827,-0.04088839006125191,-0.2180733843783335
2025-11-03 11:00:00+00:00,-0.3189453923607223,-0.19422503315149794,-0.09050957948688951,-0.006454045601752605,-0.12080014900028749,-0.004678519986502107,-0.050145131099732856,-0.052053094995240225,-0.013830811950708831,-0.20392824057364559
2025-11-03 12:00:00+00:00,-0.3189453923607223,-0.1837531576026837,-0.07294051818066438,0.009900386444808083,-0.13540301598453694,0.0207623042508618,-0.04318110714107416,-0.03543117726764349,-0.004843518354606075,-0.18913214791902586
2025-11-03 13:00:00+00:00,-0.3264609169504591,-0.17326511233114628,-0.046143533065620516,0.019630808466064544,-0.14811336360387498,0.045193652221132155,-0.03625315183926302,-0.02160931499006653,0.013005687090866688,-0.1766464185234756
2025-11-03 14:00:00+00:00,-0.3359041746484051,-0.16200576768756386,-0.02836296157426856,0.02929004489765721,-0.16053686179131452,0.0686703927200624,-0.0327870654695706,-0.01336175572581861,0.03058198400606792,-0.16388443566189784
2025-11-03 15:00:00+00:00,-0.342897026010558,-0.1452929820927063,-0.028426297185455435,0.044990861781939236,-0.17483471598035355,0.09099109892847236,-0.030360999289636287,-0.0030244155079152276,0.05067928126330656,-0.1422978304080634
2025-11-03 16:00:00+00:00,-0.33559105893275715,-0.15510491314637928,-0.044604947978442416,0.03235054948716689,-0.16763149478260445,0.06698806573419612,-0.03356267807525183,-0.01093065696531348,0.04207327989312072,-0.15242975037126452
2025-11-03 17:00:00+00:00,-0.328257276746987,-0.17030660404542183,-0.06044743512710737,0.019722534950735105,-0.15641199144993093,0.04943447215194887,-0.03674809130208077,-0.018841357092646466,0.02505031364697907,-0.16247252112432786
2025-11-03 18:00:00+00:00,-0.328257276746987,-0.17497357145436526,-0.07597575203085766,0.004168115472865666,-0.1472398039159436,0.02562336327815716,-0.039917479183027495,-0.034600394932472446,0.0077401596640300175,-0.17200020917558204
2025-11-03 19:00:00+00:00,-0.328257276746987,-0.18383437620991103,-0.09121008209247822,-0.008138565599135119,-0.13589611944731092,0.00828360754354391,-0.046167006189846656,-0.044970016602319786,-0.10115396308458277,-0.18140872231376187
2025-11-03 20:00:00+00:00,-0.328257276746987,-0.18801552207501576,-0.10616899375417796,-0.014237651394126275,-0.12447280135490743,-0.00848333836806984,-0.06107857467096321,-0.05265486981351699,-0.13480051755137404,-0.18821885468425562
2025-11-03 21:00:00+00:00,-0.3212723618634331,-0.18751824021221178,-0.11086851568947295,-0.011444968156371832,-0.1243849032275276,-0.023145732693135686,-0.06011576680816761,-0.04962890511688943,-0.1444126611451262,-0.18691242342641448
2025-11-03 22:00:00+00:00,-0.31806768186199674,-0.19117292828329663,-0.11893300523817461,-0.016045287389150988,-0.12201974999006049,-0.031010467181137393,-0.06311656608272143,-0.052272678574102206,-0.14753638202679786,-0.188664784604468
2025-11-03 23:00:00+00:00,-0.31806768186199674,-0.1964532250705556,-0.1270381572884879,-0.022462872966766072,-0.11391883192597049,-0.03646504898370858,-0.06855792484517283,-0.06194839929367831,-0.15283124215366886,-0.19661511208962687
2025-11-04 00:00:00+00:00,-0.3111093963553158,-0.2035140880744176,-0.13668681403109045,-0.027435412592141266,-0.11093130061158644,-0.04522551387054682,-0.06855792484517283,-0.07181301958624589,-0.15774708793043596,-0.2068297306655315
2025-11-04 01:00:00+00:00,-0.3157451848729013,-0.21473808673207975,-0.14758402236619578,-0.03611797165752267,-0.11655005147102684,-0.05280827274411012,-0.07477694573403622,-0.07561060083846449,-0.16298782523904395,-0.2157742194184032
2025-11-04 02:00:00+00:00,-0.3157451848729013,-0.21703731348183794,-0.14758402236619578,-0.03641423230636889,-0.11655005147102684,-0.05359893541480526,-0.07497266605422732,-0.07604093504122202,-0.16318083075631085,-0.21745522834405162
2025-11-04 03:00:00+00:00,-0.3157451848729013,-0.2194269600973313,-0.14811387908645937,-0.036826627237187104,-0.11723025006560042,-0.05400446288933365,-0.07517053217829625,-0.07633211834164007,-0.1633782299306371,-0.21919159979736796
2025-11-04 04:00:00+00:00,-0.31304530684072657,-0.22191280493179957,-0.14865536796258313,-0.03733648985249797,-0.117114644738093,-0.05441024795053301,-0.0761210483443437,-0.07674405359642214,-0.1634605315473559,-0.22098610362720678
2025-11-04 05:00:00+00:00,-0.31304530684072657,-0.22292518922318602,-0.14920880099670228,-0.037684446194778724,-0.117114644738093,-0.054370831355284616,-0.07655387224923373,-0.07687730591780792,-0.16310839513998399,-0.22284170958660338
2025-11-04 06:00:00+00:00,-0.3163763984009342,-0.22072378492553058,-0.14106343746149844,-0.034287445711314396,-0.11351452084533034,-0.03920198105066232,-0.0695723988533677,-0.07122598323486343,-0.15784717622462807,-0.21631712434153672
2025-11-04 07:00:00+00:00,-0.3215566649248109,-0.21473724257056362,-0.1328986669984248,-0.030769016311652835,-0.11351452084533034,-0.030032050114492306,-0.06774524514310433,-0.06840390754888097,-0.15060362130512647,-0.21030177341224204
2025-11-04 08:00:00+00:00,-0.3215566649248109,-0.20879403149800385,-0.11649637466955211,-0.02727321715826199,-0.10943887662506183,-0.015343902309474423,-0.06215364605774476,-0.06399029556394353,-0.14394205766861812,-0.20440436634377276
2025-11-04 09:00:00+00:00,-0.32678276239199755,-0.20289261395079589,-0.10697019083228185,-0.023844265587179028,-0.10689468894626704,-0.006855444270515276,-0.05854088459205644,-0.05983536230346543,-0.13729693918455443,-0.19899848299731443
2025-11-04 10:00:00+00:00,-0.32678276239199755,-0.20019502559962418,-0.09878137729696188,-0.017272017356823252,-0.10475823734069836,0.0014216676504028962,-0.05354647109883157,-0.05449915484994452,-0.13249970517955517,-0.19312347955555006
2025-11-04 11:00:00+00:00,-0.32678276239199755,-0.19482991269439898,-0.09072643446715559,-0.0070455571614249455,-0.0950759567685469,0.022987921391288413,-0.043727861916257445,-0.04364055483767657,-0.12614103156422415,-0.1817738880692515
2025-11-04 12:00:00+00:00,-0.32678276239199755,-0.1836694333210654,-0.0821082758083053,0.0032875863706034124,-0.09006531349104295,0.044064833252168596,-0.033939400548746806,-0.03805047205449567,-0.11609848957858077,-0.17003897210211885
2025-11-04 13:00:00+00:00,-0.33429224444147376,-0.1725698634743367,-0.06456622094602482,0.013599083541083908,-0.08253089559949114,0.06410435260817743,-0.027406019948821993,-0.0352621407299001,-0.1058074825869216,-0.1608542587895961
2025-11-04 14:00:00+00:00,-0.33429224444147376,-0.16152870212766354,-0.04732632813459666,0.023849730164062347,-0.07250794134680921,0.08861163138139681,-0.017627294349987,-0.03244729851606154,-0.09890903096579397,-0.15178228808614563
2025-11-04 15:00:00+00:00,-0.33166089351625766,-0.1456559142393493,-0.02766032679655369,0.027923464168328607,-0.05879254086482497,0.12048929689180687,-0.0031407247924931467,-0.02657323417474464,-0.09012688167251542,-0.13735768250000566
2025-11-04 16:00:00+00:00,-0.32441665218667354,-0.15582248282662348,-0.04381908788983456,0.02119511931904697,-0.07009088888258087,0.10437112975851634,-0.009428238485208601,-0.02657323417474464,-0.09638386245219402,-0.14716797525288983
2025-11-04 17:00:00+00:00,-0.32441665218667354,-0.16595830129246225,-0.05973974877535411,0.017800160306247804,-0.08314566765732771,0.08306914339885461,-0.01875854040929581,-0.032137228853554,-0.10244333451630563,-0.15687659139086105
2025-11-04 18:00:00+00:00,-0.31902733850295456,-0.17081744882526223,-0.0754365101772122,0.011019264934004895,-0.08975486391374943,0.06250954571212369,-0.02790745922068347,-0.037701291434664996,-0.10865298952481942,-0.16609743786147346
2025-11-04 19:00:00+00:00,-0.30617025601432096,-0.18007203330916327,-0.09092265550362114,0.0042771008225966425,-0.09841649961550542,0.04262730875130643,-0.036906101619333345,-0.04320868043429624,-0.11464696733080881,-0.17519208229822777
2025-11-04 20:00:00+00:00,-0.2987418369147202,-0.18049871809522025,-0.111450344899904,0.0016855810639540905,-0.10933415113899314,0.028172429583349555,-0.036808517167369284,-0.04613124740038057,-0.1168291641995084,-0.17632445240761602
2025-11-04 21:00:00+00:00,-0.2912580898964224,-0.17958837561566685,-0.12934878451623388,0.00755271474636349,-0.10972417086674216,0.013863542412953303,-0.03539081268134458,-0.04774453062265301,-0.12380666133660717,-0.17870462076884583
2025-11-04 22:00:00+00:00,-0.2912580898964224,-0.18183214737956757,-0.13652854195991326,0.005846569331679257,-0.10857059948125504,0.006788739988360058,-0.038418633493429326,-0.053678890300597075,-0.12727851472445795,-0.18214919113293745
2025-11-04 23:00:00+00:00,-0.29637597501711427,-0.18447640249774297,-0.14120119434825665,0.005846569331679257,-0.11482751043710591,0.002151967413714372,-0.045013364492234184,-0.06296677775612054,-0.13234507987003033,-0.18713516229897226
2025-11-05 00:00:00+00:00,-0.29637597501711427,-0.18447640249774297,-0.1459275453957967,0.0024550951774992493,-0.11750193508585156,-0.004883511903133328,-0.04670244672020353,-0.07394528970459972,-0.13743459271458913,-0.19195619994339458
2025-11-05 01:00:00+00:00,-0.3009045689577487,-0.1925023480129461,-0.15269222464409207,-0.007228603590493065,-0.12415526799303164,-0.012272634142035183,-0.05339325492716121,-0.08056577757751461,-0.14140718593117754,-0.19939958353885257
2025-11-05 02:00:00+00:00,-0.3009045689577487,-0.194879321500129,-0.15351991430828035,-0.007228603590493065,-0.12463102920774746,-0.012468656347789315,-0.05339325492716121,-0.08159588039003779,-0.14150825074961704,-0.20052201426667074
2025-11-05 03:00:00+00:00,-0.3009045689577487,-0.19587794540330877,-0.15610714648053123,-0.007279037297139525,-0.12527489045684392,-0.012578682635600346,-0.05379609379546851,-0.08248449044497298,-0.14217078059474106,-0.20133203453398682
2025-11-05 04:00:00+00:00,-0.3009045689577487,-0.19689416036254462,-0.15702783847103866,-0.007374123660527197,-0.1258202124417804,-0.012710431287345827,-0.05420891509280144,-0.08284932489603579,-0.14227688153097034,-0.20215727076105425
2025-11-05 05:00:00+00:00,-0.3009045689577487,-0.19851003162317793,-0.15798432775385912,-0.0074185908285689574,-0.12582379095943844,-0.012743188003850164,-0.054495631636625054,-0.0832224685266357,-0.14236635548349558,-0.20299811711464621
2025-11-05 06:00:00+00:00,-0.3009045689577487,-0.19386322129798378,-0.15475138145059758,-0.009166429359874538,-0.1220654015159015,-0.0009532320707887457,-0.04811584992203286,-0.07890587222958995,-0.1374361271354073,-0.195168573676256
2025-11-05 07:00:00+00:00,-0.3009045689577487,-0.18829818025068124,-0.14562634573941513,-0.007410970850652015,-0.11585757712494042,0.008247041353491023,-0.041499782889302846,-0.07585112170288769,-0.1311139322663909,-0.1868336462275935
2025-11-05 08:00:00+00:00,-0.3009045689577487,-0.18190038384991392,-0.13107181926487596,-0.009156996737229887,-0.11231018524994851,0.017218672965250963,-0.036574962166297964,-0.07280455431053297,-0.12479170025216045,-0.18011280450057796
2025-11-05 09:00:00+00:00,-0.3009045689577487,-0.17559599662940897,-0.12234058523128753,-0.007410970850652015,-0.11117847371810097,0.02825741636442521,-0.031804692898232234,-0.06987014918382026,-0.12163007667270288,-0.1739046700822427
2025-11-05 10:00:00+00:00,-0.3009045689577487,-0.17016286916249637,-0.11497702789077058,-0.00568570057424147,-0.10749041081388715,0.037055502182047936,-0.02872125926893489,-0.06438415114739991,-0.11867787759581036,-0.16738706253286995
2025-11-05 11:00:00+00:00,-0.3009045689577487,-0.159480414319906,-0.08345357883136571,0.0013262033142743238,-0.09843900327952601,0.05477775727457758,-0.01951251377633748,-0.05274294052897184,-0.11223812155552604,-0.15968940212586025
2025-11-05 12:00:00+00:00,-0.29315714981967966,-0.14883153631928053,-0.06664502919697415,0.0048423379454842815,-0.09134572229983949,0.07187293095008519,-0.007258430922837447,-0.04678984936951697,-0.10560605180019544,-0.151766610057692
2025-11-05 13:00:00+00:00,-0.29315714981967966,-0.1382143026944758,-0.03352841160912895,0.0013262033142743238,-0.08652749188746511,0.08805574022958139,-0.0011197840535435643,-0.04378752271860155,-0.10225168085357816,-0.14082398937999657
2025-11-05 14:00:00+00:00,-0.29315714981967966,-0.13306969907453967,-0.00901599837372835,0.004837317995630369,-0.07485700787610608,0.10374445730353092,0.008055641845046653,-0.04078146491764847,-0.09564989886146148,-0.1300289541817028
2025-11-05 15:00:00+00:00,-0.3027214542557892,-0.11842360461934863,0.0005001542945183718,0.008925781181405764,-0.06464917237390777,0.11465646922308564,0.024051240832292965,-0.038042563892688966,-0.08751189591010214,-0.12411154130421684
2025-11-05 16:00:00+00:00,-0.2951107860057129,-0.12377371184281438,-0.015585750672937914,0.012463045279193131,-0.07568308425146245,0.09651607984574033,0.01169575177814965,-0.038042563892688966,-0.0970199617210082,-0.13111765105456602
2025-11-05 17:00:00+00:00,-0.2951107860057129,-0.13358100311195797,-0.03917798165040661,0.008916544597790862,-0.08437669307088268,0.07873623917052966,0.0055551087950724675,-0.04418713895750011,-0.10647696079154421,-0.13786671579445517
2025-11-05 18:00:00+00:00,-0.2892721065935281,-0.13829271699362314,-0.062172371794543185,0.005376432085781832,-0.09284875075801775,0.06094225186664584,-0.003569716345380515,-0.05335693716749871,-0.11285238265708918,-0.14662234539556734
2025-11-05 19:00:00+00:00,-0.2833563372274721,-0.14729437540849621,-0.07758398917110465,0.0018407208554566375,-0.11706937618571153,0.04367538577336748,-0.015581821181140428,-0.059514896295763314,-0.11921692778936467,-0.1552589818265733
2025-11-05 20:00:00+00:00,-0.2755429357577631,-0.14415765704551067,-0.09978986592963496,0.0077872930904518784,-0.11783239325235584,0.027420127742146572,-0.017777530862237472,-0.06195889016682727,-0.12177674705775171,-0.15825225316271876
2025-11-05 21:00:00+00:00,-0.2755429357577631,-0.14737436294453968,-0.11037045582621698,0.005975576597350347,-0.12518656062605113,0.01693149880585489,-0.02352655811363551,-0.06195889016682727,-0.12330947754132295,-0.1627224698923564
2025-11-05 22:00:00+00:00,-0.2755429357577631,-0.15352323724280095,-0.1190407830516687,0.004183683923972618,-0.13403787262089256,0.00884536706245403,-0.027952180374383073,-0.06532590442565978,-0.1285587585898571,-0.16713085413838594
2025-11-05 23:00:00+00:00,-0.2755429357577631,-0.1615726600310523,-0.13133486560131574,0.0023925012962221948,-0.14018446717916708,-0.001009004924191366,-0.032638624640333576,-0.07401407119256992,-0.1317330699836847,-0.17171420149567967
2025-11-06 00:00:00+00:00,-0.2826615134022315,-0.17461787155737052,-0.1403066323781918,-0.0012292008859450133,-0.1440727151148165,-0.006981192317082599,-0.03423978071635934,-0.08327138632403527,-0.13513789357719352,-0.17305897338145282
2025-11-06 01:00:00+00:00,-0.28725943178546814,-0.18422234591507566,-0.14848813556828783,-0.011566874352320025,-0.1499958123222078,-0.010271723496771681,-0.043012531893363404,-0.09141029801365969,-0.1398381446087691,-0.1776280278673777
2025-11-06 02:00:00+00:00,-0.290143593231686,-0.18622204514670757,-0.15185891799145598,-0.011794131102645086,-0.15120946513030098,-0.010452106933818954,-0.0433305711623147,-0.09270219817956825,-0.14030010569882376,-0.17853006613600642
2025-11-06 03:00:00+00:00,-0.290143593231686,-0.1883012655232702,-0.15303716336489742,-0.011794131102645086,-0.1520534953753339,-0.010674056157345374,-0.04376834457668434,-0.09371731678816166,-0.1404718039050407,-0.17909255965193846
2025-11-06 04:00:00+00:00,-0.290143593231686,-0.19211228196566452,-0.15462524230446342,-0.011890274970549385,-0.1520534953753339,-0.010857138128583336,-0.04421630202122653,-0.09524760180014355,-0.14094277923709508,-0.1796636692035373
2025-11-06 05:00:00+00:00,-0.2939485912405419,-0.19132467441639556,-0.15080626158895508,-0.016801061326232745,-0.15175363489866983,-0.0066284455393996085,-0.04521138328720938,-0.09721958669190882,-0.1405180347461248,-0.1804173816481437
2025-11-06 06:00:00+00:00,-0.2939485912405419,-0.18274654763003767,-0.14267413291973335,-0.018555206382366393,-0.15175363489866983,0.002760272822908128,-0.04220383070391323,-0.09270893545741342,-0.13907452152379446,-0.1774372807575072
2025-11-06 07:00:00+00:00,-0.2939485912405419,-0.17991585995681178,-0.1345901165079776,-0.018555206382366393,-0.1469426396948614,0.011805432790828681,-0.03758933097157984,-0.0896062692084452,-0.13581918509122182,-0.17261845156264988
2025-11-06 08:00:00+00:00,-0.2939485912405419,-0.17385633866656847,-0.12154942406423583,-0.020353896069878214,-0.14239753527152352,0.022232700165732838,-0.033036392757428944,-0.0848243481698448,-0.13257195129561097,-0.16841644415851284
2025-11-06 09:00:00+00:00,-0.2939485912405419,-0.1678667173843257,-0.11363758812129257,-0.020353896069878214,-0.1394014226873721,0.029072924693096875,-0.030100777872134034,-0.08330763104056987,-0.13100927291904585,-0.16188811064005015
2025-11-06 10:00:00+00:00,-0.2924046898220436,-0.1537488748061724,-0.09778519913574706,-0.01796340339386602,-0.14083528516927066,0.03981770836703109,-0.02811204457468523,-0.07846068629562368,-0.12676564471484478,-0.15203427481228662
2025-11-06 11:00:00+00:00,-0.28451916507124614,-0.13764109981244696,-0.08193369679271241,-0.01796340339386602,-0.13037448613870126,0.053809623064997036,-0.022294851488625627,-0.07212441180052434,-0.12053320258555272,-0.14491936778520487
2025-11-06 12:00:00+00:00,-0.28451916507124614,-0.11689270703366696,-0.06612368292324168,-0.01796340339386602,-0.1239729571942105,0.06708826063837728,-0.01648286823407781,-0.06587591017435389,-0.11408706991707634,-0.13534475907220583
2025-11-06 13:00:00+00:00,-0.28451916507124614,-0.10095608677589789,-0.04213133603881892,-0.01796340339386602,-0.11521955712663273,0.08301130572536225,-0.010675778421967203,-0.06587591017435389,-0.1108191661918946,-0.1255991078943791
2025-11-06 14:00:00+00:00,-0.2822289726822003,-0.07479369799611353,-0.010447511506282304,-0.020830232142261457,-0.10386266035415294,0.11126267065798075,0.0013281198016867532,-0.06658982291046907,-0.10455818440770312,-0.11229411807353674
2025-11-06 15:00:00+00:00,-0.27223579036626827,-0.06188835081086849,0.008818717838626278,-0.02540975954038846,-0.08804984182488135,0.14064463431986876,0.013070521899175878,-0.0641285875165336,-0.10010732206817406,-0.10060589852901804
2025-11-06 16:00:00+00:00,-0.27223579036626827,-0.0723961185554275,-0.00715040461754216,-0.02540975954038846,-0.09836239106439544,0.12252912488098944,0.004099237516415396,-0.0676350268856326,-0.10679206315472152,-0.10735896278721026
2025-11-06 17:00:00+00:00,-0.27223579036626827,-0.08282799132961663,-0.030855054083621977,-0.02174472939481419,-0.10243678735786323,0.10419259439376666,-0.0018620334247155985,-0.07460186008311019,-0.11329297058807905,-0.11621072791520233
2025-11-06 18:00:00+00:00,-0.265964529100169,-0.0879133172928934,-0.06255193865176595,-0.029035996576222908,-0.11039536789398849,0.08967549175666009,-0.013672038785052335,-0.07460186008311019,-0.1165929248236662,-0.12272340913206164
2025-11-06 19:00:00+00:00,-0.2559650066443451,-0.08592328809381468,-0.07855436139689669,-0.02501278932506962,-0.11182442826737488,0.08370786498894313,-0.016547996632277732,-0.07796820299248791,-0.12494055041255792,-0.12578871043372328
2025-11-06 20:00:00+00:00,-0.24774871935634518,-0.08609808867709536,-0.09464877338847046,-0.020953826121184703,-0.11142999367022415,0.07775930061533291,-0.020933722413703313,-0.08312919186390626,-0.129966060772526,-0.1297950818379039
2025-11-06 21:00:00+00:00,-0.24774871935634518,-0.08819263408867926,-0.10289702182505812,-0.020953826121184703,-0.11620243883300298,0.06847033509563079,-0.025318216781993894,-0.08668502267926453,-0.13333204585392877,-0.135485033226686
2025-11-06 22:00:00+00:00,-0.24774871935634518,-0.09291373532756983,-0.10289702182505812,-0.019024434109857755,-0.11417735988122643,0.05744034459593715,-0.026820771329724713,-0.0945271439658832,-0.13333204585392877,-0.140299618305777
2025-11-06 23:00:00+00:00,-0.2534019364157813,-0.10085651031119004,-0.11230485675126986,-0.02102403085669207,-0.12147247503812358,0.050776279942409394,-0.029966580351147076,-0.10529798237965468,-0.13718342408684947,-0.14470245789112826
2025-11-07 00:00:00+00:00,-0.2534019364157813,-0.11290959627158437,-0.12195227111219324,-0.025096208634515102,-0.12026655832032525,0.044105081271744284,-0.033231637740505256,-0.10983353409508295,-0.13893339696481613,-0.14958562873730716
2025-11-07 01:00:00+00:00,-0.25816173497329653,-0.12355348234596347,-0.1325033009768484,-0.03404427113000157,-0.12802937905843456,0.03857628402360843,-0.040970862119558665,-0.11762882370314175,-0.1422148775634768,-0.1561725649369129
2025-11-07 02:00:00+00:00,-0.25816173497329653,-0.12567803665302346,-0.1346932348074794,-0.03430246324563724,-0.1289121855722443,0.038143668634777736,-0.041588606593924965,-0.11858537218419328,-0.14303435965131672,-0.157065744433948
2025-11-07 03:00:00+00:00,-0.25816173497329653,-0.1278943933587841,-0.13620293829347252,-0.03460365749999871,-0.13017664682164967,0.03773424329121435,-0.04221965277780041,-0.12024994030552448,-0.1433106134441916,-0.15777227774788583
2025-11-07 04:00:00+00:00,-0.2552260846404568,-0.13020971826567562,-0.1385519682473781,-0.0348678021206116,-0.13083690134960949,0.03730589103307017,-0.04286458331581609,-0.12157117462504127,-0.14358843676374833,-0.15848805038290084
2025-11-07 05:00:00+00:00,-0.2591656222377842,-0.13090907438726754,-0.1397752256253885,-0.0414569289169059,-0.13328624095384997,0.039393017494606664,-0.04619773655760733,-0.12380318823060478,-0.14534464682823942,-0.1604046362868281
2025-11-07 06:00:00+00:00,-0.2591656222377842,-0.1261079559247617,-0.13395286149571456,-0.0414569289169059,-0.1313834889671484,0.04519771337340122,-0.04203726919685462,-0.12232974543207684,-0.14400192681242205,-0.15778351408458846
2025-11-07 07:00:00+00:00,-0.2591656222377842,-0.12354553795235182,-0.12647376182885733,-0.0414569289169059,-0.12817164717003418,0.05679217564246584,-0.037718512349978355,-0.12071870539771706,-0.1425270217781173,-0.15305575439492777
2025-11-07 08:00:00+00:00,-0.26438304859056216,-0.12098640448828328,-0.11898333770373612,-0.03966430893006507,-0.12308699862237057,0.06199369428109024,-0.03344934545629488,-0.11910701935932266,-0.1410521627048202,-0.14887028379544515
2025-11-07 09:00:00+00:00,-0.26438304859056216,-0.11843043440787879,-0.11147831973556022,-0.03966430893006507,-0.12220900741738856,0.0715078090951596,-0.029291894430833507,-0.11762542304663823,-0.13957732592024333,-0.1446914144395608
2025-11-07 10:00:00+00:00,-0.26298952248267726,-0.10958739517293348,-0.1084249400379066,-0.03955463384970838,-0.12029273728174311,0.08070675592441624,-0.021026176378139482,-0.11807089383372137,-0.1419109327351882,-0.14044523738644782
2025-11-07 11:00:00+00:00,-0.26298952248267726,-0.099283489131654,-0.0925118973786615,-0.036139209082460225,-0.1142976023433705,0.09257254360470078,-0.015460386135847779,-0.11186139509989257,-0.1419109327351882,-0.13248443888733988
2025-11-07 12:00:00+00:00,-0.2569202437227399,-0.0889396473772607,-0.07653172429575562,-0.0326201668273362,-0.1102620861750383,0.10726522418964875,-0.007070308007761848,-0.11491024290045557,-0.1388211037345844,-0.12637904102375197
2025-11-07 13:00:00+00:00,-0.2708475359787013,-0.07855354549182703,-0.06872595627485388,-0.0326201668273362,-0.10010059090034479,0.11884961024603925,0.001342812863752081,-0.11186139509989257,-0.135730393504896,-0.12023621788541457
2025-11-07 14:00:00+00:00,-0.2708475359787013,-0.0681228020730783,-0.05258158166371282,-0.0326201668273362,-0.09193691672371937,0.1330432508297845,0.009780119481664412,-0.1086657558230315,-0.135730393504896,-0.1118844931654939
2025-11-07 15:00:00+00:00,-0.26864036900039234,-0.05581474576742779,-0.03291118727140719,-0.03193014862976913,-0.08076299691959876,0.15107730544421727,0.019305441396965006,-0.11145945656304918,-0.13607743747746265,-0.10289770083829892
2025-11-07 16:00:00+00:00,-0.26864036900039234,-0.06751685335952355,-0.05081929254788835,-0.03193014862976913,-0.0891480538366262,0.13203094587253583,0.016265491421530987,-0.11558602832396542,-0.1326557323676818,-0.11290643399968583
2025-11-07 17:00:00+00:00,-0.26864036900039234,-0.07928538707542356,-0.06799586918916717,-0.03576565307345547,-0.09536305314479084,0.11598239377253051,0.010138875681838919,-0.11158784850862581,-0.12923657828480625,-0.12539338283659587
2025-11-07 18:00:00+00:00,-0.26864036900039234,-0.07928538707542356,-0.08488141194397296,-0.03576565307345547,-0.13108009296545683,0.09965060372267265,0.0010087966102833206,-0.11158784850862581,-0.12581991624646624,-0.13275202169444458
2025-11-07 19:00:00+00:00,-0.26505422444110827,-0.06714047672650908,-0.0862406805698379,-0.031761359829450005,-0.1349920318113026,0.09011053269448979,-0.0026202453043566794,-0.11384452490685104,-0.1276687047480113,-0.13850777873882444
2025-11-07 20:00:00+00:00,-0.26505422444110827,-0.06149556489153063,-0.0862406805698379,-0.033686593034274105,-0.13941320598114845,0.08145652313656493,-0.005769198289397755,-0.11384452490685104,-0.12948387054209237,-0.14094638494435632
2025-11-07 21:00:00+00:00,-0.26505422444110827,-0.0557635925939059,-0.09016148131106144,-0.031761359829450005,-0.1463976215364428,0.07138514805506091,-0.010435722752024104,-0.11604272514342777,-0.13142069084420152,-0.143250820901116
2025-11-07 22:00:00+00:00,-0.26505422444110827,-0.058722597604633726,-0.09959500984166883,-0.029752949667795365,-0.1399887392782386,0.05992941420148654,-0.013559349364899593,-0.11838693708077275,-0.12948387054209237,-0.1465962609552297
2025-11-07 23:00:00+00:00,-0.26505422444110827,-0.06513675789766861,-0.10465672674854218,-0.029752949667795365,-0.144716912598751,0.0505092421782595,-0.015167029152928517,-0.12355834888351018,-0.12948387054209237,-0.1494329687717912
2025-11-08 00:00:00+00:00,-0.26505422444110827,-0.07159105671074263,-0.10977463401267809,-0.029752949667795365,-0.14370141106923562,0.04120116483107133,-0.0167955151327654,-0.12102991517227048,-0.12948387054209237,-0.15256612544304682
2025-11-08 01:00:00+00:00,-0.26505422444110827,-0.07808732855073687,-0.11944848710612006,-0.027609706138072444,-0.144716912598751,0.030216769719331852,-0.01844871667447575,-0.12102991517227048,-0.12948387054209237,-0.15572836797410217
2025-11-08 02:00:00+00:00,-0.26817867151049596,-0.07886676347374312,-0.12075422432153367,-0.027609706138072444,-0.14485105191836117,0.029647038744077783,-0.01910281936268227,-0.12102991517227048,-0.12948387054209237,-0.15658083337978487
2025-11-08 03:00:00+00:00,-0.26505422444110827,-0.07965697221280478,-0.12075422432153367,-0.027360901935805957,-0.1452555265971903,0.029073877652050488,-0.019688640486578687,-0.12170364886454599,-0.12991034277278993,-0.1579939255190366
2025-11-08 04:00:00+00:00,-0.257373094240907,-0.08017192446421303,-0.12104403473544773,-0.02711378379201535,-0.14587832326525593,0.028496948721097797,-0.02007084504941337,-0.12238589173670132,-0.12948387054209237,-0.15903004779755475
2025-11-08 05:00:00+00:00,-0.257373094240907,-0.08098084563054096,-0.12104403473544773,-0.02693107219344376,-0.14587832326525593,0.02795386443369832,-0.02007084504941337,-0.1229288148270195,-0.12948387054209237,-0.16008297404804675
2025-11-08 06:00:00+00:00,-0.2610901991946709,-0.08122900747276232,-0.11848321822277337,-0.02271580211662961,-0.1400495676630945,0.032642191395169703,-0.018038506241454595,-0.12436795183850066,-0.13092865597387982,-0.16617175318734437
2025-11-08 07:00:00+00:00,-0.26577693299362826,-0.07861199844079605,-0.11003703961817378,-0.02271580211662961,-0.13808420601034235,0.040934945818241,-0.013975206073244801,-0.12597150369002091,-0.13092865597387982,-0.16473399649427584
2025-11-08 08:00:00+00:00,-0.26577693299362826,-0.07861199844079605,-0.11003703961817378,-0.02099405721012518,-0.13620381485942415,0.04917609583601632,-0.009951396956888703,-0.12933080553317539,-0.13092865597387982,-0.16328877353185708
2025-11-08 09:00:00+00:00,-0.26577693299362826,-0.08122900747276232,-0.1061904742946333,-0.022689292974814795,-0.13454685501659364,0.06049463088180682,-0.00597899772021614,-0.1307769582617258,-0.1296195605262063,-0.16183591759637594
2025-11-08 10:00:00+00:00,-0.2704316703809303,-0.07622180657927607,-0.1061904742946333,-0.021042997528540372,-0.1324355907006558,0.0710918310707809,-0.003348940346752911,-0.1307769582617258,-0.1296195605262063,-0.1597649093017891
2025-11-08 11:00:00+00:00,-0.2704316703809303,-0.07622180657927607,-0.0991254560372474,-0.021042997528540372,-0.13092006510075357,0.08018181432803914,0.0019269108187460172,-0.1307769582617258,-0.1296195605262063,-0.1576759647683454
2025-11-08 12:00:00+00:00,-0.27315146265392326,-0.07762423674131207,-0.08911078987372095,-0.022298996698623952,-0.1261653734340851,0.09433643537998732,0.00666167820564923,-0.13698636828403646,-0.13201565411224256,-0.15919528759394297
2025-11-08 13:00:00+00:00,-0.27315146265392326,-0.07209823546059013,-0.08160114216063959,-0.022298996698623952,-0.1228496014533322,0.11330641961643875,0.01503508719160175,-0.14007653177423432,-0.13201565411224256,-0.15340245308474962
2025-11-08 14:00:00+00:00,-0.27315146265392326,-0.06657057257906784,-0.0667675251242395,-0.01883833958732398,-0.11792487869351541,0.13261914852509402,0.0206229056689553,-0.14315103409618377,-0.13201565411224256,-0.15145405854535374
2025-11-08 15:00:00+00:00,-0.28053008240890015,-0.06104095132381741,-0.05073798921975797,-0.022298996698623952,-0.11461011139653582,0.15229958705066496,0.026219554417896293,-0.14621013175117484,-0.12909814949800752,-0.14744974021783225
2025-11-08 16:00:00+00:00,-0.27091492886930285,-0.067239293532043,-0.06938616303432361,-0.026164360538082746,-0.1200919496245782,0.12918144045408955,0.020022581937063286,-0.1335013412737701,-0.12909814949800752,-0.15348491065760178
2025-11-08 17:00:00+00:00,-0.27091492886930285,-0.067239293532043,-0.07853572352312373,-0.02232506379478261,-0.12547094250791405,0.10505839465744178,0.010672835743012346,-0.12184841339961351,-0.12909814949800752,-0.17341290188018144
2025-11-08 18:00:00+00:00,-0.2630022477068007,-0.07344281830055403,-0.0871092652634097,-0.01850072942936972,-0.13073521565059185,0.08412217192511728,0.0013609735853118048,-0.11061470090771366,-0.12564018185880801,-0.19217471723088814
