time_utc,5.56x45mm M995,6.8x51mm Hybrid,7.62x39mm AP,7.62x51mm M62,7.62x54R BT,9x19mm PBP,9x39mm BP
2025-09-21 18:00:00+00:00,,,,,,,
2025-09-21 19:00:00+00:00,,,,,,,
2025-09-21 20:00:00+00:00,,,,,,,
2025-09-21 21:00:00+00:00,,,,,,,
2025-09-21 22:00:00+00:00,,,,,,,
2025-09-21 23:00:00+00:00,,,,,,,
2025-09-22 00:00:00+00:00,,,,,,,
2025-09-22 01:00:00+00:00,,,,,,,
2025-09-22 02:00:00+00:00,,,,,,,
2025-09-22 03:00:00+00:00,,,,,,,
2025-09-22 04:00:00+00:00,,,,,,,
2025-09-22 05:00:00+00:00,,,,,,,
2025-09-22 06:00:00+00:00,,,,,,,
2025-09-22 07:00:00+00:00,,,,,,,
2025-09-22 08:00:00+00:00,,,,,,,
2025-09-22 09:00:00+00:00,,,,,,,
2025-09-22 10:00:00+00:00,,,,,,,
2025-09-22 11:00:00+00:00,-0.9467345651414455,-0.8506310604442644,-0.2192645048246559,-0.5888085919576375,-0.15041420939937156,0.728258449265474,-0.589809811505183
2025-09-22 12:00:00+00:00,-0.9441250665945305,-0.8421499806220563,-0.20498001542094793,-0.5396052208404795,-0.1408590424535508,0.7183294307951088,-0.5819916048655089
2025-09-22 13:00:00+00:00,-0.9418806228028698,-0.8347300123682904,-0.1924500897298725,-0.49805824509174623,-0.13245323570650241,0.6950064259672097,-0.5656876693007132
2025-09-22 14:00:00+00:00,-0.8248941128205214,-0.706276843364141,-0.12373764497478584,-0.3155352113724061,-0.44854896304472464,0.7720214545961515,-0.4062260723213439
2025-09-22 15:00:00+00:00,-0.8252853082305623,-0.7039535579790112,-0.14757569038524762,-0.29563802805546674,-0.4404151646363421,0.7331373146934637,-0.3920387940019013
2025-09-22 16:00:00+00:00,-0.6212736568653284,-0.5565763079440054,-0.1668383994965648,-0.33084570672272734,-0.7028415570353889,0.8038670530602934,-0.37852284649754236
2025-09-22 17:00:00+00:00,-0.6223492297648868,-0.5544369932703244,-0.18786728732554417,-0.31203058049506627,-0.38118124993124153,0.7826908981308011,-0.3651733243024566
2025-09-22 18:00:00+00:00,-0.5913006712382441,-0.5379745605781187,-0.18786728732554417,-0.31203058049506627,-0.46539891622296126,0.7779200715546277,-0.3651733243024566
2025-09-22 19:00:00+00:00,-0.5833044889657574,-0.5414911538365649,-0.18786728732554417,-0.31203058049506627,-0.5451730205091024,0.7676046800280862,-0.38315413113563407
2025-09-22 20:00:00+00:00,-0.5784447730518636,-0.5414911538365649,-0.18786728732554417,-0.31203058049506627,-0.6219025555160552,0.7574041894745052,-0.4176133851003347
2025-09-22 21:00:00+00:00,-0.5784447730518636,-0.5414911538365649,-0.18786728732554417,-0.31203058049506627,-0.6916003752405245,0.7574041894745052,-0.4176133851003347
2025-09-22 22:00:00+00:00,-0.5068355585375507,-0.48185575725413576,-0.1617962004215166,-0.2687288620506857,-0.7363822297772766,0.7313624204700377,-0.41577441239736934
2025-09-22 23:00:00+00:00,-0.5068355585375507,-0.4739648321627296,-0.1617962004215166,-0.2687288620506857,-0.6957343108929825,0.7447756819816683,-0.41577441239736934
2025-09-23 00:00:00+00:00,-0.5068355585375507,-0.4764397905754337,-0.18559297028662886,-0.2687288620506857,-0.6600776492562804,0.7587666712252327,-0.42062856304365936
2025-09-23 01:00:00+00:00,-0.5068355585375507,-0.4803101699606257,-0.18559297028662886,-0.2687288620506857,-0.6284962047867062,0.7587666712252327,-0.4245845068648519
2025-09-23 02:00:00+00:00,-0.5068355585375507,-0.48591448289720124,-0.18559297028662886,-0.2687288620506857,-0.6003166665174888,0.7587666712252327,-0.4289243651901938
2025-09-23 03:00:00+00:00,-0.4994265495736718,-0.49372642997533384,-0.20887799657217787,-0.2687288620506857,-0.5750387864759112,0.7669358299273984,-0.42596154131320185
2025-09-23 04:00:00+00:00,-0.5171317388392177,-0.5175491695067629,-0.15430334996209155,-0.3474041668896087,-0.46120754301572214,0.722242685047401,-0.4894818308704882
2025-09-23 05:00:00+00:00,-0.5079721589678137,-0.5236925248044193,-0.17149858514336114,-0.3474041668896087,-0.44642857142895676,0.7230913272220618,-0.4910316934522995
2025-09-23 06:00:00+00:00,-0.5079721589678137,-0.524329950688424,-0.17149858514336114,-0.3474041668896087,-0.4334361862987535,0.7241994420077079,-0.4910316934522995
2025-09-23 07:00:00+00:00,-0.5079721589678137,-0.5190169587397778,-0.17149858514336114,-0.33249819555320376,-0.4336634891191545,0.7214164208073223,-0.4910316934522995
2025-09-23 08:00:00+00:00,-0.509311786866257,-0.5030907067631802,-0.15430334996209155,-0.33249819555320376,-0.42336185808199933,0.7177115647040142,-0.4910316934522995
2025-09-23 09:00:00+00:00,-0.5110714527838967,-0.4883874107725029,-0.17149858514336114,-0.33249819555320376,-0.4330127018925526,0.706312381924672,-0.4910316934522995
2025-09-23 10:00:00+00:00,-0.5544826240670658,-0.40790508040700724,-0.12055236195246566,-0.2683504975015711,-0.44407789204655357,0.7252667596401738,-0.47162110914178135
2025-09-23 11:00:00+00:00,-0.5616001788722522,-0.34551049366360304,-0.06851887098275293,-0.2132676478521851,-0.46644523926494125,0.7552185363016969,-0.4550189595180905
2025-09-23 12:00:00+00:00,-0.5681855173770219,-0.2966582851292268,-0.16114172879611197,-0.16460760700640253,-0.5003019366025769,0.7834539221038209,-0.4425835797684529
2025-09-23 13:00:00+00:00,-0.5741310489453703,-0.25843829535236695,-0.12002400720240032,-0.12065939548161407,-0.5470476064693424,0.8003030527733374,-0.43329858134530913
2025-09-23 14:00:00+00:00,-0.6252515061146608,-0.20178553427347165,-0.12002400720240032,-0.12065939548161407,-0.5291502622129128,0.7852041212386135,-0.4497358577522711
2025-09-23 15:00:00+00:00,-0.6226998490771228,-0.20351933162048488,-0.12002400720240032,-0.12065939548161407,-0.5928443599684796,0.7049643359676417,-0.4497358577522711
2025-09-23 16:00:00+00:00,-0.723453338522366,-0.3376890556492191,-0.05967198951376021,-0.05398909530495024,-0.6396881806971827,0.6445887635994141,-0.47998152770516855
2025-09-23 17:00:00+00:00,-0.6226998490771228,-0.3249851723300892,-0.12598815766974172,-0.12065939548161407,-0.43740888263984884,0.6165820209969262,-0.4766352141851469
2025-09-23 18:00:00+00:00,-0.5511175715071239,-0.4616797983875953,-0.1430909517580354,-0.23819346220814389,-0.26416898304618847,0.6013613368246862,-0.46746798141427964
2025-09-23 19:00:00+00:00,-0.5511175715071239,-0.4679553216431781,-0.1430909517580354,-0.2749289756881537,-0.12553191559008706,0.6013613368246862,-0.4618180974421526
2025-09-23 20:00:00+00:00,-0.5558875009048783,-0.476636029088121,-0.03180734025504283,-0.30955305817133144,0.045596075258394445,0.593873401985875,-0.4576884079975669
2025-09-23 21:00:00+00:00,-0.5558875009048783,-0.4867910118924815,-0.03180734025504283,-0.3425268071247254,0.2088584767104131,0.5863771608398181,-0.4520760832183979
2025-09-23 22:00:00+00:00,-0.5558875009048783,-0.471519640764205,-0.03180734025504283,-0.3297359402462496,0.2088584767104131,0.5980872635127799,-0.4520760832183979
2025-09-23 23:00:00+00:00,-0.5468556105301398,-0.4696337476369144,-0.03180734025504283,-0.32903436688680493,0.2088584767104131,0.6032350652831787,-0.4468215108892002
2025-09-24 00:00:00+00:00,-0.5468556105301398,-0.4820922062576131,-0.03180734025504283,-0.32903436688680493,0.2092350747519466,0.608588909030839,-0.455233812518795
2025-09-24 01:00:00+00:00,-0.5476707952261513,-0.49729133048265417,-0.03504998186194402,-0.32903436688680493,0.21096346467447147,0.6141601628509207,-0.455233812518795
2025-09-24 02:00:00+00:00,-0.5476707952261513,-0.5159731245105161,-0.03504998186194402,-0.32903436688680493,0.21096346467447147,0.6236414617776789,-0.455233812518795
2025-09-24 03:00:00+00:00,-0.558617890819676,-0.5355161563281704,-0.03504998186194402,-0.32903436688680493,0.2143059633487211,0.6274732320431287,-0.455233812518795
2025-09-24 04:00:00+00:00,-0.558617890819676,-0.4913017087668591,-0.03504998186194402,-0.32903436688680493,0.12020783477272086,0.6465274472123193,-0.455233812518795
2025-09-24 05:00:00+00:00,-0.5708145393465406,-0.5224356647082521,-0.03504998186194402,-0.32903436688680493,0.1226749365149737,0.6482475651040169,-0.45847605367828986
2025-09-24 06:00:00+00:00,-0.5708145393465406,-0.5420537509427968,-0.03839533141153333,-0.34102695222233587,0.1270296408319215,0.6500803201177675,-0.45453334062309064
2025-09-24 07:00:00+00:00,-0.5708145393465406,-0.545823313128778,-0.03839533141153333,-0.3297797563559456,0.1226749365149737,0.6495050773544067,-0.44917954520601705
2025-09-24 08:00:00+00:00,-0.5732485197810981,-0.532111541393836,-0.03839533141153333,-0.31980441375011065,0.1226749365149737,0.6490382334151407,-0.4440468971255475
2025-09-24 09:00:00+00:00,-0.5762042562090492,-0.5213684801918098,-0.03504998186194402,-0.31980441375011065,0.1226749365149737,0.646203776283222,-0.4405838401305842
2025-09-24 10:00:00+00:00,-0.5257497279249348,-0.4688980419150439,-0.03504998186194402,-0.2675195902006658,0.1226749365149737,0.6584262445062636,-0.42612369020463153
2025-09-24 11:00:00+00:00,-0.49463591222096587,-0.4167500326103953,-0.03504998186194402,-0.2675195902006658,0.1226749365149737,0.6584262445062636,-0.42612369020463153
2025-09-24 12:00:00+00:00,-0.46330623695149875,-0.36462769640525067,0.07724639776007841,-0.21788484595000435,0.1226749365149737,0.6705848237424815,-0.42612369020463153
2025-09-24 13:00:00+00:00,-0.46330623695149875,-0.3122203908806318,-0.03504998186194402,-0.17047113647435028,0.011793032297150018,0.6705848237424815,-0.41171083141472714
2025-09-24 14:00:00+00:00,-0.4169580192452839,-0.2801120350313162,-0.07254762501068578,-0.1735614608827667,0.02440961277153935,0.5920068072497482,-0.4309283172744291
2025-09-24 15:00:00+00:00,-0.4207582253757519,-0.28590958406775774,-0.06583589693314144,-0.16754156331649692,0.02440961277153935,0.6222820751993321,-0.4333772290174348
2025-09-24 16:00:00+00:00,-0.4207582253757519,-0.28707122353034836,-0.06583589693314144,-0.16191021346839515,0.02440961277153935,0.6253325549321591,-0.4333772290174348
2025-09-24 17:00:00+00:00,-0.498970132789313,-0.46251924352682156,0.0,-0.18772930178536873,0.0,0.590621069865409,-0.41832583002976176
2025-09-24 18:00:00+00:00,-0.6959479339908431,-0.5213653445763291,0.048224282217460245,-0.16748255034894927,-0.01622570077032967,0.6149152276007107,-0.454007906479656
2025-09-24 19:00:00+00:00,-0.7222944880055716,-0.5365468264185783,0.19369919939163538,-0.16748255034894927,-0.01622570077032967,0.6149152276007107,-0.4396472892275093
2025-09-24 20:00:00+00:00,-0.7577722283113776,-0.6325989947856443,0.0,-0.18772930178536873,-0.21320071635560817,0.5852407055569415,-0.41555715967876616
2025-09-24 21:00:00+00:00,-0.7577722283113776,-0.6379054386353321,0.12171612389003653,-0.18772930178536873,-0.45291081365783337,0.5852407055569415,-0.4040688121325048
2025-09-24 22:00:00+00:00,-0.7577722283113776,-0.6311420196458704,0.12171612389003653,-0.18993857667371797,-0.43774052413166153,0.5797509043641978,-0.4056998992037888
2025-09-24 23:00:00+00:00,-0.7464381625507971,-0.6352185662980729,0.12171612389003653,-0.18993857667371797,-0.43774052413166153,0.5744997890137993,-0.39033543414894817
2025-09-25 00:00:00+00:00,-0.7464381625507971,-0.645123996684945,0.12499999999999954,-0.18993857667371797,-0.39605901719066544,0.5694735978759496,-0.3827225278139842
2025-09-25 01:00:00+00:00,-0.699778894919459,-0.5948853560389805,0.0883680448225541,-0.04286479796871834,-0.4369975669860991,0.5798404121858548,-0.2835632387856839
2025-09-25 02:00:00+00:00,-0.7098825535711634,-0.6041391163652347,0.0883680448225541,-0.04286479796871834,-0.4525948137617204,0.5762810714298066,-0.2835632387856839
2025-09-25 03:00:00+00:00,-0.7210154610930838,-0.6313859400266375,0.09821559067074738,-0.04286479796871834,-0.4369975669860991,0.5728543391986171,-0.2835632387856839
2025-09-25 04:00:00+00:00,-0.6972407981914704,-0.6149697610587624,0.09821559067074738,0.001854445181444367,-0.4369975669860991,0.5531847679425321,-0.2835632387856839
2025-09-25 05:00:00+00:00,-0.7100951382664231,-0.6277092755980676,0.1105380003328958,0.0038672351059984775,-0.4369975669860991,0.5519837527449979,-0.2807664060780522
2025-09-25 06:00:00+00:00,-0.724365752595319,-0.649389220956294,0.12679578233436034,0.0019039607682583572,-0.4243398504523807,0.5508648917647083,-0.28357484032250624
2025-09-25 07:00:00+00:00,-0.7402654906837207,-0.6429838467666364,0.12679578233436034,0.0019039607682583572,-0.4243398504523807,0.5517375472008441,-0.28743700812188777
2025-09-25 08:00:00+00:00,-0.7323704548314216,-0.6365295084385614,0.12679578233436034,0.0019039607682583572,-0.4243398504523807,0.5527001858868797,-0.2914664199992839
2025-09-25 09:00:00+00:00,-0.7268808549430466,-0.6305224002661023,0.1105380003328958,0.003763629612060884,-0.4243398504523807,0.5568822369860931,-0.2946467720122402
2025-09-25 10:00:00+00:00,-0.693419833895791,-0.6021895760104996,0.1105380003328958,0.003763629612060884,-0.4243398504523807,0.5434433093752095,-0.3122633136901883
2025-09-25 11:00:00+00:00,-0.6599347328388396,-0.5738883289356819,0.1105380003328958,0.003763629612060884,-0.4243398504523807,0.5299195607319931,-0.32884457321834065
2025-09-25 12:00:00+00:00,-0.626350716515793,-0.5455798077240911,-0.03273853022358246,-0.04379109769200461,-0.4243398504523807,0.5004742899171398,-0.32884457321834065
2025-09-25 13:00:00+00:00,-0.5241679041974817,-0.5172239000568348,0.1105380003328958,-0.09259854690890539,-0.36468131591776437,0.48668343139504666,-0.3466291722755124
2025-09-25 14:00:00+00:00,-0.47831293619159504,-0.5022498117833674,0.1343320988518928,-0.04454354031854366,-0.3871471347966582,0.6086720558177959,-0.3322607353598838
2025-09-25 15:00:00+00:00,-0.49422198806889717,-0.48592284157867055,0.10288322612162093,-0.08618608271790199,-0.33942707643438264,0.5323117066450076,-0.3254150450341423
2025-09-25 16:00:00+00:00,-0.5006157812282255,-0.48865311185005555,0.10288322612162093,-0.08618608271790199,-0.33942707643438264,0.4946565317164251,-0.32960848659893155
2025-09-25 17:00:00+00:00,-0.49870504813003225,-0.48553476836108367,0.10288322612162093,-0.08618608271790199,-0.33103377173342896,0.49159112434907415,-0.3383591775593189
2025-09-25 18:00:00+00:00,-0.4650771308857357,-0.4782159953691484,0.1343320988518928,-0.04454354031854366,-0.3789526171086041,0.44151919172204124,-0.28508085013473733
2025-09-25 19:00:00+00:00,-0.41480821154269604,-0.4782159953691484,0.1343320988518928,-0.04454354031854366,-0.4724555912615297,0.3995673695643245,-0.27266236293914947
2025-09-25 20:00:00+00:00,-0.2496934845597716,-0.4254729843643871,0.32040848452900406,0.0,-0.480612726792923,0.3211318341750273,-0.2040422726919754
2025-09-25 21:00:00+00:00,-0.14932421442086372,-0.4254729843643871,0.18346715269451225,0.05322077004533699,-0.37032542890968556,0.2565712428453477,-0.18689145207958227
2025-09-25 22:00:00+00:00,-0.14329103039427032,-0.4254729843643871,0.18346715269451225,0.05034733603537319,-0.36877124838776976,0.26179859457596416,-0.18617910210323665
2025-09-25 23:00:00+00:00,-0.1354975541505652,-0.43057775027067535,0.18346715269451225,0.05034733603537319,-0.36921692396749456,0.2691200014134276,-0.191098877371381
2025-09-26 00:00:00+00:00,-0.1354975541505652,-0.44122194651185387,0.17800471362722448,0.05042683606321065,-0.4273384400135092,0.2792394982035291,-0.18537254624390184
2025-09-26 01:00:00+00:00,-0.285798306973478,-0.588764191076447,0.25308553412176205,-0.2086513448234296,-0.4042260417272139,0.23248164550764253,-0.37303666142124076
2025-09-26 02:00:00+00:00,-0.37418788062682357,-0.6491290683823957,0.15563243006339453,-0.3001225239992046,-0.438357003758915,0.24451785225283335,-0.45043128328871473
2025-09-26 03:00:00+00:00,-0.34443131104946423,-0.6708444831851057,0.15563243006339453,-0.3387933694471946,-0.4287464628557975,0.19600811865701673,-0.42678258319604767
2025-09-26 04:00:00+00:00,-0.37081368465311676,-0.6594893916558805,0.15563243006339453,-0.3387933694471946,-0.4287464628557975,0.37729688731360783,-0.4405001478853574
2025-09-26 05:00:00+00:00,-0.3465516400416661,-0.6594893916558805,0.17149858514287966,-0.3387933694471946,-0.4287464628557975,0.3092385117763831,-0.41697779336401397
2025-09-26 06:00:00+00:00,-0.3465516400416661,-0.6453000566086409,0.17149858514287966,-0.36563621206293384,-0.4224308815975726,0.24677032056784284,-0.4117474265035028
2025-09-26 07:00:00+00:00,-0.3465516400416661,-0.6404426462859049,0.17149858514287966,-0.36563621206293384,-0.4200840252076331,0.19936305570722213,-0.4150405746910067
2025-09-26 08:00:00+00:00,-0.3663373622242366,-0.602418179131086,0.10668698993381498,-0.3025600828561418,-0.4800007259004655,0.26863767851094694,-0.36663346587786433
2025-09-26 09:00:00+00:00,-0.3806647611443862,-0.5686190939669494,0.02981423969999685,-0.30091245050960264,-0.49319696191606227,0.3181429761459856,-0.3326152011349452
2025-09-26 10:00:00+00:00,-0.4330501905467712,-0.5686190939669494,-0.12532679794330553,-0.30091245050960264,-0.49319696191606227,0.41608639614878956,-0.34684398780952164
2025-09-26 11:00:00+00:00,-0.492018487234934,-0.5686190939669494,-0.12532679794330553,-0.24370871833828298,-0.49319696191606227,0.510159449745955,-0.3598788244547485
2025-09-26 12:00:00+00:00,-0.5491251783870383,-0.5686190939669494,-0.12532679794330553,-0.18888005632090835,-0.49319696191606227,0.5874430145795229,-0.38759816511518613
2025-09-26 13:00:00+00:00,-0.6463987355347028,-0.5686190939669494,-0.12532679794330553,-0.1358732440967625,-0.49319696191606227,0.6368853925117738,-0.4158368979809139
2025-09-26 14:00:00+00:00,-0.6810729058296958,-0.5687164628159143,-0.17511615976039505,-0.1852219108489218,-0.4874351174169313,0.5944822245499096,-0.45087185049364636
2025-09-26 15:00:00+00:00,-0.36885901305793445,-0.49108085334049173,-0.19613845530360263,-0.2044652050270305,-0.41561755899637887,0.32494624495730456,-0.36009219540453563
2025-09-26 16:00:00+00:00,-0.3193921120020463,-0.46089950576830824,-0.22821144348486866,-0.2356340890965435,-0.384890402354784,0.3543254495621256,-0.3593234188961792
2025-09-26 17:00:00+00:00,-0.325301809241834,-0.46089950576830824,-0.2409786477815182,-0.23078059892190583,-0.40711231626130573,0.3541096709704461,-0.3593234188961792
2025-09-26 18:00:00+00:00,-0.3337697278815471,-0.45765948251216676,-0.2409786477815182,-0.23078059892190583,-0.4456004709726089,0.35642846302997194,-0.3623721437138719
2025-09-26 19:00:00+00:00,-0.267859613533635,-0.47070349954237595,-0.34416837067538464,-0.23078059892190583,-0.3468439878096418,0.35642846302997194,-0.3383509729353717
2025-09-26 20:00:00+00:00,-0.2355827097840902,-0.47070349954237595,-0.4528334128517213,-0.23078059892190583,-0.21921432414070233,0.35642846302997194,-0.32669275279854776
2025-09-26 21:00:00+00:00,-0.20064985441918648,-0.47070349954237595,-0.4528334128517213,-0.29454261137125587,-0.21921432414070233,0.34782396096820317,-0.314746199888613
2025-09-26 22:00:00+00:00,-0.2289799960907619,-0.44940609499527545,-0.4329860147206452,-0.29454261137125587,-0.21921432414070233,0.34782396096820317,-0.3144725498432568
2025-09-26 23:00:00+00:00,-0.20814079896736037,-0.44940609499527545,-0.4329860147206452,-0.29939771391012565,-0.21921432414070233,0.3495425099961037,-0.30753042828808086
2025-09-27 00:00:00+00:00,-0.06653536832860237,-0.3952079279148522,-0.4663712298635197,-0.35072528184188595,0.02914820186518608,0.3726993793201883,-0.24133779615167286
2025-09-27 01:00:00+00:00,-0.09034249710092361,-0.36558355075901,-0.4946648132626342,-0.29204979933668224,0.01494536248360508,0.43220558181355767,-0.18213831552740914
2025-09-27 02:00:00+00:00,-0.08224581627900586,-0.3168886398119179,-0.4615930911724907,-0.2168832117212986,0.0,0.5025707110324087,-0.12023776602049378
2025-09-27 03:00:00+00:00,-0.1501929825878629,-0.3494864504447506,-0.4946648132626342,-0.20546476459116428,-0.13114502353807714,0.4961363265703019,-0.18678821809983082
2025-09-27 04:00:00+00:00,-0.21356357027912132,-0.3494864504447506,-0.4946648132626342,-0.06520688907967916,-0.13114502353807714,0.5058961559198516,-0.17434421895951974
2025-09-27 05:00:00+00:00,-0.20308597570708112,-0.35926231408141296,-0.5081423243981106,-0.09662613174887248,-0.13114502353807714,0.5029627825834768,-0.18158325230807362
2025-09-27 06:00:00+00:00,-0.19591417178615486,-0.35926231408141296,-0.4946648132626342,-0.11083777462847183,-0.13114502353807714,0.4990028682928753,-0.17985979068121308
2025-09-27 07:00:00+00:00,-0.1903903116683463,-0.36115204673034845,-0.48442736603876163,-0.11083777462847183,-0.13114502353807714,0.4951660792588678,-0.1775623991000455
2025-09-27 08:00:00+00:00,-0.28952666979289254,-0.36115204673034845,-0.4067244020159437,0.014114404537442614,0.01494536248360508,0.5016599574112414,-0.1775623991000455
2025-09-27 09:00:00+00:00,-0.3647248131974617,-0.36115204673034845,-0.3287979746104504,0.22265138178202643,0.01494536248360508,0.5081244533551632,-0.1405376234654696
2025-09-27 10:00:00+00:00,-0.40013830510984755,-0.36115204673034845,-0.20032733246124726,0.22265138178202643,0.01494536248360508,0.5016599574112414,-0.1236940766673045
2025-09-27 11:00:00+00:00,-0.4271433364504248,-0.36115204673034845,-0.20032733246124726,0.22265138178202643,0.01494536248360508,0.4875534716972472,-0.10756739604633253
2025-09-27 12:00:00+00:00,-0.4307748951706302,-0.3525984257316584,-0.1256561724875066,0.22454435657007096,0.0,0.45762101896962426,-0.10352010426277723
2025-09-27 13:00:00+00:00,-0.4307748951706302,-0.3525984257316584,-0.1256561724875066,0.22454435657007096,0.0,0.43143075452282065,-0.08625819491767606
2025-09-27 14:00:00+00:00,-0.35022659538210754,-0.3368140864458511,-0.20032733246124726,0.22265138178202643,-0.11083777462988403,0.42699865195717807,-0.07611269752818131
2025-09-27 15:00:00+00:00,-0.4315301985188176,-0.4415300389265047,-0.16583953170166238,0.26858105854063297,-0.07707524933080463,0.7218024822055416,-0.1117158801467313
2025-09-27 16:00:00+00:00,-0.4301806680008055,-0.49894005298327687,-0.14002800840279886,0.28903165583257995,-0.06906138832666724,0.6712863210691526,-0.10936608274598551
2025-09-27 17:00:00+00:00,-0.408422711801832,-0.49894005298327687,-0.14002800840279886,0.2445652472405453,-0.07938841860331126,0.6255932436295429,-0.10936608274598551
2025-09-27 18:00:00+00:00,-0.3928134189532885,-0.49894005298327687,-0.1111660214725269,0.2049800154239844,-0.09367379906046454,0.5962645032835702,-0.10936608274598551
2025-09-27 19:00:00+00:00,-0.4755873439384107,-0.49894005298327687,-0.1111660214725269,0.057702978608973395,-0.22349064659441606,0.6161445146453383,-0.1314876517301458
2025-09-27 20:00:00+00:00,-0.5815786890971474,-0.558569601750782,-0.13211031413252167,-0.14484136487560373,-0.38266244637982455,0.6439990703267771,-0.17584888166734297
2025-09-27 21:00:00+00:00,-0.6126998200739937,-0.558569601750782,-0.13211031413252167,-0.3026137663344365,-0.4707949843616478,0.6674606047789166,-0.17584888166734297
2025-09-27 22:00:00+00:00,-0.5963247673148384,-0.5831827374011065,-0.15408338784033965,-0.3060916736922967,-0.46555070054104497,0.6512384453718961,-0.1720632800793755
2025-09-27 23:00:00+00:00,-0.6028814395324897,-0.5831827374011065,-0.13211031413252167,-0.3060916736922967,-0.4708709557974113,0.6360870166433793,-0.17770466332772278
2025-09-28 00:00:00+00:00,-0.7000994294646827,-0.6663030328189022,-0.10249000771063405,-0.30983866769628593,-0.5903499056933114,0.6439488776821817,-0.2736024480798747
2025-09-28 01:00:00+00:00,-0.7235728659282878,-0.6663030328189022,-0.10249000771063405,-0.30983866769628593,-0.6008327554316383,0.6425657958478993,-0.2736024480798747
2025-09-28 02:00:00+00:00,-0.7248314395215003,-0.7054828845343307,-0.15453348185758586,-0.39745458766322866,-0.5847306383537542,0.5830256630016291,-0.3529148839911075
2025-09-28 03:00:00+00:00,-0.7111887749986542,-0.6663030328189022,-0.10249000771063405,-0.35429138863193227,-0.5544788620952393,0.5721574487848855,-0.2736024480798747
2025-09-28 04:00:00+00:00,-0.6726863784768412,-0.6663030328189022,-0.19764235376017786,-0.39631454350256695,-0.4692089812253062,0.4961004476974397,-0.2736024480798747
2025-09-28 05:00:00+00:00,-0.7075275528875138,-0.6833489860316135,-0.19764235376017786,-0.3694132718424378,-0.48412291827565584,0.5215655864511737,-0.2664851783956055
2025-09-28 06:00:00+00:00,-0.748095115777842,-0.7107680752752219,-0.19764235376017786,-0.3458701609336182,-0.5015682213100102,0.5593194764026149,-0.2658440838593277
2025-09-28 07:00:00+00:00,-0.7961173386514035,-0.7100539493430442,-0.22547801696425085,-0.3458701609336182,-0.5218624584423904,0.6052623821893087,-0.2665793991035818
2025-09-28 08:00:00+00:00,-0.7460038465921808,-0.6773103173592543,-0.3162277660164909,-0.3458701609336182,-0.3895765797685357,0.5415136806017178,-0.2665793991035818
2025-09-28 09:00:00+00:00,-0.666817889684334,-0.6773103173592543,-0.3162277660164909,-0.3458701609336182,-0.26680004874375063,0.4869551730904348,-0.2870243521430692
2025-09-28 10:00:00+00:00,-0.6189939471598054,-0.6546536707078657,-0.3162277660164909,-0.3458701609336182,-0.1936491673101044,0.4307217611419581,-0.3217007605064858
2025-09-28 11:00:00+00:00,-0.5702817189231345,-0.632097166418396,-0.1903353485560408,-0.3458701609336182,-0.11699209733116953,0.3718000727778881,-0.33844245476064266
2025-09-28 12:00:00+00:00,-0.6118710107914026,-0.6513588766308267,0.003225051454874123,-0.38164376056878074,-0.14198145815012772,0.4623286106000461,-0.3171299810615592
2025-09-28 13:00:00+00:00,-0.5436540273858858,-0.6310101032574053,0.10667330619368702,-0.38164376056878074,-0.05741662699608067,0.45089385995291287,-0.3171299810615592
2025-09-28 14:00:00+00:00,-0.4894625223321111,-0.6310101032574053,0.23940224066582805,-0.32554982964823237,0.11022937462562621,0.4363035536024787,-0.3171299810615592
2025-09-28 15:00:00+00:00,-0.5105591764046701,-0.6310101032574053,0.22168433033522006,-0.32554982964823237,0.09463204468096063,0.6282710328781439,-0.31348821264769283
2025-09-28 16:00:00+00:00,-0.5339845688713354,-0.6310101032574053,0.18204085848273738,-0.3315192609077067,0.08032911122036332,0.5977091866721804,-0.31348821264769283
2025-09-28 17:00:00+00:00,-0.5339845688713354,-0.6310101032574053,0.14975270819746275,-0.3315192609077067,0.08032911122036332,0.5822314474330041,-0.3138931880441013
2025-09-28 18:00:00+00:00,-0.5339845688713354,-0.6310101032574053,0.11531327161483573,-0.3315192609077067,0.08032911122036332,0.5508670607886911,-0.3138931880441013
2025-09-28 19:00:00+00:00,-0.5101865631082179,-0.6142240273734302,0.055323106713257415,-0.26544832263648027,0.08032911122036332,0.5687486153015431,-0.2957369373527314
2025-09-28 20:00:00+00:00,-0.43201382466358845,-0.5361109642477385,-0.09553254290337398,-0.308180152795487,-0.05513178464199595,0.6503256455575155,-0.2571317471805965
2025-09-28 21:00:00+00:00,-0.3632191915478136,-0.5361109642477385,-0.22507180663507917,-0.308180152795487,0.07733088933396844,0.6789347398331923,-0.2571317471805965
2025-09-28 22:00:00+00:00,-0.3632191915478136,-0.5325355803806673,-0.24559613253766358,-0.308180152795487,0.07733088933396844,0.6767131470242608,-0.2571317471805965
2025-09-28 23:00:00+00:00,-0.3988620176085467,-0.5478352924158392,-0.2822162605150726,-0.308180152795487,0.02627034687463613,0.674957816454654,-0.2357563888288244
2025-09-29 00:00:00+00:00,-0.3988620176085467,-0.5741327537020893,-0.2822162605150726,-0.3340765523908353,0.02627034687463613,0.6736306771676233,-0.2357563888288244
2025-09-29 01:00:00+00:00,-0.4647996494591488,-0.6394670266079802,-0.26083820007939246,-0.36908437904088526,-0.018591985977566602,0.6126261370452186,-0.31818765325737247
2025-09-29 02:00:00+00:00,-0.4647996494591488,-0.630687086429729,-0.19563553705588957,-0.33360725907692895,0.06703435875818821,0.5909756492423806,-0.31818765325737247
2025-09-29 03:00:00+00:00,-0.5301725074924221,-0.7124610818329982,-0.16840826742714815,-0.3847054271075315,0.04056369571529997,0.5682907814728592,-0.3988350731159131
2025-09-29 04:00:00+00:00,-0.5301725074924221,-0.7116830258905936,-0.059859495086289315,-0.3540052161967295,0.04056369571529997,0.5487481822054785,-0.4036424900420637
2025-09-29 05:00:00+00:00,-0.5939007310842558,-0.7618930906715607,-0.052430412039118496,-0.4270844235788777,0.015019349877479837,0.5330995086991513,-0.4608196319933062
2025-09-29 06:00:00+00:00,-0.654055018128117,-0.7684048628615152,-0.08815192854386655,-0.531596322853811,-0.07156562669567214,0.5543638929357814,-0.4340390388644045
2025-09-29 07:00:00+00:00,-0.6749144359149828,-0.7611179638602584,-0.10842283621836624,-0.5581890153205609,-0.08898825966425218,0.580270823788645,-0.3740861080257993
2025-09-29 08:00:00+00:00,-0.644940003019376,-0.7611179638602584,0.0034843205572486946,-0.5581890153205609,-0.15448077137345612,0.5704356452719453,-0.3740861080257993
2025-09-29 09:00:00+00:00,-0.644940003019376,-0.7323722732138428,0.05379365902296565,-0.5581890153205609,-0.22948424003900733,0.5564092836295655,-0.3740861080257993
2025-09-29 10:00:00+00:00,-0.615969505673244,-0.7323722732138428,0.1178141002631891,-0.5118551729397851,-0.22948424003900733,0.5429798560676959,-0.3740861080257993
2025-09-29 11:00:00+00:00,-0.615969505673244,-0.7323722732138428,0.17797651932664021,-0.46763246098979816,-0.22948424003900733,0.5394610070814982,-0.3740861080257993
2025-09-29 12:00:00+00:00,-0.5878784273100892,-0.7223719926017735,0.17797651932664021,-0.4146341463424892,-0.22948424003900733,0.5363468300421168,-0.395355496906362
2025-09-29 13:00:00+00:00,-0.615969505673244,-0.7223719926017735,0.17797651932664021,-0.3712835833153246,-0.22948424003900733,0.5403385299262186,-0.4070549406978898
2025-09-29 14:00:00+00:00,-0.644940003019376,-0.7223719926017735,0.1178141002631891,-0.3712835833153246,-0.26949631284845627,0.5459268359688506,-0.41889656347658133
2025-09-29 15:00:00+00:00,-0.6139734121159963,-0.7364596943189792,0.05227083734892965,-0.3810003810006287,-0.2735878275822898,0.6896446592974946,-0.40552339902552176
2025-09-29 16:00:00+00:00,-0.5851442411491627,-0.7292791021831274,0.0916331890935923,-0.3498582702478424,-0.27863178107899333,0.6155606856655874,-0.37384484619739744
2025-09-29 17:00:00+00:00,-0.5196393540963404,-0.7292819763802796,0.1315941368573416,-0.2653724462177527,-0.2373563316394169,0.5431223608894066,-0.3164751088518233
2025-09-29 18:00:00+00:00,-0.4643825309011333,-0.6270361875936885,0.1725984775247324,-0.1990633110723533,-0.11973686801785119,0.43567902839134764,-0.25942988070547407
2025-09-29 19:00:00+00:00,-0.3281389128204296,-0.4881234387906541,0.0822516121149085,-0.2892407476346896,-0.08971632093855537,0.3223430733545614,-0.1501029302970211
2025-09-29 20:00:00+00:00,-0.19079009800192323,-0.3065963687847399,0.1669053279950304,-0.051597599817686704,0.1876600136568543,0.2655451210731854,0.042738885534007905
2025-09-29 21:00:00+00:00,0.0,0.06879627645282825,0.41909906717042317,0.19518001459018908,-0.14987266233258176,0.22581246709283054,0.3698570537956348
2025-09-29 22:00:00+00:00,0.1348399724925925,0.20687108175565896,0.6017857182344133,0.24169581772061036,-0.18181818181627785,0.16943474841754003,0.43813920571927245
2025-09-29 23:00:00+00:00,0.22667906654377096,0.20909442745500856,0.6011393316698228,0.16714814456501348,0.030414953232327478,0.11717498502977937,0.27082420157810055
2025-09-30 00:00:00+00:00,-0.22667906654451045,-0.32464724900088004,-0.29488391230978694,-0.16714814456576524,-0.030414953233624406,-0.11717498502967909,-0.32647861720013366
2025-09-30 01:00:00+00:00,-0.2347431005245783,-0.3716688537493501,-0.38866266349772544,-0.24133145195715172,-0.04391364824382703,-0.16917931900326746,-0.4594772165247635
2025-09-30 02:00:00+00:00,-0.2692098278192122,-0.42821545321823645,-0.48728829684247316,-0.3025708493337769,-0.05505701697297263,-0.20200215126635662,-0.5373123607787545
2025-09-30 03:00:00+00:00,-0.3123199795726021,-0.48253372714448317,-0.322350545352097,-0.35742216862746223,-0.06503798514603534,-0.22696048578331143,-0.6107950420785918
2025-09-30 04:00:00+00:00,-0.3657284601130644,-0.5380860334575086,-0.20447871094195536,-0.40982862695056177,-0.07457407651687381,-0.19900568760946327,-0.7032760844929739
2025-09-30 05:00:00+00:00,-0.4751424365586803,-0.5945193824394512,-0.2666621556957536,-0.4612152449563951,-0.08392459361385668,-0.17949994833489513,-0.7489972581584202
2025-09-30 06:00:00+00:00,-0.5601205229625008,-0.6259838531928208,-0.17028443228732235,-0.5529621996172763,-0.1521446481833542,-0.1513695329681356,-0.6582814550304112
2025-09-30 07:00:00+00:00,-0.5762331036274307,-0.5895630208016567,-0.0850845593476388,-0.5701354204205367,-0.16766233276332498,-0.08686116127294066,-0.576790919558962
2025-09-30 08:00:00+00:00,-0.5890897176869836,-0.5377394308905302,-0.12894702599433486,-0.5041561590649345,-0.05811563925514764,-0.022473385499820312,-0.46908959361466523
2025-09-30 09:00:00+00:00,-0.6008109128487203,-0.5302885581434497,-0.22647036771201637,-0.4552939313034145,0.020271504268401058,0.03702025985311078,-0.39541510726623397
2025-09-30 10:00:00+00:00,-0.6337871921993913,-0.5704097802609867,-0.32106626415816036,-0.46327339226191505,-0.013228990820776582,0.12112774837464953,-0.3736835697677728
2025-09-30 11:00:00+00:00,-0.7034621518006278,-0.5845166604797073,-0.33541951396309283,-0.4719433026450832,-0.04800087283476975,0.22920448896978962,-0.3705862186935542
2025-09-30 12:00:00+00:00,-0.7306639881542737,-0.6037566280329972,-0.33880949204630295,-0.4848474570965142,-0.08208521412709976,0.3527020427117484,-0.38592005786285133
2025-09-30 13:00:00+00:00,-0.774575056885257,-0.6282909903191696,-0.3316411965123993,-0.5020392881741398,-0.11644441553124318,0.5062705119649508,-0.39108882565887737
2025-09-30 14:00:00+00:00,-0.8175441982118778,-0.6587181944600513,-0.41515571259376194,-0.5239295495828252,-0.2700906190079392,0.6612363388184512,-0.4120349613467657
2025-09-30 15:00:00+00:00,-0.8322910161401315,-0.696147706590688,-0.5119257761632098,-0.5513355615370771,-0.3214784531241572,0.8120344889890692,-0.39381965782170814
2025-09-30 16:00:00+00:00,-0.848436923328932,-0.7051858594925244,-0.4890284505068099,-0.5856329632439715,-0.4057243853511199,0.6582347645133784,-0.3480810433587362
2025-09-30 17:00:00+00:00,-0.8246589390166307,-0.7149105918907593,-0.3702436579144928,-0.5401620031422967,-0.45926107059103116,0.5468513311313927,-0.26239148059617623
2025-09-30 18:00:00+00:00,-0.7986176868753742,-0.6449585941907217,-0.24709372377297312,-0.4988980345714658,-0.3206942456294678,0.41807576126138707,-0.14571686982025728
2025-09-30 19:00:00+00:00,-0.6684362509891639,-0.5290453185495159,-0.11335629823547984,-0.37606835896895385,-0.1709936373179575,0.3381891291950604,0.015150114360123713
2025-09-30 20:00:00+00:00,-0.45922061603548203,-0.24841470940614443,-0.14444307167221285,-0.12048747607787318,0.0014281386806167238,0.27103685460652244,0.24449489855187848
2025-09-30 21:00:00+00:00,-0.13485321327629343,0.1887642060502726,0.010132764593465916,0.24835767251661148,0.17220506209862846,0.1867452545395662,0.48092417609161214
2025-09-30 22:00:00+00:00,0.12959399766016047,0.3960404959549017,0.2401939177529641,0.542149335312941,0.49447645067848023,0.06413197527001369,0.6554444809428629
2025-09-30 23:00:00+00:00,0.23564166076480506,0.6986396114524362,0.19835388147231575,0.7199942086310506,0.21740658913693942,-0.07061420117165086,0.718676493034359
2025-10-01 00:00:00+00:00,0.09493234466539686,0.5822059224097315,0.11606957691992797,0.687586463518604,0.18504514627816493,-0.133172148221888,0.5761414886800869
2025-10-01 01:00:00+00:00,0.23374573065676038,0.5822059224097315,0.11606957691992797,0.6477827176835225,0.18504514627816493,-0.17141728692247998,0.5639833184417412
2025-10-01 02:00:00+00:00,0.359901731056525,0.5822059224097315,0.11606957691992797,0.60714518478336,0.18504514627816493,-0.21019716139748787,0.5639833184417412
2025-10-01 03:00:00+00:00,0.4257847355277373,0.5822059224097315,0.20422086361985772,0.5873681180629926,0.18504514627816493,-0.25698427991763634,0.5585478034737906
2025-10-01 04:00:00+00:00,0.4896157590948587,0.5943980942963566,0.2978005857351881,0.5674961267864073,0.18504514627816493,-0.2793276575393184,0.5585478034737906
2025-10-01 05:00:00+00:00,0.5524141866839841,0.5943980942963566,0.2978005857351881,0.5474954897055057,0.18504514627816493,-0.3210288712280375,0.5585478034737906
2025-10-01 06:00:00+00:00,0.6150020048372077,0.5943980942963566,0.3993249864067616,0.5273292903361818,0.18504514627816493,-0.36229879207956805,0.5419502631376905
2025-10-01 07:00:00+00:00,0.6780918331959547,0.6321071443678536,0.5123406652613856,0.5273292903361818,0.18504514627816493,-0.3961960752542663,0.5256283020409169
2025-10-01 08:00:00+00:00,0.6956651043965844,0.6321071443678536,0.49198662599267856,0.5273292903361818,0.18504514627816493,-0.401637587431754,0.5060271587731116
2025-10-01 09:00:00+00:00,0.7157321856408888,0.616177566453885,0.48147208842804845,0.5273292903361818,0.18504514627816493,-0.4059936633925067,0.49062827466441233
2025-10-01 10:00:00+00:00,0.723047761570538,0.6137844789817191,0.48147208842804845,0.5273292903361818,0.18504514627816493,-0.40675602482257733,0.49062827466441233
2025-10-01 11:00:00+00:00,0.7313173842638919,0.6190207636002347,0.487660652222777,0.5448462751315991,0.1958373629503242,-0.421566793086699,0.4991342594662489
2025-10-01 12:00:00+00:00,0.7392383756818685,0.6248436587830868,0.49431134411946037,0.5628795795720096,0.20681516348786097,-0.44563692752820505,0.5081132452510726
2025-10-01 13:00:00+00:00,0.7392383756818685,0.6248436587830868,0.49431134411946037,0.5628795795720096,0.20681516348786097,-0.43196976317545327,0.5081132452510726
2025-10-01 14:00:00+00:00,0.7312984486274463,0.6248436587830868,0.49431134411946037,0.5628795795720096,0.22913728245320653,-0.41639986438170373,0.515157773424525
2025-10-01 15:00:00+00:00,0.7236512180558946,0.6248436587830868,0.5662487582176381,0.5628795795720096,0.25142684329315257,-0.41639986438170373,0.5096938994757121
2025-10-01 16:00:00+00:00,0.7184105679040922,0.6248436587830868,0.5662487582176381,0.5628795795720096,0.34832027534734106,-0.40094492235035795,0.5058894845876597
2025-10-01 17:00:00+00:00,0.7002860068485353,0.6561854680035113,0.5255982083872329,0.5536293098584406,0.40743423523654404,-0.3645783341400013,0.5024571192985684
2025-10-01 18:00:00+00:00,0.6640755718632504,0.6578015544393621,0.3989777072288893,0.5616073878176147,0.3439426259838585,-0.33036307399060716,0.48105591851541923
2025-10-01 19:00:00+00:00,0.6227823702999349,0.660205376376718,0.3340765523908472,0.5267857142858369,0.3070961343200399,-0.3089128924899604,0.4425595796427878
2025-10-01 20:00:00+00:00,0.5810423261777387,0.5981114228779831,0.18090338414420923,0.4699259189483107,0.2247004217718714,-0.30546949539743623,0.3904474344965983
2025-10-01 21:00:00+00:00,0.5428393465969222,0.5350627391552131,0.06117355427153017,0.3821018506405577,0.3038218101254389,-0.3056430750765675,0.35012728856680964
2025-10-01 22:00:00+00:00,0.5428393465969222,0.5350627391552131,-0.09607689228315519,0.3821018506405577,0.3038218101254389,-0.33853160842249,0.35012728856680964
2025-10-01 23:00:00+00:00,0.5639688765761094,0.5350627391552131,-0.09607689228315519,0.4387155780564276,0.3038218101254389,-0.3703911616194639,0.35012728856680964
2025-10-02 00:00:00+00:00,0.5916445007033696,0.5350627391552131,-0.09607689228315519,0.4387155780564276,0.3038218101254389,-0.4045148121276033,0.35012728856680964
2025-10-02 01:00:00+00:00,0.569968448674255,0.4751274543965489,-0.10758338314829131,0.4078747337140597,0.247155766371817,-0.4649392050036083,0.20182157818149823
2025-10-02 02:00:00+00:00,0.569968448674255,0.4751274543965489,-0.10758338314829131,0.4078747337140597,0.247155766371817,-0.4047155088991229,0.22450769686499908
2025-10-02 03:00:00+00:00,0.569968448674255,0.4751274543965489,-0.10758338314829131,0.4078747337140597,0.247155766371817,-0.3718709461343084,0.2472141887262491
2025-10-02 04:00:00+00:00,0.569968448674255,0.4751274543965489,-0.10758338314829131,0.4078747337140597,0.1303589814793461,-0.3393628953430393,0.2356051178713429
2025-10-02 05:00:00+00:00,0.5627534192011928,0.4790619569479411,-0.11972345888353521,0.46212217969061936,-0.024655683635837457,-0.29010757438825446,0.1918858924601263
2025-10-02 06:00:00+00:00,0.5627534192011928,0.45450413307560433,-0.11972345888353521,0.4228827109661357,-0.024655683635837457,-0.2627355554532339,0.16056674173661237
2025-10-02 07:00:00+00:00,0.5496764221409188,0.42155041979395563,-0.11972345888353521,0.3837907903979837,-0.12197843368027371,-0.23697569209533523,0.13064611856149225
2025-10-02 08:00:00+00:00,0.5478115391369114,0.42155041979395563,-0.16308201826411045,0.36497943880353934,-0.12197843368027371,-0.23352586460851837,0.13064611856149225
2025-10-02 09:00:00+00:00,0.5465559479648086,0.42155041979395563,-0.22052713856823197,0.34757114387827626,-0.12197843368027371,-0.2321930573033657,0.12591741370595483
2025-10-02 10:00:00+00:00,0.5478879953087794,0.4132841425777875,-0.22052713856823197,0.3406136573732444,-0.12197843368027371,-0.2311536445760737,0.12243804734307648
2025-10-02 11:00:00+00:00,0.5477083339628885,0.4132841425777875,-0.22052713856823197,0.3339600325278593,-0.14586499149806417,-0.23046620277898275,0.11935179028325384
2025-10-02 12:00:00+00:00,0.5497302919090615,0.4132841425777875,-0.16308201826411045,0.3276068925887194,-0.17076980715174647,-0.23020805880981868,0.11626944531804845
2025-10-02 13:00:00+00:00,0.5806040508217086,0.4132841425777875,-0.16308201826411045,0.35267261820330237,-0.12327841818079593,-0.25759899963359095,0.1297257039168323
2025-10-02 14:00:00+00:00,0.5947602855683497,0.4296571586360778,-0.16308201826411045,0.3789683644804075,-0.12327841818079593,-0.2918084155781031,0.14329194386042188
2025-10-02 15:00:00+00:00,0.6093340688878622,0.4463879878418515,-0.16308201826411045,0.4066963328602704,-0.12327841818079593,-0.30995395546156235,0.15699057583820594
2025-10-02 16:00:00+00:00,0.5930915880563568,0.46351804798386764,-0.16308201826411045,0.4360984537986008,-0.12327841818079593,-0.23536591776807184,0.16363885044791504
2025-10-02 17:00:00+00:00,0.5761415975701433,0.46351804798386764,-0.16308201826411045,0.46746810923408444,-0.12327841818079593,-0.16456568772713656,0.16363885044791504
2025-10-02 18:00:00+00:00,0.5849228619753947,0.46351804798386764,-0.11026356928411599,0.46746810923408444,-0.07532435771555852,-0.10106382978746742,0.16872254468316344
2025-10-02 19:00:00+00:00,0.6060489375065049,0.46351804798386764,-0.11026356928411599,0.45149487693853063,-0.07532435771555852,-0.037765081177706765,0.16872254468316344
2025-10-02 20:00:00+00:00,0.6234752108682569,0.46351804798386764,-0.04397994971378407,0.45295103057148306,-0.025785531156219413,0.027724774860405352,0.16415594619503315
2025-10-02 21:00:00+00:00,0.64486859037679,0.46351804798386764,-0.04397994971378407,0.49165762523447554,-0.025785531156219413,0.09840408552279203,0.16415594619503315
2025-10-02 22:00:00+00:00,0.5970329640812932,0.41816331856141,-0.05718488597297684,0.419290725506675,0.08693088994399226,0.2660857839100378,0.17205336105818314
2025-10-02 23:00:00+00:00,0.648538576074025,0.539335404431567,-0.05718488597297684,0.5158500114579737,0.2409015839334239,0.5072791356400087,0.3308515952802755
2025-10-03 00:00:00+00:00,0.7639332860718322,0.702039701316696,-0.05718488597297684,0.6860525030931844,0.41641807553389604,0.7372420530332428,0.5248387457621226
2025-10-03 01:00:00+00:00,0.7777502211957122,0.7545065490739792,0.06623982487578535,0.7587312471756366,0.4520364448318944,0.7766358726174553,0.6135212798807923
2025-10-03 02:00:00+00:00,0.7681796001351487,0.7461920002943947,0.09690874237051,0.7590486405429941,0.33180602480269733,0.6967034716188772,0.5482687708072688
2025-10-03 03:00:00+00:00,0.7665410431795251,0.7469531210594649,0.11717498502971299,0.7654797712700172,0.25415212262633163,0.6695994413000811,0.5498128745594049
2025-10-03 04:00:00+00:00,0.7643308140922018,0.7526904850773101,0.13729150383176597,0.7690388471351998,0.27793246116469283,0.6647398843933703,0.5502170836082608
2025-10-03 05:00:00+00:00,0.7489647730380696,0.734471528812267,0.16791662219375278,0.7557853875076337,0.3215552619477346,0.5997690223349482,0.49769881713115177
2025-10-03 06:00:00+00:00,0.7378622562382136,0.7288609062965545,0.1908549248323266,0.762960598171193,0.19085492483212682,0.5756183965146647,0.5611860798473366
2025-10-03 07:00:00+00:00,0.7257695855506041,0.734548713009727,0.21631287865956897,0.7653406444893474,0.21631287865937468,0.5226159527430038,0.6248671320910483
2025-10-03 08:00:00+00:00,0.7231149577373578,0.735088727324579,0.23397020968988316,0.7949393910491878,0.23397020968992227,0.5244499241439331,0.6664198901763104
2025-10-03 09:00:00+00:00,0.7164481482070156,0.7321296267225523,0.2537241341182898,0.8234822409102865,0.2537241341185567,0.48883754332916746,0.7088053297717137
2025-10-03 10:00:00+00:00,0.7010498219921653,0.7254120878275979,0.2761084110920383,0.8192880303734503,,0.43792787296452995,0.6946865586432525
2025-10-03 11:00:00+00:00,0.6826039701196323,0.7054799883454582,0.27061814961868147,0.8117011651188797,,0.3606367212614066,0.670894054131725
2025-10-03 12:00:00+00:00,0.6493506493508853,0.6760049523408485,0.20657108728048026,0.799846444223023,,0.22453379052078576,0.6363019373490547
2025-10-03 13:00:00+00:00,0.6317384090132263,0.6688113198683553,0.19002385142941086,0.7929077355004951,,,0.6203490083867688
2025-10-03 14:00:00+00:00,0.6066318388325234,0.6472554854917024,0.1745766150220821,0.7825462547209308,,inf,0.5998463957847854
2025-10-03 15:00:00+00:00,0.5711436104528663,0.6165518562248635,0.1599721041830946,0.7678067148547295,,-inf,0.5801669749182049
2025-10-03 16:00:00+00:00,0.5207191751643004,0.5720560642424194,0.14598929061864768,0.7471591718929665,,,0.6440351676233282
2025-10-03 17:00:00+00:00,0.4569798123845668,0.5046497806702834,0.13242574437463567,0.7182856655594763,,inf,0.646267048405666
2025-10-03 18:00:00+00:00,0.40054457246374625,0.40054457246454606,0.11908081884017652,0.6791563658489055,,-inf,0.5791864948678982
2025-10-03 19:00:00+00:00,0.10573610652793683,,0.10573610652762457,0.6625413488699221,,,0.458189794952883
2025-10-03 20:00:00+00:00,0.133218591219971,0.09212919178652816,0.09212919178300001,0.5396138375896264,,inf,0.09212919178311962
2025-10-03 21:00:00+00:00,0.14125195546990565,0.1064150991888345,0.07792549520561394,-inf,,-inf,0.11268007989971214
2025-10-03 22:00:00+00:00,0.13483997249403867,0.10908297607212529,0.06286946134610556,,,,0.11396057645996836
2025-10-03 23:00:00+00:00,-0.21654087871299435,-0.31606376163334915,0.06286946134610556,,,,-0.26967994498607006
2025-10-04 00:00:00+00:00,-0.522232967868871,-0.6502710027243177,0.06286946134610556,,,,-0.5877538136469327
2025-10-04 01:00:00+00:00,-0.5890150893754285,-0.714584048107182,0.07881104062405977,,,,-0.6546536707092839
2025-10-04 02:00:00+00:00,-0.16116459280517492,-0.1921250735139745,0.02376242282586327,-inf,,-inf,-0.17759473157404343
2025-10-04 03:00:00+00:00,0.030039377393850035,0.03538099470902221,-0.004851797141368718,inf,,inf,0.03290648922389746
2025-10-04 04:00:00+00:00,0.14455283597363622,0.16886525491726315,-0.025474090105539676,,,,0.15772007446921202
2025-10-04 05:00:00+00:00,0.5310078242955933,0.49580177288269356,-0.0922005018522697,0.5217391304348913,0.521739130434949,0.5217391304349879,0.4928358885212478
2025-10-04 06:00:00+00:00,0.6485234024996708,0.594197620606862,-0.05974249621573258,0.6466697906834769,0.4472135955000696,0.6466697906830531,0.5351150008915512
2025-10-04 07:00:00+00:00,0.6947596267541278,0.6467970635117272,-0.09671120673855148,0.6924702985089591,0.5347233943689231,0.6924702985089616,0.5494982337673111
2025-10-04 08:00:00+00:00,0.7204947766738531,0.6738718007023355,-0.12529470374626614,0.7100915701678465,0.48879490028613276,0.7211686832239854,0.5432855974814619
2025-10-04 09:00:00+00:00,0.7451089859415986,0.6958079950254186,-0.09942533003178299,0.7237185446037498,0.4498501023233309,0.7425394996781318,0.5739056646896707
2025-10-04 10:00:00+00:00,0.7634792834996197,0.7204930440123483,-0.1199902041229922,0.734214226466096,0.4160863961486961,0.7587351572409683,0.6133117191109377
2025-10-04 11:00:00+00:00,0.7774029068754293,0.7397526505493587,-0.5389122264076831,0.7421593759826953,0.38628199411912645,0.7710943750299819,0.6445749632281657
2025-10-04 12:00:00+00:00,0.787998899615654,0.7550186172446949,-0.5658921435474434,0.7479485429104945,0.3595732599804505,0.7603565456435102,0.6687971009878516
2025-10-04 13:00:00+00:00,0.7898264777804483,0.7605743989834324,-0.5702659485122606,0.7508125679525541,0.3424834305800434,0.7551400131758716,0.6764035909994164
2025-10-04 14:00:00+00:00,0.7907078414448889,0.764908714403142,-0.5728688585695211,0.7522874034107366,0.3264008735684846,0.7492383688735784,0.6852348936865271
2025-10-04 15:00:00+00:00,0.7906289324265978,0.7681338376441131,-0.5406392784244314,0.7524200596155289,0.3111879571321164,0.742534517055335,0.6897419674332407
2025-10-04 16:00:00+00:00,0.7858014465003949,0.7703300698711258,-0.5393139754956051,0.7512129274035219,0.296728066880748,0.5704815652244766,0.6935276495181251
2025-10-04 17:00:00+00:00,0.7575823956392733,0.7715500895118483,-0.535564438973262,0.7486237971578421,0.2829210948266957,0.5137617262424253,0.6864095716159542
2025-10-04 18:00:00+00:00,0.7139231254899714,0.7718217490203646,-0.5291502622129761,0.7445620347389831,0.2696799449853364,0.49397420424294913,0.680923530909179
2025-10-04 19:00:00+00:00,0.6701960348989768,0.771693832489797,-0.5197711023185364,0.6985363794045275,0.2652390597065051,0.4759634180971226,0.6596641825440707
2025-10-04 20:00:00+00:00,0.6273518243695138,0.7508611524593465,-0.5070201265634511,0.6534217872560889,0.16915360736872706,0.457113335722507,0.6146060829527832
2025-10-04 21:00:00+00:00,0.5851314293505581,0.7128323050432417,-0.4903327853879402,0.6089441386276764,0.11315971919735214,0.435772095567275,0.5801395208112947
2025-10-04 22:00:00+00:00,0.5549378632412494,0.6868303277329137,-0.46891639251624634,0.497424875583585,0.0785135883885449,0.41057111057968293,0.561464067385788
2025-10-04 23:00:00+00:00,0.566109235988718,0.7168883291130257,-0.45285210328425707,0.506147457312927,0.05359869111640253,0.4179584569258419,0.5563972957350966
2025-10-05 00:00:00+00:00,0.5667118524651313,0.7146091856916366,-0.45285210328425707,0.4805396314911695,0.05359869111640253,0.4128144029572521,0.5146494624680199
2025-10-05 01:00:00+00:00,0.5717070821451581,0.7262213091319875,-0.45553808237285126,0.46248379542483226,0.05359869111640253,0.41180851069758545,0.487236081738477
2025-10-05 02:00:00+00:00,0.538798734316975,0.6810771368737679,-0.40329796097364695,0.450736231764969,0.07549401942860032,0.33288673621350323,0.4645003067382168
2025-10-05 03:00:00+00:00,0.5057806293662397,0.5959732554241076,-0.31376239035532605,0.43092529281331615,0.19871617196860228,0.19139299265918272,0.41992383688235924
2025-10-05 04:00:00+00:00,0.4941036777459967,0.35930940138009254,-0.09016696346686422,0.45014069095240006,0.4057513356009159,-0.271255035754263,0.34948352214519113
2025-10-05 05:00:00+00:00,0.4818948058619471,0.35930940138009254,-0.09016696346686422,0.45014069095240006,0.338382478733381,-0.24790266773030675,0.34948352214519113
2025-10-05 06:00:00+00:00,0.4649790804991107,0.35930940138009254,-0.22432325840655318,0.45014069095240006,0.338382478733381,-0.22439708538160186,0.34948352214519113
2025-10-05 07:00:00+00:00,0.4754001031944923,0.3500742282198734,-0.2373972206313944,0.35034701540401386,0.22561620971747673,-0.23844861000834278,0.29770484983586215
2025-10-05 08:00:00+00:00,0.41843724430670515,0.3188865752104891,-0.2502802570623832,0.1975347979397194,0.13373015960776613,-0.25182680271942925,0.2552733299342609
2025-10-05 09:00:00+00:00,0.41289857442359756,0.3188865752104891,-0.2502802570623832,0.16178740770877661,0.11232516526463192,-0.2515544965608108,0.2514836321795219
2025-10-05 10:00:00+00:00,0.4123612338799829,0.3188865752104891,-0.2502802570623832,0.14994144055998582,0.11232516526463192,-0.25145944030251693,0.2514836321795219
2025-10-05 11:00:00+00:00,0.40775079121611046,0.3188865752104891,-0.2975308222086252,0.13872446115465073,0.11232516526463192,-0.25145944030251693,0.24729789289456047
2025-10-05 12:00:00+00:00,0.4037773587032462,0.3188865752104891,-0.2975308222086252,0.1280368799332336,0.09316051410679771,-0.2543739534410031,0.2432043806345638
2025-10-05 13:00:00+00:00,0.4377256923785902,0.3188865752104891,-0.2975308222086252,0.15403918779292775,0.09316051410679771,-0.2776954340614094,0.25777754352288695
2025-10-05 14:00:00+00:00,0.4844658881120097,0.3188865752104891,-0.2975308222086252,0.17987628765691538,0.13611907505011195,-0.3031386373378982,0.2647880631855884
2025-10-05 15:00:00+00:00,0.5344251120270899,0.3188865752104891,-0.2514594403024864,0.20567712261861817,0.17780867543128362,-0.3031386373378982,0.28602202007553007
2025-10-05 16:00:00+00:00,0.5344251120270899,0.3188865752104891,-0.2514594403024864,0.23156515713544426,0.2188673496789695,-0.28481591646817717,0.29647443960269865
2025-10-05 17:00:00+00:00,0.5342215309886009,0.3188865752104891,-0.2514594403024864,0.2576615911741668,0.2598437130468051,-0.27755513764179096,0.29647443960269865
2025-10-05 18:00:00+00:00,0.5293307408830967,0.3338925684585015,-0.2975308222086252,0.2576615911741668,0.3012423688869641,-0.27755513764179096,0.3099392575808076
2025-10-05 19:00:00+00:00,0.5255457938255801,0.347935724812283,-0.09704385396268458,0.27375436433218836,0.43325420887786603,-0.27755513764179096,0.31719859046021265
2025-10-05 20:00:00+00:00,0.5226781582599502,0.34799834474483027,0.0329776542175502,0.29573402343049,0.43325420887786603,-0.27755513764179096,0.32098811656338727
2025-10-05 21:00:00+00:00,0.5205807078498059,0.34799834474483027,0.08970891825745708,0.31237800116706244,0.43325420887786603,-0.27755513764179096,0.3276633702714224
2025-10-05 22:00:00+00:00,0.5221363738318887,0.34799834474483027,0.13872446115462952,0.3224043715852174,0.43325420887786603,-0.27755513764179096,0.33209653817772916
2025-10-05 23:00:00+00:00,0.5229499133612269,0.3634540648313203,0.2166067550398271,0.3627111079072364,0.3387155032797998,-0.3043837202617955,0.28752403643428964
2025-10-06 00:00:00+00:00,0.612738574127892,0.40700917425998295,0.28913096171425573,0.48124418011024617,0.3387155032797998,-0.3043837202617955,0.3026947668702325
2025-10-06 01:00:00+00:00,0.6491643073597246,0.40700917425998295,0.3511644933537412,0.5745787269486093,0.3387155032797998,-0.2731643776273728,0.3335719310703163
2025-10-06 02:00:00+00:00,0.6235633035884899,0.40700917425998295,0.26405538953642427,0.49243860186049027,0.3387155032797998,-0.2731643776273728,0.2930531485822122
2025-10-06 03:00:00+00:00,0.6027054694492919,0.40700917425998295,0.26405538953642427,0.4051971627131787,0.22894674039771254,-0.3246683562547969,0.27904020225972015
2025-10-06 04:00:00+00:00,0.6027054694492919,0.40700917425998295,0.26405538953642427,0.36235321247681673,0.22894674039771254,-0.3246683562547969,0.2591001612148588
2025-10-06 05:00:00+00:00,0.5981576616755108,0.40700917425998295,0.26405538953642427,0.316727099608158,0.22894674039771254,-0.3246683562547969,0.25169752531076434
2025-10-06 06:00:00+00:00,0.5883193457160157,0.40700917425998295,0.16000158027050912,0.2670222905284313,0.13823103891425734,-0.34939511152325436,0.2299396777186641
2025-10-06 07:00:00+00:00,0.5629858144367413,0.40700917425998295,0.06568614054128781,0.22904777673097856,0.13823103891425734,-0.3683501404201118,0.19475210782875046
2025-10-06 08:00:00+00:00,0.5629858144367413,0.40700917425998295,-0.0613077262181513,0.18559121718835797,0.13823103891425734,-0.38685728117149404,0.16118813769672213
2025-10-06 09:00:00+00:00,0.5593861906376701,0.40700917425998295,-0.09112432858123351,0.173108323572768,0.13823103891425734,-0.3781709304727071,0.1525559388779837
2025-10-06 10:00:00+00:00,0.5619392234115803,0.40866201333058594,-0.10174068401326011,0.16578254086752556,0.13823103891425734,-0.37196569863738693,0.14895336495198663
2025-10-06 11:00:00+00:00,0.5619392234115803,0.40866201333058594,-0.11280734538351299,0.1585541654446752,0.13823103891425734,-0.36756728038782926,0.147014323704892
2025-10-06 12:00:00+00:00,0.5593861906376701,0.41054932573314373,-0.12440837703898892,0.15140336139106633,0.1575867174165267,-0.3637862511296366,0.14507991376555063
2025-10-06 13:00:00+00:00,0.573853518140463,0.41054932573314373,-0.10248303061845218,0.17391232415429517,0.21035158095634218,-0.3431637841028568,0.15083563896952173
2025-10-06 14:00:00+00:00,0.573853518140463,0.41054932573314373,-0.07990262303995842,0.19714729861450475,0.21035158095634218,-0.3237530545319612,0.15662962456762916
2025-10-06 15:00:00+00:00,0.5593861906376701,0.41054932573314373,-0.030714065955815984,0.22123893805369138,0.21035158095634218,-0.3237530545319612,0.16735153705747519
2025-10-06 16:00:00+00:00,0.5854683106410338,0.41054932573314373,0.019276189549452795,0.24633854784002066,0.21035158095634218,-0.33382171581082715,0.17222158703767315
2025-10-06 17:00:00+00:00,0.5830388706345684,0.41054932573314373,0.07119242997851156,0.2907190682854008,0.21035158095634218,-0.3375221235279433,0.18156672841607185
2025-10-06 18:00:00+00:00,0.5760715294825001,0.41054932573314373,0.18682794717680343,0.3817606547708445,0.21035158095634218,-0.34172170709403005,0.1710634137337187
2025-10-06 19:00:00+00:00,0.5702818159833252,0.4075203862242913,0.20425313364644787,0.3972037192596818,0.21035158095634218,-0.3459809548533522,0.1571150978890549
2025-10-06 20:00:00+00:00,0.5702818159833252,0.4075203862242913,0.18682794717680343,0.40346233151237965,0.21035158095634218,-0.3459809548533522,0.14909644448007608
2025-10-06 21:00:00+00:00,0.5654832162171797,0.4075203862242913,0.20425313364644787,0.4004783125411279,0.1575867174165267,-0.3459809548533522,0.14516785278614758
2025-10-06 22:00:00+00:00,0.5654832162171797,0.4075203862242913,0.20425313364644787,0.4004783125411279,0.106667720180341,-0.3459809548533522,0.14516785278614758
2025-10-06 23:00:00+00:00,0.6101109143851348,0.3759953041508733,0.2679492549358629,0.43818605377780245,0.22894674039771254,-0.3459809548533522,0.16193529416843716
2025-10-07 00:00:00+00:00,0.6101109143851348,0.3759953041508733,0.41777407386078724,0.3476715558529411,0.35459266504051185,-0.3459809548533522,0.16193529416843716
2025-10-07 01:00:00+00:00,0.6447447923174202,0.3759953041508733,0.41777407386078724,0.30395639734800456,0.4865662689628398,-0.3459809548533522,0.16193529416843716
2025-10-07 02:00:00+00:00,0.6177162066887907,0.3759953041508733,0.41777407386078724,0.340808512919316,0.32684369585038225,-0.3459809548533522,0.16193529416843716
2025-10-07 03:00:00+00:00,0.56721882060839,0.3759953041508733,0.2555539251721912,0.37624249233779133,0.15971082665916594,-0.31192253500295275,0.14408331428143176
2025-10-07 04:00:00+00:00,0.5484391693912001,0.3759953041508733,0.1612380165566966,0.39185642484777244,0.06158463695996349,-0.2924933743115593,0.14408331428143176
2025-10-07 05:00:00+00:00,0.5299995102475284,0.3587942046099834,0.046758542216119615,0.4071678036001971,-0.047423467767883476,-0.2924933743115593,0.13438480097096073
2025-10-07 06:00:00+00:00,0.5002751985211746,0.3587942046099834,0.11210646280256627,0.38746983413612024,-0.047423467767883476,-0.2924933743115593,0.13438480097096073
2025-10-07 07:00:00+00:00,0.430403371868446,0.3587942046099834,0.17420030147098406,0.3359658956713453,-0.047423467767883476,-0.27701107774007966,0.13438480097096073
2025-10-07 08:00:00+00:00,0.3493408036744773,0.385520704760841,0.17420030147098406,0.3359658956713453,-0.047423467767883476,-0.26129289788376525,0.13438480097096073
2025-10-07 09:00:00+00:00,0.3377853592579242,0.385520704760841,0.15106030644144358,0.3359658956713453,-0.047423467767883476,-0.2620506958056773,0.13438480097096073
2025-10-07 10:00:00+00:00,0.3342324005127594,0.3833693560547669,0.14094170947770557,0.3307440412854378,-0.07950542444237686,-0.2630275396962026,0.12887124140861891
2025-10-07 11:00:00+00:00,0.33134014032407594,0.3833693560547669,0.13081100362634326,0.32566749883622986,-0.12094982593517445,-0.2642517880317432,0.123434791276623
2025-10-07 12:00:00+00:00,0.3343134516764712,0.3803752564805173,0.12142684233029573,0.32350157364646587,-0.17958267458789154,-0.261067238222586,0.12164433139172515
2025-10-07 13:00:00+00:00,0.35879950431708496,0.3880845401812893,0.16676027333870616,0.3348660627801658,-0.18961818525661198,-0.3222782543034482,0.12786063438635267
2025-10-07 14:00:00+00:00,0.3866834171229504,0.39670234999486925,0.2229255954887145,0.34758767117282413,-0.20084912717697492,-0.4009510188433074,0.1348010506540771
2025-10-07 15:00:00+00:00,0.448729369023407,0.4064011708167452,0.22740226283411585,0.36192673327565567,-0.21350420507370982,-0.5072539304661815,0.12788834636830654
2025-10-07 16:00:00+00:00,0.4443427387785526,0.41740062817146617,0.23247936068453198,0.3782152647188457,-0.22787491675972468,-0.49136971544519886,0.11270652155571403
2025-10-07 17:00:00+00:00,0.4266772110920846,0.42998497986611783,0.23828829353812675,0.3785672889375524,-0.2443388887130042,-0.48529969215978475,0.08735074232296901
2025-10-07 18:00:00+00:00,,,,,,,
2025-10-07 19:00:00+00:00,,,,,,,
2025-10-07 20:00:00+00:00,,,,,,,
2025-10-07 21:00:00+00:00,,,,,,,
2025-10-07 22:00:00+00:00,,,,,,,
2025-10-07 23:00:00+00:00,,,,,,,
2025-10-08 00:00:00+00:00,,,,,,,
2025-10-08 01:00:00+00:00,,,,,,,
2025-10-08 02:00:00+00:00,,,,,,,
2025-10-08 03:00:00+00:00,,,,,,,
2025-10-08 04:00:00+00:00,,,,,,,
2025-10-08 05:00:00+00:00,,,,,,,
2025-10-08 06:00:00+00:00,,,,,,,
2025-10-08 07:00:00+00:00,,,,,,,
2025-10-08 08:00:00+00:00,,,,,,,
2025-10-08 09:00:00+00:00,,,,,,,
2025-10-08 10:00:00+00:00,,,,,,,
2025-10-08 11:00:00+00:00,,,,,,,
2025-10-08 12:00:00+00:00,,,,,,,
2025-10-08 13:00:00+00:00,,,,,,,
2025-10-08 14:00:00+00:00,,,,,,,
2025-10-08 15:00:00+00:00,,,,,,,
2025-10-08 16:00:00+00:00,,,,,,,
2025-10-08 17:00:00+00:00,,,,,,,
2025-10-08 18:00:00+00:00,,,,,,,
2025-10-08 19:00:00+00:00,0.5177367775375514,0.475330345758671,0.3512958160743272,0.45474752048987965,0.41989768220973106,-0.4254873833808422,0.2481361575302831
2025-10-08 20:00:00+00:00,0.5401039513025329,0.48534074375079733,0.3779761904765605,0.44315921090188676,0.45013797742279815,-0.45544326916631966,0.29490990271182194
2025-10-08 21:00:00+00:00,0.5583792956974994,0.5005109966116988,0.40012926806033217,0.456755632959564,0.47433896490600097,-0.47940489318386187,0.33108066292126226
2025-10-08 22:00:00+00:00,0.5729719684945872,0.5168293237188494,0.4188213717696224,0.4775941366345683,0.4942026757796409,-0.4990668643391451,0.32031910622557214
2025-10-08 23:00:00+00:00,0.5636061574439816,0.5066195038502296,0.3824891478995148,0.45526692187417245,0.4571968156636816,-0.5155223353575761,0.25104558929477355
2025-10-09 00:00:00+00:00,0.5417813424300281,0.4762536532293292,0.35091663186207206,0.3563756509234063,0.31745703310508305,-0.5284964535514022,0.184381202706908
2025-10-09 01:00:00+00:00,0.4967627462566607,0.42008186688610505,0.1833334801788594,0.22751086574024687,0.27481011733572364,-0.5551788250537104,0.07208922902163754
2025-10-09 02:00:00+00:00,0.4902480424191412,0.3706427455889695,-0.04554087895203847,0.1380043499657377,0.34290379960977585,-0.7104021523833279,0.17150813911532428
2025-10-09 03:00:00+00:00,0.5619916583829296,0.47654067290010177,0.09304842103992571,0.28301428829435377,0.46537892099593886,-0.5803810000885335,0.19170741947552203
2025-10-09 04:00:00+00:00,0.6104611356961214,0.5483934802400241,0.09304842103992571,0.32457764764518543,0.46537892099593886,-0.4742524606240937,0.20378567649968027
2025-10-09 05:00:00+00:00,0.5766907341426375,0.5050332701918618,0.09304842103992571,0.3644471480627379,0.46537892099593886,-0.40079644650138047,0.19072303597674542
2025-10-09 06:00:00+00:00,0.4626928288602531,0.4236880140424048,0.0,0.38506269922251996,0.46537892099593886,-0.3262916195734394,0.14418994137712754
2025-10-09 07:00:00+00:00,0.34819909733654647,0.34838132525182053,-0.07224596248947615,0.34828628592747973,0.35551412521279635,-0.2744697074700728,0.12396387598434042
2025-10-09 08:00:00+00:00,0.24759748096268913,0.24569878505321685,-0.09818338144442207,0.3155346339569855,0.26275398378783105,-0.22261236187849717,0.09805063977179322
2025-10-09 09:00:00+00:00,0.18228866764359067,0.22729728332863808,-0.09818338144442207,0.30439863923322125,0.216886875133579,-0.18411076293161513,0.09805063977179322
2025-10-09 10:00:00+00:00,0.1447474593938813,0.21315600300312415,-0.1483962829861234,0.30439863923322125,0.216886875133579,-0.15013961776661122,0.09805063977179322
2025-10-09 11:00:00+00:00,0.08793430201936765,0.19874754631736352,-0.1882254779911987,0.30439863923322125,0.17316743975223192,-0.11374472758022645,0.09805063977179322
2025-10-09 12:00:00+00:00,0.09502684007407114,0.2044652050276423,-0.1882254779911987,0.30439863923322125,0.17581799102354964,-0.13190223722975655,0.09761628075689266
2025-10-09 13:00:00+00:00,0.09656625383821198,0.20625862314412932,-0.16727057025668762,0.3024025247417238,0.1791843280296077,-0.15926534581541274,0.09719108674521158
2025-10-09 14:00:00+00:00,0.09827951402137144,0.20823479154441374,-0.14850458424190108,0.3024025247417238,0.1791843280296077,-0.19401857605927245,0.09719108674521158
2025-10-09 15:00:00+00:00,0.11310448977182512,0.22598622323227743,-0.1531697295153792,0.30660780530050813,0.21017865101629107,-0.31516521309180007,0.08239514967701002
2025-10-09 16:00:00+00:00,0.14748044617927966,0.25013121579162295,0.03383761209520422,0.30660780530050813,0.21017865101629107,-0.33298423396528115,0.08239514967701002
2025-10-09 17:00:00+00:00,0.1637108667161435,0.2690024233709394,0.12854475237440838,0.30660780530050813,0.15872240565400986,-0.33298423396528115,0.07476861038045098
2025-10-09 18:00:00+00:00,0.1637108667161435,0.2875672128061086,0.18424994048595744,0.31271559142219957,0.1079295775489064,-0.35043313120185626,0.07476861038045098
2025-10-09 19:00:00+00:00,0.13602656638980054,0.3001622373999129,0.23381738738629954,0.32303480306571064,0.1079295775489064,-0.35043313120185626,0.07476861038045098
2025-10-09 20:00:00+00:00,0.14923971848460846,0.3001622373999129,0.27962443406098564,0.32564656779326684,0.1079295775489064,-0.35043313120185626,0.04396120073879195
2025-10-09 21:00:00+00:00,0.06710701051814373,0.17610265916211426,0.23997018125055095,0.21457555142007886,0.09593483678837476,-0.3242798093176045,-0.037890935300985217
2025-10-09 22:00:00+00:00,0.08413202485462604,0.17610265916211423,0.2768301426273893,0.20569081518086432,0.09593483678837476,-0.3242798093176045,-0.04762440359583937
2025-10-09 23:00:00+00:00,0.12314495091309971,0.20102366178595693,0.338285160529734,0.20569081518086432,0.09593483678837476,-0.3242798093176045,-0.06494245887256671
2025-10-10 00:00:00+00:00,0.14598861279422398,0.2308537035487558,0.40228237381655274,0.20569081518086432,0.16848946289121866,-0.3242798093176045,-0.07313133667292554
2025-10-10 01:00:00+00:00,0.18686349398801483,0.283601807357787,0.5786675541213372,0.20569081518086432,0.16848946289121866,-0.37013569728558243,-0.07313133667292554
2025-10-10 02:00:00+00:00,0.27704956967774275,0.3744809280451995,0.7786243439077085,0.276957215970543,0.1195114794298352,-0.3922985064337158,-0.03381584438655696
2025-10-10 03:00:00+00:00,0.23749161972670793,0.3238347014416582,0.6979102031681748,0.2521304493405045,-0.013284614012800768,-0.3130303182461275,-0.056631758788035794
2025-10-10 04:00:00+00:00,0.21425089931951624,0.2942089625718831,0.615948683172454,0.2521304493405045,-0.013284614012800768,-0.3130303182461275,-0.07202850752760495
2025-10-10 05:00:00+00:00,0.15964471378528935,0.2629454673267744,0.5730778949846402,0.2521304493405045,-0.013284614012800768,-0.3130303182461275,-0.07202850752760495
2025-10-10 06:00:00+00:00,0.08542282161229679,0.2629454673267744,0.5033500793132991,0.21652033127445883,-0.013284614012800768,-0.3130303182461275,-0.057999322161649915
2025-10-10 07:00:00+00:00,0.014283393288324625,0.21674008075789064,0.4327919563246164,0.21652033127445883,-0.013284614012800768,-0.3130303182461275,-0.057999322161649915
2025-10-10 08:00:00+00:00,-0.01873829222503933,0.21674008075789064,0.36047384628556944,0.21652033127445883,-0.013284614012800768,-0.3467219138537447,-0.057999322161649915
2025-10-10 09:00:00+00:00,-0.032301538399751216,0.19627346860565195,0.3569826316101661,0.21652033127445883,-0.013284614012800768,-0.3555340973552908,-0.057999322161649915
2025-10-10 10:00:00+00:00,-0.06107865399211635,0.1812417404735294,0.3598566723316648,0.2238821555675755,-0.013284614012800768,-0.3644948850199745,-0.057999322161649915
2025-10-10 11:00:00+00:00,-0.0753466265580503,0.16589137376982174,0.35701241598683503,0.2238821555675755,-0.013284614012800768,-0.373595545770802,-0.057999322161649915
2025-10-10 12:00:00+00:00,-0.0753466265580503,0.17625487846998228,0.3907728445430066,0.2238821555675755,-0.026780377529237367,-0.373595545770802,-0.057999322161649915
2025-10-10 13:00:00+00:00,-0.06974833190109571,0.17625487846998228,0.4082268550442544,0.2277681406912624,-0.026780377529237367,-0.35298468702126656,-0.057999322161649915
2025-10-10 14:00:00+00:00,-0.06433943105989301,0.17625487846998228,0.4277266175431021,0.23044499014928707,-0.026780377529237367,-0.3284283309026701,-0.060476236049044556
2025-10-10 15:00:00+00:00,-0.05909925358306587,0.17625487846998228,0.4277266175431021,0.23317335990275917,-0.026780377529237367,-0.30748784555158404,-0.060476236049044556
2025-10-10 16:00:00+00:00,-0.03600633767310773,0.17625487846998228,0.32842833090265816,0.24719101123613102,-0.09500317490413268,-0.28917701658791517,-0.060476236049044556
2025-10-10 17:00:00+00:00,0.008722957588563196,0.17625487846998228,0.2926095119923188,0.2598106626413568,-0.09500317490413268,-0.28917701658791517,-0.04956252228776764
2025-10-10 18:00:00+00:00,0.05092065106886442,0.22028102550025552,0.19245831145767747,0.26797837301300315,-0.026780377529237367,-0.28917701658791517,-0.060476236049044556
2025-10-10 19:00:00+00:00,0.09114179196833351,0.24920335817546788,0.14720510145404697,0.26797837301300315,-0.09500317490413268,-0.28917701658791517,-0.060476236049044556
2025-10-10 20:00:00+00:00,0.09114179196833351,0.26041700107022053,0.0950031749041248,0.26797837301300315,-0.09500317490413268,-0.28917701658791517,-0.04956252228776764
2025-10-10 21:00:00+00:00,0.15323671347255652,0.36138353948961177,0.1318320110755556,0.3803948415984112,-0.1344656197434566,-0.31614544719077253,0.010912193659726562
2025-10-10 22:00:00+00:00,0.16952397665295368,0.37730913118356013,0.060633906259129476,0.38704695285618534,-0.20109991663533458,-0.31614544719077253,0.010912193659726562
2025-10-10 23:00:00+00:00,0.16952397665295368,0.37730913118356013,-0.07075491376839378,0.38704695285618534,-0.20109991663533458,-0.31614544719077253,0.031038789891317434
2025-10-11 00:00:00+00:00,0.21869705483641805,0.37730913118356013,-0.19941753655872038,0.40675414957463696,-0.2398414889223619,-0.2999167118848028,0.031038789891317434
2025-10-11 01:00:00+00:00,0.31158377159648437,0.37730913118356013,-0.294058817646123,0.43873974201922833,-0.2398414889223619,-0.2625752465911222,0.050360806985377704
2025-10-11 02:00:00+00:00,0.30073481393514545,0.29390360649021124,-0.2891216547916542,0.36522125089746965,-0.3377299031894859,-0.25897654647494894,-0.04027241434683589
2025-10-11 03:00:00+00:00,0.214848523124554,0.29390360649021124,-0.16720105938917243,0.3410124889700727,-0.3377299031894859,-0.32546487569074345,-0.04027241434683589
2025-10-11 04:00:00+00:00,0.15669620412485252,0.29390360649021124,-0.09953452035832352,0.32708393222802695,-0.3377299031894859,-0.3675765103022479,-0.04027241434683589
2025-10-11 05:00:00+00:00,0.12106327373390496,0.29390360649021124,-0.09953452035832352,0.3127869205736774,-0.2313355642773156,-0.4019068829339729,-0.056023908635883635
2025-10-11 06:00:00+00:00,0.16566808806183697,0.26734874466577074,-0.02876867990127502,0.33147574528076545,-0.2313355642773156,-0.43590568124605356,-0.07088168082511338
2025-10-11 07:00:00+00:00,0.16566808806183697,0.298094956848463,0.04622400851387169,0.30856937584332605,-0.2313355642773156,-0.46967108931347606,-0.08527004924669432
2025-10-11 08:00:00+00:00,0.15406168120680835,0.312684295659447,0.12871576949503663,0.3067554838333439,-0.20534841375449553,-0.46417154870121613,-0.060001374116380075
2025-10-11 09:00:00+00:00,0.15406168120680835,0.32828241699029026,0.12871576949503663,0.29463746685852304,-0.20534841375449553,-0.47005995479713036,-0.060001374116380075
2025-10-11 10:00:00+00:00,0.1837327912537462,0.33922474289370436,0.12871576949503663,0.27635846790824575,-0.20534841375449553,-0.4763520585961813,-0.0446320618045184
2025-10-11 11:00:00+00:00,0.19984183040049275,0.33922474289370436,0.12871576949503663,0.27635846790824575,-0.16831747726265328,-0.48299141808870816,-0.0446320618045184
2025-10-11 12:00:00+00:00,0.19484930813437545,0.33922474289370436,0.12556231701612028,0.27635846790824575,-0.1621171687535491,-0.4538785965985883,-0.0446320618045184
2025-10-11 13:00:00+00:00,0.19442953164023385,0.33383386727283876,0.12556231701612028,0.27781766369917266,-0.1621171687535491,-0.4381742030363026,-0.0446320618045184
2025-10-11 14:00:00+00:00,0.19418708485348657,0.33383386727283876,0.12871576949503663,0.27781766369917266,-0.1621171687535491,-0.41835369824891555,-0.04512503015298405
2025-10-11 15:00:00+00:00,0.19412475122895625,0.33383386727283876,0.12871576949503663,0.2774743254754386,-0.16831747726265328,-0.4011043668977076,-0.04512503015298405
2025-10-11 16:00:00+00:00,0.19412475122895628,0.33383386727283876,0.1662852306430467,0.2887038190984685,-0.11888592375260267,-0.4078626563414827,-0.04512503015298405
2025-10-11 17:00:00+00:00,0.19412475122895628,0.33383386727283876,0.1662852306430467,0.30520387211325506,-0.0722924184836403,-0.4011043668977076,-0.04512503015298405
2025-10-11 18:00:00+00:00,0.19412475122895628,0.32589545516884555,0.2020554498130793,0.30520387211325506,-0.0722924184836403,-0.38268760394679957,-0.03627449997565532
2025-10-11 19:00:00+00:00,0.19412475122895628,0.32589545516884555,0.2020554498130793,0.30520387211325506,-0.027741012122068965,-0.3539820660528594,-0.027517411887002862
2025-10-11 20:00:00+00:00,0.19412475122895628,0.32516137550605223,0.2020554498130793,0.3019884180248467,-0.027741012122068965,-0.3252580777758425,0.005281634599018232
2025-10-11 21:00:00+00:00,0.19412475122895628,0.32516137550605223,0.23657753245674443,0.3019884180248467,0.015407322717866092,-0.29632662119679054,0.03437753357669132
2025-10-11 22:00:00+00:00,0.19412475122895628,0.33333056205791833,0.23657753245674443,0.30717985523754743,0.05769079430496311,-0.2669723972196263,0.056174710546626754
2025-10-11 23:00:00+00:00,0.21989825480945863,0.33333056205791833,0.2920061015462898,0.33177977191353375,0.09958589590300837,-0.23694044490658966,0.06422281598224139
2025-10-12 00:00:00+00:00,0.18994579188373575,0.33333056205791833,0.4934389171248149,0.3813042033245601,0.15504595367654156,-0.20591646024426574,0.08161485078053245
2025-10-12 01:00:00+00:00,0.09753461593033452,0.2945627177030822,0.5862722545633549,0.44503922556061554,0.24600246676841747,-0.13458128458389298,0.09812415458126345
2025-10-12 02:00:00+00:00,0.04134200339784869,0.2946003029506393,0.7355158778423622,0.5910453957768693,0.601785718234707,0.030216552487611032,0.15192306439715303
2025-10-12 03:00:00+00:00,0.1397855611824219,0.3662691278663769,0.6625413488701214,0.5366279116062881,0.45454545454564615,-0.16455067024154824,0.13113169126398913
2025-10-12 04:00:00+00:00,0.19562902491366715,0.3874875837575815,0.6625413488701214,0.5083295333922557,0.3593073842931039,-0.25501844604539137,0.11781254793821588
2025-10-12 05:00:00+00:00,0.24712217194727995,0.408239326455431,0.5395720090562087,0.4792576801856395,0.19179334971571357,-0.33402132856162914,0.0878941786842461
2025-10-12 06:00:00+00:00,0.3232839036151262,0.4325081031862559,0.42211588240918846,0.4381459312419804,0.053935988997397634,-0.43508801412172243,0.0878941786842461
2025-10-12 07:00:00+00:00,0.35874857762862233,0.4044752261723692,0.30760647245310685,0.40408172677854176,0.053935988997397634,-0.5302209714505408,0.0878941786842461
2025-10-12 08:00:00+00:00,0.35874857762862233,0.4044752261723692,0.2548235957193593,0.365638734892341,0.053935988997397634,-0.5577156623487405,0.0878941786842461
2025-10-12 09:00:00+00:00,0.35874857762862233,0.39083173575931013,0.20240972548214753,0.34936547623429776,0.053935988997397634,-0.5692298625477984,0.07980957969225902
2025-10-12 10:00:00+00:00,0.3194221723998898,0.3674626569759429,0.20240972548214753,0.33724583036516337,-0.022792115291946344,-0.584167666763461,0.05726622011752268
2025-10-12 11:00:00+00:00,0.30644487913828133,0.3674626569759429,0.20240972548214753,0.31680162030353737,-0.12727272727322453,-0.6016385263015211,0.04214957180004455
2025-10-12 12:00:00+00:00,0.30846414218622503,0.36843453825920813,0.20240972548214753,0.3297372925361583,-0.12727272727322453,-0.558661226254325,0.04341003752739582
2025-10-12 13:00:00+00:00,0.3044237511367283,0.3742870580782994,0.20240972548214753,0.33469285640094837,-0.12727272727322453,-0.5246460221548769,0.04468751818349505
2025-10-12 14:00:00+00:00,0.301190172849956,0.3757045397876979,0.2132007163565106,0.3399881061632395,-0.12727272727322453,-0.5015024764556285,0.04540182227417554
2025-10-12 15:00:00+00:00,0.3013494158098018,0.37727256524785335,0.2132007163565106,0.33469285640094837,-0.16346059949967467,-0.4814451242970528,0.04482334681948399
2025-10-12 16:00:00+00:00,0.31329235098864183,0.39338605616286704,0.2132007163565106,0.33469285640094837,-0.16346059949967467,-0.4814451242970528,0.04482334681948399
2025-10-12 17:00:00+00:00,0.31329235098864183,0.37727256524785335,0.2132007163565106,0.30358361188396527,-0.16346059949967467,-0.47935457865073766,0.03619012328006838
2025-10-12 18:00:00+00:00,0.31329235098864183,0.3648098677439657,0.2473154723058074,0.26183268818638106,0.0,-0.47935457865073766,0.02746693083881661
2025-10-12 19:00:00+00:00,0.31329235098864183,0.337588959471267,0.2473154723058074,0.23649251401282273,0.0930353147051515,-0.4851075171688399,0.009758763638972451
2025-10-12 20:00:00+00:00,0.31329235098864183,0.33111249642366536,0.27865221840791426,0.22532028485994715,0.16346059950051087,-0.4909571886012955,-0.0380902075118266
2025-10-12 21:00:00+00:00,0.32204532013460635,0.33113494175432767,0.3081497316767872,0.21375616857748134,0.16346059950051087,-0.4909571886012955,-0.08288882771076223
2025-10-12 22:00:00+00:00,0.32204532013460635,0.3222500925754343,0.39650882882623373,0.20173100955831913,0.16346059950051087,-0.4909571886012955,-0.10455975351293284
2025-10-12 23:00:00+00:00,0.3368271993786364,0.3222500925754343,0.46319051646844395,0.14625448482588568,0.16346059950051087,-0.4909571886012955,-0.12043672009405856
2025-10-13 00:00:00+00:00,0.358426014975783,0.3222500925754343,0.5387480593557089,0.0917364944588601,0.2962974987952975,-0.49945424760912804,-0.12043672009405856
2025-10-13 01:00:00+00:00,0.4396687095951347,0.3709298219428563,0.4160863961496747,0.006186882248795627,0.2962974987952975,-0.517666377960654,-0.1028995092467318
2025-10-13 02:00:00+00:00,0.5318431562572308,0.42321696689220933,0.4160863961496747,-0.031433568554314256,0.2962974987952975,-0.5391380680863052,-0.06619033923205274
2025-10-13 03:00:00+00:00,0.4670027031277959,0.33949185441876395,0.4160863961496747,0.06831134547284398,0.46523401396248765,-0.500977025492927,-0.09723007586674783
2025-10-13 04:00:00+00:00,0.39827607549074123,0.3284148918514552,0.322831998986291,0.1319257225342969,0.44865158504880465,-0.436273675285115,-0.07160493827159599
2025-10-13 05:00:00+00:00,0.3370682771700277,0.26848377470873624,0.322831998986291,0.15727568816919496,0.44865158504880465,-0.41544145312192693,-0.01544617446711885
2025-10-13 06:00:00+00:00,0.266234373583363,0.1891538405689032,0.22222222222238144,0.22793271635801365,0.44865158504880465,-0.37643222735123644,0.05580133812396615
2025-10-13 07:00:00+00:00,0.2169304578188451,0.1891538405689032,0.13267687999538275,0.3102646163045846,0.44865158504880465,-0.3371398231755731,0.07448717120312874
2025-10-13 08:00:00+00:00,0.2169304578188451,0.1891538405689032,0.09192771195545116,0.3489723173067329,0.44865158504880465,-0.3156836674856701,0.09317756533662082
2025-10-13 09:00:00+00:00,0.1931370047859724,0.2089817718927874,0.05438817504881565,0.3678758135130513,0.44865158504880465,-0.2940539534181168,0.10311832101392195
2025-10-13 10:00:00+00:00,0.1931370047859724,0.22891723564455171,-0.015240998561984841,0.38310741720519426,0.44865158504880465,-0.28169422278863754,0.13072921506066332
2025-10-13 11:00:00+00:00,0.15226594422192913,0.22891723564455171,-0.0902202783968603,0.40979151591634927,0.44971201491493235,-0.26919095102929275,0.15933395364093694
2025-10-13 12:00:00+00:00,0.15368749546188865,0.22558927217473296,-0.08349657214474708,0.41061319467491797,0.4016427173847782,-0.2961346812530619,0.15807936931124558
2025-10-13 13:00:00+00:00,0.15368749546188865,0.2225306501600933,-0.07728981596008414,0.4116720310555716,0.4016427173847782,-0.32236540359377647,0.15715888778714143
2025-10-13 14:00:00+00:00,0.1511296918620988,0.21972981055937593,-0.07149933152090646,0.41298004762124546,0.3663005490852146,-0.35611452975024344,0.15584423361059055
2025-10-13 15:00:00+00:00,0.1446609597787002,0.20496346062202073,-0.0916982111824911,0.41070489320681974,0.36419976588812863,-0.3840933655302262,0.15152662942018516
2025-10-13 16:00:00+00:00,0.1446609597787002,0.18035147422828335,-0.04392334743804795,0.3973934399175801,0.36419976588812863,-0.3840933655302262,0.13147521804647147
2025-10-13 17:00:00+00:00,0.1446609597787002,0.18035147422828335,0.003667928447820396,0.3840844163467502,0.39286236268328506,-0.39133667784121023,0.12155129002079894
2025-10-13 18:00:00+00:00,0.1446609597787002,0.1557800598476762,0.04710734969991461,0.3840844163467502,0.36419976588812863,-0.39133667784121023,0.11137162967248303
2025-10-13 19:00:00+00:00,0.16369265111805034,0.13116369051083712,0.12679578233577551,0.375673485033686,0.36419976588812863,-0.39133667784121023,0.11137162967248303
2025-10-13 20:00:00+00:00,0.18189790517720986,0.08975164187857591,0.15861653221567015,0.37254431333366206,0.36419976588812863,-0.39133667784121023,0.11137162967248303
2025-10-13 21:00:00+00:00,0.18189790517720986,0.006224160158712859,0.18806853782508526,0.37254431333366206,0.36419976588812863,-0.4055028076516335,0.09077491803871725
2025-10-13 22:00:00+00:00,0.18189790517720986,-0.08784669487592134,0.18806853782508526,0.3700330091000509,0.36419976588812863,-0.4196484328662405,0.06555255238766106
2025-10-13 23:00:00+00:00,0.18189790517720986,-0.12937300187376177,0.18806853782508526,0.3452284894373872,0.28949356926722314,-0.43379679319311426,0.06555255238766106
2025-10-14 00:00:00+00:00,0.21408773998601938,-0.15560400396883875,0.18806853782508526,0.3169056190707859,0.22465158571536203,-0.43379679319311426,0.03764058730227294
2025-10-14 01:00:00+00:00,0.21408773998601938,-0.2129092945831378,0.28192837899871265,0.3169056190707859,0.22465158571536203,-0.45824396558019626,-0.007905886309721234
2025-10-14 02:00:00+00:00,0.21408773998601938,-0.2632454146869329,0.28192837899871265,0.2744912419460607,0.22465158571536203,-0.4892317890994321,-0.04981216334534079
2025-10-14 03:00:00+00:00,0.21408773998601938,-0.2632454146869329,0.19254106978058885,0.2744912419460607,0.22465158571536203,-0.43566663274347256,0.008959339231482774
2025-10-14 04:00:00+00:00,0.2666658609880682,-0.16055648602710104,0.19254106978058885,0.31331472974784275,0.22465158571536203,-0.3833129573948994,0.08944569712770258
2025-10-14 05:00:00+00:00,0.2666658609880682,-0.10248781068865685,0.11718274177032517,0.33523577230377444,0.30309989318043257,-0.35372053161861794,0.12141854030788037
2025-10-14 06:00:00+00:00,0.2666658609880682,0.010024086747387176,0.11718274177032517,0.33523577230377444,0.30309989318043257,-0.32392714959406577,0.18381008527611067
2025-10-14 07:00:00+00:00,0.2666658609880682,0.12995300709325353,0.19254106978058885,0.33523577230377444,0.30309989318043257,-0.32392714959406577,0.22230054435979818
2025-10-14 08:00:00+00:00,0.2451399998644637,0.14766684563677318,0.18085809732027747,0.33547706258576265,0.28787187953314197,-0.3327651573105544,0.20897126177333017
2025-10-14 09:00:00+00:00,0.2451399998644637,0.14766684563677318,0.18085809732027747,0.3538740740070219,0.28787187953314197,-0.3327651573105544,0.24861233659662565
2025-10-14 10:00:00+00:00,0.25860353326446417,0.17540045351975214,0.21030394334580726,0.36823055999659554,0.28787187953314197,-0.3259952311979201,0.2716118763484838
2025-10-14 11:00:00+00:00,0.2913824901268811,0.2035407872282198,0.21030394334580726,0.36823055999659554,0.25914763507812794,-0.31930502040113234,0.30017993453087205
2025-10-14 12:00:00+00:00,0.2913824901268811,0.20024792691431897,0.21030394334580726,0.362030215904675,0.2779705689064244,-0.31930502040113234,0.29356150600912323
2025-10-14 13:00:00+00:00,0.2913824901268811,0.19739938951310787,0.20379691061958757,0.35667737793832255,0.2779705689064244,-0.3364980770527755,0.2910919659313101
2025-10-14 14:00:00+00:00,0.29790646790727415,0.19499096156563606,0.20379691061958757,0.3565696848182263,0.3013419062520249,-0.3364980770527755,0.2916460347020948
2025-10-14 15:00:00+00:00,0.29790646790727415,0.11796405108349832,0.2522751448603614,0.3412398383213127,0.3013419062520249,-0.30192787643372376,0.2832428557510218
2025-10-14 16:00:00+00:00,0.27717810274148447,0.08381091238782708,0.2522751448603614,0.325924324132133,0.3013419062520249,-0.2942461993773265,0.26753588389830424
2025-10-14 17:00:00+00:00,0.27717810274148447,0.04874774039196486,0.2819308213144767,0.31060000009324673,0.19055455940643884,-0.2942461993773265,0.24523647330934972
2025-10-14 18:00:00+00:00,0.27717810274148447,0.04874774039196486,0.2819308213144767,0.31060000009324673,0.19055455940643884,-0.2942461993773265,0.23882577811705782
2025-10-14 19:00:00+00:00,0.27717810274148447,0.07950079048208962,0.2522751448603614,0.3176717359286748,0.1464687312871983,-0.2760469044691617,0.23355833407336343
2025-10-14 20:00:00+00:00,0.27717810274148447,0.07950079048208962,0.2522751448603614,0.3210198967338985,0.09350843562069416,-0.25777181577770153,0.22822457086712003
2025-10-14 21:00:00+00:00,0.27717810274148447,0.07950079048208962,0.22104878561367244,0.3210198967338985,0.1464687312871983,-0.23937806844070988,0.22149465820745814
2025-10-14 22:00:00+00:00,0.2911541694798149,0.07950079048208962,0.2522751448603614,0.32101989673389847,0.1464687312871983,-0.22081957633042087,0.19873146988997226
2025-10-14 23:00:00+00:00,0.3114778342737155,0.07950079048208962,0.2522751448603614,0.33954648806314736,0.1464687312871983,-0.2020462040915194,0.16806695677637462
2025-10-15 00:00:00+00:00,0.27892171135680993,0.07950079048208962,0.19004159905728812,0.33954648806314736,0.1464687312871983,-0.16715022108397198,0.16806695677637462
2025-10-15 01:00:00+00:00,0.33157317842055,0.07950079048208962,0.10775688735634516,0.33954648806314736,0.1464687312871983,-0.08720815325388828,0.1208053734806885
2025-10-15 02:00:00+00:00,0.38903747874115807,0.07950079048208962,0.1787417147689092,0.33954648806314736,0.1464687312871983,0.002686764803381183,0.09877828722192838
2025-10-15 03:00:00+00:00,0.3434428412852165,0.1611156044160446,0.08710693963701295,0.33954648806314736,0.25779333258787507,-0.12353022548701674,0.12435479953417079
2025-10-15 04:00:00+00:00,0.29462944872625624,0.1611156044160446,0.08710693963701295,0.33954648806314736,0.25779333258787507,-0.2566586486701606,0.14857797744479298
2025-10-15 05:00:00+00:00,0.29462944872625624,0.20978382792728828,0.08710693963701295,0.33954648806314736,0.25779333258787507,-0.33362716420993244,0.16370176721468024
2025-10-15 06:00:00+00:00,0.29462944872625624,0.20978382792728828,0.08710693963701295,0.3181666550581158,0.25779333258787507,-0.4091580034476403,0.11393692625416228
2025-10-15 07:00:00+00:00,0.29462944872625624,0.15405598384660832,-0.03696282989937715,0.2890210732421605,0.3364595182240811,-0.4411587164280941,0.11393692625416228
2025-10-15 08:00:00+00:00,0.24358389806682307,0.15405598384660832,-0.03696282989937715,0.25721092280837005,0.3364595182240811,-0.47258915202764257,0.11393692625416228
2025-10-15 09:00:00+00:00,0.24358389806682307,0.15405598384660832,-0.03696282989937715,0.24090590812521434,0.3672941705454269,-0.48299148793625607,0.1049036924470424
2025-10-15 10:00:00+00:00,0.22952070561445595,0.15405598384660832,-0.03696282989937715,0.22773233030448117,0.3985918331997362,-0.4951684510801064,0.1049036924470424
2025-10-15 11:00:00+00:00,0.21516598400255033,0.15405598384660832,-0.03696282989937715,0.214728042203362,0.3985918331997362,-0.5087476007985395,0.09737477665944345
2025-10-15 12:00:00+00:00,0.21516598400255033,0.15405598384660832,-0.03189099154901795,0.22016305164273633,0.3985918331997362,-0.4723160374588542,0.09900416840949483
2025-10-15 13:00:00+00:00,0.21153185329960242,0.15405598384660832,-0.03189099154901795,0.22614487372380418,0.3985918331997362,-0.44283167293954534,0.09900416840949483
2025-10-15 14:00:00+00:00,0.2085144140570952,0.15405598384660832,-0.03189099154901795,0.22802386773768488,0.3985918331997362,-0.4078901731128612,0.09828078363146828
2025-10-15 15:00:00+00:00,0.2085144140570952,0.19128920880411387,-0.03189099154901795,0.24461951290569878,0.3985918331997362,-0.3516093137982297,0.08827951730007065
2025-10-15 16:00:00+00:00,0.2333348703642385,0.19128920880411387,-0.03189099154901795,0.26136656682328774,0.3985918331997362,-0.3516093137982297,0.08827951730007065
2025-10-15 17:00:00+00:00,0.2518945761869074,0.22106231741790208,-0.03189099154901795,0.2782905894456339,0.45770504329507045,-0.33813980960410334,0.0978246336528455
2025-10-15 18:00:00+00:00,0.2700066058132348,0.24036146723101356,-0.06981867869882352,0.2644735593445521,0.45770504329507045,-0.3293786411843946,0.0978246336528455
2025-10-15 19:00:00+00:00,0.2700066058132348,0.24036146723101356,-0.03189099154901795,0.23943797348172935,0.45770504329507045,-0.3293786411843946,0.08912431661846902
2025-10-15 20:00:00+00:00,0.2700066058132348,0.2498179074727951,-0.03189099154901795,0.21952132028148433,0.45770504329507045,-0.3293786411843946,0.08013446404165211
2025-10-15 21:00:00+00:00,0.2700066058132348,0.262613494322298,-0.03189099154901795,0.1982890926385085,0.38586457878280733,-0.3293786411843946,0.08013446404165211
2025-10-15 22:00:00+00:00,0.2700066058132348,0.262613494322298,-0.06981867869882352,0.18526991874526574,0.3263132765423266,-0.3293786411843946,0.09088932591463898
2025-10-15 23:00:00+00:00,0.24579944960097025,0.262613494322298,-0.03382550457461005,0.20555149607213796,0.3263132765423266,-0.33813980960410334,0.11662195920184121
2025-10-16 00:00:00+00:00,0.4045637019752756,0.36359453452621227,0.15269853384048884,0.36073955268317415,0.4156764361263447,-0.2375640404732336,0.2647866235215598
2025-10-16 01:00:00+00:00,0.556795186596765,0.4908218861739644,0.4193086101690424,0.5400015826114118,0.4361454588221135,-0.15899739302298957,0.44289472565774124
2025-10-16 02:00:00+00:00,0.7125722230758236,0.6328763875133921,0.48991246469689076,0.726860101380068,0.42732679156887365,-0.11558718379746637,0.6005106030503898
2025-10-16 03:00:00+00:00,0.7045062561911383,0.6247149893813987,0.5044442810180663,0.7075079042106404,0.35058479572971246,-0.12635036281638587,0.5880528484092965
2025-10-16 04:00:00+00:00,0.675943543524486,0.597159499195049,0.4326789733636934,0.6569344101232515,0.4542359727015526,-0.14818621449363029,0.5358270558005672
2025-10-16 05:00:00+00:00,0.6544015237953701,0.5768630871031065,0.44109613020546534,0.6343565423535323,0.4400741817137598,-0.13294542069538426,0.5094492585478168
2025-10-16 06:00:00+00:00,0.6328428634745874,0.566058135855994,0.4507145920736908,0.6198799075954338,0.5189372069939304,-0.11571137082825028,0.5280759658584198
2025-10-16 07:00:00+00:00,0.6616522868750607,0.5964029794363678,0.5725091787248918,0.6697051466053647,0.5096787124321805,-0.10715282345684898,0.600446336190423
2025-10-16 08:00:00+00:00,0.7196201191183595,0.6298557609921765,0.5929010657118954,0.7812246633300495,0.6092391039677953,-0.09828721869347426,0.6625559064609958
2025-10-16 09:00:00+00:00,0.7343651515120203,0.6477178242824262,0.5613198653803915,0.8415634538328769,0.5992624313856395,-0.06793392288427176,0.6969380303244898
2025-10-16 10:00:00+00:00,0.7238722211504692,0.639661752662416,0.5528746320257811,0.8665977015460529,0.5778841114395081,-0.04257377799231307,0.698525374047456
2025-10-16 11:00:00+00:00,0.7214719320558537,0.6323007543418171,0.5594265649738595,0.8937796890464892,0.6136828643128236,-0.010330661885075787,0.7001349500964038
2025-10-16 12:00:00+00:00,0.7214719320558537,0.6323007543418171,0.5594265649738595,0.8953075917321341,0.6125659416804841,-0.0147149016008794,0.7031335452916045
2025-10-16 13:00:00+00:00,0.7285795331348788,0.6076777412387658,0.6013710809357646,0.8780142885573705,0.6419444090864953,0.038468652405684076,0.6965107615730536
2025-10-16 14:00:00+00:00,0.7527065704719703,0.5848850821744228,0.620103114476353,0.8847660965542852,0.6712018663513002,0.09136990916946311,0.6881427022844405
2025-10-16 15:00:00+00:00,0.7842137625246325,0.5848850821744228,0.620103114476353,0.8847660965542852,0.6185797132320925,0.07267132096622468,0.6881427022844405
2025-10-16 16:00:00+00:00,0.6877451252771232,0.5186623846526077,0.5725705645655953,0.7343127649393941,0.407285675932607,0.26971780998197775,0.5759425981768613
2025-10-16 17:00:00+00:00,0.5247403059410441,0.4452178568436461,0.3751628664574726,0.6167731595986349,0.3823094679783082,0.4135242356408628,0.4466248618279147
2025-10-16 18:00:00+00:00,0.38415823141639216,0.29708022249179233,0.25614228331922145,0.45656357821453997,0.20471259193595812,0.503806725046177,0.2948902645960868
2025-10-16 19:00:00+00:00,0.29620033925037986,0.16448844859404096,0.20311111592573863,0.3731712513328287,0.08279209869919463,0.5724949599930634,0.19534413722329275
2025-10-16 20:00:00+00:00,0.2078827380559309,0.00811112046683895,0.13537795864833208,0.23723732309652482,-0.04218662455426099,0.6415462986899954,0.09429858410554443
2025-10-16 21:00:00+00:00,0.11711336262986842,-0.22238243188877557,0.08512565307593935,0.09009252749352989,-0.05589442199177116,0.7103355960669002,0.0
2025-10-16 22:00:00+00:00,0.021290762696933353,-0.2853756122171364,0.04786805185115234,-0.018135166394196708,-0.05656100153079956,0.7906304228304263,-0.022624400612243755
2025-10-16 23:00:00+00:00,0.03147809996270882,-0.2947169761526769,0.0216658742718861,-0.08220520826105712,-0.04377346993578048,0.9481307875657538,0.036307446089249185
2025-10-17 00:00:00+00:00,-0.011942920142519457,-0.34448618940303577,-0.06453379836084228,-0.13074173809769982,-0.0679411387038235,0.9607301646091189,-0.012670629654556495
2025-10-17 01:00:00+00:00,-0.08353770064099889,-0.39287121706038386,-0.07102042393908084,-0.2016256272285976,-0.16252721107431692,0.948673643371989,-0.07164381265567042
2025-10-17 02:00:00+00:00,-0.13361409866752147,-0.44761703590308916,-0.12555057999069907,-0.25292743970084103,-0.19349930336398888,0.9376030684940979,-0.13101012844763346
2025-10-17 03:00:00+00:00,-0.1849671183593405,-0.5098509247854961,-0.13305910768404947,-0.2796824455354574,-0.22540915960351313,0.9393114240087801,-0.1769356528823267
2025-10-17 04:00:00+00:00,-0.1849671183593405,-0.523672149161609,-0.1361813099291885,-0.271163276833844,-0.22540915960351313,0.931632851232882,-0.1769356528823267
2025-10-17 05:00:00+00:00,-0.23095754620710188,-0.5560753434945476,-0.14962179885205978,-0.2925048485422997,-0.25093050058660576,0.9173337116681942,-0.2100680311775594
2025-10-17 06:00:00+00:00,-0.27586862953461605,-0.56690487923346,-0.15844431990610808,-0.2984534480991438,-0.2760262237372273,0.904766780752941,-0.17828739558034967
2025-10-17 07:00:00+00:00,-0.26546177527442005,-0.582263774297384,-0.18336553463449254,-0.3066185262988516,-0.3008015276350005,0.9013319682266465,-0.1379755570041066
2025-10-17 08:00:00+00:00,-0.2589312896872811,-0.5714667462177917,-0.14032321786135057,-0.2945339609474807,-0.2608656586055333,0.9113454948995243,-0.1010859668778688
2025-10-17 09:00:00+00:00,-0.2826251660010658,-0.5714667462177917,-0.14032321786135057,-0.2945339609474807,-0.2608656586055333,0.9140822569456041,-0.1010859668778688
2025-10-17 10:00:00+00:00,-0.35779486038914465,-0.570900693475517,-0.22998646241434423,-0.30874281059396513,-0.28120236731330994,0.903119169420302,-0.07571336904641193
2025-10-17 11:00:00+00:00,-0.4350634718685265,-0.5715739957169306,-0.30018309431059687,-0.30682462041965414,-0.30079686171440484,0.9009599686976907,-0.09221539717805727
2025-10-17 12:00:00+00:00,-0.47899249354353446,-0.5955210293650399,-0.34323031668426507,-0.30559051493504397,-0.3197775317326748,0.9138005102786244,-0.08868215539309617
2025-10-17 13:00:00+00:00,-0.5470281690061864,-0.6237623762381079,-0.29259945966703355,-0.2988300793305464,-0.27383283499096134,0.926046966423658,-0.08377908894695316
2025-10-17 14:00:00+00:00,-0.6127550399533064,-0.6479877381054431,-0.24708982716264788,-0.31981062154084905,-0.23255782512858283,0.9397471891417134,-0.07952171679747759
2025-10-17 15:00:00+00:00,-0.6289930208588249,-0.6362766630470588,-0.24423288594689466,-0.37410390843036456,-0.24819613217868802,0.946779843851947,-0.07577601752845253
2025-10-17 16:00:00+00:00,-0.5893901826644152,-0.5925568289253084,-0.32536242173506363,-0.3409011177530873,-0.24819613217868802,0.9522644941863806,-0.054721168506637385
2025-10-17 17:00:00+00:00,-0.5621155165764444,-0.5495771498239014,-0.32536242173506363,-0.3409011177530873,-0.24819613217868802,0.9522644941863806,-0.054721168506637385
2025-10-17 18:00:00+00:00,-0.5621155165764444,-0.516919902107791,-0.32536242173506363,-0.3409011177530873,-0.24819613217868802,0.9522644941863806,-0.054721168506637385
2025-10-17 19:00:00+00:00,-0.5621155165764444,-0.5124024326541262,-0.3671940368174804,-0.35654092743622245,-0.24819613217868802,0.9491729575259852,-0.054721168506637385
2025-10-17 20:00:00+00:00,-0.5621155165764444,-0.4943698501224147,-0.4087273644575437,-0.3624807324364258,-0.1791723436580365,0.9468059594471488,-0.054721168506637385
2025-10-17 21:00:00+00:00,-0.5621155165764444,-0.5078764086936047,-0.3671940368174804,-0.3624807324364258,-0.1094761103008649,0.9468059594471488,-0.06603808193446
2025-10-17 22:00:00+00:00,-0.5621155165764444,-0.5131859551954666,-0.3671940368174804,-0.3624807324364258,-0.03747658445002093,0.9468059594471488,-0.07746479512602704
2025-10-17 23:00:00+00:00,-0.5003684904111583,-0.4843253934788646,-0.191038566044549,-0.3388085188969047,0.03886793853843319,0.9468059594471488,-0.017328958003014122
2025-10-18 00:00:00+00:00,-0.4095844874453199,-0.41209639041382273,-0.14346340804811297,-0.38755634951770307,0.03886793853843319,0.9468059594471488,-0.04227928930815928
2025-10-18 01:00:00+00:00,-0.3702345633507851,-0.36091043383439514,-0.12920301444130367,-0.4115867224269154,0.03886793853843319,0.9468059594471488,-0.05079109146827673
2025-10-18 02:00:00+00:00,-0.3381383660020785,-0.3212947822151827,-0.14346340804811297,-0.4391013909617072,0.018738292224704814,0.9474003172829921,-0.05499235642736792
2025-10-18 03:00:00+00:00,-0.31117021345419515,-0.2891650216062127,-0.14346340804811297,-0.471134204512207,0.018738292224704814,0.9372676935688453,-0.06440872249873084
2025-10-18 04:00:00+00:00,-0.2879848567096474,-0.2621999423166091,-0.14346340804811297,-0.52756215036044,0.018738292224704814,0.9292603106255702,-0.06933127499545758
2025-10-18 05:00:00+00:00,-0.2963633545117971,-0.2787944968030112,-0.14346340804811297,-0.5283046554767462,0.05473805515043245,0.9348681990214308,-0.06933127499545758
2025-10-18 06:00:00+00:00,-0.3051120019942541,-0.290508160345464,-0.12032683039405163,-0.5283046554767462,0.0895861718293105,0.9351051699060366,-0.06933127499545758
2025-10-18 07:00:00+00:00,-0.3286430250462991,-0.2787944968030112,-0.09841833239777224,-0.5194312686418593,0.0895861718293105,0.9376890172345488,-0.06933127499545758
2025-10-18 08:00:00+00:00,-0.3286430250462991,-0.2787944968030112,-0.09841833239777224,-0.5010863854880901,0.0895861718293105,0.9201690218058036,-0.06933127499545758
2025-10-18 09:00:00+00:00,-0.31268505886643,-0.2861266098333217,-0.08642240913530748,-0.455748455594833,0.11867128772006906,0.9230227913155481,-0.03140978655759564
2025-10-18 10:00:00+00:00,-0.3004736228993038,-0.29751639970416993,-0.051058301274771685,-0.44824693411794986,0.09402875760815498,0.9231417681576108,-0.04097359281308861
2025-10-18 11:00:00+00:00,-0.27968682325293476,-0.29751639970416993,0.0,-0.4222022717416016,0.09402875760815498,0.9408089183281948,-0.006843147986967548
2025-10-18 12:00:00+00:00,-0.27968682325293476,-0.29751639970416993,0.05254214420772353,-0.3960697144055892,0.09402875760815498,0.9424646944982489,0.010247386289001204
2025-10-18 13:00:00+00:00,-0.28568049188214795,-0.2942020200455243,0.03139122282096064,-0.36454014729969736,0.06716855373740502,0.9496066256306646,0.031453834466568145
2025-10-18 14:00:00+00:00,-0.3360342641896481,-0.254287281942823,0.008542849114913443,-0.3289109152119331,0.03822043717553347,0.9630030631589521,0.05539394070694743
2025-10-18 15:00:00+00:00,-0.37957134697035794,-0.254287281942823,0.008542849114913443,-0.22989957545279605,0.03822043717553347,0.9695980238344508,0.08578310156695294
2025-10-18 16:00:00+00:00,-0.3458499897583663,-0.20338780325137948,0.008542849114913443,-0.2812221863058944,0.03822043717553347,0.9673796882387906,0.06083913219411046
2025-10-18 17:00:00+00:00,-0.3458499897583663,-0.20338780325137948,0.008542849114913443,-0.2812221863058944,-0.07541752331417421,0.9673796882387906,0.03550079997622673
2025-10-18 18:00:00+00:00,-0.3200375532763176,-0.20338780325137948,0.08660687083031123,-0.2812221863058944,-0.07541752331417421,0.9673796882387906,0.03550079997622673
2025-10-18 19:00:00+00:00,-0.32003755327631767,-0.18424508614353596,0.08660687083031123,-0.24996198136231662,-0.012740145725177824,0.9673796882387906,0.03550079997622673
2025-10-18 20:00:00+00:00,-0.32003755327631767,-0.20338780325137948,0.08660687083031123,-0.23693916727901415,-0.07541752331417421,0.9673796882387906,0.04977747179512072
2025-10-18 21:00:00+00:00,-0.32003755327631767,-0.20338780325137948,0.08660687083031123,-0.23693916727901415,-0.07541752331417421,0.9673796882387906,0.04977747179512072
2025-10-18 22:00:00+00:00,-0.32003755327631767,-0.20338780325137948,0.08660687083031123,-0.23693916727901415,-0.011339501179519403,0.9673796882387906,0.06404300484941586
2025-10-18 23:00:00+00:00,-0.33867408990805153,-0.20338780325137948,0.0,-0.2648424001333236,-0.011339501179519403,0.9673796882387906,0.0513905494955693
2025-10-19 00:00:00+00:00,-0.3912735338081144,-0.23812952476988558,0.0,-0.2648424001333236,0.04179992280957862,0.9673796882387906,0.038117048691284135
2025-10-19 01:00:00+00:00,-0.40277465591895495,-0.19563658911857826,-0.04792742759358881,-0.23377489581759003,0.005086112080910118,0.9739096625468158,0.07732435331657848
2025-10-19 02:00:00+00:00,-0.4181818976305164,-0.19563658911857826,-0.056784462153371816,-0.23377489581759003,0.005086112080910118,0.9739096625468158,0.07732435331657848
2025-10-19 03:00:00+00:00,-0.4181818976305164,-0.19563658911857826,-0.056784462153371816,-0.23377489581759003,-0.0033607607686213536,0.9739096625468158,0.07736490830280696
2025-10-19 04:00:00+00:00,-0.4181818976305164,-0.19563658911857826,-0.056784462153371816,-0.25187928200958404,-0.01170102385946271,0.9739096625468158,0.07736490830280696
2025-10-19 05:00:00+00:00,-0.41729980731456806,-0.18411736152395805,-0.021935240401056093,-0.2580631966819775,-0.01170102385946271,0.9796864050806083,0.10818961355395773
2025-10-19 06:00:00+00:00,-0.40998655268431994,-0.18411736152395805,-0.021935240401056093,-0.2437080394455778,-0.01170102385946271,0.9796864050806083,0.11583721754753379
2025-10-19 07:00:00+00:00,-0.39549339380346604,-0.18411736152395805,-0.021935240401056093,-0.1948573514125371,0.0200240432865964,0.9778451121195232,0.11583721754753379
2025-10-19 08:00:00+00:00,-0.3677924534809602,-0.18411736152395805,-0.056784462153371816,-0.1701993880797436,0.0200240432865964,0.9778451121195232,0.11583721754753379
2025-10-19 09:00:00+00:00,-0.3635056393415017,-0.19389866649617046,0.0,-0.19125747163899162,0.0,0.9704459062279975,0.09038741156752589
2025-10-19 10:00:00+00:00,-0.34094007382447494,-0.19389866649617046,0.08478230418544054,-0.17564625337101333,0.03759717327994088,0.9632445672650907,0.09038741156752589
2025-10-19 11:00:00+00:00,-0.30769317845723293,-0.19389866649617046,0.18045872724123857,-0.17564625337101333,0.03759717327994088,0.9689425859688372,0.09038741156752589
2025-10-19 12:00:00+00:00,-0.23650246692286414,-0.15169449154779716,0.18045872724123857,-0.21467675388070037,0.12107322793745727,0.9689425859688372,0.09038741156752589
2025-10-19 13:00:00+00:00,-0.166638655323448,-0.10887981954364334,0.18045872724123857,-0.25240159212369373,0.12107322793745727,0.9689425859688372,0.09038741156752589
2025-10-19 14:00:00+00:00,-0.024932556557879786,-0.1641328975916857,0.19103921261961088,-0.2468271305032025,0.012582420797810929,0.9685995771279613,0.09112401010633434
2025-10-19 15:00:00+00:00,0.024447362205133178,-0.1641328975916857,0.19103921261961088,-0.2468271305032025,0.012582420797810929,0.9685995771279613,0.05962779752577984
2025-10-19 16:00:00+00:00,-0.05439067028838566,-0.216893792163847,0.19103921261961088,-0.2468271305032025,0.1076244005002016,0.9692970027488209,0.03452272191226214
2025-10-19 17:00:00+00:00,-0.09188663612142947,-0.26342724267779266,0.19103921261961088,-0.2468271305032025,0.1076244005002016,0.9685995771279613,0.03452272191226214
2025-10-19 18:00:00+00:00,-0.1279634423672879,-0.26342724267779266,0.08378548215483352,-0.2468271305032025,0.1076244005002016,0.961872238282765,0.03452272191226214
2025-10-19 19:00:00+00:00,-0.15257424575050324,-0.27945709554948867,0.0650256088768383,-0.2554155212450132,0.0348756112657072,0.9582011616533599,0.00724134034847528
2025-10-19 20:00:00+00:00,-0.15257424575050324,-0.27945709554948867,0.0650256088768383,-0.2554155212450132,0.0348756112657072,0.9582011616533599,0.00724134034847528
2025-10-19 21:00:00+00:00,-0.15257424575050324,-0.2659003959807123,0.008344350513635603,-0.2554155212450132,0.0348756112657072,0.9582011616533599,0.00724134034847528
2025-10-19 22:00:00+00:00,-0.15257424575050324,-0.25197423439558864,0.0650256088768383,-0.2554155212450132,-0.015729026546353164,0.9582011616533599,0.00724134034847528
2025-10-19 23:00:00+00:00,-0.17148284097559102,-0.25197423439558864,0.008344350513635603,-0.2322228456233,-0.015729026546353164,0.9582011616533599,0.019388023880819505
2025-10-20 00:00:00+00:00,-0.17148284097559102,-0.25197423439558864,-0.06225728063650101,-0.19857425042866375,-0.08352690695850985,0.9528672369722918,0.04172175256670697
2025-10-20 01:00:00+00:00,-0.18719176927331843,-0.3206033189198908,-0.01645491513390786,-0.21262162778153357,-0.05073651776264989,0.9285725018130588,0.009087455632512774
2025-10-20 02:00:00+00:00,-0.19597389801550183,-0.3445648106632605,0.0035525155518472407,-0.18752332837523034,-0.03879206477645953,0.9213031408205448,0.012624563946796095
2025-10-20 03:00:00+00:00,-0.22015509198089114,-0.38859389111480014,0.0035525155518472407,-0.16765159627741583,-0.013821123576099936,0.9202461145872504,0.01092124978252536
2025-10-20 04:00:00+00:00,-0.25191341148410545,-0.4507399654351431,0.0035525155518472407,-0.1512856418640741,-0.003980274870385995,0.9194473719819801,0.012688378492975423
2025-10-20 05:00:00+00:00,-0.24760477174427084,-0.4413174132570755,-0.030006266669402315,-0.1512856418640741,-0.07292861667058176,0.9031846656154309,-0.009656243692161417
2025-10-20 06:00:00+00:00,-0.24760477174427084,-0.43321685434584545,-0.030006266669402315,-0.1726917431814049,-0.10979808746383937,0.8878324784977968,-0.024774471425576688
2025-10-20 07:00:00+00:00,-0.23122476080159118,-0.39508038115596705,-0.030006266669402315,-0.23206687896838474,-0.1490189546824754,0.8747735966385249,-0.03263825393875478
2025-10-20 08:00:00+00:00,-0.23122476080159118,-0.39508038115596705,0.0035525155518472407,-0.26748356473739787,-0.19152128383803468,0.8636710456415961,-0.04071068771136801
2025-10-20 09:00:00+00:00,-0.23122476080159118,-0.3598383766056956,0.0035525155518472407,-0.28462276474273945,-0.23859626943320436,0.8730441202135439,-0.05723940035030034
2025-10-20 10:00:00+00:00,-0.23823007201855467,-0.360518341837425,0.020846909961266348,-0.26965100406656334,-0.24140227479279158,0.8758909422512915,-0.07981709201516755
2025-10-20 11:00:00+00:00,-0.2025079349617105,-0.360518341837425,0.020846909961266348,-0.2981061067686078,-0.24140227479279158,0.8618626622477208,-0.11388694899591835
2025-10-20 12:00:00+00:00,-0.2025079349617105,-0.29579342529272973,0.08627959628150894,-0.3219537259002887,-0.24140227479279158,0.8525863124988646,-0.14821856928386964
2025-10-20 13:00:00+00:00,-0.1626903669563971,-0.23372319715325274,0.14322297480797286,-0.2936785423677566,-0.24140227479279158,0.8600083666907786,-0.16597415943296465
2025-10-20 14:00:00+00:00,-0.1626903669563971,-0.0527290449178242,0.28877514330562837,-0.2936785423677566,-0.10427819911721617,0.8683277167543011,-0.16597415943296465
2025-10-20 15:00:00+00:00,-0.10725319349777662,-0.0527290449178242,0.446025775087815,-0.2936785423677566,-0.10427819911721617,0.895143592549869,-0.11069339868854332
2025-10-20 16:00:00+00:00,-0.15041420939915404,-0.13123103438510608,0.446025775087815,-0.2936785423677566,-0.20180183819902528,0.8952939210958664,-0.11069339868854332
2025-10-20 17:00:00+00:00,-0.15041420939915404,-0.13123103438510608,0.3670584895246285,-0.3243548832936991,-0.20180183819902528,0.895143592549869,-0.0904040395198348
2025-10-20 18:00:00+00:00,-0.15041420939915404,-0.13123103438510608,0.21590774680498098,-0.3495699103174384,-0.20180183819902528,0.9132211818881607,-0.0695150857012689
2025-10-20 19:00:00+00:00,-0.15041420939915404,-0.13123103438510608,0.09111010628096938,-0.39268688188586204,-0.20180183819902528,0.9316239316245335,-0.0695150857012689
2025-10-20 20:00:00+00:00,-0.15041420939915404,-0.13123103438510608,0.059842700745788464,-0.3970501200306263,-0.20180183819902528,0.9335775433582861,-0.08063062984195649
2025-10-20 21:00:00+00:00,-0.16875163317500666,-0.16343011261510765,0.0,-0.3970501200306263,-0.20180183819902528,0.9364417103718792,-0.08063062984195649
2025-10-20 22:00:00+00:00,-0.16875163317500666,-0.16343011261510765,-0.028909462615511673,-0.38808492355632723,-0.13465177983648732,0.9401201007461474,-0.056407631715997955
2025-10-20 23:00:00+00:00,-0.16875163317500666,-0.16343011261510765,-0.028909462615511673,-0.38808492355632723,-0.13465177983648732,0.9445336903176327,-0.056407631715997955
2025-10-21 00:00:00+00:00,-0.16875163317500666,-0.16343011261510765,-0.028909462615511673,-0.38808492355632723,-0.13465177983648732,0.936327548448884,-0.056407631715997955
2025-10-21 01:00:00+00:00,-0.16875163317500666,-0.16343011261510765,-0.04406701122410502,-0.38808492355632723,-0.13465177983648732,0.936327548448884,-0.049034246035033875
2025-10-21 02:00:00+00:00,-0.16875163317500666,-0.16343011261510765,-0.06325961245737702,-0.38808492355632723,-0.1165103456071687,0.9271201969286245,-0.049034246035033875
2025-10-21 03:00:00+00:00,-0.16875163317500666,-0.16343011261510765,-0.07339461896255821,-0.4015812777964529,-0.13465177983648732,0.9233516074826708,-0.049034246035033875
2025-10-21 04:00:00+00:00,-0.16875163317500666,-0.16343011261510765,-0.08484411941864661,-0.41629072341526646,-0.13465177983648732,0.928381195259221,-0.049034246035033875
2025-10-21 05:00:00+00:00,-0.16875163317500666,-0.16343011261510765,-0.06537204504610125,-0.41629072341526646,0.07196814004273973,0.16485515733113093,0.03465081939745847
2025-10-21 06:00:00+00:00,-0.14518704881561045,-0.16343011261510765,-0.04091083219233645,-0.41629072341526646,0.07196814004273973,0.16400558411571522,0.028962893152572645
2025-10-21 07:00:00+00:00,-0.10970680682685066,-0.18818982808460066,0.007785697264455644,-0.4025126864968474,0.07196814004273973,0.16400558411571522,0.028962893152572645
2025-10-21 08:00:00+00:00,-0.0924500327041463,-0.18818982808460066,0.052548465466491896,-0.3870043230174428,0.08032450748094051,0.16400558411571522,0.02334173167297865
2025-10-21 09:00:00+00:00,-0.062368381695507014,-0.21357442517237665,0.075993458764639,-0.37204094360139384,0.08032450748094051,0.1631677513707601,0.028962893152572645
2025-10-21 10:00:00+00:00,-0.031540172280372196,-0.21357442517237665,0.075993458764639,-0.37204094360139384,0.08032450748094051,0.16127173403398917,0.028962893152572645
2025-10-21 11:00:00+00:00,-0.031540172280372196,-0.21357442517237665,0.13112273001063565,-0.37204094360139384,0.08032450748094051,0.16127173403398917,0.028962893152572645
2025-10-21 12:00:00+00:00,0.0,-0.21357442517237665,0.17841031003512597,-0.32669823621752925,0.08032450748094051,0.16127173403398917,0.028962893152572645
2025-10-21 13:00:00+00:00,0.030586355374363227,-0.21357442517237665,0.22311398382869566,-0.32669823621752925,0.08032450748094051,0.16127173403398917,0.015542686383084254
2025-10-21 14:00:00+00:00,0.1194630125161174,-0.21357442517237665,0.22311398382869566,-0.32669823621752925,0.08032450748094051,0.16127173403398917,-0.005474621078201999
2025-10-21 15:00:00+00:00,0.1642880193636055,-0.12273249657701123,0.22311398382869566,-0.36767029448150673,0.11070148180609904,0.16127173403398917,-0.06903802815487918
2025-10-21 16:00:00+00:00,0.12508035675174725,-0.12273249657701123,0.09281689935481771,-0.36767029448150673,0.11070148180609904,0.16127173403398917,-0.034677205382226545
2025-10-21 17:00:00+00:00,0.05009159724222669,-0.12273249657701123,-0.032713294970451647,-0.3353820558858206,0.11070148180609904,0.16127173403398917,-0.017312576464548476
2025-10-21 18:00:00+00:00,-0.01850976082688097,-0.12273249657701123,-0.08673761991807766,-0.27383459200809684,0.1351067802727158,0.16127173403398917,-0.017312576464548476
2025-10-21 19:00:00+00:00,-0.11066372489506349,-0.18490006540852758,-0.13584756645493296,-0.24786324786335306,0.1351067802727158,0.16127173403398917,0.0002732667916980127
2025-10-21 20:00:00+00:00,-0.17252065682201181,-0.18490006540852758,-0.18509847129957158,-0.24786324786335306,0.1351067802727158,0.16001068587161396,0.01024836356671724
2025-10-21 21:00:00+00:00,-0.21751657923525403,-0.18490006540852758,-0.18509847129957158,-0.24786324786335306,0.12168240994557569,0.15874910620689608,0.020442029171868888
2025-10-21 22:00:00+00:00,-0.2644104022452887,-0.18490006540852758,-0.24482057314395353,-0.2616090487687655,0.10900602936701131,0.15748698399758726,0.030400569785943344
2025-10-21 23:00:00+00:00,-0.29022966998431743,-0.22367995119447953,-0.3080510391504132,-0.23980048687257038,0.10900602936701131,0.15748698399758726,0.030400569785943344
2025-10-22 00:00:00+00:00,-0.3078100505503417,-0.16724840200152521,-0.40417013797701173,-0.23980048687257038,0.10900602936701131,0.15748698399758726,0.03969581327385289
2025-10-22 01:00:00+00:00,-0.3266054296414809,-0.16724840200152521,-0.42700841014716556,-0.23980048687257038,0.10900602936701131,0.15748698399758726,0.040789169267522574
2025-10-22 02:00:00+00:00,-0.33589409833260825,-0.16724840200152521,-0.453393975927074,-0.25331222122311153,0.10732043087412263,0.157285074131412,0.042001864289784696
2025-10-22 03:00:00+00:00,-0.3458147122956897,-0.16724840200152521,-0.453393975927074,-0.25331222122311153,0.10732043087412263,0.15708345850512867,0.04333372646997965
2025-10-22 04:00:00+00:00,-0.3564477855583379,-0.16724840200152521,-0.48440448515288403,-0.25331222122311153,0.10732043087412263,0.1568717936305345,0.04333372646997965
2025-10-22 05:00:00+00:00,-0.3538057069867719,-0.16724840200152521,-0.4710557197662848,-0.25331222122311153,-0.011837013737148258,0.8966438664966595,-0.03800743117935177
2025-10-22 06:00:00+00:00,-0.3484785400366634,-0.14648113068413537,-0.41036467732905063,-0.25331222122311153,-0.011837013737148258,0.9094028838151527,-0.03800743117935177
2025-10-22 07:00:00+00:00,-0.33761524722786695,-0.12591415580871493,-0.37313854684378206,-0.25331222122311153,0.023357091793367722,0.9094028838151527,-0.03800743117935177
2025-10-22 08:00:00+00:00,-0.2994923912816239,-0.12591415580871493,-0.33968311024358966,-0.25331222122311153,0.023357091793367722,0.9082204746698905,-0.030458331923985196
2025-10-22 09:00:00+00:00,-0.2898007113658737,-0.10543268742896598,-0.2937996968869918,-0.25331222122311153,0.023357091793367722,0.9078412990037795,-0.03800743117935177
2025-10-22 10:00:00+00:00,-0.2731154967997528,-0.10543268742896598,-0.09793323229566395,-0.2820512820514865,0.023357091793367722,0.9241341157678027,-0.03800743117935177
2025-10-22 11:00:00+00:00,-0.2731154967997528,-0.10543268742896598,0.04674463943062162,-0.2820512820514865,0.023357091793367722,0.9241341157678027,-0.03800743117935177
2025-10-22 12:00:00+00:00,-0.254205833574541,-0.1538950793218908,0.13220103367231506,-0.2820512820514865,0.023357091793367722,0.9273811698542137,-0.054545727236396044
2025-10-22 13:00:00+00:00,-0.23343356974199622,-0.1538950793218908,0.21018462318447814,-0.2820512820514865,0.023357091793367722,0.9273811698542137,-0.037808264230265426
2025-10-22 14:00:00+00:00,-0.23343356974199622,-0.1538950793218908,0.32956787381683295,-0.2820512820514865,0.023357091793367722,0.9273811698542137,-0.037808264230265426
2025-10-22 15:00:00+00:00,-0.17112987867945703,-0.1538950793218908,0.47177002398380885,-0.23613851130953595,0.023357091793367722,0.9273811698542137,-0.037808264230265426
2025-10-22 16:00:00+00:00,-0.19633275263172076,-0.1538950793218908,0.3545493092108529,-0.23613851130953595,0.023357091793367722,0.9273811698542137,-0.05857371523837517
2025-10-22 17:00:00+00:00,-0.19633275263172076,-0.1538950793218908,0.23119281988533935,-0.27157680570048215,0.023357091793367722,0.9218899679680257,-0.05857371523837517
2025-10-22 18:00:00+00:00,-0.21983434114472186,-0.20846726125284842,0.12615166006163875,-0.30644960079754446,-0.08110526598005659,0.9218899679680257,-0.05857371523837517
2025-10-22 19:00:00+00:00,-0.20645263883313672,-0.17692023338425397,0.07655005507910452,-0.2895511809223904,-0.057777522651612186,0.9185419594918932,-0.03021578850376091
2025-10-22 20:00:00+00:00,-0.19626135351699783,-0.17692023338425397,0.024407655650846523,-0.2895511809223904,-0.057777522651612186,0.9185419594918932,-0.03021578850376091
2025-10-22 21:00:00+00:00,-0.17635948132189178,-0.17692023338425397,-0.047493922025513155,-0.279355399872399,-0.057777522651612186,0.9185419594918932,-0.03021578850376091
2025-10-22 22:00:00+00:00,-0.15158987192522907,-0.17692023338425397,-0.07205412945921907,-0.279355399872399,-0.1192279943315195,0.9185419594918932,-0.04279210144644956
2025-10-22 23:00:00+00:00,-0.15158987192522907,-0.17692023338425397,-0.1208581866022555,-0.279355399872399,-0.1192279943315195,0.9185419594918932,-0.029760534020532227
2025-10-23 00:00:00+00:00,-0.17338863481626066,-0.2351995220965193,-0.20260031551600297,-0.279355399872399,-0.1192279943315195,0.931050594955319,-0.029760534020532227
2025-10-23 01:00:00+00:00,-0.17338863481626063,-0.260683632988069,-0.23340768272404971,-0.279355399872399,-0.1192279943315195,0.931050594955319,-0.0409042647123076
2025-10-23 02:00:00+00:00,-0.18243428167503334,-0.29224909200384847,-0.272138618880936,-0.279355399872399,-0.1192279943315195,0.931050594955319,-0.04507358233282655
2025-10-23 03:00:00+00:00,-0.19226476820202432,-0.29224909200384847,-0.370735262809526,-0.279355399872399,-0.09439620208662369,0.931050594955319,-0.049211352623796854
2025-10-23 04:00:00+00:00,-0.23553275936145812,-0.3177350253330177,-0.4881203304962812,-0.31078010754486624,-0.11360095595629938,0.9307990631168749,-0.08203776125886197
2025-10-23 05:00:00+00:00,-0.23553275936145812,-0.3177350253330177,-0.5030030300038933,-0.31078010754486624,-0.09505863757873716,0.9307990631168749,-0.08203776125886197
2025-10-23 06:00:00+00:00,-0.24053153990047815,-0.33600189216393656,-0.45783132530170967,-0.31078010754486624,-0.09505863757873716,0.9307990631168749,-0.08203776125886197
2025-10-23 07:00:00+00:00,-0.2593897621261469,-0.33600189216393656,-0.4172485896234389,-0.31078010754486624,-0.12707620975586822,0.9307990631168749,-0.09058134518056353
2025-10-23 08:00:00+00:00,-0.30537071042646996,-0.33600189216393656,-0.3802345503149299,-0.3257796720909828,-0.16010762850162502,0.9307990631168749,-0.09058134518056353
2025-10-23 09:00:00+00:00,-0.3181184997961162,-0.33600189216393656,-0.3790278365443909,-0.3257796720909828,-0.16010762850162502,0.9307990631168749,-0.08203776125886197
2025-10-23 10:00:00+00:00,-0.3181184997961162,-0.33600189216393656,-0.3790278365443909,-0.3257796720909828,-0.16010762850162502,0.9307990631168749,-0.08203776125886197
2025-10-23 11:00:00+00:00,-0.2979007883425514,-0.3659512215736331,-0.3790278365443909,-0.2984792033278068,-0.16010762850162502,0.9307990631168749,-0.08203776125886197
2025-10-23 12:00:00+00:00,-0.2979007883425514,-0.3659512215736331,-0.30615004913780186,-0.2984792033278068,-0.24342022732506918,0.9307990631168749,-0.06445064852343944
2025-10-23 13:00:00+00:00,-0.2979007883425514,-0.3659512215736331,-0.23657091680647563,-0.2984792033278068,-0.24342022732506918,0.9197483021172111,-0.06445064852343944
2025-10-23 14:00:00+00:00,-0.2500407000412594,-0.3659512215736331,-0.23657091680647563,-0.2984792033278068,-0.24342022732506918,0.9133465806834323,-0.0933315538534695
2025-10-23 15:00:00+00:00,-0.2937892519634818,-0.3659512215736331,-0.14290089472732453,-0.2984792033278068,-0.3805944505853025,0.9133465806834323,-0.06445064852343944
2025-10-23 16:00:00+00:00,-0.2937892519634818,-0.2881937313036822,-0.2414020314070395,-0.2984792033278068,-0.3805944505853025,0.9133465806834323,-0.0397422808837183
2025-10-23 17:00:00+00:00,-0.2937892519634818,-0.2881937313036822,-0.2414020314070395,-0.26039606017292477,-0.3805944505853025,0.9189261439509997,-0.0397422808837183
2025-10-23 18:00:00+00:00,-0.2937892519634818,-0.22523150916501591,-0.2414020314070395,-0.26039606017292477,-0.3805944505853025,0.9258404544016757,-0.014686317664223146
2025-10-23 19:00:00+00:00,-0.3157439921767781,-0.26456458697413426,-0.25621768211485313,-0.24778351525289272,-0.4007702189418368,0.9353069479597522,-0.045795307732106036
2025-10-23 20:00:00+00:00,-0.3070297765145219,-0.26456458697413426,-0.25621768211485313,-0.22150102906161553,-0.4007702189418368,0.9404904493846573,-0.045795307732106036
2025-10-23 21:00:00+00:00,-0.29828509093149985,-0.26456458697413426,-0.25621768211485313,-0.20456024766039915,-0.4007702189418368,0.9462186004995371,-0.045795307732106036
2025-10-23 22:00:00+00:00,-0.2651105797318298,-0.25134306576974624,-0.3884363848039871,-0.149669169526531,-0.3750072139663618,0.9509900652036987,-0.04709538765516959
2025-10-23 23:00:00+00:00,-0.2643238838520746,-0.23629734408276046,-0.4387214396331622,-0.17116335709875952,-0.40626338224597974,0.9492880444474787,-0.11761781851211804
2025-10-24 00:00:00+00:00,-0.23061838117088795,-0.23629734408276046,-0.4387214396331622,-0.17116335709875952,-0.30007799112513667,0.9447056682532097,-0.1614397421274257
2025-10-24 01:00:00+00:00,-0.24664873052447642,-0.23629734408276046,-0.3707858689591569,-0.17116335709875952,-0.30007799112513667,0.9269593936236435,-0.1614397421274257
2025-10-24 02:00:00+00:00,-0.23061838117088795,-0.20891055536588798,-0.30700237974755684,-0.17116335709875952,-0.30007799112513667,0.9065989649557422,-0.17244472707532146
2025-10-24 03:00:00+00:00,-0.2161432392365245,-0.20891055536588798,-0.25821323469668744,-0.17116335709875952,-0.3545998307463749,0.9027580362651909,-0.17244472707532146
2025-10-24 04:00:00+00:00,-0.17722302371632775,-0.17216643658171374,-0.20905249773055015,-0.13315062044052053,-0.3388582377771553,0.8993129928886547,-0.12900826680548022
2025-10-24 05:00:00+00:00,-0.14224639861151128,-0.15874112117851258,-0.19762922016658802,-0.09506009843493236,-0.32332099712353846,0.8959454412938378,-0.09195814854191857
2025-10-24 06:00:00+00:00,-0.14224639861151128,-0.15874112117851258,-0.22707293679270435,-0.09506009843493236,-0.32332099712353846,0.8888695665619858,-0.09195814854191857
2025-10-24 07:00:00+00:00,-0.14224639861151128,-0.18026097751486983,-0.2585557646789102,-0.12484129949184138,-0.32280566895603435,0.8821833382432486,-0.09195814854191857
2025-10-24 08:00:00+00:00,-0.13010874770308525,-0.18026097751486983,-0.2585557646789102,-0.12484129949184138,-0.32280566895603435,0.8793968450365734,-0.09195814854191857
2025-10-24 09:00:00+00:00,0.048385279221914594,-0.1644980134004712,0.029787814494760367,-0.13352889810275287,0.35326331075860773,0.0258212392300809,-0.18543142072032184
2025-10-24 10:00:00+00:00,0.04225047690690261,-0.16287982871714282,0.012647610312131213,-0.12063588818663044,0.3551963460035549,0.015513764003966278,-0.1851710867117978
2025-10-24 11:00:00+00:00,0.03273947480489384,-0.1519558558052182,0.012647610312131213,-0.13588407804652244,0.3551963460035549,0.015513764003966278,-0.19634406406415322
2025-10-24 12:00:00+00:00,0.014622388739580796,-0.1519558558052182,-0.009854811374681857,-0.1514401641561731,0.30811689402105313,-0.002065777283418946,-0.19634406406415322
2025-10-24 13:00:00+00:00,-0.012083870078245842,-0.17202805580744882,-0.009854811374681857,-0.1514401641561731,0.29297638914760477,-0.011815165580393666,-0.20457566852220768
2025-10-24 14:00:00+00:00,-0.06466976964559848,-0.20614076423138017,-0.009107967288220414,-0.1540639749072237,0.2882286975299172,-0.019265593254877332,-0.20469248753707972
2025-10-24 15:00:00+00:00,-0.07675481636761099,-0.23138621403164297,-0.008358576793687313,-0.15670071293803886,0.3054689431986488,-0.04120862741914436,-0.2152699338097756
2025-10-24 16:00:00+00:00,-0.079691656573777,-0.23138621403164297,-0.008358576793687313,-0.15819961181579917,0.3054689431986488,-0.039889021299695654,-0.2152699338097756
2025-10-24 17:00:00+00:00,-0.08308296731755456,-0.23138621403164297,-0.008358576793687313,-0.15819961181579917,0.3054689431986488,-0.040203731758433045,-0.2152699338097756
2025-10-24 18:00:00+00:00,-0.0869560447497387,-0.2168083386155113,-0.008358576793687313,-0.16593293196029796,0.3054689431986488,-0.040203731758433045,-0.21050240984401808
2025-10-24 19:00:00+00:00,-0.09140678947511763,-0.2168083386155113,-0.008358576793687313,-0.1529723484831145,0.3054689431986488,-0.040203731758433045,-0.21050240984401808
2025-10-24 20:00:00+00:00,-0.09140678947511763,-0.2168083386155113,-0.008358576793687313,-0.1247526256560757,0.30797546262977465,-0.04226586094895535,-0.2171553959148247
2025-10-24 21:00:00+00:00,-0.07510688064942064,-0.2168083386155113,-0.008358576793687313,-0.10523653000450947,0.30797546262977465,-0.04226586094895535,-0.2171553959148247
2025-10-24 22:00:00+00:00,-0.058186869234115375,-0.19613303779977834,-0.009207741720432048,-0.09222675691010006,0.3067024609615244,-0.04403219197292703,-0.20371295087425562
2025-10-24 23:00:00+00:00,-0.058172981469011724,-0.19719810233206012,-0.009984704860382465,-0.09098481901628226,0.2833012325353797,-0.04563990548067245,-0.2040251133344603
2025-10-25 00:00:00+00:00,-0.058172981469011724,-0.19719810233206012,-0.009984704860382465,-0.08997467223073409,0.3055380876986717,-0.04140607490639619,-0.2040251133344603
2025-10-25 01:00:00+00:00,-0.05833380892021171,-0.193485067985498,0.0027222672449732305,-0.08556394524015622,0.3064963613919313,-0.03260646272192849,-0.19857251883182156
2025-10-25 02:00:00+00:00,-0.06110526761271552,-0.193485067985498,0.016267891075094208,-0.08166651000386584,0.30929071272952446,-0.02279051466077853,-0.19857251883182156
2025-10-25 03:00:00+00:00,-0.06380823197867365,-0.19568520460521494,0.03207300953367867,-0.07769625507915162,0.30929071272952446,-0.012048217444643234,-0.19857251883182156
2025-10-25 04:00:00+00:00,-0.06645046351244105,-0.19568520460521494,0.03207300953367867,-0.07363890938110229,0.30929071272952446,-0.0013383733541765198,-0.19674037594939037
2025-10-25 05:00:00+00:00,-0.06903865103819745,-0.1982184698301376,0.04533168058108537,-0.06947747409524112,0.3132948780745634,0.009425884700054274,-0.19699808353282436
2025-10-25 06:00:00+00:00,-0.07355381270159105,-0.200489846608122,0.060454679131410796,-0.059527128997152574,0.32010527347898393,0.020335629156344306,-0.1987570239978497
2025-10-25 07:00:00+00:00,-0.08397681265170051,-0.200489846608122,0.07984130179185624,-0.03156152111064602,0.37361072069513807,0.041632979018735285,-0.18966362846028262
2025-10-25 08:00:00+00:00,-0.09737015264539252,-0.200489846608122,0.07984130179185624,-0.021344740056539403,0.38737425993031416,0.06129847361349762,-0.18966362846028262
2025-10-25 09:00:00+00:00,-0.3737654899570533,-0.3771293177999242,-0.3326739195654765,-0.20734446931995162,-0.18807483732895616,0.8721567108271596,-0.18011987474547111
2025-10-25 10:00:00+00:00,-0.3912193093930215,-0.3771293177999242,-0.3160814658630342,-0.20734446931995162,-0.18807483732895616,0.8677408940117326,-0.16685761268951013
2025-10-25 11:00:00+00:00,-0.4104006130897198,-0.38444499911244934,-0.3043662833348256,-0.1672052113966364,-0.17434645333733453,0.8730581923751283,-0.13122885516528476
2025-10-25 12:00:00+00:00,-0.4209763215842774,-0.39320968726620636,-0.22934033678442298,-0.1210977399934369,-0.06084539547330583,0.9139973674709877,-0.13278490774285823
2025-10-25 13:00:00+00:00,-0.3916688432015112,-0.39320968726620636,-0.22934033678442298,-0.1210977399934369,0.056018526523047,0.9288054164554169,-0.10348102682369607
2025-10-25 14:00:00+00:00,-0.3361111591380098,-0.3413124144841715,-0.22934033678442298,-0.1210977399934369,0.056018526523047,0.9452870639015488,-0.07430536420789227
2025-10-25 15:00:00+00:00,-0.3361111591380098,-0.3413124144841715,-0.22934033678442298,-0.1210977399934369,0.056018526523047,0.9630357455169617,-0.04522886099648934
2025-10-25 16:00:00+00:00,-0.3361111591380098,-0.27741787751902214,-0.12265788528875328,-0.17287692604898494,0.056018526523047,0.962155355298495,-0.04522886099648934
2025-10-25 17:00:00+00:00,-0.3361111591380098,-0.2242861971056962,-0.12265788528875328,-0.17287692604898494,0.056018526523047,0.9693525276102873,-0.01872166014553809
2025-10-25 18:00:00+00:00,-0.31427037114423556,-0.17656300480777118,-0.12265788528875328,-0.2207390076148193,0.056018526523047,0.962155355298495,-0.01872166014553809
2025-10-25 19:00:00+00:00,-0.333515667329234,-0.12441159754558233,-0.12265788528875328,-0.2207390076148193,0.056018526523047,0.9553075596390138,-0.01872166014553809
2025-10-25 20:00:00+00:00,-0.3294629053194656,-0.12441159754558233,-0.12265788528875328,-0.2207390076148193,0.004680415036220213,0.9624737452893726,-0.031073487654581594
2025-10-25 21:00:00+00:00,-0.3278307458990506,-0.12441159754558233,-0.12265788528875328,-0.2207390076148193,0.056018526523047,0.9632781172920463,-0.031073487654581594
2025-10-25 22:00:00+00:00,-0.3324706477284675,-0.10094506716806477,-0.17317535634734163,-0.23089036749426115,0.056018526523047,0.9646136855137029,-0.01872166014553809
2025-10-25 23:00:00+00:00,-0.34795882910681447,-0.10094506716806477,-0.17317535634734163,-0.2518150774047272,0.005409199893042715,0.9665296320104283,-0.045456496709252406
2025-10-26 00:00:00+00:00,-0.35922941256166346,-0.10094506716806477,-0.17317535634734163,-0.2793084802796368,0.005409199893042715,0.9665296320104283,-0.045456496709252406
2025-10-26 01:00:00+00:00,-0.3839952537869184,-0.06468462273522044,-0.17317535634734163,-0.3485049177950284,-0.054668484120072906,0.9611066054961733,-0.045456496709252406
2025-10-26 02:00:00+00:00,-0.38931641102158177,-0.06468462273522044,-0.16805557956912834,-0.35573115100552866,-0.05950119882629329,0.9704565541337804,-0.045456496709252406
2025-10-26 03:00:00+00:00,-0.395267154048711,-0.06468462273522044,-0.16805557956912834,-0.3641204223997252,-0.054668484120072906,0.9721687360013759,-0.045367638154980794
2025-10-26 04:00:00+00:00,-0.39941201331298637,-0.06468462273522044,-0.18587284600865692,-0.3739110523085436,-0.05010449332196297,0.9742221241912465,-0.04576696454795782
2025-10-26 05:00:00+00:00,-0.40653041891006203,-0.06468462273522044,-0.18587284600865692,-0.3739110523085436,-0.05010449332196297,0.9766206512754819,-0.044557790218117656
2025-10-26 06:00:00+00:00,-0.4145370962704072,-0.0633801242313583,-0.18587284600865692,-0.38541937172422286,-0.05010449332196297,0.9712388660245126,-0.042826699741895534
2025-10-26 07:00:00+00:00,-0.39511779734259384,-0.05767816152656704,-0.18209409032849838,-0.4041094641845671,-0.0763232776972897,0.9553597950651653,-0.08154643128207487
2025-10-26 08:00:00+00:00,-0.35153583724314064,-0.09654580859942384,-0.03911102817890558,-0.4041094641845671,-0.0763232776972897,0.9583634551754849,-0.08154643128207487
2025-10-26 09:00:00+00:00,-0.3250806272292817,-0.09654580859942384,0.05921771824291365,-0.37119007697932516,0.0,0.9583634551754849,-0.0620535132024702
2025-10-26 10:00:00+00:00,-0.28470242339609414,-0.09654580859942384,0.05921771824291365,-0.3385416761542842,0.08129248815347548,0.9583634551754849,-0.0620535132024702
2025-10-26 11:00:00+00:00,-0.2510824020001619,-0.09654580859942384,0.15251965959593466,-0.30602459975745805,0.17066403719673245,0.9545242295804136,-0.026417908119781168
2025-10-26 12:00:00+00:00,-0.22678212772976356,-0.09654580859942384,0.19207603672390414,-0.27349593127637906,0.2729501574497644,0.9515030448525432,-0.008154643128109299
2025-10-26 13:00:00+00:00,-0.1753682580422025,-0.16422154636070513,0.3238122433328181,-0.3251683280597631,0.2729501574497644,0.9515030448525432,-0.008154643128109299
2025-10-26 14:00:00+00:00,-0.09721280981646842,-0.16422154636070513,0.4787224302371243,-0.2637250460303281,0.2729501574497644,0.9515030448525432,-0.008154643128109299
2025-10-26 15:00:00+00:00,-0.07174101145246885,-0.16422154636070513,0.6403986873362307,-0.2637250460303281,0.2729501574497644,0.9515030448525432,-0.008154643128109299
2025-10-26 16:00:00+00:00,-0.14027780770231152,-0.23087041186766605,0.5143782395507454,-0.3233248265594535,0.2729501574497644,0.9494288771492791,-0.008154643128109299
2025-10-26 17:00:00+00:00,-0.20911741636129536,-0.28839080763192976,0.3483665071461308,-0.38470645017530336,0.2729501574497644,0.9482083380969829,-0.038480070552273905
2025-10-26 18:00:00+00:00,-0.25393637841014116,-0.28839080763192976,0.20599343402292714,-0.38470645017530336,0.39821608679237575,0.9482083380969829,-0.038480070552273905
2025-10-26 19:00:00+00:00,-0.2739857934062487,-0.3313217024720687,0.07888947910134705,-0.3355492635897428,0.39821608679237575,0.9482083380969829,-0.038480070552273905
2025-10-26 20:00:00+00:00,-0.31414615634319054,-0.37680355328087445,-0.019655129761694676,-0.36070420968169115,0.3666177875537034,0.9577804631274456,-0.07048046982718931
2025-10-26 21:00:00+00:00,-0.3859566755869407,-0.4201868300707421,-0.05380585287266055,-0.3969179737969351,0.14150511186018772,0.9551661346405743,-0.10061709297180917
2025-10-26 22:00:00+00:00,-0.3859566755869407,-0.4201868300707421,-0.07693107913855086,-0.4108561821257547,0.14150511186018772,0.9551661346405743,-0.08917957260277977
2025-10-26 23:00:00+00:00,-0.39331944453904405,-0.4201868300707421,-0.10440912384330199,-0.37679617228720036,0.09643312055575202,0.9551661346405743,-0.07605784507570437
2025-10-27 00:00:00+00:00,-0.4078151607776288,-0.4201868300707421,-0.10440912384330199,-0.26688338601135253,0.09643312055575202,0.947541423824438,-0.07605784507570437
2025-10-27 01:00:00+00:00,-0.4078151607776288,-0.47356668257331136,-0.10440912384330199,-0.19135437060869556,0.09643312055575202,0.9478841675186575,-0.07605784507570437
2025-10-27 02:00:00+00:00,-0.4024767493654109,-0.47356668257331136,-0.10440912384330199,-0.18532461783298185,0.12197292906815843,0.9356504861505068,-0.07601929284654846
2025-10-27 03:00:00+00:00,-0.4024767493654109,-0.47356668257331136,-0.10440912384330199,-0.18224118874653275,0.09643312055575202,0.9195522465396156,-0.07601929284654846
2025-10-27 04:00:00+00:00,-0.4078151607776288,-0.47356668257331136,-0.10440912384330199,-0.1810426540282722,0.09643312055575202,0.9050021453717302,-0.07601929284654846
2025-10-27 05:00:00+00:00,-0.4110900962337976,-0.48146299285410643,-0.0990329485863806,-0.17903612759547513,0.09643312055575202,0.8918625591694247,-0.07601929284654846
2025-10-27 06:00:00+00:00,-0.41465160958929886,-0.4690078937753439,-0.08490453606511328,-0.17903612759547513,0.07619506023251804,0.8923276200689522,-0.07601929284654846
2025-10-27 07:00:00+00:00,-0.37919997359384827,-0.4383570037602204,-0.04317552468778924,-0.1583102571886393,0.08574929257108958,0.8863517411587784,-0.042775742702294166
2025-10-27 08:00:00+00:00,-0.3227942940324111,-0.39779605275069746,-0.04317552468778924,-0.1583102571886393,0.08574929257108958,0.8647360106117942,-0.042775742702294166
2025-10-27 09:00:00+00:00,-0.29344484415485694,-0.4383570037602204,-0.009383985068849058,-0.1583102571886393,0.08574929257108958,0.8451864529216597,-0.06040480248319227
2025-10-27 10:00:00+00:00,-0.2815337138819542,-0.4383570037602204,0.06063390625913076,-0.18488457380228532,0.010140923929164108,0.8280073148508234,-0.07718039326790294
2025-10-27 11:00:00+00:00,-0.26445036919038206,-0.430817958203693,0.11840944768655703,-0.2065304478617428,0.022031246145265863,0.8004686099446563,-0.0994195288162397
2025-10-27 12:00:00+00:00,-0.22731870509844423,-0.4245923585675088,0.16852164138738981,-0.22614155742223346,0.03319325381104596,0.8193431812692217,-0.09122541390979023
2025-10-27 13:00:00+00:00,-0.15717391806578293,-0.37672295268740563,0.2141788742608624,-0.18531808376533318,0.03319325381104596,0.827290600800433,-0.09122541390979023
2025-10-27 14:00:00+00:00,-0.08814045977720313,-0.31074668915904563,0.3050762447505202,-0.18531808376533318,0.1367771184184266,0.8494586650147767,-0.0625654976247814
2025-10-27 15:00:00+00:00,-0.024067633722705487,-0.24641737175948708,0.35328219691993235,-0.1403492476606118,0.2246515857153511,0.8999038926467429,-0.034375233171330316
2025-10-27 16:00:00+00:00,-0.06283246469168798,-0.3022135919399037,0.3044447652618782,-0.1403492476606118,0.12549970964648058,0.8805539988915891,-0.08348950099116172
2025-10-27 17:00:00+00:00,-0.1007670698655855,-0.3022135919399037,0.3044447652618782,-0.10140046092819602,0.0384622438005449,0.8805539988915891,-0.1068571237644492
2025-10-27 18:00:00+00:00,-0.15522405826823119,-0.3022135919399037,0.24924809575608675,-0.13730608398509564,-0.1223798666377655,0.8805539988915891,-0.1068571237644492
2025-10-27 19:00:00+00:00,-0.1895362843592124,-0.25866909672323607,0.14674617887421093,-0.17138676982749498,-0.19515902018424314,0.8805539988915891,-0.1068571237644492
2025-10-27 20:00:00+00:00,-0.20485870517621166,-0.25866909672323607,0.06014452048238902,-0.20011914662283894,-0.2638660465149412,0.8805539988915891,-0.1068571237644492
2025-10-27 21:00:00+00:00,-0.1914040653976773,-0.25866909672323607,-0.016396615615492945,-0.2270008642393535,-0.2638660465149412,0.9030764410134827,-0.12856708162938818
2025-10-27 22:00:00+00:00,-0.20195710658328236,-0.25866909672323607,-0.05169689148244603,-0.2270008642393535,-0.3163174717821513,0.9030764410134827,-0.12856708162938818
2025-10-27 23:00:00+00:00,-0.19262984318173426,-0.25866909672323607,-0.08975054100955204,-0.2270008642393535,-0.3163174717821513,0.9030764410134827,-0.07393578776570152
2025-10-28 00:00:00+00:00,-0.18095386578614803,-0.25866909672323607,-0.1134767613146449,-0.2270008642393535,-0.3163174717821513,0.9030764410134827,-0.06196708170888379
2025-10-28 01:00:00+00:00,-0.19262984318173426,-0.25866909672323607,-0.16639666609593093,-0.2270008642393535,-0.2638660465149412,0.9063968443655949,-0.06196708170888379
2025-10-28 02:00:00+00:00,-0.19904266094933162,-0.25866909672323607,-0.16639666609593093,-0.2270008642393535,-0.2638660465149412,0.9063968443655949,-0.06270503519382752
2025-10-28 03:00:00+00:00,-0.20213417340753193,-0.25866909672323607,-0.1828295241416466,-0.2270008642393535,-0.2750586711149337,0.9063968443655949,-0.0623547836040217
2025-10-28 04:00:00+00:00,-0.20547914128917188,-0.25866909672323607,-0.19068072596117305,-0.2270008642393535,-0.2750586711149337,0.9063968443655949,-0.06059165294537332
2025-10-28 05:00:00+00:00,-0.20547914128917188,-0.2506021686763831,-0.19230230358235653,-0.23263961803669153,-0.2750586711149337,0.9063968443655949,-0.06120721178787328
2025-10-28 06:00:00+00:00,-0.22269731022648073,-0.2613903307611264,-0.19139486628635735,-0.2355616926368611,-0.29574395652026425,0.894332253535879,-0.06588525286811814
2025-10-28 07:00:00+00:00,-0.1704224301419213,-0.2613903307611264,-0.12520876097727973,-0.2355616926368611,-0.29574395652026425,0.894332253535879,-0.06588525286811814
2025-10-28 08:00:00+00:00,-0.1451274818007227,-0.2613903307611264,-0.09725875871603412,-0.2355616926368611,-0.3197426882358521,0.894332253535879,-0.06588525286811814
2025-10-28 09:00:00+00:00,-0.11268462963281797,-0.22809200733094295,-0.04218219876484546,-0.2355616926368611,-0.26988197567898264,0.894332253535879,-0.05498375944928858
2025-10-28 10:00:00+00:00,-0.09411557574865147,-0.22809200733094295,0.008182919737686575,-0.21551932518157363,-0.24384061259788295,0.894332253535879,-0.05498375944928858
2025-10-28 11:00:00+00:00,-0.05637146200684854,-0.22809200733094295,0.05803382455384945,-0.1773366792583404,-0.24384061259788295,0.9118804091273551,-0.05498375944928858
2025-10-28 12:00:00+00:00,-0.017753302721526556,-0.22809200733094295,0.1075688215201317,-0.13945889299896666,-0.15393570219746835,0.9118804091273551,-0.07499619003529807
2025-10-28 13:00:00+00:00,0.02055468067843872,-0.22809200733094295,0.15229306194647602,-0.1017983782607504,-0.06803035919929681,0.9118804091273551,-0.07499619003529807
2025-10-28 14:00:00+00:00,0.0391522538621323,-0.2914064452979933,0.15229306194647602,-0.1017983782607504,-0.06803035919929681,0.9118804091273551,-0.09554470484547692
2025-10-28 15:00:00+00:00,0.07628495228425534,-0.3566102169687718,0.15229306194647602,-0.1017983782607504,-0.15393570219746835,0.8979231413092712,-0.11637383470694249
2025-10-28 16:00:00+00:00,0.0580634791745758,-0.3566102169687718,0.05824406285500567,-0.1017983782607504,-0.15393570219746835,0.9077581797661735,-0.09814285181005289
2025-10-28 17:00:00+00:00,0.04003326037772538,-0.3566102169687718,-0.0308033031126365,-0.1377209771635707,-0.15393570219746835,0.9134503405831397,-0.07949846364572803
2025-10-28 18:00:00+00:00,0.022085353553785367,-0.3931400813986359,-0.07303503043295545,-0.1377209771635707,-0.15393570219746835,0.9134503405831397,-0.07949846364572803
2025-10-28 19:00:00+00:00,0.004453632436871026,-0.4277236655362919,-0.07303503043295545,-0.1377209771635707,-0.15393570219746835,0.9134503405831397,-0.07949846364572803
2025-10-28 20:00:00+00:00,-0.012830152526969627,-0.4277236655362919,-0.0308033031126365,-0.1377209771635707,-0.07421236035587742,0.9134503405831397,-0.09762483006113767
2025-10-28 21:00:00+00:00,-0.012830152526969627,-0.4277236655362919,-0.0308033031126365,-0.1377209771635707,0.009071900506593891,0.9134503405831397,-0.09762483006113767
2025-10-28 22:00:00+00:00,-0.012830152526969627,-0.4277236655362918,-0.05112452130314506,-0.1377209771635707,-0.03180529729537603,0.9134503405831397,-0.09762483006113767
2025-10-28 23:00:00+00:00,-0.03008573028643676,-0.38926897342494887,-0.05112452130314506,-0.15537647208245015,-0.03180529729537603,0.9134503405831397,-0.10995189195331821
2025-10-29 00:00:00+00:00,-0.04914106738652187,-0.38926897342494887,-0.07650209626571539,-0.17973202758981402,-0.0784317402870386,0.9134503405831397,-0.12233681735168092
2025-10-29 01:00:00+00:00,-0.059195243699607984,-0.38926897342494887,-0.07650209626571539,-0.2065872224476858,-0.13531653386556192,0.909714133856817,-0.12233681735168092
2025-10-29 02:00:00+00:00,-0.06003119425742508,-0.38926897342494887,-0.0808660605939071,-0.2065872224476858,-0.13531653386556192,0.909714133856817,-0.12233681735168092
2025-10-29 03:00:00+00:00,-0.06161039997561469,-0.38926897342494887,-0.08337900147268787,-0.2157060051911413,-0.12434300289418303,0.909714133856817,-0.12233681735168092
2025-10-29 04:00:00+00:00,-0.06349572238352257,-0.38926897342494887,-0.08645478345958055,-0.22657833054827736,-0.12434300289418303,0.909714133856817,-0.12805192893161638
2025-10-29 05:00:00+00:00,-0.06577338193908554,-0.38926897342494887,-0.0865355877342495,-0.22657833054827736,-0.12434300289418303,0.9087815774534008,-0.1300355740140455
2025-10-29 06:00:00+00:00,-0.05519495587665802,-0.38926897342494887,-0.05864070928754691,-0.22657833054827736,-0.12434300289418303,0.9269010231106519,-0.1300355740140455
2025-10-29 07:00:00+00:00,-0.06800424883368564,-0.38926897342494887,-0.05864070928754691,-0.22657833054827736,-0.07496580465087807,0.9269010231106519,-0.14376271408341496
2025-10-29 08:00:00+00:00,-0.06800424883368564,-0.38926897342494887,-0.02865192609088381,-0.19973173137781727,0.020457299344750452,0.9292361094714785,-0.14376271408341496
2025-10-29 09:00:00+00:00,-0.06800424883368564,-0.42042687212711327,-0.05864070928754691,-0.1741320511029459,0.020457299344750452,0.9324207169905897,-0.15796946475686513
2025-10-29 10:00:00+00:00,-0.06800424883368564,-0.42042687212711327,-0.05864070928754691,-0.1741320511029459,0.020457299344750452,0.9363780891566663,-0.14577876642883367
2025-10-29 11:00:00+00:00,-0.044876573019765435,-0.42042687212711327,-0.05864070928754691,-0.1741320511029459,-0.07197569080199091,0.9363780891566663,-0.14577876642883367
2025-10-29 12:00:00+00:00,-0.02142458566067023,-0.4623744627108082,-0.0011460770437884949,-0.1741320511029459,-0.07197569080199091,0.9435571530961439,-0.16834129622639882
2025-10-29 13:00:00+00:00,-0.02142458566067023,-0.4623744627108082,0.051937832994128075,-0.1741320511029459,-0.16492477023173613,0.9382345782989479,-0.16834129622639882
2025-10-29 14:00:00+00:00,-0.02142458566067023,-0.4623744627108082,0.14816082964118388,-0.1741320511029459,-0.16492477023173613,0.9352763817996429,-0.16834129622639882
2025-10-29 15:00:00+00:00,0.0018868226799783761,-0.4623744627108082,0.24957905200349817,-0.1741320511029459,-0.07197569080199091,0.9352763817996429,-0.1920265318625076
2025-10-29 16:00:00+00:00,-0.020105031458451723,-0.4623744627108082,0.24957905200349817,-0.1741320511029459,-0.07197569080199091,0.9319998251084076,-0.17099629625840673
2025-10-29 17:00:00+00:00,-0.0626109050724242,-0.4623744627108082,0.24957905200349817,-0.21222687607521648,-0.07197569080199091,0.9299954445191675,-0.19069722924669902
2025-10-29 18:00:00+00:00,-0.08294254812033762,-0.4623744627108082,0.19355956905459037,-0.24400862094334486,-0.07197569080199091,0.9299954445191675,-0.17099629625840673
2025-10-29 19:00:00+00:00,-0.10277101318661773,-0.4623744627108082,0.1421564045588804,-0.27414374116306395,-0.07197569080199091,0.9299954445191675,-0.15074991061623877
2025-10-29 20:00:00+00:00,-0.10277101318661773,-0.4623744627108082,0.09700690295542573,-0.29734836611523807,-0.07197569080199091,0.9152014704071294,-0.15074991061623877
2025-10-29 21:00:00+00:00,-0.07692191581139872,-0.42793651074472966,0.04493247650417112,-0.27386127875280214,-0.13529628504060823,0.9114047852825465,-0.10915775401704565
2025-10-29 22:00:00+00:00,-0.07692191581139872,-0.42793651074472966,0.021865215512386033,-0.27386127875280214,-0.09116846116777709,0.9114047852825465,-0.10915775401704565
2025-10-29 23:00:00+00:00,-0.08839014596872974,-0.46702591742573984,0.021865215512386033,-0.2535867111970118,-0.09116846116777709,0.9114047852825465,-0.12475657231053368
2025-10-30 00:00:00+00:00,-0.128763637033523,-0.41340541043874574,0.021865215512386033,-0.22658722857224126,-0.09116846116777709,0.9141414530046633,-0.12475657231053368
2025-10-30 01:00:00+00:00,-0.16024672335416218,-0.41340541043874574,-0.023570226039568692,-0.22658722857224126,-0.09116846116777709,0.9141414530046633,-0.10915775401704565
2025-10-30 02:00:00+00:00,-0.16554578039138207,-0.3919183588453545,-0.02589191112014487,-0.23547337468300705,-0.08401680504174226,0.9141414530046633,-0.10915775401704564
2025-10-30 03:00:00+00:00,-0.16999759004160553,-0.3919183588453545,-0.02589191112014487,-0.23547337468300705,-0.09116846116777709,0.9208998518317226,-0.10915775401704564
2025-10-30 04:00:00+00:00,-0.17489492643926824,-0.3919183588453545,-0.026906911759871865,-0.22658722857224126,-0.09116846116777709,0.9284766908859239,-0.10915775401704564
2025-10-30 05:00:00+00:00,-0.18031368792215505,-0.3919183588453545,-0.026906911759871865,-0.22658722857224126,-0.09116846116777709,0.9284766908859239,-0.11122206077229364
2025-10-30 06:00:00+00:00,-0.18031368792215505,-0.3919183588453545,0.0,-0.239002175875003,-0.045098761680202736,0.9284766908859239,-0.08563852502906964
2025-10-30 07:00:00+00:00,-0.20906219460761455,-0.3919183588453545,0.049613893835719285,-0.22000216965766367,-0.045098761680202736,0.9393178488683567,-0.07227516946314624
2025-10-30 08:00:00+00:00,-0.20906219460761455,-0.3919183588453545,0.07280531228516364,-0.22000216965766367,-0.045098761680202736,0.9393178488683567,-0.07227516946314624
2025-10-30 09:00:00+00:00,-0.2247805947795955,-0.36402656142580797,0.12016835362530902,-0.22000216965766367,-0.045098761680202736,0.9393178488683567,-0.07227516946314624
2025-10-30 10:00:00+00:00,-0.19949173996620875,-0.36402656142580797,0.12016835362530902,-0.22000216965766367,-0.045098761680202736,0.9352054129557525,-0.07227516946314624
2025-10-30 11:00:00+00:00,-0.17146502620241538,-0.40445630871642474,0.17019258867947593,-0.22000216965766367,0.1500000000001092,0.949966913809134,-0.048161612558169115
2025-10-30 12:00:00+00:00,-0.17146502620241538,-0.36402656142580797,0.2523573072578013,-0.2524218971472026,0.1500000000001092,0.949966913809134,0.0
2025-10-30 13:00:00+00:00,-0.17146502620241538,-0.36402656142580797,0.28726797439859936,-0.2524218971472026,0.2506535958867965,0.949966913809134,0.0
2025-10-30 14:00:00+00:00,-0.14048787173745844,-0.36402656142580797,0.28726797439859936,-0.2846542418149129,0.2506535958867965,0.9376845612730673,0.0
2025-10-30 15:00:00+00:00,-0.14048787173745844,-0.40445630871642474,0.2400396792597665,-0.2846542418149129,0.2506535958867965,0.928991453274891,0.02426843742830665
2025-10-30 16:00:00+00:00,-0.14048787173745844,-0.360505060875913,0.2400396792597665,-0.3153011291852856,0.2506535958867965,0.928991453274891,0.02426843742830665
2025-10-30 17:00:00+00:00,-0.1143100174681813,-0.360505060875913,0.1941931003739285,-0.3153011291852856,0.2506535958867965,0.928991453274891,0.02426843742830665
2025-10-30 18:00:00+00:00,-0.1143100174681813,-0.360505060875913,0.1462252310028929,-0.3153011291852856,0.35000000000025483,0.9175397509819868,0.02426843742830665
2025-10-30 19:00:00+00:00,-0.1143100174681813,-0.360505060875913,0.10140402531275285,-0.33662896164178185,0.35000000000025483,0.9065819218228066,0.0
2025-10-30 20:00:00+00:00,-0.1143100174681813,-0.360505060875913,0.019619475455825774,-0.33662896164178185,0.2506535958867965,0.9065819218228066,0.024449098265057728
2025-10-30 21:00:00+00:00,-0.1143100174681813,-0.360505060875913,0.019619475455825774,-0.33754733742482057,0.2506535958867965,0.9065819218228066,0.024449098265057728
2025-10-30 22:00:00+00:00,-0.1143100174681813,-0.360505060875913,0.019619475455825774,-0.34673804626476495,0.2021164610561114,0.9065819218228066,0.012143534814468388
2025-10-30 23:00:00+00:00,-0.12901099029332563,-0.33074967700286806,0.0,-0.3639742299362774,0.2021164610561114,0.9065819218228066,0.0
2025-10-31 00:00:00+00:00,-0.12901099029332563,-0.371390676354357,-0.045098761680202534,-0.3908317935317151,0.2021164610561114,0.9065819218228066,0.012054975493667654
2025-10-31 01:00:00+00:00,-0.11096226949057833,-0.371390676354357,-0.02157701115265872,-0.3908317935317151,0.2021164610561114,0.9065819218228066,0.0
2025-10-31 02:00:00+00:00,-0.11096226949057833,-0.3916747259005874,-0.020739033894623643,-0.3908317935317151,0.23851391760014903,0.9171443976577819,0.0
2025-10-31 03:00:00+00:00,-0.11096226949057833,-0.3916747259005874,-0.02157701115265872,-0.3908317935317151,0.23851391760014903,0.9065819218228066,0.0
2025-10-31 04:00:00+00:00,-0.11096226949057833,-0.3916747259005874,-0.020739033894623643,-0.40389619586125736,0.23851391760014903,0.9065819218228066,0.0
2025-10-31 05:00:00+00:00,-0.10762764703940424,-0.3916747259005874,-0.020739033894623643,-0.40389619586125736,0.24494897427849338,0.9065819218228066,0.0
2025-10-31 06:00:00+00:00,-0.10762764703940424,-0.3916747259005874,-0.020739033894623643,-0.38344429970817984,0.17888543820011177,0.9065819218228066,-0.012218844279113085
2025-10-31 07:00:00+00:00,-0.13055824196670068,-0.3916747259005874,-0.042660347083360625,-0.38344429970817984,0.17888543820011177,0.8926810363311526,-0.012218844279113085
2025-10-31 08:00:00+00:00,-0.17375213021423924,-0.3916747259005874,-0.020739033894623643,-0.38344429970817984,0.17888543820011177,0.8792221371244525,-0.012218844279113085
2025-10-31 09:00:00+00:00,-0.18708286933875448,-0.42292390429166327,-0.06166698388452288,-0.38344429970817984,0.17888543820011177,0.8792221371244525,-0.012218844279113085
2025-10-31 10:00:00+00:00,-0.2216736646572815,-0.42292390429166327,-0.07950463920005064,-0.39634695544580245,0.24494897427849338,0.8789620341214139,-0.024433888871196904
2025-10-31 11:00:00+00:00,-0.31255087505154044,-0.42292390429166327,-0.11785870880498342,-0.39634695544580245,0.24494897427849338,0.8620070143823623,-0.04887537711718811
2025-10-31 12:00:00+00:00,-0.3818247491517104,-0.49267709567935153,-0.24253975326733468,-0.3667728084165861,0.24494897427849338,0.8620070143823623,-0.07334729479541822
2025-10-31 13:00:00+00:00,-0.4803601682875327,-0.49267709567935153,-0.3387239193762234,-0.3667728084165861,0.24494897427849338,0.8620070143823623,-0.09787260003304689
2025-10-31 14:00:00+00:00,-0.6199097482962511,-0.49267709567935153,-0.38670203198157554,-0.33686076842694695,0.24494897427849338,0.8740247755976037,-0.12247448713932854
2025-10-31 15:00:00+00:00,-0.7299348736112415,-0.4511764725962094,-0.3465794310875372,-0.33686076842694695,0.24494897427849338,0.8914970367180195,-0.14717649724498572
2025-10-31 16:00:00+00:00,-0.6389417393066263,-0.4511764725962094,-0.300768247096781,-0.30434612438925507,0.24494897427849338,0.8914970367180195,-0.14717649724498572
2025-10-31 17:00:00+00:00,-0.5479874875995043,-0.40667380058320013,-0.26199145661021755,-0.27174648819506564,0.10722409238618238,0.8914970367180195,-0.14717649724498572
2025-10-31 18:00:00+00:00,-0.5004257131471056,-0.37416573867751474,-0.22792115291944157,-0.27174648819506564,-0.1002614383547183,0.9045154217310595,-0.16894877720919985
2025-10-31 19:00:00+00:00,-0.47274556803156176,-0.33969445172738544,-0.1913505105257882,-0.292078634427629,-0.2388089256505721,0.9181897523724878,-0.16894877720919985
2025-10-31 20:00:00+00:00,-0.42630603569232856,-0.27847497384905306,-0.12165981293428638,-0.2610778658039282,-0.2820162962214879,0.9259896073049392,-0.1506863278917695
2025-10-31 21:00:00+00:00,-0.42630603569232856,-0.26628462079200005,-0.09719020411871117,-0.2610778658039282,-0.32008925231985563,0.9259896073049392,-0.1506863278917695
2025-10-31 22:00:00+00:00,-0.42630603569232856,-0.26628462079200005,-0.04254793684709124,-0.2610778658039282,-0.32008925231985563,0.9259896073049392,-0.1506863278917695
2025-10-31 23:00:00+00:00,-0.4033154611114388,-0.26628462079200005,-0.013321497260586204,-0.2610778658039282,-0.36317521495235994,0.9259896073049392,-0.1506863278917695
2025-11-01 00:00:00+00:00,-0.36016610322672055,-0.26628462079200005,0.038598676451935904,-0.30422978640323095,-0.40999378122021235,0.9259896073049392,-0.16799065121512943
2025-11-01 01:00:00+00:00,-0.36016610322672055,-0.26628462079200005,0.07947055873827213,-0.35153250688911974,-0.4615071770622955,0.9130385810895894,-0.1506863278917695
2025-11-01 02:00:00+00:00,-0.36016610322672055,-0.2474918549747852,0.07734088108008827,-0.36823541645650715,-0.4825006660775602,0.9042932206577732,-0.14138316641383591
2025-11-01 03:00:00+00:00,-0.34369020282457324,-0.2474918549747852,0.07532593828404026,-0.3883182224181516,-0.5015121981840104,0.9039796675728679,-0.14138316641383591
2025-11-01 04:00:00+00:00,-0.3296801393954718,-0.2474918549747852,0.07387825899675014,-0.41296641507806237,-0.5287729108552299,0.89727707939681,-0.14440818221389246
2025-11-01 05:00:00+00:00,-0.321739130434893,-0.2474918549747852,0.07385398635199475,-0.44405348971927333,-0.5264108981922025,0.891304347826703,-0.14802820214889004
2025-11-01 06:00:00+00:00,-0.3065775102990034,-0.2517163260883427,0.05760626790298627,-0.4214419544839265,-0.5107539184556527,0.8991092343433684,-0.15658862687140299
2025-11-01 07:00:00+00:00,-0.3181369483228683,-0.2930803240618071,0.03940552031198644,-0.4214419544839265,-0.4690060465673697,0.9030675148936141,-0.15658862687140299
2025-11-01 08:00:00+00:00,-0.3626109154688112,-0.33862655057620283,0.0,-0.3942112336953592,-0.3594970559367196,0.9135390797440124,-0.15658862687140299
2025-11-01 09:00:00+00:00,-0.4088535299274228,-0.33862655057620283,-0.021144200921118808,-0.3681849085901327,-0.32302914123515436,0.9120371988479339,-0.15658862687140299
2025-11-01 10:00:00+00:00,-0.42836385352762246,-0.33862655057620283,-0.04115772364575139,-0.35686156456434587,-0.32302914123515436,0.9004398511100662,-0.14448309219291666
2025-11-01 11:00:00+00:00,-0.43553434572007627,-0.3255890811321821,-0.06790912986565072,-0.3309343624959567,-0.3064138178022068,0.9246482315980459,-0.15580752403219486
2025-11-01 12:00:00+00:00,-0.4748694462391753,-0.2535409184675896,-0.09840327141655905,-0.3016387917141998,-0.2892784270706063,0.9368563459009192,-0.1564460927757617
2025-11-01 13:00:00+00:00,-0.5278992882749938,-0.3302486641824735,-0.19165891926967757,-0.2562658479550081,-0.2892784270706063,0.9484804024989492,-0.1564460927757617
2025-11-01 14:00:00+00:00,-0.5564421262987405,-0.40594234283878255,-0.28804224061268824,-0.2102520642173064,-0.35073145325373933,0.9623880653674791,-0.12960403960316463
2025-11-01 15:00:00+00:00,-0.5850054396256136,-0.40594234283878255,-0.3887809506847519,-0.16344378820343275,-0.35073145325373933,0.9779963752648962,-0.10281225098097148
2025-11-01 16:00:00+00:00,-0.5557521384541905,-0.40594234283878255,-0.3450976187553518,-0.2113971095567234,-0.35073145325373933,0.9779963752648962,-0.10281225098097148
2025-11-01 17:00:00+00:00,-0.526836693890993,-0.40594234283878255,-0.308149731676008,-0.26088730289564926,-0.35073145325373933,0.9779963752648962,-0.07924074928639237
2025-11-01 18:00:00+00:00,-0.5066732077222438,-0.40594234283878255,-0.27628167092181416,-0.21639143073619665,-0.40594234283959735,0.9779963752648962,-0.07924074928639237
2025-11-01 19:00:00+00:00,-0.4719609024125962,-0.3687563801306804,-0.18663070030909135,-0.11284032900573786,-0.36875638013020234,0.9777928003368044,-0.04789407386407679
2025-11-01 20:00:00+00:00,-0.4504620744581517,-0.3697865840674092,-0.17126228572088723,-0.06742366400162221,-0.36875638013020234,0.9832376608101144,-0.04789407386407679
2025-11-01 21:00:00+00:00,-0.4352548367636153,-0.3738636926682505,-0.17126228572088723,-0.040747348600371776,-0.36875638013020234,0.9832376608101144,-0.04789407386407679
2025-11-01 22:00:00+00:00,-0.43278709314111874,-0.3738636926682505,-0.17126228572088723,-0.040747348600371776,-0.41109097145168794,0.9832376608101144,-0.04789407386407679
2025-11-01 23:00:00+00:00,-0.44626650114001437,-0.41027200905733846,-0.19832143638315894,-0.07694930790432616,-0.41109097145168794,0.9832376608101144,-0.04789407386407679
2025-11-02 00:00:00+00:00,-0.4570114208906764,-0.41027200905733846,-0.2328464835097082,-0.07694930790432616,-0.41109097145168794,0.9822056918098524,-0.06211724023754824
2025-11-02 01:00:00+00:00,-0.4570114208906764,-0.41027200905733846,-0.3542621784695016,-0.07694930790432616,-0.47387868579358133,0.9822056918098524,-0.09335363502767598
2025-11-02 02:00:00+00:00,-0.4570114208906764,-0.43329737803677554,-0.367118782119584,-0.07694930790432616,-0.462144104844,0.9763359606353583,-0.10199497237718039
2025-11-02 03:00:00+00:00,-0.4570114208906764,-0.43329737803677554,-0.38523619407572096,-0.07694930790432616,-0.446305985841458,0.9763359606353583,-0.10199497237718039
2025-11-02 04:00:00+00:00,-0.4570114208906764,-0.43329737803677554,-0.40826599228761634,-0.07694930790432616,-0.446305985841458,0.9749834931548448,-0.10199497237718039
2025-11-02 05:00:00+00:00,-0.45970814448317576,-0.43329737803677554,-0.41109097145176443,-0.07694930790432616,-0.43266527447532893,0.9739363770343642,-0.1015457836742646
2025-11-02 06:00:00+00:00,-0.46253381064369287,-0.43329737803677554,-0.3962466826607207,-0.08155245992348734,-0.42083680675018625,0.9657511056178121,-0.09790998321980934
2025-11-02 07:00:00+00:00,-0.45380654541598703,-0.43329737803677554,-0.3962466826607207,-0.038771049609885755,-0.3761994351595931,0.9657511056178121,-0.07943653254564767
2025-11-02 08:00:00+00:00,-0.4229301559328497,-0.43329737803677554,-0.32645692865776704,-0.038771049609885755,-0.3761994351595931,0.9658051150876126,-0.06187633231287374
2025-11-02 09:00:00+00:00,-0.39255438890759303,-0.43329737803677554,-0.24935694467562566,-0.038771049609885755,-0.3761994351595931,0.9658051150876126,-0.04549226206415756
2025-11-02 10:00:00+00:00,-0.36667697004736705,-0.43329737803677554,-0.19385524805022772,0.0016643359165186547,-0.3490997225454375,0.9658051150876126,-0.029784745342663718
2025-11-02 11:00:00+00:00,-0.32922539502675946,-0.40294600282593385,-0.11360942076168115,0.0016643359165186547,-0.3214513056250971,0.9658051150876126,0.001262782292037386
2025-11-02 12:00:00+00:00,-0.291492666049549,-0.37243465025385275,-0.03292467679780974,0.0016643359165186547,-0.2930468443438924,0.9658051150876126,0.0329022204959805
2025-11-02 13:00:00+00:00,-0.18754636832392302,-0.3038014209055301,0.04975500806790003,0.0016643359165186547,-0.22480934240740033,0.4597624943522073,0.09524909667602952
2025-11-02 14:00:00+00:00,-0.10129495085132029,-0.23262629766024762,0.14039226179192357,0.0016643359165186547,-0.16199107129837695,0.4597624943522073,0.12611596292522456
2025-11-02 15:00:00+00:00,-0.058184991995226615,-0.23262629766024762,0.24180301768630963,0.0016643359165186547,-0.16199107129837695,0.4597624943522073,0.156918282364649
2025-11-02 16:00:00+00:00,-0.14557816456053482,-0.15268776076604826,0.06633611423936188,0.0016643359165186547,-0.26084262537855746,0.45301773667816025,0.12702195960156576
2025-11-02 17:00:00+00:00,-0.23613274677278934,-0.15268776076604826,-0.027893759734568733,0.0016643359165186547,-0.26084262537855746,0.45301773667816025,0.09641941008917342
2025-11-02 18:00:00+00:00,-0.35029952040949347,-0.08114958625823082,-0.027893759734568733,-0.07465761935726266,-0.17446972324520646,0.4496718449368791,0.09641941008917342
2025-11-02 19:00:00+00:00,-0.4209474355950567,-0.048574222825998124,-0.09545531383328754,-0.16571938225624736,-0.11836458915344322,0.4442346239701273,0.0415074075097124
2025-11-02 20:00:00+00:00,-0.47439822878106636,-0.06292014209718284,-0.1842113137877582,-0.23781578349437246,-0.14948797320415694,0.4401659285578002,0.005158948678992921
2025-11-02 21:00:00+00:00,-0.4686482983981151,-0.03033573289506154,-0.2060879059703522,-0.23781578349437246,-0.11374412692633308,0.4401659285578002,0.005158948678992921
2025-11-02 22:00:00+00:00,-0.4686482983981151,0.013134040460166276,-0.24058117624114048,-0.23781578349437246,-0.0700495703565851,0.4401659285578002,0.017205172661570338
2025-11-02 23:00:00+00:00,-0.4746463961950419,0.013134040460166276,-0.2760849034272219,-0.20448693573870025,-0.0700495703565851,0.4401659285578002,0.017205172661570338
2025-11-03 00:00:00+00:00,-0.4746463961950419,0.013134040460166276,-0.33557409118504666,-0.13006480768915338,-0.0700495703565851,0.44139547076946795,0.038651536040808024
2025-11-03 01:00:00+00:00,-0.4746463961950419,0.013134040460166276,-0.2760849034272219,-0.07479054322177274,0.00531867242790593,0.44262591553408986,0.038651536040808024
2025-11-03 02:00:00+00:00,-0.4746463961950419,0.013134040460166276,-0.26295991271696845,-0.07413303389666143,-0.005318672427905935,0.44208113799375565,0.038651536040808024
2025-11-03 03:00:00+00:00,-0.4827683181426963,0.013134040460166276,-0.26295991271696845,-0.07422384178352032,-0.01616528546690431,0.44159915818934803,0.038651536040808024
2025-11-03 04:00:00+00:00,-0.49173016743148645,0.013134040460166276,-0.2760849034272219,-0.07357948693630577,-0.02097338069906605,0.44070379283467415,0.038651536040808024
2025-11-03 05:00:00+00:00,-0.49579593145764644,0.013134040460166276,-0.2738088968570653,-0.07465509275678794,-0.03249182166446034,0.43982052388308807,0.038651536040808024
2025-11-03 06:00:00+00:00,-0.49787251622704914,-0.025903490687168178,-0.20478574567825614,-0.06557267820799853,-0.11252841177967068,0.4245505193759995,0.059290106571034576
2025-11-03 07:00:00+00:00,-0.42994972082004146,-0.025903490687168178,-0.15802449114196646,-0.06557267820799853,-0.16831421170135188,0.41837733282140066,0.059290106571034576
2025-11-03 08:00:00+00:00,-0.3774707194394139,0.02792037296106939,-0.11012874112740333,-0.06557267820799853,-0.16831421170135188,0.41240441323260596,0.059290106571034576
2025-11-03 09:00:00+00:00,-0.3505845090749521,0.02792037296106939,-0.07296022146575502,-0.06557267820799853,-0.16831421170135188,0.4083846402968672,0.059290106571034576
2025-11-03 10:00:00+00:00,-0.32709283965031183,0.02792037296106939,-0.005156489134856184,-0.06557267820799853,-0.16831421170135188,0.4024610290913354,0.07246871737283385
2025-11-03 11:00:00+00:00,-0.2991480962958289,0.036609406850868546,0.057203485086328845,-0.05759385501758786,-0.14494149092813632,0.37813293614958077,0.11424674370100786
2025-11-03 12:00:00+00:00,-0.25830050905791463,0.04481482121861788,0.15768103675633868,-0.050233101496775054,-0.12333396776904493,0.3598789501925751,0.13949716649268767
2025-11-03 13:00:00+00:00,-0.20906194429347688,-0.043643578047414255,0.33017429295953454,-0.050233101496775054,-0.03831305140887386,0.794728491508313,0.16168053256252898
2025-11-03 14:00:00+00:00,-0.14335160576462286,-0.043643578047414255,0.48223702942939906,-0.016556843573018933,0.10969697436056061,0.8173531302129886,0.18363329085550462
2025-11-03 15:00:00+00:00,-0.05044759775158088,-0.03122121765609946,0.5663797676331357,0.03516313635950896,0.07992691811656787,0.8858397414167068,0.17971512938989995
2025-11-03 16:00:00+00:00,-0.09778189633453978,-0.11933104792091005,0.4676830520014524,0.003224439793551275,0.008301971911011822,0.924356629319148,0.13263352758196445
2025-11-03 17:00:00+00:00,-0.1453923298503674,-0.11933104792091005,0.42580114589060714,-0.028121681989517953,-0.05703053198399041,0.924356629319148,0.10942390300249479
2025-11-03 18:00:00+00:00,-0.1453923298503674,-0.19366499966876105,0.2813259306624892,-0.028121681989517953,-0.11759976104816593,0.9347474755590768,0.08676692780952999
2025-11-03 19:00:00+00:00,-0.10186734074783109,-0.2609998346425704,0.15375467147597618,-0.028121681989517953,-0.17449947127897333,0.9347474755590768,0.06423726146052103
2025-11-03 20:00:00+00:00,-0.03870153435277223,-0.3022731537778291,0.07371422072771394,-0.028121681989517953,-0.17449947127897333,0.9461084376392744,-0.01854241920679694
2025-11-03 21:00:00+00:00,-0.0031077263766742824,-0.30851039716037015,0.016039188101382926,-0.04266436988405223,-0.17449947127897333,0.9402324072385024,-0.04583206560540826
2025-11-03 22:00:00+00:00,0.00670683247928087,-0.30851039716037015,-0.018877108302447102,-0.057025860276203065,-0.20949912523526945,0.9359243323089483,-0.06468798961799575
2025-11-03 23:00:00+00:00,-0.0031532447274612713,-0.30851039716037015,-0.018877108302447102,-0.07256312048368103,-0.24655015003181213,0.932968647604872,-0.06468798961799575
2025-11-04 00:00:00+00:00,-0.023659945400468767,-0.25741018817667033,-0.018877108302447102,-0.09048768550590208,-0.24655015003181213,0.9167701497420708,-0.06468798961799575
2025-11-04 01:00:00+00:00,-0.08313810621153835,-0.2868237454274749,-0.07667381767826345,-0.14299131335230164,-0.2791109135302274,0.8993262060155043,-0.10053069695051049
2025-11-04 02:00:00+00:00,-0.08974163307519364,-0.2868237454274749,-0.08194825765238702,-0.1495045523164003,-0.25765522894345283,0.8993262060155043,-0.10053069695051049
2025-11-04 03:00:00+00:00,-0.093177347555703,-0.2868237454274749,-0.08194825765238702,-0.1568251886784289,-0.25765522894345283,0.8983039743774184,-0.10336065489521679
2025-11-04 04:00:00+00:00,-0.09691815484453514,-0.2677878448902094,-0.0863060397038247,-0.17805081075621157,-0.25765522894345283,0.8978151266752309,-0.10588360069558196
2025-11-04 05:00:00+00:00,-0.1010159112595847,-0.2677878448902094,-0.08927759756862386,-0.17805081075621157,-0.25765522894345283,0.897852323330582,-0.10588360069558196
2025-11-04 06:00:00+00:00,-0.09088461350160618,-0.2677878448902094,-0.052164737407448314,-0.19284813319540306,-0.22487239817128488,0.882344097196609,-0.0968139506207225
2025-11-04 07:00:00+00:00,-0.0781091296210899,-0.2677878448902094,-0.017008128946807113,-0.19284813319540306,-0.22487239817128488,0.882344097196609,-0.0968139506207225
2025-11-04 08:00:00+00:00,-0.06590434529452674,-0.2677878448902094,0.016134704913065314,-0.19284813319540306,-0.22487239817128488,0.8796686280527319,-0.07799968800208812
2025-11-04 09:00:00+00:00,-0.04386941012069563,-0.2677878448902094,0.04774507630041005,-0.19284813319540306,-0.19042146437089866,0.863268455550238,-0.06064630917446332
2025-11-04 10:00:00+00:00,-0.03348233862143176,-0.2677878448902094,0.0638112879388461,-0.19284813319540306,-0.19042146437089866,0.8622507395790344,-0.06064630917446332
2025-11-04 11:00:00+00:00,-0.011518882446247415,-0.2677878448902094,0.12929913477627322,-0.19284813319540306,-0.24380878667161515,0.8144769029966618,-0.06064630917446332
2025-11-04 12:00:00+00:00,0.010523020709632345,-0.2677878448902094,0.16048076739445932,-0.15616554760147267,-0.24380878667161515,0.8107889620431219,-0.06064630917446332
2025-11-04 13:00:00+00:00,0.03219899097486439,-0.2677878448902094,0.18824219096585842,-0.12000227225405885,-0.24380878667161515,0.8107889620431219,-0.06064630917446332
2025-11-04 14:00:00+00:00,0.03219899097486439,-0.2677878448902094,0.21488743001477117,-0.12000227225405885,-0.24380878667161515,0.8240758763311941,-0.043440485502173734
2025-11-04 15:00:00+00:00,0.03219899097486439,-0.2677878448902094,0.3087641696814137,-0.12000227225405885,-0.15911930584415696,0.8231976333008783,0.008065250945181809
2025-11-04 16:00:00+00:00,0.008441733056867528,-0.2677878448902094,0.2730593406365625,-0.12000227225405885,-0.15911930584415696,0.7931466605663993,0.008065250945181809
2025-11-04 17:00:00+00:00,-0.014870813293745682,-0.3173154647424666,0.16960578300830556,-0.12000227225405885,-0.15911930584415696,0.8031828538144253,-0.01018297355216165
2025-11-04 18:00:00+00:00,-0.03752972431475252,-0.3173154647424666,0.13432074508439767,-0.12000227225405885,-0.15911930584415696,0.8031828538144253,-0.04566957006707998
2025-11-04 19:00:00+00:00,-0.0595418631535759,-0.2677878448902094,0.10034329148469699,-0.12000227225405885,-0.15911930584415696,0.8472720429037208,-0.06281569641355068
2025-11-04 20:00:00+00:00,-0.06480335690110134,-0.2159579570028187,0.09670980886434759,-0.10753572161213029,-0.15791259217834436,0.8543088841670481,-0.008900764497130205
2025-11-04 21:00:00+00:00,-0.10487553416103075,-0.2159579570028187,0.09670980886434759,-0.09043006445203804,-0.18836637367258827,0.8543088841670481,0.0011302032748251617
2025-11-04 22:00:00+00:00,-0.12429969560619453,-0.24195539543712274,0.0790826734342222,-0.0706802190699954,-0.21821789023615118,0.8543088841670481,0.0011302032748251617
2025-11-04 23:00:00+00:00,-0.12429969560619453,-0.24195539543712274,0.0790826734342222,-0.0706802190699954,-0.18055501323199533,0.8527853178584666,-0.019824550524969627
2025-11-05 00:00:00+00:00,-0.11117969028575536,-0.28965725295936207,0.06392844019809812,-0.046403837199341,-0.18055501323199533,0.8527853178584666,-0.04305512079612185
2025-11-05 01:00:00+00:00,-0.11117969028575536,-0.28965725295936207,0.06392844019809812,-0.046403837199341,-0.18055501323199533,0.8527853178584666,-0.04548588261497223
2025-11-05 02:00:00+00:00,-0.11117969028575536,-0.28965725295936207,0.0643512327979144,-0.046403837199341,-0.20842088162805822,0.8483055393219985,-0.04305512079612185
2025-11-05 03:00:00+00:00,-0.11455069987232545,-0.28965725295936207,0.06495698024621063,-0.046403837199341,-0.20842088162805822,0.8445161615806112,-0.04732924673817424
2025-11-05 04:00:00+00:00,-0.11812549342207132,-0.3142696805276884,0.06472553209880366,-0.046403837199341,-0.2205643866283018,0.8413812612320684,-0.049507881345952805
2025-11-05 05:00:00+00:00,-0.12192798849568148,-0.3142696805276884,0.061258517582275594,-0.05022472023318338,-0.23463813640398362,0.8413812612320684,-0.049507881345952805
2025-11-05 06:00:00+00:00,-0.10492661682168054,-0.2945440658988484,0.07596177114746269,-0.033945005147764315,-0.2532405920547169,0.8413812612320684,-0.049507881345952805
2025-11-05 07:00:00+00:00,-0.09460945407594601,-0.260359587582729,0.0903020176347846,-0.033945005147764315,-0.22191676197872134,0.8344919481907637,-0.03058876451609863
2025-11-05 08:00:00+00:00,-0.08461482156960273,-0.260359587582729,0.0903020176347846,-0.01658856267585034,-0.1825741858351877,0.8344919481907637,-0.03058876451609863
2025-11-05 09:00:00+00:00,-0.07528540932258893,-0.260359587582729,0.1043281061915366,2.422119829576532e-13,-0.1825741858351877,0.8413812612320684,-0.03058876451609863
2025-11-05 10:00:00+00:00,-0.06677667774244991,-0.260359587582729,0.11988718078954609,0.016200188419299183,-0.1825741858351877,0.8413812612320684,-0.03058876451609863
2025-11-05 11:00:00+00:00,-0.06677667774244991,-0.260359587582729,0.11988718078954609,0.050823089680240435,-0.07100716024972394,0.8663631165988386,-0.03058876451609863
2025-11-05 12:00:00+00:00,-0.06677667774244991,-0.260359587582729,0.15080464278639846,0.050823089680240435,-0.011797408394041002,0.8663631165988386,-0.03058876451609863
2025-11-05 13:00:00+00:00,-0.04785852521775944,-0.20761060321020194,0.17853636709861123,0.050823089680240435,0.044946657497582004,0.869611505303154,-0.03058876451609863
2025-11-05 14:00:00+00:00,-0.02923526731025711,-0.20761060321020194,0.20515248496570496,0.016200188419299183,0.09690874237054006,0.869611505303154,-0.03058876451609863
2025-11-05 15:00:00+00:00,-0.05712096095186912,-0.29191832547120306,0.15729852934599522,0.016200188419299183,0.09690874237054006,0.869611505303154,-0.03058876451609863
2025-11-05 16:00:00+00:00,-0.05712096095186912,-0.29191832547120306,0.12144654188940414,0.05568460463925778,0.09690874237054006,0.9031779099822128,-0.051853679849865934
2025-11-05 17:00:00+00:00,-0.07722173204676346,-0.29191832547120306,0.12144654188940414,0.015926169695787074,0.034565056491039275,0.9008883688316065,-0.051853679849865934
2025-11-05 18:00:00+00:00,-0.09661050356386533,-0.29191832547120306,0.08519529699929629,-0.022341697396391982,-0.023397765906535386,0.9008883688316065,-0.03075104026765337
2025-11-05 19:00:00+00:00,-0.1155952977695913,-0.3520237042660499,0.050493528690521816,-0.05840585991576215,-0.023397765906535386,0.8833473206985413,-0.03075104026765337
2025-11-05 20:00:00+00:00,-0.1243224079870077,-0.3520237042660499,-0.001784164624330327,-0.05840585991576215,-0.023397765906535386,0.8833473206985413,-0.04130991053998789
2025-11-05 21:00:00+00:00,-0.11611993873043462,-0.3520237042660499,-0.032633477849813644,-0.09070940018847362,-0.051899929610805966,0.8833473206985413,-0.06144556014865896
2025-11-05 22:00:00+00:00,-0.12486978502244116,-0.3520237042660499,-0.06256063285326512,-0.1225057425913764,-0.022594168091232495,0.8833473206985413,-0.07216878364856603
2025-11-05 23:00:00+00:00,-0.13576029203117526,-0.3520237042660499,-0.11396635817893402,-0.1402573746639702,-0.08459038159188928,0.886316609119349,-0.07216878364856603
2025-11-06 00:00:00+00:00,-0.14943506758870306,-0.3520237042660499,-0.11396635817893402,-0.21098002032480256,-0.12067668450007604,0.886316609119349,-0.07216878364856603
2025-11-06 01:00:00+00:00,-0.15404159684760182,-0.3520237042660499,-0.12062192836766661,-0.2278888059523201,-0.12067668450007604,0.886316609119349,-0.07503892481646005
2025-11-06 02:00:00+00:00,-0.16342704347643544,-0.3520237042660499,-0.1316347130588066,-0.24865521107164412,-0.12067668450007604,0.892584908527582,-0.08182611777678603
2025-11-06 03:00:00+00:00,-0.16816259151313648,-0.3520237042660499,-0.13887387306226556,-0.27511336725842755,-0.12067668450007604,0.8998668934407257,-0.08182611777678603
2025-11-06 04:00:00+00:00,-0.17322250638259662,-0.3520237042660499,-0.14492952152710795,-0.31061502242921896,-0.12067668450007604,0.9082487681890982,-0.08182611777678603
2025-11-06 05:00:00+00:00,-0.2148802227881229,-0.38416102487670006,-0.15296496752478372,-0.34153486761781526,-0.11881211413062773,0.9002426538954212,-0.10490658599071101
2025-11-06 06:00:00+00:00,-0.23407693713565658,-0.38416102487670006,-0.13723219536685094,-0.3285441204601029,-0.07683220497537435,0.9002426538954212,-0.10490658599071101
2025-11-06 07:00:00+00:00,-0.26586676619734356,-0.38416102487670006,-0.08938961190634315,-0.3285441204601029,-0.07683220497537435,0.909600845804659,-0.10490658599071101
2025-11-06 08:00:00+00:00,-0.2786053979051403,-0.38416102487670006,-0.04815713303303996,-0.3285441204601029,-0.07683220497537435,0.909600845804659,-0.10490658599071101
2025-11-06 09:00:00+00:00,-0.2786053979051403,-0.35254754676100813,-0.03587049165772193,-0.3285441204601029,-0.07683220497537435,0.9008400587861533,-0.11427582070355798
2025-11-06 10:00:00+00:00,-0.25405969696726305,-0.3487775120272705,-0.04723256898643874,-0.2803518348001981,-0.04839998600280889,0.9057476432620369,-0.1316187789257718
2025-11-06 11:00:00+00:00,-0.23616623215288493,-0.3487775120272705,-0.022251767797294368,-0.23509542642359327,-0.04839998600280889,0.9174144378767483,-0.1316187789257718
2025-11-06 12:00:00+00:00,-0.21684721910645566,-0.3487775120272705,0.027503482920698485,-0.19063648948966433,-0.04839998600280889,0.9174144378767483,-0.1316187789257718
2025-11-06 13:00:00+00:00,-0.21684721910645566,-0.3487775120272705,0.0738844518864559,-0.14678149010729907,-0.04839998600280889,0.9138114501143243,-0.1316187789257718
2025-11-06 14:00:00+00:00,-0.19086935636061944,-0.33968311024356834,0.14737522523681712,-0.04774099160277231,-0.014678923792511723,0.9219970135183249,-0.11873320214482032
2025-11-06 15:00:00+00:00,-0.13542945022483807,-0.2707083575142352,0.2849950368736879,-0.04774099160277231,0.06756231274263282,0.923055169963488,-0.11873320214482032
2025-11-06 16:00:00+00:00,-0.13542945022483807,-0.2707083575142352,0.2567789579322063,-0.16108415127657316,0.06756231274263282,0.9339425545817319,-0.09763185849008874
2025-11-06 17:00:00+00:00,-0.13542945022483807,-0.2707083575142352,0.19902259647136983,-0.16108415127657316,0.06756231274263282,0.9339425545817319,-0.09763185849008874
2025-11-06 18:00:00+00:00,-0.11393612140004061,-0.2707083575142352,0.16994997617026286,-0.16108415127657316,0.06756231274263282,0.9453578017797737,-0.11808600294515806
2025-11-06 19:00:00+00:00,-0.08905302083654043,-0.25539117336562295,0.16404648519081974,-0.12997182037176375,0.030162561835298994,0.9557349313457244,-0.09406717583543821
2025-11-06 20:00:00+00:00,-0.08905302083654043,-0.25539117336562295,0.18318875017767483,-0.15291431553231022,0.030162561835298994,0.9557349313457244,-0.08319472835018062
2025-11-06 21:00:00+00:00,-0.10028005554327453,-0.25539117336562295,0.18318875017767483,-0.15291431553231022,0.07099611650145206,0.9557349313457244,-0.07184322914454004
2025-11-06 22:00:00+00:00,-0.10028005554327453,-0.25539117336562295,0.14684162925689973,-0.15291431553231022,0.10344521580929635,0.9541779599722725,-0.05848451120392386
2025-11-06 23:00:00+00:00,-0.11366693842678705,-0.25539117336562295,0.14684162925689973,-0.1847508754269666,0.138249493598435,0.9535790714138643,-0.05848451120392386
2025-11-07 00:00:00+00:00,-0.16293524273911392,-0.25539117336562295,0.10795883867747152,-0.22455548098102446,0.138249493598435,0.9535790714138643,-0.05848451120392386
2025-11-07 01:00:00+00:00,-0.17084072156666763,-0.25539117336562295,0.10719293010533187,-0.22455548098102446,0.13882472154126166,0.9395551960214602,-0.06292239960180969
2025-11-07 02:00:00+00:00,-0.16293524273911392,-0.25539117336562295,0.10594261337140444,-0.22455548098102446,0.13882472154126166,0.9248722014239278,-0.06761863471503518
2025-11-07 03:00:00+00:00,-0.16293524273911392,-0.25539117336562295,0.10530075666442486,-0.22455548098102446,0.13882472154126166,0.9234146737968196,-0.06761863471503518
2025-11-07 04:00:00+00:00,-0.16293524273911392,-0.2280550323960764,0.10448617917035302,-0.22455548098102446,0.13882472154126166,0.9224066159380345,-0.06761863471503518
2025-11-07 05:00:00+00:00,-0.16293524273911392,-0.2280550323960764,0.10448617917035302,-0.22455548098102446,0.11509539594996165,0.908133277584669,-0.07410122432289563
2025-11-07 06:00:00+00:00,-0.16293524273911392,-0.2280550323960764,0.09142377715659589,-0.22455548098102446,0.09248178723653214,0.8944030756023842,-0.07410122432289563
2025-11-07 07:00:00+00:00,-0.1695872224683167,-0.2280550323960764,0.11100297401654476,-0.22455548098102446,0.09248178723653214,0.8902579087245799,-0.07410122432289563
2025-11-07 08:00:00+00:00,-0.18642055400301005,-0.25168497552507807,0.10229246418071422,-0.2407571854194327,0.07422699127363433,0.8864827987582785,-0.07410122432289563
2025-11-07 09:00:00+00:00,-0.20373899077558816,-0.27665580972283743,0.11236681323984263,-0.257123723689669,0.07422699127363433,0.889759561364297,-0.06589923541897945
2025-11-07 10:00:00+00:00,-0.25669541729975665,-0.27665580972283743,0.11236681323984263,-0.2984139277850839,0.0223443412766237,0.8829863753558032,-0.02946464979658076
2025-11-07 11:00:00+00:00,-0.30308336983831446,-0.3178857746142411,0.08511256856189048,-0.339892162825346,0.0223443412766237,0.8767435785352813,-0.04755019736119355
2025-11-07 12:00:00+00:00,-0.36658900932497,-0.35794883603574446,0.03483107250561033,-0.3817282434635986,0.0223443412766237,0.8767435785352813,-0.04755019736119355
2025-11-07 13:00:00+00:00,-0.4508724459284332,-0.41974505923395267,-0.04147525108082013,-0.4240950551263001,-0.0818085294250001,0.8822534288119536,-0.04755019736119355
2025-11-07 14:00:00+00:00,-0.5747813806569491,-0.4401043333943619,-0.13624380296627803,-0.5023865825581417,-0.192733670691774,0.86722173445457,-0.0780367241237397
2025-11-07 15:00:00+00:00,-0.6640762675559074,-0.4401043333943619,-0.18260130291871918,-0.5023865825581417,-0.192733670691774,0.8715234308276837,-0.10893642256492307
2025-11-07 16:00:00+00:00,-0.5927186956201326,-0.4401043333943619,-0.18260130291871918,-0.4459788166502235,-0.192733670691774,0.8833511425907316,-0.05859653884502229
2025-11-07 17:00:00+00:00,-0.5317818307874385,-0.38861930169676917,-0.14743616871663356,-0.38973091873648497,-0.192733670691774,0.8833511425907316,-0.05859653884502229
2025-11-07 18:00:00+00:00,-0.4693444561951619,-0.38861930169676917,-0.14743616871663356,-0.33340930349734893,-0.192733670691774,0.8833511425907316,-0.05859653884502229
2025-11-07 19:00:00+00:00,-0.44947800965353335,-0.38861930169676917,-0.14743616871663356,-0.28309993774339026,-0.192733670691774,0.8833511425907316,-0.05859653884502229
2025-11-07 20:00:00+00:00,-0.43118278242476427,-0.3787121779402102,-0.14743616871663356,-0.21659648473202855,-0.15914047399646614,0.8833511425907316,-0.0456554374442178
2025-11-07 21:00:00+00:00,-0.4386359163676234,-0.37010933718867806,-0.14743616871663356,-0.12929251864111874,-0.192733670691774,0.8833511425907316,-0.0456554374442178
2025-11-07 22:00:00+00:00,-0.45417026219598017,-0.37010933718867806,-0.13013990168611006,-0.08739511798625675,-0.30016956514123944,0.8745983115164915,-0.05973474897029332
2025-11-07 23:00:00+00:00,-0.3783475185660796,-0.3263372725499257,-0.15394552850692406,-0.01635831063991362,-0.30016956514123944,0.8663013633246607,-0.044499415949108063
2025-11-08 00:00:00+00:00,-0.2611428633331275,-0.3263372725499257,-0.15394552850692406,-0.01635831063991362,-0.30016956514123944,0.8584926617818068,-0.044499415949108063
2025-11-08 01:00:00+00:00,-0.1843255240503114,-0.2987446106011484,-0.12333653710362709,-0.04133337757346758,-0.31878394884225836,0.8483749215991226,0.02665733878980433
2025-11-08 02:00:00+00:00,-0.17499048954448956,-0.2987446106011484,-0.12333653710362709,-0.06385445460610324,-0.33264640146819574,0.8605815370396157,0.029692934722214077
2025-11-08 03:00:00+00:00,-0.16054815268519787,-0.27626537437285537,-0.12333653710362709,-0.09809737728022216,-0.37775046017333375,0.8473342402317775,0.029692934722214077
2025-11-08 04:00:00+00:00,-0.14011183286259027,-0.24766399373257564,-0.12333653710362709,-0.09809737728022216,-0.3990057930744343,0.8365503492277833,0.029692934722214077
2025-11-08 05:00:00+00:00,-0.11498856567401841,-0.2313694751248949,-0.09547933559647387,-0.09869275424385031,-0.363960894146219,0.8508356128250126,0.0572909695385509
2025-11-08 06:00:00+00:00,-0.1399058493855977,-0.25227413682904676,-0.06637855984167655,-0.09869275424385031,-0.3412372769130202,0.8767814784824803,0.0572909695385509
2025-11-08 07:00:00+00:00,-0.17828675159333443,-0.31652097680381364,-0.16217293168978344,-0.09869275424385031,-0.28811151748302566,0.8832263036446761,0.0572909695385509
2025-11-08 08:00:00+00:00,-0.23058199560001338,-0.31652097680381364,-0.16217293168978344,-0.09869275424385031,-0.28811151748302566,0.879081758079261,0.0572909695385509
2025-11-08 09:00:00+00:00,-0.2859847204987828,-0.31652097680381364,-0.16217293168978344,-0.1487709540893291,-0.28811151748302566,0.881346283497249,0.0572909695385509
2025-11-08 10:00:00+00:00,-0.3366643382203565,-0.3741400215130571,-0.113974201588474,-0.15633200986874324,-0.2602618692630345,0.8926035106538477,0.03797906529478009
2025-11-08 11:00:00+00:00,-0.3675392641043886,-0.37409786526893063,-0.05798207565971519,-0.21375616857870355,-0.27138039085188176,0.8991080930720384,0.05658113236051486
2025-11-08 12:00:00+00:00,-0.41217133072549644,-0.37409786526893063,-0.010409327605850414,-0.32624737000952314,-0.27138039085188176,0.9146482837869689,0.05658113236051486
2025-11-08 13:00:00+00:00,-0.45642415814476345,-0.33289588782595503,-0.010409327605850414,-0.32624737000952314,-0.27138039085188176,0.9318181818188859,0.05658113236051486
2025-11-08 14:00:00+00:00,-0.544450249940127,-0.3873053622899626,-0.05798207565971519,-0.32624737000952314,-0.337963184709953,0.9370571885383285,0.05658113236051486
2025-11-08 15:00:00+00:00,-0.6746927246909162,-0.48680948031380106,-0.12107742121717574,-0.3541992305724166,-0.362617939921114,0.9689754198015234,0.05755166322588562
2025-11-08 16:00:00+00:00,-0.5971012458654718,-0.4283805696031657,-0.12107742121717574,-0.3541992305724166,-0.362617939921114,0.9735856091417635,0.03504622524457415
2025-11-08 17:00:00+00:00,-0.6099747566649834,-0.4283805696031657,-0.17048619533253276,-0.19170223179809281,-0.2924099186571008,0.9653601623025385,0.03504622524457415
2025-11-08 18:00:00+00:00,-0.636614424717348,-0.38444290108538853,-0.17048619533253276,-0.05067675797662319,-0.2165110833410952,0.9576236880331341,0.05843504885024136
