time_utc,6.8x51mm Hybrid,7.62x51mm M62,7.62x54R BT,5.8x42mm DVC12,5.7x28mm SS190,7.62x39mm AP,9x39mm BP,4.6x30mm AP SX,12.7x55mm PS12B,5.56x45mm M995
2025-09-21 18:00:00+00:00,,,,,,,,,,
2025-09-21 20:00:00+00:00,,,,,,,,,,
2025-09-21 22:00:00+00:00,,,,,,,,,,
2025-09-22 00:00:00+00:00,,,,,,,,,,
2025-09-22 02:00:00+00:00,,,,,,,,,,
2025-09-22 04:00:00+00:00,,,,,,,,,,
2025-09-22 06:00:00+00:00,,,,,,,,,,
2025-09-22 08:00:00+00:00,,,,,,,,,,
2025-09-22 10:00:00+00:00,,,,,,,,,,
2025-09-22 12:00:00+00:00,,,,,,,,,,
2025-09-22 14:00:00+00:00,,,,,,,,,,
2025-09-22 16:00:00+00:00,,,,,,,,,,
2025-09-22 18:00:00+00:00,,,,,,,,,,
2025-09-22 20:00:00+00:00,,,,,,,,,,
2025-09-22 22:00:00+00:00,,,,,,,,,,
2025-09-23 00:00:00+00:00,,,,,,,,,,
2025-09-23 02:00:00+00:00,,,,,,,,,,
2025-09-23 04:00:00+00:00,,,,,,,,,,
2025-09-23 06:00:00+00:00,,,,,,,,,,
2025-09-23 08:00:00+00:00,,,,,,,,,,
2025-09-23 10:00:00+00:00,,,,,,,,,,
2025-09-23 12:00:00+00:00,,,,,,,,,,
2025-09-23 14:00:00+00:00,,,,,,,,,,
2025-09-23 16:00:00+00:00,,,,,,,,,,
2025-09-23 18:00:00+00:00,,,,,,,,,,
2025-09-23 20:00:00+00:00,,,,,,,,,,
2025-09-23 22:00:00+00:00,,,,,,,,,,
2025-09-24 00:00:00+00:00,,,,,,,,,,
2025-09-24 02:00:00+00:00,,,,,,,,,,
2025-09-24 04:00:00+00:00,,,,,,,,,,
2025-09-24 06:00:00+00:00,,,,,,,,,,
2025-09-24 08:00:00+00:00,,,,,,,,,,
2025-09-24 10:00:00+00:00,,,,,,,,,,
2025-09-24 12:00:00+00:00,,,,,,,,,,
2025-09-24 14:00:00+00:00,,,,,,,,,,
2025-09-24 16:00:00+00:00,,,,,,,,,,
2025-09-24 18:00:00+00:00,,,,,,,,,,
2025-09-24 20:00:00+00:00,,,,,,,,,,
2025-09-24 22:00:00+00:00,,,,,,,,,,
2025-09-25 00:00:00+00:00,,,,,,,,,,
2025-09-25 02:00:00+00:00,,,,,,,,,,
2025-09-25 04:00:00+00:00,,,,,,,,,,
2025-09-25 06:00:00+00:00,,,,,,,,,,
2025-09-25 08:00:00+00:00,,,,,,,,,,
2025-09-25 10:00:00+00:00,,,,,,,,,,
2025-09-25 12:00:00+00:00,,,,,,,,,,
2025-09-25 14:00:00+00:00,,,,,,,,,,
2025-09-25 16:00:00+00:00,,,,,,,,,,
2025-09-25 18:00:00+00:00,,,,,,,,,,
2025-09-25 20:00:00+00:00,,,,,,,,,,
2025-09-25 22:00:00+00:00,,,,,,,,,,
2025-09-26 00:00:00+00:00,,,,,,,,,,
2025-09-26 02:00:00+00:00,,,,,,,,,,
2025-09-26 04:00:00+00:00,,,,,,,,,,
2025-09-26 06:00:00+00:00,,,,,,,,,,
2025-09-26 08:00:00+00:00,,,,,,,,,,
2025-09-26 10:00:00+00:00,,,,,,,,,,
2025-09-26 12:00:00+00:00,,,,,,,,,,
2025-09-26 14:00:00+00:00,,,,,,,,,,
2025-09-26 16:00:00+00:00,-0.239238362774563,-0.0946624618601976,-0.0960101823801149,-0.4011662444392281,-0.3180256574729121,-0.046065494822143976,-0.3588711405184731,-0.37030038194634296,-0.3436215967445451,-0.4569086050869196
2025-09-26 18:00:00+00:00,-0.2685038929197672,-0.11560811293954151,-0.09175496322912055,-0.4069437807887847,-0.33120711131312086,-0.05938629589221152,-0.3606406002692927,-0.38043484294114144,-0.3607939911691036,-0.4468784464740014
2025-09-26 20:00:00+00:00,-0.29802071282192705,-0.13496815071504545,-0.08775855730494886,-0.42557503510341665,-0.35197462697974236,-0.071858949966804,-0.3672028646279192,-0.3899084562589238,-0.35667632804542965,-0.44934680867181515
2025-09-26 22:00:00+00:00,-0.29594131727571316,-0.13057600810082326,-0.08812778595318839,-0.42417639324215284,-0.3520936805574436,-0.06967018460068258,-0.3640622162678083,-0.38772297816898166,-0.35358845642765513,-0.4461214125962262
2025-09-27 00:00:00+00:00,-0.29534998726544637,-0.13010778429952657,-0.088485181300261,-0.4228969622159557,-0.3522089578169865,-0.07265392195447241,-0.3612883984795744,-0.3857575309609144,-0.350620445908259,-0.4379327397384202
2025-09-27 02:00:00+00:00,-0.2856342099440052,-0.10054207894407642,-0.11909458096101794,-0.4320158774387622,-0.3683204038986287,-0.10562961819013686,-0.38520129433737665,-0.40164339520767695,-0.32756494138809245,-0.4635347880082639
2025-09-27 04:00:00+00:00,-0.28516212903901306,-0.09726562385288508,-0.11932916742802599,-0.4317349460249224,-0.365848200160044,-0.10363670573808,-0.384615604486008,-0.4018122803775315,-0.32087147516105435,-0.45578454319347117
2025-09-27 06:00:00+00:00,-0.28180558706779285,-0.09414561047278579,-0.11955662723914136,-0.42908379732591573,-0.3613433490653438,-0.10526288740509619,-0.3817663749828814,-0.39565237863263714,-0.30886804955124003,-0.4489051929536588
2025-09-27 08:00:00+00:00,-0.25667429978947803,-0.04641864331743207,-0.11999493106887432,-0.40632092090761485,-0.34889922100094933,-0.08697562256706809,-0.3585072450736686,-0.38006528323909367,-0.2562199727897968,-0.46327578245881296
2025-09-27 10:00:00+00:00,-0.24153561282919994,-0.023945677931966895,-0.12044167553361317,-0.4016668426188883,-0.3692360531353529,-0.06997347871528019,-0.35608887677458745,-0.38658136608655924,-0.22482901448245565,-0.4833332119975071
2025-09-27 12:00:00+00:00,-0.22740788950691626,-0.003111245687303274,-0.12089327193863793,-0.3974007389073844,-0.36476922089659325,-0.054116979751457024,-0.35391029666490353,-0.3780027652926325,-0.1958682510545119,-0.4950972603143438
2025-09-27 14:00:00+00:00,-0.22547428718056817,-0.0020320623395530513,-0.12100261728735574,-0.397468413267952,-0.3647884648989865,-0.05318099191737429,-0.35401288192783753,-0.37782877698667966,-0.19300860865719582,-0.4950560211388729
2025-09-27 16:00:00+00:00,-0.2236154091505962,0.0,-0.10652814835703477,-0.397534192790435,-0.36427375572892207,-0.05227733021834409,-0.3538389365151595,-0.37707277031070635,-0.1875128759294661,-0.4893186577879252
2025-09-27 18:00:00+00:00,-0.24823456452885295,-0.031746592209132,-0.14126150032016405,-0.4029427350909015,-0.35866310133663426,-0.06348238025619947,-0.36073179556804197,-0.38621883733880547,-0.20262472011500648,-0.5069472096286854
2025-09-27 20:00:00+00:00,-0.2741737842916084,-0.07403688241326697,-0.17226542128689182,-0.40259231676546636,-0.37950082619199765,-0.07407150828512465,-0.3672678654145863,-0.3875667461816803,-0.2167823981833326,-0.5233561014906857
2025-09-27 22:00:00+00:00,-0.27332667888920065,-0.07252619416121843,-0.16982018239693564,-0.40193722166771423,-0.3789424302135985,-0.07522313862010976,-0.36499487168421935,-0.385738171803567,-0.21587860252712954,-0.5233939075233268
2025-09-28 00:00:00+00:00,-0.27324160789619184,-0.0726192077090011,-0.1674723658287425,-0.39992219705828524,-0.37857642642776823,-0.07632739471297167,-0.36139718105912993,-0.3827719259155147,-0.2160854408911117,-0.5234307121376964
2025-09-28 02:00:00+00:00,-0.27315876343444406,-0.07270978501844819,-0.16008537633409323,-0.3960532682066284,-0.3755999721047376,-0.07510520140230209,-0.35808930407747874,-0.38001605291172275,-0.21628678942140098,-0.5234665546021069
2025-09-28 04:00:00+00:00,-0.2723541910958948,-0.07279802056994314,-0.15335455467920062,-0.39433809564723643,-0.3750037268931349,-0.0739221270955308,-0.3563485216777909,-0.37994845855268605,-0.21541339934663,-0.5235014721604844
2025-09-28 06:00:00+00:00,-0.2689970704009848,-0.07137850816390752,-0.1471870875026955,-0.39225152617846,-0.37442326618640764,-0.0727762968457287,-0.3552550675748152,-0.376700340062563,-0.2125293259141435,-0.5235355001560418
2025-09-28 08:00:00+00:00,-0.2508411374350439,-0.03771139063984439,-0.08365201018492635,-0.3726164066361701,-0.37642077542245456,-0.05883710355049649,-0.3410871689339837,-0.363255380929163,-0.2013119716593691,-0.4927438945517473
2025-09-28 10:00:00+00:00,-0.23377818430374542,-0.02289150571859278,-0.04885396776762485,-0.3686165178224453,-0.38380730658032247,-0.005008750190524211,-0.34341349689245226,-0.37274732808263356,-0.19074431199151107,-0.4764052378662275
2025-09-28 12:00:00+00:00,-0.21770651773647845,-0.008929290558624918,-0.017011119161802597,-0.36488947912090874,-0.37335479627307305,0.07180744969589267,-0.3409125876279109,-0.36970686240823497,-0.16881056216527,-0.44895876511597577
2025-09-28 14:00:00+00:00,-0.21668074314543762,-0.00843303559114257,-0.01570255039272483,-0.36449779052706677,-0.37299248193477097,0.07096312661369805,-0.3408280628090627,-0.3695615788227051,-0.16716781953552023,-0.4456422561633501
2025-09-28 16:00:00+00:00,-0.21568641971699265,-0.007333811016080901,-0.013537506240530585,-0.3645247121566725,-0.37172620436457027,0.0671382425773718,-0.34012294525677067,-0.3689524513802232,-0.16558891376810173,-0.44245793512976617
2025-09-28 18:00:00+00:00,-0.2357575571569151,-0.021415995962850373,-0.06103177085950078,-0.3645247121566725,-0.38236392734853203,0.03877194849880572,-0.32900640611679033,-0.35492818627017525,-0.1748491518613864,-0.44245793512976617
2025-09-28 20:00:00+00:00,-0.257813226561165,-0.06165155489914428,-0.09363658305675403,-0.3489719924984585,-0.3542728997050389,-0.01390042373234951,-0.3158892199232469,-0.348927000702303,-0.19399560417351994,-0.43863317205969354
2025-09-28 22:00:00+00:00,-0.2590645519812767,-0.060866725006366675,-0.08918616456090618,-0.3476176722660484,-0.3853067459170074,-0.01273994878909044,-0.31113936653947977,-0.34766825646721045,-0.19577855916113052,-0.4354635101726398
2025-09-29 00:00:00+00:00,-0.2596951562918422,-0.04934015923061082,-0.0629310802227637,-0.3653845279339592,-0.4130849648683493,0.04070127964954931,-0.3328998719249298,-0.3671531311044601,-0.20031431032054997,-0.4329549310384748
2025-09-29 02:00:00+00:00,-0.2625692817666393,-0.038782730711184606,-0.038498011442854495,-0.376257905222465,-0.4256504056365532,0.08651613333363248,-0.35141261793777856,-0.38073863975551675,-0.20851285596011584,-0.4309535376147009
2025-09-29 04:00:00+00:00,-0.26487015266375225,-0.02914982350791746,-0.015714315493586237,-0.3855244327484194,-0.422398893831767,0.12636547198874026,-0.3651144615672334,-0.3859316496856634,-0.20749057199716756,-0.4373587656751675
2025-09-29 06:00:00+00:00,-0.2573360078443542,-0.01986648529577811,0.0055730348218872815,-0.3697339391738576,-0.4060615197728197,0.1614268693175937,-0.3547183597918707,-0.37398566730949545,-0.19270795433714538,-0.4160246327353713
2025-09-29 08:00:00+00:00,-0.24418032511553445,0.0030412739077485,0.025761826869392854,-0.36131859339980277,-0.3979182674760753,0.17864662937499529,-0.3434115387175251,-0.36702913720710717,-0.1908618099616635,-0.39480358495383994
2025-09-29 10:00:00+00:00,-0.23920922828355895,0.02432021361376667,0.04476802170713245,-0.36406184247822354,-0.4090939347108951,0.20880798258774422,-0.3449890104939187,-0.3741216169665975,-0.1901132652536312,-0.38483392634937336
2025-09-29 12:00:00+00:00,-0.23550448208469446,0.044112925798832844,0.06265280535436675,-0.36129950384283216,-0.40445788694479723,0.23501531059712968,-0.3466958456897862,-0.3682728043968899,-0.1742871787300968,-0.37542429785467424
2025-09-29 14:00:00+00:00,-0.2331024341928872,0.06254486404417592,0.07952256363501564,-0.35267011314465185,-0.40798769326185785,0.2487229205756321,-0.34473956045670745,-0.35887967302874035,-0.16127555708595984,-0.3570087789107538
2025-09-29 16:00:00+00:00,-0.22529992385541697,0.09038360043243161,0.09773230886406913,-0.35008821148559055,-0.3929721074965291,0.2720380753432551,-0.3337264848650174,-0.3495377472274217,-0.14644958585884932,-0.32937048218713444
2025-09-29 18:00:00+00:00,-0.19127777845624017,0.11024593495618201,0.14725576331473877,-0.30563983217198926,-0.3500063818229986,0.2943701271531128,-0.29492516367380517,-0.3143617206625748,-0.09902269455910565,-0.28323949441234575
2025-09-29 20:00:00+00:00,-0.160553427556316,0.1481447437767483,0.17635143244934331,-0.2648847850724664,-0.3022102143760579,0.31487988457611754,-0.24865371600841804,-0.288383381993918,-0.047608201997365915,-0.2148828022182648
2025-09-29 22:00:00+00:00,-0.16017295880247717,0.1497012410552842,0.1775121251261716,-0.27826841488908266,-0.27739630451721664,0.3233807854803594,-0.26773047674384426,-0.3086394042943698,-0.059723560948356944,-0.20963239750069856
2025-09-30 00:00:00+00:00,-0.1020620068287511,0.10460292706069277,0.19843442231647532,-0.27111093064240815,-0.3275985788536935,0.25981683226677293,-0.30540623306478576,-0.2998175822291336,-0.08981261571027176,-0.08978824806775312
2025-09-30 02:00:00+00:00,-0.0927529364861231,0.09309190413915377,0.22667623634012726,-0.29748447710790726,-0.3650328458497414,0.3285214701358321,-0.3328296434613842,-0.3429480570145012,-0.11777460873196817,-0.049897761528192495
2025-09-30 04:00:00+00:00,-0.09727189957061519,0.0877758731059923,0.25297601976921086,-0.29919861165256945,-0.3292714658366157,0.3238474865462781,-0.3441541363109293,-0.3510409244798509,-0.09319473167598827,-0.02982320531823099
2025-09-30 06:00:00+00:00,-0.05365521021855528,0.12698799237478495,0.2745033215428968,-0.2144278707365955,-0.21213377587170046,0.3742859521149406,-0.28406638248011573,-0.26503257149741877,-0.034251345680445064,-0.015935822685435173
2025-09-30 08:00:00+00:00,-0.04057288073282304,0.19595796126423884,0.33566627442820907,-0.1875170657833128,-0.19570596601876541,0.3706331671725777,-0.23400171388955063,-0.23395099270138642,0.010849873436951131,-0.005329241926987303
2025-09-30 10:00:00+00:00,-0.024922795938105213,0.22020129049888038,0.34869625064954,-0.20760506123144823,-0.20226016683422024,0.36909197048863984,-0.2218383343705191,-0.27247664679319616,0.05631461661210959,-0.04555032991815821
2025-09-30 12:00:00+00:00,-0.014006042555079794,0.24074447072330352,0.361252953883129,-0.2073570904470928,-0.1732427113756852,0.3705133386018367,-0.21357991716638816,-0.23835577693774349,0.12578664677127144,-0.10176166427988706
2025-09-30 14:00:00+00:00,-0.014427015726490144,0.25657292398859616,0.37042373913234894,-0.17208284428739215,-0.152237692477601,0.3321809847790634,-0.19350998456593654,-0.19511542982786428,0.148290392591933,-0.1108092711061697
2025-09-30 16:00:00+00:00,-0.025713468558155046,0.29454768872876325,0.37399535049177807,-0.11966615634926624,-0.08967914604918867,0.37164152586389687,-0.14300352224424917,-0.14590830067381777,0.18111683672328355,-0.09809102076902787
2025-09-30 18:00:00+00:00,0.006165284225842924,0.37257499034722663,0.40722964853531146,-0.03486008078504598,-0.017448995414511954,0.40489200078613113,-0.0527936552776016,-0.09486894750371064,0.21752149341613866,-0.03905794750612985
2025-09-30 20:00:00+00:00,0.08619038038255583,0.4464986071661158,0.409564487564936,0.09072122330977628,-0.021293872496751787,0.433302100500089,0.01776072332679833,-0.05226206107098446,0.25638346157880876,0.03913486913123559
2025-09-30 22:00:00+00:00,0.08075316283257881,0.44466581750752265,0.41656990196025045,0.05409075043748997,0.023884438449349368,0.4322715201205574,-0.023015206639944708,-0.09399785416910615,0.2665810640955763,0.027948622002898924
2025-10-01 00:00:00+00:00,0.06174750154044908,0.44956299777498765,0.42209921212709167,0.028597576112803794,0.011566692025074562,0.43414555178303893,-0.058481331597040755,-0.12243963908297957,0.27530517015807854,-0.004278491134307215
2025-10-01 02:00:00+00:00,0.03801725601830828,0.45383773691445173,0.42696885710987026,0.003911272894632608,-6.764494245868769e-05,0.4350791975251552,-0.08869013904290934,-0.13949115238908988,0.28221091704032086,-0.0402050839838569
2025-10-01 04:00:00+00:00,0.015151939899484495,0.4581683681662621,0.43121194453102774,-0.014618076253437858,0.030897010320962603,0.4356461992657176,-0.10838899620370865,-0.1328528237004946,0.288187017924994,-0.07385903795070937
2025-10-01 06:00:00+00:00,0.010132622945394748,0.46084760744936015,0.43748092661876425,0.01583074349387355,0.08540110266248946,0.43699188292449725,-0.08264537813181276,-0.08925916617331152,0.313212031516982,-0.1055177650584388
2025-10-01 08:00:00+00:00,0.021104530086581304,0.47330229231192633,0.4584986270367441,0.03247865198290114,0.10303620093927056,0.4145469150436623,-0.04939933212145618,-0.054015061051306386,0.3178413637516464,-0.13409656485104304
2025-10-01 10:00:00+00:00,0.017196990372054643,0.47357029495207825,0.4624371959441657,0.031339013086667686,0.09722955860688814,0.41636317464168054,-0.050485847856791714,-0.055043421035754804,0.30607794714389186,-0.1597326812926144
2025-10-01 12:00:00+00:00,0.01270095616128893,0.473858931748548,0.4696757655166317,0.03394541911871281,0.10233378023291138,0.41777885163837786,-0.05010337201133087,-0.04401021276861384,0.3140569662958075,-0.18821000743613128
2025-10-01 14:00:00+00:00,0.005194242742654186,0.47434279912874655,0.48559771639269456,0.03786211149683114,0.1052148855979534,0.41794017149142865,-0.047670358166553156,-0.03011355697993965,0.29740976307946765,-0.2024364346963797
2025-10-01 16:00:00+00:00,0.013837194731039575,0.4749082675814118,0.4998148394495593,0.054856289008320826,0.12751274143636868,0.4158928566028942,-0.01391762200900222,0.0010394176693419115,0.3120515378627148,-0.1670252067974953
2025-10-01 18:00:00+00:00,0.04870977116630143,0.49622352100192524,0.5106985211385827,0.10976091128840192,0.17202992177247162,0.4107534329053352,0.031296350310838654,0.05494146252534432,0.3284268593213623,-0.09863832873285436
2025-10-01 20:00:00+00:00,0.11737550246068133,0.522668928779202,0.524437794656385,0.18331199872544135,0.22524060775817903,0.4050925776021222,0.08173385443115282,0.09378276110536479,0.3350358357473692,-0.03428597454581967
2025-10-01 22:00:00+00:00,0.10687690112167691,0.5286978788910826,0.5236622925838147,0.14367250476912086,0.21115160653949305,0.4036577044798476,0.04679865642853389,0.06461401816319097,0.315841190334537,-0.022806534893815893
2025-10-02 00:00:00+00:00,0.07759345969877843,0.528026757540152,0.52369203096268,0.1113564533804449,0.15850341183368571,0.3810158315668688,0.003294957375010298,0.0330499891393298,0.3115392130215625,-0.0390685444627372
2025-10-02 02:00:00+00:00,0.053606782870248115,0.528481976126051,0.5244965409363671,0.08837137165926043,0.14102854034769322,0.380573787542832,-0.029837104361470926,0.016691403557380108,0.3093674602922523,-0.058528172711027816
2025-10-02 04:00:00+00:00,0.029846184469015935,0.5158619991515521,0.5286529182135328,0.07035491423100315,0.1494631648310643,0.3798512728307375,-0.0350436044304101,0.020941190338532364,0.305850829058399,-0.07483292771100263
2025-10-02 06:00:00+00:00,0.0368473763740151,0.5218097403815178,0.536432625150264,0.10149904675263177,0.17635058268085316,0.3788204082834277,-0.0032887735904710675,0.06056224495074898,0.309291041090576,-0.08596307817897873
2025-10-02 08:00:00+00:00,0.044345309126734775,0.5331513739245517,0.5447605642883838,0.1283475985405809,0.18138888363559605,0.3734782361504906,0.027847020248960762,0.08847930171484826,0.31274749431971616,-0.0820486175017179
2025-10-02 10:00:00+00:00,0.03783293875198795,0.537179110705427,0.5513942449091807,0.1276541563058842,0.18083723906012728,0.3723509243595165,0.03133744468041149,0.08278041766181261,0.2968107325476113,-0.08232054660379151
2025-10-02 12:00:00+00:00,0.03082541138698818,0.5411303551579065,0.558347374976287,0.13068073337741828,0.1916725209194194,0.37071041278542255,0.042287388278921687,0.1099402454994468,0.30043005185811067,-0.07913873234019951
2025-10-02 14:00:00+00:00,0.03102094798328695,0.5457853899058357,0.5609512540202273,0.13680279264779258,0.1924092863874212,0.3672007781472524,0.05494055395386619,0.14286116809763874,0.29455106596555136,-0.07274768457223416
2025-10-02 16:00:00+00:00,0.03772192601558016,0.5500230626687218,0.5673194229908454,0.18582310021090648,0.2036066654505181,0.3593690954632755,0.07566849657938207,0.17285287086238443,0.2967523866977408,-0.06721226938655703
2025-10-02 18:00:00+00:00,0.06817174302203545,0.5537828089177561,0.5729726613777635,0.2381532052373141,0.23735335441627184,0.34770276666315514,0.11244106701921756,0.20774937623919218,0.2981516838091252,-0.03652903686778591
2025-10-02 20:00:00+00:00,0.13214114010649677,0.55773852897334,0.5735298541273154,0.29117624100078016,0.2606551324168278,0.3424911901863029,0.1527143536294727,0.2486550009723861,0.29913812300652687,0.0004999071899372178
2025-10-02 22:00:00+00:00,0.15765930141116172,0.5665210574901121,0.5758571970264076,0.3151121204974646,0.27231418190096124,0.3375389619267858,0.1661010843673358,0.25842703320543947,0.29299711452361715,0.027017129208767487
2025-10-03 00:00:00+00:00,0.18717375745741605,0.5839311869684686,0.5805389610762068,0.3498483124424885,0.2947968156669991,0.33198421852295745,0.18422924072976016,0.2773316299277154,0.28686410907482646,0.05982254807743656
2025-10-03 02:00:00+00:00,0.2107445086452986,0.5969884627467126,0.5826523343580109,0.37783145488228587,0.30584229843220306,0.3251702576075859,0.19565312412388053,0.2915981311906587,0.2749098860275441,0.08429454011441924
2025-10-03 04:00:00+00:00,0.22719008218457068,0.6087346480287097,0.5841695094317102,0.40007699584865114,0.3204835017988473,0.31128433864369914,0.20718166427018747,0.3054195429835938,0.2612198985705944,0.10603474155599382
2025-10-03 06:00:00+00:00,0.24948377134390054,0.6204275150025981,0.5851060962375658,0.43040641127105894,0.3389437938087356,0.3034993297563197,0.23800047600140578,0.33992684655761685,0.2500981555422855,0.13018187882266183
2025-10-03 08:00:00+00:00,0.2746584007045937,0.6299425814440673,0.5876059059052018,0.45407301438481756,0.3512689379068731,0.2909504254163546,0.26252667097328347,0.35894244410063847,0.24080399784854772,0.15238690897050938
2025-10-03 10:00:00+00:00,0.29279058575993755,0.6393803643443868,0.5896553658309033,0.4729353771030601,0.36044444241963663,0.32496061404920146,0.2796601191279189,0.36812128383358506,0.2302013214683633,0.16486743778256147
2025-10-03 12:00:00+00:00,0.308773512734602,0.6477275311578538,0.5912812590608041,0.48957494210467495,0.3717932913512839,0.3158438902529431,0.2953091526860444,0.38178296123697364,0.23956116981924155,0.17554851348943076
2025-10-03 14:00:00+00:00,0.319999478561899,0.654529702899583,0.5859394341108222,0.5040894888416545,0.3884689715757783,0.3036738445602849,0.3096223391398477,0.4007288614124459,0.25240570369660476,0.17932396418718266
2025-10-03 16:00:00+00:00,0.336691131272778,0.6584355945909791,0.5841232068866372,0.5194118846112836,0.40716636307896026,0.29292545925340485,0.32960200813022494,0.4171280938572767,0.2845866742571712,0.19446583137167628
2025-10-03 18:00:00+00:00,0.3771416551136139,0.6635934157475132,0.5793443512804585,0.5401863878124658,0.43373790252323063,0.2807986502051885,0.35399054339535935,0.4453420349501062,0.29722874689251727,0.21338623249327704
2025-10-03 20:00:00+00:00,0.43357820969851774,0.6680333981673384,0.5737426501473475,0.5720596401404839,0.4709892596841359,0.26818188586982883,0.38945684666445646,0.4728739486375523,0.2776943555758389,0.23657211725769198
2025-10-03 22:00:00+00:00,0.43563002797514044,0.6680338238235005,0.5686596258681003,0.5713289595093368,0.47607343407845704,0.25739927845999805,0.38822977492098565,0.4690914899452256,0.2707895124411486,0.23615435721136743
2025-10-04 00:00:00+00:00,0.4331760831642744,0.6650962556013066,0.5628479763717574,0.5700684638937934,0.48052083610628576,0.23581269052474196,0.3859478289489362,0.4643532453393521,0.26319861236685205,0.23028307410017168
2025-10-04 02:00:00+00:00,0.45342354161261017,0.6715857667212186,0.5702061238973185,0.5825311342498616,0.48903159266572727,0.21095721275700127,0.4014472860665009,0.46995281955698803,0.256059833458717,0.24136787570300672
2025-10-04 04:00:00+00:00,0.43346777798669983,0.666986616963351,0.5576145377889591,0.5747090550351105,0.4927753717662571,0.20190531355793814,0.3848259726277581,0.4686936128628726,0.26530468964978116,0.2114402650118875
2025-10-04 06:00:00+00:00,0.4290738014618829,0.6618931009497276,0.5428583187300744,0.5813312384024615,0.5033112225522803,0.18104131220556005,0.40061288381761856,0.4894805190698079,0.30157954072935433,0.1851774173466332
2025-10-04 08:00:00+00:00,0.42714427049881015,0.6633560878432504,0.5374415491387194,0.5859199630071311,0.5048500171864911,0.16675959019516082,0.4141698261715663,0.49611007352735986,0.33701907230160066,0.16446616355684324
2025-10-04 10:00:00+00:00,0.41762937602205646,0.6595586081402988,0.5322149615312971,0.5830081223919129,0.4897537270564913,0.15161257872604456,0.4123920413851563,0.48843151275789337,0.33733282208053594,0.13769440679049613
2025-10-04 12:00:00+00:00,0.4070596204308757,0.6560750985421354,0.5287741896943947,0.5794104470287139,0.4813504186458027,0.14268282598232282,0.410004256973312,0.4926573734949288,0.3488531419714212,0.11318263065424297
2025-10-04 14:00:00+00:00,0.40117085964521565,0.6517009382788225,0.5212104561578375,0.5762344479458117,0.4717223885815499,0.12329117332332706,0.4083502826893819,0.4975594107319537,0.35029773110458073,0.09882851753692536
2025-10-04 16:00:00+00:00,0.3951390391988236,0.6536074620442806,0.5497062829282673,0.5758801747921591,0.47433418493737844,0.10993553394922706,0.41770882133769544,0.5061556508464649,0.39665299225956935,0.1113238220367244
2025-10-04 18:00:00+00:00,0.4209592274630471,0.6555261313174741,0.5373381844897213,0.5850681199248595,0.4711437760046427,0.09292147295875942,0.43889388365768256,0.5259036757386376,0.41431151529282095,0.1443822980911952
2025-10-04 20:00:00+00:00,0.46186663183798926,0.6687254977996654,0.5279369387253211,0.5897715466978835,0.5030304539826104,0.07392412442152323,0.4601963107176832,0.5350300288825927,0.4328521531484077,0.18787648770402682
2025-10-04 22:00:00+00:00,0.4500071164914588,0.6632850789705962,0.5043890579107139,0.582422692647062,0.48899192452873924,0.027169866463362502,0.4401982957895802,0.5136132697811635,0.41365279133421146,0.17992867374340665
2025-10-05 00:00:00+00:00,0.4198770875406913,0.6497315302901325,0.4856165827044211,0.5649763756420486,0.4713467184625643,-0.017046496820673756,0.4077804877342596,0.486714230885397,0.3751169368775139,0.16413179978865972
2025-10-05 02:00:00+00:00,0.3977551276739596,0.6364374784154753,0.47537929445289395,0.5503516269247067,0.44786435575842415,-0.04849182925161122,0.3849254264575576,0.4666391228938074,0.3440629609929806,0.15246835393804595
2025-10-05 04:00:00+00:00,0.37940179505995325,0.6215580054890085,0.46733363011127066,0.5381890082852254,0.44738192130563414,-0.08139049300845069,0.36417805683722226,0.4555408933155137,0.3249437234869029,0.1388018679086476
2025-10-05 06:00:00+00:00,0.383216150979284,0.6072620527170294,0.4472462568450723,0.5421145334501408,0.4445485520697637,-0.1178004776459324,0.37563186743017485,0.46613045725619895,0.34118764488177966,0.12649656443209717
2025-10-05 08:00:00+00:00,0.378653019780257,0.5980610497044484,0.4633958729362971,0.5474235694784344,0.4339335645430002,-0.15754150865772132,0.3875107535213688,0.4712853082246586,0.32063547748235005,0.13386515456687662
2025-10-05 10:00:00+00:00,0.3722864623433569,0.585310445409492,0.45569219353604407,0.5451921790764136,0.4171634098980163,-0.16633428210196727,0.3842242036820496,0.4564928020910106,0.2996699307293518,0.13260763029931924
2025-10-05 12:00:00+00:00,0.3651121862519297,0.5734994930379843,0.44829266460318357,0.5429261578621816,0.41682737590330954,-0.14781576242896668,0.3857512818318414,0.4538861496340779,0.31653999607338107,0.14079603094375276
2025-10-05 14:00:00+00:00,0.357758995647016,0.5596611780099005,0.4357966360703257,0.5459231170455029,0.4150538286330848,-0.1581473688616062,0.38358048549004525,0.4563096632428065,0.33661652281485005,0.1522549297019596
2025-10-05 16:00:00+00:00,0.3501515922665678,0.5558037089574891,0.4600258624975703,0.5453237920690188,0.42184673356386565,-0.1384156539990491,0.4002441618833402,0.46396689758229365,0.3581481584013069,0.16630696670795042
2025-10-05 18:00:00+00:00,0.37269652183764607,0.5357021633869056,0.447508185955596,0.5567247045375774,0.4140266096511762,-0.13367067764186594,0.4128433908438802,0.4797149621511218,0.3826242696293239,0.19424189213056373
2025-10-05 20:00:00+00:00,0.4278017487239285,0.5223938118178617,0.4027957352047067,0.568527187957918,0.40637804020267004,-0.09927702575572701,0.4371044336523814,0.5038853021647609,0.4082154031700591,0.2228139101623912
2025-10-05 22:00:00+00:00,0.42500169430496376,0.5054570549030994,0.4325962308322727,0.5489565086954272,0.4113635119654333,-0.10416629387868405,0.4009056956150125,0.4694223835833012,0.35163746726324313,0.23792242349244436
2025-10-06 00:00:00+00:00,0.39821713457356667,0.488122501639041,0.4213312166300126,0.5282522248986075,0.36171711945577156,-0.0788975778197216,0.36813125518873685,0.4305562494352999,0.29098839763630896,0.22546581074404531
2025-10-06 02:00:00+00:00,0.3825263578193761,0.4600395611813496,0.4047075142689322,0.516593076633193,0.33132961224706337,-0.06699040827236989,0.3415788713664147,0.4029212229643038,0.22862777384427743,0.21628684095058415
2025-10-06 04:00:00+00:00,0.3636602176737775,0.43122565252173944,0.38784298143397467,0.5031593480838995,0.3169888446263036,-0.052872597637250614,0.31668013005052587,0.3831979568182766,0.19839846028981775,0.19345801285462505
2025-10-06 06:00:00+00:00,0.3582668350846831,0.3935808720346126,0.3574689390338204,0.5079997321323169,0.3122487225545681,-0.041421677346956336,0.3244782459483704,0.3911305919935966,0.20786289933351035,0.2059972674734081
2025-10-06 08:00:00+00:00,0.367988295011559,0.3683445198781074,0.3304166107087918,0.5112694490282551,0.30484489625512706,-0.059438461151380795,0.33889239245662583,0.3904159255874149,0.17387924998699672,0.22032106467500312
2025-10-06 10:00:00+00:00,0.3633483402265898,0.34598942048064973,0.30764803373803107,0.5035309295922331,0.26897211864143405,-0.045584245647193496,0.3335743159553932,0.3665954606867178,0.1342475781525522,0.22223097602722475
2025-10-06 12:00:00+00:00,0.3585276219609912,0.32515029495036735,0.28031410246456845,0.5039985251755777,0.259519697944106,-0.027068415412525575,0.3290898810908619,0.36661879285327426,0.15472530077349636,0.22588880629190217
2025-10-06 14:00:00+00:00,0.3546292506644989,0.3014199651898038,0.24925536390049333,0.5154132677622243,0.22579428889669306,-0.046946121124328874,0.3344799122381408,0.37689471496914745,0.17443246418708383,0.24782845987340785
2025-10-06 16:00:00+00:00,0.3742172004179657,0.298138332760939,0.21312036045737268,0.5213455173160645,0.22480765827640475,-0.02881952459476388,0.3628832683989726,0.38966413930604515,0.20221452850126298,0.291910380849619
2025-10-06 18:00:00+00:00,0.4765710154862918,0.2820912129461031,0.24445474134791492,0.5539198169842415,0.2673424777769086,-0.010121304752540708,0.4112540451700751,0.42051848642903306,0.2393754694330843,0.36552290070048293
2025-10-06 20:00:00+00:00,0.6132420861283423,0.3683170460375402,0.29081195282970873,0.5909784513560078,0.3094685954378712,0.007190751204468658,0.4909760243233821,0.45313653869986087,0.2852064170748828,0.48818349046361753
2025-10-06 22:00:00+00:00,0.6860723568122752,0.3305941984437039,0.16171643687367687,0.614388167404379,0.3751418757183497,-0.024219899079476647,0.45760943658063435,0.3761173259048773,0.12832680686515316,0.5664136700235048
2025-10-07 00:00:00+00:00,0.6671360701131965,0.30910223394921554,0.14599887079759324,0.597076961529187,0.3489232897390782,-0.030365142501921592,0.43103809146528177,0.34010595042024216,0.08049870929877855,0.5683297176661753
2025-10-07 02:00:00+00:00,0.6691600869957299,0.2926973305655671,0.09873160393709748,0.5932653672324375,0.34215140633064406,-0.059749531593317404,0.4298216894142327,0.33861542455793076,0.07060368020591795,0.5594381114291189
2025-10-07 04:00:00+00:00,0.6669562674452229,0.27759966567781413,0.06189145028929901,0.5900339794036945,0.3149076638615349,-0.08814224471196541,0.4251155763487897,0.3273654670368047,0.0487017028301539,0.5550061647185843
2025-10-07 06:00:00+00:00,0.6669562674452229,0.23225051147995154,0.0252214726137786,0.5745895866577208,0.3022040180342832,-0.09742599461950853,0.3995459694241375,0.30919737031109024,0.0487017028301539,0.5315752373121465
2025-10-07 08:00:00+00:00,0.6624819749979542,0.21543244847836557,0.015117748616717315,0.5679158368722004,0.28921173918698234,-0.11460868381042104,0.3871965581211368,0.29539694609820744,0.0487017028301539,0.5173888811290686
2025-10-07 10:00:00+00:00,0.6643101775398161,0.2040014840749599,0.004147562137536503,0.5701809561304301,0.29127306039951895,-0.1241835444462274,0.3823382068545504,0.30179280400967956,0.047483401070848474,0.512467153370106
2025-10-07 12:00:00+00:00,0.6662674063552767,0.19322760702930897,-0.006423274597733594,0.5709562830620687,0.2915963341618039,-0.13330006236107708,0.37780428064940563,0.300577634263003,0.04917192690001338,0.5110308560184273
2025-10-07 14:00:00+00:00,0.6679953344275689,0.19423766705212073,-0.007918133106063308,0.5727545194571411,0.2923591542385613,-0.13630229542363806,0.3781463660918199,0.3007593331378185,0.04939066740737955,0.5123884286090964
2025-10-07 16:00:00+00:00,0.6748856083612269,0.1993816487849119,-0.00020896499212216417,0.5776496211035186,0.2945379986344857,-0.1365825530321529,0.379247231997483,0.3049184016402887,0.04834019040539292,0.515588944230674
2025-10-07 18:00:00+00:00,0.6773877039231873,0.1984268948096703,0.0004235501604111243,0.5789335131151855,0.29366638972132303,-0.13687042341729538,0.37714484329033415,0.3073359702772723,0.04726099337033371,0.5148001444171538
2025-10-07 20:00:00+00:00,0.6779309995421392,0.19538951513467728,0.008730112539210971,0.5778002560968675,0.30648203336142865,-0.1371662218063294,0.37538402672392196,0.30982331184910444,0.037711343625944756,0.5133614739188526
2025-10-07 22:00:00+00:00,0.6851770854818041,0.20516665896889713,0.017565604716265566,0.5961044464751007,0.3071228247650247,-0.13410586302334393,0.3897930661891385,0.33273772512954014,0.03640407179862713,0.5201784474691434
2025-10-08 00:00:00+00:00,0.6778237364491023,0.1840702571073173,-0.014133413287966886,0.5838239272257664,0.29049263137115033,-0.1496921758184569,0.3689115168447311,0.3070882790096901,0.0418938877759433,0.5058834867539311
2025-10-08 02:00:00+00:00,0.6758998052280848,0.15161758448385665,-0.06156885362415982,0.582816875425944,0.28475884664921053,-0.19352431538912587,0.36675188243587276,0.31263418447121527,0.0400024074427519,0.47542991958198144
2025-10-08 04:00:00+00:00,0.6694375701348184,0.1322783819328435,-0.102026717390298,0.5807246777565135,0.29246108649807095,-0.2186892991230314,0.35966073598959597,0.31488794305984824,0.08200318681846064,0.4716314285583437
2025-10-08 06:00:00+00:00,0.6603514326831067,0.10963194543451489,-0.13673381802660942,0.5681233860798096,0.30349614602914493,-0.2368484522428557,0.34913744479240805,0.30624253961119896,0.10979250524803802,0.46446041831674756
2025-10-08 08:00:00+00:00,0.6610664197904933,0.09816832935128225,-0.1462761922530173,0.5601038958887531,0.3053459995471474,-0.2569545152773308,0.34000933233530073,0.29699787435556396,0.12066586635147981,0.4654105515663502
2025-10-08 10:00:00+00:00,0.6584606922346157,0.08355349693403591,-0.1704256225287964,0.5570834486961881,0.30578611339444045,-0.26978299127651345,0.3313128805456553,0.2941320970029526,0.12066586635147981,0.4664719267331501
2025-10-08 12:00:00+00:00,0.6554466237534796,0.08265288448718743,-0.17635466329122781,0.5615044840114868,0.30344536530987937,-0.26719002479580445,0.33070242586841736,0.2929611618396678,0.12066586635147981,0.4728403954008891
2025-10-08 14:00:00+00:00,0.6452963959317649,0.08558577680019587,-0.16944805913483968,0.5660406417956504,0.29496177255970735,-0.25406005253680464,0.33450461419391747,0.29684654556087275,0.11194248590506559,0.47944565776928255
2025-10-08 16:00:00+00:00,0.6396238656812382,0.09067399982572241,-0.14936374108340353,0.5703405504501512,0.29075849351138533,-0.24842512205123815,0.336938771347579,0.2995421613290562,0.11389070408064911,0.4811096351409566
2025-10-08 18:00:00+00:00,0.6383309933396106,0.09818760921901126,-0.1318833482177374,0.5710382875248975,0.29396594576848073,-0.23722276323361308,0.33958856612170274,0.3017279054364,0.10592847999571625,0.4801053217537615
2025-10-08 20:00:00+00:00,0.6456777325437415,0.10737749924021055,-0.11650258054590432,0.5733880163519858,0.2923405050655846,-0.2270570233421368,0.341395580058962,0.30457586453455016,0.10799594991993997,0.4824053960786531
2025-10-08 22:00:00+00:00,0.6403885628100326,0.11595302933822978,-0.1051066408808326,0.5917872263663541,0.28951806442798317,-0.21769193473239096,0.35159344882377863,0.30823605832976075,0.10799594991993997,0.4874129090974994
2025-10-09 00:00:00+00:00,0.6156732145882446,0.10177907878864359,-0.10024683249279008,0.5840833463920528,0.26583918523832106,-0.21909093305088811,0.3410400294397729,0.2853885776639303,0.0704930714806371,0.4873990851783488
2025-10-09 02:00:00+00:00,0.6212385569902976,0.1113585765438967,-0.11847440850429349,0.5885938509601979,0.27434956818191153,-0.2492978413151644,0.3419237215287325,0.2950178783009228,0.12410973871308478,0.47518217301070736
2025-10-09 04:00:00+00:00,0.6208692854148659,0.08605784171969992,-0.14304690972031067,0.5710528860876117,0.2757977654132798,-0.28385845437845136,0.3328533700249314,0.29709388698806205,0.1471706419787047,0.4563440794205721
2025-10-09 06:00:00+00:00,0.6252107785312977,0.05619556201847785,-0.1775181574683916,0.5548819077236482,0.2886629107079434,-0.316185147752795,0.32110248223163,0.2926459728732047,0.1471706419787047,0.4186937437621758
2025-10-09 08:00:00+00:00,0.6270077153478669,0.043576679444826044,-0.19337326166017085,0.5447151110918431,0.2886629107079434,-0.33149622250414984,0.31401767302651934,0.28800316783489305,0.15747823177816286,0.39910136826307846
2025-10-09 10:00:00+00:00,0.627320922442852,0.03144570446196543,-0.20878143639224256,0.5432986682390636,0.28571519226153863,-0.34846688948377713,0.3062493610277065,0.2850018650069403,0.1471706419787047,0.38547247028204684
2025-10-09 12:00:00+00:00,0.627320922442852,0.030221321409156038,-0.2076696827667769,0.5469547332447425,0.28165130032696944,-0.34599207855421243,0.30559661402665633,0.2837034083721203,0.1471706419787047,0.381996514381479
2025-10-09 14:00:00+00:00,0.6266171807157794,0.02815839684343631,-0.20695993119414366,0.5510496428449654,0.28157932309315625,-0.34430946826684805,0.3031612228057002,0.28242559524819283,0.1471706419787047,0.37894438988793866
2025-10-09 16:00:00+00:00,0.6252643071584094,0.030598166511962156,-0.2056284029384873,0.5566082617487805,0.2840325330997098,-0.313744008671442,0.30509083679432714,0.28459682886516324,0.15290814665378438,0.38322541564111123
2025-10-09 18:00:00+00:00,0.626463124860554,0.0407094568205756,-0.19460946725585174,0.5622737380514654,0.2888007995701091,-0.28836703624589705,0.30739065694655554,0.28744746768153145,0.15512730345835607,0.38458555675296485
2025-10-09 20:00:00+00:00,0.6248629062238329,0.011790934050336155,-0.1996744433507858,0.5583109051280627,0.27608223927595876,-0.29804609437079826,0.2977064535923441,0.2783108139264717,0.15249696079466568,0.3599343357167942
2025-10-09 22:00:00+00:00,0.6212467944013201,0.014132772931246766,-0.1943288667630293,0.5451409021724025,0.27069512995826756,-0.27804846392750276,0.285918918904713,0.2638666161819722,0.15249696079466568,0.3608211871692649
2025-10-10 00:00:00+00:00,0.5953056584004981,0.007191054199670112,-0.17377578529003535,0.5027994384369138,0.24455918012873545,-0.2297193675826124,0.2649723511369652,0.23483860453224326,0.13280428518966278,0.358535635942108
2025-10-10 02:00:00+00:00,0.5914999274846101,0.040017363859575404,-0.16458648537717713,0.4971736279642744,0.25835799444471147,-0.229210105677662,0.2795208537747941,0.25089721507534607,0.16670761013628338,0.356438033165242
2025-10-10 04:00:00+00:00,0.5854250374834955,0.06413404919895518,-0.15249178543170017,0.47950088598631013,0.25346840535524356,-0.21986032299389335,0.28396007270913126,0.23846377498581756,0.15351082185245654,0.3509777679773238
2025-10-10 06:00:00+00:00,0.5705281453361409,0.06355214677046137,-0.15250700868490172,0.44163415242641624,0.23340802533624577,-0.21251959992952998,0.26983942560605223,0.2183684569287159,0.15721478871287203,0.3176164881698752
2025-10-10 08:00:00+00:00,0.5568036561869814,0.06875464186840478,-0.1405780988565042,0.41458303846788425,0.2195451091098536,-0.1914390154255499,0.2624691974026425,0.204272626697333,0.1467657691591468,0.30523743229318684
2025-10-10 10:00:00+00:00,0.5435762440809847,0.07817954577640564,-0.12669015382565446,0.39074647220456643,0.21381475795483945,-0.24828546745352414,0.2592165015036257,0.19789226075265695,0.1360265640882259,0.29852655120462157
2025-10-10 12:00:00+00:00,0.526468481302486,0.08999497777312927,-0.10017729402332823,0.3656569627497874,0.20520711119758211,-0.21350532896422042,0.2586257581106529,0.18892268978157095,0.12807558428621282,0.29881931063360867
2025-10-10 14:00:00+00:00,0.5074211316536743,0.10371679111799549,-0.07106023515927598,0.3384773691956598,0.19668167337338868,-0.17835158847719773,0.2584228624560362,0.17970692798904153,0.11983791105741061,0.3008305925518462
2025-10-10 16:00:00+00:00,0.48658106258826134,0.12755245576042148,-0.04031097307506726,0.31428305539245627,0.19538322161506408,-0.12410952084010143,0.2653897866651084,0.1756835766721087,0.12494111620851352,0.31464599343208144
2025-10-10 18:00:00+00:00,0.47067517510656415,0.16292126979185959,-0.0063333306266637485,0.28978084045571306,0.18828882667350794,-0.0653350703177822,0.27373586620789536,0.17187009123283895,0.12001501479547227,0.31928098254315684
2025-10-10 20:00:00+00:00,0.4335042011589124,0.20097383636041075,0.031468710303575155,0.2611256572423016,0.18157286319216823,-0.00644027508889111,0.2612900618362339,0.16590140682202173,0.114943243486617,0.3259076336248595
2025-10-10 22:00:00+00:00,0.4199093397792197,0.20608728636049273,0.045431684410973096,0.24030426163534835,0.1675931494890979,0.015819395203167448,0.2414991781901588,0.14175864137444047,0.09933735707359327,0.3259076336248595
2025-10-11 00:00:00+00:00,0.38948176934703677,0.19210624661076964,0.0605237543746131,0.20551931991392425,0.15829683568871913,0.051810969126972584,0.20839073331499888,0.1009610922462123,0.10182996125172437,0.327111155990287
2025-10-11 02:00:00+00:00,0.2710755478027356,0.29968568335018947,0.17691335557469323,0.13127706741791853,0.16782876269384722,0.20451517649006187,0.19324549212663264,0.11316190774740033,0.11172080748523815,0.353339283165077
2025-10-11 04:00:00+00:00,0.2710755478027356,0.2949740917468638,0.1630518463940942,0.11317540673786237,0.16039519134063449,0.17365012925053275,0.1787602309875672,0.11657729188455046,0.11172080748523815,0.32466874245705324
2025-10-11 06:00:00+00:00,0.2745228197923474,0.27441528106510277,0.13260181576851462,0.09505600660772867,0.1612630671881872,0.1531630028812171,0.1615751642892882,0.10992045228255425,0.08483639236554012,0.29146570516326187
2025-10-11 08:00:00+00:00,0.2804589807508207,0.2658171745589981,0.11943842006503327,0.09023532672472685,0.1599385156078493,0.14272994965422992,0.15656701638313292,0.10992045228255425,0.07702833238585341,0.2805562365823079
2025-10-11 10:00:00+00:00,0.2829224859001327,0.2630465329163357,0.11438645482720612,0.08460260943446851,0.15803935947352624,0.13220118962102903,0.15178274056871652,0.10992045228255425,0.07120368861610236,0.27553932906441214
2025-10-11 12:00:00+00:00,0.2763622392597689,0.27135697249906876,0.12849364945676708,0.09489854936320577,0.16699117542993794,0.14584711375406287,0.1585621850213208,0.10873660332401912,0.07667888749554141,0.29065609472575027
2025-10-11 14:00:00+00:00,0.27363999206499795,0.28109579986791544,0.13737285960238046,0.10527783478309574,0.17244517361193473,0.1628860424875741,0.16734944556900222,0.10763946432257028,0.08915217900674542,0.3064606820271979
2025-10-11 16:00:00+00:00,0.2743842134624329,0.30589497595129683,0.16411608071149808,0.12396520209957944,0.1840837819232083,0.1893437317200905,0.17815913532757807,0.1127280207042204,0.1088808495337321,0.32193993731165055
2025-10-11 18:00:00+00:00,0.29024398540810853,0.3285020525924642,0.20554443278891857,0.13845341650081572,0.1952731845012142,0.2150125733915086,0.1896197461115562,0.11776011281612035,0.14066124446180522,0.3349232474342678
2025-10-11 20:00:00+00:00,0.3108140640132988,0.34951678901282635,0.2214447147133389,0.1491235915586533,0.20614297371153212,0.24002603573723535,0.2077197867154331,0.12746405510836042,0.16894619411290054,0.34722970192361813
2025-10-11 22:00:00+00:00,0.30389486622377987,0.3630940727977864,0.23651455892899423,0.14599254754086594,0.2155360211653455,0.26478934127691217,0.20487462488427532,0.12140879026795606,0.19020805800769108,0.3586711057095196
2025-10-12 00:00:00+00:00,0.27850200166544264,0.38004820908355663,0.28670108676391864,0.15302203903543052,0.2115410023646525,0.3145578292660139,0.20982435645494243,0.10680595238130154,0.2065404549658939,0.3708195546094876
2025-10-12 02:00:00+00:00,0.29803220820187337,0.3540106815517976,0.19404925506975138,0.0994806209090142,0.20604720447730918,0.2633726024725162,0.1908319291292405,0.11226136689298429,0.2065404549658939,0.3435006733344823
2025-10-12 04:00:00+00:00,0.3033651756788936,0.34009905519437744,0.1515262255475085,0.08059916013831146,0.19412751102897635,0.2229603510642732,0.16994267164632856,0.11564219406710939,0.17216234698174596,0.3301872146242197
2025-10-12 06:00:00+00:00,0.3033651756788936,0.31232041380681524,0.1279726615078561,0.07529972547380326,0.18015227730243677,0.18219728648690478,0.1584611565307313,0.11969564097207153,0.15378309352970226,0.2937729893594781
2025-10-12 08:00:00+00:00,0.30706084011201473,0.3032075325815213,0.11913770807656869,0.07334953879055568,0.17426057910992163,0.1689002813237548,0.15270128217384815,0.1181548787145785,0.14176371999370144,0.28357108118290236
2025-10-12 10:00:00+00:00,0.30972431303782794,0.29668538362350255,0.10524728166955775,0.07002577905960067,0.17514579229507377,0.15989187264278656,0.14648016168554184,0.11442088081553474,0.13702088394666795,0.2767880110503577
2025-10-12 12:00:00+00:00,0.30972431303782794,0.3028609229925545,0.12039781754854278,0.07446394374782546,0.17275349193209535,0.17615033462244878,0.15167322001771655,0.11522029714399445,0.13702088394666795,0.28619940937547445
2025-10-12 14:00:00+00:00,0.30972431303782794,0.3078664702574415,0.1261833606726138,0.07606440120141801,0.17131942844389278,0.19193562482845047,0.15480582924535144,0.11432742807480326,0.1310490202268164,0.2925972827640574
2025-10-12 16:00:00+00:00,0.30380770508152316,0.31762055699749875,0.14140141977988885,0.08447100843299804,0.17707256024493268,0.21982610274501277,0.1611922999563334,0.11842194509879288,0.14504345995308582,0.30477891716965333
2025-10-12 18:00:00+00:00,0.3054365250297977,0.32863090879600326,0.17002779602417512,0.09565016524560334,0.1897935823374632,0.236346752285348,0.16417922437846638,0.12497221877281148,0.15531125189256315,0.3152046131839889
2025-10-12 20:00:00+00:00,0.32398822710843106,0.3392963442914395,0.18316558398289007,0.10567814410336389,0.19530992127522226,0.2576737932506228,0.17065231498855893,0.13156748461212542,0.16547429247787784,0.32789247235392704
2025-10-12 22:00:00+00:00,0.3116621471437044,0.3392963442914395,0.2259093253213717,0.1108140867185378,0.18278975784766385,0.29417617228159454,0.17476359907170577,0.12388485789513248,0.18167346418757285,0.3482192336139013
2025-10-13 00:00:00+00:00,0.30153080727419035,0.31636540970142124,0.27638102148142346,0.09517398283040157,0.1702195819522461,0.3246632770092404,0.17669613111905677,0.10995495685090728,0.169656875955857,0.37054720908600763
2025-10-13 02:00:00+00:00,0.30153080727419035,0.32487752026402283,0.24724259621397332,0.09517398283040157,0.18179862211375689,0.2713113498615634,0.15579537127931084,0.09362033823899009,0.19502789029887138,0.3323585989744521
2025-10-13 04:00:00+00:00,0.2947523398133434,0.32487752026402283,0.20730517633956008,0.09082529015353699,0.19285369312868592,0.22880003987655664,0.14657935342245232,0.09015112819596617,0.2098597500185303,0.3053057006855704
2025-10-13 06:00:00+00:00,0.2947523398133434,0.32487752026402283,0.18344990728469132,0.11094752147393039,0.21798826607243108,0.1853232045624049,0.15076552076727298,0.09015112819596617,0.2430813128881017,0.2691180155288443
2025-10-13 08:00:00+00:00,0.30204574222749997,0.321907688608098,0.17439841295246736,0.11791922036282104,0.2230683736551968,0.16847208076930748,0.15076552076727298,0.08873557250590199,0.2474955490669539,0.2568540289875671
2025-10-13 10:00:00+00:00,0.30515871703485326,0.321907688608098,0.17141887326236502,0.1190122499942499,0.22377812313198792,0.15058371876807514,0.1495022914042211,0.08642099501969604,0.24308131288810167,0.24423237770597173
2025-10-13 12:00:00+00:00,0.30340031030004705,0.32377490195881836,0.17731880753271084,0.1136334376503042,0.21805711390279323,0.16498259390020506,0.15062749070495987,0.08561738972889492,0.24483190899624052,0.2517077633497689
2025-10-13 14:00:00+00:00,0.2986627338989391,0.3246569897818433,0.19013042638568967,0.08352634414402642,0.19879787871439653,0.18062909153769355,0.14749616872613303,0.08373462361770084,0.25011597114925627,0.2670541411883118
2025-10-13 16:00:00+00:00,0.29414340072131234,0.32370455024897077,0.2153515871030101,0.058283041143458884,0.18537017710912215,0.2026415170925067,0.14947749108924627,0.08456829405382266,0.24809044164157085,0.276332110592453
2025-10-13 18:00:00+00:00,0.2956823855732588,0.3275650813832271,0.23849937741446256,0.03789670206383016,0.17631268045691656,0.22433286935042984,0.15402736347210988,0.0856130909338067,0.24768727922972178,0.2876555076462838
2025-10-13 20:00:00+00:00,0.30606150559828166,0.3386641467893638,0.2628331475810557,0.02246466022026596,0.16394589067700838,0.2444397227312635,0.1554639275296136,0.08433237184477432,0.25741384817688445,0.2984786433398027
2025-10-13 22:00:00+00:00,0.2913566194610408,0.3266050395849288,0.2628331475810557,0.010744441163967467,0.16009577033685324,0.2711454014175045,0.1554639275296136,0.08077032366779578,0.25741384817688445,0.30787711118380134
2025-10-14 00:00:00+00:00,0.268123908042196,0.31235892582238817,0.28585566228926357,-0.019534899442567394,0.11712239789884103,0.3142170606242935,0.144896243014009,0.06528835404596804,0.23048954070171246,0.32186916328754184
2025-10-14 02:00:00+00:00,0.268123908042196,0.31235892582238817,0.28585566228926357,0.008734525839520826,0.14007456782753158,0.2684982953808681,0.13944403592311486,0.0709400543923055,0.23048954070171246,0.2968420232575336
2025-10-14 04:00:00+00:00,0.27593313581482776,0.31235892582238817,0.28585566228926357,0.0212794153450591,0.17382210312226787,0.2282858639753997,0.13944403592311486,0.08131221791519885,0.25577203006667293,0.27644529812128316
2025-10-14 06:00:00+00:00,0.2928113315406977,0.32571976673357117,0.2631238478466628,0.061652617707252465,0.21007157262875847,0.19330762806710067,0.15208602020223166,0.09291173878351422,0.2701421995645022,0.2559490871006139
2025-10-14 08:00:00+00:00,0.302194433789758,0.32571976673357117,0.2545944356181859,0.07292860434851937,0.22202753473422704,0.17965810536539764,0.1586613587658682,0.10209582069468626,0.27488421200285285,0.24710203768392686
2025-10-14 10:00:00+00:00,0.3089296039441709,0.3280921089865403,0.24612772241347136,0.08477849400054178,0.22918147783584855,0.16418892130473317,0.16494992180694262,0.10966934355025926,0.27963792513074787,0.24308039203863202
2025-10-14 12:00:00+00:00,0.3108884324556657,0.3257679845669039,0.243443847592274,0.08023941548917016,0.2252251527093497,0.15935307465960413,0.1626321039930819,0.10709924400809949,0.2814807142169898,0.24114758438129136
2025-10-14 14:00:00+00:00,0.2931009032844887,0.320457102144133,0.2487826976595991,0.058922317837932205,0.20036750817531754,0.17075277647786993,0.15764179327957376,0.10322595053655934,0.2682789744324895,0.24530468191020396
2025-10-14 16:00:00+00:00,0.28467520413416947,0.315342736632586,0.2346066813352377,0.039097450775575394,0.18444196152293493,0.18699126932761795,0.1528351055180224,0.10239410792165696,0.26905150492824753,0.25315974968583344
2025-10-14 18:00:00+00:00,0.2894548608677722,0.3230975082075612,0.23983812817835554,0.02349271956808167,0.1757571869198332,0.19698010933007826,0.1570274342584191,0.1043612324450505,0.26980295817926264,0.26376256773604617
2025-10-14 20:00:00+00:00,0.2940535477789206,0.33294393659536253,0.25495089966703766,0.006020405748847158,0.17036933221932138,0.20648318541832783,0.15832841320937444,0.10626324193918794,0.2705341712633678,0.27379310432326665
2025-10-14 22:00:00+00:00,0.28602375035878114,0.3278418942860398,0.24163641813950826,-0.012905038094068323,0.15292102907254124,0.20953139470687218,0.13334420627262125,0.08782168066607525,0.2584306686727748,0.2804523369873726
2025-10-15 00:00:00+00:00,0.25836709342032244,0.2984289497312641,0.24870237554539446,-0.040107625126370096,0.13397753720168887,0.20074259302838396,0.09388871695659812,0.052584391044030274,0.2372308746663551,0.2768071164733735
2025-10-15 02:00:00+00:00,0.28316761320435907,0.3160122133426397,0.2753855393143361,-0.0063421503793959,0.16996939726052615,0.15201913809078604,0.09939705597052036,0.052584391044030274,0.26099366273517,0.2584310783657419
2025-10-15 04:00:00+00:00,0.27300111423066015,0.32074725504082885,0.2753855393143361,0.0108829353077309,0.17591138669620285,0.11202846967247941,0.10609931689899113,0.04549561928961623,0.2499854691313626,0.2306946395054662
2025-10-15 06:00:00+00:00,0.2649102170313503,0.31474472621533733,0.28129494579925596,0.03654216639222642,0.1896106648020362,0.0744934602776427,0.10703250649227196,0.04987093183343533,0.2613179738037219,0.20879255112751655
2025-10-15 08:00:00+00:00,0.26166905637863874,0.3088435571047666,0.28129494579925596,0.04795059535320944,0.1925050136653417,0.05748147855393889,0.112295604004355,0.05495278501760169,0.2556276143504505,0.1962063968155179
2025-10-15 10:00:00+00:00,0.2596805717574074,0.30627552852765433,0.2727291481540285,0.05981913858165625,0.19332985435741576,0.03997581024018464,0.11838140756662638,0.057952956914455275,0.2556276143504505,0.18630238031364407
2025-10-15 12:00:00+00:00,0.2596805717574074,0.307274889953186,0.27686454442658637,0.05517382365959541,0.19235908761588288,0.04539647209951282,0.11563064637703624,0.05683081417131174,0.2551120619599177,0.19117000347246096
2025-10-15 14:00:00+00:00,0.2596805717574074,0.31184703568965455,0.29386422396481265,0.03411253190170956,0.18375222256794457,0.06814834741195618,0.10277376194226516,0.046795772503085246,0.2551120619599177,0.2097095541280985
2025-10-15 16:00:00+00:00,0.2596805717574074,0.31184703568965455,0.29386422396481265,0.01389098297248063,0.1732180396261295,0.1067651553330019,0.09293286132795175,0.03412990447940908,0.2551120619599177,0.22999845193888183
2025-10-15 18:00:00+00:00,0.2596805717574074,0.3048936873483027,0.29386422396481265,-0.008442944861733569,0.15424687815322916,0.13651030954293497,0.08558029030800353,0.02891012528239619,0.2675464291632063,0.2337732688999444
2025-10-15 20:00:00+00:00,0.2596805717574074,0.297691546301256,0.27686454442658637,-0.026477275288404382,0.14924143730816902,0.16046792268719923,0.07116823920403752,0.021121927863134347,0.2759494166456046,0.24207975370680224
2025-10-15 22:00:00+00:00,0.2596805717574074,0.30235409556968035,0.27686454442658637,-0.03924909030642657,0.15190041426173204,0.196149714887516,0.0681785335605517,0.021121927863134347,0.2759494166456046,0.26961018754231897
2025-10-16 00:00:00+00:00,0.30210987465418526,0.35824386001686886,0.32219708036937794,-0.012695348221214145,0.194813234618367,0.25794761520452797,0.12203890488887283,0.07052872987352984,0.33522099256250376,0.3420605159404436
2025-10-16 02:00:00+00:00,0.2954332064309286,0.33401810317441655,0.29379998509394056,-0.008777318450426579,0.19709824328542233,0.200578480986907,0.11087994983030505,0.05538459607651509,0.29822750622997996,0.3053134906075221
2025-10-16 04:00:00+00:00,0.28703100598916076,0.3210025030850173,0.2874778918881071,0.005474006198514439,0.20125561487744603,0.17192941875465168,0.10936240665469246,0.04290040817961724,0.2923719562457532,0.28338636426158587
2025-10-16 06:00:00+00:00,0.2890556165696122,0.3288978737334468,0.3027383192527992,0.028306373308178673,0.2135608578870959,0.14949542513450545,0.12320972048045581,0.058259023971874706,0.29567325163565267,0.273121525797706
2025-10-16 08:00:00+00:00,0.2894775026967451,0.33049824396828853,0.30799255947406845,0.03417474013461079,0.21113512921152464,0.13846212140401837,0.13002699713798951,0.06451422758440566,0.2878702630316114,0.27151070004391853
2025-10-16 10:00:00+00:00,0.2846497047694298,0.32819945895922487,0.3091806543373385,0.03505709446135933,0.20837911450986166,0.12974502351165468,0.13186993800619676,0.06251105365499075,0.2857795658368825,0.2673517026217574
2025-10-16 12:00:00+00:00,0.276446566549554,0.3259726699599341,0.31285033136970775,0.023409897983859545,0.19784835044562527,0.1479490422269349,0.1263940419105079,0.06189415005595803,0.28595112417622104,0.27424714993219795
2025-10-16 14:00:00+00:00,0.2685070458955704,0.326736561467786,0.2999961833147745,0.010067809643884413,0.18993525119045054,0.15785790695303048,0.12078551436186698,0.0614544948176359,0.27340155069008554,0.28089936925561676
2025-10-16 16:00:00+00:00,0.2577209025739551,0.31715817996038875,0.3256087933303967,0.018019053780623833,0.18579706454950007,0.10724338582726202,0.10618938908820016,0.05209142238646844,0.25425117209293335,0.24915221867604717
2025-10-16 18:00:00+00:00,0.22554552255690322,0.29341366249400064,0.30953480645399134,0.01135663838791689,0.17645708626920603,0.08931532702630705,0.0874628534174779,0.03466151804300826,0.24868765497782752,0.23372302022208305
2025-10-16 20:00:00+00:00,0.20867719144487873,0.291379281203299,0.29480750604477235,0.02030531888682189,0.17272562407106207,0.06857602825564695,0.09267047933972827,0.037860930208053985,0.24555512833839246,0.21688832447580428
2025-10-16 22:00:00+00:00,0.18879071220166044,0.27673182963948817,0.29742783569067294,0.025444432242404905,0.18071314491183052,0.04818734465781356,0.11104554207960167,0.053410563295872446,0.24027146260515686,0.21176033008296108
2025-10-17 00:00:00+00:00,0.2064617315330873,0.325794453027,0.3256539889849276,0.04062777887467964,0.19465535955170163,0.05076454850404335,0.15079670948567248,0.0876824606369987,0.2670425828167487,0.2737967619051455
2025-10-17 02:00:00+00:00,0.2000331615895077,0.30131986603144095,0.31527083432637987,0.04724968126492465,0.19130571421118994,0.02105100720666715,0.13503902034257512,0.06944737563199552,0.2370814708668893,0.23544635476439965
2025-10-17 04:00:00+00:00,0.1912529084692686,0.27971767517069,0.30117464023397506,0.05411103953427148,0.19468828743398137,0.0051528570794236745,0.12301280860539297,0.07743990428470283,0.23778138741042237,0.21202572329634808
2025-10-17 06:00:00+00:00,0.1974150546933269,0.28249883521011737,0.3082482938732525,0.07580033595998734,0.2146264012661809,0.00182478209490364,0.14031213997450281,0.09905691428407978,0.22404854425778584,0.2241904969288193
2025-10-17 08:00:00+00:00,0.20216229513367018,0.2839179606797504,0.31363138443285776,0.0837335610890132,0.2254126194692314,-0.006992025610446474,0.148010411611978,0.1074522840311248,0.22602309537440732,0.22406025353316206
2025-10-17 10:00:00+00:00,0.19514933152726086,0.27658169129674665,0.3050616924286136,0.07895556976605309,0.21778615400936063,-0.019363413191041352,0.14374747382178066,0.0961685835558551,0.21565228981011436,0.20247948058755716
2025-10-17 12:00:00+00:00,0.16866267334600182,0.26631175266425505,0.3108441460212458,0.057209533906543625,0.20541383766387414,0.010651067344674057,0.13460348672551736,0.09218225222786092,0.216139225871791,0.18609422341259652
2025-10-17 14:00:00+00:00,0.15591623189628578,0.24517644720681958,0.28763267092400374,0.04094137419395565,0.1893702759644903,0.023304202033696868,0.1258044985786418,0.08878724613941927,0.19544257910787635,0.1830566152219608
2025-10-17 16:00:00+00:00,0.15871568568332195,0.23211929333482298,0.31259552954792796,0.035960484682003226,0.1758399980214064,-0.006074037334607613,0.10568568040997652,0.06801050720626088,0.17551240536261767,0.1598076256273911
2025-10-17 18:00:00+00:00,0.12701211663854017,0.18807639280444663,0.31346629187874747,0.014392017180103417,0.15663196142427616,-0.02130215227929264,0.08427852412999381,0.053598560930599,0.16906959668236032,0.13405608099587984
2025-10-17 20:00:00+00:00,0.08730720341752855,0.14309002307777388,0.3351652175256631,-0.009458649279165975,0.12032863915797741,-0.012795150752160884,0.0621453702530712,0.03297354862799693,0.1627649794004485,0.10931034879949358
2025-10-17 22:00:00+00:00,0.09233611800055722,0.14468178963161624,0.3569408013674313,0.00037945150075835806,0.1304122887075164,0.03322240436094162,0.08943979176540334,0.06169547937206457,0.18364994365945117,0.13395310221238615
2025-10-18 00:00:00+00:00,0.11081688202616863,0.17795523679606975,0.384881965066905,-0.000540905105979847,0.11866340105510859,0.06611149673490946,0.11911476885416389,0.09910174598110195,0.18501432218862632,0.16991857314053754
2025-10-18 02:00:00+00:00,0.10929120949657185,0.15387002797822094,0.3761797385413291,0.01120676237254617,0.10716017133166379,0.010957330195312967,0.10266534999749385,0.07365306249554157,0.17626296367730784,0.15215519627242946
2025-10-18 04:00:00+00:00,0.09656208384268275,0.1354417051663864,0.36000723015666963,0.02158849286233391,0.1194096408538778,-0.00996188825902006,0.09563192135764967,0.07000875979663863,0.17154715692069325,0.1278876083818301
2025-10-18 06:00:00+00:00,0.09859526389690174,0.14640574873466677,0.3666983853385156,0.05032171071895786,0.13984574186511955,-0.029407240583220664,0.11915904902574097,0.08968189692502977,0.19474566942430602,0.13532593791898595
2025-10-18 08:00:00+00:00,0.09444664223814782,0.15704104436478575,0.3755403087910188,0.05853897529016746,0.14720519815564406,-0.035577616145432804,0.13283312958214585,0.10381061929620576,0.1798439794391879,0.13458045690122905
2025-10-18 10:00:00+00:00,0.09062011235352357,0.15559124787230677,0.3577827540994686,0.06061787190585782,0.1450710099434255,-0.04285244517412043,0.13672574276585459,0.10181021647013283,0.17279455913095831,0.12056652426672036
2025-10-18 12:00:00+00:00,0.07946225818110211,0.1559243780429301,0.3612708997829903,0.05116934130013591,0.14323679365210112,-0.02551967535821704,0.13551374290589818,0.10343180814173938,0.16264999271229644,0.1146000033919764
2025-10-18 14:00:00+00:00,0.07019620248823186,0.1550700465609997,0.34007999863987554,0.037243062150237205,0.12413192911462724,-0.015807154808439923,0.13332563761191935,0.10077622096621676,0.14584663099788034,0.10228690716782828
2025-10-18 16:00:00+00:00,0.06924465309775964,0.13411262182377512,0.31520451947049855,0.008414901933389113,0.1017181550788431,-0.037502608461504106,0.10259839325872944,0.07270829140881628,0.12065628856523827,0.08103932148225251
2025-10-18 18:00:00+00:00,0.037725598293067215,0.10230280036061307,0.31987876881269234,-0.024586486790204025,0.06371532816522092,-0.046598876586825294,0.0751420659021715,0.05051812991680586,0.0901994191282351,0.05721205419788188
2025-10-18 20:00:00+00:00,-0.01613536163501864,0.051221543746752675,0.32388575944826087,-0.06099222550967862,0.021826216608040266,-0.04063715327863347,0.03716976379875524,0.025347184321084022,0.05588913852782845,0.03423520891260731
2025-10-18 22:00:00+00:00,-0.01513312646587131,0.032763592917359405,0.3272476547397104,-0.06792263923971883,0.021533089410599802,-0.022159848338858167,0.056807053179651144,0.047325410860516275,0.04584337536825966,0.04219397654714793
2025-10-19 00:00:00+00:00,0.029040776848169633,0.045749323099455,0.30890193284379036,-0.0770107336461379,0.013254556742264141,-0.020955226101354064,0.0868289364679206,0.08339397574959212,0.05796918371056252,0.10540842718327481
2025-10-19 02:00:00+00:00,2.8396181628279743e-13,0.040072058657028516,0.3249671219545011,-0.033329547939826586,0.015735776643857315,-0.06698249691975779,0.07845981930988224,0.0621246551184708,0.07842168188709313,0.06143989578519563
2025-10-19 04:00:00+00:00,-0.017833974197646086,0.03174666021789904,0.3379659719410192,-0.010776111219458397,0.04490989735999769,-0.0756364896908565,0.08440694321783995,0.05801399620980662,0.10642731064822705,0.021888590465145803
2025-10-19 06:00:00+00:00,-0.004590120127576973,0.05433663633689646,0.3512424883312583,0.030885844228272282,0.10040897253386312,-0.0853232533535898,0.11155086115378447,0.0893269978786726,0.1377320117221172,0.020405151581818652
2025-10-19 08:00:00+00:00,0.00014454514571877385,0.06428417973869842,0.3569816984269765,0.047649244222789454,0.12064875566644896,-0.08672787457140377,0.1248364676770301,0.10218670894973175,0.14851711879124274,0.021668622461711775
2025-10-19 10:00:00+00:00,-0.0013681677130126981,0.07075471183029806,0.34800415362335835,0.05994422480653729,0.1261942354298615,-0.08655003356847,0.13581132992920253,0.10556149818712003,0.14522360188422986,0.016163768085548886
2025-10-19 12:00:00+00:00,-0.008088197372345013,0.06432578562643493,0.3519705645458985,0.053993725392060425,0.12592417961179653,-0.06986181675757239,0.13505725139569105,0.10694123372715034,0.15015378361819218,0.02082041718578211
2025-10-19 14:00:00+00:00,-0.016790067721738952,0.06702810216501279,0.32761205441086544,0.048473454382247275,0.12036016495360387,-0.06499262633683878,0.12917491924420096,0.10553444060203468,0.11355121862546046,0.018656702502333634
2025-10-19 16:00:00+00:00,-0.030986341589349237,0.052776609663053746,0.3007358778781647,-0.0022022577780270464,0.07850009796569234,-0.0760019617532718,0.09292738548961796,0.07085405203199759,0.07835171223905471,-0.014472948999939964
2025-10-19 18:00:00+00:00,-0.053487179911362086,0.019852368207628077,0.26517614255470695,-0.0755248541790382,-0.0017704067780608913,-0.08509415934373865,0.056582439096278074,0.03228461007817113,0.04188996852935854,-0.04574186534239915
2025-10-19 20:00:00+00:00,-0.10643115311298754,-0.027961012409668952,0.26710171525763193,-0.1569345259177901,-0.06992889740303633,-0.09732662309643192,0.02388934857417791,0.00849588171652572,0.010021545038474671,-0.07478514015846031
2025-10-19 22:00:00+00:00,-0.10955434140116187,-0.026730305105863085,0.2683525540962471,-0.16576095401427554,-0.05799001643207821,-0.09597790688489366,0.05345441389581372,0.034899270783468425,0.007343603500059314,-0.0797025909068366
2025-10-20 00:00:00+00:00,-0.10116488324872892,0.007761944542481408,0.26012844069684027,-0.18725754509896245,-0.05707054526997531,-0.04324177204804912,0.067231554705306,0.06811205254689964,0.0244113257450252,-0.04505866886116348
2025-10-20 02:00:00+00:00,-0.10684795143110705,-0.017629356864145476,0.24957768447468878,-0.16496610521606106,-0.05615983298426705,-0.10058513029483203,0.0654430607547233,0.06253119588228405,0.01686675502014645,-0.07362392550901259
2025-10-20 04:00:00+00:00,-0.10157715307551472,-0.033593781023067655,0.24478554719619688,-0.1505912711124934,-0.04780561244885318,-0.12161418804716592,0.05687919692642326,0.06292779540043603,0.00898046124926807,-0.08765261437241326
2025-10-20 06:00:00+00:00,-0.08331719920314098,-0.0436296127669855,0.25412079939380344,-0.12415571193063876,-0.035153181603817744,-0.11982390771044206,0.08119627037698145,0.0943944450440032,0.005633927296658238,-0.07932378344395587
2025-10-20 08:00:00+00:00,-0.07855732425349374,-0.039050970897487394,0.2558684547269902,-0.11637490491298108,-0.032477686249617145,-0.11615439881134927,0.09151044260854031,0.1036016665671079,0.0015029252854451521,-0.07492168890039737
2025-10-20 10:00:00+00:00,-0.07817828210579354,-0.04454082134241962,0.24333606996357718,-0.12447842175120183,-0.03404125102241396,-0.10367897618419718,0.09055311812646735,0.10233259267843241,-0.0004998099834012475,-0.06575721264937323
2025-10-20 12:00:00+00:00,-0.07296301866956915,-0.04230808452673975,0.24898665511175797,-0.12611254456199888,-0.0251383708596698,-0.07374395412346489,0.08822503117145807,0.10111592232243166,0.0019087197561447,-0.05287872485095909
2025-10-20 14:00:00+00:00,-0.08328455823586105,-0.03988653535859738,0.22414335055655435,-0.13251761154648317,-0.024331536871679927,-0.013558153613368377,0.09292117728887644,0.08671899534343809,-0.016675192743324643,-0.040455265959041184
2025-10-20 16:00:00+00:00,-0.10149140035968528,-0.059191581279282396,0.1821834844613276,-0.15837767411551823,-0.06052018447871607,-0.052609849542279444,0.06249231639157184,0.057256562197533306,-0.04341492498028985,-0.06987357704217044
2025-10-20 18:00:00+00:00,-0.11938407586150213,-0.10604606951101311,0.13781366952925872,-0.2006080886811765,-0.10050605913967262,-0.11981509771381998,0.020973828343513985,0.02741812933743198,-0.0935057364588387,-0.10629551207194142
2025-10-20 20:00:00+00:00,-0.15297574979562772,-0.1523187614563574,0.1348139833144953,-0.2461876072280422,-0.13277889777215685,-0.15699209721700644,-0.0085120815029244,0.0024556793196100026,-0.13099667228279915,-0.14035269556253008
2025-10-20 22:00:00+00:00,-0.14797944742060673,-0.14422341697587243,0.15061570571917418,-0.22547903142493864,-0.13433477853785653,-0.14980429203910925,0.01935788112538325,0.046230608200834335,-0.13461586056146477,-0.14373638929181087
2025-10-21 00:00:00+00:00,-0.12562926641797995,-0.11258613394683407,0.13553529456530936,-0.21961032659461138,-0.12392891609170652,-0.12623903724678384,0.04642180282233493,0.08743607194702845,-0.125222844114971,-0.10975567401068613
2025-10-21 02:00:00+00:00,-0.13104386246425714,-0.14310849716091395,0.12706695228276357,-0.23403519681774237,-0.13385531563597483,-0.1616898312094518,0.03235858580543986,0.06207415104933389,-0.13502027330371777,-0.13980031091226366
2025-10-21 04:00:00+00:00,-0.13519378921443095,-0.16865436011413976,0.08719601890996269,-0.23945557387659608,-0.14021372848505628,-0.16424512468503805,0.03394629978805081,0.04182369638710775,-0.162315142879753,-0.15461769945023957
2025-10-21 06:00:00+00:00,-0.13942497423914368,-0.1738380291150963,0.09003014748306828,-0.24477471714182553,-0.1519185793001553,-0.16615473578718684,0.04865192794362604,0.05637442945258013,-0.16550453115152342,-0.13929105691118465
2025-10-21 08:00:00+00:00,-0.13809567865580577,-0.16925135335500527,0.08987174722376495,-0.24393144595087504,-0.1515643565829788,-0.15889573542413654,0.05252353998608573,0.057141102124936324,-0.1639653211674501,-0.12785748518190165
2025-10-21 10:00:00+00:00,-0.1407070237503939,-0.17520050782194535,0.08649878130275335,-0.248439992744867,-0.15921636464853403,-0.1388276536766778,0.04574065791399332,0.04594120402394598,-0.15553967723410705,-0.12610756407713072
2025-10-21 12:00:00+00:00,-0.13160984559153066,-0.16938427557532998,0.08889459553543913,-0.24236413696664577,-0.14660576307665243,-0.10523661443517895,0.04286734119537302,0.05260918780078965,-0.12964324885375622,-0.10479798043523819
2025-10-21 14:00:00+00:00,-0.10673811991877283,-0.17112824204861754,0.09078894364419177,-0.23106906338582175,-0.1239922164239233,-0.06826684168255306,0.03234072018054143,0.0541970642941439,-0.13276682806962806,-0.0799302400730385
2025-10-21 16:00:00+00:00,-0.11425228620287489,-0.16749680296172,0.08703297278148892,-0.25045480269177817,-0.14058061478830844,-0.1318467784338539,0.02169182053234295,0.04839239225913707,-0.17690708122853818,-0.12526885147864958
2025-10-21 18:00:00+00:00,-0.15716610899428618,-0.20874520818087153,0.0753968636626468,-0.27446172224607973,-0.1718118757639364,-0.1752241152476903,-0.006647577979091822,0.022176078280667425,-0.19759138612946126,-0.18258589736304573
2025-10-21 20:00:00+00:00,-0.19037494726262552,-0.2553755034806207,0.05894444648275703,-0.2836731134162582,-0.1964095884008921,-0.18739502159700971,-0.02628510662831758,0.0013003861968809219,-0.21460929705521345,-0.21978959801127124
2025-10-21 22:00:00+00:00,-0.1935210900007688,-0.2452506764927236,0.06744060847590522,-0.25951278531926775,-0.16645601962888196,-0.18930501175665834,0.008147374490275909,0.04528446038627425,-0.21531177398014412,-0.23516101176239945
2025-10-22 00:00:00+00:00,-0.17110515513864033,-0.21371205438929566,0.0621015249691865,-0.2500135809871859,-0.15934207714441231,-0.15102184543159858,0.048309320305962446,0.0956395740581113,-0.2053135594419652,-0.22160461906657594
2025-10-22 02:00:00+00:00,-0.19489597577170048,-0.24848030412652924,0.0439564163375833,-0.28822158338546394,-0.19269687250901807,-0.16679647228617528,0.029221762494996282,0.07590530217996679,-0.21769597010745353,-0.24107714929875118
2025-10-22 04:00:00+00:00,-0.210920611169167,-0.277151050409725,0.03453960449582085,-0.3071959501820377,-0.203581463603773,-0.1622053100555735,0.010464062730843169,0.07237252288197131,-0.22151828588286773,-0.25177428062726265
2025-10-22 06:00:00+00:00,-0.20275242300556875,-0.27608254374071023,0.03239087649391919,-0.30672139382999947,-0.20284235363386682,-0.1417058618565061,0.025163236819161515,0.08729415252609773,-0.2259807955044579,-0.23724459160827788
2025-10-22 08:00:00+00:00,-0.19811123681783294,-0.26970748011183454,0.02945955895435735,-0.2971368785028381,-0.2048827696403501,-0.127303961859637,0.029169165869811962,0.09319588315194884,-0.22042300406652535,-0.22414929847374998
2025-10-22 10:00:00+00:00,-0.20142110380383227,-0.2732617272874712,0.026097000247317963,-0.3060625057602338,-0.19825002144835896,-0.08332362446668717,0.024167051112827315,0.079338073243217,-0.21282747984888065,-0.22221231554700344
2025-10-22 12:00:00+00:00,-0.19190596188352968,-0.2705187305955736,0.02888641261477404,-0.28415272810766296,-0.1750539876815243,-0.04314575298775618,0.025661177607785114,0.07358516842689566,-0.19605355274942357,-0.19968895039165332
2025-10-22 14:00:00+00:00,-0.17508517753818742,-0.26641083264998106,0.03147956158756919,-0.26384446888513885,-0.14965070961904087,0.00869420617998345,0.019027005758616784,0.0626014122746562,-0.17317597799634216,-0.1567767563383101
2025-10-22 16:00:00+00:00,-0.19039835225985619,-0.2796215737608274,0.01967152037185853,-0.27824302344221186,-0.1891227348309325,-0.05350982049717241,0.003734566066108568,0.0460587781102294,-0.21213295360106432,-0.19163535174091523
2025-10-22 18:00:00+00:00,-0.22322759729195246,-0.29692680631797497,0.011053779167222241,-0.2913660935037661,-0.21131799768624965,-0.08304281072735945,-0.016598546141297597,0.032606570138309476,-0.2364104239230584,-0.21741617092392643
2025-10-22 20:00:00+00:00,-0.2913129889584571,-0.3188886067307994,0.01170283086047276,-0.3157670612777493,-0.23295424226362602,-0.1011098617902822,-0.03733096980245577,0.01354249101297226,-0.2717317061725033,-0.24370544581723425
2025-10-22 22:00:00+00:00,-0.2938508445625405,-0.3154906252572883,0.020257608637071933,-0.2880607266414965,-0.2429600611651446,-0.11215341739793783,-0.008008171837723167,0.049876834581719647,-0.2571267540728732,-0.24807194839385605
2025-10-23 00:00:00+00:00,-0.30926739750458015,-0.34707045813612425,0.009962149821841123,-0.2962333449338853,-0.2598728006156351,-0.12327167606930008,-0.021580875671522733,0.03647585567476828,-0.2552374605330775,-0.26523603604314966
2025-10-23 02:00:00+00:00,-0.3252993054504369,-0.3577121601065729,0.008984364115879398,-0.30700981598328947,-0.2837344957865875,-0.13431405593944948,-0.03178082222716902,0.02628982258022685,-0.25145012557742125,-0.27781342803450176
2025-10-23 04:00:00+00:00,-0.3329771223178465,-0.3665079763001955,0.006112561720573371,-0.3123952032463447,-0.2914819538814258,-0.12654434668845374,-0.040347682627695246,0.020498864678158125,-0.26457990155829325,-0.2816689365455309
2025-10-23 06:00:00+00:00,-0.32829753142736856,-0.3719686107904865,0.0032455291733113063,-0.30576561765707894,-0.29347874339818375,-0.11557616781880807,-0.03649976517315814,0.026226436848977488,-0.2594906568781177,-0.27862030076415795
2025-10-23 08:00:00+00:00,-0.32829753142736856,-0.36773001096001917,-0.0003574772755856228,-0.30265261272784455,-0.2885456154325178,-0.09903019073610075,-0.03649976517315814,0.022122998433557462,-0.25324697582278904,-0.2723374503228422
2025-10-23 10:00:00+00:00,-0.3377588264948396,-0.36246727828897735,-0.0031334066625649344,-0.29673627404249,-0.2909257369073035,-0.07095971900284051,-0.04014653733761501,0.011166365547037448,-0.24095234161016055,-0.2643627235901628
2025-10-23 12:00:00+00:00,-0.3259350456344024,-0.35508928125436306,-0.0031334066625649344,-0.2836925063577051,-0.27242624656684855,-0.03707828324704153,-0.04014653733761501,0.0004738313379394133,-0.22082835217019378,-0.2432273471529716
2025-10-23 14:00:00+00:00,-0.3065018509998928,-0.3506752354630705,-0.005846729497335743,-0.25821731821205035,-0.2494465593742953,0.007323100185740771,-0.039340002910389166,-0.0014104763630518565,-0.19863356578928104,-0.22055092445098015
2025-10-23 16:00:00+00:00,-0.3065018509998928,-0.3506752354630705,-0.019280790997625696,-0.28489532279327257,-0.30104900713892224,-0.03806372121628785,-0.033241079198095935,-0.0014104763630518565,-0.19863356578928104,-0.2357829740391859
2025-10-23 18:00:00+00:00,-0.3113944584867055,-0.35269471368972594,-0.021869060418974844,-0.3010369188560021,-0.33617616406145406,-0.08265591238870686,-0.03502221936058452,-0.00031145349404971667,-0.20096411363820318,-0.25774766716857594
2025-10-23 20:00:00+00:00,-0.30830101184183756,-0.3461961831045877,-0.021869060418974844,-0.3010369188560021,-0.3374271513843395,-0.10591905941296646,-0.03502221936058452,0.00879814742785629,-0.210670820473461,-0.2678068145873491
2025-10-23 22:00:00+00:00,-0.3052974604217333,-0.3420828233847313,-0.021869060418974844,-0.30409904618429556,-0.35930947573006045,-0.12842567936662702,-0.03848521010754225,0.00879814742785629,-0.22016339283085623,-0.2776780116847331
2025-10-24 00:00:00+00:00,-0.3052974604217333,-0.3480775138061129,-0.021869060418974844,-0.3077207464070226,-0.35678501253548334,-0.13394538160008657,-0.04095766505556788,0.006393488831064409,-0.23202886494559857,-0.2819001094857686
2025-10-24 02:00:00+00:00,-0.3052974604217333,-0.354289661835438,-0.021869060418974844,-0.3105147243331247,-0.36340304595383777,-0.13954177974432963,-0.0421930992733409,0.006393488831064409,-0.2240499769149303,-0.2843795597597004
2025-10-24 04:00:00+00:00,-0.3028570279979502,-0.3448762532935441,-0.019093712883065748,-0.3030392515254518,-0.3592075984365303,-0.1379686104287861,-0.03357591643639527,0.012915019430831513,-0.21864239381804337,-0.27918699199690444
2025-10-24 06:00:00+00:00,-0.30100392573247264,-0.3456528289076861,-0.02246797589585352,-0.2900837926192405,-0.34151014074118724,-0.12643091649143662,-0.037070305773736954,0.008757892088142816,-0.213130780070355,-0.27685352848420514
2025-10-24 08:00:00+00:00,-0.14859535108609895,-0.10135078627709818,0.10340269934237366,-0.12577137892921494,-0.26537254684386413,-0.15949920375624588,-0.052529888374765916,-0.0015635203754791683,-0.10745360072397063,-0.10583029502065958
2025-10-24 10:00:00+00:00,-0.14859535108609895,-0.10135078627709818,0.10340269934237366,-0.12577137892921494,-0.2556101277591951,-0.14762929137724795,-0.05539757973117031,-0.0015635203754791683,-0.10205745382917213,-0.10091636666908074
2025-10-24 12:00:00+00:00,-0.14275990288625215,-0.09739102529548078,0.09942979728242851,-0.11754073224919978,-0.24367925255095776,-0.13393559960599066,-0.05713406503804211,-0.0045952873775336614,-0.09602600026620296,-0.09520657222712804
2025-10-24 14:00:00+00:00,-0.14213508600812647,-0.08956678806944894,0.10350747695700857,-0.10925271718450005,-0.2328091797160783,-0.12108597620303768,-0.05889046476934113,-0.007663104110001658,-0.08918036967227473,-0.08987900447877094
2025-10-24 16:00:00+00:00,-0.14551274575510592,-0.08956678806944894,0.10095029921349258,-0.11221236048460673,-0.23634513940071045,-0.1277790837550877,-0.05782010362960124,-0.0029651331658015023,-0.08918036967227473,-0.09149500416995737
2025-10-24 18:00:00+00:00,-0.14880838265653154,-0.09268987858333348,0.10013861239727738,-0.11503176729600402,-0.2385895015932707,-0.13284286646142845,-0.05906484273658694,-0.004005700399259172,-0.09293427124264227,-0.09453038106628649
2025-10-24 20:00:00+00:00,-0.14880838265653154,-0.09268987858333348,0.09907593164728092,-0.11503176729600402,-0.2385895015932707,-0.13623158170870675,-0.05878215299651234,-0.0014056722445814082,-0.09340231026114318,-0.09444814412856718
2025-10-24 22:00:00+00:00,-0.14880838265653154,-0.09268987858333348,0.09954593356095348,-0.11503176729600402,-0.24379424286052628,-0.1438568969476928,-0.05955219456475766,-0.002077970265077774,-0.0953865637958546,-0.09706863729052849
2025-10-25 00:00:00+00:00,-0.1487064479297277,-0.08979007437101331,0.10023513189379235,-0.11409655630170723,-0.24513055739244302,-0.1460630026065582,-0.05689167170346472,0.00015825029689374534,-0.09572738594767599,-0.09579653440972578
2025-10-25 02:00:00+00:00,-0.1517239257807194,-0.08979007437101331,0.10023513189379235,-0.11493236399885848,-0.24630442184247722,-0.14543322397930994,-0.056844683182757774,0.00043655007335380893,-0.09651863916985978,-0.09691091946782655
2025-10-25 04:00:00+00:00,-0.14966619378649346,-0.08859775628605528,0.09950137400774442,-0.11251710931666004,-0.24333026246248346,-0.14088432093957132,-0.05492756765983257,-0.0009312989662915306,-0.0911170531768661,-0.09371587081856357
2025-10-25 06:00:00+00:00,-0.14966619378649346,-0.08651034084917726,0.10139878796881578,-0.11040808502487996,-0.23682386671375227,-0.13391208723548864,-0.05605788180674781,-0.0034358258233064955,-0.08673935591009466,-0.09296087926224517
2025-10-25 08:00:00+00:00,-0.1457313782466218,-0.09020435148529649,0.09880332861028175,-0.10744323340022302,-0.23292508041411214,-0.12579004303639124,-0.060640856902879806,-0.010386449535628617,-0.07372291604233984,-0.08920086208826694
2025-10-25 10:00:00+00:00,-0.1448703774280055,-0.0904287629443123,0.09956647482140804,-0.1036694168225714,-0.22945026526755763,-0.1175124006712609,-0.06437957034398424,-0.014162174426026717,-0.06467124025851388,-0.0858909776249729
2025-10-25 12:00:00+00:00,-0.1414992549958823,-0.0904287629443123,0.09956647482140804,-0.10151098689333757,-0.2271752380784559,-0.1059158332753173,-0.06611148550324124,-0.01880294894635879,-0.05919816240663463,-0.07979645968238805
2025-10-25 14:00:00+00:00,-0.14064701847903283,-0.09068678328644639,0.10378455294207817,-0.095642556447754,-0.22168647697507335,-0.09256321795193469,-0.06887694925518865,-0.022388089035475595,-0.05159831857616275,-0.07098571437035119
2025-10-25 16:00:00+00:00,-0.14064701847903283,-0.09068678328644639,0.10378455294207817,-0.095642556447754,-0.22571577623308145,-0.10042160539955756,-0.06584945470071932,-0.01937858805915562,-0.05515626675001345,-0.07268184321443456
2025-10-25 18:00:00+00:00,-0.1418551907701151,-0.09368274106007708,0.10204736238062358,-0.09964030393914942,-0.22725700899142115,-0.10592536049358117,-0.06734492299497086,-0.019623391312641087,-0.058952912788090416,-0.07674596907426541
2025-10-25 20:00:00+00:00,-0.1418551907701151,-0.09368274106007708,0.10204736238062358,-0.0973031668032538,-0.22717879625855975,-0.11049593557280418,-0.0671590904764495,-0.019072693234695133,-0.05992042365970657,-0.07536662830908905
2025-10-25 22:00:00+00:00,-0.1418551907701151,-0.09368274106007708,0.10204736238062358,-0.0981439706711148,-0.23174944444162823,-0.11523143985682995,-0.06841333633866667,-0.019072693234695133,-0.061892051743335785,-0.07762144836080441
2025-10-26 00:00:00+00:00,-0.1418551907701151,-0.09476692795065866,0.10204736238062358,-0.10010581372256182,-0.23513125214485908,-0.11855020658466053,-0.06763667251627728,-0.019072693234695133,-0.06711994856955347,-0.07947974191575505
2025-10-26 02:00:00+00:00,-0.14510432648854432,-0.09448234080563724,0.10204736238062358,-0.10000175820129568,-0.23517534532155498,-0.11866518561283532,-0.06783797799909888,-0.019072693234695133,-0.06758675569583122,-0.08039723365898181
2025-10-26 04:00:00+00:00,-0.14176553676279455,-0.09205150152180756,0.1013496793007434,-0.09667411114398218,-0.23376554560751855,-0.11447684011756708,-0.06838437647993444,-0.019775124626147646,-0.0661125928487188,-0.0770734322161557
2025-10-26 06:00:00+00:00,-0.13978768861524038,-0.09630118297509362,0.10065200547577302,-0.09515111989179896,-0.2322472640029012,-0.10901192653729083,-0.07146380909953028,-0.024239001089665934,-0.06885425731700537,-0.0751003513144865
2025-10-26 08:00:00+00:00,-0.13651704598803396,-0.09630118297509362,0.10065200547577302,-0.0899965947308949,-0.22972509020049073,-0.10038880788098253,-0.07279240476070316,-0.02743391411423135,-0.0616146471579979,-0.07088526857449101
2025-10-26 10:00:00+00:00,-0.13550103693155266,-0.0942382325001708,0.10349464099771306,-0.08680058324964837,-0.22865036688412002,-0.08900847260609894,-0.07501026227374105,-0.02786003851747497,-0.05601853349367729,-0.06525686466119979
2025-10-26 12:00:00+00:00,-0.13906839740102217,-0.0942382325001708,0.10349464099771306,-0.07967387468472938,-0.22503446338586278,-0.07144407693361804,-0.07688618161126917,-0.03051002153299576,-0.05601853349367729,-0.05819253329871657
2025-10-26 14:00:00+00:00,-0.13814749723378436,-0.09443763754976876,0.1078890637709351,-0.07465836213297047,-0.22161062157593064,-0.05126139487359696,-0.07728481295404681,-0.0346101948876867,-0.039803386479006886,-0.04953944046060633
2025-10-26 16:00:00+00:00,-0.13814749723378436,-0.096383223791882,0.1078890637709351,-0.07675766907615755,-0.22418812401346588,-0.0621511558076229,-0.07547205681264235,-0.03173173592257953,-0.043732527076536555,-0.053624999997466956
2025-10-26 18:00:00+00:00,-0.13974846197759652,-0.096383223791882,0.1078890637709351,-0.07908095110869448,-0.22493041821432272,-0.07301781482058704,-0.0746168234053205,-0.028776962582776053,-0.04760170423061062,-0.058694875178914786
2025-10-26 20:00:00+00:00,-0.14244252731060686,-0.09978247089117401,0.10340307441440327,-0.0827313136260541,-0.22662112349249575,-0.07963154579375988,-0.07634834508624122,-0.030344673604200626,-0.05126922415095035,-0.06604910964471031
2025-10-26 22:00:00+00:00,-0.14244252731060686,-0.09978247089117401,0.10258150751204576,-0.08363062578750997,-0.231449358758559,-0.08360583685224755,-0.07785207059462688,-0.02880109038747837,-0.053396474349953364,-0.06772945337528284
2025-10-27 00:00:00+00:00,-0.13911569380936517,-0.09704935389644709,0.10259884937008192,-0.08213125550286564,-0.23457167940843204,-0.0852372416017863,-0.07515271614998975,-0.02670205507252145,-0.05325507799759058,-0.0666188302653685
2025-10-27 02:00:00+00:00,-0.1382186294471924,-0.09776649639124026,0.10387682444106094,-0.08214976015012179,-0.23457167940843204,-0.08569822788649811,-0.07519468601765648,-0.02641520307497349,-0.052737022862405475,-0.06656341972604661
2025-10-27 04:00:00+00:00,-0.13721592452303222,-0.09501406652513658,0.10829141999728716,-0.07957657747115258,-0.23293487213414002,-0.07940675924395935,-0.07296404298495919,-0.025351795503485125,-0.04964758625215577,-0.06317708962937742
2025-10-27 06:00:00+00:00,-0.13721592452303222,-0.0887174912441307,0.11049322182724527,-0.07262307897163824,-0.23014615485048392,-0.06837067151411495,-0.07296404298495919,-0.028964949382751674,-0.04964758625215577,-0.05615128921019173
2025-10-27 08:00:00+00:00,-0.1404403389301515,-0.086349080758361,0.1127061874266496,-0.06688470457235295,-0.22905827997219613,-0.05736035389446843,-0.07296404298495919,-0.03076868414100215,-0.04618690051683303,-0.04930767880149364
2025-10-27 10:00:00+00:00,-0.1404403389301515,-0.08302903983388804,0.11641299325483109,-0.05706547729308831,-0.22411441873396878,-0.03828006567146524,-0.07296404298495919,-0.03076868414100215,-0.03973449573048087,-0.042934141120431056
2025-10-27 12:00:00+00:00,-0.14589643460647914,-0.08302903983388804,0.11641299325483109,-0.04548100312738654,-0.21787426764495255,-0.018442386602578943,-0.07296404298495919,-0.03076868414100215,-0.032343208904670476,-0.031638769472063774
2025-10-27 14:00:00+00:00,-0.1395662588893264,-0.07927530252879601,0.12424800037647413,-0.03520687439246876,-0.21135110382010627,0.001526165150901599,-0.07702328113699222,-0.028496911667578107,-0.02234390375232652,-0.019488704755343967
2025-10-27 16:00:00+00:00,-0.1395662588893264,-0.07722270325378787,0.12135857358899436,-0.039995021351423084,-0.213747628524118,-0.009016230670196159,-0.07702328113699222,-0.026948128101798308,-0.02234390375232652,-0.025687066108359677
2025-10-27 18:00:00+00:00,-0.1395662588893264,-0.07607542974035697,0.11850846411342007,-0.043376350822261926,-0.2161585845189416,-0.020642078669696,-0.07619274136131798,-0.026948128101798308,-0.017943816064067825,-0.03271173861159562
2025-10-27 20:00:00+00:00,-0.14290169503260552,-0.0805197688690728,0.11457618635487592,-0.04940399948107814,-0.21598816164307133,-0.0279341153618539,-0.07882840483064663,-0.03328652636123484,-0.01754909007137709,-0.03982740156705241
2025-10-27 22:00:00+00:00,-0.14290169503260552,-0.0805197688690728,0.11393824551071063,-0.051781138961711035,-0.21927595457084748,-0.03260110863734705,-0.07685203377517746,-0.03528942784024422,-0.01571907552986193,-0.04120255704915978
2025-10-28 00:00:00+00:00,-0.1396690371594755,-0.0775366321684579,0.1149987064396204,-0.050372415737036304,-0.2116748191396878,-0.032195201920669304,-0.07452048731936334,-0.03438319835973617,-0.012452980883405167,-0.03973751894467889
2025-10-28 02:00:00+00:00,-0.1389466498398701,-0.0775366321684579,0.11584764055383254,-0.050245613011311446,-0.2116748191396878,-0.029910690528180347,-0.07452048731936334,-0.03395375282265241,-0.01123692494938085,-0.03913862381312969
2025-10-28 04:00:00+00:00,-0.13738531533224926,-0.0745450322748476,0.1886946142689028,-0.04708318609589047,-0.20945026375251213,-0.021286582047760048,-0.09619264041215596,-0.030065896536405106,-0.005049213152926766,-0.035121894359129636
2025-10-28 06:00:00+00:00,-0.13409609945757692,-0.07209344407458741,0.19372642145776287,-0.039846863009232375,-0.2074221704749867,-0.008582068658596807,-0.09619264041215596,-0.028087103419385247,-0.0006127770793476782,-0.025428514656202654
2025-10-28 08:00:00+00:00,-0.13083115188195127,-0.07209344407458741,0.1990622725085453,-0.03325402567887794,-0.20684236228543434,0.00531304858877684,-0.09619264041215596,-0.028087103419385247,-0.0006127770793476782,-0.017852632600551598
2025-10-28 10:00:00+00:00,-0.13083115188195127,-0.06466126275599236,0.2071987331131861,-0.02720323668014865,-0.20684236228543434,0.025741653408027206,-0.09619264041215596,-0.030901319921589215,-0.0006127770793476782,-0.00824270936229674
2025-10-28 12:00:00+00:00,-0.13624784686788402,-0.060761853416426745,0.2103498195941558,-0.016660770218198916,-0.20560535454271267,0.045388185137772194,-0.09406772099728736,-0.030901319921589215,0.006536633415727536,0.0031789519799967476
2025-10-28 14:00:00+00:00,-0.1430527308572948,-0.051798023865925386,0.20960391646695464,-0.005039537461809116,-0.20401327327637453,0.06870068938698215,-0.09169294883484666,-0.03250129030465119,0.024486041978556274,0.015326104855754703
2025-10-28 16:00:00+00:00,-0.1430527308572948,-0.05391695270579757,0.20133694179568062,-0.009802555772969047,-0.20401327327637453,0.05681588919424092,-0.09169294883484666,-0.035706355196009114,0.014623530455243323,0.010702770613595475
2025-10-28 18:00:00+00:00,-0.1430527308572948,-0.05391695270579757,0.1934920927472718,-0.014412725032336182,-0.20298864738904934,0.04552101501801623,-0.09169294883484666,-0.03708216120057289,0.0023467341155378667,0.00618047828935872
2025-10-28 20:00:00+00:00,-0.1463610380494651,-0.05824337673414934,0.19254874596281513,-0.021062743979923144,-0.20297396347175864,0.03906347233557833,-0.09454315570116312,-0.04103449388386335,-0.000729951249486301,0.0008667373647459388
2025-10-28 22:00:00+00:00,-0.1426993670557528,-0.05979111737145243,0.19198662872155023,-0.02337844291653355,-0.20489573487529503,0.03675424312696757,-0.09341995100619829,-0.043350499726081626,-0.000729951249486301,-0.0001734898133408734
2025-10-29 00:00:00+00:00,-0.13968023835061918,-0.05791546610829547,0.1935069973855353,-0.02088461714141591,-0.2034082288123351,0.040227682691739236,-0.09189794923529496,-0.041716860454384684,0.0012698897340443823,0.0014004393631493561
2025-10-29 02:00:00+00:00,-0.1392228290429583,-0.05772236593532739,0.1935069973855353,-0.019880153951510996,-0.20142721478762607,0.04700071571146635,-0.0921928832232154,-0.041469473989305984,0.0012698897340443823,0.002908517366797863
2025-10-29 04:00:00+00:00,-0.138044579254186,-0.05422621100315496,0.2083051915322741,-0.016369026261767047,-0.199034037843628,0.055942909161494525,-0.0900874155020077,-0.03990454971506365,0.0033289776756214337,0.006053581265351229
2025-10-29 06:00:00+00:00,-0.138044579254186,-0.051741705458232076,0.2091059232052681,-0.008638491125939474,-0.19969439459296237,0.06676145165157493,-0.09180595471142415,-0.03551209177341576,0.0033289776756214337,0.011366473051037064
2025-10-29 08:00:00+00:00,-0.14143264563917107,-0.048955986614422284,0.21563484066217084,-0.0036720620800203122,-0.19925063430330558,0.07649430420286128,-0.09180595471142415,-0.03344437127801234,0.007168202095272215,0.01649683078922597
2025-10-29 10:00:00+00:00,-0.14143264563917107,-0.04130879283624615,0.21563484066217084,0.0043707822202781665,-0.20117858696656532,0.08865102866424113,-0.09180595471142415,-0.030573563841009673,0.013487891744418773,0.027050847887688627
2025-10-29 12:00:00+00:00,-0.14694277148379306,-0.037355350632492824,0.21563484066217084,0.012280267007497842,-0.1994614456869867,0.10418209653699598,-0.09180595471142415,-0.024258137249518318,0.024793950804449374,0.035274462584461465
2025-10-29 14:00:00+00:00,-0.15400984695195596,-0.033110594541502364,0.2190130306640532,0.023917953918801745,-0.19848850694899567,0.1253433068783046,-0.09151317811252786,-0.018191061912543157,0.031612374256961916,0.043367837635975764
2025-10-29 16:00:00+00:00,-0.15400984695195596,-0.035053734177769115,0.2116865868155257,0.01912090365167966,-0.19563808746043118,0.11620396238556749,-0.09239226001992501,-0.01979473385029514,0.027686270412849594,0.036702827200847665
2025-10-29 18:00:00+00:00,-0.15740144557414404,-0.039230247512896006,0.20407907469914147,0.013458930788635276,-0.19590375623416742,0.10543572069313971,-0.09370488063657179,-0.02262700793015326,0.022475681141072124,0.030769006601136847
2025-10-29 20:00:00+00:00,-0.15740144557414404,-0.03924227778454349,0.20008771354652424,0.012261926077272093,-0.19671032014672968,0.10012843040320199,-0.09350219257684238,-0.023308354887689793,0.018570146328889318,0.029123958226505608
2025-10-29 22:00:00+00:00,-0.15675201729943716,-0.04007375577903185,0.20019830258558866,0.011093299220825342,-0.19026566003023443,0.09913355134517764,-0.09466179535818302,-0.024034455694960863,0.01561812645226879,0.027907236001411755
2025-10-30 00:00:00+00:00,-0.15357847116900306,-0.037760494649073446,0.20268358705759737,0.013922518930434693,-0.18529944515511815,0.0994753414244154,-0.09049963442049616,-0.021530637247555596,0.019861729941314354,0.029573768049552605
2025-10-30 02:00:00+00:00,-0.15327045421991964,-0.03732090137369181,0.21339581104518276,0.01537951479705186,-0.183152457309044,0.10079040480928037,-0.09049963442049616,-0.020495233150308465,0.02114817430756471,0.03122716931477487
2025-10-30 04:00:00+00:00,-0.15243129702181085,-0.03337507689495356,0.21940477862579202,0.02005916470593142,-0.18129192300320932,0.1058944429093416,-0.0879245588564009,-0.015674730776337627,0.02622689868454105,0.03517318253053164
2025-10-30 06:00:00+00:00,-0.15243129702181085,-0.028317517837405673,0.22736075551891177,0.026840194109619703,-0.17863321773766802,0.11234229643762662,-0.08618615606607401,-0.013638725090774075,0.033048130437189745,0.04030445959299123
2025-10-30 08:00:00+00:00,-0.15243129702181085,-0.02574497347871408,0.23549247988426955,0.03265627075881251,-0.1792056117637334,0.12082570864654646,-0.0879245588564009,-0.009680314673076645,0.03971629946489571,0.04519150386650188
2025-10-30 10:00:00+00:00,-0.15243129702181085,-0.0218551938400112,0.2494786744686981,0.04251829146220346,-0.17738134471640912,0.13415380304465388,-0.08567079948543528,-0.00024024077785362663,0.04553978823536798,0.05505008735381454
2025-10-30 12:00:00+00:00,-0.15805268893428442,-0.017973823835998166,0.2537947477094175,0.05201729290647806,-0.17582403131827734,0.14623497839915972,-0.08567079948543528,0.006057693061657325,0.055007397680000944,0.06272166943251357
2025-10-30 14:00:00+00:00,-0.16919035000904484,-0.01354544589539758,0.27101875371086975,0.06285338225987204,-0.17919072518233686,0.16036792698343963,-0.08620487243696419,0.008139359787715152,0.06686803561744432,0.07321205380210058
2025-10-30 16:00:00+00:00,-0.16919035000904484,-0.0176314333360441,0.26425241569368274,0.05682279596880995,-0.17818155684265724,0.15079723280515112,-0.08707487430080407,0.006395147880427143,0.06026520878319967,0.06813146365326081
2025-10-30 18:00:00+00:00,-0.16919035000904484,-0.023060478947928734,0.25771891453107815,0.05060287315421437,-0.1775916304367016,0.1387263430283246,-0.08707487430080407,0.0029511724642003663,0.05737398683264674,0.06283697114088073
2025-10-30 20:00:00+00:00,-0.16919035000904484,-0.024069084906507977,0.25411373713570956,0.048232166729970175,-0.18164981807943367,0.13505453479428325,-0.08689698884447314,0.001953122472318343,0.05592474738896238,0.06076829254704623
2025-10-30 22:00:00+00:00,-0.16809467291516142,-0.024069084906507977,0.25411373713570956,0.04849234583634125,-0.18280171416509852,0.1340067077952314,-0.08513894562143481,0.0033636854428560035,0.05668091927770152,0.05974576980853298
2025-10-31 00:00:00+00:00,-0.16541746725850304,-0.02144273937023353,0.25858335318727854,0.05196087623511249,-0.18123993616957285,0.13858003840969282,-0.08214490656712849,0.005795572380400365,0.05730447932520883,0.06193045967751069
2025-10-31 02:00:00+00:00,-0.16531040638422334,-0.020828671711665372,0.2631717350674068,0.053302287627062885,-0.18285015336777358,0.14410901419593677,-0.08214490656712849,0.008212918463862226,0.06388693700508821,0.06463404791910503
2025-10-31 04:00:00+00:00,-0.16523699400078978,-0.02020517557456475,0.2671881257273,0.05658304223141115,-0.18792981024221528,0.14793498898553975,-0.08212053378474973,0.010538622218817788,0.06626819808402468,0.06701760189430314
2025-10-31 06:00:00+00:00,-0.1615096169872744,-0.011342825034811073,0.2916095219358658,0.06147080012646386,-0.19525603729003474,0.15748663154949374,-0.0803903356720794,0.014313292622948205,0.07287506511819586,0.07042446271780763
2025-10-31 08:00:00+00:00,-0.3236670748624893,-0.19711975789826233,-0.06090555414102526,-0.06680043143916954,-0.07577793819164347,0.028833293636902152,-0.049248172740564373,-0.01112233498806779,-0.023750313551989345,-0.12011636726514305
2025-10-31 10:00:00+00:00,-0.3367330200027382,-0.17626595661281044,-0.013923932479107358,-0.0447465015621668,-0.09807533791625926,0.06202368795589823,-0.03595350018284335,0.007917160854516141,0.010524015724504709,-0.10623315067388865
2025-10-31 12:00:00+00:00,-0.3367330200027382,-0.16529665508714858,0.03383714284413957,-0.015528916727325679,-0.12683792202831454,0.09489366442882027,-0.03595350018284335,0.007917160854516141,0.027331773135877112,-0.08714884041703605
2025-10-31 14:00:00+00:00,-0.3367330200027382,-0.15432245040278558,0.057336107376455635,0.0077499818284789464,-0.14999288937770144,0.13714690789729564,-0.03595350018284335,0.026939611732407075,0.06082792602892785,-0.07246206004823279
2025-10-31 16:00:00+00:00,-0.32214247441333654,-0.16569042391279823,0.008900942542968367,-0.015683646596392934,-0.13473018945682505,0.1037564901221535,-0.042660032231616914,-0.011532224257619187,0.009528236367723993,-0.08846229696634253
2025-10-31 18:00:00+00:00,-0.31090597725954744,-0.19067771982683293,-0.05580259212910433,-0.04425616800457112,-0.12975437691525338,0.06145747304649366,-0.042660032231616914,-0.030265120683148156,-0.0070178518668975514,-0.10886465156625974
2025-10-31 20:00:00+00:00,-0.3075011961428878,-0.19509478569691516,-0.08220966304866548,-0.057500697644745344,-0.13190085547812974,0.044770735013821374,-0.045828209384781424,-0.04448878087182683,-0.0070178518668975514,-0.11543142136864129
2025-10-31 22:00:00+00:00,-0.297137908928396,-0.20053862272773226,-0.11738638232793452,-0.07378790474981559,-0.10344420394202002,0.03266404446270451,-0.045828209384781424,-0.04962002866218757,-0.023514824395786074,-0.12657441173213405
2025-11-01 00:00:00+00:00,-0.297137908928396,-0.22019411767967328,-0.14019849089772388,-0.08680584795482202,-0.09304277892059028,0.028634196183662277,-0.042059703183167284,-0.05990427511014834,-0.03192011820926947,-0.14289421427348448
2025-11-01 02:00:00+00:00,-0.297137908928396,-0.222016757236828,-0.1395566219300937,-0.08843673295706786,-0.09319619875812285,0.028967991671469212,-0.042059703183167284,-0.06021282429801739,-0.03192011820926947,-0.14632719586515658
2025-11-01 04:00:00+00:00,-0.297137908928396,-0.22393530871754644,-0.13671199934434136,-0.08990003522119434,-0.0938024560160214,0.02912448464740556,-0.04240043108535569,-0.06028026357089809,-0.031791107810384314,-0.15004497545266904
2025-11-01 06:00:00+00:00,-0.297137908928396,-0.21788701555864773,-0.11420139953184195,-0.07050315896004748,-0.0938024560160214,0.04665609720105306,-0.04240043108535569,-0.04498538498489669,-0.023583921219458525,-0.14203070476372037
2025-11-01 08:00:00+00:00,-0.3063048894840935,-0.20007517229964739,-0.08442532427716072,-0.0551931147659425,-0.0968643521000722,0.060902036590905144,-0.04240043108535569,-0.030748983075696134,-0.023583921219458525,-0.1375466101898609
2025-11-01 10:00:00+00:00,-0.3120229040941746,-0.18938595207686534,-0.06588096989743918,-0.04389049227485402,-0.09966569972287033,0.0757986200374962,-0.04240043108535569,-0.021673247904546927,-0.023583921219458525,-0.13157838987854498
2025-11-01 12:00:00+00:00,-0.3256400835044787,-0.16822127576446924,-0.04573551335237329,-0.014856208628728376,-0.09966569972287033,0.0950749091101849,-0.04911439032816729,-0.003103801681471553,0.008553092738123009,-0.1264750171655875
2025-11-01 14:00:00+00:00,-0.3256400835044787,-0.14713577525056762,-0.02559123766663725,0.014740483169152864,-0.09404696789761435,0.1256283942957674,-0.04911439032816729,0.015370298685400446,0.02472981717135001,-0.11595858795942718
2025-11-01 16:00:00+00:00,-0.3256400835044787,-0.1682360103239671,-0.06529813858558103,-0.015224093785783406,-0.08332863398914281,0.09821998961789614,-0.05580441119905385,-0.02127493158157162,0.008351719506763963,-0.12877563552118174
2025-11-01 18:00:00+00:00,-0.3213348013550253,-0.16830288094815304,-0.09756928221971485,-0.024563143024916672,-0.07101099443556279,0.07274787325560156,-0.047947091889364364,-0.054333041357146825,-0.007759381245854875,-0.14576689499139864
2025-11-01 20:00:00+00:00,-0.3213348013550253,-0.1716139001010244,-0.13355017087885068,-0.027443239648518445,-0.07101099443556279,0.053186812324485716,-0.051127407900282563,-0.08712742528390084,-0.01580960041127669,-0.1523362109196783
2025-11-01 22:00:00+00:00,-0.3213348013550253,-0.17651508621309223,-0.15581054785448273,-0.03998460138123842,-0.08249007967141528,0.033838880211258734,-0.04393338717188311,-0.11466344834417508,-0.024035156542087457,-0.16388777404662952
2025-11-02 00:00:00+00:00,-0.33558282181879995,-0.18225729701861967,-0.1782615122904155,-0.05596020125276607,-0.07675817507852886,0.013324684713791581,-0.04766015824748956,-0.13264202161250987,-0.04033204533052244,-0.17515300366954634
2025-11-02 02:00:00+00:00,-0.33558282181879995,-0.18281811128405578,-0.17297496859603495,-0.05711036735997744,-0.07675817507852886,0.01328383799551544,-0.047294411327242054,-0.13184205084422773,-0.04076506107945978,-0.17735591646441254
2025-11-02 04:00:00+00:00,-0.33558282181879995,-0.18486960748438588,-0.16843548665197206,-0.0573242706423844,-0.07675817507852886,0.013163846261567254,-0.047378315069370215,-0.12442212278807731,-0.04075347411743161,-0.18042209072427717
2025-11-02 06:00:00+00:00,-0.3368603588395,-0.17283708167650008,-0.1456288945345467,-0.04278007445971405,-0.06329303846876104,0.019202193783628977,-0.03559172457805757,-0.08429107468204387,-0.025291407130848407,-0.1871420033502457
2025-11-02 08:00:00+00:00,-0.3463305212919033,-0.16137442776325703,-0.12888054961620443,-0.030898168940475656,-0.06625708494077182,0.03562458924883475,-0.03559172457805757,-0.05985296211603295,-0.025291407130848407,-0.17902866874631498
2025-11-02 10:00:00+00:00,-0.3463305212919033,-0.15609615823315878,-0.1123536650488545,-0.019489718031056175,-0.060783313444032025,0.05228644249446178,-0.03559172457805757,-0.04342571294314399,-0.010304127942328614,-0.1687181420988686
2025-11-02 12:00:00+00:00,-0.33259669269469816,-0.12681199812286098,-0.07947128478206839,0.009725898480111319,-0.060783313444032025,0.06358857155625428,-0.028992159666338457,-0.016455472188517947,0.02038143654276357,-0.14514256830724837
2025-11-02 14:00:00+00:00,-0.33259669269469816,-0.10653236749904088,-0.06350816464688964,0.033104486984933595,-0.07179391898412564,0.08687759180881291,-0.02241703959184409,0.004708766933908142,0.051249938217249366,-0.12837370151010155
2025-11-02 16:00:00+00:00,-0.31731430479059286,-0.11694192713703647,-0.09708870519718196,0.014901240124378127,-0.06616872402905626,0.06344630043591704,-0.02907078539143661,-0.02243592510681311,0.0351587919880656,-0.1469473783994738
2025-11-02 18:00:00+00:00,-0.2900299607511591,-0.14598636949004054,-0.13057176918514873,0.002833252582520412,-0.06616872402905626,0.040038927459957,-0.03560958497528043,-0.054089246221588304,0.019186680255329366,-0.19174177622740704
2025-11-02 20:00:00+00:00,-0.2721175204126748,-0.15152653466850194,-0.13894788562732427,-0.00849392238788312,-0.08102660431487384,0.004423111713520568,-0.03129082442112264,-0.07243934311938119,0.001471235662656412,-0.18616142350375334
2025-11-02 22:00:00+00:00,-0.2721175204126748,-0.15734375915492801,-0.1484164378509037,-0.021220331236411753,-0.08352153066513174,-0.020423039513531603,-0.0277220155137868,-0.09007400720615369,-0.014777415884113618,-0.1973117544515201
2025-11-03 00:00:00+00:00,-0.2721175204126748,-0.16468798632857987,-0.15801332781583563,-0.02790019591510659,-0.06984729493845256,-0.04117053568958899,-0.031349607611359256,-0.1099706845374978,-0.02308040510436593,-0.20942072602800982
2025-11-03 02:00:00+00:00,-0.2721175204126748,-0.1670412776805398,-0.16268943080261422,-0.029193783279859376,-0.0686353143139251,-0.04508050090902588,-0.031011068201745692,-0.11171513410143605,-0.023638069186185096,-0.21422310131606373
2025-11-03 04:00:00+00:00,-0.26976276815715455,-0.17121139312589942,-0.16412800194786503,-0.0301488130886717,-0.06751128855957252,-0.04679858289045731,-0.031174243280798725,-0.11182217288229482,-0.025395557366729188,-0.21757863727713828
2025-11-03 06:00:00+00:00,-0.2796519563096381,-0.15997380139421574,-0.14771916511968045,-0.01795436789266751,-0.08001073168883921,-0.02726889154070976,-0.027892443653908347,-0.09839237668103255,-0.010071789392289966,-0.1970390990471034
2025-11-03 08:00:00+00:00,-0.2796519563096381,-0.1489279262294306,-0.13138064586612427,-0.005942699631275191,-0.08804341979745879,-0.007979256485971007,-0.02469148195260131,-0.08519553382676234,0.005463350673433177,-0.18489424952747782
2025-11-03 10:00:00+00:00,-0.2796519563096381,-0.12882633776287308,-0.09775850230895637,0.018546855751694333,-0.11310798414454286,0.031145890882519144,-0.005564980443508855,-0.06479573898837913,0.05318950637288004,-0.15756424320652093
2025-11-03 12:00:00+00:00,-0.2946153822446443,-0.10861795822518096,-0.046293501094448665,0.036673178204701104,-0.13518399375834586,0.0793714940645273,0.0070773276268287135,-0.03885744520276485,0.0838482100372083,-0.13379910364953945
2025-11-03 14:00:00+00:00,-0.3091626342813575,-0.07794767425524994,-0.04654902121720685,0.06602853776321783,-0.1607041091025212,0.12467712982166736,0.011112749234278097,-0.019340837794344597,0.11933930802558013,-0.09272656214034912
2025-11-03 16:00:00+00:00,-0.29339379197279974,-0.1098825453819577,-0.07945521172853379,0.040187181847520945,-0.13928924672618034,0.08588291158137108,0.004528678281038738,-0.03527622491683476,0.08723510504347537,-0.11409939521036912
2025-11-03 18:00:00+00:00,-0.29339379197279974,-0.12934343138006527,-0.11109716113355107,0.014979112199064028,-0.11764668755650579,0.04538787796218991,-0.008431541254347995,-0.05614288570429786,-0.1296822763603518,-0.13439129697221264
2025-11-03 20:00:00+00:00,-0.27861472354487304,-0.1306284970666039,-0.12160036910996382,0.02023797925771046,-0.11830706714857026,0.00978568563255006,-0.008157624866203089,-0.0504007410452914,-0.14577853387253562,-0.13214430486225678
2025-11-03 22:00:00+00:00,-0.27861472354487304,-0.14205143530894745,-0.13954148738174593,0.00752402075309913,-0.1026793047196024,-0.0024620536526942386,-0.01847673693727754,-0.07102137162973367,-0.1543742683002576,-0.14943799891819068
2025-11-04 00:00:00+00:00,-0.28828199671210814,-0.16494650477049883,-0.1638551465370993,-0.00946115488533316,-0.11300029460547575,-0.01859304656298979,-0.030596073723525002,-0.07929565380490738,-0.16315251562100613,-0.16730756930508334
2025-11-04 02:00:00+00:00,-0.28828199671210814,-0.16988946885530345,-0.16601748100429656,-0.01051266692736748,-0.1147722800874722,-0.01995662437485271,-0.031038090133123555,-0.08170829490001262,-0.16389495468172915,-0.17106385770814153
2025-11-04 04:00:00+00:00,-0.28828199671210814,-0.1720781871603188,-0.16825737958794734,-0.011564166949561156,-0.1147722800874722,-0.021508033598969894,-0.0325213737626972,-0.08355893437802861,-0.16423259753753097,-0.17504714779404773
2025-11-04 06:00:00+00:00,-0.2982822289340515,-0.16154972350355876,-0.153544325387416,-0.005473244924282267,-0.1147722800874722,-0.0048397734727309415,-0.02942666856897235,-0.07859149658496134,-0.15442408366460456,-0.16448698545516505
2025-11-04 08:00:00+00:00,-0.30848164840030945,-0.15114570531101998,-0.13527115944594859,0.0005460928931400913,-0.11057145586300758,0.010799032896454834,-0.02328562955073459,-0.07128829435178469,-0.14534541720331975,-0.15493589214827247
2025-11-04 10:00:00+00:00,-0.30848164840030945,-0.14100765192717152,-0.1202457536648354,0.019596650503209512,-0.09383291086392881,0.05257550243205222,-0.005012508222067289,-0.05136319170316799,-0.1361356523089232,-0.13352456441217328
2025-11-04 12:00:00+00:00,-0.32340558942104974,-0.12012519413242251,-0.08603552118059168,0.038414890971695356,-0.08079304686479569,0.09058529763238936,0.00709738769252908,-0.04620070129913485,-0.12127815505313788,-0.11646129989660946
2025-11-04 14:00:00+00:00,-0.3186664532678192,-0.09114043257713023,-0.04809245486851915,0.04577431145313705,-0.05687303421497053,0.15279658078412658,0.0339588750309711,-0.03528177535876195,-0.10820934724114699,-0.08953876429811757
2025-11-04 16:00:00+00:00,-0.3186664532678192,-0.1127162906529571,-0.081780634582976,0.03889695157127345,-0.08215653514251121,0.10602066202347768,0.014374122767809878,-0.046656105558888834,-0.11800159023598598,-0.11032296757978248
2025-11-04 18:00:00+00:00,-0.2905399465583216,-0.1329276353339886,-0.11452999274949616,0.02517474877484932,-0.09884154984681741,0.06266907698464118,-0.004711774814803488,-0.057883778021115224,-0.1277266601501977,-0.13004727035832847
2025-11-04 20:00:00+00:00,-0.27463430848251885,-0.13218467856637972,-0.1536276577026157,0.03719836703129209,-0.10019420013466089,0.031104932364687938,-0.0025618172269552125,-0.06153309892597259,-0.13985550065661467,-0.13711016007758145
2025-11-04 22:00:00+00:00,-0.2864294742713657,-0.13804770599148525,-0.16443216589669343,0.03719836703129209,-0.11292517832821918,0.020958504629091063,-0.016113500170023953,-0.08166334315538135,-0.14833571657127562,-0.1479653294742116
2025-11-05 00:00:00+00:00,-0.29611488195011315,-0.15502478290987268,-0.17992651149090252,0.018519598687668438,-0.12638218108670163,0.0055860386885324,-0.02938291449525862,-0.09602742797247966,-0.15572625122132264,-0.16286664879381574
2025-11-05 02:00:00+00:00,-0.29611488195011315,-0.1573463133041097,-0.18871309516886137,0.01826485620896112,-0.12831316104505983,0.004485123133240416,-0.0308900847660572,-0.09962066336281053,-0.15778992714935158,-0.16500981365134554
2025-11-05 04:00:00+00:00,-0.29611488195011315,-0.16141963966377604,-0.19324497621447445,0.01797160309508647,-0.12953655288567403,0.00215506573332756,-0.03228321005099774,-0.10174835132962343,-0.1585055040237894,-0.1672158255548284
2025-11-05 06:00:00+00:00,-0.29611488195011315,-0.1516427036451014,-0.1754990491179004,0.020886800712762065,-0.11907788192956507,0.018422815542298847,-0.020809682722919356,-0.09640612970068298,-0.15001142077479962,-0.1527454504623594
2025-11-05 08:00:00+00:00,-0.29611488195011315,-0.14054539221677526,-0.15832126178312542,0.02382764780644347,-0.1171949852382918,0.03794912092432781,-0.01251169513457946,-0.09135988003568142,-0.14576466728643125,-0.14195842644470766
2025-11-05 10:00:00+00:00,-0.29611488195011315,-0.12039015456576979,-0.09669662013391739,0.036780739951024426,-0.10129191594660444,0.07129892771301724,0.004724312228113478,-0.07040449157136719,-0.1365309070167962,-0.12771520075817144
2025-11-05 12:00:00+00:00,-0.29611488195011315,-0.10031427707610556,-0.029667418119748972,0.030373695058617284,-0.09274072362999433,0.10134026624771228,0.0161745712573028,-0.06492960864393084,-0.1316974543355722,-0.10769121493392328
2025-11-05 14:00:00+00:00,-0.3154582618849124,-0.07356328125222286,-0.010283911118129173,0.03756421504244731,-0.07444160998106691,0.1224388963034312,0.04615243817181497,-0.05982467954605873,-0.11961034008237287,-0.09674939544125848
2025-11-05 16:00:00+00:00,-0.3154582618849124,-0.09484548141141506,-0.0629634648522705,0.03035792922901071,-0.09161473402787959,0.08450125810610322,0.033123715928574306,-0.07238275138110009,-0.1349127580194648,-0.11097559164461242
2025-11-05 18:00:00+00:00,-0.3032294519786708,-0.11467213485368517,-0.0975878150018594,0.023131468396714535,-0.13881776464278534,0.047525434847005575,0.007691343670622008,-0.08497903760259261,-0.1452260101907724,-0.1292715779587261
2025-11-05 20:00:00+00:00,-0.3032294519786708,-0.12279830417038111,-0.12217273473212403,0.019285188003466697,-0.15340852029423954,0.0236707767980928,-0.005388736262032515,-0.08497903760259261,-0.14785111907585555,-0.13959226803037275
2025-11-05 22:00:00+00:00,-0.3032294519786708,-0.14047769622210643,-0.1507408117954399,0.015620493545051765,-0.16577458941585357,0.0017549240581623256,-0.015250176545933018,-0.10395767951818326,-0.15325456496903617,-0.14953466367669813
2025-11-06 00:00:00+00:00,-0.3128309767927455,-0.16151751307255652,-0.1694953991603337,-0.004401843462051396,-0.17779867912500258,-0.005020460947485679,-0.03328777745502467,-0.12163746392506429,-0.1618374703234086,-0.15875691452733973
2025-11-06 02:00:00+00:00,-0.3128309767927455,-0.16736149217833982,-0.17339900020189708,-0.004401843462051396,-0.18019862940833076,-0.006755512504157866,-0.03505963632983049,-0.12555176019571127,-0.16238887548374442,-0.1605394428074137
2025-11-06 04:00:00+00:00,-0.32070067823560283,-0.16920368167307628,-0.1690513182936111,-0.01358606967930303,-0.18027140738032157,9.3300264033157e-05,-0.037440429274200646,-0.13150765325517355,-0.16297495932698636,-0.16273117061967268
2025-11-06 06:00:00+00:00,-0.32070067823560283,-0.16442628579845184,-0.1541971924029845,-0.01358606967930303,-0.17244051728413326,0.01585943232727841,-0.02945921431133843,-0.12645214263398807,-0.15869714643344301,-0.1544546515121587
2025-11-06 08:00:00+00:00,-0.32070067823560283,-0.15418997566033832,-0.13953430104934825,-0.01358606967930303,-0.16779447833241787,0.02787080354643868,-0.024369904933328003,-0.12403058547068004,-0.15664778815164457,-0.14319120516116854
2025-11-06 10:00:00+00:00,-0.30580026296865037,-0.12452599615984977,-0.10826931542473188,-0.01358606967930303,-0.14997794974118284,0.05422827564336139,-0.013504175597185409,-0.11297823713782139,-0.14777081079589258,-0.1300671085259295
2025-11-06 12:00:00+00:00,-0.30580026296865037,-0.09517443884874069,-0.06060293941770827,-0.01358606967930303,-0.13490376298716925,0.08410655183487312,-0.0026568235301819504,-0.11297823713782139,-0.14309204801282274,-0.11209042668939154
2025-11-06 14:00:00+00:00,-0.2865659599292202,-0.07138656395989006,-0.02159308029510018,-0.02191335581332988,-0.10749302697586606,0.14118747324226516,0.019740947097215886,-0.10821726769822261,-0.13622441292647086,-0.08994189270208645
2025-11-06 16:00:00+00:00,-0.2865659599292202,-0.09310734062840655,-0.07291953737549342,-0.014633924842446524,-0.11537042938562093,0.10235859046971976,0.007174798220921181,-0.12227177970246059,-0.14672906522250273,-0.10831262715116696
2025-11-06 18:00:00+00:00,-0.2658109805486903,-0.09032512854377833,-0.10837028832540199,-0.006817177073070267,-0.11926271904774424,0.08891340018621045,0.0004089605874714699,-0.12965627259189874,-0.16139196046726423,-0.11526944930012051
2025-11-06 20:00:00+00:00,-0.2658109805486903,-0.09495600771555823,-0.12716510806605247,-0.006817177073070267,-0.1290727460098652,0.06841940398272953,-0.009562038138668122,-0.1371020316218753,-0.16714395792309347,-0.12799887161396079
2025-11-06 22:00:00+00:00,-0.27894999298233997,-0.11254801651634373,-0.1494765394216676,-0.010906368014564412,-0.14394069284113487,0.053608778578527604,-0.016340148889078403,-0.16094682500738197,-0.17365374621940888,-0.13757937710584228
2025-11-07 00:00:00+00:00,-0.2891335752065668,-0.13634681694606735,-0.1748178385953193,-0.027966516484633566,-0.16051233403203294,0.04090313478206415,-0.032545873372257096,-0.1775846068822778,-0.17973915220042955,-0.15134726363407935
2025-11-07 02:00:00+00:00,-0.2891335752065668,-0.14327592594338248,-0.1800688782859114,-0.02888868129645072,-0.1644857902892858,0.038549807666420625,-0.0347417386551485,-0.18325349095703738,-0.18048919943592467,-0.15348116990690489
2025-11-07 04:00:00+00:00,-0.2977298102080597,-0.1487152431721112,-0.1841194312667935,-0.04080889876583207,-0.1699856320764721,0.04139800391841477,-0.042098264261369624,-0.18893072715772674,-0.18421248243068647,-0.15831510224601258
2025-11-07 06:00:00+00:00,-0.2977298102080597,-0.14432363715391577,-0.17110843689388547,-0.04080889876583207,-0.16477862723357098,0.060627222218210805,-0.03460760463340304,-0.18635117034802082,-0.18230884946139375,-0.15043003024042156
2025-11-07 08:00:00+00:00,-0.2977298102080597,-0.13994177925727985,-0.1580937775506517,-0.04080889876583207,-0.1634812588120622,0.07654440493884654,-0.027416054363847666,-0.18416240777284174,-0.18040580669493347,-0.1433258560102758
2025-11-07 10:00:00+00:00,-0.2977298102080597,-0.12087502805156565,-0.12762012940126796,-0.03479880402325531,-0.15318100898883938,0.09825067710330646,-0.01700489166217248,-0.17392332643253827,-0.18040580669493347,-0.12872892883796416
2025-11-07 12:00:00+00:00,-0.32238261738990026,-0.1016261925400646,-0.11305658314179223,-0.03479880402325531,-0.13557241389845104,0.11939524496336479,-0.0012554654150214372,-0.16890859085412102,-0.1760029857501605,-0.11743785974451175
2025-11-07 14:00:00+00:00,-0.31764705882346134,-0.0787719090224068,-0.07435358286298414,-0.03332949819776644,-0.11607064836603762,0.152957189243095,0.016784951404360263,-0.17370652450625287,-0.17615493252202238,-0.10092411779871689
2025-11-07 16:00:00+00:00,-0.31764705882346134,-0.10386444793622315,-0.11083508145030779,-0.04091252059769496,-0.1282248322987309,0.11995423857768633,0.003915547483865287,-0.16543788601022494,-0.17060189092500438,-0.12675120400081685
2025-11-07 18:00:00+00:00,-0.3107923921691581,-0.0789085526671839,-0.11437122802557624,-0.03334216913505231,-0.1382614476789651,0.0996280450423012,-0.004393202002352159,-0.17045023989114375,-0.17460872337778818,-0.13891474976424673
2025-11-07 20:00:00+00:00,-0.3107923921691581,-0.06605575066226065,-0.12290442233008785,-0.02924832482855231,-0.15465421344980895,0.07757816003783553,-0.014786440541898394,-0.17532876475419334,-0.1779511911469432,-0.14403536936463224
2025-11-07 22:00:00+00:00,-0.3107923921691581,-0.0808037107357703,-0.1345540213170702,-0.02924832482855231,-0.16553022970867393,0.05699828960253707,-0.018372097312735525,-0.1873201484246537,-0.1779511911469432,-0.15023940038347905
2025-11-08 00:00:00+00:00,-0.3107923921691581,-0.09578548271630309,-0.1566292883407768,-0.024777536441876937,-0.1678723743825124,0.03311649179267205,-0.02206370929882509,-0.1873201484246537,-0.1779511911469432,-0.15709754690326988
2025-11-08 02:00:00+00:00,-0.3022156857722959,-0.09918748321063534,-0.1566292883407768,-0.02387764119443511,-0.16956327532619397,0.02968387737217425,-0.024438486448863077,-0.18967160264809255,-0.1790081580427137,-0.16086826280681443
2025-11-08 04:00:00+00:00,-0.3022156857722959,-0.10267842491273453,-0.1566292883407768,-0.023085547618367664,-0.16956327532619397,0.026626565947835173,-0.024438486448863077,-0.19162565160334552,-0.1790081580427137,-0.16363112420883427
2025-11-08 06:00:00+00:00,-0.3081665934402233,-0.09815577648788305,-0.14101885548190152,-0.023085547618367664,-0.16588092849201733,0.04053416949921178,-0.01745850208901131,-0.19419737097416306,-0.1790081580427137,-0.16138069476353228
2025-11-08 08:00:00+00:00,-0.3081665934402233,-0.10267842491273453,-0.1342863103446961,-0.025867273187202153,-0.16297982452857038,0.059590547678738316,-0.01066357146737959,-0.19630711585163627,-0.1773664414631181,-0.15911072090536105
2025-11-08 10:00:00+00:00,-0.3081665934402233,-0.10267842491273453,-0.12248562355077129,-0.025867273187202153,-0.16045091432219077,0.07480212044161824,-0.0017347848249207052,-0.19630711585163627,-0.1773664414631181,-0.1559153197762498
2025-11-08 12:00:00+00:00,-0.3081665934402233,-0.09218540340677084,-0.1087243276289003,-0.025867273187202153,-0.15417722634506634,0.10939160800161775,0.013835454148692816,-0.2015491561368168,-0.1773664414631181,-0.14523904088209358
2025-11-08 14:00:00+00:00,-0.32207526357808974,-0.08167875906470448,-0.07920097591985958,-0.03202373998241724,-0.14790391079217144,0.14520260102347096,0.024257934875539167,-0.2067431042540988,-0.17321178545673485,-0.13780317380165735
2025-11-08 16:00:00+00:00,-0.32207526357808974,-0.08167875906470448,-0.0983992286530312,-0.02433211091278507,-0.15948269179523952,0.09554413077096452,0.004656296445507427,-0.18225646519973143,-0.17321178545673485,-0.1796786870413775
2025-11-08 18:00:00+00:00,-0.31219986908527375,-0.08287693124265332,-0.1195703624962821,-0.020661298395712454,-0.17023611132680092,0.057208386643409596,-0.015762786090027375,-0.15359626187504555,-0.16596997562459642,-0.19452871680509584
