time_utc,5.56x45mm M995,6.8x51mm Hybrid,7.62x39mm AP,7.62x51mm M62,7.62x54R BT,9x19mm PBP,9x39mm BP
2025-09-12 12:00:00+00:00,,,,,,,
2025-09-12 13:00:00+00:00,,,,,,,
2025-09-12 14:00:00+00:00,,,,,,,
2025-09-12 15:00:00+00:00,,,,,,,
2025-09-12 16:00:00+00:00,,,,,,,
2025-09-12 17:00:00+00:00,,,,,,,
2025-09-12 18:00:00+00:00,,,,,,,
2025-09-12 19:00:00+00:00,,,,,,,
2025-09-12 20:00:00+00:00,,,,,,,
2025-09-12 21:00:00+00:00,,,,,,,
2025-09-12 22:00:00+00:00,,,,,,,
2025-09-12 23:00:00+00:00,,,,,,,
2025-09-13 00:00:00+00:00,,,,,,,
2025-09-13 01:00:00+00:00,,,,,,,
2025-09-13 02:00:00+00:00,,,,,,,
2025-09-13 03:00:00+00:00,,,,,,,
2025-09-13 04:00:00+00:00,,,,,,,
2025-09-13 05:00:00+00:00,,,,,,,
2025-09-13 06:00:00+00:00,,,,,,,
2025-09-13 07:00:00+00:00,,,,,,,
2025-09-13 08:00:00+00:00,,,,,,,
2025-09-13 09:00:00+00:00,,,,,,,
2025-09-13 10:00:00+00:00,,,,,,,
2025-09-13 11:00:00+00:00,,,,,,,
2025-09-13 12:00:00+00:00,,,,,,,
2025-09-13 13:00:00+00:00,,,,,,,
2025-09-13 14:00:00+00:00,,,,,,,
2025-09-13 15:00:00+00:00,,,,,,,
2025-09-13 16:00:00+00:00,,,,,,,
2025-09-13 17:00:00+00:00,,,,,,,
2025-09-13 18:00:00+00:00,,,,,,,
2025-09-13 19:00:00+00:00,,,,,,,
2025-09-13 20:00:00+00:00,,,,,,,
2025-09-13 21:00:00+00:00,,,,,,,
2025-09-13 22:00:00+00:00,,,,,,,
2025-09-13 23:00:00+00:00,,,,,,,
2025-09-14 00:00:00+00:00,,,,,,,
2025-09-14 01:00:00+00:00,,,,,,,
2025-09-14 02:00:00+00:00,,,,,,,
2025-09-14 03:00:00+00:00,,,,,,,
2025-09-14 04:00:00+00:00,,,,,,,
2025-09-14 05:00:00+00:00,,,,,,,
2025-09-14 06:00:00+00:00,,,,,,,
2025-09-14 07:00:00+00:00,,,,,,,
2025-09-14 08:00:00+00:00,,,,,,,
2025-09-14 09:00:00+00:00,,,,,,,
2025-09-14 10:00:00+00:00,,,,,,,
2025-09-14 11:00:00+00:00,,,,,,,
2025-09-14 12:00:00+00:00,,,,,,,
2025-09-14 13:00:00+00:00,,,,,,,
2025-09-14 14:00:00+00:00,,,,,,,
2025-09-14 15:00:00+00:00,,,,,,,
2025-09-14 16:00:00+00:00,,,,,,,
2025-09-14 17:00:00+00:00,,,,,,,
2025-09-14 18:00:00+00:00,,,,,,,
2025-09-14 19:00:00+00:00,,,,,,,
2025-09-14 20:00:00+00:00,,,,,,,
2025-09-14 21:00:00+00:00,,,,,,,
2025-09-14 22:00:00+00:00,,,,,,,
2025-09-14 23:00:00+00:00,,,,,,,
2025-09-15 00:00:00+00:00,,,,,,,
2025-09-15 01:00:00+00:00,,,,,,,
2025-09-15 02:00:00+00:00,,,,,,,
2025-09-15 03:00:00+00:00,,,,,,,
2025-09-15 04:00:00+00:00,,,,,,,
2025-09-15 05:00:00+00:00,,,,,,,
2025-09-15 06:00:00+00:00,,,,,,,
2025-09-15 07:00:00+00:00,,,,,,,
2025-09-15 08:00:00+00:00,,,,,,,
2025-09-15 09:00:00+00:00,,,,,,,
2025-09-15 10:00:00+00:00,,,,,,,
2025-09-15 11:00:00+00:00,,,,,,,
2025-09-15 12:00:00+00:00,,,,,,,
2025-09-15 13:00:00+00:00,,,,,,,
2025-09-15 14:00:00+00:00,,,,,,,
2025-09-15 15:00:00+00:00,,,,,,,
2025-09-15 16:00:00+00:00,,,,,,,
2025-09-15 17:00:00+00:00,,,,,,,
2025-09-15 18:00:00+00:00,,,,,,,
2025-09-15 19:00:00+00:00,,,,,,,
2025-09-15 20:00:00+00:00,,,,,,,
2025-09-15 21:00:00+00:00,,,,,,,
2025-09-15 22:00:00+00:00,,,,,,,
2025-09-15 23:00:00+00:00,,,,,,,
2025-09-16 00:00:00+00:00,,,,,,,
2025-09-16 01:00:00+00:00,,,,,,,
2025-09-16 02:00:00+00:00,,,,,,,
2025-09-16 03:00:00+00:00,,,,,,,
2025-09-16 04:00:00+00:00,,,,,,,
2025-09-16 05:00:00+00:00,,,,,,,
2025-09-16 06:00:00+00:00,,,,,,,
2025-09-16 07:00:00+00:00,,,,,,,
2025-09-16 08:00:00+00:00,,,,,,,
2025-09-16 09:00:00+00:00,,,,,,,
2025-09-16 10:00:00+00:00,,,,,,,
2025-09-16 11:00:00+00:00,,,,,,,
2025-09-16 12:00:00+00:00,,,,,,,
2025-09-16 13:00:00+00:00,,,,,,,
2025-09-16 14:00:00+00:00,,,,,,,
2025-09-16 15:00:00+00:00,,,,,,,
2025-09-16 16:00:00+00:00,,,,,,,
2025-09-16 17:00:00+00:00,,,,,,,
2025-09-16 18:00:00+00:00,,,,,,,
2025-09-16 19:00:00+00:00,,,,,,,
2025-09-16 20:00:00+00:00,,,,,,,
2025-09-16 21:00:00+00:00,,,,,,,
2025-09-16 22:00:00+00:00,,,,,,,
2025-09-16 23:00:00+00:00,,,,,,,
2025-09-17 00:00:00+00:00,,,,,,,
2025-09-17 01:00:00+00:00,,,,,,,
2025-09-17 02:00:00+00:00,,,,,,,
2025-09-17 03:00:00+00:00,,,,,,,
2025-09-17 04:00:00+00:00,,,,,,,
2025-09-17 05:00:00+00:00,,,,,,,
2025-09-17 06:00:00+00:00,,,,,,,
2025-09-17 07:00:00+00:00,,,,,,,
2025-09-17 08:00:00+00:00,,,,,,,
2025-09-17 09:00:00+00:00,,,,,,,
2025-09-17 10:00:00+00:00,,,,,,,
2025-09-17 11:00:00+00:00,,,,,,,
2025-09-17 12:00:00+00:00,,,,,,,
2025-09-17 13:00:00+00:00,,,,,,,
2025-09-17 14:00:00+00:00,,,,,,,
2025-09-17 15:00:00+00:00,,,,,,,
2025-09-17 16:00:00+00:00,,,,,,,
2025-09-17 17:00:00+00:00,,,,,,,
2025-09-17 18:00:00+00:00,,,,,,,
2025-09-17 19:00:00+00:00,-0.17202064941604633,0.05626498374995473,-0.30673818290852845,-0.046503561199369874,-0.1393437902884305,0.014563129029135598,0.3246001077890534
2025-09-17 20:00:00+00:00,-0.20680868367715943,0.07148686304150197,-0.3423599192685978,-0.0347584911784373,-0.17685251063454493,0.015947275150595942,0.3680155297754964
2025-09-17 21:00:00+00:00,-0.23828217731074797,0.07705115402186773,-0.37702752029252345,-0.02375252564443633,-0.21716578478650383,0.017256908441005595,0.4091261522585269
2025-09-17 22:00:00+00:00,-0.26689387433721756,0.04731767609607642,-0.4076564754680754,-0.021825650110093138,-0.24727537876097036,0.018499520485329563,0.43085170708716936
2025-09-17 23:00:00+00:00,-0.29479162153171207,-0.008570947269346266,-0.43433973508319235,-0.03725002437502321,-0.27660596955884653,0.02354621484766974,0.4273293665970833
2025-09-18 00:00:00+00:00,-0.3202301077571061,-0.06535584961789714,-0.4608479792192062,-0.05992874636711652,-0.3087024504876715,0.028309865220309146,0.408391103670638
2025-09-18 01:00:00+00:00,-0.34352223051640307,-0.1149207627892516,-0.48233316898076745,-0.08107936783208984,-0.3326935039027574,0.032819169132987616,0.39068191855725704
2025-09-18 02:00:00+00:00,-0.3649297517814485,-0.15860176576099932,-0.5039346486378393,-0.10813676032889014,-0.35928441628983004,0.04057942778015666,0.3842551845819446
2025-09-18 03:00:00+00:00,-0.384673372359024,-0.19741647267333742,-0.5216048449843464,-0.13322478545716326,-0.3792642295551963,0.047942747901206555,0.3782796071531986
2025-09-18 04:00:00+00:00,-0.4029405068852173,-0.23215537568882286,-0.5395504510940566,-0.1627411892258669,-0.3977467327854409,0.05821546544069843,0.3727074606607953
2025-09-18 05:00:00+00:00,-0.41756111976147436,-0.25530294674895154,-0.5538973733910519,-0.18121246275110886,-0.4153268307715993,0.0694049180755948,0.3794342808908403
2025-09-18 06:00:00+00:00,-0.4334734020435351,-0.2804977086611796,-0.570267906552368,-0.19552833144908388,-0.43466121153777965,0.09365187010482606,0.39608469732798673
2025-09-18 07:00:00+00:00,-0.44831255792863045,-0.3036900037168061,-0.5840842727553983,-0.2090804176913959,-0.4524884425443424,0.1216827734012748,0.4141894419965356
2025-09-18 08:00:00+00:00,-0.4621839249625698,-0.3251101451788692,-0.5979068193979947,-0.22193167828684476,-0.4659620328521266,0.15007118206262243,0.4309908676702751
2025-09-18 09:00:00+00:00,-0.4751794529086471,-0.3449543349707669,-0.6096526949310713,-0.23413801807838702,-0.4814431317696463,0.1784700976479217,0.446624845534221
2025-09-18 10:00:00+00:00,-0.4873797706085938,-0.3633907692434967,-0.6214832151402009,-0.2403388620757192,-0.4958388715298087,0.20656482120750663,0.4590693252505634
2025-09-18 11:00:00+00:00,-0.49885588048773255,-0.3805644748453186,-0.6330578847755531,-0.24630136721001802,-0.5092597265126868,0.23408089263538578,0.4684901148202599
2025-09-18 12:00:00+00:00,-0.509670556858621,-0.3966011747996191,-0.6423930886584661,-0.25204077757258886,-0.521801645517861,0.25928202864716565,0.4774435192768262
2025-09-18 13:00:00+00:00,-0.5183650286851741,-0.40912927248185765,-0.6494902724677416,-0.2570502396308296,-0.531508009324875,0.27953031073416634,0.48653240424885486
2025-09-18 14:00:00+00:00,-0.5280856740701241,-0.4233303600628111,-0.6577789104680666,-0.26240268482236256,-0.5426324613818251,0.3035446763354717,0.4966709353008012
2025-09-18 15:00:00+00:00,-0.5359038955506309,-0.43442165006706396,-0.6643475391935107,-0.2670851099630549,-0.5512381821640345,0.32281306940505855,0.5048573866609783
2025-09-18 16:00:00+00:00,-0.5446892729692244,-0.4470886553938875,-0.6717267733126185,-0.2720919467020206,-0.5611750409209592,0.31586705669939613,0.5140333254059078
2025-09-18 17:00:00+00:00,-0.5534231153954315,-0.45803367544726936,-0.6780554095016104,-0.27672353532328825,-0.5697389451897762,0.3099307757152626,0.5221304680147572
2025-09-18 18:00:00+00:00,-0.560757628380756,-0.46840499079852665,-0.6844634181938667,-0.2812119249858492,-0.5778590231247442,0.3021999429816297,0.5311220449373314
2025-09-18 19:00:00+00:00,-0.5677580811934136,-0.4764738881626786,-0.6905313572373957,-0.28114160834046614,-0.5855690626199144,0.2947295168277367,0.5413064223477623
2025-09-18 20:00:00+00:00,-0.5744467896399292,-0.4821114313723163,-0.6959154285196784,-0.27632919986227844,-0.5928994919569125,0.2894394636028348,0.5505496197688573
2025-09-18 21:00:00+00:00,-0.5808441250788962,-0.4823564505269552,-0.7010441465718782,-0.2666020149695313,-0.5998777889541108,0.2861681594906294,0.559372934886887
2025-09-18 22:00:00+00:00,-0.5869687216983699,-0.4877153121635782,-0.7062689775054123,-0.25719206329798244,-0.6065288315135072,0.2830061606238783,0.5677078643414172
2025-09-18 23:00:00+00:00,-0.5933059957669934,-0.49720460213616946,-0.7113984336556374,-0.2573617092868307,-0.6135041611240089,0.27948655097734515,0.5681578686205073
2025-09-19 00:00:00+00:00,-0.5993696122489198,-0.5076035316209409,-0.7162863952749512,-0.26612399044103857,-0.6201474774187143,0.2779516553752469,0.5586327389092506
2025-09-19 01:00:00+00:00,-0.6051769586596263,-0.5174375894748882,-0.720949527041828,-0.27455907040765737,-0.6264819435536702,0.2764803214892665,0.5522153366767606
2025-09-19 02:00:00+00:00,-0.6107439771474251,-0.5267523508098501,-0.725835320723746,-0.2861668026997511,-0.6325286161831293,0.2750687232378269,0.5460180754846735
2025-09-19 03:00:00+00:00,-0.6169111865097076,-0.5355885401009169,-0.7304904026667466,-0.29726317245670014,-0.6383066796840773,0.27371333718292845,0.5400290079106589
2025-09-19 04:00:00+00:00,-0.6228089244592296,-0.543982668952594,-0.7345292951157603,-0.3078812476951557,-0.6446795039457771,0.2741100980468862,0.5342370729645785
2025-09-19 05:00:00+00:00,-0.628454483446379,-0.5519675745385749,-0.738783513517739,-0.31805130498086637,-0.6499340266521244,0.2761268903032647,0.5352693612671912
2025-09-19 06:00:00+00:00,-0.6338637066394914,-0.5595728765073213,-0.7428500407264104,-0.3247571548065154,-0.6557494796888698,0.2780987480111812,0.5420333597562148
2025-09-19 07:00:00+00:00,-0.6385460820284641,-0.565995518476796,-0.7462397871203299,-0.33076600801752487,-0.660087984065882,0.2813663940199102,0.5485920608522943
2025-09-19 08:00:00+00:00,-0.643540927523895,-0.5729485097184184,-0.7499828208541173,-0.33370954445308776,-0.6647102640080541,0.2861502644161525,0.5556485262679469
2025-09-19 09:00:00+00:00,-0.6483388226090887,-0.5801977002860248,-0.753570859864271,-0.3365809729235296,-0.6691522973657987,0.29463602135634187,0.5623990408801572
2025-09-19 10:00:00+00:00,-0.6534448410794237,-0.5865243601942012,-0.7570133711360777,-0.3393831039667194,-0.6734244269593371,0.3039377479253305,0.567091850751043
2025-09-19 11:00:00+00:00,-0.658653925462244,-0.5925837422926523,-0.7603190633200646,-0.342118594018996,-0.6781794673164517,0.3139049707672085,0.5716272268792939
2025-09-19 12:00:00+00:00,-0.662813210370763,-0.5983761587580971,-0.7626255715071149,-0.34401088350915476,-0.6809770793973767,0.3235194219132442,0.5746455152262058
2025-09-19 13:00:00+00:00,-0.6664559626359505,-0.6033597897331799,-0.764881188147522,-0.34581016920744123,-0.6842188348366265,0.33416266637111214,0.5763699958934945
2025-09-19 14:00:00+00:00,-0.6701887804454518,-0.6081002846227009,-0.7672679011400877,-0.34751841761758984,-0.6865845671862989,0.3449855760727365,0.5796283242849857
2025-09-19 15:00:00+00:00,-0.6741728460127334,-0.612621224030358,-0.7695876017169048,-0.34921430542764686,-0.6897619491076605,0.35582476653789263,0.5836831283076017
2025-09-19 16:00:00+00:00,-0.6771802950602539,-0.6169249200995796,-0.7717246630125739,-0.3508235130509093,-0.6923584026590459,0.3523538577918454,0.5887663832647663
2025-09-19 17:00:00+00:00,-0.6789770346318407,-0.6194552670244949,-0.7729305671314178,-0.35088990206781173,-0.6940854766690877,0.345932230066126,0.59193040688451
2025-09-19 18:00:00+00:00,-0.6811872388546408,-0.6181769212389167,-0.7745047014898544,-0.34457840211880864,-0.6961145735468397,0.3363466713673121,0.5978636504456595
2025-09-19 19:00:00+00:00,-0.682738607514163,-0.615666461557149,-0.7755668401327239,-0.3353456427211027,-0.6977119196419612,0.33022800420294574,0.6052524390602685
2025-09-19 20:00:00+00:00,-0.6848485881713507,-0.6105409237784923,-0.7769983459336761,-0.3266778067394152,-0.6995323505879871,0.32353267469994124,0.61316006671574
2025-09-19 21:00:00+00:00,-0.6867027084039641,-0.6058053604760533,-0.7782682601849487,-0.3157873474515098,-0.7012556004938852,0.3168226864895056,0.6200058285686965
2025-09-19 22:00:00+00:00,-0.6884420848600515,-0.6025684089857601,-0.77943833370894,-0.30487346249735664,-0.7027012390557059,0.31009435415409675,0.6228561727442573
2025-09-19 23:00:00+00:00,-0.6917181142652586,-0.6054389231192662,-0.7813616998385909,-0.3016915973713839,-0.7045880969369976,0.30377242757915685,0.6229832983646991
2025-09-20 00:00:00+00:00,-0.6943759161673826,-0.6091776485089132,-0.7827654678373253,-0.30308646905245906,-0.7063705662321424,0.29831847802301853,0.6211488338283137
2025-09-20 01:00:00+00:00,-0.6969585120721523,-0.6136508090180135,-0.7843054261997755,-0.30452350547500306,-0.7081856234286072,0.29327133519269416,0.6166211455627655
2025-09-20 02:00:00+00:00,-0.6997535968262208,-0.6180024444050732,-0.7859640545922475,-0.3058734056988827,-0.7099043492117677,0.28997835632535873,0.6141785394495592
2025-09-20 03:00:00+00:00,-0.7020904141462202,-0.6222378063111915,-0.7874504202270114,-0.30713750240585913,-0.7115297653851629,0.2866696114426858,0.6123313121836067
2025-09-20 04:00:00+00:00,-0.7043121559174653,-0.6263618764839574,-0.7889619544155319,-0.3083170357238327,-0.7134859017280788,0.28457605813413217,0.6104331914698938
2025-09-20 05:00:00+00:00,-0.7062332504710158,-0.6303793853569437,-0.790500639761363,-0.309413157077885,-0.7149216947618785,0.28297414404000193,0.6106650449105713
2025-09-20 06:00:00+00:00,-0.7080037686189764,-0.6332785000421581,-0.7918794515368175,-0.31042693271517585,-0.7175422947230282,0.2824989640398414,0.6134681720685538
2025-09-20 07:00:00+00:00,-0.7090695507646204,-0.6344897463030064,-0.7924120669176901,-0.3082395363361278,-0.7184709465069076,0.2836030375316892,0.6166640503087655
2025-09-20 08:00:00+00:00,-0.7092333334892555,-0.6343892434214178,-0.7931531460997822,-0.30319859381052033,-0.7178853253687926,0.28688100348899226,0.6199664231892118
2025-09-20 09:00:00+00:00,-0.7090979079744308,-0.6335462417573365,-0.7931718748698922,-0.2957574490392348,-0.7176447067186699,0.29128173445704186,0.6220589972709228
2025-09-20 10:00:00+00:00,-0.709623879122822,-0.6334432363381785,-0.7937411838824466,-0.2877396895786745,-0.7175520894656993,0.297598114324218,0.6239497757382712
2025-09-20 11:00:00+00:00,-0.7105829532183751,-0.6342613939139661,-0.7940454658187598,-0.28228820126174636,-0.7176791510808606,0.30261563499699623,0.6248822263053617
2025-09-20 12:00:00+00:00,-0.7119104006106223,-0.6350045853039314,-0.7945129902562313,-0.27688657984320236,-0.7177130811172235,0.310042150643005,0.6256894829363625
2025-09-20 13:00:00+00:00,-0.7126321634522289,-0.635704249835758,-0.7949155280376329,-0.27166190229200554,-0.7180448408626292,0.31757618169879914,0.6266364038811726
2025-09-20 14:00:00+00:00,-0.7132597106506444,-0.6363313623794833,-0.7954325884393129,-0.26950734915782526,-0.7185314575201456,0.3257913608897408,0.6279041241138882
2025-09-20 15:00:00+00:00,-0.7137942873337411,-0.6368866687600143,-0.7958144102542406,-0.26433592889228963,-0.718947933698449,0.3342294974261917,0.6293330458170497
2025-09-20 16:00:00+00:00,-0.7142369486426783,-0.6380689330949414,-0.7782818150763026,-0.2711414676453835,-0.7078775487390973,0.3275898259288876,0.6201065503903983
2025-09-20 17:00:00+00:00,-0.7133763861274505,-0.6379183752581712,-0.777642499610849,-0.2653336065950879,-0.7072022604800018,0.32077480579443274,0.6198724030945154
2025-09-20 18:00:00+00:00,-0.713626168304365,-0.6343799167160133,-0.7778373674520549,-0.259029137057909,-0.7078617073211321,0.31284614195787436,0.6224133641486215
2025-09-20 19:00:00+00:00,-0.8551335127115837,-0.7552749760931303,-0.9017130495213552,-0.34135189000364013,-0.8803349755660768,0.38558975225103975,0.688064918474779
2025-09-20 20:00:00+00:00,-0.8555663480964609,-0.7439277236567291,-0.9018466249307682,-0.33287191788719683,-0.8817536163457553,0.3784140601278236,0.6904999887624267
2025-09-20 21:00:00+00:00,-0.8558021027745712,-0.7297517421454438,-0.9019153054039523,-0.32327603762053186,-0.8822185236006655,0.37123065610221234,0.6954419193163182
2025-09-20 22:00:00+00:00,-0.8554990648295855,-0.7211850642434054,-0.9021069680605063,-0.31444211729300625,-0.882275195451738,0.36403629716259284,0.6963620001772917
2025-09-20 23:00:00+00:00,-0.8551849136399597,-0.7169615193877914,-0.9025098729470632,-0.30578751716846714,-0.8828503005836782,0.3569971326644131,0.6949361531241924
2025-09-21 00:00:00+00:00,-0.855433386059667,-0.7167938016741885,-0.9027017497046338,-0.2995843964620619,-0.8832482674967274,0.3503355863475412,0.6907101884163327
2025-09-21 01:00:00+00:00,-0.8556688799717687,-0.7166909491919321,-0.9029206044427086,-0.2966026635493493,-0.8838365956596045,0.34432697361709325,0.6864161010250289
2025-09-21 02:00:00+00:00,-0.8558581901951098,-0.7180654687142206,-0.9030094554713441,-0.293597708465752,-0.8837871647054842,0.33949296281363184,0.6820487894084724
2025-09-21 03:00:00+00:00,-0.8562526752755008,-0.7190574037923604,-0.9031906188852484,-0.2928508945803134,-0.8846655475810754,0.3349549764403817,0.6794965968847386
2025-09-21 04:00:00+00:00,-0.8562380505972905,-0.7228882953681356,-0.9029734496701232,-0.29203682815359555,-0.883684905866432,0.33152868662702306,0.6747814998746836
2025-09-21 05:00:00+00:00,-0.855826734580844,-0.7241909302182877,-0.902881289843008,-0.28878884789333703,-0.8828021233643873,0.32836917376807595,0.6729738598463948
2025-09-21 06:00:00+00:00,-0.8555870887622015,-0.7234205768869022,-0.9024749160962054,-0.2853534395964681,-0.8822983240817325,0.3271829552565958,0.6743450327309465
2025-09-21 07:00:00+00:00,-0.8547968219118917,-0.7207083470478496,-0.9020298244018586,-0.2788449281830454,-0.8821255177619173,0.32816183801046883,0.6779573148846749
2025-09-21 08:00:00+00:00,-0.854034682078598,-0.7165377788147902,-0.9015449991429224,-0.2692159319431665,-0.8821175274096464,0.3291235589881221,0.6814948021697682
2025-09-21 09:00:00+00:00,-0.8522938073093498,-0.7122547005490276,-0.9010193183767664,-0.25947398310674497,-0.8819178904249407,0.3324585536755987,0.6849632062781396
2025-09-21 10:00:00+00:00,-0.8508845084180785,-0.7082344262507212,-0.9006852466454591,-0.25016962483067245,-0.8813373427980618,0.3367453611983739,0.6857499037249086
2025-09-21 11:00:00+00:00,-0.8494694716785084,-0.7060651033303637,-0.9006118824554067,-0.24076144414047507,-0.8809251816355921,0.34160526687051374,0.6856728199213864
2025-09-21 12:00:00+00:00,-0.8478850140586648,-0.7024815512855499,-0.9003124727647963,-0.23124299789260716,-0.8804813179503501,0.34693391268445317,0.6854992624405566
2025-09-21 13:00:00+00:00,-0.8466013000284313,-0.6990560416042944,-0.9001274039102724,-0.2222257146283552,-0.8800283376722302,0.35234113484151913,0.6853467937641625
2025-09-21 14:00:00+00:00,-0.8459904569769617,-0.6955627251469323,-0.8997654532060165,-0.21310834389304506,-0.8800803720384299,0.3587544091726626,0.6851006061175394
2025-09-21 15:00:00+00:00,-0.8451097514050817,-0.691997877258728,-0.8998555185566262,-0.20669732423437326,-0.8801278198339951,0.3650295578727021,0.6854115095997332
2025-09-21 16:00:00+00:00,-0.843591794850823,-0.6887477753779495,-0.8994018738359124,-0.1980116698081536,-0.8801463787673237,0.35513493455989903,0.685135308043392
2025-09-21 17:00:00+00:00,-0.8392642104293453,-0.6821444134448716,-0.8988255551318229,-0.18920438643405943,-0.880165979136145,0.3444764505228027,0.6857527618042888
2025-09-21 18:00:00+00:00,-0.8317953186667998,-0.6701699326941073,-0.8982772768551447,-0.18026991843109247,-0.8801894808530352,0.33267529403863305,0.6870744715117081
2025-09-21 19:00:00+00:00,-0.8242298740586723,-0.6519869540446208,-0.8978538022027092,-0.1683563301493453,-0.8795264542564124,0.3210864661570276,0.6869826905072808
2025-09-21 20:00:00+00:00,-0.8165609756486178,-0.6301134568993988,-0.8972361308112861,-0.1561172916746094,-0.8788232384189277,0.31024377830677746,0.6893922894344063
2025-09-21 21:00:00+00:00,-0.8076133241246741,-0.6082888455695272,-0.8965810785451109,-0.1435368088954417,-0.8788001285083312,0.30030985177794595,0.6915742971857205
2025-09-21 22:00:00+00:00,-0.8011845405143203,-0.5961182497033348,-0.8958873526765311,-0.13059793730561825,-0.8787903382054338,0.28846178171276193,0.6903773962010397
2025-09-21 23:00:00+00:00,-0.7964650513333994,-0.5910405093668165,-0.8952215365396189,-0.12251220503894324,-0.8788194077296235,0.2774190508578862,0.686032642739758
2025-09-22 00:00:00+00:00,-0.792165299108599,-0.5991958068291849,-0.8941514252249451,-0.12404491677063398,-0.8770192201741558,0.26156770449147876,0.6736871041298109
2025-09-22 01:00:00+00:00,-0.7884978908536462,-0.5998110449866423,-0.892837497298378,-0.1253659966312411,-0.8751973597062443,0.24923132425819747,0.6633320600436096
2025-09-22 02:00:00+00:00,-0.7846892361499556,-0.6000601741919064,-0.8915165255971611,-0.1265759364973776,-0.8736255027218568,0.2372528135904504,0.6537791670129633
2025-09-22 03:00:00+00:00,-0.7807890596586318,-0.6003147764853307,-0.8904549276810522,-0.12774423095743154,-0.8717981373594706,0.22501973498781366,0.6469919726204051
2025-09-22 04:00:00+00:00,-0.7760502249537489,-0.6005775166322079,-0.8889834462716445,-0.1288717191491148,-0.8698628537295763,0.21404094593825018,0.6408864773654227
2025-09-22 05:00:00+00:00,-0.7713795119539933,-0.599347988426438,-0.8876166096430961,-0.12989495346726387,-0.8681703882129185,0.20434480579579795,0.6349764145763622
2025-09-22 06:00:00+00:00,-0.7665522062529475,-0.5945537557473788,-0.8861845475255302,-0.1308749133963415,-0.8669201298306428,0.19592957955932105,0.63282603836068
2025-09-22 07:00:00+00:00,-0.7611359291900082,-0.5834227938587296,-0.8848472328797627,-0.1206470771069892,-0.8656280084543218,0.18737446333743127,0.6316277240887921
2025-09-22 08:00:00+00:00,-0.7549080563600424,-0.5736862257230173,-0.8836490180378648,-0.10866309966866707,-0.8641952002059596,0.17998881520285445,0.630324373587829
2025-09-22 09:00:00+00:00,-0.7484361177027111,-0.5626902299602564,-0.8822947545554078,-0.09232734736099554,-0.8627517309344076,0.17244998859052083,0.6300920820002204
2025-09-22 10:00:00+00:00,-0.7417010143547219,-0.5523780656972167,-0.8808656426023912,-0.07970665195771423,-0.8611640057583659,0.16475045701416904,0.6284799060769957
2025-09-22 11:00:00+00:00,-0.7350516557486885,-0.5417829689048684,-0.8797020932851634,-0.0668074021068787,-0.8594960593642869,0.159169082563708,0.6254298911888179
2025-09-22 12:00:00+00:00,-0.7277568353088794,-0.5308873540346734,-0.8781091102855898,-0.053614664043430425,-0.8577439635495505,0.1534534703186418,0.622213290617998
2025-09-22 13:00:00+00:00,-0.7176759807514829,-0.5178407820175145,-0.8756107290413492,-0.037086291000642396,-0.854244913354988,0.1493064408317922,0.6204003010614232
2025-09-22 14:00:00+00:00,-0.7061544722357035,-0.5033476038868802,-0.8728794869705432,-0.019350372279383785,-0.8508631323791144,0.14578262591891847,0.6191014608663257
2025-09-22 15:00:00+00:00,-0.6955808748980861,-0.489849777244239,-0.8707324639185626,-0.0027499713959413604,-0.8477951963896173,0.142189713941307,0.6170007781520664
2025-09-22 16:00:00+00:00,-0.685765455272474,-0.47754160339850715,-0.8674026636851802,0.013114176956220648,-0.8426226176535485,0.12362630120217645,0.6152308392462799
2025-09-22 17:00:00+00:00,-0.6738510651835959,-0.46298014167555285,-0.8641777880946778,0.030850092882201915,-0.8313510552885993,0.10490504399820325,0.618747189601573
2025-09-22 18:00:00+00:00,-0.6617365686063622,-0.44559660549525576,-0.8611145055065954,0.05352498915854766,-0.8247741208082304,0.08897487770963058,0.6251400274484653
2025-09-22 19:00:00+00:00,-0.6479980950677211,-0.4179795365662365,-0.8578420094750079,0.07724437274323791,-0.8154760792743055,0.07524420885944852,0.6349879190519027
2025-09-22 20:00:00+00:00,-0.6285236994370071,-0.39024848626160435,-0.8543806937782331,0.10911764844638892,-0.8139406699241174,0.06116928239599426,0.6441588962949135
2025-09-22 21:00:00+00:00,-0.6078811819055209,-0.35987020754138765,-0.8506724219029037,0.14303694842358292,-0.8062498562867336,0.046723759921701795,0.6449493670774621
2025-09-22 22:00:00+00:00,-0.5891180170735412,-0.3369939580963085,-0.847091217429818,0.17188257067880477,-0.8002070606351105,0.026549068493534816,0.6411943534184734
2025-09-22 23:00:00+00:00,-0.5748702103885335,-0.3244628330337185,-0.8428144385012185,0.18509480242876994,-0.7905233587315412,0.006253520875327485,0.631238278790226
2025-09-23 00:00:00+00:00,-0.5597539078101785,-0.3226564807932505,-0.838534915399216,0.18256997960387492,-0.7801379221938767,-0.01251137783593896,0.6164726919743517
2025-09-23 01:00:00+00:00,-0.5461184597084571,-0.31689142904266043,-0.8355881476764133,0.18659990880174843,-0.7704370503663291,-0.028362263817569306,0.6030290644929763
2025-09-23 02:00:00+00:00,-0.5315827296352458,-0.3110310531888735,-0.8318191807857896,0.19090627177717903,-0.7598654843248905,-0.04473171634526115,0.5909693723250455
2025-09-23 03:00:00+00:00,-0.5171412970981689,-0.3050688830350931,-0.8279521181594991,0.19550709086809206,-0.7507534302810847,-0.06111707595260521,0.5770716022331505
2025-09-23 04:00:00+00:00,-0.4960055681015369,-0.2984651735845779,-0.8195703915515465,0.20241048880205442,-0.7334075540086706,-0.08292071689152757,0.5589079870058001
2025-09-23 05:00:00+00:00,-0.47788160510466565,-0.29235117064382066,-0.8103824599190561,0.21039331690680035,-0.7155201874926078,-0.10493271933961995,0.5454034011611972
2025-09-23 06:00:00+00:00,-0.45514086351679073,-0.2846956170028088,-0.8013681214738939,0.2181033172400871,-0.6970410490127742,-0.12359604341559934,0.532791717280444
2025-09-23 07:00:00+00:00,-0.42691630359359223,-0.26185594726182554,-0.7927001853779161,0.24635374556792608,-0.6833881618176695,-0.14135388541665217,0.5266322059052532
2025-09-23 08:00:00+00:00,-0.39542066940741477,-0.23179684726516514,-0.7830384931709727,0.27620994745200506,-0.6628753430947718,-0.16017546806318828,0.5201108240156196
2025-09-23 09:00:00+00:00,-0.3600370028603492,-0.2000062492386988,-0.7723675853911469,0.318561551001258,-0.6399182501272943,-0.17645704491428973,0.5105911978706149
2025-09-23 10:00:00+00:00,-0.3207126513193009,-0.16950815431320404,-0.7606669625875282,0.3535119560140968,-0.6246645178023112,-0.19375369773774054,0.49747723455706716
2025-09-23 11:00:00+00:00,-0.2813931111466301,-0.1391983044971985,-0.7488748838707191,0.38766136237528825,-0.6019578114087785,-0.20981198528066175,0.4864411413231429
2025-09-23 12:00:00+00:00,-0.23712542329050226,-0.10743715463202137,-0.7382210652918322,0.42391540214632034,-0.579027238001667,-0.22294698343244237,0.47461057850750676
2025-09-23 13:00:00+00:00,-0.18201863660006215,-0.07404713956044631,-0.7262657792339885,0.46253764835080446,-0.5497654113584555,-0.23448276079618643,0.4648007448456464
2025-09-23 14:00:00+00:00,-0.12473561417690315,-0.041078070630848625,-0.7188222804912017,0.5000397367910212,-0.5197802895707521,-0.24029781989675442,0.4551948023160155
2025-09-23 15:00:00+00:00,-0.05650041704157197,-0.009299573424027081,-0.7140731011072635,0.5391325026635324,-0.48579792277579864,-0.24885670407355287,0.4445888304340991
2025-09-23 16:00:00+00:00,-0.05330430199166915,-0.005697709747941759,-0.7142656433266764,0.539760556816251,-0.4842741668328693,-0.24965889872317548,0.44546164447531605
2025-09-23 17:00:00+00:00,-0.05343939310537711,-0.006099456017728229,-0.7139682244317237,0.5383012636364062,-0.48414340321791766,-0.2489291963266692,0.4437573256962686
2025-09-23 18:00:00+00:00,-0.053572640135186624,-0.00672166792675442,-0.7136746735120185,0.5346836191311197,-0.48401450803797624,-0.24791467834822556,0.4420885397515619
2025-09-23 19:00:00+00:00,-0.05082220076360674,-0.0033711307012492947,-0.713733092810702,0.5330120680783217,-0.48328353427451576,-0.24821974125136773,0.4407832457255098
2025-09-23 20:00:00+00:00,-0.04749050345864837,-0.0002356892602109293,-0.7132013091873188,0.5313966591928104,-0.4825623717319455,-0.24856568120678169,0.43884604976392616
2025-09-23 21:00:00+00:00,-0.043634829555040056,0.0027103713958850613,-0.7132592171470777,0.5298347087900794,-0.4826921826790763,-0.2489068840778463,0.4376516411837735
2025-09-23 22:00:00+00:00,-0.03872125243765248,0.007803508053369682,-0.7134351372198999,0.5299395924169307,-0.4812318893510365,-0.24993950128907605,0.4384950286974344
2025-09-23 23:00:00+00:00,-0.03504127231508692,0.011325291246535573,-0.7136087441562192,0.5305810189925347,-0.47561568505183144,-0.25095683399525376,0.4363228245170427
2025-09-24 00:00:00+00:00,-0.012851199213000316,0.007545002107199287,-0.6901914351461266,0.5770768051630666,-0.4238984582865181,-0.26846841728953413,0.42018428100463956
2025-09-24 01:00:00+00:00,0.010863827663320941,0.009522387032303686,-0.6628954258411576,0.562459973756887,-0.38134130370821145,-0.2915856827870144,0.3918509741385891
2025-09-24 02:00:00+00:00,0.026837232049900885,0.0046426201240708335,-0.6321897374675995,0.5466434348052445,-0.3275881017868447,-0.31680096640916505,0.3567517187415319
2025-09-24 03:00:00+00:00,0.03504320707407847,0.005283753682764317,-0.5948486418472958,0.5294493144640638,-0.30744259387458267,-0.34492503516596085,0.3174047786401487
2025-09-24 04:00:00+00:00,0.03537480816586576,0.0008654474256144605,-0.5539229873894606,0.5096658045081192,-0.26308128380551143,-0.37238798781463284,0.2759538237509558
2025-09-24 05:00:00+00:00,0.025153513957176982,-0.005741200882435271,-0.523782081881816,0.48906619439550786,-0.21627847505472128,-0.3952037069209748,0.24149708833196498
2025-09-24 06:00:00+00:00,0.023561723155850228,-0.0058917505130637975,-0.4885902709025256,0.4679199027283848,-0.16235351720107188,-0.416841903365561,0.21433571440177474
2025-09-24 07:00:00+00:00,0.02161657917757209,-0.005326257792166112,-0.44651148636779975,0.44362138938378526,-0.15149973494509517,-0.42309420500643335,0.19609140551995882
2025-09-24 08:00:00+00:00,0.01993584375523876,-0.004815898182810786,-0.4108346902284314,0.4162769574225873,-0.1110522671865046,-0.4173297456573811,0.18232438445863214
2025-09-24 09:00:00+00:00,0.01768400511287452,-0.005083835406819574,-0.350891963419458,0.38545275763125714,-0.09773876667086662,-0.4018393566207396,0.16667705922463888
2025-09-24 10:00:00+00:00,0.017050858438300072,-0.002969618143734762,-0.31824204190665967,0.35192827181479835,-0.04861052391280282,-0.37898983146250625,0.1326794152326082
2025-09-24 11:00:00+00:00,0.015907733742612912,-0.012463060495758915,-0.2795052284282333,0.3105526753833858,-0.028962618559387858,-0.3471279289199388,0.09007919609076194
2025-09-24 12:00:00+00:00,0.01408684810794109,-0.013171375854138636,-0.2633910275628314,0.2608831355308392,-0.05201586457011826,-0.2986185367237514,0.03494765867938676
2025-09-24 13:00:00+00:00,0.00958322365641451,-0.014845642674135252,-0.21362050558647278,0.19775693386078186,-0.03529609752487458,-0.227239333236774,-0.02319032063492065
2025-09-24 14:00:00+00:00,-0.000686346345411724,-0.03006409352875946,-0.13656755556550773,0.0913359497811699,-0.003657298679915859,-0.06274138111385894,-0.13547277785911674
2025-09-24 15:00:00+00:00,-0.020242030815382693,-0.06192116788404576,-0.07870134204326745,-0.10355329139426563,0.054075151861377554,0.2995751122341818,-0.33239078725858195
2025-09-24 16:00:00+00:00,-0.021696326252457144,-0.05767567398805902,-0.047372348527862845,-0.14373294895161529,0.06525138040773483,0.31209815001668867,-0.35925909432342634
2025-09-24 17:00:00+00:00,-0.020123222073460234,-0.049311854366381774,-0.0399228658744872,-0.15507352370316393,0.07055702384351933,0.3065142870280439,-0.36621418965410496
2025-09-24 18:00:00+00:00,-0.0344906537462684,-0.05584402202426777,-0.030075340860281116,-0.16740842627611754,0.07055702384351933,0.3082965167616045,-0.36986044541269725
2025-09-24 19:00:00+00:00,-0.05068856537279044,-0.06364518297586787,-0.01994185927428798,-0.17105182976320138,0.07055702384351933,0.3093064375691646,-0.3709314213434025
2025-09-24 20:00:00+00:00,-0.08508516679980008,-0.09459837379904812,-0.009647076970053906,-0.17952368912957334,0.04835679395582393,0.31220197000785027,-0.37588614735728865
2025-09-24 21:00:00+00:00,-0.09968053448948415,-0.10534660978067469,0.0003158827123893097,-0.17952368912957334,0.03489085592710754,0.3132574688953049,-0.3750035610279943
2025-09-24 22:00:00+00:00,-0.09766005654505142,-0.1018445815078596,0.005356222692094304,-0.17464516258130597,0.041882072941336224,0.308662953392151,-0.3767622322008753
2025-09-24 23:00:00+00:00,-0.09302083574629338,-0.0964816300253225,0.0017889348185456163,-0.17170026278603825,0.043932177138747544,0.3072993502839486,-0.37706686408240897
2025-09-25 00:00:00+00:00,-0.09047633567064352,-0.09147393321974547,-1.5339215498900073e-05,-0.1709110790556046,0.043932177138747544,0.30594194398665053,-0.379219743657031
2025-09-25 01:00:00+00:00,-0.09418403429147137,-0.09488360004800776,-0.003889964741376072,-0.1584981538833574,0.032485996921871714,0.3091036075374871,-0.3702461655965969
2025-09-25 02:00:00+00:00,-0.09160563721949538,-0.08978838708886816,-0.005760306669952563,-0.1571780472542196,0.03483681370422407,0.30788997184936545,-0.3712224886576642
2025-09-25 03:00:00+00:00,-0.08903819800008016,-0.08468936728972626,-0.009563280543817361,-0.15585848291835683,0.036958296433858645,0.3066804511864588,-0.37224329717640786
2025-09-25 04:00:00+00:00,-0.07942670104479795,-0.0705491337550439,-0.010952321573634871,-0.15252812457111897,0.040991136646855775,0.2975915028076721,-0.3804340024463263
2025-09-25 05:00:00+00:00,-0.08414836611241108,-0.08611408225014751,-0.01032615728982885,-0.1914961644187186,0.03524673714292555,0.3068370656097204,-0.4092114670573552
2025-09-25 06:00:00+00:00,-0.08175295290539755,-0.080329627422952,-0.01032615728982885,-0.1897335010571729,0.03941291467770185,0.30476511524468947,-0.4066940016009187
2025-09-25 07:00:00+00:00,-0.07936668097204869,-0.07386743794198183,-0.012125610662178318,-0.18390061155735166,0.04353685106840133,0.30336249397871906,-0.40351051053165915
2025-09-25 08:00:00+00:00,-0.07513222668628862,-0.06748928922994127,-0.012125610662178318,-0.1780971474991499,0.04544786918071557,0.30217913386896295,-0.400358624553205
2025-09-25 09:00:00+00:00,-0.07095426013594566,-0.06118804560438403,-0.01568690150217554,-0.17231847231322234,0.049503134178565646,0.3013298254295612,-0.3982661376161878
2025-09-25 10:00:00+00:00,-0.058348559061770444,-0.043352309009395885,-0.015003817558408463,-0.1548149326683322,0.05504984984847123,0.2999161536251882,-0.3932297337737785
2025-09-25 11:00:00+00:00,-0.046190338826876676,-0.026169412150349184,-0.01269553031255641,-0.14609067845220766,0.06040876275105491,0.2995131651963915,-0.39099449326462116
2025-09-25 12:00:00+00:00,-0.03445750125752841,-0.009600958155588275,-0.022257115930063194,-0.1376762800260966,0.06558766418828256,0.3019299392880212,-0.3862040602714511
2025-09-25 13:00:00+00:00,-0.02657692056912047,-0.013729234727217767,-0.008264042603802637,-0.14772133589322126,0.06233679183913818,0.36666994715620477,-0.39727478034267577
2025-09-25 14:00:00+00:00,-0.01204585551777521,0.001939291613530281,-0.009051060617970126,-0.13187361748991702,0.06723242998856668,0.38163159492466237,-0.39285906961527167
2025-09-25 15:00:00+00:00,-0.027249620315683565,-0.02546560334433181,-0.008526668470034667,-0.15649800716290882,0.05663420174478196,0.45873431686187766,-0.40726030135990593
2025-09-25 16:00:00+00:00,-0.024183704034119773,-0.021110133332575765,-0.009985422826162885,-0.15249730746446327,0.058390485629448326,0.46086887595874637,-0.40663303853364624
2025-09-25 17:00:00+00:00,-0.0272493406519322,-0.027066087531407386,-0.004982820468086053,-0.15742560788000007,0.05669920150513268,0.45850466063717055,-0.4118616839298095
2025-09-25 18:00:00+00:00,-0.02814122829908688,-0.033333999581600285,-0.004198957513233205,-0.16264053775476847,0.05482438400305044,0.4545324188304106,-0.41384005831335735
2025-09-25 19:00:00+00:00,-0.0397641408253693,-0.05380072669299327,0.001598813100336604,-0.1720104370595543,0.040833542946909725,0.4506300272761808,-0.41683728380080215
2025-09-25 20:00:00+00:00,-0.0512999664114517,-0.07509701732931394,0.013194508278604822,-0.1764071021677409,0.02697133751528679,0.4462194424000192,-0.41366708628908483
2025-09-25 21:00:00+00:00,-0.06275360424540104,-0.09230174685038543,0.019040987953777327,-0.1720104370595543,0.0201432750046545,0.4431108221785552,-0.4104832717043984
2025-09-25 22:00:00+00:00,-0.06338981789826424,-0.09563437378520816,0.020095258740096808,-0.1626439263161997,0.016393360029726252,0.4416925040680442,-0.41038018088554673
2025-09-25 23:00:00+00:00,-0.06179179155518289,-0.09192416622946656,0.01881479756747421,-0.1614427026595292,0.01797688431918814,0.44323649664970416,-0.41038018088554673
2025-09-26 00:00:00+00:00,-0.06019633772107556,-0.08852579021646935,0.016167497873297697,-0.16052076081554392,0.019563742856581915,0.44410633638621255,-0.41235099008145737
2025-09-26 01:00:00+00:00,-0.053753456809758154,-0.07711932244626518,0.015895444002463253,-0.1608059503682573,0.023841595496295984,0.4451940993268596,-0.42435279039372875
2025-09-26 02:00:00+00:00,-0.05087142044103378,-0.06856433956448273,0.008525101480375608,-0.16175595006927695,0.0279606033043759,0.4462573715473501,-0.4364820683488583
2025-09-26 03:00:00+00:00,-0.04950560841540577,-0.06535399227443567,0.008525101480375608,-0.16158168018368424,0.02943738786090933,0.44624505146829463,-0.43754457170419697
2025-09-26 04:00:00+00:00,-0.04639234708070609,-0.05469781011551115,0.008472637035825972,-0.1632035751206106,0.03497823282265247,0.45547656085167687,-0.4512981420591288
2025-09-26 05:00:00+00:00,-0.04507808800773083,-0.051952171007206435,0.007281596419982151,-0.16339983344627215,0.036417484589966055,0.4531656915367447,-0.45057273624615946
2025-09-26 06:00:00+00:00,-0.04326256437627503,-0.048777774585581815,0.007281596419982151,-0.161854701684702,0.039544348783294166,0.45007192959057063,-0.4506739267741379
2025-09-26 07:00:00+00:00,-0.04894227048487381,-0.05989161708281986,0.008572737809812906,-0.17640799918079297,0.035139511613907555,0.4519258759603974,-0.4517740009529948
2025-09-26 08:00:00+00:00,-0.042895054360523384,-0.04481178361840974,0.00161375542175058,-0.16195713929877698,0.028876587643651863,0.46313010255213244,-0.44519884946045535
2025-09-26 09:00:00+00:00,-0.037065047875274176,-0.029938473632950154,-0.005136218119780246,-0.15628774369269396,0.03239032192159672,0.47473423674091586,-0.44158427398737593
2025-09-26 10:00:00+00:00,-0.03432304066331378,-0.018117640842129974,-0.01948520738822104,-0.14267340887006075,0.03576651503088047,0.48719816053224696,-0.4403295649236779
2025-09-26 11:00:00+00:00,-0.034619686685780554,-0.006601979552126165,-0.017967717978710385,-0.12952422065556812,0.04044687895295765,0.49999597836512494,-0.44148313992207777
2025-09-26 12:00:00+00:00,-0.035061434731343134,0.004919589071416738,-0.024113339484808986,-0.11681814106229388,0.04353046016863599,0.5133761260922679,-0.4426728491616715
2025-09-26 13:00:00+00:00,-0.03589143158769965,0.015904774823538716,-0.022551101146819137,-0.10453448344088151,0.047892041023481303,0.527608556698731,-0.4441071421790601
2025-09-26 14:00:00+00:00,-0.03476545899386817,0.018973495374029044,-0.022551101146819137,-0.10222946213349005,0.04901096831344354,0.5260928268815428,-0.4441071421790601
2025-09-26 15:00:00+00:00,-0.028730258288277435,0.006423119558683534,-0.02399113599020963,-0.11541622495481735,0.0467911399347208,0.47398391724265226,-0.4273326264330073
2025-09-26 16:00:00+00:00,-0.027825376255084626,0.0021267912398051842,-0.025224894453810733,-0.12109435385311372,0.0459572920920115,0.4700799554799561,-0.4239152568352797
2025-09-26 17:00:00+00:00,-0.04821966098347833,-0.022805439818086155,-0.022997996101976725,-0.1444733245169515,0.034977138824100716,0.46773907475954796,-0.41986060354993626
2025-09-26 18:00:00+00:00,-0.05784636596220963,-0.028039241887410957,-0.021736763222278074,-0.14171365826852078,0.029640193291324668,0.46295395330180095,-0.41596571974513397
2025-09-26 19:00:00+00:00,-0.08327570786325197,-0.053120175796811116,-0.02069910363449394,-0.13515143721694217,-0.00041382987281669907,0.460786287465807,-0.40500325596450426
2025-09-26 20:00:00+00:00,-0.09918945455819085,-0.0714152164217085,-0.026756312771686445,-0.13515143721694217,-0.00808578220323257,0.4567775218855599,-0.3999859707913533
2025-09-26 21:00:00+00:00,-0.11525489942107699,-0.08925273947134642,-0.026756312771686445,-0.13515143721694217,-0.01578909810700443,0.4511438192134787,-0.39591537057155246
2025-09-26 22:00:00+00:00,-0.1260569396811937,-0.09231487191529746,-0.032407472519992625,-0.1269351821189104,-0.02200819672237226,0.4479153824780128,-0.39194881400324094
2025-09-26 23:00:00+00:00,-0.12588113352908442,-0.09058401656840519,-0.03166976681879178,-0.12511210306030607,-0.021059926988372935,0.44919844145641313,-0.3903428595488395
2025-09-27 00:00:00+00:00,-0.1192180822438433,-0.09323221376049672,-0.03282939449538576,-0.13117547414370095,-0.01376966450025934,0.4443893615666519,-0.37452208322477637
2025-09-27 01:00:00+00:00,-0.11915644635246662,-0.09175432068741485,-0.033602972822946595,-0.13033072540098234,-0.012754374251959476,0.4453158835956937,-0.37535888886412033
2025-09-27 02:00:00+00:00,-0.1191080506020242,-0.09027518897927898,-0.033602972822946595,-0.12949301623770873,-0.011735158646677759,0.44532125461173744,-0.37535888886412033
2025-09-27 03:00:00+00:00,-0.12467147267422424,-0.08398620669152203,-0.0388396791366782,-0.11821459459127384,-0.018936947234330027,0.4529379749036143,-0.38540504398629244
2025-09-27 04:00:00+00:00,-0.13041571060441207,-0.07794129598691604,-0.03725621515909618,-0.10730505900185508,-0.01568097666163982,0.461004523316197,-0.39527116742344265
2025-09-27 05:00:00+00:00,-0.13064602639425674,-0.07662645461214478,-0.03657893996644912,-0.10551591242939656,-0.014775897698183226,0.4584852723327825,-0.3949102644086794
2025-09-27 06:00:00+00:00,-0.13089894946274502,-0.07530854899817209,-0.03725621515909618,-0.10373827657164139,-0.013867075147644018,0.45493383960576755,-0.3949102644086794
2025-09-27 07:00:00+00:00,-0.13117579118432246,-0.07331855599654076,-0.037932765723972334,-0.10213202809785327,-0.012954355394378121,0.45143763261105824,-0.39566193369799435
2025-09-27 08:00:00+00:00,-0.13754381538212415,-0.0626303882157657,-0.03633188491865757,-0.0840833578434035,-0.010803833209771276,0.4611401507783675,-0.3915062100394693
2025-09-27 09:00:00+00:00,-0.1582308270759699,-0.06714580828541393,-0.033563972438468016,-0.06672215096103164,-0.016529692282668748,0.47930645526164983,-0.37890268271672445
2025-09-27 10:00:00+00:00,-0.16198969080497858,-0.059720531268736755,-0.03201368001797238,-0.05811487857119954,-0.014639439243246129,0.4887417289438631,-0.376241825423412
2025-09-27 11:00:00+00:00,-0.16925973183325355,-0.05253630205881502,-0.030486047359292258,-0.04974124711119595,-0.012869530154687345,0.4972057966973397,-0.37569317264228147
2025-09-27 12:00:00+00:00,-0.17048015392063595,-0.051415932467393,-0.030486047359292258,-0.049116518587833155,-0.012869530154687345,0.4972057966973397,-0.3758264878539549
2025-09-27 13:00:00+00:00,-0.1750217734223485,-0.04453697015543863,-0.02898013216262744,-0.04103207712648593,-0.011217716644329554,0.5062367815826193,-0.3752831978775435
2025-09-27 14:00:00+00:00,-0.17285934047195786,-0.03534739512667418,-0.03401842867487214,-0.03279574682917042,-0.018895239049901147,0.5121208877890571,-0.37475752196473955
2025-09-27 15:00:00+00:00,-0.17421639062654498,-0.03413557670985397,-0.03401842867487214,-0.032301489601462036,-0.018380118577863664,0.5154298761346783,-0.3751519946718324
2025-09-27 16:00:00+00:00,-0.17570415748333063,-0.032890112660076805,-0.10392859914143832,-0.033075734157311174,-0.02283290962996489,0.5154298761346783,-0.38156441420177095
2025-09-27 17:00:00+00:00,-0.2325953972377506,-0.0852523133444635,-0.09374251082661789,-0.03260320432386192,-0.046656122981638244,0.5173625992789443,-0.38468056017573565
2025-09-27 18:00:00+00:00,-0.25104237484333003,-0.09467362852243125,-0.08936374816462035,-0.03156599466422685,-0.05219732497608997,0.5108890456421152,-0.3799640489638142
2025-09-27 19:00:00+00:00,-0.2830500512166363,-0.11305473418946899,-0.10696778252271454,-0.0457651345170243,-0.0782571526858938,0.5108890456421152,-0.3781936183670423
2025-09-27 20:00:00+00:00,-0.32620746224391434,-0.1454095719427041,-0.11022665695926817,-0.0734270708762835,-0.12045950663236132,0.5098207836685891,-0.37158289161236874
2025-09-27 21:00:00+00:00,-0.3494070333250506,-0.15961192375816588,-0.12769454362827914,-0.09251722473906265,-0.14459164936419253,0.5098207836685891,-0.3657403211269575
2025-09-27 22:00:00+00:00,-0.3545908857493772,-0.1643838352124151,-0.12338751816502891,-0.09173039857721009,-0.15131113070860303,0.5050970128915946,-0.35928740642590634
2025-09-27 23:00:00+00:00,-0.35675171698616925,-0.16435697104045466,-0.12338751816502891,-0.09123757260176023,-0.15181178862994316,0.5045202604088916,-0.35785120952264454
2025-09-28 00:00:00+00:00,-0.3606680283336509,-0.16486820175544195,-0.12341950419061146,-0.09123757260176023,-0.14916593770073408,0.5039459662472494,-0.35701395485523424
2025-09-28 01:00:00+00:00,-0.36705007923933297,-0.16541313615336656,-0.12341950419061146,-0.09116574374469444,-0.14975943886533874,0.5039459662472494,-0.35618458374538553
2025-09-28 02:00:00+00:00,-0.37089423789800685,-0.16359071131390496,-0.13533963997200665,-0.09093264851279848,-0.13982140236506455,0.49497004741901524,-0.3665214293539459
2025-09-28 03:00:00+00:00,-0.37847887151123083,-0.1647316923880915,-0.13533963997200665,-0.09091048186486321,-0.13759179455562942,0.4945520161190016,-0.3649975441734966
2025-09-28 04:00:00+00:00,-0.3839015873796816,-0.16333044832659901,-0.1471636768562699,-0.09128338206905452,-0.11804173744324241,0.4855127048623574,-0.3744038419491008
2025-09-28 05:00:00+00:00,-0.41920105831720506,-0.1816382778860554,-0.14300853255174317,-0.09963770469904788,-0.1266082005891405,0.4854048806193833,-0.3737459621121753
2025-09-28 06:00:00+00:00,-0.4300797549009258,-0.1829401774551266,-0.1425665465862553,-0.09974045477304043,-0.12502486106631483,0.48502524231176297,-0.37439468032439566
2025-09-28 07:00:00+00:00,-0.4381722803344991,-0.1839466793797193,-0.1425665465862553,-0.09947802618493816,-0.12351631331955995,0.48465638056516314,-0.3754219981469657
2025-09-28 08:00:00+00:00,-0.4394601358711154,-0.17445461956801017,-0.1536007031458785,-0.08409221960207655,-0.09666944917343795,0.477908229069134,-0.3708167074061294
2025-09-28 09:00:00+00:00,-0.4299452990880353,-0.1682478030831204,-0.1477188562760059,-0.06931916069779587,-0.07060683747282955,0.4741297910590023,-0.3662386728694954
2025-09-28 10:00:00+00:00,-0.4263428078649053,-0.16234068746176225,-0.14263776975892015,-0.0625658351084646,-0.055092362698519345,0.47055575091457646,-0.3677550945376666
2025-09-28 11:00:00+00:00,-0.4231033040743448,-0.1573559288452393,-0.1173530392486711,-0.05599859072034313,-0.04021189670514515,0.4677470553199452,-0.36921692775661474
2025-09-28 12:00:00+00:00,-0.42022743365749005,-0.15483947997850617,-0.07459037828695517,-0.05661666171089836,-0.02592887002037345,0.46587182700122415,-0.3685183765003113
2025-09-28 13:00:00+00:00,-0.41233530238025723,-0.14980464139553276,-0.037026396710694215,-0.050303731451472974,-0.012209514882862402,0.46684598251342785,-0.3678113519472945
2025-09-28 14:00:00+00:00,-0.4077401778883864,-0.14505739785283667,-0.0040057597506560376,-0.03718562259932519,0.0009774078845680046,0.4680993674691327,-0.367095266465748
2025-09-28 15:00:00+00:00,-0.4137634801826978,-0.1469522658667852,-0.004197721657026411,-0.037248972315722266,0.0005565488392370051,0.47168595495731036,-0.3670177731370759
2025-09-28 16:00:00+00:00,-0.42699037840106663,-0.1659778690484641,-0.0015846122231041888,-0.03854737957120335,-0.010225930035349735,0.46642119250648056,-0.36761943834404903
2025-09-28 17:00:00+00:00,-0.4249089207612796,-0.17894893978547202,-0.01277018516790113,-0.04001526530019845,-0.021313221019456218,0.4589338068265257,-0.36598414079658165
2025-09-28 18:00:00+00:00,-0.4163980312617051,-0.18559884118118447,-0.01074075350320017,-0.041653091190453975,-0.03258606144736972,0.4496694939560876,-0.3605142633869591
2025-09-28 19:00:00+00:00,-0.4163980312617051,-0.19595522176869296,-0.02348260645475876,-0.048611780129169974,-0.05630149719055614,0.4496694939560876,-0.3549838852519414
2025-09-28 20:00:00+00:00,-0.4163980312617051,-0.2056380900193114,-0.04758808294445574,-0.0685175989240894,-0.0868764995798472,0.4485484893073923,-0.35313265018779144
2025-09-28 21:00:00+00:00,-0.4143361787992157,-0.21718680079569908,-0.07027184969712703,-0.08782657821019466,-0.10299205870016037,0.4485484893073923,-0.3467674780393713
2025-09-28 22:00:00+00:00,-0.40685635220440264,-0.22395389767221352,-0.06781030090156875,-0.08986561656309865,-0.11533022435936488,0.44268398805970216,-0.3446441702448616
2025-09-28 23:00:00+00:00,-0.40601112633010533,-0.22567548036054502,-0.06776103489378955,-0.09059255976300179,-0.11526269595344085,0.44268398805970216,-0.3411902256922592
2025-09-29 00:00:00+00:00,-0.40601112633010533,-0.23062777948457505,-0.06776103489378955,-0.09226443900983897,-0.11616666145077897,0.44268398805970216,-0.3423082082535397
2025-09-29 01:00:00+00:00,-0.4058878651110098,-0.23265177860690942,-0.04327045081172338,-0.08882006042954582,-0.10532964352003973,0.43165594300056115,-0.3530981758504117
2025-09-29 02:00:00+00:00,-0.40586594402555415,-0.23522228194773817,-0.031106901956871272,-0.08562482720064121,-0.0949001951907862,0.42296725420413583,-0.36381490861057947
2025-09-29 03:00:00+00:00,-0.40594380218378195,-0.23838203882388465,-0.009135601665189803,-0.08267876080230914,-0.08486157557438813,0.41439616995491935,-0.3725357859966906
2025-09-29 04:00:00+00:00,-0.4061199847966755,-0.24218199170177399,0.011385037292407028,-0.07998260100325096,-0.07519808734624668,0.40593840381621643,-0.38141709553798836
2025-09-29 05:00:00+00:00,-0.40996558505632463,-0.2449896427969769,0.030607501892946653,-0.07753785454086934,-0.06589500235722064,0.39733762198644246,-0.38784026125494486
2025-09-29 06:00:00+00:00,-0.41028860604873524,-0.24378124847641558,0.04866166408298623,-0.08174028071324252,-0.06403647268013596,0.3908090837673934,-0.3869421694552504
2025-09-29 07:00:00+00:00,-0.4013472020881045,-0.24160401670236087,0.0656590180327849,-0.07852930673914676,-0.05530567483559421,0.3843674961287571,-0.38202623758938503
2025-09-29 08:00:00+00:00,-0.3917247002072901,-0.23654753644911708,0.0811811320985795,-0.06799137776367122,-0.04690213467007653,0.37791221297981226,-0.37711692687393744
2025-09-29 09:00:00+00:00,-0.38238089358783983,-0.23182218290611148,0.08926767617878922,-0.05782774388062793,-0.03998103941198036,0.37156584387836966,-0.371804237233409
2025-09-29 10:00:00+00:00,-0.3733071152502412,-0.23056092084727822,0.0971159968021894,-0.04802267682787797,-0.0321536478681547,0.36532519435999145,-0.37253219984569697
2025-09-29 11:00:00+00:00,-0.3692116294565836,-0.22960522518456158,0.11089512195834322,-0.038561400303526776,-0.0246219133134226,0.36094738256423403,-0.3732035433471111
2025-09-29 12:00:00+00:00,-0.3605711650781061,-0.2289609105787587,0.12447236602454624,-0.029430020519036218,-0.01737599346193319,0.3566519182650595,-0.3754999680694881
2025-09-29 13:00:00+00:00,-0.35675959248547695,-0.228634888080728,0.1373636777943305,-0.020615462862950892,-0.010406633663963832,0.3541816179561248,-0.3760920574251596
2025-09-29 14:00:00+00:00,-0.35285609624262954,-0.2145130114108921,0.14443474155124927,-0.009102476038560618,0.009370547968271413,0.35132365761988504,-0.38456298645887604
2025-09-29 15:00:00+00:00,-0.34468692176138754,-0.2146073693924437,0.15028902563702148,-0.0008033742801740986,0.016095712068791446,0.34922448488529056,-0.3834269582056883
2025-09-29 16:00:00+00:00,-0.3474942097941027,-0.24814079772874392,0.16503063773522295,0.0009312413368854072,0.028534399113815508,0.31806110058671244,-0.37563848395155247
2025-09-29 17:00:00+00:00,-0.3346659635861242,-0.24620929314623122,0.17570708132141777,0.014126905144680544,0.037912588909823096,0.3070402084988128,-0.3701575357548325
2025-09-29 18:00:00+00:00,-0.3212039698148319,-0.25029771468623485,0.18709139382230106,0.023497202340732132,0.053794085807092155,0.286663909984041,-0.35848380557018916
2025-09-29 19:00:00+00:00,-0.2984727815590917,-0.2339452071920724,0.19797625377047928,0.0322723312237857,0.07810792158272596,0.26977690061056403,-0.3391897021538858
2025-09-29 20:00:00+00:00,-0.26878673200371095,-0.21845080044967308,0.20362061639471216,0.04938995200671819,0.10197514009856823,0.2529347060590844,-0.31260202067282106
2025-09-29 21:00:00+00:00,-0.23375668106224917,-0.20375888134237136,0.21379357442046076,0.06846790200372545,0.11609765741931441,0.2361250953960798,-0.28943193724831223
2025-09-29 22:00:00+00:00,-0.22208385581573192,-0.1994880227219797,0.22282728317400408,0.0817246243741656,0.12611230851950694,0.22574141675163678,-0.28787382196524064
2025-09-29 23:00:00+00:00,-0.21983705406230827,-0.20077914816084014,0.22714526144550845,0.08151633443911549,0.12708226956869378,0.2172158641469054,-0.29657757935327655
2025-09-30 00:00:00+00:00,-0.17017815880211493,-0.17459076908097518,0.21105152812844521,0.07014031175121865,0.15061374367871255,0.0988412984307632,-0.3104136033204981
2025-09-30 01:00:00+00:00,-0.12179960868134096,-0.14753918636121924,0.20983181736440584,0.06518342828182097,0.17097456808196979,0.029347998420912486,-0.3304802277145955
2025-09-30 02:00:00+00:00,-0.09337283899720152,-0.13563002050605127,0.21510323208022517,0.06301078827903472,0.1895739272770618,-0.016716355410272613,-0.342889617989153
2025-09-30 03:00:00+00:00,-0.07249071950144093,-0.12829853921477294,0.25734201509582294,0.061107658881043365,0.20580092907940384,-0.05380294752931011,-0.35564548434551757
2025-09-30 04:00:00+00:00,-0.054295871831249204,-0.1176294353387984,0.29301633893941004,0.06599956919911551,0.22043149343346727,-0.07445264043096482,-0.3669576713184281
2025-09-30 05:00:00+00:00,-0.04347133079569754,-0.1191547625457179,0.29364401184306244,0.06420276834740267,0.2344310962311909,-0.0932240310447757,-0.37150128383111136
2025-09-30 06:00:00+00:00,-0.03400502967484459,-0.12118043868243522,0.32257546552552074,0.06236599633577841,0.2474516965541139,-0.10964142069314003,-0.33547557171464154
2025-09-30 07:00:00+00:00,-0.026270624224660814,-0.09718599803392854,0.34796696306504094,0.08356058254930723,0.2584701993037873,-0.11834991210723941,-0.3055753874785787
2025-09-30 08:00:00+00:00,-0.019076148257438846,-0.07308446446213597,0.34676388539925634,0.12412618775885104,0.2917839231604416,-0.12644698006532284,-0.2681885350589494
2025-09-30 09:00:00+00:00,-0.013126413436612876,-0.06514874124842968,0.3463889985824951,0.15915981447206937,0.32099354254623036,-0.1335823945811412,-0.24378182061709264
2025-09-30 10:00:00+00:00,-0.01984021334434846,-0.06724522881921861,0.3475267127364694,0.17343266785867859,0.3286237880876236,-0.1353316223751352,-0.23093590040658732
2025-09-30 11:00:00+00:00,-0.040301184765243886,-0.05753661906068329,0.34805127974276806,0.18674322408097296,0.3352952383546906,-0.13681286413423868,-0.22535877180056907
2025-09-30 12:00:00+00:00,-0.0589336225019706,-0.049390426756325954,0.3505566476111877,0.19886512458185376,0.3418227286832727,-0.13350568739916804,-0.22081456264597982
2025-09-30 13:00:00+00:00,-0.08815655822301365,-0.0425233230662918,0.35207344640911786,0.20998688233285212,0.34815848779954917,-0.13083623986451687,-0.21704664824790085
2025-09-30 14:00:00+00:00,-0.09255138528768003,-0.03673152336661358,0.353909682596648,0.22025136916511162,0.3542773960956171,-0.12405885294836023,-0.22008453897554134
2025-09-30 15:00:00+00:00,-0.09791528477111944,-0.036193839181404855,0.33524312923290656,0.22873071652405827,0.35892347516002093,-0.11502651366846896,-0.20975893740307164
2025-09-30 16:00:00+00:00,-0.10178411766997306,-0.03504197019988513,0.3379341604985206,0.23660780627113756,0.3469248802014195,-0.14260762649881742,-0.1942744925472182
2025-09-30 17:00:00+00:00,-0.09533849046671994,-0.03988752955951359,0.35755145186663284,0.25668365667677684,0.3495372078116067,-0.16925898293694577,-0.16828887072881982
2025-09-30 18:00:00+00:00,-0.089606903550375,-0.025891865877046776,0.37552303831931405,0.27865957055825835,0.3667858181498974,-0.19546240293159783,-0.1316289783648162
2025-09-30 19:00:00+00:00,-0.05818881512663165,-0.008460610392298108,0.39205855042871945,0.3205171345903856,0.3834010950540745,-0.2149390102714877,-0.08528926269409667
2025-09-30 20:00:00+00:00,-0.01655153798642612,0.027049569741628247,0.40540534704396,0.3654323122828937,0.3986602794367162,-0.22886353585945288,-0.03494542469565584
2025-09-30 21:00:00+00:00,0.02470983248343022,0.06871897404770098,0.4196209992969767,0.40433219308762314,0.3995169319401352,-0.24224440284963292,0.0010392349207958309
2025-09-30 22:00:00+00:00,0.04885872731000067,0.09502808388613031,0.43295534001488567,0.43190379128919526,0.40187396330002606,-0.2532496320967486,0.0151811331038982
2025-09-30 23:00:00+00:00,0.042832787819663896,0.09251380345789383,0.4323382916100983,0.431120495130226,0.4054536774730467,-0.2638258599744761,-0.00615013104069765
2025-10-01 00:00:00+00:00,0.017743435375084275,0.08042962340397349,0.4312927540536134,0.43168605930292797,0.40764865663711985,-0.27089582742252816,-0.03208187751730335
2025-10-01 01:00:00+00:00,0.001171173489575604,0.07099506276440401,0.4320319092388227,0.43399318810844345,0.41027063229844807,-0.2773280271697881,-0.050344037766076384
2025-10-01 02:00:00+00:00,-0.01634619284097642,0.061310911884930035,0.43329559277821844,0.4362740514960536,0.41410104169602685,-0.2829190706954627,-0.06815674289436084
2025-10-01 03:00:00+00:00,-0.03497362005381807,0.049521786516530795,0.4335791993359181,0.4382955721435608,0.4164296126279541,-0.2863569441249129,-0.08376866518731191
2025-10-01 04:00:00+00:00,-0.05194704743729737,0.03463087846574502,0.43471429375560455,0.4428883794202671,0.41959450633575995,-0.2892935671742833,-0.1008976511380827
2025-10-01 05:00:00+00:00,-0.06940089899221595,0.023439348593649687,0.4348374779554703,0.4449668330879898,0.4216088539830617,-0.2897390795899042,-0.11092969688663579
2025-10-01 06:00:00+00:00,-0.08631823042267436,0.011911745906650433,0.4348663903934453,0.4451284043738323,0.42347379931035817,-0.2902252529847414,-0.09859556877900792
2025-10-01 07:00:00+00:00,-0.10273189224669627,0.009781639126930584,0.4355438260843833,0.446493176739137,0.4266630797303059,-0.28785584852838764,-0.08562009145530931
2025-10-01 08:00:00+00:00,-0.11805717511418377,0.016096868880016657,0.42442207364261875,0.45436603171994666,0.4373993997627193,-0.28502804865349857,-0.06419519244222735
2025-10-01 09:00:00+00:00,-0.13274329985359212,0.022073583021773716,0.41368248999798074,0.4605983481145992,0.4475852980020749,-0.2792452958650218,-0.04757701278373158
2025-10-01 10:00:00+00:00,-0.1464557604646759,0.020636545457303698,0.4146119177409632,0.4612602154806132,0.44951045501499437,-0.2739003148109117,-0.044375028461009124
2025-10-01 11:00:00+00:00,-0.1596161923013489,0.019045571515267236,0.41549555864692017,0.4614194738771624,0.45131929481271044,-0.26871086417318196,-0.04518685665328269
2025-10-01 12:00:00+00:00,-0.17225846136860706,0.01730168379508989,0.41633259376314774,0.46205296025187825,0.45301424940019663,-0.26289727910994193,-0.04590035613351967
2025-10-01 13:00:00+00:00,-0.18696124387811905,0.015441102883198934,0.4168440149034903,0.4623035392619038,0.45598152464413294,-0.25627764860869684,-0.04595798202585966
2025-10-01 14:00:00+00:00,-0.19453420733211085,0.012236249810878027,0.41701115230731417,0.462603211857857,0.4639430310237489,-0.24556083946190738,-0.04510233378552171
2025-10-01 15:00:00+00:00,-0.20189542092727153,0.008872833365768464,0.41715020004267034,0.4629221363920506,0.4714560091507258,-0.23779431514641797,-0.04411573818212923
2025-10-01 16:00:00+00:00,-0.19138442445321707,0.005349153942163905,0.4172585190649267,0.46325597385217915,0.4785491615559121,-0.25501957801313296,-0.03851126749561969
2025-10-01 17:00:00+00:00,-0.1731233304468917,0.010238285510101324,0.4161212787013343,0.46360087390662763,0.48524850119815544,-0.2714800009563834,-0.021453531594629347
2025-10-01 18:00:00+00:00,-0.1383913209281338,0.017025327847263547,0.405125675832061,0.47024110098082234,0.48384596369780797,-0.2895805929404379,-0.001689060611462169
2025-10-01 19:00:00+00:00,-0.10322034924833222,0.0354517680113303,0.40263758940817485,0.4811010639290326,0.48914629893409933,-0.30459629937864724,0.021353363439202515
2025-10-01 20:00:00+00:00,-0.06737448548893506,0.07010135759643574,0.39178393861674665,0.49438809037895426,0.49000032014648437,-0.31893695841661374,0.04917174304828925
2025-10-01 21:00:00+00:00,-0.0342960590733757,0.10542804104339584,0.38913269587580346,0.5078372220193583,0.4971454492742538,-0.33199302092200034,0.07484524024413303
2025-10-01 22:00:00+00:00,-0.01690344860536444,0.12315720218430148,0.38898064403092447,0.5191368043161042,0.4972693837691745,-0.34449534234408313,0.084491963322771
2025-10-01 23:00:00+00:00,-0.011106543082953292,0.118156095056725,0.3887871895278984,0.5221197978182907,0.4973980052888785,-0.3566635222255452,0.06623839741755744
2025-10-02 00:00:00+00:00,-0.020268440060991176,0.10486456331909304,0.38855035440959623,0.5205835575983865,0.496623289775522,-0.36678548734659316,0.0447154670816743
2025-10-02 01:00:00+00:00,-0.028742963562038062,0.09050550328385258,0.37840827159697604,0.5200791335364229,0.49703189725226654,-0.3759221261391288,0.022092647667793966
2025-10-02 02:00:00+00:00,-0.037895874772855775,0.0796804301314158,0.37852494896078265,0.5203101114904244,0.49615845044160783,-0.38267709029410124,0.0061294555741503755
2025-10-02 03:00:00+00:00,-0.04796071066669201,0.06791052456352564,0.37858495924134483,0.520348952740333,0.49678159990169757,-0.3887756789017023,-0.011161260586730906
2025-10-02 04:00:00+00:00,-0.05748242378817238,0.05298307626211469,0.37887669904441784,0.5199878472310011,0.5006480224194139,-0.3941734383349799,-0.022615480261455823
2025-10-02 05:00:00+00:00,-0.06588984279406629,0.0413952518397625,0.37878458703648127,0.5134449811131888,0.5026388279380779,-0.3977935195088706,-0.02554043565220555
2025-10-02 06:00:00+00:00,-0.07516576882940358,0.0383281821916569,0.3786350006898844,0.5152850520495295,0.5029299230384623,-0.40153258092361027,-0.010707933671224463
2025-10-02 07:00:00+00:00,-0.08090043132673333,0.04214189976359624,0.37841527110285944,0.5181398435603577,0.5070613512841251,-0.40304484483878,0.005304971747029678
2025-10-02 08:00:00+00:00,-0.07896319069388912,0.04633935187712055,0.3780786093830817,0.5239635691651274,0.5116741005726116,-0.4044326049722841,0.02253466812060276
2025-10-02 09:00:00+00:00,-0.07690452321105781,0.050416369738014485,0.37551891986238556,0.5295003056856498,0.5160861314314857,-0.40432190204029855,0.0381569576485203
2025-10-02 10:00:00+00:00,-0.08087456875800444,0.05224167858422093,0.37531942590714,0.5322818544219864,0.51502204696193,-0.4033049975468215,0.04322071359207954
2025-10-02 11:00:00+00:00,-0.08098492803871941,0.04927905242105627,0.37505361881996063,0.5341934126966623,0.5183119272898568,-0.40230211338545047,0.044755997347014964
2025-10-02 12:00:00+00:00,-0.08469239180221615,0.0462580072899179,0.36536077258495253,0.5359732028866666,0.5214235052522668,-0.4006984598985039,0.047463717139601076
2025-10-02 13:00:00+00:00,-0.08296477209282274,0.043064362171037186,0.3649133458732432,0.5378512381519616,0.5248919651095225,-0.3977978681426533,0.052841330812935884
2025-10-02 14:00:00+00:00,-0.08112254620990764,0.04484098792339575,0.36439954910140065,0.5403400380950228,0.528171532247014,-0.3925849286957063,0.058176708960573864
2025-10-02 15:00:00+00:00,-0.07775059376687377,0.0452290550209494,0.36318723762611355,0.5425501537096085,0.5294940093774748,-0.38683547232102883,0.06442751738700779
2025-10-02 16:00:00+00:00,-0.07494848250202958,0.04603043954565692,0.3621899955673627,0.5446815034873435,0.531471001240887,-0.38099146690713204,0.0701688720884758
2025-10-02 17:00:00+00:00,-0.07201851115772603,0.049623187109852744,0.3585252113021545,0.5466987579882735,0.5349444291737588,-0.3756651799961485,0.0805674067768767
2025-10-02 18:00:00+00:00,-0.06499443192633574,0.05310226207145852,0.3573246157322004,0.548604862685732,0.5382497589453135,-0.3736767534221392,0.09630475885931206
2025-10-02 19:00:00+00:00,-0.04914652017035828,0.06857550859676273,0.35203361481199064,0.5503629802714797,0.5413559559090013,-0.37333480560450755,0.1150109614616072
2025-10-02 20:00:00+00:00,-0.029596775658755636,0.10080661832961087,0.3464883386208405,0.5546531634674449,0.5443065982154731,-0.37179040138046787,0.13366317334022307
2025-10-02 21:00:00+00:00,-0.010584690540506562,0.13293821906203246,0.3445799984226572,0.5564905385164042,0.5445496814471734,-0.3703246498179068,0.1541731390484395
2025-10-02 22:00:00+00:00,0.009805201020960577,0.14737185102296624,0.3429334978722019,0.5612214244026326,0.5454602852240229,-0.367606462768574,0.16572792569671754
2025-10-02 23:00:00+00:00,0.023446079055907194,0.15991860689312715,0.34109361604257765,0.5654918624914781,0.54657381598332,-0.3644300417898729,0.1722461398585735
2025-10-03 00:00:00+00:00,0.036449855351702067,0.16907623185294968,0.3360463335110441,0.5696096278233379,0.5475142215511705,-0.3613138339208957,0.17590296542334302
2025-10-03 01:00:00+00:00,0.0533967473394561,0.18369363440786768,0.3338117046176487,0.5782969604321004,0.5498573123686161,-0.3556913167158403,0.184919234636662
2025-10-03 02:00:00+00:00,0.06735860171677674,0.1957212739158191,0.3292495075705108,0.5865821599283961,0.5520317843046251,-0.35018739512492386,0.19333248225849778
2025-10-03 03:00:00+00:00,0.07996985239209191,0.20745915863916675,0.32641631285591577,0.5930715491734989,0.5530794374916252,-0.3414378425911939,0.1989162538308016
2025-10-03 04:00:00+00:00,0.0923989112428346,0.21939188446177615,0.32396892881126976,0.6006584568853637,0.5549256240763524,-0.3331659819170984,0.20538413219198262
2025-10-03 05:00:00+00:00,0.10358244139927077,0.22752660830941973,0.3175328653746369,0.606506661612635,0.555638703698111,-0.3231052766796939,0.2110300626049338
2025-10-03 06:00:00+00:00,0.11662445354206542,0.23694862776400097,0.31443190164552676,0.6114602692810881,0.5561840866917751,-0.31236092370544644,0.22170910477296393
2025-10-03 07:00:00+00:00,0.1290417491773055,0.24804575963610204,0.3112574205926206,0.6172531004778639,0.5565631693650605,-0.30131691412754463,0.2372706216759018
2025-10-03 08:00:00+00:00,0.14099791370592826,0.26127618072840314,0.30569485587700795,0.6228792727728532,0.5596402125598405,-0.2913204941761875,0.25170445875010766
2025-10-03 09:00:00+00:00,0.1523924613022091,0.27380328739445015,0.29988823065217773,0.6275971865879542,0.560773984903473,-0.2809690138088265,0.26403736216349205
2025-10-03 10:00:00+00:00,0.16117123535095904,0.2834047323569524,0.2931330253178496,0.6325708365966985,0.561770270847439,-0.2699973248781468,0.2743961882485589
2025-10-03 11:00:00+00:00,0.16755851938340832,0.2924248031452153,0.3109544354570488,0.6372463209043645,0.5626318023266036,-0.25852171246305694,0.28292808531710334
2025-10-03 12:00:00+00:00,0.17347614692635197,0.30089815546859644,0.3042886309756517,0.6416415626481105,0.5633610814650991,-0.2464829185208441,0.2910748253089596
2025-10-03 13:00:00+00:00,0.1789418940520494,0.30885621308972555,0.3003454482711743,0.6457728138376393,0.5639604033960658,-0.23381239638886298,0.29885577779657974
2025-10-03 14:00:00+00:00,0.1830750581774432,0.31584117071388823,0.2958205285011861,0.6494714782774604,0.5633230949619655,-0.21746313921105376,0.30624126082805825
2025-10-03 15:00:00+00:00,0.18504043790527414,0.32151495088177057,0.2902801192923682,0.6528105292911273,0.5604686853895022,-0.1944493963054167,0.31332171493013233
2025-10-03 16:00:00+00:00,0.19012964993184028,0.3271688723488182,0.2850667210573813,0.6559599377299047,0.5583845020678451,-0.18586587869399937,0.32200163631014217
2025-10-03 17:00:00+00:00,0.19788541501760246,0.33554184974355356,0.28023333510888354,0.6578516712651363,0.5571949771733129,-0.17627760068659415,0.33201489921580607
2025-10-03 18:00:00+00:00,0.2052782547061244,0.3467226637302193,0.275294244163071,0.6606834732658075,0.5558340634162557,-0.16968835487171352,0.3437923959769592
2025-10-03 19:00:00+00:00,0.21496602123594155,0.3669152106133906,0.26973188413661264,0.6632199481376799,0.5531460874729702,-0.1666961283997942,0.3560813463225778
2025-10-03 20:00:00+00:00,0.22730593056225648,0.39432681694378485,0.2640356953161309,0.6655742830507251,0.5502269287647521,-0.16179751663093514,0.37439262332137085
2025-10-03 21:00:00+00:00,0.23918255316921727,0.42253525382552826,0.258199222676472,0.6677534007520524,0.5470670896105,-0.15498129142652423,0.3921616522589548
2025-10-03 22:00:00+00:00,0.2503737924163083,0.4431162747795313,0.24772119793624228,0.6698595857477588,0.5448956601214724,-0.14847624337925167,0.4041798659530303
2025-10-03 23:00:00+00:00,0.2501600953647483,0.4441167275542729,0.24246077658386192,0.6698153658394834,0.5418311282669541,-0.1413919658193192,0.4033400127877486
2025-10-04 00:00:00+00:00,0.24640416236987786,0.44233502979312317,0.23645768130616865,0.6695788076593926,0.5382860079168887,-0.13168355637566614,0.4014170811250316
2025-10-04 01:00:00+00:00,0.24343180994058772,0.4410797722206069,0.22529469466604152,0.6680524165522427,0.5347798277027828,-0.11918356050586143,0.40005309046561077
2025-10-04 02:00:00+00:00,0.24839068716935164,0.4509051753588358,0.21770882742116204,0.6699364995208996,0.5317786496720941,-0.1013145128719172,0.40723629505996967
2025-10-04 03:00:00+00:00,0.2539806391413579,0.46066794835345976,0.20570454042049743,0.6730592653497247,0.5336989176943926,-0.08307739636817164,0.4146832782898684
2025-10-04 04:00:00+00:00,0.25899217497422083,0.4696810517640933,0.1984945124355708,0.675958843369877,0.5322371610588766,-0.06260794058615311,0.4215479152684525
2025-10-04 05:00:00+00:00,0.24410955840203188,0.4601586238045351,0.19402740758709175,0.6736478770829788,0.524952322234453,-0.043100105089837124,0.4131023133410015
2025-10-04 06:00:00+00:00,0.23066206526418123,0.4539598074155364,0.18095220503076573,0.6712598845193926,0.5190980935724957,-0.019783778401257435,0.417952122864637
2025-10-04 07:00:00+00:00,0.21770330474826688,0.451936592104519,0.17003421129532317,0.6686996963959561,0.5106332127571998,0.005535714811156204,0.42578608266220025
2025-10-04 08:00:00+00:00,0.20717991396384963,0.4511028809975608,0.16621751826366532,0.6693987335004222,0.5065033315306849,0.03405256969217281,0.43093035327555335
2025-10-04 09:00:00+00:00,0.19686649617456867,0.4502151581378512,0.1592735753716305,0.6700695157330752,0.502200856874502,0.06657170946482421,0.43761879316734814
2025-10-04 10:00:00+00:00,0.18629134443994275,0.4457567922135766,0.154975154388342,0.6682078065846777,0.4977273581284241,0.10062192953478717,0.4391668333598772
2025-10-04 11:00:00+00:00,0.17306271196839224,0.44118751730162353,0.14757361651824072,0.6662552747332167,0.4930872929885666,0.13574764861952088,0.4381491606826716
2025-10-04 12:00:00+00:00,0.16071541053297164,0.4361090283691417,0.14189646858078536,0.6639941664885479,0.4912686832437211,0.17600151865629846,0.4374355475331928
2025-10-04 13:00:00+00:00,0.14854127653317964,0.431012315424554,0.13764989933653093,0.6621863185721458,0.487290552380332,0.21806842924347805,0.43609282956551165
2025-10-04 14:00:00+00:00,0.1419413529642892,0.4283165144284702,0.12607552374330924,0.6602759813469741,0.49260351695965177,0.2487787471194149,0.43582560196567094
2025-10-04 15:00:00+00:00,0.13491828009091672,0.4255874413553385,0.11630610776912761,0.6580287543771682,0.4869639430107533,0.2915215086911771,0.4348454697207702
2025-10-04 16:00:00+00:00,0.1311516014409657,0.4228303051639641,0.10998815073324929,0.6556608349101662,0.4793514061302261,0.2807320566873642,0.4364026414705166
2025-10-04 17:00:00+00:00,0.1374804481687684,0.42004402333864277,0.10328478156729992,0.6565140172736482,0.4932538332148917,0.263615011232858,0.4408412428248558
2025-10-04 18:00:00+00:00,0.14473519609050337,0.420934384163895,0.0869921673256765,0.6573491557171111,0.5073888938758259,0.24981393923395884,0.44760370107690145
2025-10-04 19:00:00+00:00,0.16144750079363543,0.43387066672944596,0.07812397920740574,0.6581664235068863,0.500913151934614,0.23584568502229988,0.45794393566166813
2025-10-04 20:00:00+00:00,0.17951094849754873,0.45606928575252004,0.06762300141025422,0.6594892094714594,0.49643807856579136,0.22604133836250404,0.46914096494805246
2025-10-04 21:00:00+00:00,0.2016203897513369,0.47635800896173003,0.05765681183654409,0.6659604710759667,0.49205588168740816,0.21656221904337455,0.4795651409344978
2025-10-04 22:00:00+00:00,0.21222544907563914,0.4801106129467636,0.04831822620424477,0.6644322494733208,0.487794128515209,0.20742316436101177,0.47959566174324403
2025-10-04 23:00:00+00:00,0.20835058842575302,0.4744904401125322,0.02351617309164248,0.6615711600205489,0.47578953759808074,0.19858387722776577,0.4694201300704933
2025-10-05 00:00:00+00:00,0.20065235002308401,0.46022255605818907,0.00872446243514413,0.6548896244319244,0.47425378080289643,0.18847163686211585,0.4531326514802448
2025-10-05 01:00:00+00:00,0.1929002347298354,0.445680541258237,-0.014167922865907803,0.6478883951827306,0.4642176726285326,0.1826741369233917,0.43661456238978263
2025-10-05 02:00:00+00:00,0.18809691790200878,0.43616615545809506,-0.04003703991002378,0.6421976623527931,0.45284455233848564,0.18359731656619935,0.4250807016569576
2025-10-05 03:00:00+00:00,0.18241358712154612,0.4256271823004371,-0.05641314364705464,0.6353752113386585,0.44758521475738744,0.18506913028867322,0.4135546755189717
2025-10-05 04:00:00+00:00,0.17692587477157956,0.41460690561455643,-0.08464509262867066,0.6290165941250275,0.4435852042185802,0.18616520397803374,0.4002513104771108
2025-10-05 05:00:00+00:00,0.170209163603221,0.40585769352244355,-0.1022517696990303,0.6214008866128011,0.43925462809752175,0.18779989593944055,0.38977925539685354
2025-10-05 06:00:00+00:00,0.16428724298231437,0.40334343732966466,-0.1376474267258036,0.6133624607256105,0.4347433674075146,0.19407886882224587,0.39297355780619264
2025-10-05 07:00:00+00:00,0.15829164137303067,0.4054294794539195,-0.15794731805077028,0.6059690882880695,0.42480636846733366,0.20129066468306767,0.3985810745559981
2025-10-05 08:00:00+00:00,0.15779019839429,0.40738227918892866,-0.19520267864372792,0.5994248649212154,0.43070427123150745,0.20794681973142437,0.40341648664317975
2025-10-05 09:00:00+00:00,0.16161301426125654,0.40531613368034736,-0.218407581811625,0.5946616978610322,0.4387711315411269,0.2190561145090085,0.4092272266225934
2025-10-05 10:00:00+00:00,0.16035797678029,0.40246906326510296,-0.23978567295664174,0.5882608448147292,0.4347527263613001,0.23062575441865452,0.40712414799764546
2025-10-05 11:00:00+00:00,0.15981985171766722,0.39958051054004146,-0.24470427999364813,0.5816100755616683,0.43055307005862253,0.24338468431886856,0.40536423506928076
2025-10-05 12:00:00+00:00,0.15924545519560593,0.3926420768972127,-0.23532532370926343,0.5718721709159326,0.42275733096578455,0.25660559112048575,0.4059277199806869
2025-10-05 13:00:00+00:00,0.16345037840779636,0.3892780854615765,-0.2247849970066585,0.5655321072753756,0.4186650414090144,0.275633517492715,0.4065654688986857
2025-10-05 14:00:00+00:00,0.16864911227821974,0.385863804983644,-0.21411205498701855,0.5634418388064883,0.41271970328853197,0.29549764659414635,0.4072396886598033
2025-10-05 15:00:00+00:00,0.1744708941773263,0.38247843214701366,-0.2197170861727838,0.5561228559869664,0.4065048439244319,0.3190602852203719,0.4060638582190383
2025-10-05 16:00:00+00:00,0.17959294971109718,0.3790467946281494,-0.2084721923770416,0.5539453963028903,0.4001754477593169,0.3068118353194486,0.4080061558522857
2025-10-05 17:00:00+00:00,0.18661434858256115,0.37556779300453536,-0.19702705343662363,0.5516726548019503,0.411887876954834,0.29244733151941354,0.41616824225451066
2025-10-05 18:00:00+00:00,0.19371192918007418,0.3787374882497611,-0.18892781126431193,0.549525968137594,0.42372235207958087,0.2735605617575102,0.4215841327719758
2025-10-05 19:00:00+00:00,0.20761952059046804,0.389998907347245,-0.1828135005359544,0.5390405578529599,0.4172409993647379,0.2583755236623336,0.42729234995123777
2025-10-05 20:00:00+00:00,0.22167581454860047,0.40843111031192414,-0.15152349215629932,0.5403954978151896,0.4309758751944843,0.24856857811035674,0.43871078644635775
2025-10-05 21:00:00+00:00,0.23593404277353128,0.43566635990822467,-0.13105309892370565,0.532747312212166,0.4090204352613142,0.23889790157551088,0.4504538140083243
2025-10-05 22:00:00+00:00,0.24911060405422678,0.44699354066712427,-0.11249066436821156,0.5180528551146434,0.40184691101500936,0.22944757271677202,0.45021265459450616
2025-10-05 23:00:00+00:00,0.25678636910673397,0.44590180724550543,-0.1141034946558118,0.5094129859847629,0.4160946138657932,0.2183230785105143,0.4321924117563882
2025-10-06 00:00:00+00:00,0.2529487831649721,0.4356485233093863,-0.1399511167885549,0.5003098166645296,0.41052872791830275,0.20729177258445797,0.41445395640178295
2025-10-06 01:00:00+00:00,0.24672495866040342,0.4227727038278326,-0.1254755735685159,0.49149446675751485,0.4047548366340434,0.19830004828674827,0.3981210428452068
2025-10-06 02:00:00+00:00,0.2417777216121754,0.4155059016209677,-0.13713309127356285,0.4780351464031,0.39677228175419677,0.19989467005078285,0.3856117357462003
2025-10-06 03:00:00+00:00,0.23725820033281217,0.40817259757827273,-0.13114732542076232,0.46385518794069097,0.3884246162024691,0.20132094241494775,0.37249349936793413
2025-10-06 04:00:00+00:00,0.2318904937756075,0.39944133431299816,-0.12420949574034673,0.4501105282874582,0.38032194786600426,0.20225209703730695,0.3551371016278095
2025-10-06 05:00:00+00:00,0.22065686142521898,0.3905987936549257,-0.11708068390431801,0.43553057334242684,0.3718121989042002,0.2034001603126014,0.3426059119021618
2025-10-06 06:00:00+00:00,0.21474931785129991,0.3884205721154558,-0.1095846422709237,0.4133810782012493,0.3401465502146758,0.21083339269550805,0.3413334331839071
2025-10-06 07:00:00+00:00,0.22113655337675275,0.3862887623680092,-0.10282746778801127,0.3939516155641791,0.3246892583294268,0.21826343290473907,0.34501264259692055
2025-10-06 08:00:00+00:00,0.22718774892955415,0.3908374098986677,-0.09614547093406087,0.3783763225991634,0.30866414319528807,0.22616062503128523,0.34891327722408444
2025-10-06 09:00:00+00:00,0.23440512734326252,0.3962263097471077,-0.10520928244669742,0.3652978751881883,0.2945512590799331,0.23464297298518222,0.35593639085916584
2025-10-06 10:00:00+00:00,0.24237504663813209,0.39407162010989766,-0.11654931080686697,0.3541379771987102,0.2826497995068421,0.24365275143516404,0.3530778812400407
2025-10-06 11:00:00+00:00,0.24357868066786192,0.392546469822964,-0.11010782068965726,0.34237799011202663,0.2699638666963132,0.2607925478937962,0.3501871797240695
2025-10-06 12:00:00+00:00,0.25280857919994404,0.39090973335905704,-0.10378702201383541,0.32994784140446803,0.25640193472026673,0.2791560233275747,0.3431869340249121
2025-10-06 13:00:00+00:00,0.2552382160327808,0.38951618839350366,-0.0951992543667424,0.31880926511325225,0.24153896236014957,0.30827225731762425,0.34048425545806893
2025-10-06 14:00:00+00:00,0.25798658056498047,0.38842862234824366,-0.10719699418886773,0.306919874762364,0.19954899736051804,0.33986256714078883,0.33781947807716955
2025-10-06 15:00:00+00:00,0.2695964153541845,0.38772895297995774,-0.11837674897780083,0.2941814764145844,0.18103151206014154,0.37437091325823113,0.3399223617141057
2025-10-06 16:00:00+00:00,0.28190189469326704,0.3974013441648614,-0.10955627539594424,0.28047374058362884,0.1609418072809136,0.3629710146390737,0.3473714573125723
2025-10-06 17:00:00+00:00,0.3041777315599076,0.408723852362374,-0.10130167440849971,0.27758257720152857,0.13898470324024517,0.34789520718729905,0.360933564488392
2025-10-06 18:00:00+00:00,0.327425707659387,0.4459386116376005,-0.09167119725865422,0.2706205296283702,0.14972039568568188,0.3291421533749562,0.37574268813611467
2025-10-06 19:00:00+00:00,0.3641480582493789,0.4984315360271276,-0.08320579666199235,0.26138980761949915,0.16150637078064162,0.319073982501031,0.39897144844681276
2025-10-06 20:00:00+00:00,0.4074169110243671,0.5584368033347614,-0.1017111146624034,0.2830549626909647,0.17474049829592586,0.3109061529825163,0.4394211583339182
2025-10-06 21:00:00+00:00,0.4684497213544237,0.6285977580758554,-0.09624905722990312,0.32448339959190364,0.19142431708446458,0.30346324613623854,0.4786273290263561
2025-10-06 22:00:00+00:00,0.5164616975548724,0.6684560586684499,-0.09335808366950707,0.3413639729358789,0.21188246462826774,0.2971254343964536,0.5001033588905414
2025-10-06 23:00:00+00:00,0.5549694728001804,0.7079772445128313,-0.11657386119637056,0.3203056686381986,0.1422712536360924,0.3020080301333711,0.48319696028697084
2025-10-07 00:00:00+00:00,0.5538799485444367,0.6995278723967365,-0.11859843596531783,0.3071573742807147,0.1320099946838854,0.29469760867823175,0.466419069589814
2025-10-07 01:00:00+00:00,0.5543859825627194,0.6905492739667033,-0.12171105166965387,0.2966604124685222,0.1243336238086742,0.28926320398680566,0.45371247517398106
2025-10-07 02:00:00+00:00,0.5512180650029611,0.6905492739667033,-0.1360473903224582,0.2852502293640708,0.09881782071259264,0.29210468582423854,0.4502131705275442
2025-10-07 03:00:00+00:00,0.5472129497894087,0.6915406346097627,-0.14916555951488478,0.2775607791282335,0.07692478283738585,0.2953983014033501,0.45007602729730994
2025-10-07 04:00:00+00:00,0.5451136844109115,0.6915406346097627,-0.1573875922781279,0.27041139882036097,0.05959965900257711,0.2992106549474373,0.4485861048866015
2025-10-07 05:00:00+00:00,0.5430159089270719,0.690650973203047,-0.1704969136152551,0.2631749438270094,0.04232461476097889,0.3012461336127083,0.4466085481998385
2025-10-07 06:00:00+00:00,0.5383310491177699,0.6879447509304237,-0.17482540718875106,0.24849428048740618,0.025083628982416797,0.3012461336127083,0.4403561195590013
2025-10-07 07:00:00+00:00,0.5270739991425363,0.6879447509304237,-0.17913419716248055,0.22674945217501508,0.007860832928848859,0.30354858144250585,0.4278308400980736
2025-10-07 08:00:00+00:00,0.5120208600734442,0.6872601628688777,-0.19253946300351593,0.2140859930249707,-0.0007192167799734472,0.3045522483072789,0.4162544104935558
2025-10-07 09:00:00+00:00,0.5052778803341256,0.6852736411384983,-0.19912358781073178,0.2060217721059984,-0.0053032583019682125,0.3045522483072789,0.4102322465311063
2025-10-07 10:00:00+00:00,0.5004032632973279,0.6851978920007206,-0.20511859701019225,0.19700353162453943,-0.014486671563657256,0.30608860395288867,0.4063587521602349
2025-10-07 11:00:00+00:00,0.49822766681400854,0.6861812148119484,-0.2091123330598901,0.19151701007440897,-0.019652481847346758,0.3056526610903172,0.40418214042828354
2025-10-07 12:00:00+00:00,0.49976950122892094,0.6870334395996933,-0.20972188723451302,0.19192730087032372,-0.02051306284713595,0.307136469734883,0.4047005023526231
2025-10-07 13:00:00+00:00,0.5028094671654805,0.6879011505473691,-0.21034087306809748,0.19235322149713663,-0.02139712780615963,0.3086511602612875,0.405229735669182
2025-10-07 14:00:00+00:00,0.5034399850498138,0.6887847738175661,-0.2109695142829286,0.1927955871928487,-0.022305783647480627,0.31129839979016044,0.40626236295747803
2025-10-07 15:00:00+00:00,0.5040829124544893,0.6896847513804236,-0.21307494436814717,0.19325526899798912,-0.023240214184808622,0.3140247622369896,0.40647104575237364
2025-10-07 16:00:00+00:00,0.5047386170713999,0.6906015417568279,-0.21373729437974243,0.1937331985758506,-0.025485898022272614,0.31587025411254693,0.406482359543399
2025-10-07 17:00:00+00:00,0.5062278169686512,0.6939435172237929,-0.2140124437558446,0.1961448233926624,-0.0220570611922554,0.3204814694766986,0.4070393649070751
2025-10-07 18:00:00+00:00,0.5077385831763805,0.6951237430959801,-0.21429127991230063,0.198600125906568,-0.021792457661039474,0.3252094965637896,0.406607558669546
2025-10-07 19:00:00+00:00,0.5073724663445823,0.6963204202244071,-0.21457387756991217,0.1981224072856193,-0.021524304936582098,0.3282616887788109,0.40576835392490296
2025-10-07 20:00:00+00:00,0.5067603524717105,0.6960432830116533,-0.2148603134859242,0.196731381989199,-0.02125253101680598,0.32988129568929003,0.40494046564484265
2025-10-07 21:00:00+00:00,0.5061386902546965,0.6965244581513721,-0.21515066652366616,0.1953160208743585,-0.01763350797981251,0.3315256973482353,0.40419886482818945
2025-10-07 22:00:00+00:00,0.5057491713665223,0.6962434169066517,-0.21544501772493846,0.19480052860971134,-0.013902672110051221,0.3331954685407974,0.40473655565577743
2025-10-07 23:00:00+00:00,0.5089581912633436,0.6996963710075365,-0.2142517166014789,0.19944169861608144,-0.010053948751031331,0.33489120198762595,0.41205323441946096
2025-10-08 00:00:00+00:00,0.5171431075282287,0.7065522962829511,-0.2130385845963185,0.20421451304779317,-0.00608076809048422,0.3354001176671892,0.4213729391691203
2025-10-08 01:00:00+00:00,0.5103316456756913,0.703277307408561,-0.22074676809885596,0.1940835893787181,-0.021517154621041045,0.33618464020860417,0.4119779402783677
2025-10-08 02:00:00+00:00,0.505433331067307,0.6836934469462295,-0.19815294661443686,0.1901846130170004,-0.02256596137597392,0.3233781989521383,0.3873650863102646
2025-10-08 03:00:00+00:00,0.4910518428294338,0.6829559172835096,-0.2190215357442099,0.17420101761158607,-0.045691264688229996,0.33118282365034785,0.38659507452524416
2025-10-08 04:00:00+00:00,0.48024245642210295,0.6825423328577864,-0.23133756996450858,0.1648376966925092,-0.06529161388307336,0.33571035384226355,0.3840697013635883
2025-10-08 05:00:00+00:00,0.4785929939576969,0.6786645669551612,-0.24357366627905971,0.1553679020370492,-0.08511831797709093,0.34300043644317263,0.3809016465722174
2025-10-08 06:00:00+00:00,0.4769561862691829,0.6752078176350241,-0.2557386289935407,0.14578475673962743,-0.10520231126011344,0.3503180943330567,0.3777057594638827
2025-10-08 07:00:00+00:00,0.473665594850006,0.6703143324577381,-0.26442136019633405,0.13465268079695084,-0.12222204440186475,0.3601968092774383,0.3722683397348899
2025-10-08 08:00:00+00:00,0.4743004611018041,0.6691577843609136,-0.27457132036913307,0.12887145959857116,-0.1270065697877281,0.3654480678542173,0.3669120771743199
2025-10-08 09:00:00+00:00,0.47489244758543914,0.6693509172888418,-0.28458174224816696,0.12309121180567693,-0.1317608402733658,0.37328634600366944,0.36223295599876637
2025-10-08 10:00:00+00:00,0.47560319259426015,0.6678027700025091,-0.28963295594041344,0.11590440783540307,-0.14350159776686047,0.38236201513005014,0.3570665422447092
2025-10-08 11:00:00+00:00,0.476364522420449,0.6663295322452548,-0.29579005253066404,0.10865159519165642,-0.15548489674033844,0.39163759400071174,0.35281036874459926
2025-10-08 12:00:00+00:00,0.4757925983961162,0.6610515231511314,-0.29666375422469227,0.10342480144369194,-0.164453183414579,0.4002385796064824,0.3497470152985342
2025-10-08 13:00:00+00:00,0.4789835404056438,0.6595749166540207,-0.2951912939888479,0.10277024283751567,-0.16785981400211736,0.40435811291054913,0.34927280398867105
2025-10-08 14:00:00+00:00,0.4804114395352535,0.6581160859222762,-0.29557936595402723,0.10213725321572416,-0.16565943296112087,0.410798392083423,0.3482034083472846
2025-10-08 15:00:00+00:00,0.48358538833669157,0.653300348873928,-0.2888701864775271,0.10341768337705333,-0.16273470245303415,0.4139399117896342,0.34977638757463386
2025-10-08 16:00:00+00:00,0.4841102326218537,0.6485425557249409,-0.28595391105328605,0.10466510560073702,-0.1534819910777428,0.41023835677375575,0.35095024170331107
2025-10-08 17:00:00+00:00,0.48467244790518166,0.645886654524751,-0.2831830182286848,0.10680234516672622,-0.14488156812081218,0.39924947432143837,0.35174570888218154
2025-10-08 18:00:00+00:00,0.4866715948415454,0.643266272237317,-0.27919857206586884,0.10963050435675056,-0.13952727234898712,0.39054877307056945,0.3525202834929232
2025-10-08 19:00:00+00:00,0.4854510603898521,0.6427174188125251,-0.2735293362571601,0.1123415945080661,-0.13191198840606572,0.38206945694456423,0.3534691357843327
2025-10-08 20:00:00+00:00,0.4861321147060908,0.6462841995844222,-0.27011009872106034,0.11511492814985923,-0.1273080853929439,0.37380240807067794,0.3536860611004851
2025-10-08 21:00:00+00:00,0.4868164794779276,0.6498984295989155,-0.26499589959942804,0.11828303047705493,-0.12051723145575435,0.3657390527980016,0.35392015888982414
2025-10-08 22:00:00+00:00,0.4863305389852766,0.6488998706308583,-0.257595838948745,0.12116411493044045,-0.11099754465004563,0.3612193010007839,0.35541473714211486
2025-10-08 23:00:00+00:00,0.4886885831851455,0.646354039257644,-0.2532609536271346,0.125010827532167,-0.10617324030342337,0.35680169518292587,0.3605188505180825
2025-10-09 00:00:00+00:00,0.49471713594102834,0.6430213402268854,-0.2489744373711315,0.12679833149721745,-0.10446610279939017,0.34825629851620427,0.366345095502137
2025-10-09 01:00:00+00:00,0.49496962616835927,0.6313257154406796,-0.25006794651035763,0.12018879642390731,-0.10287250706153478,0.33475062565054337,0.3616880047112194
2025-10-09 02:00:00+00:00,0.48386299899892476,0.6148064213012053,-0.2594132774130218,0.09629824618969474,-0.12041107523406913,0.3178197132107605,0.340658381972723
2025-10-09 03:00:00+00:00,0.4781821193032121,0.617506948661047,-0.2743888361006869,0.10084844257962755,-0.1296702526587922,0.3281070687121367,0.3413245648050006
2025-10-09 04:00:00+00:00,0.4733418123201331,0.617506948661047,-0.28741827757723665,0.09780565464226684,-0.1393872932919963,0.334279229932124,0.33994776260147247
2025-10-09 05:00:00+00:00,0.4642401127903087,0.6171909119589086,-0.30443253849486046,0.08553869241383605,-0.15155786385518183,0.3429317848951439,0.33542219368261933
2025-10-09 06:00:00+00:00,0.44945694891469684,0.6185323437412305,-0.3201960664402273,0.0821749723995128,-0.17375453885207665,0.35022607770025593,0.32950064096592846
2025-10-09 07:00:00+00:00,0.43064685971238015,0.6206258946797615,-0.3359042400812544,0.06764157930626656,-0.19070148691675873,0.3600414081690115,0.32361916621376957
2025-10-09 08:00:00+00:00,0.41568056168872003,0.619797601785588,-0.3477983664430646,0.05835318670161824,-0.20471871475261907,0.3677107257119154,0.3146312461532707
2025-10-09 09:00:00+00:00,0.40571308408189705,0.620669859029817,-0.3554313577545276,0.052095384089963795,-0.21255607282368144,0.37425268493859376,0.3110519546542083
2025-10-09 10:00:00+00:00,0.4013765747208617,0.6216781365922734,-0.3631421355186644,0.046150102677698444,-0.22664134062151675,0.3808274763584306,0.306473076749979
2025-10-09 11:00:00+00:00,0.3944650731425183,0.6218179705431783,-0.37141250099771395,0.04015473491320748,-0.23433991629284273,0.3874380431623529,0.3025727496154903
2025-10-09 12:00:00+00:00,0.3889798576820929,0.6196848123020013,-0.38066278558206396,0.03526530238335026,-0.23623611591786467,0.3916055075514193,0.29985303882522907
2025-10-09 13:00:00+00:00,0.38685844125748386,0.6196848123020013,-0.3793290096014671,0.034477045948061925,-0.23582819335493066,0.39304962394126447,0.29938241289928014
2025-10-09 14:00:00+00:00,0.3848544100989097,0.6193892978579276,-0.378236843278248,0.033174824306105036,-0.2355450005122026,0.39617474761213967,0.2979081237576398
2025-10-09 15:00:00+00:00,0.38296648165632025,0.6190998775006639,-0.3773707216908354,0.03186362620748235,-0.23537795241060497,0.3993860991066692,0.2964658044608136
2025-10-09 16:00:00+00:00,0.3846659804962528,0.6170176724466807,-0.3543970723731471,0.03156951094992786,-0.2297722944727763,0.39385002719454715,0.2972326512670411
2025-10-09 17:00:00+00:00,0.3863955286403218,0.6164209521280849,-0.3399182479030067,0.032258567650926204,-0.2296829425835464,0.3886954710886118,0.2979250792435017
2025-10-09 18:00:00+00:00,0.3871284736823163,0.6158293728985429,-0.3268029055783703,0.03549313637368332,-0.22966565617248136,0.3839041510159511,0.2987987727896974
2025-10-09 19:00:00+00:00,0.38736698830692723,0.6164388121972918,-0.31486739951871484,0.03916873960394793,-0.22458598316834277,0.3815530641698715,0.2996474395763838
2025-10-09 20:00:00+00:00,0.3860699370693796,0.6202077631649918,-0.30396271753925774,0.043425404847534196,-0.21979563270419208,0.3794425581254525,0.30044258937789375
2025-10-09 21:00:00+00:00,0.3731059316638487,0.6196017630286649,-0.3088148528851695,0.028554449841700733,-0.22262735421772958,0.3853720980526828,0.29561050629625774
2025-10-09 22:00:00+00:00,0.37328345788387884,0.6227958510370343,-0.3027082239115601,0.031242038990290173,-0.21808472223993253,0.383618691714227,0.29581981631595894
2025-10-09 23:00:00+00:00,0.3735700171945559,0.6215876359721025,-0.2938041527272889,0.03220780889541341,-0.21597076263608858,0.3782875480670748,0.29029607436207966
2025-10-10 00:00:00+00:00,0.3728243914642661,0.6183012473756376,-0.2852192395825469,0.03012067126556827,-0.21386634535900037,0.3711174623678611,0.28490776180041205
2025-10-10 01:00:00+00:00,0.3716996138839966,0.6063455417687001,-0.2631166119264416,0.027099760931316174,-0.2040584168600958,0.3497142793872879,0.27494928625550474
2025-10-10 02:00:00+00:00,0.371539445536692,0.597815917927733,-0.24939415417652464,0.027782491531846164,-0.19781563023245968,0.3333797992213083,0.2705948735645709
2025-10-10 03:00:00+00:00,0.37072155543432517,0.5961643580113151,-0.24994371215625208,0.04303313322490155,-0.19288056971629103,0.3335789174642193,0.2781280599692845
2025-10-10 04:00:00+00:00,0.3707844271302102,0.5936324466450819,-0.2487836974629625,0.054451013175111626,-0.18704984421470855,0.32859266213747157,0.2829652295425703
2025-10-10 05:00:00+00:00,0.3680642415364339,0.5908752163968087,-0.24522390707084307,0.06568638096453623,-0.1808854900129916,0.3217452055235858,0.2853698020463316
2025-10-10 06:00:00+00:00,0.3545153469580516,0.5878836214065452,-0.2431142942832272,0.06781489609922436,-0.17437212337055258,0.3143775489430365,0.28013872209609464
2025-10-10 07:00:00+00:00,0.3372101203138244,0.5808192924610023,-0.24051131751909297,0.06693352375267524,-0.17430644589689423,0.3064598887550393,0.27318637163525067
2025-10-10 08:00:00+00:00,0.3248400148205395,0.5734989583183504,-0.23740584056829053,0.06629921806613208,-0.17375861764207057,0.2963134704343822,0.2644956801879021
2025-10-10 09:00:00+00:00,0.3180653434606613,0.5670267397022641,-0.2286111221112602,0.06812955109556915,-0.16800938758940456,0.28450119914150496,0.2607306037262648
2025-10-10 10:00:00+00:00,0.31402273553114934,0.561234138304188,-0.21927208666283682,0.07329401108120626,-0.1591968315590137,0.27197819029622267,0.25810280464103996
2025-10-10 11:00:00+00:00,0.3102309044335048,0.5551264236662439,-0.24511078823724028,0.0771414544436933,-0.15257150776924466,0.25868979315892926,0.25645232216260344
2025-10-10 12:00:00+00:00,0.3101269372854532,0.5477003796628442,-0.23154191420231426,0.081849160653329,-0.14196054841281924,0.24314966028215398,0.2559086170981047
2025-10-10 13:00:00+00:00,0.3093523137961359,0.5399016824986943,-0.21613538364290422,0.08677750109162245,-0.12936840524673832,0.2269781922411931,0.2554276132938042
2025-10-10 14:00:00+00:00,0.30895142613298393,0.5317033577581225,-0.20013915111570532,0.09198363369294119,-0.11625677261049788,0.20996021748913665,0.2549314155028465
2025-10-10 15:00:00+00:00,0.30893404725530993,0.5230756330141126,-0.1845884591307149,0.09751428010819438,-0.10258280462314608,0.19197469948215481,0.25439339859127286
2025-10-10 16:00:00+00:00,0.3135075575610932,0.5121648553422739,-0.16431538844333615,0.10543589467011466,-0.08879769910255743,0.16716367015955869,0.25624672718127744
2025-10-10 17:00:00+00:00,0.31868593190674455,0.5027605840785728,-0.14056023648885985,0.11527631269815156,-0.0744040043184774,0.13920959628638838,0.2588589053334367
2025-10-10 18:00:00+00:00,0.3243406321431378,0.4949500222452331,-0.11855107955132609,0.12910101606818544,-0.0535850625690189,0.1100340732909265,0.26111917391786343
2025-10-10 19:00:00+00:00,0.32521726580493193,0.48696179635867753,-0.09301913453924075,0.14331040225122482,-0.03778447581329977,0.08133426050568891,0.2642153032626669
2025-10-10 20:00:00+00:00,0.32648210198388367,0.4746321047566531,-0.06650148967516731,0.15864667873764615,-0.015431278337453617,0.05105148586567234,0.2578699814752735
2025-10-10 21:00:00+00:00,0.32814862956407753,0.4576008241943271,-0.041290362561083996,0.17375318074725804,0.001996318191932717,0.019028990974740586,0.25141942180935456
2025-10-10 22:00:00+00:00,0.330233031250211,0.43869968513750346,-0.014785142343648952,0.1885551145067261,0.02029996877071702,-0.01491001561936849,0.24129382792222095
2025-10-10 23:00:00+00:00,0.330233031250211,0.4346244716462649,-0.005622787357431518,0.1906558170627975,0.026462412061923082,-0.029072173522757983,0.23268345332175883
2025-10-11 00:00:00+00:00,0.330233031250211,0.42763961466990874,0.0013333913688977877,0.18830860574107616,0.026462412061923082,-0.04349990471592927,0.22110556357432948
2025-10-11 01:00:00+00:00,0.3309164369895543,0.4163846713078972,0.01663943044488178,0.18242956265117263,0.033162532105430347,-0.06194605598356023,0.20645105671046932
2025-10-11 02:00:00+00:00,0.34573231779611757,0.35064559770307013,0.08712922162103126,0.1998038983004262,0.06294016650619472,-0.1556179214219464,0.1718163386751759
2025-10-11 03:00:00+00:00,0.35546720807561455,0.29241724422362947,0.15479392816108836,0.24377047017586312,0.11481085475206007,-0.24501718550223878,0.16021643596339336
2025-10-11 04:00:00+00:00,0.3784961747450581,0.21417627350650564,0.2438398021580249,0.30042043665882745,0.1849104288244136,-0.37672689087743283,0.14264791889268386
2025-10-11 05:00:00+00:00,0.36417342284821363,0.21417627350650564,0.22838753589981722,0.29805559232051637,0.17788365848259705,-0.36867052915829984,0.13479160466242562
2025-10-11 06:00:00+00:00,0.3471480183320789,0.21821203211007514,0.21006715200624385,0.29291417149355536,0.16845884030675387,-0.36059426428379143,0.12733161187177555
2025-10-11 07:00:00+00:00,0.32944567848021994,0.2201806703051292,0.1994671096617308,0.28230500014123305,0.15220837954554403,-0.3559917536230301,0.11884691335516336
2025-10-11 08:00:00+00:00,0.3209588735530596,0.22202085220325596,0.1942886264101216,0.27758329918204855,0.14463090887944563,-0.35402177804396456,0.11660123289666652
2025-10-11 09:00:00+00:00,0.31482326006454636,0.22528468624132658,0.18874284996896745,0.27290339359672267,0.13712973439785028,-0.35318090118186707,0.11389444477069188
2025-10-11 10:00:00+00:00,0.3132288389597645,0.22766624280852024,0.18358674817866338,0.2699517271101152,0.1342953192150414,-0.3523692770242633,0.11219396960282747
2025-10-11 11:00:00+00:00,0.31047572533682066,0.2290850540385268,0.1780262640288551,0.26834474047735174,0.1314429414081244,-0.35158809330287666,0.10935562931432255
2025-10-11 12:00:00+00:00,0.30970138879385845,0.2293183608827539,0.17764680245689687,0.2667931607909227,0.13099173690366514,-0.3490682355794645,0.10797688245744448
2025-10-11 13:00:00+00:00,0.3168764501062297,0.22652822235525466,0.18329931352645445,0.2702581073597113,0.13712759588337164,-0.3558441295307361,0.11086063600332252
2025-10-11 14:00:00+00:00,0.3242380463614527,0.2253638947115996,0.1885871026231877,0.27375965037860706,0.14330730739463227,-0.3609473074146035,0.1130956537446527
2025-10-11 15:00:00+00:00,0.3317984092497794,0.22420222232659756,0.19627220653394725,0.2777383079584747,0.14741514554480825,-0.36618548247896865,0.11687285945121861
2025-10-11 16:00:00+00:00,0.33990848931939244,0.22118368964556573,0.20807670207085985,0.2849486033995334,0.15993240282624066,-0.3717933498766113,0.12197737032391022
2025-10-11 17:00:00+00:00,0.3468377878894451,0.2219366638631041,0.21970327611880486,0.29593849054579546,0.1722670952107728,-0.37566490265588676,0.12745231203660748
2025-10-11 18:00:00+00:00,0.3528673317675243,0.22592787624215516,0.23116660127661798,0.30792134610262917,0.18443576016003302,-0.3778858929740751,0.13282104242785836
2025-10-11 19:00:00+00:00,0.35873489167598166,0.23423236573626421,0.24248100783686935,0.31794445799391796,0.20381245384791039,-0.3775607237356691,0.13870908694578787
2025-10-11 20:00:00+00:00,0.36444677749099175,0.2442182433664658,0.25366055143575256,0.3276144566919025,0.21128614880787022,-0.37724944805979627,0.14791661583647542
2025-10-11 21:00:00+00:00,0.37000895346396767,0.25486933004106893,0.2647190792393386,0.33695579357514505,0.21856091973922134,-0.3769517987906803,0.15711625413165686
2025-10-11 22:00:00+00:00,0.37608043524068024,0.26094588469474106,0.27305203421764485,0.34485832506920794,0.22564456346178885,-0.3766675173414485,0.16103669196355902
2025-10-11 23:00:00+00:00,0.3814051049285515,0.2580422048572654,0.2842761433887652,0.3508038270963992,0.2325444522195729,-0.37639635336990507,0.1593869128165287
2025-10-12 00:00:00+00:00,0.39516238619648714,0.2580422048572654,0.30642187402633203,0.3640926614358701,0.24396262151911435,-0.37639635336990507,0.16703305129863372
2025-10-12 01:00:00+00:00,0.40136725633191006,0.24594060406126433,0.3296589123552648,0.3718038738574825,0.268094818672571,-0.3749181711425417,0.16923806214862827
2025-10-12 02:00:00+00:00,0.37875500252549754,0.2217616621101597,0.3260454663708487,0.3555115374187329,0.26391143279774076,-0.36970481580035497,0.1310325185919949
2025-10-12 03:00:00+00:00,0.36449438732079115,0.2327146604363813,0.30025962039011295,0.34219659286242243,0.2161568250348256,-0.36970481580035497,0.12031783022956434
2025-10-12 04:00:00+00:00,0.3586852893381472,0.2358980076062341,0.28491087526768943,0.3347797047681662,0.19420636297933902,-0.3668842387415126,0.11251585129044343
2025-10-12 05:00:00+00:00,0.3516453960827173,0.23906466935796847,0.2640299906400065,0.3272962868014231,0.17212916099419948,-0.3668842387415126,0.1003876627256494
2025-10-12 06:00:00+00:00,0.3457038754742047,0.24669164191125942,0.24307365437506415,0.31639082412536046,0.14989655022683038,-0.3692349927671371,0.09265010755756577
2025-10-12 07:00:00+00:00,0.32609973261770503,0.24669164191125942,0.22201791510960017,0.3022312524035003,0.1376503005379542,-0.3692349927671371,0.08670111924336449
2025-10-12 08:00:00+00:00,0.3162551253413864,0.253622830610822,0.2071391056081961,0.29481632301751987,0.1316694756961956,-0.36522450016471003,0.08541984322870684
2025-10-12 09:00:00+00:00,0.3100788417057257,0.2557226485120327,0.1993113404111095,0.28985985492342237,0.12657010041394487,-0.3651185027245208,0.08220505893489699
2025-10-12 10:00:00+00:00,0.3037986397183639,0.2557226485120327,0.1940522453311586,0.28603293331882174,0.11830387015352906,-0.36502163512149055,0.07780314228500872
2025-10-12 11:00:00+00:00,0.29963177466955937,0.2573592730305816,0.18875550584698889,0.282224579986423,0.1099813838702722,-0.36502163512149055,0.07405936614097682
2025-10-12 12:00:00+00:00,0.2983101596242414,0.2590153238962904,0.18645985821524216,0.28136063020278534,0.11045323238131706,-0.3555118363179704,0.07337014178912894
2025-10-12 13:00:00+00:00,0.30176730745318325,0.2590153238962904,0.19294923974703423,0.2836374525235279,0.11626622812907854,-0.35305361902906685,0.07538592977236665
2025-10-12 14:00:00+00:00,0.3038142563637649,0.2590153238962904,0.19963510771825813,0.28593766606330806,0.1183067972585026,-0.35063082664677314,0.07706470060586258
2025-10-12 15:00:00+00:00,0.30619205018681883,0.2590153238962904,0.20621483943631594,0.2878472895477037,0.12034540487859335,-0.35063082664677314,0.07827950512987918
2025-10-12 16:00:00+00:00,0.31517735301089594,0.2598274047611386,0.21803017675072836,0.29203874868621565,0.1271976494688616,-0.3567648442953902,0.08167341529336454
2025-10-12 17:00:00+00:00,0.3206010018794043,0.257431475828167,0.22995118839670717,0.29616567893243745,0.13388876258905028,-0.35886297339414447,0.08501330320819087
2025-10-12 18:00:00+00:00,0.32550266204677186,0.2580065744730937,0.2481024898965626,0.3017575899824578,0.1470116101852928,-0.3609310356653541,0.08677086593754631
2025-10-12 19:00:00+00:00,0.33029909955798425,0.25961338587584487,0.2550793999162612,0.3066185426729237,0.15946738540315605,-0.36296953011724903,0.08850591793643742
2025-10-12 20:00:00+00:00,0.33499339503394937,0.26765026136130154,0.2627189999644577,0.31220437534693146,0.17131916799131947,-0.3649789429103583,0.09060243228783732
2025-10-12 21:00:00+00:00,0.340683174588501,0.2775858132798404,0.2716670104557777,0.31736051953926137,0.17694348785125924,-0.36481203983133803,0.09417364985024886
2025-10-12 22:00:00+00:00,0.3451520553945123,0.28256725190816323,0.2803820415213962,0.32243923897630616,0.18244693093186756,-0.36465591043832773,0.09462125826224567
2025-10-12 23:00:00+00:00,0.3546486062063678,0.2767418472230646,0.2968665153207688,0.32243923897630616,0.20106522973221488,-0.36465591043832773,0.09638685674208251
2025-10-13 00:00:00+00:00,0.36018763056454023,0.27298668459673514,0.3200094350678948,0.31935286628576015,0.2201121078136596,-0.3684804868938905,0.10174387133581875
2025-10-13 01:00:00+00:00,0.37098292172046937,0.26819052254732056,0.3339779217091264,0.30867465094293633,0.24247710612321513,-0.3736874191360036,0.10237766686465552
2025-10-13 02:00:00+00:00,0.35540890791839314,0.25277118743554433,0.32714909547871307,0.2922720355149892,0.23055772144452932,-0.37338820359500535,0.07310210748650171
2025-10-13 03:00:00+00:00,0.3344520245019705,0.25277118743554433,0.29959512425892326,0.2968101370837203,0.21497062840677766,-0.3634503423486363,0.06069331329334282
2025-10-13 04:00:00+00:00,0.3151234739267907,0.25426139074081744,0.27107582327741,0.2981952310167742,0.18822391808262076,-0.3542023119265314,0.058671420535895635
2025-10-13 05:00:00+00:00,0.29969098662825033,0.25032997478635227,0.24860775207392144,0.2981952310167742,0.1667166128951337,-0.3513840438869602,0.05281629563567045
2025-10-13 06:00:00+00:00,0.28568920398464603,0.25032997478635227,0.22587129372620937,0.30072160445607127,0.15460064695401088,-0.3461447661799812,0.05696892534805573
2025-10-13 07:00:00+00:00,0.26558007956428087,0.25032997478635227,0.20343304173632942,0.30072160445607127,0.1425315083542641,-0.3388492023871547,0.05914169756991543
2025-10-13 08:00:00+00:00,0.25455659022232235,0.25807237075471373,0.19386853349420685,0.30063692033832556,0.13494610893787884,-0.3313561864739224,0.06554054065065672
2025-10-13 09:00:00+00:00,0.2468718771962329,0.2625560862725301,0.18408043894619217,0.2989491882652125,0.12975219463423332,-0.3300567077254319,0.06554054065065672
2025-10-13 10:00:00+00:00,0.24075877729773115,0.2625560862725301,0.17333460917127808,0.2976257898774028,0.12128150755291296,-0.32976568091041125,0.06467715562494022
2025-10-13 11:00:00+00:00,0.2325344408954602,0.2645406435804851,0.1626061858966805,0.2976257898774028,0.11792189007456816,-0.32954574637704254,0.06381315252503454
2025-10-13 12:00:00+00:00,0.22945073083469206,0.26404371776487273,0.15888834710510807,0.296927582716054,0.1112611793972943,-0.3259351160888347,0.062352620305777144
2025-10-13 13:00:00+00:00,0.2318405491061486,0.26350908361278735,0.16366785610658335,0.29753896333835184,0.11306570401953507,-0.3304476698889205,0.06270072677526471
2025-10-13 14:00:00+00:00,0.23387535657829872,0.2629775307844258,0.16858088121759074,0.29815316252834895,0.11306570401953507,-0.3351064387449459,0.06304938638096905
2025-10-13 15:00:00+00:00,0.24039788745728474,0.26118709465730666,0.17475926932110006,0.29843127526361335,0.11838632995091282,-0.33689641903640916,0.06193313984297709
2025-10-13 16:00:00+00:00,0.2454133149268031,0.2594470328894079,0.1838457727314857,0.2986936956854994,0.12360001195043344,-0.34173920082783105,0.062086526053821166
2025-10-13 17:00:00+00:00,0.24984497800515096,0.2577568286748594,0.1927671788499116,0.2983593386555221,0.13532763828726682,-0.34629436279591524,0.06350292930827665
2025-10-13 18:00:00+00:00,0.2540483845628783,0.256201880401834,0.20211735950010953,0.30012624365444324,0.1402032828096061,-0.347938783649435,0.06474259460599088
2025-10-13 19:00:00+00:00,0.25961943165791623,0.25843359833096247,0.2111202917293288,0.30249129910910966,0.15119171601477824,-0.34958449615252074,0.06744524039701785
2025-10-13 20:00:00+00:00,0.26517215625933566,0.26427571744494804,0.22142612847130466,0.306679021787962,0.16171723661973977,-0.35136608866497143,0.07016192974734542
2025-10-13 21:00:00+00:00,0.27048194621096944,0.2708332607098608,0.22980724505948566,0.31222666978824287,0.1702158708725304,-0.35312013863344466,0.07136911444337989
2025-10-13 22:00:00+00:00,0.2744333828166237,0.2726212711279162,0.23768224617865424,0.31582452581423687,0.1789208708795375,-0.3548470437749413,0.0688895893587693
2025-10-13 23:00:00+00:00,0.2787239494459357,0.2658036675773569,0.24957185861174627,0.3105503311676469,0.1789208708795375,-0.3570469767925407,0.0688895893587693
2025-10-14 00:00:00+00:00,0.28669872684605313,0.2577147484655103,0.26162932900552566,0.3105503311676469,0.1789208708795375,-0.36092707729175777,0.07059610314383724
2025-10-14 01:00:00+00:00,0.29318692624983617,0.24643601979973087,0.2808772808435505,0.3036294295064203,0.18961691718773102,-0.36995833616395274,0.06525781824825123
2025-10-14 02:00:00+00:00,0.2746750499081345,0.22597899251236164,0.26501556818191074,0.27826354371108425,0.18635236332033506,-0.3711904723209688,0.028773192462553974
2025-10-14 03:00:00+00:00,0.2603180407361495,0.22597899251236164,0.24052073236621044,0.27826354371108425,0.18635236332033506,-0.3593736137639005,0.025381432874898097
2025-10-14 04:00:00+00:00,0.2511912489889556,0.2340537061356414,0.22097827006935125,0.28165406631505335,0.169575687746814,-0.347111724362063,0.03311834018129919
2025-10-14 05:00:00+00:00,0.23899901303646034,0.23863631046153522,0.19904232248951925,0.28165406631505335,0.169575687746814,-0.34052624257205183,0.03311834018129919
2025-10-14 06:00:00+00:00,0.22929373215704718,0.24837797861988364,0.17294606349554761,0.2873899884455792,0.15709955675230544,-0.33132723546643467,0.04613289655571236
2025-10-14 07:00:00+00:00,0.21779034331068323,0.25813041663959657,0.1527187309157942,0.2945231143536392,0.14460864483830468,-0.32562902990978576,0.052923149632056216
2025-10-14 08:00:00+00:00,0.20989784638975187,0.2633311427039922,0.13506417676872862,0.2945231143536392,0.13209892603944534,-0.31988742663007763,0.05975744519839444
2025-10-14 09:00:00+00:00,0.20443449267505517,0.2690473908427114,0.12697950702650668,0.2945231143536392,0.1265463131750407,-0.31827701833261085,0.06385365821114264
2025-10-14 10:00:00+00:00,0.20159866884942698,0.27348860547279846,0.1201603291850649,0.29600624014000454,0.12098975675486516,-0.316700413556138,0.06769229284652059
2025-10-14 11:00:00+00:00,0.19875915459274335,0.2779469910574831,0.11017260521482776,0.29749084903553374,0.11542747778209708,-0.3151603018407393,0.07237778961544016
2025-10-14 12:00:00+00:00,0.1988780469161628,0.2771328962514584,0.11057370813812178,0.29635440897536297,0.11575365637421617,-0.3133067949323808,0.07113704869580631
2025-10-14 13:00:00+00:00,0.198996563888213,0.2763315912070281,0.11072550094782019,0.2952376469209907,0.11607499326608747,-0.31149272224647695,0.07026091965314346
2025-10-14 14:00:00+00:00,0.19911466616698373,0.2755427740570146,0.11111576293634033,0.2948983173766652,0.11639159665747037,-0.3081339130384379,0.06996658955117584
2025-10-14 15:00:00+00:00,0.20120325233260455,0.2675438513441792,0.11626112841566259,0.2926373175192817,0.11911370621018433,-0.2978926545800691,0.06802846092852569
2025-10-14 16:00:00+00:00,0.20325397052214503,0.26374645671592695,0.12127971118995122,0.2904159021937738,0.121784584344081,-0.3013007701316889,0.06612402616338328
2025-10-14 17:00:00+00:00,0.20705515136416228,0.26001973398038103,0.12885268528693683,0.28823302282036667,0.11622742819198947,-0.3046332660653952,0.06425239980043652
2025-10-14 18:00:00+00:00,0.21077294531360044,0.2596700707517855,0.13615671723393613,0.2901803603542264,0.11886441060574993,-0.306171430513105,0.0651490047104277
2025-10-14 19:00:00+00:00,0.21587258867756923,0.2619910371192393,0.14070219670624784,0.2935926577884459,0.12145295634384203,-0.3055173637583393,0.06734023693760482
2025-10-14 20:00:00+00:00,0.22083419060053042,0.2642690474518773,0.14759150231789087,0.298051311707743,0.1239943919913214,-0.3048748195836196,0.06949338693540892
2025-10-14 21:00:00+00:00,0.2256635175512805,0.2665052855003768,0.15187602531989136,0.30239022969235074,0.13230367256250333,-0.3042434921920589,0.07032536480975424
2025-10-14 22:00:00+00:00,0.2303660071966122,0.26611304486274595,0.15838701355933646,0.3055410641989561,0.1346624298659876,-0.3036230866322944,0.06572062765513882
2025-10-14 23:00:00+00:00,0.23360672094517687,0.2625322049780868,0.15968712255755071,0.3033195221067845,0.12929884820955628,-0.30301331831556505,0.05546331592320053
2025-10-15 00:00:00+00:00,0.23113486547867823,0.255258990909653,0.15777078544917653,0.2959043315234934,0.12405101826634193,-0.3024139125606033,0.04701857979697456
2025-10-15 01:00:00+00:00,0.22990180040853336,0.24205245961349092,0.15377442611534914,0.28244233233955157,0.12825994251390163,-0.30040117805463656,0.02928205889505419
2025-10-15 02:00:00+00:00,0.24973554271666384,0.23406764020349394,0.18377721580271683,0.28141696256299353,0.15344114922753727,-0.3101317702283078,0.03907863276479377
2025-10-15 03:00:00+00:00,0.23942694179583823,0.24812212384911986,0.1582680458490801,0.29085461970193854,0.16997980258975637,-0.3101317702283078,0.042291958143789776
2025-10-15 04:00:00+00:00,0.23119205185201847,0.2600113549026012,0.14050991695129006,0.2964065223621502,0.15426588415139963,-0.30688565396212475,0.054074417560706786
2025-10-15 05:00:00+00:00,0.21468722917961885,0.2536837090608172,0.1190225083834262,0.2990740909889718,0.15426588415139963,-0.30688565396212475,0.058085103405741974
2025-10-15 06:00:00+00:00,0.1975832582801272,0.24308892001373764,0.09727808295493294,0.2990740909889718,0.14211898465509995,-0.30688565396212475,0.0622779825532377
2025-10-15 07:00:00+00:00,0.18325271246883362,0.23743709024857337,0.07667271251920758,0.29583049334178035,0.1457700525421278,-0.30990374245002517,0.06309315091227402
2025-10-15 08:00:00+00:00,0.1644044546374537,0.23280555452805543,0.06451847512473474,0.28904161894093267,0.1374041821725147,-0.31228297661167553,0.0649639855387607
2025-10-15 09:00:00+00:00,0.15379156184747517,0.23072573323757825,0.05449971034027672,0.28573162917545447,0.1374041821725147,-0.31228297661167553,0.06805139556230053
2025-10-15 10:00:00+00:00,0.14520498701674586,0.22922156758974072,0.0449120773351215,0.28423905245357656,0.1374041821725147,-0.3129080736885391,0.07290463925551693
2025-10-15 11:00:00+00:00,0.1362779581688917,0.2277128008293459,0.0344559069830823,0.28274758800538985,0.1319360087408903,-0.3135358007549201,0.07671543447007846
2025-10-15 12:00:00+00:00,0.1398304021860139,0.22889982712471113,0.03579140731873223,0.28303731718392133,0.13303606840831003,-0.3116408055135171,0.07597228180615934
2025-10-15 13:00:00+00:00,0.1409810716886407,0.22889982712471113,0.03712917050955298,0.2833291074714388,0.1341544167068291,-0.3097768578652264,0.07523562617066044
2025-10-15 14:00:00+00:00,0.14216693016875814,0.22889982712471113,0.038985291648807825,0.2836229681009022,0.1341544167068291,-0.3056979094480927,0.0746684936730786
2025-10-15 15:00:00+00:00,0.15050644059477558,0.22889982712471113,0.04952114701472955,0.2857005600445501,0.14190657290357048,-0.2944943683138213,0.068513046530674
2025-10-15 16:00:00+00:00,0.16118979733903663,0.22889982712471113,0.06412411634660944,0.2877813188495191,0.14190657290357048,-0.2944943683138213,0.0636357728839441
2025-10-15 17:00:00+00:00,0.1707142734844754,0.22889982712471113,0.0821673334578267,0.2877813188495191,0.14190657290357048,-0.28965519449898935,0.058845871559044034
2025-10-15 18:00:00+00:00,0.17734827703969258,0.23161974670518226,0.09312046335400159,0.28457688516236623,0.14190657290357048,-0.2860052677742935,0.055268318455961425
2025-10-15 19:00:00+00:00,0.1792271914121731,0.23161974670518226,0.10712734254036327,0.2813644169147781,0.14190657290357048,-0.2823458749768715,0.05166673466173399
2025-10-15 20:00:00+00:00,0.18328027295364868,0.23008285263056497,0.1211281217088199,0.2779583191482712,0.14190657290357048,-0.2786765673129505,0.04457308224753895
2025-10-15 21:00:00+00:00,0.18730314731358896,0.23008285263056497,0.1323307542351111,0.2745294238688271,0.1341544167068291,-0.2749968851189343,0.03732072650046135
2025-10-15 22:00:00+00:00,0.19378423040785758,0.22734872103324438,0.14366542731101561,0.27190724539714595,0.12645477880521372,-0.2713063573539179,0.03341620870760307
2025-10-15 23:00:00+00:00,0.20590546033772128,0.22734872103324438,0.160165672348426,0.2740292638367635,0.12645477880521372,-0.2696542148698902,0.032054788178436
2025-10-16 00:00:00+00:00,0.22292230266478363,0.24647450405120352,0.1721245761137077,0.2942699258752079,0.15262434817042547,-0.2611746030728615,0.059455760428612364
2025-10-16 01:00:00+00:00,0.25659714742792933,0.2682786844690994,0.20047147068143392,0.32195751261547034,0.1795325200815178,-0.25270864186610265,0.0873194897067672
2025-10-16 02:00:00+00:00,0.28847618968125055,0.29023698493537986,0.23866430166604202,0.35369498487117906,0.19718084093744837,-0.2440350258468998,0.11233975540129786
2025-10-16 03:00:00+00:00,0.2678214956997304,0.2867511463196017,0.20792729965307755,0.3411328273817181,0.17878290687040846,-0.2621059317007665,0.10661495321962806
2025-10-16 04:00:00+00:00,0.2552057758022634,0.28242291452702845,0.19301064631589052,0.3351461476491,0.1749712880403519,-0.27355115448264755,0.10053106095523669
2025-10-16 05:00:00+00:00,0.24193051641406807,0.27807066020021176,0.177280655211893,0.3284079980021589,0.1711361867206974,-0.2806838360932936,0.10014663315651239
2025-10-16 06:00:00+00:00,0.23705631793160625,0.27449838954821826,0.1620351283139596,0.32368639033021296,0.16727702919572177,-0.2879479005833903,0.10940631474265167
2025-10-16 07:00:00+00:00,0.23155728329139047,0.2756059765208862,0.14981205111540674,0.32802022106341727,0.1754622621362249,-0.2965410098256516,0.11697262993959427
2025-10-16 08:00:00+00:00,0.22290768334793726,0.2822323314229413,0.13357223733320384,0.33133081570859474,0.1837783423232463,-0.30529271887650417,0.1260265617431909
2025-10-16 09:00:00+00:00,0.22178585489941524,0.2825732509720458,0.12639656942756278,0.33215903541008884,0.1863182326079617,-0.30555868621545934,0.12999383748395582
2025-10-16 10:00:00+00:00,0.2179104399705341,0.2801347493590995,0.11916325750877481,0.3314330917628582,0.18205212619943564,-0.3073039642065762,0.1324445898531287
2025-10-16 11:00:00+00:00,0.2150467156133441,0.27769634244517993,0.11327035021288191,0.3303141328508465,0.18323428179870635,-0.3078504134589586,0.13382896613415074
2025-10-16 12:00:00+00:00,0.2155321308969157,0.27769634244517993,0.11620023537905137,0.3303141328508465,0.18189032067387598,-0.3053605654008096,0.13334530109877812
2025-10-16 13:00:00+00:00,0.21877365814612762,0.273733433227476,0.12451079837011948,0.3290053373149054,0.18396860613086594,-0.2931081139187605,0.1308817068242351
2025-10-16 14:00:00+00:00,0.2240015776814585,0.2698372605407967,0.1326116834341025,0.32921247846319507,0.18604301200072873,-0.28160544625939365,0.12848667235502187
2025-10-16 15:00:00+00:00,0.22708844928631702,0.2660068165865962,0.1368414909016965,0.3294057273601547,0.18016709229401903,-0.27046565671188755,0.1261722524119546
2025-10-16 16:00:00+00:00,0.21838133796553105,0.26293450055927425,0.11976842612545337,0.3266591129105758,0.1686630197394711,-0.25381499179051425,0.12188567245982038
2025-10-16 17:00:00+00:00,0.20230519663179694,0.2572189220214286,0.09432176209185547,0.3218389818615169,0.18387129680208347,-0.23089518977726434,0.11420344226346596
2025-10-16 18:00:00+00:00,0.18710296400127385,0.24366214101996356,0.06992958185398375,0.30693083019099093,0.18086114467306008,-0.21442765343109438,0.1020427571257429
2025-10-16 19:00:00+00:00,0.17901889943558613,0.22663435859305456,0.061203323255148295,0.2954638054956264,0.1733989324172146,-0.20361916258019777,0.09236171231632134
2025-10-16 20:00:00+00:00,0.16543533622651224,0.2078233856123889,0.052528589387145636,0.27905224263343353,0.16599937694629574,-0.19276882954430904,0.0837856169890078
2025-10-16 21:00:00+00:00,0.15729590844036465,0.19892371608064593,0.04214220295639662,0.2780025185919523,0.15846166393575248,-0.19514604175097494,0.08671284171265137
2025-10-16 22:00:00+00:00,0.14701356243911404,0.18465333107392923,0.03146462188206412,0.26406130059706917,0.1512715147797726,-0.18795108952502823,0.08614551893418283
2025-10-16 23:00:00+00:00,0.14370213241963734,0.17380088304569472,0.021284277675079892,0.2567973497889854,0.15272723695675539,-0.18062159595409183,0.09498131714906939
2025-10-17 00:00:00+00:00,0.16192390134101292,0.18500591978853223,0.018311677320715702,0.27599865909604626,0.16521302979815844,-0.1713240398869072,0.11659367541818146
2025-10-17 01:00:00+00:00,0.19000190952789922,0.19387270441510462,0.019529233333696952,0.29981578395078834,0.17913227647160185,-0.15686866968635152,0.13662393642771828
2025-10-17 02:00:00+00:00,0.20855128729276387,0.19931994573766892,0.027445775490467002,0.31522573729728437,0.20028936457472907,-0.1483582043339666,0.14724534599137162
2025-10-17 03:00:00+00:00,0.18805795050184138,0.1960298008432508,0.01159443207014897,0.30318979967855497,0.19327456512815017,-0.17054025970421227,0.13954059758835102
2025-10-17 04:00:00+00:00,0.1759471595324488,0.1940989460579335,0.007416484839247204,0.29662599439094506,0.1894612359425552,-0.18038083696239587,0.13553995809840974
2025-10-17 05:00:00+00:00,0.16369026146329202,0.18967346915311098,-0.001150317551185126,0.28603611393543954,0.1812557425230275,-0.18681108113885186,0.12971123667451742
2025-10-17 06:00:00+00:00,0.16323492908867285,0.18522795557041424,-0.003029793375165606,0.284041185767577,0.17299871765531322,-0.1934411291236024,0.13619425403276567
2025-10-17 07:00:00+00:00,0.16924890502196177,0.18884703587164853,-0.005019165851839657,0.2855176348950784,0.1761289942374049,-0.20027686750781257,0.14530572710156225
2025-10-17 08:00:00+00:00,0.17032730255455403,0.1949977582290479,-0.006064999466144886,0.28771115700990585,0.18162267356106498,-0.20226891792302717,0.15700390769266945
2025-10-17 09:00:00+00:00,0.17037138761000428,0.1976514219059804,-0.01077224469484966,0.28840327616732064,0.18412447844242483,-0.20235362828742431,0.1612600042382037
2025-10-17 10:00:00+00:00,0.16050561887937562,0.19415743173438607,-0.017203249528541235,0.28377659964188406,0.17490014498280615,-0.19903352789069953,0.16358859793637195
2025-10-17 11:00:00+00:00,0.15082169421691163,0.19076161695213903,-0.023783879866822736,0.2802067889291037,0.17062947841986845,-0.19585585380047216,0.16181739767883566
2025-10-17 12:00:00+00:00,0.14775664327313012,0.18312996974796614,-0.01966703917874477,0.27803045683803135,0.16585767906593835,-0.1880898096078405,0.15941567577090518
2025-10-17 13:00:00+00:00,0.14054293559955217,0.16975195744792315,-0.004971149481009023,0.27294157225065835,0.16946192965397028,-0.16954172371166473,0.1549735803518566
2025-10-17 14:00:00+00:00,0.1395314008581562,0.15682234138695017,0.00914522488057677,0.2674590774781614,0.17303645103972629,-0.1523367427937097,0.15064658386147126
2025-10-17 15:00:00+00:00,0.13854878923478176,0.1505232264861035,0.0149824305597173,0.2572591840809685,0.1616680420390932,-0.13045064267387096,0.14653903639023794
2025-10-17 16:00:00+00:00,0.13744620608525915,0.15507518273470802,0.004711525194991585,0.25852172787603395,0.15911462391357786,-0.10741833816773606,0.1437782783815643
2025-10-17 17:00:00+00:00,0.12600583614097738,0.15656185633063405,-0.00956689598809226,0.25220798092199664,0.17478791817213354,-0.08274460447964732,0.13330055435000285
2025-10-17 18:00:00+00:00,0.10729841308816751,0.14611929543796026,-0.018379713175266946,0.23581395812919254,0.16424116636860028,-0.06396078469280123,0.12061459712623009
2025-10-17 19:00:00+00:00,0.09474270782094042,0.12974012303868615,-0.02571974447298875,0.21456151104090376,0.16572464846924984,-0.0547231604313678,0.1097161742854609
2025-10-17 20:00:00+00:00,0.08243014661436533,0.11736655962934538,-0.032689066406869166,0.19195498029486516,0.16942814009472004,-0.045285485880621326,0.09863984391600104
2025-10-17 21:00:00+00:00,0.07035105710674067,0.09701953880073592,-0.028249797085403677,0.17010597689265722,0.18175000386029985,-0.0356388720364207,0.08737611415786371
2025-10-17 22:00:00+00:00,0.058496160837025635,0.08342569072567246,-0.02980485338416522,0.1538937371683486,0.19405983450679676,-0.025774066597033556,0.08360682970587391
2025-10-17 23:00:00+00:00,0.0698994493189458,0.08599249495551158,-0.006838652652507998,0.15461083779882429,0.2063627878885444,-0.015681425146226217,0.09728874742334205
2025-10-18 00:00:00+00:00,0.08887750569793652,0.10043355472096306,0.016041947242313764,0.16512302094873946,0.23173658281331524,-0.005350880461496045,0.114351629257787
2025-10-18 01:00:00+00:00,0.10584584396307253,0.10977167017649207,0.03303030293112701,0.18142513012784572,0.2462979109239858,0.009484299655878974,0.12935692419637526
2025-10-18 02:00:00+00:00,0.12887263797710385,0.12186015852354902,0.0552044300213804,0.20564615247675555,0.29283307698932926,0.029798476871021162,0.1498805273091986
2025-10-18 03:00:00+00:00,0.12050173905536748,0.12108885260864212,0.02673601386839015,0.19430775761554606,0.2861771367915049,0.012625222783221549,0.1418170622866891
2025-10-18 04:00:00+00:00,0.11661696983399236,0.12174309758241479,0.014658142944113016,0.18838000943230823,0.2824290276426066,0.004598972302035638,0.1375487651305338
2025-10-18 05:00:00+00:00,0.10524177263288662,0.11516405844277965,0.003761774462012134,0.17977508500970624,0.2717773459971363,0.0025159425120891425,0.1339433739317816
2025-10-18 06:00:00+00:00,0.09779663396209813,0.11485728820977663,-0.005996299050295568,0.1738502644555236,0.2664692408638504,0.0011010118103015685,0.14347787286761515
2025-10-18 07:00:00+00:00,0.10145297936525462,0.11600448071833382,-0.01621175755606195,0.17933883793171698,0.2686086090556866,-0.00047208266384708155,0.15592676979345313
2025-10-18 08:00:00+00:00,0.10404616587941608,0.11900799882837618,-0.019236673938734076,0.1821301302982579,0.27104058042856183,0.0005469077834198964,0.1618904628763962
2025-10-18 09:00:00+00:00,0.10391042592574887,0.11688791488387873,-0.022720208700801558,0.1872002259156941,0.2751467930884764,0.009529009728572837,0.1689826696370839
2025-10-18 10:00:00+00:00,0.09780441346001745,0.1151184978362869,-0.029241099450252234,0.18701188125256843,0.2625112379750019,0.011675102012631527,0.17012999886669397
2025-10-18 11:00:00+00:00,0.0911797812868682,0.11310602470990215,-0.033217865920109606,0.18629466424430274,0.25260010345754064,0.020141007983688626,0.17209089757710214
2025-10-18 12:00:00+00:00,0.0895216577706158,0.10629242411878513,-0.024432148510238866,0.1871331866434517,0.24446437454877207,0.03023163750843496,0.17137041533860278
2025-10-18 13:00:00+00:00,0.08677669287122838,0.10047036901905315,-0.01586642840673715,0.1872097016339165,0.24624180962927042,0.039972761438298476,0.17068756644662583
2025-10-18 14:00:00+00:00,0.0840457568787295,0.09769060250221939,-0.006255456970986263,0.18728989514921518,0.24801665105680415,0.04889699411981542,0.17004214307909907
2025-10-18 15:00:00+00:00,0.07840965541239561,0.09280691912860012,-0.001605098373019862,0.18657582238477502,0.23706101394497334,0.06943605104632297,0.16876533206717403
2025-10-18 16:00:00+00:00,0.08447842840174782,0.10217056527167062,-0.011866778445975503,0.18057516036887963,0.22611037862415115,0.09108048487957664,0.16089147040913335
2025-10-18 17:00:00+00:00,0.07399642932767024,0.1011604855540116,-0.021491157360378016,0.17025468915934827,0.21539296167450406,0.11467927259380142,0.14500102196871373
2025-10-18 18:00:00+00:00,0.06368533679911033,0.08993681198342593,-0.018873385960704838,0.151853463847826,0.2048924181701962,0.13007211303166208,0.12903245632399798
2025-10-18 19:00:00+00:00,0.0521061492154801,0.0741507131321358,-0.022496839337603207,0.13654365574484545,0.20833113739012432,0.13613459243306134,0.11509975920837456
2025-10-18 20:00:00+00:00,0.04072403705838593,0.049466086426424964,-0.025784931364893786,0.1165970330674463,0.20129063998359903,0.14220381087304865,0.09911548423671192
2025-10-18 21:00:00+00:00,0.029531090664237303,0.022363047238397184,-0.021823035754796716,0.09195167887177218,0.2044462608288689,0.14828225011174873,0.07991261897869759
2025-10-18 22:00:00+00:00,0.018519676006282758,0.0010297172437774141,-0.018477740879696038,0.07087604043162607,0.2137603976161346,0.15437239044786064,0.0714883257614036
2025-10-18 23:00:00+00:00,0.02217482545492319,0.0013130368078930349,-0.007637394162303312,0.061831337948875666,0.2163420011456563,0.16047671587510007,0.08132785356386296
2025-10-19 00:00:00+00:00,0.0369712530144616,0.010393572938851696,0.010843451868362443,0.06309626594780963,0.2344625826527578,0.16659771921545757,0.09300443375128936
2025-10-19 01:00:00+00:00,0.06669646400670991,0.03265819032521161,0.01300204086505897,0.06954450888409196,0.22610701733759886,0.17284304266513675,0.1084278273696544
2025-10-19 02:00:00+00:00,0.09664809525626608,0.04748317045906306,0.020733763079787772,0.07473224272189435,0.220701241360959,0.17452499102473013,0.12312144658145127
2025-10-19 03:00:00+00:00,0.07590375587896556,0.03298059310155568,-0.0015150341034325901,0.07221977409130528,0.2273206528720483,0.17457951638884026,0.11853179519260539
2025-10-19 04:00:00+00:00,0.06477073641656246,0.029964385653529622,-0.015683417985457266,0.0708552076841063,0.2303684349686177,0.17378345165317252,0.1160079063696875
2025-10-19 05:00:00+00:00,0.046724166460602456,0.021189833758561035,-0.020058630539104526,0.06667084921486927,0.23588428829495983,0.1786232095649615,0.11899638128662969
2025-10-19 06:00:00+00:00,0.029236114964756803,0.016933348166787564,-0.02468455762117473,0.068422008449427,0.2414495662965254,0.18694398063320017,0.13040595371585006
2025-10-19 07:00:00+00:00,0.028705135578383695,0.02352407797947569,-0.029566547331230795,0.07954723100627285,0.24706610201918175,0.1955300731306961,0.1445684328179551
2025-10-19 08:00:00+00:00,0.0322245207990917,0.026913937657561157,-0.032196722732251944,0.08681759534105477,0.24954821659462942,0.20146488190147763,0.15130145831152814
2025-10-19 09:00:00+00:00,0.0330574745413148,0.02905413316328152,-0.03264747930877102,0.0916542996290838,0.2520352665203758,0.2072402898973699,0.1582072049732146
2025-10-19 10:00:00+00:00,0.03272287649012617,0.03128644850256027,-0.036452566292423674,0.09399847908996337,0.2511800228720272,0.21294731254074378,0.16314205379570998
2025-10-19 11:00:00+00:00,0.03043079794992677,0.03035338230984267,-0.035555007263540835,0.09698300997992837,0.24572514324906555,0.22578949470614731,0.16860793516135486
2025-10-19 12:00:00+00:00,0.03379992011395811,0.02659544303496998,-0.02651944645829415,0.09342254869972215,0.24760979237361572,0.23296007784851147,0.1679341294374056
2025-10-19 13:00:00+00:00,0.03605413223318282,0.022902865201668846,-0.017645173516356964,0.0899329123622946,0.24949062352575824,0.24010017602396816,0.16734892901711731
2025-10-19 14:00:00+00:00,0.04668542385617595,0.010693017439628924,-0.00420601573580987,0.09028192831541272,0.23657565458351879,0.2566884512927085,0.1669624402551786
2025-10-19 15:00:00+00:00,0.04558153392084331,0.006029439005086588,-0.0009458058194020145,0.09141917255328158,0.2240952423486378,0.27280108254610597,0.1634821285357497
2025-10-19 16:00:00+00:00,0.03623294767502888,0.002077348802709479,-0.005645574369679215,0.08415567875710486,0.2288361485191285,0.2990076556221574,0.14860050758922838
2025-10-19 17:00:00+00:00,0.02018498075641621,-0.005553574548035529,-0.009834244026900986,0.07687304700474955,0.21734039225731142,0.3133349406638471,0.12984424029968686
2025-10-19 18:00:00+00:00,0.004567434560159441,-0.01748386598428052,-0.02052406796165309,0.06358436826457806,0.19970795798481755,0.32348452099203373,0.11102880564181478
2025-10-19 19:00:00+00:00,-0.010643823302184798,-0.029524034625359807,-0.02379927168318435,0.04727562762071667,0.18160134615848722,0.33375884400646366,0.09213153258874823
2025-10-19 20:00:00+00:00,-0.020906542278328635,-0.054190967427451046,-0.02952149208372984,0.027472730998787144,0.1665185179252343,0.3437513049229427,0.07947145230205596
2025-10-19 21:00:00+00:00,-0.03498724738071756,-0.08184736409378116,-0.03503569976306045,0.0038718065106415184,0.1678530954434918,0.3502075078055826,0.062479591876657234
2025-10-19 22:00:00+00:00,-0.04500324815980491,-0.09938113032764229,-0.03340673825642957,-0.016442295955818167,0.16899093413329108,0.35671226689806323,0.05518594130118368
2025-10-19 23:00:00+00:00,-0.047362145823069274,-0.10153637579646069,-0.03139136530123964,-0.015758965254785134,0.1699335185098052,0.36326827001740575,0.07049209484570335
2025-10-20 00:00:00+00:00,-0.03451714636843363,-0.09379936190359424,-0.022158167799233165,-0.004688229375917827,0.1706820504176911,0.37999738508429903,0.08502485654570432
2025-10-20 01:00:00+00:00,-0.017870100859462695,-0.09011569180899866,0.007049855110914105,0.012549755231200015,0.16598008968731684,0.39547657514198653,0.09189961356026187
2025-10-20 02:00:00+00:00,-0.0019940337179016306,-0.08653579181716929,0.024227866914587223,0.024848909782415083,0.16102499012537974,0.40547456767434725,0.09890922174904315
2025-10-20 03:00:00+00:00,-0.014708013262292395,-0.08900278245990066,-0.0013851528682312943,0.01270804439767254,0.15496183337919503,0.4036090007063176,0.09758260076428703
2025-10-20 04:00:00+00:00,-0.021205344225480878,-0.09151771686164402,-0.0156729479032443,0.006167979679574095,0.16488898235253202,0.4017114999069853,0.09637716990353538
2025-10-20 05:00:00+00:00,-0.027654741083160708,-0.0889287340385833,-0.02504696410187428,-0.001395998647810032,0.16119058995006066,0.4020537858400873,0.09164553303779542
2025-10-20 06:00:00+00:00,-0.03413650806246176,-0.08187745784588911,-0.023792632282217476,-0.01252092644032287,0.16412532393700588,0.40242590411449375,0.09434376445700811
2025-10-20 07:00:00+00:00,-0.029901254190243472,-0.07267238903968191,-0.02267037512623994,-0.017894941265663506,0.16725554049593788,0.4028283521397433,0.10670706962732697
2025-10-20 08:00:00+00:00,-0.026208902434620682,-0.06897344584157501,-0.020681806107354348,-0.01579611466106845,0.16690327183433562,0.40248981029417913,0.11114213485084122
2025-10-20 09:00:00+00:00,-0.024070499464774252,-0.06644408056268811,-0.018770791707378585,-0.013661298710186067,0.1666471754811208,0.40300835358725196,0.11606936878830466
2025-10-20 10:00:00+00:00,-0.025082746788227254,-0.06638411043579122,-0.012666758509662208,-0.011535397430388152,0.1628049485903249,0.4052094713510363,0.11491900139857042
2025-10-20 11:00:00+00:00,-0.020765113918078407,-0.06625145058280578,-0.006759519941867909,-0.014211800839773435,0.1559323979979236,0.4074275819957776,0.11388742558904416
2025-10-20 12:00:00+00:00,-0.01859072140902118,-0.06352520706230076,0.007636827161565154,-0.020252529571093886,0.16202370230138224,0.40799355226630374,0.11014839838115702
2025-10-20 13:00:00+00:00,-0.012428944280644911,-0.06081505340647532,0.02140905909699217,-0.019137622736200056,0.16482301280711398,0.4105316610989555,0.1086249857620308
2025-10-20 14:00:00+00:00,-0.002946393335590532,-0.0552956027882358,0.054114080540530476,-0.016882119944099307,0.17303958464623492,0.4179291712453003,0.11005227829465465
2025-10-20 15:00:00+00:00,0.002975452882400836,-0.06071874348256425,0.08281655642751146,-0.015747799892601486,0.1594917679342061,0.4247384306485696,0.11229582250610574
2025-10-20 16:00:00+00:00,-0.011615146240303818,-0.07046370131313341,0.07526369588232532,-0.019830555597492753,0.1459560112380105,0.4489315968737911,0.09861766989701165
2025-10-20 17:00:00+00:00,-0.02584197291275773,-0.08012775806695718,0.055913068660352505,-0.029566060774934618,0.12495071532822721,0.47116252744936626,0.08310303170283108
2025-10-20 18:00:00+00:00,-0.039725020212331395,-0.08971957087383824,0.019173769654738965,-0.048171866713078056,0.111439996916508,0.48565457789735783,0.06749381757082902
2025-10-20 19:00:00+00:00,-0.057427716488961646,-0.09924738986239744,-0.014874039137403493,-0.07146251007996988,0.08956123524534974,0.5001411485063658,0.04629040234004212
2025-10-20 20:00:00+00:00,-0.07087936866476549,-0.11645523225065414,-0.029885573281909817,-0.09062221870699441,0.07061084157360939,0.5129273686427545,0.029307470693674502
2025-10-20 21:00:00+00:00,-0.08738143529398291,-0.133701930755048,-0.04967271450306649,-0.11378405339309994,0.06962994240165296,0.5257999960824913,0.014203826573162461
2025-10-20 22:00:00+00:00,-0.09637511508391354,-0.14127913409250703,-0.051453012083139585,-0.127628648637846,0.07623227576775367,0.5387645998827157,0.01353988077982997
2025-10-20 23:00:00+00:00,-0.09798182048637685,-0.13916453742233317,-0.04646325950922346,-0.12347874234875367,0.0853552748790287,0.5518268883444161,0.02768687967479158
2025-10-21 00:00:00+00:00,-0.0886623553165561,-0.1273278540013347,-0.03547564160591514,-0.1094704239168651,0.09450966012870252,0.570729035132249,0.04591452602769943
2025-10-21 01:00:00+00:00,-0.0723287772250351,-0.11636772910096693,-0.021414212709737257,-0.09365897273658028,0.08698073211954442,0.5959919651511133,0.05938111466244777
2025-10-21 02:00:00+00:00,-0.056738410696349266,-0.1052322208622895,-0.006642769359772414,-0.07629939600905375,0.07984440884458835,0.6143774920185265,0.07257233952785051
2025-10-21 03:00:00+00:00,-0.06994916966186442,-0.10750730238277299,-0.021599811193416946,-0.09020449604916557,0.07452975067661144,0.6100155562569244,0.06524288485263084
2025-10-21 04:00:00+00:00,-0.08353549221780923,-0.11798918724593764,-0.03715551269525226,-0.10449524294292374,0.08463226016971233,0.6065113982640037,0.054731054221917264
2025-10-21 05:00:00+00:00,-0.09037335485727224,-0.11980560735998984,-0.037699888285286795,-0.11613708322548301,0.07381471820305023,0.15790834893581168,0.05696716866960568
2025-10-21 06:00:00+00:00,-0.09394629882980467,-0.12163684450495679,-0.035152913934030194,-0.12799563344876344,0.07516157572219494,0.15660877116986563,0.051809828339898244
2025-10-21 07:00:00+00:00,-0.08617481832125577,-0.12348340319529302,-0.035785113334448705,-0.12976747206034045,0.07660960259045801,0.1561360862122046,0.059558291837273916
2025-10-21 08:00:00+00:00,-0.07865117388653489,-0.11857035425906075,-0.030689736309118358,-0.12647936602547993,0.08049142705063952,0.15567229337251304,0.0666059746106601
2025-10-21 09:00:00+00:00,-0.07296407465794372,-0.1181783125474911,-0.027070417383397015,-0.12382590475507085,0.08001896099902212,0.15523101676686213,0.06884654907534722
2025-10-21 10:00:00+00:00,-0.07132821902548521,-0.11935279988110409,-0.025873203657318156,-0.12267541401051757,0.0775370908326647,0.15393698933200056,0.06598989967725857
2025-10-21 11:00:00+00:00,-0.06983120683355633,-0.12052855328417304,-0.016061999930922596,-0.12539870081083865,0.07516772831853066,0.15331907920064167,0.06266166017407292
2025-10-21 12:00:00+00:00,-0.06365793670116107,-0.1154887508096174,0.002073723737865182,-0.12170308623594327,0.0768586231530987,0.15288836099341596,0.0620403364984451
2025-10-21 13:00:00+00:00,-0.05327218476554507,-0.11053418563592586,0.016910017828492416,-0.11807753748077379,0.07854154046735398,0.15310186747194635,0.06053963259745686
2025-10-21 14:00:00+00:00,-0.029732593722401224,-0.10260417727135628,0.042924915287254235,-0.11421435822287339,0.08166901869309011,0.15368948839668578,0.059391859264692246
2025-10-21 15:00:00+00:00,-0.017800579094174852,-0.0894671952228418,0.06045371375009927,-0.11521025989772243,0.08310934783273873,0.15429005880444865,0.05352499495472444
2025-10-21 16:00:00+00:00,-0.031389539025097384,-0.09346242955049952,0.03980420421084824,-0.11403555880250389,0.07525997747816626,0.15902401544125291,0.0508400456300454
2025-10-21 17:00:00+00:00,-0.05357063535638845,-0.09728694950316921,0.0054314175985377255,-0.11278938841718389,0.07330502337313295,0.1646940468444169,0.044886597669106035
2025-10-21 18:00:00+00:00,-0.0746640120805407,-0.1063643903575427,-0.026110678144005025,-0.11931771175750681,0.0741732796921669,0.16877887565128555,0.03147632632912531
2025-10-21 19:00:00+00:00,-0.1033171075678359,-0.12836622759111144,-0.04948006302183235,-0.14059141499085107,0.06650890617561693,0.1721953540830605,0.015869461557371695
2025-10-21 20:00:00+00:00,-0.12409589616724337,-0.14533603038777584,-0.06552274856618125,-0.16410100710089703,0.06103565461029872,0.17474993576577846,0.0029457420408499826
2025-10-21 21:00:00+00:00,-0.14422617113079644,-0.1623716645306471,-0.07155737514590635,-0.18769669484329404,0.049729013970751745,0.17733538400576637,-0.007894095930810039
2025-10-21 22:00:00+00:00,-0.1617849169043226,-0.16971604835093243,-0.08277808588223945,-0.20433119684616383,0.048788241196733216,0.17995300105846096,-0.0024810837010042644
2025-10-21 23:00:00+00:00,-0.16915998475466804,-0.17130090601982034,-0.08269759433287707,-0.19983986619138455,0.05398298564857177,0.18307911282490652,0.01583781292650074
2025-10-22 00:00:00+00:00,-0.15973141330725488,-0.1538732728497763,-0.0735897673859085,-0.18503178991762217,0.05920372230991338,0.1866836581937267,0.0350569598143789
2025-10-22 01:00:00+00:00,-0.15228788117754422,-0.14287905673277654,-0.050590063438547175,-0.16888271855076545,0.05483134713245267,0.19092463741072427,0.055694523622169936
2025-10-22 02:00:00+00:00,-0.14462695427116776,-0.13169908654978552,-0.04482762428004228,-0.15219188440399917,0.05025240281828355,0.19407818421801984,0.07233583175415652
2025-10-22 03:00:00+00:00,-0.1530100430290689,-0.14224178261826878,-0.0511705452266496,-0.16787151023945684,0.039068900973552534,0.1946572409661807,0.06230835761483967
2025-10-22 04:00:00+00:00,-0.1616008774491547,-0.1530883781596809,-0.06653457950941487,-0.1839927923659408,0.04426755939527321,0.19519461658632495,0.049143839666733906
2025-10-22 05:00:00+00:00,-0.16577236946398788,-0.1599647648502164,-0.06353973236509404,-0.1969579861265173,0.03784611885647353,0.19519536148982483,0.039635249013899365
2025-10-22 06:00:00+00:00,-0.16826794237036458,-0.15952741545648122,-0.05764611943476529,-0.20590637150610827,0.039247122672767684,0.19521909070125792,0.04005441562299144
2025-10-22 07:00:00+00:00,-0.16078963886675818,-0.1549969996029828,-0.0480035785453231,-0.204797290530367,0.03866248025982279,0.19526596019905149,0.04791309280133467
2025-10-22 08:00:00+00:00,-0.1460807708264981,-0.15046343180120025,-0.0432772197691898,-0.19864241398641946,0.042847126028486685,0.19563592345609684,0.05586166974317617
2025-10-22 09:00:00+00:00,-0.13971387317847095,-0.14799075635799092,-0.03611240331350869,-0.19529307549915667,0.041114915586828914,0.1956835882145047,0.05790418904526166
2025-10-22 10:00:00+00:00,-0.1349220105578846,-0.14943429625160032,-0.014932417331745133,-0.19730339721692125,0.03755526351350298,0.19513516351364274,0.055304243459874634
2025-10-22 11:00:00+00:00,-0.13388606260135924,-0.15087873505920762,0.005603818739674488,-0.19925449627651248,0.03521453623060548,0.19461622357337605,0.052728428280135756
2025-10-22 12:00:00+00:00,-0.12553362160560194,-0.15139670382608886,0.02543938183102521,-0.19788998874392402,0.03716392499917145,0.19418643388111176,0.04900606500276995
2025-10-22 13:00:00+00:00,-0.11499174208274879,-0.14619281979594384,0.044022965828888164,-0.19653929433202907,0.03910192494972946,0.19376938958693254,0.05000551613873962
2025-10-22 14:00:00+00:00,-0.0976776654890646,-0.1379822602176434,0.07416591199034822,-0.1933668818408704,0.04283148365369375,0.1935296025670559,0.04997110353472686
2025-10-22 15:00:00+00:00,-0.0771483067675248,-0.12937652858607684,0.09918852488764102,-0.19156164926722888,0.04461582607262168,0.19265633373863067,0.04626734818751174
2025-10-22 16:00:00+00:00,-0.09154105922519319,-0.13230581390614607,0.07703885031558852,-0.1937522013868886,0.03638684466289241,0.19730050754827388,0.03984628368001952
2025-10-22 17:00:00+00:00,-0.10874547199175075,-0.14075425863481314,0.04551911828804072,-0.20121090145134515,0.02822176003289051,0.2005570380938734,0.031213997076723104
2025-10-22 18:00:00+00:00,-0.12912313711556161,-0.1622203007520006,0.021076909101210694,-0.20853409836096296,0.0201136474559433,0.20382453973923131,0.017167252856572494
2025-10-22 19:00:00+00:00,-0.1416084047229091,-0.1789513057090995,0.006279292937721296,-0.21745105403407516,0.01411992547644049,0.2064247282314922,0.0060470598314232545
2025-10-22 20:00:00+00:00,-0.155060708893893,-0.20338527930530534,-0.007361212464173902,-0.23059258638061156,0.008105647045272373,0.20906384010409196,-0.005205665482423542
2025-10-22 21:00:00+00:00,-0.1679618624369562,-0.2377789924371078,-0.01586076651588639,-0.2419902887506767,0.008562031932237682,0.2117433995193362,-0.01659729242230181
2025-10-22 22:00:00+00:00,-0.17922278609994607,-0.24540252593258544,-0.01833805836534744,-0.25331147376092006,0.00915226699632496,0.2144650010233492,-0.015740619927401972
2025-10-22 23:00:00+00:00,-0.18079852343975364,-0.24671042255186384,-0.0230607402364513,-0.2526602221190322,0.014220901919536306,0.21843472559308064,-0.0009406241899352248
2025-10-23 00:00:00+00:00,-0.18980759375305226,-0.25227392299018264,-0.0445538483007474,-0.2644833729678228,0.012594240572356379,0.21909710698730275,-0.0058724856825325454
2025-10-23 01:00:00+00:00,-0.1971409113438539,-0.25881820734616384,-0.049363481621428375,-0.2783219388294238,0.006544391487858998,0.2187929444623781,-0.012753638516375957
2025-10-23 02:00:00+00:00,-0.2022768093779366,-0.2654874829991451,-0.057155890806738746,-0.28755023270672064,0.004830032344846624,0.21844682791454922,-0.019380213555449357
2025-10-23 03:00:00+00:00,-0.20751001990989962,-0.27228478631152775,-0.06209479735038957,-0.2924528002319523,0.0038651626616982614,0.21857518777534293,-0.02465309431209125
2025-10-23 04:00:00+00:00,-0.20858897367601192,-0.2749893703084724,-0.0587337831948688,-0.2986566073215594,0.002164400472068392,0.21806259022461255,-0.02986668417909279
2025-10-23 05:00:00+00:00,-0.20972754058121584,-0.2777695981815841,-0.05352340606419151,-0.3028263335302973,0.00046625460675269706,0.21755434306711535,-0.03407979223538869
2025-10-23 06:00:00+00:00,-0.21092627510310202,-0.2781696780945371,-0.045894918102795966,-0.30699481973231274,-0.0012293641764973301,0.2170504035578883,-0.033784302641956906
2025-10-23 07:00:00+00:00,-0.2092210704777608,-0.27564416142916603,-0.03931504325457498,-0.3085055173806273,-0.002922544361473946,0.21663988896076194,-0.031830781781643426
2025-10-23 08:00:00+00:00,-0.20543748238283818,-0.27312669857117927,-0.032472375476341304,-0.3085907967467062,-0.004613373698411217,0.2165506383537483,-0.028499754785364224
2025-10-23 09:00:00+00:00,-0.2021195987060802,-0.27312669857117927,-0.022826408010601835,-0.3062236927469157,-0.007425232845627426,0.21625172077054408,-0.028499754785364224
2025-10-23 10:00:00+00:00,-0.19690701835778437,-0.27338109735110355,-0.007884057779496254,-0.30883446066330317,-0.009066424685955888,0.21560058243038466,-0.030530193702769118
2025-10-23 11:00:00+00:00,-0.19301795635261598,-0.2786401476264014,0.006639907467943532,-0.3057254002124811,-0.010697070759856124,0.21466729945951601,-0.03253102329003314
2025-10-23 12:00:00+00:00,-0.18567190693299052,-0.2788645134170141,0.02261481439266874,-0.30267489845243717,-0.012317399843733952,0.21443915976859018,-0.034502719976247265
2025-10-23 13:00:00+00:00,-0.1752179263587898,-0.2726547569526236,0.039591085955058336,-0.2986386180939155,-0.012317399843733952,0.21443915976859018,-0.034502719976247265
2025-10-23 14:00:00+00:00,-0.1563799985547,-0.2626722493123288,0.05899119503912056,-0.29648622634034977,-0.010259857399941171,0.21299952999284041,-0.03771117105063946
2025-10-23 15:00:00+00:00,-0.1456621742914514,-0.2528759247111895,0.08131479757804906,-0.294372548520113,-0.01183770841126384,0.2126496738979614,-0.03718385215191225
2025-10-23 16:00:00+00:00,-0.15686459373998413,-0.2453578097625139,0.05443542749583749,-0.294372548520113,-0.01183770841126384,0.2126496738979614,-0.03413768830280444
2025-10-23 17:00:00+00:00,-0.16407976036129715,-0.2453578097625139,0.032343783285749925,-0.294372548520113,-0.0200234226295465,0.2126496738979614,-0.03111092268253176
2025-10-23 18:00:00+00:00,-0.1744854160206265,-0.23892729926618075,0.01076166982162168,-0.294372548520113,-0.0200234226295465,0.21350258598838276,-0.02505314430831606
2025-10-23 19:00:00+00:00,-0.18534721428658882,-0.24166686728381648,-0.010906231677297842,-0.2958978189259869,-0.021879299367573032,0.21451168440730464,-0.026338478631189585
2025-10-23 20:00:00+00:00,-0.19028274087726008,-0.23979734623756332,-0.024684371024658345,-0.2940052673476823,-0.021879299367573032,0.21451168440730464,-0.024678906523549288
2025-10-23 21:00:00+00:00,-0.19516379180919483,-0.23722972711661328,-0.03588422100814255,-0.29088725376994634,-0.021879299367573032,0.2149775649958184,-0.024678906523549288
2025-10-23 22:00:00+00:00,-0.19391900286105232,-0.22978831170837621,-0.03833094700951598,-0.2863137634273785,-0.019464398466115116,0.21452709489753838,-0.022553296252924935
2025-10-23 23:00:00+00:00,-0.1926537121692249,-0.22199994199906173,-0.04082072113387841,-0.28161590920279583,-0.017006737645665283,0.214070052801638,-0.020390785753163537
2025-10-24 00:00:00+00:00,-0.19518933138562497,-0.22199994199906173,-0.052308840174001205,-0.2863641063839653,-0.01232999994033902,0.2150043176596463,-0.024044061731064402
2025-10-24 01:00:00+00:00,-0.19666781218005347,-0.22199994199906173,-0.05434462314967219,-0.28867531806737917,-0.01232999994033902,0.21514858515173163,-0.024982894885809414
2025-10-24 02:00:00+00:00,-0.19752584550454585,-0.22004275074546625,-0.05708878159045796,-0.2910265695543006,-0.01232999994033902,0.21529309794785256,-0.024982894885809414
2025-10-24 03:00:00+00:00,-0.19838939739586683,-0.22004275074546625,-0.05915219731080536,-0.2934191304891224,-0.01232999994033902,0.21537207537554068,-0.02544832501440207
2025-10-24 04:00:00+00:00,-0.199258541528408,-0.21811278389623714,-0.061226195138241304,-0.2991110462737198,-0.01232999994033902,0.21545111468224862,-0.02544832501440207
2025-10-24 05:00:00+00:00,-0.19641637887468044,-0.2172603020769193,-0.05965732296043365,-0.2946203834976156,-0.010730236852904203,0.21605044139570878,-0.021217153842088412
2025-10-24 06:00:00+00:00,-0.1944780221880702,-0.2172603020769193,-0.05290145754741548,-0.2954858037207409,-0.010730236852904203,0.21574587832724218,-0.023282204580085588
2025-10-24 07:00:00+00:00,-0.19316844504302808,-0.21546283022623056,-0.04618069872600075,-0.2963533579962492,-0.013289788179091929,0.21544144389967348,-0.025394616630232996
2025-10-24 08:00:00+00:00,-0.1885946934418843,-0.21546283022623056,-0.039236072497272984,-0.2963533579962492,-0.01590578602233042,0.2148461683782397,-0.026466838156227655
2025-10-24 09:00:00+00:00,-0.0908765463109684,-0.12921848214748088,-0.1027530636948432,-0.11739042025711453,0.08790820646745554,0.08357580520125064,-0.04411290441662551
2025-10-24 10:00:00+00:00,-0.08746531266083234,-0.12892006831058678,-0.09770190844151083,-0.11582410511178252,0.08850227818227495,0.08343031729500106,-0.04588188635144899
2025-10-24 11:00:00+00:00,-0.08415078893199508,-0.12892006831058678,-0.08983000723330621,-0.11582410511178252,0.08850227818227495,0.08343031729500106,-0.04784202759037315
2025-10-24 12:00:00+00:00,-0.08182422171626466,-0.12669336160318967,-0.08298048903420804,-0.11582410511178252,0.08545016328187718,0.08284499738741294,-0.04887498381078684
2025-10-24 13:00:00+00:00,-0.07806383467145071,-0.12281523050897039,-0.07477204912223341,-0.1133510156039699,0.08214747619477761,0.08230243828791677,-0.050118916251935056
2025-10-24 14:00:00+00:00,-0.07727594901645045,-0.12117382532061768,-0.0682546637509229,-0.11086041528291313,0.08145413331973171,0.08175733701739345,-0.05137117336607264
2025-10-24 15:00:00+00:00,-0.07391829209601067,-0.12089268264219327,-0.05987871177946162,-0.10585131162234038,0.08469745555561262,0.08078199299761123,-0.052631801884875
2025-10-24 16:00:00+00:00,-0.07645262325857433,-0.12089268264219327,-0.06583730571701636,-0.10585131162234038,0.08469745555561262,0.08103994993618077,-0.052631801884875
2025-10-24 17:00:00+00:00,-0.07767541750308632,-0.12338474540991073,-0.07173793417960354,-0.10585131162234038,0.08215612231356784,0.08077702140875757,-0.05172015141165171
2025-10-24 18:00:00+00:00,-0.07983334302109812,-0.1251913107803286,-0.0775853313767424,-0.10421836312841677,0.08215612231356784,0.08103994993618077,-0.05084552488519545
2025-10-24 19:00:00+00:00,-0.08231976455428512,-0.1274350307880023,-0.08230158583476244,-0.10608455124621889,0.08136836521032906,0.08177320118613232,-0.05166340132094099
2025-10-24 20:00:00+00:00,-0.08346338378966947,-0.1278608560341465,-0.08484060247654829,-0.10608455124621889,0.08136836521032906,0.08201375361494916,-0.050899975349910184
2025-10-24 21:00:00+00:00,-0.0848706048424895,-0.1278608560341465,-0.08819442430463383,-0.10608455124621889,0.08013531200939618,0.08213654172915155,-0.05053661207933449
2025-10-24 22:00:00+00:00,-0.08617985182562489,-0.1278608560341465,-0.09043477125203321,-0.10608455124621889,0.08013531200939618,0.08225932906051378,-0.05053661207933449
2025-10-24 23:00:00+00:00,-0.08816724281534771,-0.1278608560341465,-0.09557764265906671,-0.10608455124621889,0.0809665480873952,0.08238211573941258,-0.05114067587222966
2025-10-25 00:00:00+00:00,-0.09078577449822925,-0.1303729960175667,-0.09973708184252113,-0.10608455124621889,0.0809665480873952,0.08238211573941258,-0.05114067587222966
2025-10-25 01:00:00+00:00,-0.08984701171218548,-0.12976543895115167,-0.10146923873929736,-0.10405791078075555,0.08149907919159928,0.08260772132424067,-0.04926198462951869
2025-10-25 02:00:00+00:00,-0.09048946638056549,-0.1309908269469667,-0.10143654932950685,-0.10405791078075555,0.08149907919159928,0.08259084831477885,-0.04918042019603174
2025-10-25 03:00:00+00:00,-0.09115146516724784,-0.13226046703154218,-0.10142359740325323,-0.10405791078075555,0.08149907919159928,0.08257907665377555,-0.049099782623427936
2025-10-25 04:00:00+00:00,-0.0918339289745689,-0.13357693156789643,-0.10168748547363013,-0.1043482916633453,0.08149907919159928,0.08256733573218158,-0.048903361795452724
2025-10-25 05:00:00+00:00,-0.08961142363277043,-0.1316294388479546,-0.09941174536058335,-0.10359350711552803,0.08077058192121483,0.08251806611185075,-0.04758378316957861
2025-10-25 06:00:00+00:00,-0.08734245544571335,-0.12974406898913932,-0.09752387747738746,-0.10283864030101417,0.08004196547517778,0.0823284256771954,-0.04901503557412531
2025-10-25 07:00:00+00:00,-0.08686115753272268,-0.12974406898913932,-0.09365441771616691,-0.10162541641578111,0.08141557069038681,0.0823284256771954,-0.049684986874048966
2025-10-25 08:00:00+00:00,-0.08616022156886986,-0.12974406898913932,-0.0898277415515172,-0.10162541641578111,0.08141557069038681,0.0821812480344992,-0.050358485881347656
2025-10-25 09:00:00+00:00,-0.0838649598446684,-0.12764228343080267,-0.08462601358160744,-0.10401189349175889,0.07933999923069252,0.08188197418526769,-0.05347650022940448
2025-10-25 10:00:00+00:00,-0.08347794543838596,-0.12764228343080267,-0.08100158879310072,-0.10306338128926791,0.08112269117799657,0.08188197418526769,-0.05408202781854776
2025-10-25 11:00:00+00:00,-0.0813061577549953,-0.12722038982277253,-0.07567064875847522,-0.10328467869258061,0.08172176360306327,0.08158256823524418,-0.056556741869902165
2025-10-25 12:00:00+00:00,-0.07849587949320203,-0.12442325123007636,-0.07047175320356314,-0.10350645638925139,0.08232167513398918,0.08099370995403773,-0.058529828646255146
2025-10-25 13:00:00+00:00,-0.07464324357406704,-0.12203136249228223,-0.06337734820214888,-0.10350645638925139,0.08232167513398918,0.08099370995403773,-0.05966666716770422
2025-10-25 14:00:00+00:00,-0.07076272396181471,-0.12203136249228223,-0.057879739348261926,-0.10350645638925139,0.08232167513398918,0.08099370995403773,-0.06080558824908744
2025-10-25 15:00:00+00:00,-0.06511239836276121,-0.12162520652852303,-0.049055320429703335,-0.10376387089215962,0.08566421839486431,0.08014602076261702,-0.06277409125757118
2025-10-25 16:00:00+00:00,-0.06924225216278403,-0.12162520652852303,-0.05413995208518203,-0.10376387089215962,0.08566421839486431,0.08040303999549755,-0.06184276455543468
2025-10-25 17:00:00+00:00,-0.07053423625653155,-0.12162520652852303,-0.060328871802166034,-0.10376387089215962,0.08566421839486431,0.08040303999549755,-0.05918426219222188
2025-10-25 18:00:00+00:00,-0.07302397432276075,-0.12162520652852303,-0.0680156411322271,-0.10376387089215962,0.08566421839486431,0.08040303999549755,-0.05834038291472625
2025-10-25 19:00:00+00:00,-0.07643962116274661,-0.12250004360453305,-0.07261568712712137,-0.10614443108052622,0.08372171246515273,0.08085650119984875,-0.0593147455109133
2025-10-25 20:00:00+00:00,-0.07774305362308649,-0.12250004360453305,-0.07548556239660706,-0.10623285033274173,0.08372171246515273,0.08097316403955532,-0.0593147455109133
2025-10-25 21:00:00+00:00,-0.07910434397221942,-0.12250004360453305,-0.07925396779942827,-0.10623285033274173,0.08372171246515273,0.08097316403955532,-0.058997879189405855
2025-10-25 22:00:00+00:00,-0.0806693657667466,-0.12209425757639498,-0.08216139332751797,-0.10632676332460983,0.0829689273489867,0.08097316403955532,-0.058997879189405855
2025-10-25 23:00:00+00:00,-0.08275394072619657,-0.12209425757639498,-0.08564638966425055,-0.10632676332460983,0.0829689273489867,0.08097316403955532,-0.06006955987986673
2025-10-26 00:00:00+00:00,-0.08416126845921591,-0.12209425757639498,-0.09028366910277864,-0.10724307276006692,0.08221335918311147,0.08097316403955532,-0.059459902386773046
2025-10-26 01:00:00+00:00,-0.08558390899359908,-0.12209425757639498,-0.09294957640866996,-0.10816277653591268,0.08221335918311147,0.08097316403955532,-0.05885384394116297
2025-10-26 02:00:00+00:00,-0.08605365383582911,-0.12335992839855996,-0.09258841436536054,-0.10815147877486699,0.08207855586290841,0.08097316403955532,-0.058774711996874666
2025-10-26 03:00:00+00:00,-0.08690667794460863,-0.12467854841915936,-0.09288495766176454,-0.10814193552858095,0.08207855586290841,0.08097316403955532,-0.058982184492429
2025-10-26 04:00:00+00:00,-0.0877317968106571,-0.1260536547293616,-0.09288634194613753,-0.10813415630663653,0.08207855586290841,0.08097316403955532,-0.058982184492429
2025-10-26 05:00:00+00:00,-0.08576312843018401,-0.12401534704994428,-0.09075151342365079,-0.10666617395649844,0.08137088780256715,0.08077261205838072,-0.05933751082971037
2025-10-26 06:00:00+00:00,-0.08411533579392813,-0.12249824928154089,-0.08858822750571906,-0.10680212807818329,0.0806630897253083,0.0805847450967717,-0.06160304407203882
2025-10-26 07:00:00+00:00,-0.08291643865536458,-0.12164645065807858,-0.08596499636027431,-0.10941168029623821,0.0799551572237765,0.08025267827961438,-0.06372232385362574
2025-10-26 08:00:00+00:00,-0.08030790524493542,-0.12347660140158159,-0.07948029014875373,-0.11096173201402675,0.0799551572237765,0.08025267827961438,-0.06448857230887746
2025-10-26 09:00:00+00:00,-0.07801062437341431,-0.12164645065807858,-0.07466518943519784,-0.11096173201402675,0.0799551572237765,0.0801029943897465,-0.06525947425398435
2025-10-26 10:00:00+00:00,-0.07599647571648614,-0.12164645065807858,-0.07187680889921136,-0.10970048532302196,0.08142412810669243,0.07995328889481304,-0.06592418440877038
2025-10-26 11:00:00+00:00,-0.07269145171314263,-0.12113761735522442,-0.06513296357077228,-0.10861974555844839,0.08354176163046735,0.07950191849325447,-0.06746726829234383
2025-10-26 12:00:00+00:00,-0.07058920255005319,-0.12062850168005157,-0.058364128144255914,-0.10561004757439205,0.08287854424206095,0.07905023170827984,-0.06902179478233228
2025-10-26 13:00:00+00:00,-0.06638061746107483,-0.1231634132264008,-0.04772155197619667,-0.10561004757439205,0.08287854424206095,0.07905023170827984,-0.07023547179162945
2025-10-26 14:00:00+00:00,-0.06193872297080117,-0.11863863004604053,-0.036833397038582155,-0.10360329334310014,0.08636616344192066,0.07818755759244475,-0.07236923110502114
2025-10-26 15:00:00+00:00,-0.056650367051840504,-0.11816823383940595,-0.023828770120087408,-0.10379403853716805,0.08987756922219409,0.07732138259231158,-0.07275163320393344
2025-10-26 16:00:00+00:00,-0.06109094399930652,-0.11816823383940595,-0.03147364563572134,-0.10536768956272474,0.08745166589225896,0.0770695571332947,-0.0709688245153451
2025-10-26 17:00:00+00:00,-0.06429083313338184,-0.11816823383940595,-0.04022161437903179,-0.10693835329983833,0.08745166589225896,0.0770695571332947,-0.06929679111015087
2025-10-26 18:00:00+00:00,-0.06746692628866743,-0.11816823383940595,-0.04892311394994839,-0.10693835329983833,0.08987756922219409,0.0773261385455957,-0.06848571079822442
2025-10-26 19:00:00+00:00,-0.0715030234050254,-0.1200595809432914,-0.05758937432312381,-0.10693835329983833,0.08987756922219409,0.07758268500230028,-0.06767110899228386
2025-10-26 20:00:00+00:00,-0.0767477162938196,-0.12244373526635978,-0.06398071045538296,-0.10885970945941857,0.08914181717822313,0.07802699904796723,-0.06906748724067266
2025-10-26 21:00:00+00:00,-0.08321273573807843,-0.1251463118772402,-0.06936476133581351,-0.110751958137064,0.08448041695045141,0.0782148069711034,-0.0702043217784375
2025-10-26 22:00:00+00:00,-0.08476806459880644,-0.1251463118772402,-0.0738999624884399,-0.110751958137064,0.08448041695045141,0.0782148069711034,-0.06982311881131738
2025-10-26 23:00:00+00:00,-0.08646768147626296,-0.1251463118772402,-0.07720606949672952,-0.110751958137064,0.08339561437998619,0.0782148069711034,-0.07101888798331873
2025-10-27 00:00:00+00:00,-0.08839058519446112,-0.1251463118772402,-0.08115416908820873,-0.110751958137064,0.08339561437998619,0.0782148069711034,-0.07171672271909728
2025-10-27 01:00:00+00:00,-0.08801824286055304,-0.12304705635969371,-0.08256675023163172,-0.10893447350428298,0.08294964452213263,0.07846510201402582,-0.0698523142077916
2025-10-27 02:00:00+00:00,-0.08817306242842686,-0.12304705635969371,-0.08340648689751298,-0.10946277606899138,0.08318252018129003,0.07846510201402582,-0.0698523142077916
2025-10-27 03:00:00+00:00,-0.08839899963811167,-0.1225989825619785,-0.0840774120599654,-0.11000429621595158,0.08383815532861254,0.07843412505095691,-0.06993278947636877
2025-10-27 04:00:00+00:00,-0.0886315953770385,-0.12216491125521035,-0.08454088237977445,-0.11055951650501313,0.08407730634203903,0.07840318143119959,-0.07001451959395313
2025-10-27 05:00:00+00:00,-0.08680506867406634,-0.12163092979608207,-0.0811641032483996,-0.10872646354968965,0.0870239810977618,0.07846720503444363,-0.06867740486917
2025-10-27 06:00:00+00:00,-0.08494149957199082,-0.12072200530471935,-0.0775088305053201,-0.10706980305316945,0.087736390607454,0.07856234855496355,-0.0695773891554455
2025-10-27 07:00:00+00:00,-0.08094028565148013,-0.12072200530471935,-0.07123456307734315,-0.10352879938128087,0.08932007320908979,0.07856234855496355,-0.0695773891554455
2025-10-27 08:00:00+00:00,-0.07551256536653014,-0.12072200530471935,-0.06497227684146173,-0.10220185268369165,0.0909070037145016,0.07856234855496355,-0.0695773891554455
2025-10-27 09:00:00+00:00,-0.07167166450596091,-0.12257907931190257,-0.05871252498780033,-0.10088089387127593,0.0924973318929001,0.07838981601916334,-0.0695773891554455
2025-10-27 10:00:00+00:00,-0.06755668704062028,-0.12208707931375284,-0.050709951953700684,-0.10096870626352106,0.09326739288828513,0.07819274831916631,-0.06939379212024298
2025-10-27 11:00:00+00:00,-0.06370923873096214,-0.12208707931375284,-0.038876868557398254,-0.09894637630138141,0.09619080339700777,0.07787450444326864,-0.06939379212024298
2025-10-27 12:00:00+00:00,-0.05846179740400984,-0.12544561216918465,-0.028520643002881912,-0.09516160143392192,0.09619080339700777,0.07787450444326864,-0.0681705513135087
2025-10-27 13:00:00+00:00,-0.05154417442835537,-0.1288146058628515,-0.016388533345142738,-0.09516160143392192,0.09619080339700777,0.07787450444326864,-0.0681705513135087
2025-10-27 14:00:00+00:00,-0.042923688249948404,-0.12987384285039016,-0.0046255917005399525,-0.09294899955958469,0.09812096155812519,0.07727589425048216,-0.06911521872640611
2025-10-27 15:00:00+00:00,-0.03550109457027316,-0.12605379631408506,0.007794779335659064,-0.09072911233087749,0.10429721039301418,0.07667451936058546,-0.07197899057301976
2025-10-27 16:00:00+00:00,-0.04029105674233106,-0.12605379631408506,-0.0018302234158284279,-0.0923646761952978,0.10147759966790294,0.07716100639600423,-0.07197899057301976
2025-10-27 17:00:00+00:00,-0.04501226607795634,-0.12605379631408506,-0.010124351023494245,-0.09072911233087749,0.0986890369526483,0.07691543496212386,-0.07197899057301976
2025-10-27 18:00:00+00:00,-0.05045553824975548,-0.12605379631408506,-0.018241895933883954,-0.09072911233087749,0.09593060833351735,0.07691543496212386,-0.07197899057301976
2025-10-27 19:00:00+00:00,-0.055789478971891536,-0.12605379631408506,-0.027374545065856102,-0.08960266178535117,0.09320143483385741,0.07691543496212386,-0.07118276444776461
2025-10-27 20:00:00+00:00,-0.06117349755874101,-0.12841566643953073,-0.03534926772833889,-0.09254768210549384,0.08994461142879669,0.07724321393333515,-0.0723690115284125
2025-10-27 21:00:00+00:00,-0.06652010315323555,-0.1307757512050173,-0.04132480995661973,-0.09549032404233118,0.08578887388311657,0.07757087898421068,-0.07435344625656391
2025-10-27 22:00:00+00:00,-0.06847779162339838,-0.1307757512050173,-0.046060350326641186,-0.09584870164529018,0.08429783217348086,0.07746754552119199,-0.07478130546992821
2025-10-27 23:00:00+00:00,-0.06977754748223071,-0.1307757512050173,-0.05053992230234314,-0.09584870164529018,0.08334869754152041,0.07736421650745628,-0.07332531678578533
2025-10-28 00:00:00+00:00,-0.0709294562706032,-0.1307757512050173,-0.05529947207360745,-0.09584870164529018,0.08334869754152041,0.07726564510172168,-0.07332531678578533
2025-10-28 01:00:00+00:00,-0.07059550214340161,-0.12872316589015712,-0.056308512758345045,-0.09386360112811568,0.08414597823292184,0.07762261474130695,-0.0717586593462566
2025-10-28 02:00:00+00:00,-0.07068204349924284,-0.12872316589015712,-0.056373614694082315,-0.09431579176724741,0.08525232535831251,0.07766522300838696,-0.0718882046781499
2025-10-28 03:00:00+00:00,-0.07077580296310296,-0.12834156176264075,-0.056179789968347486,-0.09431579176724741,0.08560559766134304,0.07770787185481903,-0.0718882046781499
2025-10-28 04:00:00+00:00,-0.07087706709848031,-0.12797299107306617,-0.056017940205801676,-0.09431579176724741,0.08596193887397262,0.07770787185481903,-0.07156645152536076
2025-10-28 05:00:00+00:00,-0.06876089542403509,-0.12712941726218058,-0.05176090025441714,-0.09251563452851548,0.11393638790448998,0.27698541033605917,-0.08332401136948842
2025-10-28 06:00:00+00:00,-0.06686708839089692,-0.12712941726218058,-0.04594907837684313,-0.09059013411639893,0.11675926474799633,0.27698541033605917,-0.08406115637102426
2025-10-28 07:00:00+00:00,-0.060969312015512235,-0.1252158993092703,-0.03827877501814453,-0.0892246961627337,0.11959916811058072,0.27698541033605917,-0.08406115637102426
2025-10-28 08:00:00+00:00,-0.055329972523590364,-0.1252158993092703,-0.03206276667946015,-0.0892246961627337,0.11675926474799633,0.27698541033605917,-0.08315808187598413
2025-10-28 09:00:00+00:00,-0.05080054698481975,-0.12331048099722056,-0.023876665752199502,-0.0892246961627337,0.12078529255124551,0.27698541033605917,-0.08315808187598413
2025-10-28 10:00:00+00:00,-0.046420004364550876,-0.12284727675247119,-0.012151929981267661,-0.08788072392956606,0.12500351816749167,0.27697947804227424,-0.08302823053247341
2025-10-28 11:00:00+00:00,-0.040618326259633304,-0.12284727675247119,0.000739233763432346,-0.08340616843088837,0.13003173176401112,0.27697947804227424,-0.08302823053247341
2025-10-28 12:00:00+00:00,-0.03469456862224111,-0.12622330723251357,0.011797065283673552,-0.08105094333684514,0.13327555710676695,0.27697947804227424,-0.08302823053247341
2025-10-28 13:00:00+00:00,-0.02747220097602881,-0.12961002030932653,0.024475261509425392,-0.07870344778729813,0.13647290657981018,0.27697947804227424,-0.08170612401144753
2025-10-28 14:00:00+00:00,-0.021852574569699374,-0.1340861000528866,0.037772435765481276,-0.07636896261792143,0.1389900324673944,0.27441742622941145,-0.08218392247412047
2025-10-28 15:00:00+00:00,-0.014273503780977087,-0.13860211026102134,0.052564682670172655,-0.07089126900952583,0.13835288553321903,0.27230995099691097,-0.08074771015166096
2025-10-28 16:00:00+00:00,-0.018498827076490126,-0.13860211026102134,0.042150482346871576,-0.0725549363682542,0.1332394245618439,0.2726337501183608,-0.08167387128604098
2025-10-28 17:00:00+00:00,-0.021807169026151357,-0.13860211026102134,0.03317379600235305,-0.07421595416232848,0.12825957524673304,0.2726337501183608,-0.08167387128604098
2025-10-28 18:00:00+00:00,-0.025837349745014837,-0.14015819859613934,0.024416666733364987,-0.07730684962538593,0.12008463462982137,0.2726337501183608,-0.08167387128604098
2025-10-28 19:00:00+00:00,-0.02896749116110536,-0.14015819859613934,0.015857724753124473,-0.07730684962538593,0.11538016663050973,0.2726337501183608,-0.08167387128604098
2025-10-28 20:00:00+00:00,-0.03279715435984743,-0.14250288897535254,0.010561511346619354,-0.08015461458180165,0.11465334644874109,0.2738052019889702,-0.0839523624489096
2025-10-28 21:00:00+00:00,-0.03628066396327181,-0.1448459007980704,0.004801960153607661,-0.08300013187569993,0.1139274037488466,0.2749661524800443,-0.08620903313650738
2025-10-28 22:00:00+00:00,-0.03697436531349576,-0.1448459007980704,0.0007302842311538586,-0.08300013187569993,0.1101168441716272,0.2749661524800443,-0.08712119673712015
2025-10-28 23:00:00+00:00,-0.03794751388101782,-0.14209912202660863,-0.002177372031004937,-0.0845165837961289,0.10887404734314621,0.274956432124861,-0.08636896716831569
2025-10-29 00:00:00+00:00,-0.03914405719987822,-0.14481016353706416,-0.0051720450135562404,-0.08564924155329208,0.10763413747391305,0.2753749487058893,-0.08796785512355537
2025-10-29 01:00:00+00:00,-0.03861156247724889,-0.14282841431552096,-0.004773229855037314,-0.08465461900368339,0.10777713468245424,0.2766351272114671,-0.08679770996315403
2025-10-29 02:00:00+00:00,-0.03839397431056275,-0.14282841431552096,-0.0037371378418505413,-0.08465461900368339,0.10856700984595617,0.2766351272114671,-0.08726163473331915
2025-10-29 03:00:00+00:00,-0.03805370918686898,-0.14247480661674283,-0.0022250447506318395,-0.08479092650058516,0.10856700984595617,0.2766351272114671,-0.08745450464639631
2025-10-29 04:00:00+00:00,-0.03771355960950076,-0.14213398515063244,-0.0008579671575568921,-0.08493208215375633,0.10936890570977786,0.27632866625564795,-0.08745450464639631
2025-10-29 05:00:00+00:00,-0.03610378802171615,-0.1413732495925459,0.003544869796349842,-0.08291584450024128,0.11590894731364774,0.2762217535299533,-0.08604464590885669
2025-10-29 06:00:00+00:00,-0.03428624477694422,-0.14337090614988623,0.009117104802832272,-0.08088162610279441,0.1188434625300922,0.2762217535299533,-0.08681914679258015
2025-10-29 07:00:00+00:00,-0.030944135883754057,-0.14337090614988623,0.01569601183320086,-0.07948986356665085,0.12032382433213137,0.2762217535299533,-0.08777838661414142
2025-10-29 08:00:00+00:00,-0.028206927296199766,-0.14337090614988623,0.022194851548048268,-0.07786496738110255,0.1217958801446849,0.2762217535299533,-0.08777838661414142
2025-10-29 09:00:00+00:00,-0.02499204810542584,-0.14537841225696047,0.027706602168547718,-0.07625584488205618,0.12616900367979753,0.2762217535299533,-0.08777838661414142
2025-10-29 10:00:00+00:00,-0.021734406731305028,-0.14501345134661173,0.0333651443406689,-0.07257885432013345,0.13069860681620876,0.2754803621640734,-0.08682294540447624
2025-10-29 11:00:00+00:00,-0.015337870036348894,-0.14501345134661173,0.0410691815499339,-0.06801079884861984,0.13069860681620876,0.2754803621640734,-0.08682294540447624
2025-10-29 12:00:00+00:00,-0.009964576924276805,-0.14758987053142059,0.05037260755079213,-0.06562526060272528,0.13411829910600112,0.2754803621640734,-0.08682294540447624
2025-10-29 13:00:00+00:00,-0.004629863224922819,-0.15105769517101703,0.060968062098823106,-0.06324521827185726,0.13411829910600112,0.2759738274106702,-0.08682294540447624
2025-10-29 14:00:00+00:00,0.0006308125830964555,-0.15570703616707643,0.07273821733583058,-0.06070808806814563,0.13716553406256948,0.2738805401455599,-0.08727569709951488
2025-10-29 15:00:00+00:00,0.005850051857211051,-0.16040043326213593,0.08608710944884894,-0.058159575758594304,0.14021309068630286,0.2717840530350647,-0.08712752565160149
2025-10-29 16:00:00+00:00,0.0019563391299786807,-0.16040043326213593,0.0785162069462137,-0.059847256705991954,0.13576106887744596,0.2717840530350647,-0.08620156852211837
2025-10-29 17:00:00+00:00,-0.002638354605656076,-0.16040043326213593,0.07228024938400579,-0.06134981775881493,0.13139690974152435,0.2717840530350647,-0.0870360843878712
2025-10-29 18:00:00+00:00,-0.006388687464204666,-0.16040043326213593,0.0643725345123892,-0.06413933484421853,0.12711650984508646,0.2717840530350647,-0.08620156852211837
2025-10-29 19:00:00+00:00,-0.010426829480054625,-0.162812763939044,0.05738221407405531,-0.06687243455453219,0.12247506967895702,0.2729347506996569,-0.08691495381196387
2025-10-29 20:00:00+00:00,-0.014071717744376424,-0.16522346588026623,0.05230667283785488,-0.07063468676157347,0.12203475716443722,0.2733690349302668,-0.0891928211047414
2025-10-29 21:00:00+00:00,-0.01515261395627324,-0.16522346588026623,0.04893043226447227,-0.07090892516145081,0.11983178843759998,0.2733690349302668,-0.08931820449778276
2025-10-29 22:00:00+00:00,-0.016503569269423805,-0.16522346588026623,0.044907419699547216,-0.07090892516145081,0.11983178843759998,0.2733690349302668,-0.08972406868679594
2025-10-29 23:00:00+00:00,-0.017662057495958384,-0.16443240971600925,0.04342495885577105,-0.07174056981806252,0.11889578806334071,0.27339138681824254,-0.09050920325730984
2025-10-30 00:00:00+00:00,-0.0191823984432681,-0.16167689826929801,0.04250709151860997,-0.07174056981806252,0.117962490947123,0.2734173892978933,-0.09220415224541985
2025-10-30 01:00:00+00:00,-0.01890259856031807,-0.15954471248538157,0.04191322825066351,-0.07053511565705238,0.11858705695409001,0.2747225986027687,-0.08933430861869059
2025-10-30 02:00:00+00:00,-0.01855611145863021,-0.15808321036158712,0.04252338726239511,-0.07058277729583248,0.11858705695409001,0.2747225986027687,-0.08951845990217093
2025-10-30 03:00:00+00:00,-0.01807236257883771,-0.15783706205689743,0.043003299469937736,-0.07063396373277961,0.1219234231422035,0.27506717804924263,-0.08951845990217093
2025-10-30 04:00:00+00:00,-0.016116796142973986,-0.15730088510680257,0.04676212073552854,-0.06837687721586266,0.12464720882152305,0.2749814533873516,-0.08747104673971576
2025-10-30 05:00:00+00:00,-0.014128163354814031,-0.15679450712704388,0.04937899253992867,-0.06613783441540105,0.1274265482733424,0.2748962729147667,-0.08589819104452819
2025-10-30 06:00:00+00:00,-0.011863188154653035,-0.15679450712704388,0.05311630994747986,-0.06515481886502593,0.13216754216220986,0.2748962729147667,-0.08499223060832124
2025-10-30 07:00:00+00:00,-0.00897508079447823,-0.15679450712704388,0.058084581476433854,-0.062240539443496036,0.13691475728802735,0.2755566034892687,-0.08399882584003757
2025-10-30 08:00:00+00:00,-0.004895614688368914,-0.15679450712704388,0.062365750967693374,-0.05935479712993317,0.14167169552973635,0.2755566034892687,-0.08399882584003757
2025-10-30 09:00:00+00:00,-0.0020253338739972667,-0.15679450712704388,0.06773090424947815,-0.05783917601807758,0.14644182319135637,0.2755566034892687,-0.08499223060832124
2025-10-30 10:00:00+00:00,0.0025200852699830164,-0.15655816311554416,0.07342033579521672,-0.05401062704201885,0.15148572947255298,0.27508418527124545,-0.08396819393042743
2025-10-30 11:00:00+00:00,0.008539597830932303,-0.15655816311554416,0.08184146852146124,-0.05166596496774701,0.16020819636151717,0.27605736665814884,-0.082542511596301
2025-10-30 12:00:00+00:00,0.013527314949776164,-0.15655816311554416,0.09066976267781782,-0.05166596496774701,0.16893899203286192,0.27605736665814884,-0.08111754978914336
2025-10-30 13:00:00+00:00,0.018444610962650265,-0.16003394892315984,0.09928063683887113,-0.04932423733749685,0.17237663869045422,0.27605736665814884,-0.08111754978914336
2025-10-30 14:00:00+00:00,0.02315815948179922,-0.16476268499104585,0.11042584900372887,-0.049018284850253044,0.17583502309585977,0.27543724436359257,-0.07949569337792003
2025-10-30 15:00:00+00:00,0.029771674690909935,-0.17211696694949105,0.11914711368609592,-0.04635664310713946,0.18653773919062414,0.2735823636353795,-0.07990854762285386
2025-10-30 16:00:00+00:00,0.026141337894576247,-0.17211696694949105,0.11403814322742131,-0.04948424533009182,0.18230332370745334,0.2735823636353795,-0.07990854762285386
2025-10-30 17:00:00+00:00,0.022545409778270735,-0.17211696694949105,0.10733748534899583,-0.05259360100671858,0.1781345715466879,0.27333506859313644,-0.08074341548452442
2025-10-30 18:00:00+00:00,0.01893462818693623,-0.17318899914293595,0.09904817761268234,-0.055375172085209534,0.1781345715466879,0.2724397907616446,-0.08074341548452442
2025-10-30 19:00:00+00:00,0.015373999844204008,-0.17318899914293595,0.0910102613680475,-0.05923103368152151,0.17402891112393126,0.2715529282416995,-0.08074341548452442
2025-10-30 20:00:00+00:00,0.011816826464081125,-0.17557886634323844,0.08423119564486402,-0.06349627289900549,0.16985956740195748,0.2721444274826502,-0.08225931932254876
2025-10-30 21:00:00+00:00,0.010409136014715754,-0.17557886634323844,0.081524511878729,-0.06428513778005944,0.16774729405563088,0.27223499498265047,-0.08238854972374586
2025-10-30 22:00:00+00:00,0.00900977089177928,-0.17597100978407867,0.07943383985064126,-0.06528768821300884,0.16563765437039785,0.2724673512315087,-0.08288345350115725
2025-10-30 23:00:00+00:00,0.008196039084307253,-0.17414811515831813,0.07873527369036601,-0.06557226679692969,0.16560399512187748,0.27269671589326283,-0.08164842006063976
2025-10-31 00:00:00+00:00,0.006666097948990533,-0.17414811515831813,0.07726794707239465,-0.06648300373420479,0.16651054503251517,0.27331785472347553,-0.08092207484876851
2025-10-31 01:00:00+00:00,0.0075511900047746765,-0.17228408497343378,0.0786797930409837,-0.06509931876658473,0.16803748323768078,0.27606974699268155,-0.07884081237178305
2025-10-31 02:00:00+00:00,0.008192024564836522,-0.17228408497343378,0.08037642399942235,-0.06508621678590158,0.16961505556957293,0.2786904305234177,-0.07884081237178305
2025-10-31 03:00:00+00:00,0.008993759961148498,-0.17211655284943175,0.08228293799758174,-0.06507558270492335,0.17122504817394318,0.2795796937945295,-0.07884081237178305
2025-10-31 04:00:00+00:00,0.009806915709948273,-0.17211655284943175,0.08408094489991061,-0.06506749228980702,0.17286869294926593,0.28092862171612765,-0.07884081237178305
2025-10-31 05:00:00+00:00,0.010476681330972388,-0.17195828459440396,0.08544920231648989,-0.0650620245953848,0.17435353915170945,0.28229864939236105,-0.07886749007272234
2025-10-31 06:00:00+00:00,0.012819956494811442,-0.17195828459440396,0.09038067676009578,-0.06169341291091849,0.1780062362013478,0.2835113727402029,-0.07886749007272234
2025-10-31 07:00:00+00:00,0.014580400838146186,-0.16983952836641664,0.09594477804105504,-0.056832349681744804,0.1893382260962959,0.28472863631852524,-0.07787863604351902
2025-10-31 08:00:00+00:00,0.016299845335039136,-0.16983952836641664,0.1006784436383646,-0.054099190879769755,0.19498463511632408,0.28595049263767236,-0.07787863604351902
2025-10-31 09:00:00+00:00,-0.1512743137460783,-0.33944334263805453,0.002217141759767575,-0.23404500374881768,-0.0310721983124317,0.8470316962788982,-0.08794005081106504
2025-10-31 10:00:00+00:00,-0.14672900053395993,-0.33944334263805453,0.01091183147727532,-0.23404500374881768,-0.018640322548458807,0.848579773096343,-0.08794005081106504
2025-10-31 11:00:00+00:00,-0.13965577904948118,-0.34633488324157846,0.027961604384940893,-0.2232593610796122,0.005732940861964718,0.848579773096343,-0.08094043394047903
2025-10-31 12:00:00+00:00,-0.1299991272285135,-0.35814621245765504,0.04520299036854438,-0.212422616439667,0.043323179122295684,0.8546970190691967,-0.08094043394047903
2025-10-31 13:00:00+00:00,-0.1202572045504737,-0.35814621245765504,0.06228227834890709,-0.20670885815011963,0.06852008032502448,0.8556976171890396,-0.08094043394047903
2025-10-31 14:00:00+00:00,-0.10810211905637927,-0.35134602482476956,0.08394878987823177,-0.2009951326779692,0.08068453848182676,0.8567122391762632,-0.08094043394047903
2025-10-31 15:00:00+00:00,-0.10055920882567616,-0.35134602482476956,0.10580205224562426,-0.19528116992150782,0.09274913501823902,0.8577405295240461,-0.08094043394047903
2025-10-31 16:00:00+00:00,-0.10835852390246764,-0.35134602482476956,0.0937981566108165,-0.20692032436525895,0.08063531982627523,0.8574051085948277,-0.08094043394047903
2025-10-31 17:00:00+00:00,-0.116211123432792,-0.3442477157334721,0.07747813396703447,-0.21248962374809918,0.05606091639028103,0.8574051085948277,-0.08420739549021376
2025-10-31 18:00:00+00:00,-0.1237033816151958,-0.33892008341112895,0.056855425749188816,-0.2274169463368485,0.03246502119725506,0.85658399657627,-0.08420739549021376
2025-10-31 19:00:00+00:00,-0.13354739470357055,-0.3335447995725503,0.03635967724557227,-0.2384802479812819,-0.0012880936288423945,0.8557784743851994,-0.08420739549021376
2025-10-31 20:00:00+00:00,-0.13793813914597966,-0.33214611252186865,0.026403097048378295,-0.23967463478532475,-0.021596619277654164,0.8571979100331658,-0.0870932928190883
2025-10-31 21:00:00+00:00,-0.1408702236568546,-0.330755493212911,0.01852955556796338,-0.2409068348184743,-0.03556352449866395,0.8572339198286217,-0.08848092252990646
2025-10-31 22:00:00+00:00,-0.14490292441572936,-0.3293733955707816,0.01070250527668263,-0.24238653920521414,-0.04558237356796415,0.8572839011218051,-0.08700289961271507
2025-10-31 23:00:00+00:00,-0.15019347212205042,-0.3243205780917267,0.004768848618302022,-0.24500715781831756,-0.06166926616358836,0.8573480661344673,-0.08700289961271507
2025-11-01 00:00:00+00:00,-0.15621432865305665,-0.3243205780917267,0.0007621765400105002,-0.25085927920532536,-0.0721189055751438,0.8573480661344673,-0.08700289961271507
2025-11-01 01:00:00+00:00,-0.16413176493261092,-0.3243205780917267,-0.0012629544737344553,-0.26068375549495953,-0.08270051729803898,0.8559936491471009,-0.08499007709273933
2025-11-01 02:00:00+00:00,-0.1657165730225883,-0.32159974419219894,-0.0010406675063635996,-0.26133683842635325,-0.08224807776907563,0.8563344664146191,-0.0844025513593415
2025-11-01 03:00:00+00:00,-0.1672364552633894,-0.32159974419219894,-0.0008152721405532838,-0.26201336317243473,-0.08093112741505679,0.855803168793994,-0.0844025513593415
2025-11-01 04:00:00+00:00,-0.16881994617902873,-0.32159974419219894,-0.000472223118917836,-0.262713945534109,-0.07967173736248151,0.8552816481733387,-0.08481573403200876
2025-11-01 05:00:00+00:00,-0.17047110892486184,-0.32159974419219894,-0.00023713334166618704,-0.26343923063448843,-0.07812858624863343,0.8547698461080309,-0.08488907750054553
2025-11-01 06:00:00+00:00,-0.17219437903341375,-0.32159974419219894,0.0,-0.2641411453982286,-0.07665081767309477,0.8547698461080309,-0.08488907750054553
2025-11-01 07:00:00+00:00,-0.16800752538499483,-0.32159974419219894,0.009389920754643287,-0.26080862001115285,-0.06498279609115935,0.8536588845763494,-0.08488907750054553
2025-11-01 08:00:00+00:00,-0.16567786282412691,-0.3264949205422161,0.018826328192792886,-0.2535652112753116,-0.047392972489057446,0.8525788677656295,-0.08488907750054553
2025-11-01 09:00:00+00:00,-0.16333618812841563,-0.33142169760949947,0.026136184701724227,-0.24378823905859337,-0.03157237848014777,0.8525788677656295,-0.08488907750054553
2025-11-01 10:00:00+00:00,-0.1594648643155548,-0.33142169760949947,0.031145659071481743,-0.24114619956458444,-0.02125277933022352,0.8501500739040023,-0.08488907750054553
2025-11-01 11:00:00+00:00,-0.1563593271810694,-0.334531356500648,0.03872314477936022,-0.23528409097080333,-0.010792728581950234,0.847782113575035,-0.08488907750054553
2025-11-01 12:00:00+00:00,-0.15416191114961003,-0.3376345709076759,0.04378719195590228,-0.22944461629450005,-0.0001812283124351809,0.8454731555004306,-0.08488907750054553
2025-11-01 13:00:00+00:00,-0.15156880302369619,-0.34474111436463784,0.05354893060454581,-0.21824964586570592,0.010234386099963313,0.8440578540736263,-0.08848369505504
2025-11-01 14:00:00+00:00,-0.14624855783342633,-0.35181551585133686,0.0685834871695043,-0.20708165150200683,0.010234386099963313,0.8427093320137599,-0.08848369505504
2025-11-01 15:00:00+00:00,-0.14089076200717243,-0.35181551585133686,0.08396618020850849,-0.1959386115552326,0.02064087333575299,0.8414250574268246,-0.08848369505504
2025-11-01 16:00:00+00:00,-0.14711423586414418,-0.36077891490820685,0.07092242355338693,-0.20629121603651354,0.010768930099222045,0.8406297335704558,-0.08848369505504
2025-11-01 17:00:00+00:00,-0.1533933398773834,-0.36077891490820685,0.05724814999075465,-0.2166462098030921,-0.00887720242727464,0.8398492348715192,-0.09179565256870624
2025-11-01 18:00:00+00:00,-0.16239061451579692,-0.36077891490820685,0.03861544614549603,-0.22155708785282796,-0.03724331849906179,0.8398492348715192,-0.09179565256870624
2025-11-01 19:00:00+00:00,-0.17041545120915663,-0.35877150937398344,0.025785501275055696,-0.2213410539442252,-0.052592206124753994,0.838986245320323,-0.08780342413695251
2025-11-01 20:00:00+00:00,-0.17254696426648955,-0.35877150937398344,0.01652801463237948,-0.2213410539442252,-0.0648538775165979,0.8390546797459872,-0.08920125364713236
2025-11-01 21:00:00+00:00,-0.17512258624216648,-0.35877150937398344,0.007185434539102145,-0.22252803919658967,-0.08163655594996222,0.8390546797459872,-0.0905919252154818
2025-11-01 22:00:00+00:00,-0.17917671016192666,-0.35877150937398344,0.00011861188466768991,-0.22252803919658967,-0.09499040380633562,0.8390546797459872,-0.0905919252154818
2025-11-01 23:00:00+00:00,-0.18450538555690224,-0.35877150937398344,-0.00950045596064624,-0.22476621518031967,-0.10468929985544802,0.8390546797459872,-0.08700154958592535
2025-11-02 00:00:00+00:00,-0.19135082281360868,-0.35877150937398344,-0.01695176076573311,-0.2275386570814041,-0.114578994134771,0.837824234767908,-0.08892888112100582
2025-11-02 01:00:00+00:00,-0.19677195921139093,-0.3658188818851757,-0.0271108944283386,-0.23032042720450907,-0.12556117258560734,0.837824234767908,-0.0908693963931457
2025-11-02 02:00:00+00:00,-0.19799778499686232,-0.3658188818851757,-0.02696022677538403,-0.2304424760456924,-0.12334541159995048,0.837824234767908,-0.09106720377911715
2025-11-02 03:00:00+00:00,-0.1989721112840655,-0.3658188818851757,-0.02688995205492747,-0.2305683289216253,-0.12053765576561126,0.837824234767908,-0.0908693963931457
2025-11-02 04:00:00+00:00,-0.2006840737087293,-0.3658188818851757,-0.026858952230961606,-0.23069801587830108,-0.11955403561911702,0.8361517945669227,-0.0908693963931457
2025-11-02 05:00:00+00:00,-0.20202195958232622,-0.3658188818851757,-0.026719237721112187,-0.23152497048529339,-0.11698348432416067,0.8344978555665213,-0.09078741141257762
2025-11-02 06:00:00+00:00,-0.2034008136030472,-0.36477706283764144,-0.02640559168902318,-0.2316679898748565,-0.11456279899745674,0.8315798014414911,-0.09052103238373889
2025-11-02 07:00:00+00:00,-0.20639366873728052,-0.36558893942227205,-0.022777560221594547,-0.22457317680316422,-0.10234769798621192,0.8363256339092807,-0.08398334491141268
2025-11-02 08:00:00+00:00,-0.20334757077456045,-0.36558893942227205,-0.01416374259534687,-0.2179691525127636,-0.0877846766530334,0.8342799302434815,-0.08192608004978952
2025-11-02 09:00:00+00:00,-0.19900328774530296,-0.3706151873259169,-0.005679699188629367,-0.21144370131509507,-0.0787798555542061,0.8342799302434815,-0.08192608004978952
2025-11-02 10:00:00+00:00,-0.19509007436511247,-0.3706151873259169,0.005787662923614618,-0.20845330058943176,-0.06984082678292386,0.8322839186964351,-0.0800425601214383
2025-11-02 11:00:00+00:00,-0.1895560404482146,-0.3706151873259169,0.014511726726842082,-0.20547263782540945,-0.060962958128832345,0.8322839186964351,-0.0800425601214383
2025-11-02 12:00:00+00:00,-0.18399703903592812,-0.3706151873259169,0.02329074008073641,-0.202501535845628,-0.05214177410021683,0.8322839186964351,-0.07816321448797357
2025-11-02 13:00:00+00:00,-0.17184104466466615,-0.3635402965603114,0.029027933091762572,-0.1870543137618355,-0.035078515568188355,0.3363632343597992,-0.07455908449210585
2025-11-02 14:00:00+00:00,-0.16253344647814785,-0.3635402965603114,0.04064830962303741,-0.18145713128047386,-0.026656540721645305,0.3374257364206754,-0.07096228386717876
2025-11-02 15:00:00+00:00,-0.15394332529830845,-0.3635402965603114,0.052386252799502195,-0.17070413607212526,-0.01820655457055168,0.3384875828538858,-0.06737271680987646
2025-11-02 16:00:00+00:00,-0.16276268205402047,-0.3543764570731185,0.035915349439550395,-0.17571735147639528,-0.03442981196084221,0.33629205072072305,-0.07068653586390337
2025-11-02 17:00:00+00:00,-0.1715819861313883,-0.34719662138464025,0.02480438372663669,-0.18072340404888207,-0.05058897969408526,0.33629205072072305,-0.07392134475598582
2025-11-02 18:00:00+00:00,-0.1901449867997177,-0.33999773455931337,0.013699275993859101,-0.19027224187160033,-0.0753721776275351,0.3352138795772225,-0.07392134475598582
2025-11-02 19:00:00+00:00,-0.21077398080447085,-0.32738381024926927,0.0025978890850665254,-0.20377461400854438,-0.09153874860917752,0.3341354051522731,-0.0770684979366789
2025-11-02 20:00:00+00:00,-0.22657382520995537,-0.321933484278307,-0.013995559663775985,-0.2121827804163853,-0.11472632972573546,0.3330566249043073,-0.0801986981761257
2025-11-02 21:00:00+00:00,-0.22288192794936076,-0.31388463005826506,-0.030685012788166384,-0.2140893362279869,-0.11828356557189965,0.33349620274125247,-0.0778441173268674
2025-11-02 22:00:00+00:00,-0.22671987848743955,-0.3106268418857905,-0.0390566840682886,-0.2159300315951824,-0.12750777529863425,0.33349620274125247,-0.0778441173268674
2025-11-02 23:00:00+00:00,-0.23174799031043844,-0.3106268418857905,-0.05062202069056936,-0.21871763516559242,-0.1318203549614176,0.33349620274125247,-0.07603693765655746
2025-11-03 00:00:00+00:00,-0.2370671449839132,-0.3106268418857905,-0.06320154279966056,-0.2224974699774253,-0.1413474812814318,0.3330069280765169,-0.07409475688192708
2025-11-03 01:00:00+00:00,-0.24292763161253694,-0.3106268418857905,-0.07340808392671712,-0.22633296332707561,-0.145767651314946,0.3330069280765169,-0.07596326990844818
2025-11-03 02:00:00+00:00,-0.2456417265711229,-0.3106268418857905,-0.07414847511077524,-0.22760861298232019,-0.14598004515710405,0.3330069280765169,-0.07637490794631348
2025-11-03 03:00:00+00:00,-0.24781232553815138,-0.3106268418857905,-0.07574742835423197,-0.22891140332107346,-0.1473151397472934,0.3330766110294486,-0.07620484304190199
2025-11-03 04:00:00+00:00,-0.2500652123982221,-0.3106268418857905,-0.07667012420336788,-0.22891140332107346,-0.1475556505282904,0.3331465569384703,-0.07620484304190199
2025-11-03 05:00:00+00:00,-0.2515520318003346,-0.3097614882034422,-0.07685711701590092,-0.23105770216246108,-0.14780392643645066,0.33321676617773777,-0.07615088589785178
2025-11-03 06:00:00+00:00,-0.2508133792783732,-0.3137623237719994,-0.07039479225880452,-0.2285904009740793,-0.15287800619139943,0.332243286117423,-0.07173698717183438
2025-11-03 07:00:00+00:00,-0.2396329706625965,-0.31894539236045255,-0.06032647478722525,-0.2222890037229306,-0.14386781611412394,0.332243286117423,-0.06978075583601767
2025-11-03 08:00:00+00:00,-0.23169752606334565,-0.31894539236045255,-0.046694252447154576,-0.2160489767198265,-0.12920056053503087,0.3328682124088947,-0.06783636255742996
2025-11-03 09:00:00+00:00,-0.22512318707617535,-0.31894539236045255,-0.03684355660129713,-0.20986821626421787,-0.12033957658060382,0.3334934105086361,-0.06596675658760745
2025-11-03 10:00:00+00:00,-0.2180733843781771,-0.31894539236045255,-0.02394889260430859,-0.2046825361374512,-0.10808166057526435,0.3341188817902328,-0.06057391209160428
2025-11-03 11:00:00+00:00,-0.20392824057349943,-0.31894539236045255,-0.004678519986498511,-0.19422503315133627,-0.0905095794867913,0.3353423884343661,-0.05014513109969532
2025-11-03 12:00:00+00:00,-0.18913214791889021,-0.31894539236045255,0.020762304250845846,-0.18375315760253075,-0.07294051818058515,0.3365261839110398,-0.043181107141041807
2025-11-03 13:00:00+00:00,-0.17664641852334878,-0.3264609169501834,0.04519365222109737,-0.17326511233100209,-0.046143533065570556,0.3365261839110398,-0.03625315183923583
2025-11-03 14:00:00+00:00,-0.1638844356617799,-0.3359041746481218,0.06867039272000945,-0.162005767687429,-0.028362961574237993,0.3376698694376864,-0.032787065469545996
2025-11-03 15:00:00+00:00,-0.14229783040796254,-0.3428970260102733,0.09099109892840337,-0.14529298209258712,-0.02842629718542514,0.33758817882295633,-0.03036099928961387
2025-11-03 16:00:00+00:00,-0.15242975037115633,-0.3355910589324788,0.06698806573414534,-0.15510491314625205,-0.044604947978395086,0.3355463063036005,-0.03356267807522704
2025-11-03 17:00:00+00:00,-0.16247252112421243,-0.3282572767467151,0.04943447215191144,-0.17030660404528214,-0.06044743512704352,0.3355463063036005,-0.0367480913020536
2025-11-03 18:00:00+00:00,-0.17200020917545958,-0.3282572767467151,0.025623363278137738,-0.17497357145422174,-0.07597575203077771,0.3355463063036005,-0.03991747918299797
2025-11-03 19:00:00+00:00,-0.1814087223136325,-0.3282572767467151,0.00828360754353762,-0.18383437620976023,-0.09121008209238263,0.33446468316809086,-0.046167006189812454
2025-11-03 20:00:00+00:00,-0.18821885468412114,-0.3282572767467151,-0.008483338368063392,-0.18801552207486158,-0.1061689937540671,0.33446468316809086,-0.061078574670917755
2025-11-03 21:00:00+00:00,-0.18691242342627937,-0.3212723618631646,-0.02314573269311787,-0.18751824021205657,-0.1108685156893564,0.33427170255262867,-0.06011576680812228
2025-11-03 22:00:00+00:00,-0.18866478460433142,-0.3180676818617313,-0.031010467181113523,-0.1911729282831384,-0.11893300523804945,0.33476596762029864,-0.06311656608267381
2025-11-03 23:00:00+00:00,-0.1966151120894846,-0.3180676818617313,-0.03646504898368054,-0.196453225070393,-0.12703815728835402,0.3352602253644888,-0.06855792484512119
2025-11-04 00:00:00+00:00,-0.20682973066538238,-0.3111093963550565,-0.04522551387051215,-0.20351408807424914,-0.1366868140309455,0.3357145626725118,-0.06855792484512119
2025-11-04 01:00:00+00:00,-0.21577421941824743,-0.31574518487263736,-0.052808272744069566,-0.21473808673190137,-0.14758402236603782,0.3345448746894964,-0.0747769457339797
2025-11-04 02:00:00+00:00,-0.21745522834389502,-0.31574518487263736,-0.053598935414764265,-0.21703731348165764,-0.14758402236603782,0.3345448746894964,-0.07497266605417066
2025-11-04 03:00:00+00:00,-0.21919159979721053,-0.31574518487263736,-0.05400446288929242,-0.21942696009714902,-0.14811387908630053,0.3345448746894964,-0.07517053217823948
2025-11-04 04:00:00+00:00,-0.22098610362704843,-0.3130453068404652,-0.05441024795049158,-0.22191280493161525,-0.14865536796242343,0.3345448746894964,-0.07612104834428632
2025-11-04 05:00:00+00:00,-0.2228417095864442,-0.3130453068404652,-0.05437083135524326,-0.22292518922300084,-0.14920880099654163,0.3345448746894964,-0.07655387224917605
2025-11-04 06:00:00+00:00,-0.21631712434138237,-0.3163763984006704,-0.03920198105063248,-0.22072378492534725,-0.14106343746134628,0.3345448746894964,-0.06957239885331523
2025-11-04 07:00:00+00:00,-0.21030177341209164,-0.32155666492454316,-0.03003205011446941,-0.21473724257038526,-0.1328986669982812,0.3345448746894964,-0.0677452451430532
2025-11-04 08:00:00+00:00,-0.20440436634362624,-0.32155666492454316,-0.015343902309462698,-0.20879403149783046,-0.1164963746694257,0.3345448746894964,-0.06215364605769775
2025-11-04 09:00:00+00:00,-0.19899848299717154,-0.3267827623917259,-0.00685544427051003,-0.20289261395062738,-0.10697019083216622,0.3338905974048765,-0.058540884592012114
2025-11-04 10:00:00+00:00,-0.1931234795554114,-0.3267827623917259,0.001421667650401808,-0.2001950255994579,-0.09878137729685486,0.3338905974048765,-0.05354647109879099
2025-11-04 11:00:00+00:00,-0.1817738880691209,-0.3267827623917259,0.0229879213912708,-0.19482991269423716,-0.09072643446705704,0.3314300742281762,-0.04372786191622428
2025-11-04 12:00:00+00:00,-0.17003897210199662,-0.3267827623917259,0.04406483325213481,-0.18366943332091284,-0.08210827580821617,0.3314300742281762,-0.03393940054872104
2025-11-04 13:00:00+00:00,-0.1608542587894803,-0.33429224444119615,0.06410435260812819,-0.17256986347419342,-0.06456622094595496,0.3314300742281762,-0.027406019948801177
2025-11-04 14:00:00+00:00,-0.1517822880860362,-0.33429224444119615,0.08861163138132866,-0.16152870212752943,-0.04732632813454562,0.3314300742281762,-0.0176272943499736
2025-11-04 15:00:00+00:00,-0.13735768249990812,-0.33166089351598615,0.12048929689171566,-0.14565591423923008,-0.027660326796524113,0.32858290428830433,-0.0031407247924907936
2025-11-04 16:00:00+00:00,-0.14716797525278513,-0.3244166521864084,0.10437112975843725,-0.15582248282649594,-0.04381908788978784,0.3264357669061609,-0.00942823848520153
2025-11-04 17:00:00+00:00,-0.15687659139074933,-0.3244166521864084,0.08306914339879158,-0.16595830129232644,-0.059739748775290605,0.3274511490351133,-0.018758540409281727
2025-11-04 18:00:00+00:00,-0.16609743786135492,-0.3190273385026941,0.06250954571207619,-0.17081744882512248,-0.07543651017713224,0.3274511490351133,-0.02790745922066248
2025-11-04 19:00:00+00:00,-0.17519208229810246,-0.3061702560140717,0.04262730875127399,-0.18007203330901597,-0.090922655503525,0.328504833447687,-0.03690610161930552
2025-11-04 20:00:00+00:00,-0.17632445240748826,-0.29874183691447476,0.028172429583327892,-0.18049871809507123,-0.11145034489978589,0.32832799390355843,-0.03680851716734121
2025-11-04 21:00:00+00:00,-0.17870462076871432,-0.2912580898961808,0.013863542412942525,-0.17958837561551713,-0.12934878451609574,0.32816198431552346,-0.035390812681317274
2025-11-04 22:00:00+00:00,-0.18214919113280315,-0.2912580898961808,0.006788739988354779,-0.181832147379416,-0.13652854195976777,0.32867494336350117,-0.03841863349339966
2025-11-04 23:00:00+00:00,-0.18713516229883426,-0.29637597501686813,0.0021519674137127002,-0.1844764024975892,-0.1412011943481058,0.3296617141524775,-0.045013364492199476
2025-11-05 00:00:00+00:00,-0.19195619994325328,-0.29637597501686813,-0.004883511903129542,-0.1844764024975892,-0.14592754539564046,0.3301354616211428,-0.046702446720167524
2025-11-05 01:00:00+00:00,-0.1993995835387054,-0.30090456895749795,-0.012272634142025647,-0.1925023480127851,-0.15269222464392768,0.3295280139086447,-0.0533932549271199
2025-11-05 02:00:00+00:00,-0.200522014266523,-0.30090456895749795,-0.012468656347779649,-0.194879321499966,-0.15351991430811462,0.3294484976307458,-0.0533932549271199
2025-11-05 03:00:00+00:00,-0.20133203453383866,-0.30090456895749795,-0.012578682635590607,-0.19587794540314493,-0.15610714648036134,0.32936927780630293,-0.05379609379542692
2025-11-05 04:00:00+00:00,-0.20215727076090564,-0.30090456895749795,-0.012710431287336003,-0.19689416036237994,-0.15702783847086726,0.3292903538187798,-0.05420891509275958
2025-11-05 05:00:00+00:00,-0.20299811711449717,-0.30090456895749795,-0.012743188003840313,-0.19851003162301192,-0.15798432775368615,0.3292506337268061,-0.05449563163658299
2025-11-05 06:00:00+00:00,-0.1951685736761127,-0.30090456895749795,-0.0009532320707880082,-0.19386322129782166,-0.15475138145042763,0.3286145628030306,-0.04811584992199569
2025-11-05 07:00:00+00:00,-0.186833646227456,-0.30090456895749795,0.008247041353484636,-0.1882981802505238,-0.14562634573925556,0.32797890897579446,-0.041499782889270725
2025-11-05 08:00:00+00:00,-0.18011280450044515,-0.30090456895749795,0.01721867296523762,-0.1819003838497619,-0.13107181926473332,0.32738233496515684,-0.036574962166269605
2025-11-05 09:00:00+00:00,-0.17390467008211424,-0.30090456895749795,0.028257416364403296,-0.17559599662926217,-0.12234058523115468,0.3267860169573935,-0.03180469289820755
2025-11-05 10:00:00+00:00,-0.16738706253274627,-0.30090456895749795,0.0370555021820192,-0.17016286916235418,-0.1149770278906453,0.3261899536629833,-0.028721259268912596
2025-11-05 11:00:00+00:00,-0.15968940212574226,-0.30090456895749795,0.05477775727453511,-0.15948041431977275,-0.08345357883127415,0.32499767706845983,-0.019512513776322325
2025-11-05 12:00:00+00:00,-0.1517666100575798,-0.29315714981943497,0.07187293095002943,-0.1488315363191562,-0.06664502919690117,0.3238439247061038,-0.007258430922831808
2025-11-05 13:00:00+00:00,-0.14082398937989232,-0.29315714981943497,0.08805574022951296,-0.13821430269436033,-0.03352841160909235,0.3215744275564079,-0.0011197840535426941
2025-11-05 14:00:00+00:00,-0.13002895418160643,-0.29315714981943497,0.10374445730345018,-0.13306969907442848,-0.009015998373718566,0.3204584339978235,0.008055641845040389
2025-11-05 15:00:00+00:00,-0.12411154130412631,-0.3027214542555405,0.1146564692229978,-0.11842360461925111,0.0005001542945178348,0.3177872851010898,0.024051240832274532
2025-11-05 16:00:00+00:00,-0.13111765105447032,-0.29511078600547086,0.09651607984566633,-0.12377371184271248,-0.015585750672921202,0.3177872851010898,0.011695751778140678
2025-11-05 17:00:00+00:00,-0.13786671579435442,-0.29511078600547086,0.07873623917046928,-0.133581003111848,-0.03917798165036483,0.3188648683814791,0.005555108795068202
2025-11-05 18:00:00+00:00,-0.14662234539545999,-0.28927210659329117,0.060942251866599045,-0.13829271699350928,-0.06217237179447722,0.3188648683814791,-0.003569716345377771
2025-11-05 19:00:00+00:00,-0.15525898182645945,-0.28335633722724046,0.043675385773333894,-0.14729437540837495,-0.07758398917102242,0.3188648683814791,-0.015581821181128436
2025-11-05 20:00:00+00:00,-0.15825225316260114,-0.27554293575753563,0.02742012774212522,-0.14415765704539088,-0.09978986592952858,0.319873682428298,-0.01777753086222362
2025-11-05 21:00:00+00:00,-0.1627224698922352,-0.27554293575753563,0.016931498805841685,-0.1473743629444172,-0.11037045582609982,0.3204024886907306,-0.023526558113617136
2025-11-05 22:00:00+00:00,-0.16713085413826123,-0.27554293575753563,0.008845367062447125,-0.15352323724267342,-0.11904078305154188,0.3209312758347203,-0.027952180374361237
2025-11-05 23:00:00+00:00,-0.1717142014955515,-0.27554293575753563,-0.001009004924190579,-0.16157266003091808,-0.1313348656011755,0.3214600449043348,-0.03263862464030809
2025-11-06 00:00:00+00:00,-0.17305897338132367,-0.2826615134019978,-0.006981192317077162,-0.1746178715572255,-0.1403066323780414,0.3224795245147241,-0.03423978071633261
2025-11-06 01:00:00+00:00,-0.17762802786724463,-0.2872594317852298,-0.010271723496763654,-0.18422234591492212,-0.1484881355681277,0.3219801455618434,-0.04301253189332974
2025-11-06 02:00:00+00:00,-0.17853006613587288,-0.29014359323144484,-0.01045210693381079,-0.18622204514655238,-0.15185891799129056,0.3219801455618434,-0.043330571162280805
2025-11-06 03:00:00+00:00,-0.17909255965180457,-0.29014359323144484,-0.010674056157337047,-0.18830126552311333,-0.15303716336473014,0.3219567483490083,-0.04376834457665013
2025-11-06 04:00:00+00:00,-0.1796636692034031,-0.29014359323144484,-0.01085713812857487,-0.19211228196550453,-0.1546252423042936,0.3219335879441708,-0.04421630202119199
2025-11-06 05:00:00+00:00,-0.18041738164800933,-0.29394859124029815,-0.006628445539394454,-0.19132467441623663,-0.15080626158878918,0.32052800016333755,-0.04521138328717415
2025-11-06 06:00:00+00:00,-0.17743728075737517,-0.29394859124029815,0.0027602728229059793,-0.1827465476298859,-0.14267413291957645,0.31991526395508674,-0.04220383070388033
2025-11-06 07:00:00+00:00,-0.17261845156252137,-0.29394859124029815,0.01180543279081947,-0.17991585995666237,-0.13459011650782965,0.31934047815504324,-0.037589330971550504
2025-11-06 08:00:00+00:00,-0.16841644415838739,-0.29394859124029815,0.022232700165715463,-0.17385633866642408,-0.12154942406410278,0.31876592375640217,-0.03303639275740314
2025-11-06 09:00:00+00:00,-0.16188811063992944,-0.29394859124029815,0.029072924693074133,-0.16786671738418635,-0.1136375881211682,0.31876592375640217,-0.03010077787211051
2025-11-06 10:00:00+00:00,-0.1520342748121742,-0.2924046898218031,0.03981770836700022,-0.1537488748060458,-0.09778519913564028,0.31711378364126713,-0.028112044574663445
2025-11-06 11:00:00+00:00,-0.14491936778509765,-0.2845191650710118,0.0538096230649553,-0.13764109981233366,-0.08193369679262294,0.3159916214161157,-0.02229485148860835
2025-11-06 12:00:00+00:00,-0.13534475907210566,-0.2845191650710118,0.06708826063832517,-0.11689270703357076,-0.06612368292316945,0.31486943082773905,-0.016482868234065036
2025-11-06 13:00:00+00:00,-0.12559910789428605,-0.2845191650710118,0.08301130572529766,-0.10095608677581482,-0.042131336038773066,0.31378416561081535,-0.010675778421958925
2025-11-06 14:00:00+00:00,-0.11229411807345478,-0.2822289726819711,0.11126267065789533,-0.07479369799605283,-0.010447511506271094,0.31193555244601995,0.001328119801685738
2025-11-06 15:00:00+00:00,-0.10060589852894568,-0.27223579036604983,0.14064463431976226,-0.06188835081081896,0.00881871783861691,0.3101421432982992,0.01307052189916603
2025-11-06 16:00:00+00:00,-0.10735896278713297,-0.27223579036604983,0.12252912488089664,-0.07239611855536957,-0.007150404617534561,0.31122973236963913,0.0040992375164123065
2025-11-06 17:00:00+00:00,-0.1162107279151186,-0.27223579036604983,0.10419259439368767,-0.08282799132955035,-0.030855054083589288,0.31231680750856256,-0.0018620334247141945
2025-11-06 18:00:00+00:00,-0.12272340913197317,-0.265964529099956,0.08967549175659208,-0.08791331729282305,-0.0625519386516996,0.3145264272660315,-0.013672038785042012
2025-11-06 19:00:00+00:00,-0.12578871043363152,-0.2559650066441385,0.08370786498887893,-0.08592328809374526,-0.07855436139681299,0.315622072702409,-0.0165479966322651
2025-11-06 20:00:00+00:00,-0.12979508183780805,-0.24774871935614326,0.07775930061527261,-0.08609808867702512,-0.09464877338836912,0.31674714017532524,-0.020933722413687145
2025-11-06 21:00:00+00:00,-0.13548503322658575,-0.24774871935614326,0.06847033509557768,-0.08819263408860734,-0.10289702182494788,0.3172996442966612,-0.02531821678197432
2025-11-06 22:00:00+00:00,-0.14029961830567303,-0.24774871935614326,0.057440344595892555,-0.09291373532749406,-0.10289702182494788,0.31836723304928116,-0.026820771329703976
2025-11-06 23:00:00+00:00,-0.14470245789102096,-0.25340193641557446,0.050776279942369995,-0.1008565103111078,-0.11230485675114883,0.31943458403137814,-0.029966580351123914
2025-11-07 00:00:00+00:00,-0.14958562873719627,-0.25340193641557446,0.04410508127171009,-0.11290959627149232,-0.12195227111206101,0.32050170592905436,-0.03323163774047959
2025-11-07 01:00:00+00:00,-0.1561725649367968,-0.25816173497308503,0.038576284023578426,-0.12355348234586237,-0.1325033009767034,0.32009516185537407,-0.040970862119526906
2025-11-07 02:00:00+00:00,-0.15706574443383134,-0.25816173497308503,0.03814366863474809,-0.12567803665292065,-0.13469323480733106,0.32000580674933393,-0.041588606593892755
2025-11-07 03:00:00+00:00,-0.15777227774776872,-0.25816173497308503,0.03773424329118504,-0.1278943933586795,-0.13620293829332178,0.31997652519771164,-0.042219652777767736
2025-11-07 04:00:00+00:00,-0.15848805038278332,-0.25522608464024804,0.03730589103304122,-0.13020971826556918,-0.13855196824722363,0.3199560370018646,-0.04286458331578293
2025-11-07 05:00:00+00:00,-0.16040463628670953,-0.25916562223757256,0.03939301749457618,-0.1309090743871608,-0.13977522562523256,0.3181428588193448,-0.04619773655757167
2025-11-07 06:00:00+00:00,-0.15778351408447192,-0.25916562223757256,0.04519771337336625,-0.12610795592465884,-0.13395286149556396,0.3169608563025207,-0.042037269196822165
2025-11-07 07:00:00+00:00,-0.1530557543948148,-0.25916562223757256,0.05679217564242178,-0.1235455379522511,-0.1264737618287149,0.31638890693896776,-0.03771851234994922
2025-11-07 08:00:00+00:00,-0.1488702837953353,-0.2643830485903466,0.061993694281042136,-0.12098640448818465,-0.1189833377036019,0.31581729480988363,-0.033449345456269014
2025-11-07 09:00:00+00:00,-0.14469141443945405,-0.2643830485903466,0.0715078090951041,-0.11843043440778225,-0.11147831973543425,0.31471171924715036,-0.02929189443081084
2025-11-07 10:00:00+00:00,-0.1404452373863452,-0.2629895224824646,0.08070675592435421,-0.10958739517284488,-0.10842494003778445,0.3126775741982246,-0.021026176378123346
2025-11-07 11:00:00+00:00,-0.1324844388872432,-0.2629895224824646,0.09257254360462967,-0.09928348913157373,-0.09251189737855708,0.31156651275161235,-0.015460386135835913
2025-11-07 12:00:00+00:00,-0.12637904102365985,-0.25692024372253186,0.10726522418956644,-0.0889396473771888,-0.07653172429566907,0.31049178743171163,-0.007070308007756424
2025-11-07 13:00:00+00:00,-0.12023621788532698,-0.2708475359784826,0.11884961024594805,-0.07855354549176354,-0.06872595627477594,0.308378060952026,0.0013428128637510504
2025-11-07 14:00:00+00:00,-0.11188449316541249,-0.2708475359784826,0.1330432508296824,-0.06812280207302325,-0.052581581663653044,0.30733883710484894,0.009780119481656904
2025-11-07 15:00:00+00:00,-0.10289770083822525,-0.26864036900017835,0.151077305444103,-0.0558147457673833,-0.032911187271370046,0.30514960704339633,0.01930544139695039
2025-11-07 16:00:00+00:00,-0.11290643399960508,-0.26864036900017835,0.13203094587243602,-0.06751685335946976,-0.05081929254783085,0.30837192671171115,0.016265491421518678
2025-11-07 17:00:00+00:00,-0.12539338283650628,-0.26864036900017835,0.11598239377244283,-0.07928538707536038,-0.0679958691890906,0.3094806777102877,0.010138875681831241
2025-11-07 18:00:00+00:00,-0.13275202169434977,-0.26864036900017835,0.0996506037225973,-0.07928538707536038,-0.0848814119438778,0.31058895904545,0.001008796610282556
2025-11-07 19:00:00+00:00,-0.13850777873872447,-0.26505422444089505,0.09011053269442094,-0.06714047672645505,-0.08624068056974094,0.3107017955534717,-0.002620245304354671
2025-11-07 20:00:00+00:00,-0.14094638494425457,-0.26505422444089505,0.0814565231365027,-0.06149556489148116,-0.08624068056974094,0.3107017955534717,-0.005769198289393331
2025-11-07 21:00:00+00:00,-0.14325082090101252,-0.26505422444089505,0.07138514805500634,-0.05576359259386104,-0.09016148131096045,0.3112740433500781,-0.010435722752016091
2025-11-07 22:00:00+00:00,-0.14659626095512376,-0.26505422444089505,0.05992941420144077,-0.05872259760458648,-0.09959500984155699,0.3118462847544958,-0.013559349364889183
2025-11-07 23:00:00+00:00,-0.14943296877168327,-0.26505422444089505,0.050509242178220955,-0.06513675789761621,-0.1046567267484243,0.31241852088903793,-0.015167029152916879
2025-11-08 00:00:00+00:00,-0.15256612544293674,-0.26505422444089505,0.041201164831039944,-0.07159105671068505,-0.10977463401255405,0.3129907528747103,-0.016795515132752514
2025-11-08 01:00:00+00:00,-0.1557283679739899,-0.26505422444089505,0.03021676971930889,-0.07808732855067407,-0.11944848710598474,0.31359936375205927,-0.018448716674461605
2025-11-08 02:00:00+00:00,-0.15658083337967213,-0.2681786715102799,0.029647038744055304,-0.07886676347367971,-0.12075422432139651,0.3136927534700653,-0.01910281936266764
2025-11-08 03:00:00+00:00,-0.15799392551892305,-0.26505422444089505,0.029073877652028485,-0.07965697221274076,-0.12075422432139651,0.3137579707447556,-0.01968864048656362
2025-11-08 04:00:00+00:00,-0.15903004779744062,-0.25737309424070054,0.02849694872107629,-0.0801719244641486,-0.12104403473531028,0.3138234092251913,-0.020070845049398014
2025-11-08 05:00:00+00:00,-0.160082974047932,-0.25737309424070054,0.027953864433677252,-0.0809808456304759,-0.12104403473531028,0.3138890690895887,-0.020070845049398014
2025-11-08 06:00:00+00:00,-0.1661717531872257,-0.26109019919446186,0.03264219139514519,-0.0812290074726972,-0.11848321822263903,0.31398048106255105,-0.01803850624144082
2025-11-08 07:00:00+00:00,-0.16473399649415835,-0.265776932993416,0.04093494581821026,-0.07861199844073304,-0.11003703961804952,0.31306872887847126,-0.013975206073234122
2025-11-08 08:00:00+00:00,-0.16328877353174073,-0.265776932993416,0.04917609583597939,-0.07861199844073304,-0.11003703961804952,0.31263107523100486,-0.009951396956881091
2025-11-08 09:00:00+00:00,-0.1618359175962608,-0.265776932993416,0.06049463088176147,-0.0812290074726972,-0.10619047429451343,0.3121934257281465,-0.005978997720211565
2025-11-08 10:00:00+00:00,-0.15976490930167567,-0.270431670380715,0.07109183107072774,-0.07622180657921497,-0.10619047429451343,0.3113543768159767,-0.003348940346750348
2025-11-08 11:00:00+00:00,-0.1576759647682337,-0.270431670380715,0.08018181432797929,-0.07622180657921497,-0.09912545603713514,0.31095292578160694,0.0019269108187445424
2025-11-08 12:00:00+00:00,-0.15919528759383145,-0.2731514626537074,0.09433643537991764,-0.07762423674125032,-0.08911078987362028,0.31094479906145683,0.006661678205644174
2025-11-08 13:00:00+00:00,-0.15340245308464243,-0.2731514626537074,0.11330641961635524,-0.0720982354605328,-0.08160114216054706,0.3090306821163833,0.015035087191590338
2025-11-08 14:00:00+00:00,-0.15145405854524796,-0.2731514626537074,0.13261914852499646,-0.0665705725790149,-0.06676752512416297,0.30711423114103287,0.020622905668939644
2025-11-08 15:00:00+00:00,-0.14744974021772944,-0.28053008240867877,0.1522995870505532,-0.061040951323768876,-0.0507379892196996,0.3061730536086161,0.026219554417876385
2025-11-08 16:00:00+00:00,-0.15348491065749495,-0.27091492886908936,0.129181440453995,-0.06723929353198953,-0.0693861630342435,0.30730072956191995,0.02002258193704808
2025-11-08 17:00:00+00:00,-0.17341290188006103,-0.27091492886908936,0.10505839465736493,-0.06723929353198953,-0.07853572352303305,0.30730072956191995,0.01067283574300424
2025-11-08 18:00:00+00:00,-0.19655287288013856,-0.26300224770659375,0.08412217192505578,-0.07344281830049564,-0.08710926526330952,0.3061371953276699,0.0013609735853107703
2025-11-08 19:00:00+00:00,-0.2026653002086052,-0.26300224770659375,0.07150910727191503,-0.07344281830049564,-0.09127856806651621,0.3061371953276699,-0.0034920267896472925
2025-11-08 20:00:00+00:00,-0.2051937175662813,-0.26098341035005024,0.05848773204078098,-0.07344281830049564,-0.09127856806651621,0.3061371953276699,-0.008285652766134912
2025-11-08 21:00:00+00:00,-0.20675830343244425,-0.25896095030364463,0.04756735940302189,-0.0703828466922453,-0.09539997786083963,0.3061371953276699,-0.013019179239957846
2025-11-08 22:00:00+00:00,-0.20853255109855742,-0.25896095030364463,0.03305198435097905,-0.0703828466922453,-0.10010349014304405,0.3061371953276699,-0.017771093276478644
2025-11-08 23:00:00+00:00,-0.21139772607532942,-0.25896095030364463,0.024168471491078154,-0.0703828466922453,-0.10547912752944996,0.3061371953276699,-0.021066107091043566
2025-11-09 00:00:00+00:00,-0.216563752705078,-0.25896095030364463,0.013395269049147007,-0.073886785191626,-0.11570237105742281,0.3067567047227998,-0.024397199987619085
2025-11-09 01:00:00+00:00,-0.22379309196719427,-0.25896095030364463,0.00608078428193595,-0.07741663496627596,-0.11570237105742281,0.3067567047227998,-0.027765433704725156
2025-11-09 02:00:00+00:00,-0.22520831048211767,-0.25896095030364463,0.0050334213243465814,-0.07800151345320593,-0.11541140910068012,0.3067567047227998,-0.028233147884149275
2025-11-09 03:00:00+00:00,-0.2281101424450806,-0.256210245370207,0.003974737385158914,-0.07859281828940531,-0.11541140910068012,0.3068323001216891,-0.02898035484784265
2025-11-09 04:00:00+00:00,-0.23054694429938877,-0.256210245370207,0.0027336997578592294,-0.07919069623991232,-0.11586900488238695,0.30702011641655835,-0.029233482312606956
2025-11-09 05:00:00+00:00,-0.23207724036402874,-0.256210245370207,0.0014547619163510605,-0.07979529871134101,-0.11559237687501857,0.3071323748744248,-0.02958472205990713
2025-11-09 06:00:00+00:00,-0.23757220735629922,-0.25961494884235636,0.005232795584996701,-0.07963830139932848,-0.11335871670887106,0.30803953725981054,-0.027789732303199866
2025-11-09 07:00:00+00:00,-0.23633172435667324,-0.2628327880144213,0.01587921520028913,-0.07963830139932848,-0.10889995512371058,0.3076120747348078,-0.025063718590526234
2025-11-09 08:00:00+00:00,-0.23550282423737676,-0.2628327880144213,0.02489561331760703,-0.07963830139932848,-0.10450409553275246,0.30722067654435287,-0.022357347382839506
2025-11-09 09:00:00+00:00,-0.2346729242155752,-0.2628327880144213,0.03404120341676733,-0.07963830139932848,-0.1007856670377204,0.30722067654435287,-0.018354384024423187
2025-11-09 10:00:00+00:00,-0.2339800669098013,-0.2628327880144213,0.04492162295427583,-0.0770054094840495,-0.0970698528688894,0.30682922868511264,-0.015739322626834334
2025-11-09 11:00:00+00:00,-0.2331480194179713,-0.26604749838694736,0.05419265564249645,-0.07437130796666576,-0.09335624580247555,0.30643773040446354,-0.011833952210990055
2025-11-09 12:00:00+00:00,-0.23379676026419077,-0.27177354253604646,0.06776449043933003,-0.07046923710986719,-0.08736879893311783,0.30653498935136236,-0.00743130707443665
2025-11-09 13:00:00+00:00,-0.2266065592705494,-0.27918906408273786,0.09399708554906461,-0.06485355273419559,-0.0795025958454429,0.7877363257940415,-0.0019183304453161928
2025-11-09 14:00:00+00:00,-0.21675832290995678,-0.27918906408273786,0.12046117563234324,-0.0592327389084363,-0.07208236298567902,0.7900084370716075,0.0035915420077985236
2025-11-09 15:00:00+00:00,-0.20538941805107172,-0.27918906408273786,0.14437535229333717,-0.053606463715306814,-0.05659654230579628,0.7923769903067798,0.009098610753009771
2025-11-09 16:00:00+00:00,-0.21385197017896632,-0.27918906408273786,0.12258606462153734,-0.060021774362814334,-0.06563601358940382,0.8020461031217775,0.0028927531100445144
2025-11-09 17:00:00+00:00,-0.22489669387288427,-0.27918906408273786,0.09663289000053873,-0.06644629285280436,-0.08321923805926285,0.8039547260728228,-0.0033052953042082465
2025-11-09 18:00:00+00:00,-0.2317319839620915,-0.27918906408273786,0.07067021865523024,-0.06644629285280436,-0.1006335799722242,0.8071745640056958,-0.009482284658706546
2025-11-09 19:00:00+00:00,-0.23371939562624225,-0.27918906408273786,0.04467336652549562,-0.06021414132795415,-0.11789048636185774,0.8103937659466275,-0.012558345484554864
2025-11-09 20:00:00+00:00,-0.22757417795371612,-0.2718569674100679,0.028157084718336355,-0.053259910593567425,-0.1208575264569336,0.8141514170477671,-0.014227371530376459
2025-11-09 21:00:00+00:00,-0.22862403601770498,-0.2718569674100679,0.01622722705469336,-0.04996723413495828,-0.125655306445143,0.8152542979089524,-0.017456278720322165
2025-11-09 22:00:00+00:00,-0.2296079916702048,-0.2718569674100679,0.004367020288642593,-0.04996723413495828,-0.13612339905620086,0.8163635313961267,-0.022386348276347497
2025-11-09 23:00:00+00:00,-0.2296079916702048,-0.2718569674100679,-0.0036230872177500425,-0.053606992039206484,-0.14678549266510457,0.8173003970713537,-0.025812625444857084
2025-11-10 00:00:00+00:00,-0.23356734339321034,-0.264792453366409,-0.011796755119461141,-0.05765824650843089,-0.15267924781751077,0.8182772483863068,-0.03113777421606869
2025-11-10 01:00:00+00:00,-0.24471842491732898,-0.2660117772468074,-0.024031774600828518,-0.07038841065556117,-0.16179343167414373,0.8155651391525645,-0.038877892787737005
2025-11-10 02:00:00+00:00,-0.24777701148271428,-0.2633240296011948,-0.025469689019262852,-0.07158609360687217,-0.16179343167414373,0.8146307047083466,-0.03951059473371797
2025-11-10 03:00:00+00:00,-0.24990703817222404,-0.2633240296011948,-0.026542500624961447,-0.07382764829186712,-0.16359458085334574,0.8140562936238241,-0.04052719983107618
2025-11-10 04:00:00+00:00,-0.2515073393540508,-0.2633240296011948,-0.02764957100092268,-0.07788212224902868,-0.16543964379529186,0.8135149544339799,-0.04118738497142099
2025-11-10 05:00:00+00:00,-0.25627935760485815,-0.2664370587612428,-0.030491392627741882,-0.0848219701319862,-0.17012896220774415,0.8121370194281202,-0.04419172237526246
2025-11-10 06:00:00+00:00,-0.25627935760485815,-0.2664370587612428,-0.027274306855420087,-0.0848219701319862,-0.16264883860605217,0.8104183487760422,-0.04419172237526246
2025-11-10 07:00:00+00:00,-0.26083145260697715,-0.2664370587612428,-0.01889630255352673,-0.08765334594735862,-0.15895636433908497,0.8104183487760422,-0.04142802068466002
2025-11-10 08:00:00+00:00,-0.26083145260697715,-0.27120155212582503,-0.010397484239333427,-0.08765334594735862,-0.15415644863942626,0.8099602047005217,-0.03868311231552269
2025-11-10 09:00:00+00:00,-0.2547023916643779,-0.26932438132921627,0.005465182597019855,-0.09258843297364733,-0.14858185333882526,0.8076177484778895,-0.03291560202454994
2025-11-10 10:00:00+00:00,-0.25282495484221856,-0.2674702650924843,0.013965431618492443,-0.09468203510188607,-0.14310035779724958,0.8053566583993061,-0.02724711784236452
2025-11-10 11:00:00+00:00,-0.25046534936390447,-0.2674702650924843,0.02496361774334435,-0.0885717396297558,-0.13499415115825805,0.8028500697156478,-0.02446554658522862
2025-11-10 12:00:00+00:00,-0.25046534936390447,-0.2674702650924843,0.039530670864341484,-0.08245207751010132,-0.1268684619883007,0.8016063665208124,-0.02446554658522862
2025-11-10 13:00:00+00:00,-0.23959039504828086,-0.25773193763479946,0.05902487344418581,-0.07498708171142111,-0.1114566223277298,0.7985136217571795,-0.020144878401693576
2025-11-10 14:00:00+00:00,-0.236817325183446,-0.25773193763479946,0.07303441947609277,-0.07498708171142111,-0.10268604998943097,0.7985966550689714,-0.014635622186368064
2025-11-10 15:00:00+00:00,-0.2328862171774284,-0.25773193763479946,0.10101522767805117,-0.07498708171142111,-0.07831119908776878,0.7965807682000395,-0.001960075412141125
2025-11-10 16:00:00+00:00,-0.23551521024292418,-0.25773193763479946,0.07992372646708068,-0.07498708171142111,-0.08748635588637649,0.7965807682000395,-0.005150526925878985
2025-11-10 17:00:00+00:00,-0.24061576792344638,-0.25773193763479946,0.05932531665336906,-0.07498708171142111,-0.09657127493872128,0.7987535584823692,-0.011501494846374694
2025-11-10 18:00:00+00:00,-0.24539921770380568,-0.25773193763479946,0.04235665284017053,-0.07498708171142111,-0.09657127493872128,0.7987535584823692,-0.014668711856342876
2025-11-10 19:00:00+00:00,-0.24792873455122577,-0.25396578182570706,0.028505680480088957,-0.06746726719556584,-0.1006082019337931,0.8030663709553484,-0.01696859570828325
2025-11-10 20:00:00+00:00,-0.25158478293724884,-0.24365148922017119,0.014639355754677305,-0.05979330329539161,-0.10005122098422664,0.8039583938763543,-0.016407858667889658
2025-11-10 21:00:00+00:00,-0.2563684791960066,-0.2413088261309995,0.0033400427647533077,-0.05624562024811717,-0.10543762857593182,0.8025734114950153,-0.02277599438355717
2025-11-10 22:00:00+00:00,-0.2593817518576447,-0.2413088261309995,-0.0077525121930891346,-0.052433924415098546,-0.11084941562484524,0.8011938316149523,-0.0244312057021598
2025-11-10 23:00:00+00:00,-0.26081351654857277,-0.2358637164002009,-0.014568899306967736,-0.052433924415098546,-0.11084941562484524,0.8011938316149523,-0.02791895756282887
2025-11-11 00:00:00+00:00,-0.26606696999983165,-0.24398943179017735,-0.025997283408106836,-0.06187446123167812,-0.12088326428224766,0.7996868545755714,-0.03988896934675162
2025-11-11 01:00:00+00:00,-0.26748065562684953,-0.24126143332713967,-0.027440825000959273,-0.06187446123167812,-0.12279554154264859,0.7996868545755714,-0.04107824174030552
2025-11-11 02:00:00+00:00,-0.27159541824573585,-0.2443732404538118,-0.033872431615351674,-0.07114885574246872,-0.13389809196267477,0.7981393759185981,-0.04770778065148646
2025-11-11 03:00:00+00:00,-0.2757777762770514,-0.24748369742998688,-0.042083228965016914,-0.0783394804257737,-0.1396899789995854,0.7966089385860229,-0.05439295290949316
2025-11-11 04:00:00+00:00,-0.28196358348864564,-0.2559057849254327,-0.06003208441075961,-0.0914176173499004,-0.14893354256385316,0.791356830649937,-0.06166242281416559
2025-11-11 05:00:00+00:00,-0.2882432509826519,-0.2614708988493669,-0.07696011414671598,-0.10473725702510205,-0.1584454054215474,0.7862212345468909,-0.06805548186468197
2025-11-11 06:00:00+00:00,-0.2908651563737016,-0.26387641074545837,-0.08919595303029931,-0.11042061356190357,-0.1617160257953909,0.7826075740867475,-0.07446563958379687
2025-11-11 07:00:00+00:00,-0.2943668484603062,-0.2648371118306768,-0.08713458853292023,-0.11123525534222711,-0.1592447888321721,0.7824827649775838,-0.07542357944279095
2025-11-11 08:00:00+00:00,-0.2979319356218549,-0.2704188630646471,-0.08649704715788999,-0.11206144249871605,-0.16008031067666534,0.7823563871052045,-0.07894932653407322
2025-11-11 09:00:00+00:00,-0.3001597995743554,-0.27143841885739123,-0.08438023304971276,-0.11289942356064135,-0.16092776344316312,0.7837634118199245,-0.08121676508126471
2025-11-11 10:00:00+00:00,-0.30012734564277915,-0.2724727212455914,-0.08085349801915559,-0.11105837534252538,-0.15838157092777394,0.7836413023171788,-0.08103891330090027
2025-11-11 11:00:00+00:00,-0.30081176108365415,-0.2754783973653776,-0.0759292112910126,-0.10696171373201496,-0.14528703389642283,0.7887663237904201,-0.0808386982222548
2025-11-11 12:00:00+00:00,-0.30389983305318563,-0.2785562192988797,-0.07088209839921342,-0.1091028477829344,-0.13896596719834836,0.7877831823634537,-0.08063586406133848
2025-11-11 13:00:00+00:00,-0.30965460080575014,-0.27426208994371876,-0.06934480004715413,-0.11129425121902604,-0.14109609515211138,0.7855700210979571,-0.0804303691449706
2025-11-11 14:00:00+00:00,-0.3155532397450235,-0.2774058260762131,-0.06777402805400277,-0.11353785958101116,-0.14327760978636425,0.7832814655184693,-0.0830276907088515
2025-11-11 15:00:00+00:00,-0.3221263573559686,-0.28356485054376607,-0.05972823773754561,-0.11757803426894323,-0.13343352815060094,0.7803425647059593,-0.08749650918812873
2025-11-11 16:00:00+00:00,-0.31972001268686695,-0.28346423271399385,-0.06705699701699783,-0.11639310849314938,-0.13266683397046383,0.7842744537147636,-0.08550754714354594
2025-11-11 17:00:00+00:00,-0.31725653290634853,-0.2750338785613824,-0.06996001965215243,-0.11518139787564406,-0.13188563582380408,0.780869690966818,-0.08020853796585502
2025-11-11 18:00:00+00:00,-0.31221869028452126,-0.26628741369123893,-0.07294712353747754,-0.11394184407214995,-0.13108948209987276,0.7810395258564821,-0.07148897313193191
2025-11-11 19:00:00+00:00,-0.30702548004041413,-0.265947788514498,-0.07602246994009776,-0.10490178102208784,-0.13027790068863668,0.7786343358640476,-0.0624710440985572
2025-11-11 20:00:00+00:00,-0.3028322962463164,-0.2586490165884972,-0.07759587186961375,-0.09610689051649399,-0.12412554221354079,0.777828951543432,-0.05565708401510426
2025-11-11 21:00:00+00:00,-0.29693684002845583,-0.2510184370660719,-0.07919807282957268,-0.09081063015666947,-0.12336827779462718,0.7770069740654036,-0.05043470233873094
2025-11-11 22:00:00+00:00,-0.2924736828589246,-0.24569607353458742,-0.0835601150998208,-0.08968221840809723,-0.12259791476878998,0.7761678844596059,-0.05076824599485371
2025-11-11 23:00:00+00:00,-0.29339095780021757,-0.24472364408855438,-0.09723812692683821,-0.09327769446558364,-0.13649787668217173,0.7750124638339977,-0.0572249765844908
2025-11-12 00:00:00+00:00,-0.29339095780021757,-0.23677903840414333,-0.08688421655187897,-0.09940661721297273,-0.13649787668217173,0.7730658557898631,-0.05942163580477624
2025-11-12 01:00:00+00:00,-0.2943531486928567,-0.23373194399475672,-0.08568276713974968,-0.09940661721297273,-0.13649787668217173,0.7738166055927077,-0.05942163580477624
2025-11-12 02:00:00+00:00,-0.29532233501160593,-0.23076310740248676,-0.08223628729014931,-0.09940661721297273,-0.13649787668217173,0.7745812730846702,-0.06119226094536943
2025-11-12 03:00:00+00:00,-0.29532233501160593,-0.22786891160923847,-0.0777775880566746,-0.09940661721297273,-0.13649787668217173,0.7753600195320625,-0.06119226094536943
2025-11-12 04:00:00+00:00,-0.29948311646921466,-0.23263775473978462,-0.0891851055077641,-0.10985100984368726,-0.14082980191019778,0.7744042352365214,-0.06632314692918884
2025-11-12 05:00:00+00:00,-0.30364315801304237,-0.23561105323826098,-0.09890193451442453,-0.11640360782138723,-0.14515720260500245,0.7744478441578293,-0.07090801283290649
2025-11-12 06:00:00+00:00,-0.3071026915921353,-0.23561105323826098,-0.10511078583723926,-0.11640360782138723,-0.1427840341894772,0.7762291626624624,-0.07090801283290649
2025-11-12 07:00:00+00:00,-0.316254834013505,-0.2380249970594489,-0.11940891355927379,-0.1148365793398198,-0.14139805572438235,0.7762000382476325,-0.06898894848279327
2025-11-12 08:00:00+00:00,-0.3208617796790902,-0.24042207334004587,-0.13312028263552797,-0.11662187544633149,-0.14489271130542694,0.7771555696244699,-0.06706032400947465
2025-11-12 09:00:00+00:00,-0.32369842221540157,-0.2379864621981826,-0.14846451149362144,-0.1183683394845156,-0.15231810024648432,0.7780972029214586,-0.06377674974385442
2025-11-12 10:00:00+00:00,-0.32806229727450814,-0.24328501340602013,-0.16561775623824387,-0.12334358263261289,-0.15613984407950074,0.7790251839721392,-0.0637552903892148
2025-11-12 11:00:00+00:00,-0.33297764568307187,-0.25227431142844875,-0.1890687048306817,-0.13164644151465937,-0.1680547120025159,0.7798983243855854,-0.06354126730164054
2025-11-12 12:00:00+00:00,-0.3402790420699426,-0.24904689648388756,-0.2106681940528791,-0.13978328048237307,-0.17968621216230368,0.7816939247666166,-0.06333436492923324
2025-11-12 13:00:00+00:00,-0.3460205533817206,-0.24587863207225316,-0.2308374175775702,-0.1376613317239165,-0.1875819841943516,0.7834546204720879,-0.06313431543134859
2025-11-12 14:00:00+00:00,-0.3483669370675348,-0.23901984998458842,-0.2555238569556695,-0.12693559307500296,-0.21108614443592597,0.786627422347464,-0.05945341540779573
2025-11-12 15:00:00+00:00,-0.34996426563906935,-0.23974038223628996,-0.274715392332638,-0.12463841106532908,-0.2132263026607713,0.7918795510744816,-0.057581468153353674
2025-11-12 16:00:00+00:00,-0.3420496762892028,-0.23948598832658277,-0.25805767594372747,-0.12781653203809296,-0.20610316703707182,0.7638641146160463,-0.05302080424090566
2025-11-12 17:00:00+00:00,-0.3314443872670375,-0.23033871492131527,-0.24188424520151341,-0.11425487333067463,-0.18834524023351465,0.7342986211520602,-0.04838361335717323
2025-11-12 18:00:00+00:00,-0.32272015704764423,-0.21950482166799046,-0.24041011115534003,-0.10405173555410854,-0.1763764015328731,0.7334633973435379,-0.04194822780895327
2025-11-12 19:00:00+00:00,-0.3117008014601562,-0.18750325344762758,-0.2059764076440904,-0.050611059867239655,-0.13539505279790873,0.7366964730996993,-0.023610762576557053
2025-11-12 20:00:00+00:00,-0.30391224958982815,-0.15730851486588596,-0.17464934393803141,-0.03391690038230549,-0.10542468589502076,0.7403855833648921,-0.016791552571167812
2025-11-12 21:00:00+00:00,-0.3048304056469658,-0.13876465592037937,-0.1535794896191162,-0.02120377863571473,-0.07637329846376173,0.74229234826922,-0.01367482932268928
2025-11-12 22:00:00+00:00,-0.31576280946384533,-0.12425979114946156,-0.1382256738822325,-0.012954492188342501,-0.06058651028309337,0.7441648888161275,-0.018778162186886518
2025-11-12 23:00:00+00:00,-0.3274288155226067,-0.10373831577271266,-0.1266940926023512,0.0030387671743736257,-0.0276289269935951,0.7473316826602224,-0.032111140634859
2025-11-13 00:00:00+00:00,-0.3349331512998613,-0.06679049697778347,-0.11772142002916403,0.037879699497858146,-0.0028462743736845,0.7487336604938888,-0.04250499455056243
2025-11-13 01:00:00+00:00,-0.3318292854796088,-0.02125023775652048,-0.10378523636710622,0.07074677119157997,0.02219466897930237,0.751958955607049,-0.04032154907645772
2025-11-13 02:00:00+00:00,-0.32462010820502074,0.0097853570404886,-0.08594331210816485,0.10027600213159513,0.046800482423256226,0.7545455467717715,-0.03802300523251284
2025-11-13 03:00:00+00:00,-0.31754762001158493,0.04561137257071376,-0.06922497274350078,0.12703418104941291,0.0692557810187001,0.7548256133202912,-0.035080917688160546
2025-11-13 04:00:00+00:00,-0.31060583709804285,0.07092767768239475,-0.052716890345953026,0.1514547062877881,0.09825560378371045,0.7551301045782365,-0.02848176662191242
2025-11-13 05:00:00+00:00,-0.30159803582155376,0.09586469576497876,-0.035814450723061816,0.1729639517623331,0.11744993363723939,0.7537589581673927,-0.01809253791802907
2025-11-13 06:00:00+00:00,-0.2927474967815048,0.11637536059993236,-0.02161975407704782,0.19264388408560296,0.13532278831280695,0.7483076541559626,-0.015015631333458726
2025-11-13 07:00:00+00:00,-0.29287552506708414,0.1332988502572134,-0.010158369110943305,0.20712619880162905,0.15200089613645387,0.7363104529458769,-0.01811799007142684
2025-11-13 08:00:00+00:00,-0.30336052909541256,0.14896489894785797,0.0006330991500947962,0.20503461061783107,0.16536384460767542,0.718528664780574,-0.028097048562210545
2025-11-13 09:00:00+00:00,-0.31576729031132494,0.1634942006235028,0.012788491727347277,0.20279326264975378,0.18002325633596075,0.700688999123781,-0.035290737988544714
2025-11-13 10:00:00+00:00,-0.33013876374249357,0.17723311292228927,0.02925419549080089,0.19643466309405913,0.19720047842147703,0.6761474637691598,-0.03800007138758668
2025-11-13 11:00:00+00:00,-0.3415936347222368,0.18997179891243657,0.04501256835669317,0.18981849724131236,0.20875964681488868,0.6450494331510933,-0.04338480192188749
2025-11-13 12:00:00+00:00,-0.35558445163654795,0.2017972150385236,0.055564976147603015,0.18293424941551334,0.21959067874171742,0.6076115041112573,-0.04859188404963595
2025-11-13 13:00:00+00:00,-0.3724482128853683,0.2127847186317444,0.06320876609397387,0.17577074751003297,0.224260283493052,0.5702056430195722,-0.05362710592797315
2025-11-13 14:00:00+00:00,-0.3955184272821765,0.2136246317063205,0.06616050541055676,0.16446266655551492,0.2243929755268827,0.5229044397227179,-0.06612160336610205
2025-11-13 15:00:00+00:00,-0.4144512731230547,0.20895793885933023,0.07161441683633227,0.16052752817571694,0.23288048965952582,0.47036747170971815,-0.07851895275735667
2025-11-13 16:00:00+00:00,-0.41780082509700395,0.21491948311068737,0.0903708891738541,0.17240051501258521,0.24971122380304941,0.462092653583391,-0.08973063926791558
2025-11-13 17:00:00+00:00,-0.421665467683003,0.22164094590872818,0.11105016717962715,0.18440851300146816,0.27401158902880535,0.462092653583391,-0.11119211421521503
2025-11-13 18:00:00+00:00,-0.42682482551357,0.2284330976597488,0.13140791977135835,0.19076812562102954,0.2981714261784606,0.453789031754875,-0.13013829380108974
2025-11-13 19:00:00+00:00,-0.43095371770798646,0.22216072155062738,0.1474440853203757,0.1955014072920311,0.3154763252059698,0.4490312998112639,-0.1541672827321245
2025-11-13 20:00:00+00:00,-0.435521322193425,0.21302412377713714,0.16301793252806498,0.19874070916638675,0.3324683185669598,0.4443734782409049,-0.17465515670941872
2025-11-13 21:00:00+00:00,-0.44042707929110925,0.20396026970612688,0.17815980345618523,0.19477164522831192,0.3443960916278696,0.44305523116796836,-0.193900965956794
2025-11-13 22:00:00+00:00,-0.44607795572870573,0.20442514584033886,0.19561818077951568,0.19302965294935723,0.3507376792386514,0.44619793787018064,-0.20968987455850222
2025-11-13 23:00:00+00:00,-0.45262969081064447,0.20707251300781201,0.21032366464172794,0.19949699064975704,0.3588136441361358,0.44933131015375466,-0.2198854738494783
2025-11-14 00:00:00+00:00,-0.45708539436239826,0.21185079617612634,0.22436615167968585,0.21188095122541023,0.3687575468121329,0.4524555804138152,-0.22732257736508305
2025-11-14 01:00:00+00:00,-0.4609705016862575,0.22094627550831686,0.2378768770213572,0.22109162060663431,0.37845013282323503,0.45775944819344566,-0.2272683527189909
2025-11-14 02:00:00+00:00,-0.46388550326740263,0.22971307243904945,0.25060116178437397,0.2299659769383983,0.38765821382614624,0.45750704875049625,-0.22914459115367375
2025-11-14 03:00:00+00:00,-0.4662842285441034,0.23816665876175983,0.26261014190960774,0.23852008201387984,0.3975909601823504,0.45239866791732786,-0.23454598156704934
2025-11-14 04:00:00+00:00,-0.4686019665884195,0.24713038201321738,0.2739656014592706,0.24676893485713527,0.4059300700545256,0.44343069546287706,-0.23977238572984674
2025-11-14 05:00:00+00:00,-0.47037178476917635,0.2555964500406141,0.2843096996484413,0.25247098227302744,0.41477859212830476,0.4340508917968273,-0.24088982142997414
2025-11-14 06:00:00+00:00,-0.4730330802560736,0.2609603631764722,0.29318814164913937,0.24945058385645885,0.42319878715168185,0.42038135940124055,-0.247417888059321
2025-11-14 07:00:00+00:00,-0.47907925460895867,0.25588145852096544,0.29832265220471255,0.24099375016532587,0.4271655036509902,0.4049427024613931,-0.261250010385214
2025-11-14 08:00:00+00:00,-0.48594130045390016,0.25271428896243553,0.3041228980426343,0.23260839160081292,0.4308981840083756,0.3854044944364844,-0.2752585417259441
2025-11-14 09:00:00+00:00,-0.4925392153959608,0.24948516478948235,0.3095200237104509,0.22429024555408852,0.43440518123722577,0.3620477401428241,-0.2871448607094927
2025-11-14 10:00:00+00:00,-0.49729577933289315,0.2444915008500756,0.3169330034269209,0.21428118555157077,0.44209153715605454,0.3396718778473494,-0.2981438184710785
2025-11-14 11:00:00+00:00,-0.5001857902840543,0.24524294667935734,0.323975083782211,0.20427926566934704,0.44434470805041987,0.3141427648252982,-0.303753328531232
2025-11-14 12:00:00+00:00,-0.5028589313024251,0.2460609549553677,0.3289663425814418,0.1942772987180978,0.44638266941089483,0.273210122911935,-0.31100112970129845
2025-11-14 13:00:00+00:00,-0.505322412992991,0.2537967441449163,0.33362066065284707,0.18426798628640384,0.4535612626204704,0.22367189150128175,-0.31786226415675084
2025-11-14 14:00:00+00:00,-0.5092563419610813,0.24870729049363346,0.33573506770525513,0.17424388888537626,0.4552245958560777,0.175266132010338,-0.3243593882037686
2025-11-14 15:00:00+00:00,-0.5147068974493644,0.2423951990838367,0.33682842765604,0.1626552511576767,0.457026136197046,0.12998413857718505,-0.33136999020289337
2025-11-14 16:00:00+00:00,-0.5236133848610074,0.2423951990838367,0.34947554976822376,0.1626552511576767,0.4680245084247551,0.11939017641589433,-0.3436610350619798
2025-11-14 17:00:00+00:00,-0.5311366689028436,0.23674109394971837,0.3606764600772651,0.1626552511576767,0.4854163889682017,0.11195834137823278,-0.3512998429652321
2025-11-14 18:00:00+00:00,-0.5386522097118122,0.2304163324966757,0.3736554528952351,0.1626552511576767,0.5030076360882033,0.10448122526791268,-0.3574600888613581
2025-11-14 19:00:00+00:00,-0.5459994353668115,0.20900311561323962,0.3837107435019913,0.15608294668076056,0.5158648619868837,0.10046824167830981,-0.3728898033356225
2025-11-14 20:00:00+00:00,-0.553065038760851,0.18832494154136145,0.3935180446748719,0.14962833308921333,0.5244962917530424,0.09661679024089626,-0.38998637717487494
2025-11-14 21:00:00+00:00,-0.5594065181685232,0.15988303382504798,0.40309216055084823,0.14328610481401968,0.5369444110897553,0.08976966319488407,-0.40551341879668695
2025-11-14 22:00:00+00:00,-0.5624191653477578,0.14922865971250723,0.4106000379273695,0.14253802537076207,0.5432440211203956,0.0852438614014024,-0.4109083474897251
2025-11-14 23:00:00+00:00,-0.5684825853075638,0.1447974865338952,0.41776859229946345,0.14404812469069128,0.5468998837383279,0.08079926974731358,-0.4211620300613587
2025-11-15 00:00:00+00:00,-0.5762667170942386,0.14460559536943304,0.42433515877111067,0.1495276503120587,0.550491777576119,0.07643440623176333,-0.4300977818400878
2025-11-15 01:00:00+00:00,-0.5834736759836172,0.1444176260684457,0.4307546816999411,0.15492273492988387,0.5565933735049725,0.07269689070862989,-0.4404768292945921
2025-11-15 02:00:00+00:00,-0.5845743926993845,0.1445599616051934,0.4296454653282626,0.1551110685665387,0.556421550091157,0.07206262819776191,-0.44178831378999195
2025-11-15 03:00:00+00:00,-0.5856936762153134,0.14616253455232142,0.42856820712860877,0.1552423113177059,0.5561552145509729,0.07087764020945683,-0.4422610470920515
2025-11-15 04:00:00+00:00,-0.5875747939452032,0.149744410311167,0.42751852457657485,0.15635845179050234,0.5559754422261888,0.06900562612979186,-0.4427166489190529
2025-11-15 05:00:00+00:00,-0.5895141596117268,0.1499461513977179,0.4264924163552704,0.15638708732350393,0.5556903479154837,0.06721548476454033,-0.443155710955045
2025-11-15 06:00:00+00:00,-0.5869669749411435,0.14921464388622932,0.42342211549915276,0.15381975636134831,0.5533183966613907,0.06405249252400894,-0.4427787832601595
2025-11-15 07:00:00+00:00,-0.5843966537310749,0.1508759281828772,0.4202322705646659,0.14999268490222242,0.5499548000680802,0.06029975302750345,-0.44075109528931855
2025-11-15 08:00:00+00:00,-0.5817250605277302,0.14477434058769142,0.4168189765595512,0.14448913345356895,0.5474013523484768,0.054994432863327954,-0.43785605993594046
2025-11-15 09:00:00+00:00,-0.578710212597198,0.1387791090547656,0.4132717343515746,0.14297224580771078,0.5447658674079124,0.04918034081076207,-0.4340201950620265
2025-11-15 10:00:00+00:00,-0.5755885302386216,0.14100972285005228,0.4109247731891888,0.13749157121732705,0.5484604329351065,0.04362993079274252,-0.4293316692923981
2025-11-15 11:00:00+00:00,-0.5723556753342802,0.13917822777592587,0.40848679427246587,0.13610060954899386,0.5456869844021744,0.03529601222522087,-0.4247525944775322
2025-11-15 12:00:00+00:00,-0.5661966340784959,0.13862583345100157,0.4032597791815103,0.13534713699580586,0.5416993399941618,0.024688545839467273,-0.4200288601457999
2025-11-15 13:00:00+00:00,-0.5597420157312105,0.1383290498688298,0.39937239575539585,0.12763476789563027,0.5431502672403616,0.014181769812661794,-0.41530087530722104
2025-11-15 14:00:00+00:00,-0.551884973087359,0.13829058593782964,0.39531785684510884,0.11982499412127352,0.544645389829928,0.003949966992427625,-0.410550218008177
2025-11-15 15:00:00+00:00,-0.5447387841961997,0.13851382277096136,0.3910892127668589,0.11191104006741147,0.5408241587765061,-0.00832515652992714,-0.40575970799671807
2025-11-15 16:00:00+00:00,-0.5602733881238863,0.13088267218534383,0.3998916949083675,0.11191104006741147,0.5494623369624586,-0.017010097683726726,-0.4151900393703044
2025-11-15 17:00:00+00:00,-0.5661883665762495,0.12692416643569487,0.410493029425467,0.10784916959207816,0.5545792691530654,-0.021389473319679723,-0.4221854093868626
2025-11-15 18:00:00+00:00,-0.567685746851068,0.12299656565767791,0.4212522018143408,0.10784916959207816,0.5612972941128294,-0.02430982253090949,-0.4281012044070434
2025-11-15 19:00:00+00:00,-0.5726545026924574,0.11311811841431377,0.42540811302499687,0.10127166226058562,0.5535248386518493,-0.024389276238797303,-0.4378523862026481
2025-11-15 20:00:00+00:00,-0.57841096421304,0.08926584464163367,0.42888801143485794,0.09125696303089094,0.5340772648365145,-0.027456534779143053,-0.45221694809006446
2025-11-15 21:00:00+00:00,-0.5840605198901413,0.049169499750158906,0.4312719408162732,0.08152845350129169,0.5292081771346029,-0.030336592581830277,-0.4657128467611364
2025-11-15 22:00:00+00:00,-0.5862045923149241,0.034655206878729305,0.43702472826759126,0.07852713178171297,0.5291434750669899,-0.031961584674271105,-0.46954284777859157
2025-11-15 23:00:00+00:00,-0.5896143631616187,0.026613282955854734,0.442379014405828,0.07829183716778136,0.5301289263542466,-0.033544450496840746,-0.47610159437097
2025-11-16 00:00:00+00:00,-0.5940117618594143,0.02425167385035792,0.44799424052459075,0.08145329338866787,0.5354303912408808,-0.03508552669849464,-0.4808574854805687
2025-11-16 01:00:00+00:00,-0.597603409872279,0.023587792916058038,0.4487043924366865,0.08209919318398354,0.5381430912990401,-0.03567813138622554,-0.4846208995175413
2025-11-16 02:00:00+00:00,-0.5983837141365189,0.023667061512884596,0.446705156042631,0.08264172671899081,0.5384664749612545,-0.03485774988817144,-0.4839557832430007
2025-11-16 03:00:00+00:00,-0.598530643016489,0.025537288267757578,0.4451628450038366,0.08315016353255153,0.5379268617610421,-0.03426857176455105,-0.4832713942173444
2025-11-16 04:00:00+00:00,-0.5994008967623244,0.025696721902706828,0.4436033778848651,0.08362465482949176,0.5373696454968183,-0.033638873440969635,-0.48280760425562264
2025-11-16 05:00:00+00:00,-0.6003346871057857,0.025888183540371736,0.44287381705020284,0.08406534297596492,0.5383991162938178,-0.033960327357581525,-0.4819249229299887
2025-11-16 06:00:00+00:00,-0.5966993399404875,0.026366605785500014,0.4376127073830291,0.07983410806205593,0.5348111671032992,-0.03589305900383381,-0.47919024073894206
2025-11-16 07:00:00+00:00,-0.5929294396379473,0.026314163518194617,0.4316483106189159,0.0749074513049462,0.5299977085690744,-0.03775006054933677,-0.4758296911483278
2025-11-16 08:00:00+00:00,-0.5894369819453139,0.02232035609129189,0.42543575136905704,0.06913302362720665,0.524984037787503,-0.04155548643230457,-0.47250526194065434
2025-11-16 09:00:00+00:00,-0.5850170821615016,0.01848408310426897,0.41950173654062206,0.06332082675076518,0.5209135953775917,-0.04528114395850681,-0.4692081787303663
2025-11-16 10:00:00+00:00,-0.5800236819861818,0.01480087241906303,0.4133338738368397,0.057469132207997625,0.5167007064351813,-0.049013620329364585,-0.4640194547553413
2025-11-16 11:00:00+00:00,-0.5753256321736442,0.015458536590145337,0.4069203736688846,0.051576147414559036,0.5123396169612296,-0.05262929544188555,-0.4588328278349609
2025-11-16 12:00:00+00:00,-0.5684607462478127,0.01743807408891014,0.3960058739466953,0.04281266810610322,0.5055479073827288,-0.057907565768192955,-0.45363760388793584
2025-11-16 13:00:00+00:00,-0.5663816748320734,0.019717392972884253,0.38292100107074284,0.03388344954033107,0.49844247754549426,-0.06306718236718407,-0.4483536175519092
2025-11-16 14:00:00+00:00,-0.5666420302367856,0.015606647223234283,0.3690480648289861,0.02477680175190381,0.497315823627027,-0.07105126811477414,-0.44296875426740306
2025-11-16 15:00:00+00:00,-0.5644868711360852,0.01165424461333073,0.35607335967596665,0.015479985434316806,0.4897125952962476,-0.07888254799737703,-0.4374707714723564
2025-11-16 16:00:00+00:00,-0.5707924600739281,0.003984658267234671,0.3678578250392702,0.015479985434316806,0.49921373479800607,-0.08496064597412654,-0.44482798935758416
2025-11-16 17:00:00+00:00,-0.5755928098155223,-0.001074658227289896,0.3821081436816133,0.015479985434316806,0.5165612734733184,-0.08625586544968492,-0.4512022211058765
2025-11-16 18:00:00+00:00,-0.5770463993929086,-0.006074495292675608,0.39688583830956936,0.015479985434316806,0.534657549307068,-0.08751952372723697,-0.45759560878584227
2025-11-16 19:00:00+00:00,-0.5795699511761925,-0.016502531116652636,0.41064253258123307,0.012239628102375054,0.5515488435170645,-0.08780454044792323,-0.4681101141907493
2025-11-16 20:00:00+00:00,-0.5841463844566124,-0.03280891007632059,0.41267396792334876,0.002678506934867097,0.5554410130700799,-0.08161011168172863,-0.47779120498860844
2025-11-16 21:00:00+00:00,-0.5891729431013191,-0.04333919904622018,0.41746801052932736,-0.003577621085665998,0.5573793069077606,-0.07781018773692315,-0.4843524903389502
2025-11-16 22:00:00+00:00,-0.5906792721973413,-0.04855286111672188,0.42359186060729676,-0.0037128909902123266,0.5613800847590568,-0.07613606323426521,-0.4875438521259728
2025-11-16 23:00:00+00:00,-0.5935927493499079,-0.05156401086739072,0.4292474177827606,0.0019283144380285182,0.5675832203406231,-0.0746137500363635,-0.49176762420096615
2025-11-17 00:00:00+00:00,-0.5944471315602852,-0.05263520735981636,0.43344686176140124,0.012884985564383772,0.5702424864000843,-0.07304641064755477,-0.49290025600549064
2025-11-17 01:00:00+00:00,-0.588935744152892,-0.050152617196105254,0.4328774253843608,0.030859068857816748,0.570337495720489,-0.06643961030169872,-0.4873783885351698
2025-11-17 02:00:00+00:00,-0.5869039458459259,-0.04681615240256674,0.4301417666947741,0.03500012767402063,0.5698996124593546,-0.06266676812219388,-0.48484186675207236
2025-11-17 03:00:00+00:00,-0.5848392781550429,-0.04549118815163661,0.4273577667395552,0.03619507524878321,0.5674869874923595,-0.05888260493795241,-0.4825474318512061
2025-11-17 04:00:00+00:00,-0.5832030955152259,-0.04413415655024536,0.4245237967529846,0.037235574916354534,0.5650539447593502,-0.05502532786175295,-0.48020619196064807
2025-11-17 05:00:00+00:00,-0.5773657053436272,-0.04144400679871435,0.41748065866333994,0.04011028199551283,0.5613511920576525,-0.04916457035197886,-0.4744793904805244
2025-11-17 06:00:00+00:00,-0.5717913920950299,-0.03866918926549613,0.4108004206344682,0.03823982433862194,0.554556147434809,-0.043150036160449524,-0.46928509755410075
2025-11-17 07:00:00+00:00,-0.5645929922950595,-0.039986246892133634,0.40106077178066235,0.036533658604674515,0.5475060366895546,-0.03912781851538404,-0.4653174216961591
2025-11-17 08:00:00+00:00,-0.5618938840018163,-0.04119428659013851,0.3901853813190728,0.030282001261677398,0.5404803457308525,-0.03500101229228917,-0.46128079945797634
2025-11-17 09:00:00+00:00,-0.5607710267846698,-0.04324483825853235,0.3703676007129415,0.02822181203655828,0.530191956557604,-0.028703183561608114,-0.4562644788063522
2025-11-17 10:00:00+00:00,-0.5545869763001622,-0.0451689447379372,0.35310442039046186,0.02602142549755369,0.5192948719643017,-0.022110652891721025,-0.451087568584023
2025-11-17 11:00:00+00:00,-0.5489967156040179,-0.046967193886204246,0.3371434187076364,0.015900675280888843,0.5077357330429371,-0.01506629608429484,-0.44457268407658157
2025-11-17 12:00:00+00:00,-0.5431676145322437,-0.048639946794738584,0.3150348366376485,0.005269705784957559,0.4954546651697651,-0.01106908930532359,-0.4360821628377252
2025-11-17 13:00:00+00:00,-0.5502346295839902,-0.05131282367168949,0.27898959925919325,-0.009537754176578733,0.46940333939928197,-0.005582984813511992,-0.42965069797973454
2025-11-17 14:00:00+00:00,-0.5530385349140383,-0.05274647852869828,0.2490515196648877,-0.021540019473442817,0.4481194741335161,-0.004464287728122101,-0.42412438653163576
2025-11-17 15:00:00+00:00,-0.5525426293999156,-0.0497188445665912,0.21007148701153935,-0.04002298846428816,0.427633017270479,0.0017007131995140337,-0.41313524618807235
2025-11-17 16:00:00+00:00,-0.5565781199641882,-0.05338925219281415,0.22723022992306743,-0.035700277364667694,0.45077314839944255,-0.00024364024286984302,-0.4193803883825347
2025-11-17 17:00:00+00:00,-0.5597496100220116,-0.05703212299762707,0.24303526727198238,-0.03136416411834631,0.4759352777803578,-0.0012207382693919097,-0.4247682398535481
2025-11-17 18:00:00+00:00,-0.5623097484681904,-0.07872694183133273,0.2602042755446733,-0.02532413593036658,0.48751090486272464,0.0038490704473725626,-0.43497524046863334
2025-11-17 19:00:00+00:00,-0.5645038508130816,-0.1095531121014376,0.2641733479394873,-0.0233100187441347,0.49663603151430413,0.011772997323407218,-0.44045768205575536
2025-11-17 20:00:00+00:00,-0.5683745791042293,-0.13658225822622164,0.2690716485608422,-0.021458409380101687,0.4980837918740278,0.019676135805721157,-0.44760567304600174
2025-11-17 21:00:00+00:00,-0.572318474116326,-0.16063245481210853,0.2781607444084023,-0.020531273448958755,0.48832411315602564,0.02721980915748577,-0.4556209241819763
2025-11-17 22:00:00+00:00,-0.5734651425644325,-0.1657411991909571,0.2906101192313352,-0.018419339975018087,0.4935015314422897,0.03101485997902618,-0.45754862899415494
2025-11-17 23:00:00+00:00,-0.5706260893294375,-0.16758878765471216,0.29620753368897806,-0.01360028201014257,0.49636368563842975,0.035174781552622485,-0.4602643176788936
2025-11-18 00:00:00+00:00,-0.5569854547661516,-0.16318013954178537,0.29160555012238026,0.0022628336962426825,0.4937647683262815,0.04451094659131687,-0.4532253699556768
2025-11-18 01:00:00+00:00,-0.5510518818150649,-0.15894074252295975,0.2824341181500158,0.003075143068960256,0.48257286855830406,0.05011181178097691,-0.4488486390467215
2025-11-18 02:00:00+00:00,-0.5409048423480247,-0.15559683579692768,0.2627977446668712,0.007276728993040626,0.4809735750892588,0.05834453692840891,-0.43830041956056365
2025-11-18 03:00:00+00:00,-0.5306711570170161,-0.15216359551688602,0.24502364999848691,0.005365525015123622,0.47090931348077597,0.06718760962794168,-0.42736854176658207
2025-11-18 04:00:00+00:00,-0.5178139936738706,-0.1478711299397244,0.22413269219808743,0.004069875735566494,0.4575808083259366,0.08103290264754599,-0.4145014832918928
2025-11-18 05:00:00+00:00,-0.5047591268939361,-0.14340816173792045,0.20175775755748118,0.002310550155178963,0.44340337872787494,0.09606499084536418,-0.4007813556859671
2025-11-18 06:00:00+00:00,-0.4914889905957782,-0.13697187188965504,0.17773228639041525,8.118413821613721e-05,0.4282883566297042,0.11193183856207024,-0.38400453493758163
2025-11-18 07:00:00+00:00,-0.4918717622164942,-0.1341666601225123,0.1782386322363339,-0.004498410374539821,0.4287256162358858,0.1112714919319253,-0.3802436049338014
2025-11-18 08:00:00+00:00,-0.49192942875074613,-0.13020449185686664,0.17926250094682997,-0.007232515979114702,0.42915637248175,0.11113257887750888,-0.3765706106592695
2025-11-18 09:00:00+00:00,-0.4919863296622823,-0.12636659254492177,0.18026886374414064,-0.009081498777393619,0.4295807696501779,0.11099555820151842,-0.3729823562795449
2025-11-18 10:00:00+00:00,-0.4920424800943626,-0.12379915376665174,0.18074320439390515,-0.010892617271841015,0.4299989477777316,0.11086039147526809,-0.37076509516453143
2025-11-18 11:00:00+00:00,-0.4920978947933116,-0.12128895286995255,0.18121087665360977,-0.01266708082696496,0.4304110428130483,0.11072704130414358,-0.36858725154789823
2025-11-18 12:00:00+00:00,-0.491127250987582,-0.11301326341798251,0.18268672574565928,-0.019375566802301267,0.4317189779883111,0.11169848769326074,-0.3615190389479734
2025-11-18 13:00:00+00:00,-0.49018085400656336,-0.10496239310238413,0.1841346733054759,-0.0259097619979537,0.43300288144572363,0.11265202007382223,-0.35461491854816074
2025-11-18 14:00:00+00:00,-0.4892578201354841,-0.09712729455603603,0.18555553830378815,-0.032276371600399895,0.43426342531491713,0.1152468665438123,-0.3478692007311127
2025-11-18 15:00:00+00:00,-0.4883573078711705,-0.08949939989969495,0.18695010664313394,-0.03848176120757323,0.4355012562661961,0.11778967855447285,-0.34127645770078996
2025-11-18 16:00:00+00:00,-0.48659692269417765,-0.09260672778724305,0.18569413535441337,-0.03508456979300044,0.4333740134793243,0.12024037333991791,-0.3428287475119228
2025-11-18 17:00:00+00:00,-0.48584314240165144,-0.09663139011915492,0.18445666379589673,-0.03175626433818335,0.4312794187649115,0.12329880322634626,-0.3445808740694611
2025-11-18 18:00:00+00:00,-0.48510022906221767,-0.10140315639464287,0.18323728530660627,-0.028494720061333294,0.42267421460089283,0.12629167466161087,-0.3464687678409031
2025-11-18 19:00:00+00:00,-0.4818587239236225,-0.1234403647660101,0.17978587621613093,-0.0205784011640153,0.4053423883006613,0.13394185379814263,-0.3518500796283838
2025-11-18 20:00:00+00:00,-0.4786997155866914,-0.1436731962025514,0.17641582706627532,-0.012881122548529762,0.374851773213948,0.14136738043797895,-0.3579167680799182
2025-11-18 21:00:00+00:00,-0.47802002679275973,-0.14858983617661203,0.17356798028837925,-0.011363438645652648,0.36756561954466754,0.14404972690324835,-0.3595974112713857
2025-11-18 22:00:00+00:00,-0.477349785467938,-0.15293197263651526,0.17392761077901203,-0.009868500420161101,0.36048692072295685,0.14667759736365849,-0.3613216816089687
2025-11-18 23:00:00+00:00,-0.4702474053173737,-0.15421009598525168,0.17428243057497822,-0.004154845037723352,0.3589337088294338,0.14925270005176333,-0.3612504628171153
2025-11-19 00:00:00+00:00,-0.462345055916463,-0.1523001817224917,0.1753806789201645,0.0034960449893520597,0.35978096254993497,0.15398230133648,-0.3593455033273829
2025-11-19 01:00:00+00:00,-0.45504330337090737,-0.1475123160799403,0.1698052230254819,0.002361651332755625,0.35684189769478786,0.15752138977371755,-0.3523103710107528
2025-11-19 02:00:00+00:00,-0.4477100154225597,-0.14263506225512096,0.16694515433170512,0.0003490913137592361,0.3490613073604811,0.16106418982880216,-0.3456987523277092
2025-11-19 03:00:00+00:00,-0.4403443369044666,-0.13766626877141722,0.16710090298469057,-0.0017157801612264442,0.3459781125800074,0.16534207084191402,-0.33889024917252614
2025-11-19 04:00:00+00:00,-0.42707310474533744,-0.12895469217645367,0.16906549697866335,-0.0012705631036129949,0.333052867606921,0.1746351503777694,-0.32477418558109805
2025-11-19 05:00:00+00:00,-0.41360939836497135,-0.12325060540117783,0.17676108320544556,-0.005933010349530496,0.3195507508699735,0.180905617636819,-0.30998168417976146
2025-11-19 06:00:00+00:00,-0.39994160386014044,-0.12069100885896733,0.16798088234052352,-0.01575689634816894,0.30789129947358745,0.18805298543684387,-0.29959939118801077
2025-11-19 07:00:00+00:00,-0.38507829274825006,-0.11614000210721699,0.15011875143334139,-0.03581109694300042,0.27649165418049804,0.2003446902319353,-0.2850781273011308
2025-11-19 08:00:00+00:00,-0.3775202025772968,-0.11127226926322925,0.1321158319058442,-0.057016856417418486,0.24179325019517547,0.20861080876979268,-0.26966350287095586
2025-11-19 09:00:00+00:00,-0.36980432590203505,-0.10605877794680257,0.1222976375874906,-0.07953552026587596,0.22099694444481885,0.2182225846492005,-0.2532531587420632
2025-11-19 10:00:00+00:00,-0.35691677919280823,-0.08725097290649253,0.13013363367674008,-0.1053884133003306,0.20053339228786232,0.2260695294194137,-0.22604995681036874
2025-11-19 11:00:00+00:00,-0.3409908228981144,-0.06527937301016969,0.1298982534368216,-0.13811690915949665,0.17271917056495037,0.24064145862423747,-0.19358963914206495
2025-11-19 12:00:00+00:00,-0.3238372562814789,-0.05052101357817977,0.1174187084799459,-0.17431295537283084,0.14180513913609646,0.25018433130803125,-0.15744577549364153
2025-11-19 13:00:00+00:00,-0.3183947114889757,-0.03416725306436861,0.09052283781250112,-0.22632231853942764,0.07481399455605565,0.26401127189970997,-0.11675373649989984
2025-11-19 14:00:00+00:00,-0.3172163723640947,-0.014278309354581242,0.05318367131815338,-0.29981457796346495,0.02081894532466819,0.2838678713733517,-0.06808548958177421
2025-11-19 15:00:00+00:00,-0.30946296392841116,0.02573525825871432,0.027519448257762414,-0.3923715992414082,-0.0477857473031906,0.3014493266105068,-0.006921331361196495
2025-11-19 16:00:00+00:00,-0.30109353080151335,0.02378371480135149,0.02460155910059742,-0.3937203404460686,-0.058711784511739605,0.30204608263722027,-0.001272515322144348
2025-11-19 17:00:00+00:00,-0.2925617814258276,0.021973612394262376,0.021679565052817394,-0.39676708557303547,-0.07312996565502247,0.3025335912879733,0.004095289108552174
2025-11-19 18:00:00+00:00,-0.28880096086203166,0.01867107349230928,0.020497675144657904,-0.397066296084707,-0.08014551010999471,0.3044269987598978,0.0017330670143230285
2025-11-19 19:00:00+00:00,-0.2900877205579309,0.012350973333046637,0.01901627961819904,-0.40057149537662634,-0.08675296939665704,0.3042956257873703,-0.007067264959184684
2025-11-19 20:00:00+00:00,-0.29138045132180734,0.004966397518932103,0.01901627961819904,-0.4009883007363743,-0.08962779469491049,0.30402740182046634,-0.015401446058514765
2025-11-19 21:00:00+00:00,-0.2891703588692388,-0.005422744399926552,0.02207775714870957,-0.40057149537662634,-0.08962779469491049,0.3038107549956461,-0.02373836864178291
2025-11-19 22:00:00+00:00,-0.283635212252363,-0.01350707053828765,0.028303607485614554,-0.3993647372682827,-0.08962779469491049,0.30359518127230467,-0.030009314210905604
2025-11-19 23:00:00+00:00,-0.27648574856513175,-0.018638982852698983,0.036151236901571265,-0.39247028607662976,-0.08524128977503131,0.3035128118905184,-0.03299027808618466
2025-11-20 00:00:00+00:00,-0.28556928842947493,-0.024504468333962866,0.037985740809222596,-0.4004206960674131,-0.09003144750437699,0.2930635649574188,-0.04500469169257753
2025-11-20 01:00:00+00:00,-0.2969974238606015,-0.03340177948134328,0.04003077263777487,-0.4082281130230127,-0.09481753622709385,0.284420940382132,-0.057125186262972444
2025-11-20 02:00:00+00:00,-0.30970782102593214,-0.04141973389301392,0.040533199133527514,-0.41589807758252334,-0.10402971759163218,0.2757551870607421,-0.06955195921162542
2025-11-20 03:00:00+00:00,-0.3222303276218633,-0.049521235289361865,0.04118172690915967,-0.42343589382319363,-0.10871014416905768,0.2673913374542611,-0.0823006825506213
2025-11-20 04:00:00+00:00,-0.3345721249180684,-0.05665557696231777,0.04197715960437246,-0.43084664356994334,-0.11822926896749035,0.26063512739455225,-0.09627760873377006
2025-11-20 05:00:00+00:00,-0.3467401244119208,-0.06412354385924049,0.04292043830593246,-0.43813519971366255,-0.1230008714892856,0.2543477386432108,-0.11073463708251523
2025-11-20 06:00:00+00:00,-0.35874098299619067,-0.07035337090785711,0.04401264432345078,-0.44530623863103397,-0.12777301055578671,0.24870070308065287,-0.12093563133315473
2025-11-20 07:00:00+00:00,-0.3711697823978383,-0.06571694275213796,0.052954951837489266,-0.45813933827836356,-0.12215574362493924,0.23885661728736904,-0.12184273013413192
2025-11-20 08:00:00+00:00,-0.37736317337550046,-0.05721911304146853,0.0618691702357424,-0.4668859494671005,-0.11690722136324794,0.23021778604966212,-0.12134938948441623
2025-11-20 09:00:00+00:00,-0.382458528565357,-0.04940894462872316,0.07076547153119876,-0.47246239343693364,-0.11200995825282879,0.22192674881590924,-0.12134696598053808
2025-11-20 10:00:00+00:00,-0.38963094615801064,-0.042261375199420755,0.07763427724315278,-0.4777540018063061,-0.1126949891503604,0.2149606788198674,-0.12421603962135744
2025-11-20 11:00:00+00:00,-0.39656252638639006,-0.03575500825144654,0.08248291645339219,-0.48277557861370046,-0.1084900202099423,0.20943514410127348,-0.12754087113059143
2025-11-20 12:00:00+00:00,-0.40326601191865424,-0.02987191142942271,0.0871744135450036,-0.48754069519902904,-0.10459596538761548,0.20846877927647642,-0.13132948284418555
2025-11-20 13:00:00+00:00,-0.4097532048351003,-0.024597473296839322,0.09171638943705546,-0.49206181122247333,-0.10100095886033947,0.2077698330932387,-0.13559205542560956
2025-11-20 14:00:00+00:00,-0.4160350583242044,-0.016796475529456407,0.09611588040464022,-0.49635038087698935,-0.08446800947876545,0.2115157862551538,-0.13919062501294888
2025-11-20 15:00:00+00:00,-0.4201731140806042,-0.008031812623556761,0.10037939615503372,-0.5004169463816295,-0.06884807562544545,0.21697805943837326,-0.14320874058232774
2025-11-20 16:00:00+00:00,-0.41664104772560073,-0.01696847601772699,0.09834662912067989,-0.4983892235449685,-0.07343810895663755,0.21849386204203414,-0.14977772215183144
2025-11-20 17:00:00+00:00,-0.41154874216485027,-0.024352040232194744,0.09631787099385189,-0.4983892235449685,-0.08195016337573864,0.21900637450323376,-0.1505890822382467
2025-11-20 18:00:00+00:00,-0.40550596207894574,-0.031698733557603304,0.0942930490243292,-0.497981755538735,-0.08653972741975917,0.2216316222855345,-0.1505890822382467
2025-11-20 19:00:00+00:00,-0.40076692512322803,-0.03748275849433964,0.09227209113194855,-0.497981755538735,-0.09495292251228918,0.22424122757990947,-0.14918717089686437
2025-11-20 20:00:00+00:00,-0.39619103850761134,-0.041737164135173754,0.09025492588448206,-0.497982619348749,-0.09954785402593497,0.2272400788999327,-0.14778166033704118
2025-11-20 21:00:00+00:00,-0.39180225500965077,-0.04595913857070962,0.08609382896585271,-0.49841472091553884,-0.10415953660294497,0.22902929193886865,-0.14573199949438698
2025-11-20 22:00:00+00:00,-0.38682405464490965,-0.05316459118715571,0.08609382896585271,-0.4972505652959549,-0.10415953660294497,0.22952781276395567,-0.14740774291057424
2025-11-20 23:00:00+00:00,-0.37356838666861136,-0.05923191414603126,0.08275355032715362,-0.49157807548787846,-0.10415953660294497,0.2304276177333804,-0.14962328921287368
2025-11-21 00:00:00+00:00,-0.3751472283310433,-0.0670261697082025,0.07354994179222338,-0.4932044890041749,-0.11529053157422915,0.2177959929903356,-0.1646180237286187
2025-11-21 01:00:00+00:00,-0.37622679112853663,-0.07689747751030077,0.064386787677719,-0.494774439386207,-0.1267790676412343,0.20749395134417237,-0.17983942717214868
2025-11-21 02:00:00+00:00,-0.37826035760388377,-0.08716398519919939,0.05485767017799892,-0.496289030783695,-0.1386438998682419,0.20027231044343133,-0.19383637853794702
2025-11-21 03:00:00+00:00,-0.38022540131880606,-0.09784949712948701,0.04493868965830169,-0.49774931439776327,-0.1509052485967194,0.19416516152799762,-0.20514008619211638
2025-11-21 04:00:00+00:00,-0.39380880937299895,-0.1114910604393122,0.02989399553486293,-0.5052011851404316,-0.16830814227245247,0.18094091908030438,-0.22548471838158415
2025-11-21 05:00:00+00:00,-0.4057057209520143,-0.12564734949847622,0.014360175297980457,-0.5123630353964511,-0.18616775450524167,0.17208708349824878,-0.24560890089954213
2025-11-21 06:00:00+00:00,-0.41613807994904045,-0.1403575585035051,-0.0017102047094968457,-0.5151308909161069,-0.20452069834487152,0.16480848329812497,-0.2529241629112519
2025-11-21 07:00:00+00:00,-0.42330152048854564,-0.14278215923838017,-0.012949445604157962,-0.511976794251494,-0.20373181512965965,0.16051157016882409,-0.25110080219097297
2025-11-21 08:00:00+00:00,-0.42585092546785186,-0.14553733571773725,-0.016759313210907345,-0.5055389775972907,-0.20321817678320586,0.15777754431414012,-0.24838863932377406
2025-11-21 09:00:00+00:00,-0.4281957019234628,-0.14450431797857685,-0.02099166214532988,-0.49910902708793575,-0.20297546580861725,0.15670597902764263,-0.24583495746262804
2025-11-21 10:00:00+00:00,-0.43034097531947924,-0.14387936689943834,-0.025660857461982184,-0.49267862015492697,-0.2142034152634977,0.15598245604284253,-0.2455330343600242
2025-11-21 11:00:00+00:00,-0.4322913579156491,-0.14366047577630894,-0.03616687307313867,-0.4862397024824441,-0.2253581128654525,0.1594684975542134,-0.24643999624618976
2025-11-21 12:00:00+00:00,-0.43466946624572844,-0.13737581545967664,-0.047841718930722844,-0.4728618891169568,-0.2203047605176042,0.1639532214763559,-0.24426810118519784
2025-11-21 13:00:00+00:00,-0.4368658481793404,-0.1318908408093712,-0.05988637187596702,-0.45999987190497665,-0.21588110850217773,0.17924129288156934,-0.24244587868757897
2025-11-21 14:00:00+00:00,-0.43888259049334855,-0.12715648149717915,-0.06905332144927533,-0.44758340432953847,-0.21204186890381602,0.1986637747239498,-0.24094451621249244
2025-11-21 15:00:00+00:00,-0.4407218412463013,-0.12313138682167012,-0.07838972172732972,-0.43555132439917227,-0.20874821049515577,0.22761571637642905,-0.23973925963418763
2025-11-21 16:00:00+00:00,-0.4320761096062823,-0.13147000934969716,-0.0846447046901583,-0.4324469784995131,-0.21520273833888254,0.23280680602041354,-0.24198697430963986
2025-11-21 17:00:00+00:00,-0.423095919425028,-0.13751661352534533,-0.0846447046901583,-0.42934259242982736,-0.22170394118158168,0.23717192382561286,-0.24307441051353315
2025-11-21 18:00:00+00:00,-0.4141450661293995,-0.14138683013743017,-0.08749225879937801,-0.4262379461128192,-0.22825360356218838,0.24151764074286725,-0.245174626517032
2025-11-21 19:00:00+00:00,-0.400066959457824,-0.1479074431356833,-0.09264386923481437,-0.41844500350722424,-0.24303021142994363,0.24798980728029343,-0.24345450277301434
2025-11-21 20:00:00+00:00,-0.3856002831336013,-0.15632900425520993,-0.09793621471340003,-0.4104001565664924,-0.25826171635656064,0.25466153608273634,-0.23068594866275108
2025-11-21 21:00:00+00:00,-0.3707203497566125,-0.1616178520744049,-0.10337493411149419,-0.4020910062434178,-0.2739695679239374,0.26481896497759666,-0.21843248163307716
2025-11-21 22:00:00+00:00,-0.3612743847673517,-0.1702121002109151,-0.10337493411149419,-0.3986427455078265,-0.281108673911548,0.27077513516516455,-0.2160416451287337
2025-11-21 23:00:00+00:00,-0.34632551058960415,-0.17707632065741752,-0.10713047750506614,-0.3941225372508567,-0.2711422878756578,0.2767152572659529,-0.21237843014333282
2025-11-22 00:00:00+00:00,-0.34223385004121415,-0.18717134699360602,-0.12530896915782083,-0.39295408803238213,-0.2780753914298482,0.27629934223643926,-0.21987012486843435
2025-11-22 01:00:00+00:00,-0.33894496263384105,-0.19750727854215325,-0.14432843660998476,-0.3917293331128506,-0.2838592520582359,0.2760296001467786,-0.22726850383328343
2025-11-22 02:00:00+00:00,-0.339479273908646,-0.19738233221835283,-0.1449314629975759,-0.39351336693297234,-0.2826866998397364,0.27372861798525483,-0.22693041227781718
2025-11-22 03:00:00+00:00,-0.34012279834793147,-0.19726903895799788,-0.1456170878910263,-0.3953165584759746,-0.28152719311500024,0.2721643934230585,-0.22660850075855532
2025-11-22 04:00:00+00:00,-0.35127451234379165,-0.2009682474964645,-0.1566113118918703,-0.39871011243621113,-0.27727812547490766,0.26621574434257417,-0.23654690376299417
2025-11-22 05:00:00+00:00,-0.36202197057815,-0.20478634242597243,-0.16364678036025002,-0.40202915722540167,-0.27319119541562553,0.2628011489733886,-0.2424047025142522
2025-11-22 06:00:00+00:00,-0.3723901287657976,-0.20853489970128902,-0.15959418389477484,-0.4052757717308273,-0.2692635644739004,0.2596217214001001,-0.24045490190887622
2025-11-22 07:00:00+00:00,-0.38240193303030295,-0.20922402773719095,-0.15660352743681763,-0.4071217070836443,-0.2654925835822491,0.2590419561887568,-0.23868836123690898
2025-11-22 08:00:00+00:00,-0.3879858418280405,-0.20659497105377822,-0.14919668663686433,-0.40761550284101317,-0.26187578654539156,0.2606940897642662,-0.23564644318933087
2025-11-22 09:00:00+00:00,-0.39421511965031364,-0.20407042038977552,-0.14186670817570884,-0.40810372072647094,-0.25841088417895197,0.262933450405182,-0.2326079439742196
2025-11-22 10:00:00+00:00,-0.4003342948985106,-0.2016485834443873,-0.1346111302491546,-0.4085869467704827,-0.25509575906888976,0.26539508005055756,-0.23084026318736042
2025-11-22 11:00:00+00:00,-0.4063484235345243,-0.19932776381533013,-0.1274275879363986,-0.40906580689066047,-0.25192846093446397,0.2695710779514793,-0.22906821452840737
2025-11-22 12:00:00+00:00,-0.41226240990458435,-0.19710635693242706,-0.12031380810608394,-0.40954096969214143,-0.24890720257220586,0.27530882152033176,-0.22729123346175753
2025-11-22 13:00:00+00:00,-0.4180810190875831,-0.19498284627530463,-0.11326760463944033,-0.4100131495754284,-0.24656166288525308,0.2831958576343851,-0.225508771340138
2025-11-22 14:00:00+00:00,-0.4238088887424121,-0.19295579986397537,-0.10628687395725575,-0.4104831101872025,-0.244249335748019,0.29411671442415915,-0.2237202943599821
2025-11-22 15:00:00+00:00,-0.42945054049664166,-0.19102386699369173,-0.09936959082068263,-0.4109516682424849,-0.24196926429346557,0.3048943141247572,-0.22192528256833446
2025-11-22 16:00:00+00:00,-0.42069097647261894,-0.19605906415350927,-0.09936959082068263,-0.40754466850944276,-0.24196926429346557,0.31404445823464655,-0.2199128227687302
2025-11-22 17:00:00+00:00,-0.411472296688988,-0.20327461415168915,-0.09936959082068263,-0.4041321186267729,-0.23683279176662017,0.3199990911276783,-0.21789681278411152
2025-11-22 18:00:00+00:00,-0.40190127556099325,-0.2171818395741091,-0.09936959082068263,-0.40071371983753307,-0.23434736231607817,0.32593920565046636,-0.2158771886240979
2025-11-22 19:00:00+00:00,-0.3857693771026741,-0.23781586297785734,-0.09365839073151093,-0.3907624882075887,-0.21486201384159212,0.33647681876198193,-0.21104842449090716
2025-11-22 20:00:00+00:00,-0.36452469396855264,-0.259657658069059,-0.08250730430292387,-0.3760484897627342,-0.1772827258631634,0.3610488446909758,-0.20065187277935465
2025-11-22 21:00:00+00:00,-0.34183701321480636,-0.26765711114458707,-0.07086630469241917,-0.36036526917447737,-0.15973233903156947,0.38734436644028447,-0.18970658266046428
2025-11-22 22:00:00+00:00,-0.33078727915618483,-0.2742756072399893,-0.07086630469241917,-0.3560597426693087,-0.14429332334702288,0.3970207869976144,-0.18741399827059238
2025-11-22 23:00:00+00:00,-0.31854704103581244,-0.27671847359911705,-0.07527347283845703,-0.35054871319220077,-0.14429332334702288,0.40578285130107,-0.182102591033779
2025-11-23 00:00:00+00:00,-0.3140914700461089,-0.2858985420464198,-0.0918595534460102,-0.3477292940409792,-0.15227037252541437,0.40909038247484786,-0.1874740463926435
2025-11-23 01:00:00+00:00,-0.314651782691099,-0.2863035406120332,-0.09212582676083772,-0.34932060180080515,-0.15164830697580092,0.4070119044839523,-0.18690853059561433
2025-11-23 02:00:00+00:00,-0.315292398616819,-0.28671448265735416,-0.09243445652211116,-0.3509383785879912,-0.15103540846866842,0.4059507024783432,-0.18636586044659495
2025-11-23 03:00:00+00:00,-0.31601136531174356,-0.28713146270709006,-0.09244597496590709,-0.35258314607395974,-0.15103540846866842,0.4053704615824277,-0.1858451242686658
2025-11-23 04:00:00+00:00,-0.3255237735322318,-0.29186805194537707,-0.09451346997999052,-0.35554864194976576,-0.1487001001225392,0.40188185356256684,-0.1954089033635562
2025-11-23 05:00:00+00:00,-0.3347694444218184,-0.296649722132434,-0.09196086120459962,-0.3584479883538572,-0.14639337229182625,0.39935236754836095,-0.20232392377584346
2025-11-23 06:00:00+00:00,-0.3437627114410495,-0.29568364860894897,-0.08456609526455587,-0.36128290317735995,-0.14411435404961417,0.40070014773058804,-0.20085103765782364
2025-11-23 07:00:00+00:00,-0.35156928521810693,-0.2915184302440376,-0.07723679558840243,-0.3592471547046711,-0.14186220837726454,0.40233424593006994,-0.1989721453562483
2025-11-23 08:00:00+00:00,-0.35430800504597554,-0.2841246693073796,-0.06997087492354596,-0.35896066106486957,-0.12828355486775547,0.40581582776805625,-0.19706789515322976
2025-11-23 09:00:00+00:00,-0.35861578544929446,-0.2769312106773964,-0.06276632193941695,-0.3586687990380299,-0.12619635233556842,0.41200007173509623,-0.19513768484395072
2025-11-23 10:00:00+00:00,-0.36430483578338496,-0.26993277459574033,-0.05562119742411306,-0.35837253953565656,-0.12413220680564115,0.4185782649532848,-0.19478046277428798
2025-11-23 11:00:00+00:00,-0.3699799406000514,-0.2631243077099485,-0.048533630702324394,-0.3580729628709485,-0.12209044271115448,0.4260042556972985,-0.1943791117662219
2025-11-23 12:00:00+00:00,-0.3756482031734368,-0.256500972199532,-0.041501816276056064,-0.3577712710348259,-0.12007040912967455,0.43660512992627737,-0.1939335259571746
2025-11-23 13:00:00+00:00,-0.3790345612517546,-0.24299013870440098,-0.02742579908575821,-0.35070986851200087,-0.1153664570922593,0.45063441881606336,-0.19070989473942648
2025-11-23 14:00:00+00:00,-0.38242297475207737,-0.23012500302394032,-0.01372808524682055,-0.3437592775600677,-0.11082303671200724,0.47111879467735285,-0.18750408564144166
2025-11-23 15:00:00+00:00,-0.3858218198865846,-0.2178636146915628,-0.0003811069906069702,-0.3368993057552518,-0.10642836281630821,0.4907532649794345,-0.18430885715611062
2025-11-23 16:00:00+00:00,-0.3774092756032277,-0.2248565582941279,-0.0003811069906069702,-0.3324055602866721,-0.10642836281630821,0.5045934602917421,-0.17966136084729817
2025-11-23 17:00:00+00:00,-0.36891780528863694,-0.23185152604413423,-0.0003811069906069702,-0.32787707646685416,-0.10642836281630821,0.5068173518211828,-0.17498969574501907
2025-11-23 18:00:00+00:00,-0.36034042507752473,-0.23884967258541143,-0.0003811069906069702,-0.3233121634546029,-0.10642836281630821,0.5110155660537641,-0.1702930942950473
2025-11-23 19:00:00+00:00,-0.34619659747271175,-0.25129581696913245,0.0062610682984230535,-0.30882478492090054,-0.10584432740091404,0.5239826168141045,-0.1603828980214571
2025-11-23 20:00:00+00:00,-0.32439530192125515,-0.2716003249914908,0.020034085677133894,-0.28499952618885344,-0.10534255764078808,0.5474718470269442,-0.1456421453396991
2025-11-23 21:00:00+00:00,-0.3126786702909063,-0.2851219427101112,0.027098467827314232,-0.2685705377936414,-0.10477319140007325,0.5619933543540602,-0.13487291379507024
2025-11-23 22:00:00+00:00,-0.307007599140731,-0.29262828584119827,0.027098467827314232,-0.2642401182539394,-0.09544288483885231,0.569509682080786,-0.1294437858307127
2025-11-23 23:00:00+00:00,-0.300241933145438,-0.30048805491752095,0.015214091035534632,-0.2612478532876835,-0.10320783352882175,0.5618051732692954,-0.1313013126076382
2025-11-24 00:00:00+00:00,-0.2971095888266237,-0.31120205557263253,0.0076314231113609726,-0.26382756715527883,-0.11102721311230426,0.5550159640129844,-0.14226019810555154
2025-11-24 01:00:00+00:00,-0.2931646054219558,-0.32209669807236824,0.0,-0.26918415841755566,-0.11890275479861853,0.5490630173768825,-0.1551649694010028
2025-11-24 02:00:00+00:00,-0.29967517273655225,-0.32835242009865573,-0.0028551623773597767,-0.27590959233921447,-0.12600449112866643,0.5232679823662637,-0.1656654867820396
2025-11-24 03:00:00+00:00,-0.30597761111981586,-0.33466568567106053,-0.005773198783907954,-0.2803357641400742,-0.1330667036050759,0.49958020312942186,-0.17571195182759541
2025-11-24 04:00:00+00:00,-0.3120805272659256,-0.34103787575467603,-0.008755244915556773,-0.28474757346852353,-0.14009074283135015,0.4771817563128305,-0.18570345331489438
2025-11-24 05:00:00+00:00,-0.31799201564848734,-0.34747039145788783,-0.011802481088432312,-0.28914566442361544,-0.14707792004271583,0.4512911967582208,-0.1941789956729326
2025-11-24 06:00:00+00:00,-0.32420400425637147,-0.34993204727121474,-0.014461297728026,-0.29290641378980553,-0.15402950891743306,0.43237406125684497,-0.1938385872359127
2025-11-24 07:00:00+00:00,-0.3228380244606703,-0.34326359850820565,-0.0006061024976780049,-0.2873031298622563,-0.14998363543523024,0.3913370438869959,-0.18939319722881676
2025-11-24 08:00:00+00:00,-0.32149891504233946,-0.33155394141363614,0.022091535875077974,-0.2764069128114632,-0.14518921310393637,0.3590667134827558,-0.18499937684016754
2025-11-24 09:00:00+00:00,-0.3233943078313154,-0.32040579501429234,0.04385294720190314,-0.26572382178864723,-0.1405436776387927,0.3298066618755618,-0.1806489504686764
2025-11-24 10:00:00+00:00,-0.32533811663919965,-0.31500254133341393,0.06473984040525163,-0.25523445145671775,-0.1520060303090399,0.3022032671761676,-0.17906224617368519
2025-11-24 11:00:00+00:00,-0.3220745571455355,-0.3045165764659019,0.09429033511788945,-0.23761482427139122,-0.1438943052823448,0.2621857836326397,-0.1750800207610439
2025-11-24 12:00:00+00:00,-0.31902174096618235,-0.29493521524888444,0.12201348674784025,-0.22082978188395572,-0.13627161925104733,0.226428066774031,-0.17128396860105446
2025-11-24 13:00:00+00:00,-0.3161435661502067,-0.28616089099330305,0.14810520891562182,-0.2047708629071543,-0.12908047196952147,0.21804966197169073,-0.1676431646691352
2025-11-24 14:00:00+00:00,-0.3087455153066565,-0.2781114903073228,0.18260649053940464,-0.18934651771242597,-0.12227242239756557,0.21809802646894164,-0.16413173489305932
2025-11-24 15:00:00+00:00,-0.3148767131541576,-0.2675989632334951,0.20955885419309614,-0.1813242195515801,-0.11737014008651367,0.2042960649928382,-0.1660592092617112
2025-11-24 16:00:00+00:00,-0.3077919999923864,-0.27325621051958177,0.19746162091490793,-0.17866730610291606,-0.11737014008651367,0.2151548686600511,-0.1605824642799339
2025-11-24 17:00:00+00:00,-0.300012336980846,-0.28130962929142755,0.18577529779181018,-0.17599743921780936,-0.11737014008651367,0.2210849073292858,-0.15508146755157592
2025-11-24 18:00:00+00:00,-0.2805501756545561,-0.2758303146872785,0.180824140620549,-0.1679528848781775,-0.11690751330500111,0.22974156937937615,-0.14437344328984486
2025-11-24 19:00:00+00:00,-0.2599330090698786,-0.2663433568791211,0.17594502826091726,-0.15970449923588978,-0.12459545861328844,0.24136310851003215,-0.13334728982700203
2025-11-24 20:00:00+00:00,-0.23989948097570438,-0.2569217566130559,0.17112662610332716,-0.151243931875922,-0.13241859802864006,0.2548188480128376,-0.11670061145979785
2025-11-24 21:00:00+00:00,-0.22040787904861642,-0.24755922947109046,0.16635843040782514,-0.14256233570820429,-0.13101840607628096,0.26987952262794207,-0.09291551280207283
2025-11-24 22:00:00+00:00,-0.20817053295454171,-0.2427823135373454,0.1625744949919993,-0.13892775310790767,-0.12825115124584952,0.27182876593013056,-0.08522751965073515
2025-11-24 23:00:00+00:00,-0.19980724206187803,-0.24811987034699048,0.15666139449373673,-0.13819844426942002,-0.1351380610607361,0.27320962646634817,-0.08308338662169393
2025-11-25 00:00:00+00:00,-0.19876431448976328,-0.25748189825645157,0.1468474743598985,-0.14738769503319846,-0.14207977010739406,0.27394116388637985,-0.09087520423616091
2025-11-25 01:00:00+00:00,-0.20421351587149286,-0.26458234062870134,0.14352170586817603,-0.15478127024987645,-0.15233071307155685,0.26117451848017886,-0.10006859604842817
2025-11-25 02:00:00+00:00,-0.20950479326114888,-0.271753985665812,0.14014737614625514,-0.16215788405607545,-0.15869545052727874,0.24901503731997296,-0.10923788670795097
2025-11-25 03:00:00+00:00,-0.21464395568705233,-0.2789984974665982,0.1367234371799641,-0.16951830704364185,-0.1684580104417979,0.2404166105466064,-0.11780613663353687
2025-11-25 04:00:00+00:00,-0.21963648581020395,-0.2863175756966606,0.13324881216983392,-0.1768632986670515,-0.17464231930943963,0.2321783413625347,-0.12629808710376214
2025-11-25 05:00:00+00:00,-0.23129486775230262,-0.2980635844198059,0.1259521596626299,-0.1860925171471566,-0.18604193570487584,0.21477461393965785,-0.13979424992160386
2025-11-25 06:00:00+00:00,-0.2424961372230539,-0.3034716460035832,0.13772925332111713,-0.18558364731641458,-0.18475175476557706,0.19821804083678074,-0.13748910116033736
2025-11-25 07:00:00+00:00,-0.2385657709204203,-0.3001819259905146,0.15550999899158288,-0.18003035186029556,-0.18098426475064164,0.18246022521464605,-0.13232198911401089
2025-11-25 08:00:00+00:00,-0.2350338487638175,-0.2920870790276984,0.1736448574227496,-0.1722739606465154,-0.17730018440058617,0.16835160795284818,-0.12708959838648956
2025-11-25 09:00:00+00:00,-0.2344663837664619,-0.2842190353634087,0.19097328305018063,-0.1639504655705465,-0.1736953593698536,0.15492751791627107,-0.12178725194373707
2025-11-25 10:00:00+00:00,-0.23376823628082147,-0.2772929541842202,0.20162614361251552,-0.15585410312283665,-0.1820588002578678,0.1421537827341271,-0.11911727047015637
2025-11-25 11:00:00+00:00,-0.23128391347120056,-0.2649599520190094,0.21712226603692814,-0.14280285549882016,-0.17547184200882393,0.12089761456375622,-0.11474189801322102
2025-11-25 12:00:00+00:00,-0.23898886438860031,-0.25201244198875605,0.23155011766388844,-0.1313539753410237,-0.17049566257580895,0.09265833525738815,-0.11490470438399134
2025-11-25 13:00:00+00:00,-0.2466214290297882,-0.239639595735287,0.2523854177407439,-0.12036781014586022,-0.16571617943119157,0.07476240111571321,-0.11501833940852643
2025-11-25 14:00:00+00:00,-0.25420365685173785,-0.22780180180647483,0.2719852198150341,-0.10981253750239701,-0.14159968930292402,0.056608831936943986,-0.11508310772866674
2025-11-25 15:00:00+00:00,-0.25890847592099064,-0.21110801005254448,0.29630262933892654,-0.09504631151209383,-0.10950045224620568,0.03452459556314293,-0.11311054304276975
2025-11-25 16:00:00+00:00,-0.24915806052398468,-0.2166806472017735,0.2805324418112475,-0.09844637948552479,-0.11776942847708133,0.04785356170629852,-0.10828697799647637
2025-11-25 17:00:00+00:00,-0.23786858313328704,-0.21934528354846278,0.2651733387060628,-0.10183836604971411,-0.12593304569797478,0.058755564804007385,-0.10190525991482237
2025-11-25 18:00:00+00:00,-0.22634789637746378,-0.21934528354846278,0.2501991531774063,-0.10522242025065173,-0.12593304569797478,0.06953312304205629,-0.09395808989497573
2025-11-25 19:00:00+00:00,-0.20515827664537056,-0.20133648308590577,0.23733387372959838,-0.1086652299310753,-0.11929324554818793,0.08203820382882183,-0.0795159412810924
2025-11-25 20:00:00+00:00,-0.18374462158363195,-0.1793364198763086,0.2400588173029383,-0.10813390217102029,-0.08863241776776254,0.0860191427383797,-0.06087549278935775
2025-11-25 21:00:00+00:00,-0.1712717710702956,-0.16652436878586724,0.24549678900195182,-0.10398195193146356,-0.07844157927038549,0.08816443943916559,-0.044558193019163424
2025-11-25 22:00:00+00:00,-0.1581435658879485,-0.15770760219861066,0.2425275193051243,-0.09973455904922969,-0.06787800640999377,0.09035538225697816,-0.03261155813511158
2025-11-25 23:00:00+00:00,-0.1559783905379054,-0.16383989902746324,0.23949279432572315,-0.10678697940393045,-0.06647147001896249,0.09259354279017407,-0.033324807751174676
2025-11-26 00:00:00+00:00,-0.15489607891173773,-0.1743958482316905,0.23377732029706202,-0.11599751682146581,-0.07262011347098746,0.0956049790025086,-0.0399587457749986
2025-11-26 01:00:00+00:00,-0.15907323677640592,-0.18207460450037338,0.23006965964779863,-0.12216688581314357,-0.07848778013059349,0.09048901615045217,-0.04774632981399663
2025-11-26 02:00:00+00:00,-0.16313815201531678,-0.18984711489213132,0.22631342505009064,-0.13032368065505195,-0.08435385839888901,0.08559912475220394,-0.05547557056179202
2025-11-26 03:00:00+00:00,-0.16752203865666984,-0.19771562322627256,0.22250755026415914,-0.13872302289866553,-0.0902187996787634,0.08170701094844021,-0.06314772189796691
2025-11-26 04:00:00+00:00,-0.1780504231687453,-0.2109457771236668,0.21448442165560067,-0.14944297693763559,-0.10152248480227626,0.06967413015819539,-0.07878987199373032
2025-11-26 05:00:00+00:00,-0.18823943379446573,-0.22227428793271262,0.2159936323053104,-0.16024717511683462,-0.10233503167407898,0.06078584423111731,-0.0941904124254101
2025-11-26 06:00:00+00:00,-0.1981044857392202,-0.2223368353045871,0.22131574691073147,-0.16735361016100891,-0.09957502911798678,0.05311216043714531,-0.09514215479838983
2025-11-26 07:00:00+00:00,-0.20669474724010567,-0.21623526353494327,0.23038381735091382,-0.166210335352761,-0.09685026177645403,0.04581439111840256,-0.08867562569053009
2025-11-26 08:00:00+00:00,-0.2060022198187592,-0.21027728430066558,0.24017994461223996,-0.16075061700482363,-0.09415919238422689,0.03887966282454445,-0.08212986448272007
2025-11-26 09:00:00+00:00,-0.20245133760551876,-0.2044584523928039,0.2512798797235645,-0.15570618224701746,-0.09150035393700388,0.033161919492084614,-0.0755009571737009
2025-11-26 10:00:00+00:00,-0.20734555681588246,-0.20072298965226992,0.26110182072559673,-0.14345758477353684,-0.08817775448258905,0.01530225963114653,-0.07467342841162049
2025-11-26 11:00:00+00:00,-0.21208109756778168,-0.197117436714675,0.270542358194795,-0.13167797651885305,-0.08495042990989089,-0.0018890967890509084,-0.07308451546720258
2025-11-26 12:00:00+00:00,-0.21666608939776305,-0.19363362274349422,0.2851437723885981,-0.12033971896729902,-0.08181244548275468,-0.018456799084428516,-0.07148253456134042
2025-11-26 13:00:00+00:00,-0.22110809736168496,-0.19026407879878254,0.29904968897240897,-0.10941729843731807,-0.06205759710750623,-0.031614432819075264,-0.06986607910266222
2025-11-26 14:00:00+00:00,-0.21816607030915383,-0.18443411113466635,0.3165914266655217,-0.09578108770512772,-0.035355179097405286,-0.04351792743257006,-0.06647907707547798
2025-11-26 15:00:00+00:00,-0.21530696026686227,-0.17894277039046336,0.3330254651557686,-0.0837724773818466,-0.010340669189429073,-0.0548688931161121,-0.06317021783503386
2025-11-26 16:00:00+00:00,-0.20794272240316666,-0.17894277039046336,0.31805019075573365,-0.08783677128726261,-0.02015183155967588,-0.04770607458644623,-0.05936782808116856
2025-11-26 17:00:00+00:00,-0.2005168583720797,-0.1820747833212513,0.30335105455856887,-0.09171027367044703,-0.02015183155967588,-0.04057260535546474,-0.053677916805681104
2025-11-26 18:00:00+00:00,-0.19302684157275118,-0.19520370464709116,0.2889137036150454,-0.09171027367044703,-0.010462345764634725,-0.031145066546384673,-0.04607875406003567
2025-11-26 19:00:00+00:00,-0.18547002915825078,-0.20975266851924038,0.2747247068915617,-0.08801369208369256,-0.010462345764634725,-0.02174129671185197,-0.03840234588087513
2025-11-26 20:00:00+00:00,-0.17784365436974972,-0.22087250205291664,0.26077147709636594,-0.08068299100162478,-0.010462345764634725,-0.01235941572452051,-0.026811417524026476
2025-11-26 21:00:00+00:00,-0.16990819604988647,-0.211339392666094,0.2546514813057293,-0.07298168041326929,-0.009574692511915915,-0.0056042404343804005,-0.012496448044323118
2025-11-26 22:00:00+00:00,-0.16176511463458065,-0.20532883946711689,0.24946703000190024,-0.06914072369207723,-0.00868071047412304,0.0012526633668390452,-0.005079667374707491
2025-11-26 23:00:00+00:00,-0.15315055294546046,-0.20768289204645246,0.24255667835642172,-0.0782435683563082,-0.02899408977876961,0.00672464061803672,-0.006837809068899047
2025-11-27 00:00:00+00:00,-0.15665546359588398,-0.21327045553840351,0.23842647833395567,-0.08568616722357596,-0.034648205941217355,0.004939781334967466,-0.014530392041809918
2025-11-27 01:00:00+00:00,-0.15999022718077036,-0.2209233465235318,0.23559790330984184,-0.09325073760604644,-0.04030780390208122,0.0041758260805813095,-0.02136324419700552
2025-11-27 02:00:00+00:00,-0.16326372640112463,-0.22867327768622325,0.2326950363587875,-0.10094070080579057,-0.050977655481342504,0.004062464504265273,-0.028151399092454534
2025-11-27 03:00:00+00:00,-0.1664773631238606,-0.23435713074920048,0.229715942815342,-0.10875961079321825,-0.05466429969407509,0.004038148268546397,-0.034895825146713945
2025-11-27 04:00:00+00:00,-0.1752494654435658,-0.24491127330038875,0.224895048458501,-0.12190162407253402,-0.05753319641682605,0.0004922520649324806,-0.049046515833299054
2025-11-27 05:00:00+00:00,-0.18383379987190088,-0.2534704764793573,0.2199589450354196,-0.13199682268029192,-0.06059324494542371,-0.0028225223983723126,-0.06303078815693626
2025-11-27 06:00:00+00:00,-0.19223704961858554,-0.2553348550276318,0.22137886388217057,-0.1351031319777631,-0.06384805003711198,-0.005910289855762058,-0.06438125680708114
2025-11-27 07:00:00+00:00,-0.20062650706058507,-0.2514965613825508,0.22848677276633178,-0.12581133727722907,-0.06297542552738461,-0.011618354205310887,-0.06428321277639963
2025-11-27 08:00:00+00:00,-0.20412041303997547,-0.24851676350447954,0.23540667026221154,-0.11667335472770628,-0.06210938936349458,-0.017232188279127304,-0.06414428621797126
2025-11-27 09:00:00+00:00,-0.20278741120560015,-0.2418223666513559,0.24702803422502764,-0.10208235274446664,-0.060196438679905775,-0.025424438179277694,-0.062158997275158986
2025-11-27 10:00:00+00:00,-0.20433794789737778,-0.2352790734628977,0.25341745320123094,-0.08801060736540185,-0.05832530232739011,-0.03334041688308482,-0.0625372651085199
2025-11-27 11:00:00+00:00,-0.20580063613843355,-0.2288792326057168,0.2595984345772809,-0.07443056622616692,-0.05649386155241571,-0.04099260277632356,-0.06283360166885693
2025-11-27 12:00:00+00:00,-0.20717730411530663,-0.22261571138576064,0.27014666397390824,-0.06131648362107176,-0.03975265881318607,-0.04890677609533315,-0.06304939878808791
2025-11-27 13:00:00+00:00,-0.2014986303795009,-0.21248387160057097,0.28377300360905894,-0.04352955569179743,0.0035942663897324404,-0.058651262560530965,-0.06240891320835143
2025-11-27 14:00:00+00:00,-0.19594914018777793,-0.20275821729020332,0.29668117618934386,-0.026639893571302434,0.05924601540938384,-0.06850530050983765,-0.06168589869572444
2025-11-27 15:00:00+00:00,-0.19147586154260907,-0.19340461410388937,0.3089264000812767,-0.010576511542971461,0.09318142561332954,-0.07796347611457408,-0.06088118466522876
2025-11-27 16:00:00+00:00,-0.18369303979177765,-0.19340461410388937,0.2950541278706379,-0.01521591367174522,0.07157182865410422,-0.06280007089662307,-0.05461391322692999
2025-11-27 17:00:00+00:00,-0.1758206750393299,-0.19340461410388937,0.2813516066232109,-0.010601786954136168,0.060832518603909355,-0.055197654501710165,-0.04831552976499944
2025-11-27 18:00:00+00:00,-0.1678547759093586,-0.19340461410388937,0.26781089786542045,-0.005939115195180755,0.04075707881219747,-0.045059186479804475,-0.0419851476729776
2025-11-27 19:00:00+00:00,-0.1597911212947708,-0.19340461410388937,0.25442444188055735,0.003546215455755995,0.030883772175146713,-0.03246052852197329,-0.03567608634038398
2025-11-27 20:00:00+00:00,-0.15452166215125346,-0.1962828784411699,0.2411850313875561,0.013292842251250563,0.01208604739056768,-0.0224802211172315,-0.029314408170623536
2025-11-27 21:00:00+00:00,-0.14919752689700688,-0.19915231071070846,0.232027119624805,0.023319359058177582,-0.0060270053328905305,-0.010209426471316061,-0.022898551838958378
2025-11-27 22:00:00+00:00,-0.13869152291662432,-0.19645655776086454,0.22352429648063607,0.0322589054955301,-0.01511151352205805,-0.00913688504347414,-0.015669241014947422
2025-11-27 23:00:00+00:00,-0.13963095398798356,-0.20025973032977457,0.21471955480639987,0.026212574665890893,-0.024476942427681836,-0.010519164358119098,-0.02166779667978879
2025-11-28 00:00:00+00:00,-0.14169667065273395,-0.2056489122657468,0.2101231650113946,0.01840172853491929,-0.028838889148533678,-0.013495603201522141,-0.02866559947269485
2025-11-28 01:00:00+00:00,-0.14542028404443064,-0.21105212467949563,0.20603898345589297,0.010314471987354355,-0.03331517795765855,-0.015415819784616683,-0.03567710142405396
2025-11-28 02:00:00+00:00,-0.14911434518761524,-0.2164697269088629,0.20185368295224573,0.0014432178296574926,-0.0379089348919122,-0.01593254630641629,-0.042702743089682325
2025-11-28 03:00:00+00:00,-0.1527794434996295,-0.22190208277672138,0.1975639071628804,-0.007192195922235242,-0.04262343248021484,-0.01634755903002563,-0.04974296991913653
2025-11-28 04:00:00+00:00,-0.1577139335535995,-0.22668214430027203,0.19739184125858603,-0.01018317049508725,-0.04210760469382569,-0.024656172758997005,-0.056670426560973076
2025-11-28 05:00:00+00:00,-0.16258556897414134,-0.22996955385908063,0.20008521434653032,-0.013323485735676375,-0.04165838684959892,-0.03293488400612337,-0.06352070948666032
2025-11-28 06:00:00+00:00,-0.16739557523418094,-0.22956753273210817,0.2073515587907013,-0.01690260217025367,-0.035133907745928686,-0.03960556342143386,-0.06977718635644897
2025-11-28 07:00:00+00:00,-0.1721082143864919,-0.2265081426867364,0.2132129071881227,-0.010966842525138902,-0.02310442420186883,-0.04500461537240356,-0.06986027580085
2025-11-28 08:00:00+00:00,-0.17767081914683905,-0.22351789791714763,0.2180451775365939,-0.00556402012413621,-0.011652895140127333,-0.04891608998404735,-0.06990315403986934
2025-11-28 09:00:00+00:00,-0.18732208959983043,-0.2177006144652654,0.22232486758767847,0.00461790475201623,-0.0017842204079167405,-0.05526817830706264,-0.06902573685086634
2025-11-28 10:00:00+00:00,-0.19664249657252378,-0.21597792546677178,0.22646545592751033,0.014528965173612613,-0.0021202026972551484,-0.06140294185736577,-0.07039453477117545
2025-11-28 11:00:00+00:00,-0.2056472941606863,-0.21429977086557872,0.22667622473456853,0.02417982207665637,0.00780107793753194,-0.06762099419796538,-0.07167228151718581
2025-11-28 12:00:00+00:00,-0.21824820793609978,-0.2131824191874267,0.23179260391214682,0.03181212589651732,0.01748345723260512,-0.08012350488732665,-0.07600024585300823
2025-11-28 13:00:00+00:00,-0.23369764007163416,-0.21043014559245046,0.24222682274158094,0.043621919808700574,0.04539920603094384,-0.09231272085055812,-0.08026557240664892
2025-11-28 14:00:00+00:00,-0.24862507006488563,-0.20777858825615506,0.2524083360207792,0.05503112266415667,0.07167731873924225,-0.10433605581945046,-0.0843834283003848
2025-11-28 15:00:00+00:00,-0.2630633360364794,-0.205221728732729,0.2623538071339235,0.06606124189873902,0.09646057740648804,-0.11806016489404944,-0.08836054175578305
2025-11-28 16:00:00+00:00,-0.2507662421575323,-0.205221728732729,0.2497003245033617,0.06050918494910784,0.07764916593727798,-0.11045572276072874,-0.08165586071141932
2025-11-28 17:00:00+00:00,-0.24806548821176738,-0.205221728732729,0.23178449429891945,0.05499453602301749,0.05935374014346197,-0.10046794665067563,-0.07493054681017472
2025-11-28 18:00:00+00:00,-0.24535751116516452,-0.2084480198517213,0.2176950028398474,0.04951645813229361,0.04153460837838515,-0.0904789589661408,-0.06600091950680785
2025-11-28 19:00:00+00:00,-0.24349738756229905,-0.21058844372773786,0.20886881575524113,0.048573711392291434,0.03207913097713263,-0.08311740589673568,-0.057637968699990855
2025-11-28 20:00:00+00:00,-0.24166928469657586,-0.2118371686741666,0.1999697110237908,0.047600023086610606,0.027080956461347797,-0.07563585915214721,-0.04909583676237089
2025-11-28 21:00:00+00:00,-0.23987302612657374,-0.2109456102774425,0.1909925447350618,0.04659509248027502,0.022014659652145212,-0.06667213891998436,-0.03808524972299143
2025-11-28 22:00:00+00:00,-0.23599379892088035,-0.20646896864708758,0.17795241701387354,0.04555860312408683,0.0211821006688192,-0.05758153503244095,-0.024444600618869303
2025-11-28 23:00:00+00:00,-0.23413711050727495,-0.20687639243565936,0.1647958222731967,0.041876706856250036,0.0029821828665578336,-0.048359032866771026,-0.019931523584624564
2025-11-29 00:00:00+00:00,-0.22925319630803848,-0.20687639243565936,0.16054641774393882,0.03659246503984645,-0.005818557603535375,-0.043256315167656524,-0.01741320219216975
2025-11-29 01:00:00+00:00,-0.23232841611023505,-0.21224095434854168,0.15344447737158734,0.03279208016005825,-0.006811484118410378,-0.040344878578907936,-0.02364211525884847
2025-11-29 02:00:00+00:00,-0.2353543483876936,-0.21762349273670512,0.14603301143695627,0.028928232292152353,-0.007859005897859869,-0.03613561641931319,-0.029776584143773457
2025-11-29 03:00:00+00:00,-0.23833251072601747,-0.22302439175568184,0.13828632358359277,0.024999732085716108,-0.008879587854690013,-0.03057442991654147,-0.035819798905200755
2025-11-29 04:00:00+00:00,-0.24376503850969572,-0.22782744703795024,0.1376548010131043,0.023730367983194986,-0.0056010276919890535,-0.031462456062429194,-0.04403146294335058
2025-11-29 05:00:00+00:00,-0.24908825083231706,-0.23262192135876272,0.13856215838166586,0.022424140448606526,0.0019441163974512233,-0.031043702072535033,-0.05175647227115635
2025-11-29 06:00:00+00:00,-0.25430563872824175,-0.23635214873076615,0.14253495808635752,0.02381804138643529,0.009210042948665618,-0.029186701108438684,-0.054126982062982
2025-11-29 07:00:00+00:00,-0.25583347177290927,-0.2365332557279887,0.14948749446191603,0.027782410947864173,0.016211843229336807,-0.02593936773054487,-0.05427623344603708
2025-11-29 08:00:00+00:00,-0.2566069533979177,-0.23632452650541355,0.15679968717867174,0.03421916687802805,0.02667688816131813,-0.02122632197276258,-0.05446262353476717
2025-11-29 09:00:00+00:00,-0.2573520003744037,-0.23614385871783972,0.16372779729885972,0.04046973056985609,0.033041681525126196,-0.01630875773219048,-0.05458633180676072
2025-11-29 10:00:00+00:00,-0.2580687656326498,-0.23599116411547963,0.16835190779374695,0.04654180209291024,0.03553593812821795,-0.012578253725363675,-0.05568838043544812
2025-11-29 11:00:00+00:00,-0.25872428271302955,-0.23492462161943528,0.1783594801451789,0.058773050319084315,0.04050569526808554,-0.004719201675009434,-0.05764859291153713
2025-11-29 12:00:00+00:00,-0.2593290330608463,-0.23393392217421255,0.18798683616071182,0.07057321555441873,0.05280478633727082,0.003575647199277072,-0.05947248955919541
2025-11-29 13:00:00+00:00,-0.2598835812866483,-0.2330174702270356,0.19725258077711616,0.0819631618867821,0.064605064043266,0.009459912016199777,-0.06116164205370647
2025-11-29 14:00:00+00:00,-0.260388455924679,-0.23217375775849833,0.20617405649149687,0.09296239163155767,0.07593304687177077,0.018752493696871,-0.06271744036057461
2025-11-29 15:00:00+00:00,-0.2608441508748273,-0.2314013592966879,0.2147674484039294,0.10358915504465055,0.08681328613934809,0.022400106750780836,-0.06414109666612658
2025-11-29 16:00:00+00:00,-0.25465065382307456,-0.23511824716443566,0.1990213852941586,0.09225320441792235,0.06991215674593076,0.039226032024026136,-0.05192091557398919
2025-11-29 17:00:00+00:00,-0.24845300420807917,-0.23511824716443566,0.18349434093845532,0.0810843427379929,0.0532598705584315,0.04943001071547999,-0.03958980871028795
2025-11-29 18:00:00+00:00,-0.24225077306671336,-0.22039082885973643,0.1681750366471408,0.07007533961623745,0.04489251339221808,0.05971919048713636,-0.027142138571270236
2025-11-29 19:00:00+00:00,-0.2378036383486757,-0.20605107038726928,0.15913709436596982,0.06529318077489221,0.042754747960030495,0.07016508214281184,-0.015492338615853453
2025-11-29 20:00:00+00:00,-0.2332855356325972,-0.19109574766733806,0.15007566846469295,0.0604851597702575,0.045104472050072356,0.08085054312208306,-0.003550678880625957
2025-11-29 21:00:00+00:00,-0.22869473781837035,-0.17284334318330946,0.14098448100768401,0.05564863373230374,0.042900259732189576,0.09178400362070281,0.008695021737258078
2025-11-29 22:00:00+00:00,-0.22402946016338185,-0.15831987590752034,0.13185737324290456,0.050780998368609526,0.0334122892914526,0.10100598568277991,0.02125762771680187
2025-11-29 23:00:00+00:00,-0.21827578602205355,-0.16284648395338006,0.11543646292076708,0.043620687278386375,0.02742928127379844,0.11422968366230042,0.027417100311321378
2025-11-30 00:00:00+00:00,-0.21377574683190362,-0.16284648395338006,0.10905962326521815,0.03813233775722846,0.018734059837344805,0.1222654740375065,0.031334725589036515
2025-11-30 01:00:00+00:00,-0.2171395550160204,-0.16855047604722995,0.10107487230674239,0.03335735865288967,0.01575891179193721,0.12874626593579128,0.025983768777481177
2025-11-30 02:00:00+00:00,-0.2204866550610319,-0.17427713668698744,0.0927789437567082,0.028474306214389348,0.012717060152995596,0.1378447186929547,0.020773845692164127
2025-11-30 03:00:00+00:00,-0.22381752478889674,-0.18002693189739355,0.0841505554830552,0.02348036670707538,0.00960734917249377,0.14724366430385993,0.01569841528175235
2025-11-30 04:00:00+00:00,-0.22806770522090977,-0.18530529968157342,0.08214736140952592,0.023372014149833444,0.01404866674027669,0.1506801553899903,0.007148492183530608
2025-11-30 05:00:00+00:00,-0.23227483199401516,-0.1896029444920364,0.08215657405980539,0.025267998615074373,0.018343505957065832,0.15574552638939368,-0.0007832216903049527
2025-11-30 06:00:00+00:00,-0.23578207826850395,-0.19108494870986625,0.08736461099061511,0.029052093477467678,0.02249668305846218,0.1625047772582851,-0.0014966885898464136
2025-11-30 07:00:00+00:00,-0.23541719320945367,-0.19066220657772823,0.09358462622262916,0.03346745532544689,0.029290668323048653,0.17093968950935168,-0.0009634627328600178
2025-11-30 08:00:00+00:00,-0.23443838304024134,-0.19005750328780077,0.09948922923489173,0.037767956351727534,0.0364188152489232,0.17992333294347565,-0.00035202106562286077
2025-11-30 09:00:00+00:00,-0.23342980639992827,-0.18943448366643006,0.10510312064517681,0.04195697766818143,0.040049483293787255,0.19166981504119654,0.0003390182731361692
2025-11-30 10:00:00+00:00,-0.23225520834151836,-0.18879308489048918,0.10940039732981331,0.04423409674549706,0.040841829669154686,0.20109206449070377,0.0008721027145550429
2025-11-30 11:00:00+00:00,-0.22935665747018572,-0.1871918294407714,0.1200470638455579,0.04912968716547069,0.04292557170264642,0.21323873902983947,0.0011080718106549732
2025-11-30 12:00:00+00:00,-0.22646044372195995,-0.18557244834709957,0.130246206888512,0.05391454037279384,0.04490998449785781,0.22970034179133142,0.001462215258472648
2025-11-30 13:00:00+00:00,-0.22780474334636933,-0.18627715234201378,0.14518727464445633,0.05830259058184033,0.05513494730263468,0.23254737728822614,-0.0025566417708664693
2025-11-30 14:00:00+00:00,-0.22912797663350945,-0.18696312832506792,0.15954834317403957,0.06663882843933416,0.06513447299013816,0.2329641173854892,-0.0065217380777631865
2025-11-30 15:00:00+00:00,-0.22813562872184837,-0.1862179577829142,0.1759749928181242,0.07936840882362536,0.07928424764711034,0.23246074601038627,-0.010610593090001152
2025-11-30 16:00:00+00:00,-0.22198106009839702,-0.18219130832501962,0.15599295141747624,0.06836600948861234,0.06327455501972727,0.24373082618759012,0.00010344114060944207
2025-11-30 17:00:00+00:00,-0.21579572808775213,-0.17815862618136283,0.13630419183176506,0.05747580480479972,0.04738278488574477,0.26166102134264574,0.01090719377625133
2025-11-30 18:00:00+00:00,-0.20957880604743107,-0.17411978301062983,0.11160533274866657,0.046693584687242336,0.031601447152694216,0.27987762853405695,0.021804236885233516
2025-11-30 19:00:00+00:00,-0.19830380452499755,-0.17262300652020415,0.09576590947070925,0.04099604506262106,0.02057264162675309,0.29845381626647255,0.03282312876276532
2025-11-30 20:00:00+00:00,-0.1868036167700707,-0.17111900607808872,0.08005988956394942,0.03524853110390514,0.009430057600575545,0.31997544779767434,0.044102905930112166
2025-11-30 21:00:00+00:00,-0.1693542034229974,-0.17485497757642854,0.06736131670527111,0.029448429376271176,-0.001833174986617398,0.3347566887944536,0.05565321686397697
2025-11-30 22:00:00+00:00,-0.15472012104730157,-0.1754179947213839,0.04730225447401033,0.02359310422428507,-0.016884156958411636,0.3513697450234568,0.06607363793997129
2025-11-30 23:00:00+00:00,-0.1500608352563296,-0.1754179947213839,0.039923271697997705,0.014714903596685223,-0.021504624647096557,0.3559800595885016,0.07051926936787252
2025-12-01 00:00:00+00:00,-0.1500608352563296,-0.1754179947213839,0.03510859698201847,0.00882276668404215,-0.026181934756242597,0.3604826367094638,0.07324732113039703
2025-12-01 01:00:00+00:00,-0.15668527557263576,-0.1810976028449848,0.02748737083728481,-0.002678447747553071,-0.03365139126450235,0.35540948947222545,0.06873695365560453
2025-12-01 02:00:00+00:00,-0.1557611957887226,-0.1810976028449848,0.026534106751130413,-0.004768548815088591,-0.034869250323368295,0.35098966016585603,0.06902387012481663
2025-12-01 03:00:00+00:00,-0.1557611957887226,-0.1810976028449848,0.025568727935055338,-0.006189631174032504,-0.03610497160620951,0.3469379973148762,0.0693107345556109
2025-12-01 04:00:00+00:00,-0.15939179809577586,-0.18631557909571636,0.02176712623799073,-0.01030332702234954,-0.037547431994045165,0.33339876968443705,0.06236670627395918
2025-12-01 05:00:00+00:00,-0.16302092459269962,-0.19079757501381972,0.019408105268886224,-0.012786240378046607,-0.03911096391790349,0.3204410045614397,0.055782970656335154
2025-12-01 06:00:00+00:00,-0.16522729350921433,-0.192258385796218,0.021372288850075475,-0.013612215638695234,-0.04079954218201019,0.3082998581797547,0.0534482147994647
2025-12-01 07:00:00+00:00,-0.17316789554971015,-0.19350266858265094,0.027314545084565486,-0.010025984338592621,-0.03823181199281954,0.29933387993633526,0.04673542634032286
2025-12-01 08:00:00+00:00,-0.17925676525075238,-0.19539420233788546,0.027945765980006945,-0.009809298936980296,-0.03620855810081282,0.2999071817716391,0.043437611732017045
2025-12-01 09:00:00+00:00,-0.18363691387894424,-0.19731561546427182,0.028585905153393466,-0.00958961327061732,-0.03415026776663879,0.3004885789713461,0.040062124678534115
2025-12-01 10:00:00+00:00,-0.18812146223489376,-0.19771606544959172,0.02923515347144203,-0.009366864316355672,-0.02956665238990879,0.3010782448460983,0.03740038468071983
2025-12-01 11:00:00+00:00,-0.19834246984794213,-0.19913456234956586,0.03087775772208562,-0.008845260962596198,-0.024346056858734314,0.30317814531655224,0.030806054714004414
2025-12-01 12:00:00+00:00,-0.19741113349769748,-0.19226921945400266,0.05258643908498157,0.011617492357342362,-0.01703147500794973,0.3008891969424347,0.02140458266490745
2025-12-01 13:00:00+00:00,-0.18044019730514818,-0.18552882614067637,0.07349193801448739,0.03135278874575542,0.00045361303002097367,0.28766499782021304,0.012121397801658648
2025-12-01 14:00:00+00:00,-0.16747737608449867,-0.17890982746355003,0.09507189238913016,0.050403655066248575,0.017585207576083856,0.2787345772768704,0.0029513503641279168
2025-12-01 15:00:00+00:00,-0.1600584683100495,-0.17240881455747023,0.11564661623022027,0.06880972674662877,0.03437975234819521,0.26989629559755823,-0.006110569651249891
2025-12-01 16:00:00+00:00,-0.156818305223248,-0.17650859410809788,0.09580264658328048,0.05169692043989565,0.017271787523727104,0.28571286761511805,0.005038011555425887
2025-12-01 17:00:00+00:00,-0.156818305223248,-0.17650859410809788,0.07658636791277604,0.03489099705435236,0.00021122803580003112,0.3016270768578964,0.01625967445521912
2025-12-01 18:00:00+00:00,-0.15988232255777352,-0.17650859410809788,0.057948007695299605,0.018373840523502917,-0.016809257827924657,0.3157857156936623,0.030439611066889354
2025-12-01 19:00:00+00:00,-0.15553505028443565,-0.157713600899873,0.04832714560273262,0.00852365537473734,-0.021315642140856714,0.33398194750239796,0.042727670443041675
2025-12-01 20:00:00+00:00,-0.14808615283777096,-0.13770431126075994,0.03880369683788383,-0.0013469952373215905,-0.0258840375398357,0.34636714738849206,0.055344604818926266
2025-12-01 21:00:00+00:00,-0.13749232605660475,-0.11867057328180598,0.029361141941176207,-0.011246574274680515,-0.01710737619460739,0.3540828498618614,0.07145948676514781
2025-12-01 22:00:00+00:00,-0.13749232605660475,-0.11631970169429197,0.019524677092582737,-0.020306715625227206,-0.022206490348328358,0.35969063814572155,0.07844845194713221
2025-12-01 23:00:00+00:00,-0.13749232605660475,-0.11631970169429197,0.009882333282542916,-0.02643908665518758,-0.03247126118029748,0.36333695298379426,0.08145390295415576
2025-12-02 00:00:00+00:00,-0.1413534667262792,-0.12552923415369938,0.0010623140590018182,-0.035232405248948065,-0.041481915786734845,0.3574941846166323,0.0776495583007825
2025-12-02 01:00:00+00:00,-0.1413534667262792,-0.12552923415369938,-0.0007921583444715559,-0.03819089958617691,-0.04308008953190514,0.35504016456802234,0.07816850441783713
2025-12-02 02:00:00+00:00,-0.1413534667262792,-0.12552923415369938,-0.002682869219753686,-0.04128128180271396,-0.04470986802022562,0.35273372154170024,0.07856122987045684
2025-12-02 03:00:00+00:00,-0.14485631174955624,-0.13021292014661878,-0.006163024291609049,-0.046429863936281804,-0.05219997587293771,0.3428463007445406,0.07224552211965703
2025-12-02 04:00:00+00:00,-0.1483584571869598,-0.13495897789594222,-0.008474726163568392,-0.05198169705970243,-0.05790150276083662,0.3334164146509822,0.06603562380715905
2025-12-02 05:00:00+00:00,-0.1483584571869598,-0.13408538487106386,-0.0019025826734651394,-0.045903118408712945,-0.05573368891827877,0.3272939060702181,0.06315008695468016
2025-12-02 06:00:00+00:00,-0.14749641156740023,-0.1329862387243821,0.004697377341167666,-0.040761437754198014,-0.05573368891827877,0.3212902201633521,0.05749196678215657
2025-12-02 07:00:00+00:00,-0.1388572821637661,-0.1285199448394742,0.017783960873850733,-0.028897157859633982,-0.046028062269062024,0.3088712060159309,0.05326785762350544
2025-12-02 08:00:00+00:00,-0.13035759189525978,-0.12561556834845924,0.03333555992159674,-0.017380100773523574,-0.04333300529270626,0.29678202238208573,0.05113415628580919
2025-12-02 09:00:00+00:00,-0.12061353679003457,-0.12273143158975847,0.04814063785450078,-0.00619354618331238,-0.033886967103353136,0.28500977021085955,0.04905636999095838
2025-12-02 10:00:00+00:00,-0.12007417091438098,-0.12338202296602743,0.06083532925850602,0.0046781155673005885,-0.029025371900987407,0.2691225176177524,0.0456790814546456
2025-12-02 11:00:00+00:00,-0.12086830925919324,-0.1257457722752403,0.08200165856282393,0.022538522790972,-0.02236813262630371,0.2456419317542938,0.0372960386237603
2025-12-02 12:00:00+00:00,-0.11256249625217064,-0.1280730299327737,0.10244867657625203,0.039890623118803495,-0.01579014929537829,0.2288869696191686,0.028996744210567013
2025-12-02 13:00:00+00:00,-0.09286070131998707,-0.12888054981396466,0.14130726097772828,0.06196624705935758,0.005232929845687639,0.20083429721303736,0.020471724573359877
2025-12-02 14:00:00+00:00,-0.06799333100274065,-0.12965320296616237,0.1768714375251001,0.08306630456518733,0.019101906942500097,0.17386670505721505,0.012213362270444263
2025-12-02 15:00:00+00:00,-0.04736814105979533,-0.1335196657672143,0.20660853936290274,0.10526921300121139,0.032839329439241956,0.14438014234207652,-0.0005541715353976811
2025-12-02 16:00:00+00:00,-0.05446697699228979,-0.12892078009803054,0.18016324219769014,0.08821453799789608,0.023317525447445017,0.1565933502617036,0.011200511245801016
2025-12-02 17:00:00+00:00,-0.06487553089043806,-0.12892078009803054,0.15473894539609756,0.07136127808470746,0.013851674564043166,0.16871060005099436,0.023074959040428385
2025-12-02 18:00:00+00:00,-0.0750927733801932,-0.14127065438044867,0.1302392520226032,0.054698127123194634,0.004439881748509619,0.18073651535437843,0.0350743121160648
2025-12-02 19:00:00+00:00,-0.07841283450209759,-0.14743900789628062,0.11557234897317102,0.04349735438855618,-0.0068066551868074705,0.18901082879546474,0.04745426323738494
2025-12-02 20:00:00+00:00,-0.08723495213860842,-0.15909351059005417,0.10183562526095676,0.03271207175005033,-0.006311104706539057,0.19406576201519038,0.04728922903778687
2025-12-02 21:00:00+00:00,-0.09573430821874843,-0.16884657653437884,0.09119333953185903,0.022347240685723985,-0.01116172779594993,0.19899309290284015,0.04712725205771432
2025-12-02 22:00:00+00:00,-0.10231763715827757,-0.1733206900143421,0.080936488494918,0.012376522389014129,-0.010638877571648962,0.20379764689537072,0.0486685713271973
2025-12-02 23:00:00+00:00,-0.1033914628323255,-0.17069816386570386,0.08161404493743538,0.00874794785814013,-0.010124849013199568,0.20848400656648622,0.05344546055577486
2025-12-03 00:00:00+00:00,-0.10771374847253583,-0.17751748459590497,0.07382393513863733,-0.0019789073156163297,-0.019830483206454117,0.20645752192254369,0.05089296812080673
2025-12-03 01:00:00+00:00,-0.10844924899212893,-0.17882034382770062,0.07225147842936525,-0.0037035277041773244,-0.019830483206454117,0.20699067553232714,0.051855060478230165
2025-12-03 02:00:00+00:00,-0.10844924899212893,-0.17882034382770062,0.07066258377191724,-0.005471133382907797,-0.02153637187709874,0.20752924252801977,0.05252360220252554
2025-12-03 03:00:00+00:00,-0.11198758681955023,-0.18352452849356707,0.06824279633938597,-0.010153517260015694,-0.02766776806632165,0.20384183014546745,0.047309118312746645
2025-12-03 04:00:00+00:00,-0.11128870287830925,-0.18303825082400618,0.07262522561832292,-0.006063442849345916,-0.025532337988525333,0.2010307358574657,0.04562098321147894
2025-12-03 05:00:00+00:00,-0.11058837361528386,-0.18255245690996966,0.07563871665180287,-0.0003940574976468628,-0.02318969989944778,0.19723331644040354,0.04395065331655262
2025-12-03 06:00:00+00:00,-0.10988657827256276,-0.1843282531844581,0.0810620403101451,0.006865513589872158,-0.020828061475940223,0.19347758448455302,0.040396996650798885
2025-12-03 07:00:00+00:00,-0.09870334621371701,-0.18179684509171293,0.09489290205040488,0.015972642345479304,-0.018948165620440615,0.1852827383487106,0.03721171877007914
2025-12-03 08:00:00+00:00,-0.0901405479623263,-0.17928201955223622,0.10807894271982108,0.027029411919958335,-0.01061552463530398,0.17725900987875065,0.03407170528724519
2025-12-03 09:00:00+00:00,-0.08270144931570454,-0.17678346871430053,0.12067673088702946,0.03771527022974932,-0.0023915156982861146,0.16940150275012913,0.03097573340988138
2025-12-03 10:00:00+00:00,-0.07792299381743709,-0.17678346871430053,0.13327488421355707,0.05188231665754199,0.016771662602419652,0.15782820013994237,0.02143370602918802
2025-12-03 11:00:00+00:00,-0.0692481308967828,-0.17572392271366785,0.15084138332550343,0.07214745826718802,0.0426570454258114,0.14036189847841848,0.010903581141246258
2025-12-03 12:00:00+00:00,-0.05695581427408987,-0.17468061454989026,0.16848776886306832,0.0917898153601002,0.06784972487293872,0.12793986827600826,0.0004231793623553161
2025-12-03 13:00:00+00:00,-0.04124045577466364,-0.17365311955037924,0.18814024375841695,0.11084738080883214,0.08586803262331297,0.1134070157618731,-0.010014629081982772
2025-12-03 14:00:00+00:00,-0.024015903988138635,-0.172263466804072,0.21570754759938668,0.13770736031974434,0.11064449534718906,0.08867750393190219,-0.026502352372839683
2025-12-03 15:00:00+00:00,-0.00732784027169669,-0.17090231288819455,0.2421090921673131,0.1637387351222973,0.1345342599225364,0.05846630161335924,-0.04291904713665729
2025-12-03 16:00:00+00:00,-0.017047386840117345,-0.17090231288819455,0.22134709315127418,0.14197145762256896,0.11522714465631344,0.07388018003224858,-0.028165658237370685
2025-12-03 17:00:00+00:00,-0.02662831509629077,-0.17090231288819455,0.19714695124299575,0.12548117793972074,0.09630459775291783,0.08927954423724319,-0.016240083395507098
2025-12-03 18:00:00+00:00,-0.030422907815052448,-0.15505301871426452,0.18167299925208003,0.11557719709518971,0.08430696743572509,0.10175408011979885,-0.003493579196099012
2025-12-03 19:00:00+00:00,-0.03425112927940277,-0.14143252168568474,0.16641666313010017,0.10569782361755194,0.07235415516820959,0.11638209930816114,0.009614455283606747
2025-12-03 20:00:00+00:00,-0.03811473407772496,-0.13057129730615888,0.15134880168777756,0.09583439175589767,0.06043335803376414,0.12922320047736355,0.021207630194325148
2025-12-03 21:00:00+00:00,-0.04357601520404784,-0.129009393837653,0.13735572192292908,0.08918196647766624,0.05008281029302586,0.13594815188276382,0.029019142781915253
2025-12-03 22:00:00+00:00,-0.048969737589982174,-0.129009393837653,0.12484229102050182,0.08262643294965419,0.039659315070041584,0.14456008253243718,0.03880931381451884
2025-12-03 23:00:00+00:00,-0.05479597850999654,-0.13181718104071355,0.1218443570215776,0.07400554024141996,0.03452273080265894,0.15242555415772144,0.04625635397281195
2025-12-04 00:00:00+00:00,-0.056219989362534466,-0.13317528675926446,0.12020173205150383,0.07235637985662821,0.029971006838789473,0.15381962554664147,0.04720690218648073
2025-12-04 01:00:00+00:00,-0.05691515765642764,-0.13454692414441896,0.11871729176815403,0.07067987912759148,0.02528745681343639,0.1552132191895512,0.04856393800884921
2025-12-04 02:00:00+00:00,-0.05987609319056401,-0.13945270622093653,0.11674736307689867,0.0660697724577634,0.022762404917364486,0.15286021898659935,0.043135436161649825
2025-12-04 03:00:00+00:00,-0.06286436937935472,-0.14442469882572717,0.11536211500668013,0.06124034615353404,0.02157096066314728,0.1518382197149131,0.0386570339662529
2025-12-04 04:00:00+00:00,-0.0622755963431649,-0.14397418877063928,0.11950848429386504,0.06600918320848655,0.025831925877783,0.1491784213707195,0.03713041708654706
2025-12-04 05:00:00+00:00,-0.06168524501975342,-0.14397418877063928,0.12373243028199613,0.07169474151905393,0.030148346014989957,0.1465345276473003,0.03561967664003477
2025-12-04 06:00:00+00:00,-0.06109329552547169,-0.14559110952860113,0.1274948951054063,0.07527148115313533,0.03452402386076543,0.1439059588727862,0.03370562566014355
2025-12-04 07:00:00+00:00,-0.05459185327963431,-0.14614663619628257,0.13743167560081435,0.08389891288237313,0.04100188829002684,0.1098466751795141,0.03220070199435355
2025-12-04 08:00:00+00:00,-0.045867616988596704,-0.1436332895448811,0.14706463016387686,0.09229361247983169,0.047449120042855265,0.10756062778074559,0.030747275899689657
2025-12-04 09:00:00+00:00,-0.04175377430182706,-0.1436332895448811,0.15743021148460562,0.10174223291140139,0.05995102263659168,0.10483592482446287,0.023185119549501018
2025-12-04 10:00:00+00:00,-0.03567823606016981,-0.1466824108427314,0.1684002001330746,0.11107895859346471,0.07264695243167667,0.10211297655777143,0.01544794426687039
2025-12-04 11:00:00+00:00,-0.025475235091690508,-0.1487781279706869,0.18260806011136288,0.12519677666070134,0.0871497787723161,0.09790764840857732,0.007438285165601204
2025-12-04 12:00:00+00:00,-0.015485553002569421,-0.1508447386555457,0.19700579137854732,0.13894944086558583,0.09482069074453545,0.0937657594621688,-0.0005292730744494096
2025-12-04 13:00:00+00:00,-0.009054166020082669,-0.15576387255657434,0.21645790690415095,0.15418526951412004,0.09482069074453545,0.0893263599745013,-0.013634927460412906
2025-12-04 14:00:00+00:00,0.005659732516735995,-0.1593293559430616,0.2402705050969257,0.17331782537516086,0.08677497147949599,0.08334122151779011,-0.026788113673169744
2025-12-04 15:00:00+00:00,0.019974220711614893,-0.16284716595595014,0.2633710081799424,0.1919320796120266,0.08818324877916144,0.07745977938198456,-0.039881242728695324
2025-12-04 16:00:00+00:00,0.013704061796186768,-0.1583288991579986,0.24476160506309083,0.17524698787889356,0.034228447582576926,0.08069981979767858,-0.026956601241985758
2025-12-04 17:00:00+00:00,0.004365205008036512,-0.1538019795477893,0.22634782170084544,0.15877021553719692,-0.010227130489126119,0.08503114499341623,-0.01717428048846166
2025-12-04 18:00:00+00:00,6.0764113883656685e-05,-0.15219354848233807,0.2136537696307577,0.14796061992288884,-0.03176073948941242,0.08724033402136643,-0.005904248439789874
2025-12-04 19:00:00+00:00,-0.004279222917536039,-0.1570948407078481,0.1985938241909066,0.13712612114245593,-0.05112185620207265,0.08902308084395258,0.007029874079190836
2025-12-04 20:00:00+00:00,-0.005562061489742534,-0.1594251637029374,0.18356184160778247,0.1262594638689586,-0.06580304846476587,0.09083885193756372,0.018233086288279587
2025-12-04 21:00:00+00:00,-0.006876242096667786,-0.16185342698356142,0.1685423097325404,0.11159254169175313,-0.07986658910110245,0.0926882834222039,0.027520547977302714
2025-12-04 22:00:00+00:00,-0.012384273844383745,-0.16444182127277832,0.16059080805539577,0.10364998584899641,-0.09181257239303443,0.096415124413306,0.025171255887312702
2025-12-04 23:00:00+00:00,-0.010437507130413758,-0.15850642536849388,0.1586662073796164,0.10252009773394177,-0.10005892162529208,0.10006597464625709,0.03107865292796856
2025-12-05 00:00:00+00:00,-0.010437507130413758,-0.15850642536849388,0.15753558099076573,0.10150636164471567,-0.10516031231827777,0.1006435474971015,0.03289247005963272
2025-12-05 01:00:00+00:00,-0.010437507130413758,-0.15850642536849388,0.15640633156106598,0.10048732580728084,-0.11063713846479195,0.10101931169988577,0.03467893094651481
2025-12-05 02:00:00+00:00,-0.01108139472591095,-0.15850642536849388,0.15475107731558954,0.09925616066222903,-0.11605605820784824,0.10141284680969359,0.03643927060917956
2025-12-05 03:00:00+00:00,-0.014227309099329146,-0.16366898026499688,0.152163743387395,0.09443729460898861,-0.11328383400928622,0.10005382218038902,0.031772877536217235
2025-12-05 04:00:00+00:00,-0.013662153826296685,-0.16366898026499688,0.15574417379791985,0.097657564344362,-0.10602811074720583,0.09957936277168508,0.029619242341918022
2025-12-05 05:00:00+00:00,-0.013095084266389263,-0.16366898026499688,0.1589846446084561,0.10097671315893567,-0.09896815571005309,0.0991056529629573,0.027502891351600074
2025-12-05 06:00:00+00:00,-0.015029693495664867,-0.1656347090299723,0.16145222347936117,0.11021480130537838,-0.08505057605054689,0.09647263677314515,0.026406373627003814
2025-12-05 07:00:00+00:00,-0.016978643362928023,-0.16602628769809163,0.16969722040897325,0.11737550980805585,-0.07274724182133306,0.09366418628211141,0.026251587445138513
2025-12-05 08:00:00+00:00,-0.013572540990613979,-0.16640035270993006,0.17775854915680017,0.12438002271540764,-0.06092263205827326,0.09135992171729751,0.02614686849152132
2025-12-05 09:00:00+00:00,-0.0064019001608173025,-0.16920473572779834,0.18973683077939207,0.13342941679643844,-0.050107957133156154,0.08879498306620942,0.018602227289719383
2025-12-05 10:00:00+00:00,-0.000995318570419535,-0.16920473572779834,0.19895921592663332,0.1424228636177674,-0.0360377876939962,0.08623244896931427,0.01091057697933504
2025-12-05 11:00:00+00:00,0.004242701493444742,-0.16819839156068858,0.21144408669254353,0.15521720902514552,-0.020561158735716612,0.08209686902013826,0.002226225929351767
2025-12-05 12:00:00+00:00,0.009430466301717759,-0.1672053120883482,0.22394422553449572,0.1677520982412988,0.0003723834528324122,0.07802160182420674,-0.0063975675021298055
2025-12-05 13:00:00+00:00,0.01858296979167619,-0.1672053120883482,0.23930484884831996,0.18280861498740655,0.017446236145632055,0.07381821039765701,-0.019508426525553294
2025-12-05 14:00:00+00:00,0.027378839188147014,-0.16588175027974308,0.2549049411420259,0.20084591395872903,0.04060804514740543,0.06843139260351891,-0.03336406414318028
2025-12-05 15:00:00+00:00,0.03609362474782741,-0.16458235070038782,0.2704148154189412,0.2184958089599979,0.06292724727992954,0.06313354582400998,-0.04712547404981185
2025-12-05 16:00:00+00:00,0.029826911039728038,-0.16458235070038782,0.2562837358916345,0.20179797893919338,0.045210788389706866,0.06638760942060963,-0.033660655336173254
2025-12-05 17:00:00+00:00,0.03300013348193342,-0.16458235070038782,0.24457929236820466,0.18522927047403742,0.027857772247594836,0.06964158930686877,-0.020063521308725466
2025-12-05 18:00:00+00:00,0.03409412361994045,-0.16059434294423836,0.23320847054418536,0.17355435585040027,0.017124711022460715,0.07248091546621166,-0.007057550787195278
2025-12-05 19:00:00+00:00,0.038088221009274996,-0.1579795688785011,0.22402473400051762,0.16332382106725243,0.006770817252027873,0.07447907054737994,0.0014557238813591327
2025-12-05 20:00:00+00:00,0.04210480528008382,-0.15081135589672043,0.2125701244686571,0.15316860006724206,-0.003417582785995395,0.07647739536438108,0.010062519442011246
2025-12-05 21:00:00+00:00,0.046144379310782864,-0.1415604612380136,0.20116843565220774,0.14308425701379526,-0.010209043502365416,0.07910031942112508,0.018767518734614096
2025-12-05 22:00:00+00:00,0.0441384679423139,-0.13415270666216514,0.19203640943622577,0.13306649885364535,-0.023832338925266226,0.08172092454798016,0.02539926600853987
2025-12-05 23:00:00+00:00,0.0441384679423139,-0.137301821538586,0.18655794613151336,0.12387540368301829,-0.03420797966129333,0.08433928350652098,0.03175196626671481
2025-12-06 00:00:00+00:00,0.04047807815133731,-0.137301821538586,0.18259081451205678,0.11796277689921413,-0.04438638157085494,0.08698600806030822,0.0357868935117236
2025-12-06 01:00:00+00:00,0.039306737277500683,-0.137301821538586,0.1818936761347538,0.11564552804061659,-0.048014899082637785,0.0877076874754205,0.03704431380705413
2025-12-06 02:00:00+00:00,0.038122309946564896,-0.137301821538586,0.1812182942160364,0.11330520250237905,-0.05260533550248251,0.088686135486828,0.03828518506602038
2025-12-06 03:00:00+00:00,0.03275502051525507,-0.14238690498211606,0.17810231453355513,0.11051147554466358,-0.050102420993127825,0.08904189825713654,0.032346696230965886
2025-12-06 04:00:00+00:00,0.03408506994241713,-0.14238690498211606,0.18253425769895618,0.1145864255337962,-0.04730505380704115,0.0883319875224835,0.030971190814607478
2025-12-06 05:00:00+00:00,0.03543601928637647,-0.14238690498211606,0.18573553771254203,0.11879006788627251,-0.0442254329477808,0.08746452970215353,0.0296183781654333
2025-12-06 06:00:00+00:00,0.036808644297110976,-0.14189798521573513,0.1890701517345936,0.12137943162483623,-0.041199462295963905,0.08644693326913139,0.027943251195073807
2025-12-06 07:00:00+00:00,0.036194799659887575,-0.14262023999497225,0.19071923091588142,0.12341961533064773,-0.038224237824000445,0.08599505497524769,0.0258408282267095
2025-12-06 08:00:00+00:00,0.04000316151816458,-0.14191401739515183,0.19634122628630474,0.12842556484990825,-0.030743520186232155,0.0869499725696248,0.02520112759246971
2025-12-06 09:00:00+00:00,0.04374807344893415,-0.14121272923007566,0.20183431363158583,0.13333470353873425,-0.02560756034243785,0.0879218950274847,0.024608327333756563
2025-12-06 10:00:00+00:00,0.047430660867761106,-0.14302818555222468,0.20737006476843262,0.1381495645505997,-0.01976510884011971,0.08846163767864926,0.02266089173560572
2025-12-06 11:00:00+00:00,0.0529057872305804,-0.1455394158872456,0.21596692470649875,0.14382389485003189,-0.011048273935013408,0.08617733016674911,0.015162271399223786
2025-12-06 12:00:00+00:00,0.06026204695137028,-0.1488313630835243,0.22718411567551186,0.15249807715947444,-0.0020737931009627546,0.08429381680444183,0.005999846112347442
2025-12-06 13:00:00+00:00,0.06751441929902434,-0.15207850843149454,0.23824656320121862,0.16101110243338698,0.006743003066544366,0.08299737089957772,-0.0030789577752177786
2025-12-06 14:00:00+00:00,0.07466571032792156,-0.15528171776830493,0.24916123693561565,0.16936801318904413,0.015406645026311904,0.08117813267539713,-0.012078305118188385
2025-12-06 15:00:00+00:00,0.08171864458766627,-0.15844183226879327,0.25993489344576903,0.17757365644871534,0.023921502207217813,0.07949469955915744,-0.021002329424120683
2025-12-06 16:00:00+00:00,0.07166983042510092,-0.15369151845536272,0.24362764403437873,0.16604922559829913,0.013363895258226961,0.08171067384506349,-0.007029103922526473
2025-12-06 17:00:00+00:00,0.06162701935129485,-0.1489461527424161,0.22736903231503056,0.15459949221626965,0.002848531154513754,0.08504764799612187,0.007036430817013654
2025-12-06 18:00:00+00:00,0.05375536413286158,-0.14608567443331766,0.21525593971385584,0.14718566678174047,-0.0047299577010194395,0.0886854355158743,0.017681928048270765
2025-12-06 19:00:00+00:00,0.04750657357621885,-0.14608567443331766,0.2026720743188822,0.1399921343969527,-0.011228419417140778,0.0907788798747229,0.022166374838888846
2025-12-06 20:00:00+00:00,0.041259943050026435,-0.14608567443331766,0.1901882111782193,0.13284426394143053,-0.020997228795607028,0.09287430891356625,0.026684609203553627
2025-12-06 21:00:00+00:00,0.0350146206860156,-0.14608567443331766,0.17779686668804204,0.12180565907143416,-0.02425578578444231,0.09497175731728144,0.031237513895681412
2025-12-06 22:00:00+00:00,0.028769754919308232,-0.14335163347741758,0.16549080516693102,0.11093789283696569,-0.03424888354981096,0.09636248669633804,0.035826000330950125
2025-12-06 23:00:00+00:00,0.02675470263956569,-0.13719301813202414,0.15677745219879707,0.10445066163906515,-0.040904426668996,0.09775387979639662,0.04021963360664734
2025-12-07 00:00:00+00:00,0.0247503910413007,-0.13719301813202414,0.1504295932871262,0.09836862009434616,-0.04759584603014289,0.09914594636002252,0.044263765609098935
2025-12-07 01:00:00+00:00,0.0240290797295279,-0.13719301813202414,0.14902184638408378,0.09640828329228956,-0.048871456157475374,0.09997607024290743,0.045538243827907963
2025-12-07 02:00:00+00:00,0.023303198312835782,-0.13719301813202414,0.14761317782949154,0.09443128902989281,-0.05132021066950285,0.10053923218524408,0.04679449218648768
2025-12-07 03:00:00+00:00,0.017897030676111376,-0.14206465834630527,0.1446946870556399,0.09134561086537403,-0.0510481184561178,0.10153582796868557,0.04016708530307151
2025-12-07 04:00:00+00:00,0.018447367315234754,-0.14206465834630527,0.149129986364054,0.09357828383707792,-0.049471669273227895,0.08289120480345354,0.03884304649748045
2025-12-07 05:00:00+00:00,0.019001929038345956,-0.14222925747672605,0.15370649100663572,0.09460067246983454,-0.0479021312186778,0.08257840828955396,0.03820734954772401
2025-12-07 06:00:00+00:00,0.02007106383304792,-0.14222925747672605,0.15566983632326944,0.09599631396397594,-0.04633922225377587,0.0823735988306398,0.03730266704896741
2025-12-07 07:00:00+00:00,0.021039514213363465,-0.14285455301939037,0.1569747109659471,0.0977551027146457,-0.045513724978913206,0.08207191965682586,0.035987939114020144
2025-12-07 08:00:00+00:00,0.02376781769130046,-0.14443296518168225,0.163416137822946,0.10441806644383753,-0.04200740684958245,0.08204537471787969,0.03477384412306414
2025-12-07 09:00:00+00:00,0.026452064214187856,-0.14359847156027167,0.17172843092357615,0.11091685135804187,-0.0406328915215722,0.08203136129377117,0.0336053031701578
2025-12-07 10:00:00+00:00,0.02909283944100246,-0.14514252995484966,0.17843800469679813,0.11828646614119458,-0.04137395879911008,0.08172114257063898,0.030674963952490957
2025-12-07 11:00:00+00:00,0.032622453350291306,-0.14751628403433523,0.18778290791398863,0.12916456102029863,-0.03875452799832133,0.08053360207965679,0.02358409795521527
2025-12-07 12:00:00+00:00,0.0377357755836681,-0.1505044745732827,0.20137843010154594,0.14427947556307041,-0.03274851719420857,0.07850008060409364,0.015332953783813958
2025-12-07 13:00:00+00:00,0.04277658211116812,-0.15345308979490346,0.21491226422125237,0.1591351329586662,-0.02942123547079416,0.07718941911395416,0.007135837451599257
2025-12-07 14:00:00+00:00,0.047746403605701045,-0.15636284964857222,0.22994710883383312,0.17057367827829145,-0.026139983924284294,0.07628366941559324,-0.001011187736374218
2025-12-07 15:00:00+00:00,0.0537629090757761,-0.1604402859424043,0.2479687052381527,0.18391347971758076,-0.021485722437329755,0.07491740970789805,-0.013568861650575475
2025-12-07 16:00:00+00:00,0.04684874630438397,-0.15571579617982254,0.22383903138645272,0.1669504130965994,-0.026825516844473558,0.0764917486480473,0.000757537131687806
2025-12-07 17:00:00+00:00,0.03994200914874629,-0.15099478232207394,0.20010520586808583,0.1501672552433893,-0.03217133271549548,0.07806632186343426,0.01522749852827634
2025-12-07 18:00:00+00:00,0.03479443788234267,-0.14798068803598996,0.18606972092304408,0.13852695968768086,-0.037215429465491646,0.07984390919864603,0.029105155259494007
2025-12-07 19:00:00+00:00,0.03479443788234267,-0.14523544083438658,0.1728730325295989,0.12793658337951516,-0.04059703298108412,0.08083712537064126,0.036169008319684746
2025-12-07 20:00:00+00:00,0.039281104239598186,-0.14248403851597666,0.15738050554355767,0.117451232655152,-0.04398302821859302,0.0813319719440085,0.04331427810393044
2025-12-07 21:00:00+00:00,0.04614165069410233,-0.1327222042343704,0.14051825922140107,0.10706539320995144,-0.04737355619363341,0.08231803250128529,0.05054423038595186
2025-12-07 22:00:00+00:00,0.04614165069410233,-0.12427760580141294,0.13037871048275243,0.09677378805013029,-0.05087509193031643,0.08280920314322386,0.057687815306062096
2025-12-07 23:00:00+00:00,0.04407656604128462,-0.12104034833298434,0.12004164683830687,0.09050418778052127,-0.05451172482408568,0.08425984160642075,0.06429411101798561
2025-12-08 00:00:00+00:00,0.03925819182720772,-0.125941209350799,0.10897644300220978,0.08127601905938446,-0.06200777223579077,0.08411928930547204,0.06297755143709598
2025-12-08 01:00:00+00:00,0.040000244510205486,-0.125941209350799,0.10715771415231828,0.07951690149502848,-0.06370609184267795,0.08467706756368,0.06440195466704146
2025-12-08 02:00:00+00:00,0.03925819182720772,-0.125941209350799,0.10465340319929275,0.07871131211665623,-0.06542388281853362,0.08505254602031224,0.06581174108604318
2025-12-08 03:00:00+00:00,0.03435093412371832,-0.13061073489297106,0.10021707980892146,0.071905094481444,-0.07096913116204409,0.08417307940536309,0.06117891717943182
2025-12-08 04:00:00+00:00,0.03435093412371832,-0.13061073489297106,0.10385654901513516,0.07416234699259167,-0.07051742690104981,0.08396010373750845,0.05993672281535194
2025-12-08 05:00:00+00:00,0.03435093412371832,-0.13073582375965576,0.10721171773195795,0.07523447183252747,-0.07006462291856919,0.0837473544367775,0.05871404976900408
2025-12-08 06:00:00+00:00,0.0311991110387005,-0.13554517667895655,0.11482367338842925,0.07687519749211968,-0.071259353144513,0.0821313495377921,0.058004796713400836
2025-12-08 07:00:00+00:00,0.0333128036126987,-0.13629237962117005,0.1234225797331784,0.08113716026322197,-0.07248636006330998,0.08052979073370273,0.05902872701261295
2025-12-08 08:00:00+00:00,0.035360156110884305,-0.1372797093346713,0.13035662225069883,0.08371684223572395,-0.07195236495964163,0.07872768330756581,0.059836004653088866
2025-12-08 09:00:00+00:00,0.03737353585052155,-0.13825178071173574,0.13704783017887734,0.08625109222661062,-0.07142672980993142,0.07655971666428116,0.05892734889938034
2025-12-08 10:00:00+00:00,0.03485416121341758,-0.143463125528354,0.14706838669796574,0.09054797521700018,-0.07502274677860274,0.07333536457843401,0.057220613773291844
2025-12-08 11:00:00+00:00,0.026961519269530852,-0.15041905567797012,0.1608973772893457,0.09632560467601706,-0.07985215012532221,0.068612792554445,0.054659951599485064
2025-12-08 12:00:00+00:00,0.026961519269530852,-0.1622557072773415,0.17606810723200175,0.10085948292714034,-0.07086278222181516,0.06467972995698831,0.04597530210609719
2025-12-08 13:00:00+00:00,0.021188143547032405,-0.17410725439033647,0.19311530438136937,0.10538460064553175,-0.06626864725474861,0.06338069385993793,0.03724311699983578
2025-12-08 14:00:00+00:00,0.016933301356571992,-0.18756394380921756,0.21189602865547716,0.11135787568837502,-0.06107146803456274,0.06202232353453579,0.027778977409402338
2025-12-08 15:00:00+00:00,0.015600118607191864,-0.20085136697304073,0.23011298245509282,0.11723787432689288,-0.05594646720727969,0.0606865517630995,0.0184043047770372
2025-12-08 16:00:00+00:00,0.019191150033226717,-0.1865910926598062,0.21325646552889013,0.11152127035313603,-0.061632287451545885,0.061476329564958854,0.029281708333814195
2025-12-08 17:00:00+00:00,0.0264133485224625,-0.1723363714873813,0.19289718375812334,0.10581847745581027,-0.06732872655483184,0.06226615172650192,0.040229624036210346
2025-12-08 18:00:00+00:00,0.03557793493009989,-0.16115852523726445,0.1791518639063493,0.10250693895797178,-0.07310793003849286,0.06249802652186785,0.05101574746065472
2025-12-08 19:00:00+00:00,0.04037867078568322,-0.15533641118490185,0.16601747432731728,0.09882373186163008,-0.07680250188036108,0.06249802652186785,0.06072247995808521
2025-12-08 20:00:00+00:00,0.04522294799384151,-0.14949704380799023,0.15311413818556505,0.09514945425958321,-0.07680250188036108,0.06349885740873626,0.07056342545263047
2025-12-08 21:00:00+00:00,0.050111973423834985,-0.14105632441036564,0.14042845968926862,0.09148391765884584,-0.08069043787998544,0.06449363246944863,0.080545433014694
2025-12-08 22:00:00+00:00,0.059566914488648454,-0.13186700546096916,0.12894217997011156,0.08782693577349156,-0.08069043787998544,0.06598932232195162,0.09031629973089156
2025-12-08 23:00:00+00:00,0.06172844002459098,-0.12145685233907476,0.11687992593569871,0.08782693577349156,-0.08460551549214869,0.06698298867832238,0.09466514371855514
2025-12-09 00:00:00+00:00,0.06249454995806759,-0.11957685061136508,0.1148093339537575,0.08631084479948282,-0.08667121421705047,0.06740219992001852,0.09717463887176596
2025-12-09 01:00:00+00:00,0.06249454995806759,-0.11771759385279477,0.1127131953898861,0.0854445472814452,-0.08667121421705047,0.06782126126774599,0.09888909532229034
2025-12-09 02:00:00+00:00,0.06249454995806759,-0.11587858455131744,0.11059011404966339,0.0854445472814452,-0.08876446029073576,0.06803224929630355,0.10132115314714646
2025-12-09 03:00:00+00:00,0.06249454995806759,-0.11585339259899315,0.11310021985649109,0.0854445472814452,-0.08877713565890462,0.06795635422523265,0.09863557301524989
2025-12-09 04:00:00+00:00,0.06249454995806759,-0.11583883444845536,0.11491369184374137,0.0854445472814452,-0.08879426611656378,0.06788049491237422,0.09605472163422242
2025-12-09 05:00:00+00:00,0.06249454995806759,-0.1158344656731074,0.11605992403219363,0.08444309278311198,-0.08881601020098497,0.06773189356691237,0.09430050790166628
2025-12-09 06:00:00+00:00,0.05713708574333939,-0.12135465107159978,0.12103855789532666,0.07630650682103583,-0.09056689591072457,0.0666390496084803,0.09083038684657545
2025-12-09 07:00:00+00:00,0.04723706552911754,-0.13092372144860154,0.12881914685350646,0.07369443725518633,-0.09056689591072457,0.06592189510486753,0.0865671034701683
2025-12-09 08:00:00+00:00,0.04083139695041464,-0.1372443103344173,0.13499564323283203,0.07369443725518633,-0.08823709818940155,0.06520506275040563,0.08097923332939243
2025-12-09 09:00:00+00:00,0.03440858703597887,-0.14359378965684982,0.14110368454355718,0.07369443725518633,-0.08823709818940155,0.06448855000130337,0.07532723585834758
2025-12-09 10:00:00+00:00,0.030635523568019053,-0.1523913414672536,0.14892932119552388,0.06873445582910744,-0.09215997276157878,0.062443326814194185,0.06788992087306403
2025-12-09 11:00:00+00:00,0.027688806770579714,-0.16296900569037154,0.15891245549364083,0.06412994498476557,-0.09215997276157878,0.06115764408699582,0.05689353707737096
2025-12-09 12:00:00+00:00,0.018936475602477354,-0.17350107517700766,0.1688812440460772,0.059537589864437905,-0.0876906307386003,0.059878002694623664,0.04582412117843238
2025-12-09 13:00:00+00:00,0.009904297307995594,-0.18640012792335037,0.17470137658853568,0.05529481265218963,-0.08129971361572128,0.059150530835816235,0.030929369413081755
2025-12-09 14:00:00+00:00,0.0013742371187667457,-0.20186160355678218,0.18463502571360293,0.048657365974173264,-0.07436111395296353,0.060077489012540605,0.014470805505074517
2025-12-09 15:00:00+00:00,-0.011558268486576307,-0.2172613209133375,0.19486454579743923,0.042036138277725114,-0.0674070396759496,0.06192880810261776,-0.002114840245623368
2025-12-09 16:00:00+00:00,-0.0004780643734337238,-0.20314817596669557,0.18478198887366848,0.042036138277725114,-0.07352984368068256,0.06034256022053093,0.012186772908399522
2025-12-09 17:00:00+00:00,0.010700998041987465,-0.1849926113592604,0.17478501030069493,0.042036138277725114,-0.07966908642457618,0.057160184452838235,0.026608097686213982
2025-12-09 18:00:00+00:00,0.022904419900588672,-0.1596355617181912,0.16928551093379776,0.04217762848858124,-0.08617531419923379,0.055594846598440585,0.03795848297331303
2025-12-09 19:00:00+00:00,0.030334393640080674,-0.14275127455970835,0.16034071418376727,0.03851853867015957,-0.08617531419923379,0.05406060813815461,0.04513764499140999
2025-12-09 20:00:00+00:00,0.04031114871552752,-0.12330538649250095,0.15386607319650125,0.03851853867015957,-0.09445844769557428,0.052010877042008206,0.05238835619842548
2025-12-09 21:00:00+00:00,0.05042639448915891,-0.1078121138057798,0.14319119576140732,0.03851853867015957,-0.09018806925097002,0.05099087967942601,0.05971329524299487
2025-12-09 22:00:00+00:00,0.05801754523314587,-0.09552778768391856,0.13712030755531132,0.04217762848858124,-0.08573337985291864,0.049970932546023944,0.06692395545999572
2025-12-09 23:00:00+00:00,0.0627845404004369,-0.08500107206016563,0.13059254267301953,0.04217762848858124,-0.0813399274858778,0.048951032417659364,0.07374897079612469
2025-12-10 00:00:00+00:00,0.06367404890791234,-0.08160418602390845,0.12969910598773285,0.04217762848858124,-0.08556726080186046,0.013736680690694869,0.0752760892741429
2025-12-10 01:00:00+00:00,0.06455934926881482,-0.07640107895410012,0.12880158714806422,0.04092149876751061,-0.0924721566783788,0.01324117068233775,0.07678748611865246
2025-12-10 02:00:00+00:00,0.06002126729453695,-0.07970261914817024,0.12361219181778299,0.032665982072029406,-0.0992770772376607,0.012941780227618398,0.07309486413039268
2025-12-10 03:00:00+00:00,0.059546745469908194,-0.07995727787069527,0.12549571291089212,0.032665982072029406,-0.0992770772376607,0.01308337482694851,0.07162549882436074
2025-12-10 04:00:00+00:00,0.059075755011732844,-0.08022363255624695,0.12790164339207336,0.032665982072029406,-0.0992770772376607,0.013224994986638695,0.07018904765653072
2025-12-10 05:00:00+00:00,0.05860823919811469,-0.08050089146309845,0.12961577080151654,0.03203076766573571,-0.0992770772376607,0.013366641267111838,0.06878400098066138
2025-12-10 06:00:00+00:00,0.05358469579260487,-0.0870341132978419,0.1265725157710219,0.024266140654165543,-0.10365620882553088,0.013712387916022742,0.06579723211981015
2025-12-10 07:00:00+00:00,0.043577351009636334,-0.09555682396299671,0.13007545057006425,0.021786904301684326,-0.10135518423045566,0.01449052552872357,0.06149434727219727
2025-12-10 08:00:00+00:00,0.03876240749491896,-0.10412922216608894,0.13354835722595504,0.019355641321174937,-0.10135518423045566,0.015268736583161227,0.057153098015118975
2025-12-10 09:00:00+00:00,0.03351245666811689,-0.11520554193206703,0.13674829014757353,0.016901495097185675,-0.1078246829526257,0.016206131268056558,0.053167620151177174
2025-12-10 10:00:00+00:00,0.026856770681325262,-0.12711016532254685,0.14264169478517108,0.014481974086284464,-0.11668084737953043,0.02064184954642867,0.04781004836602913
2025-12-10 11:00:00+00:00,0.017856467551744793,-0.14163543379957577,0.14765788125592788,0.010057949783009884,-0.12138618783935569,0.02529933737461716,0.039469304459255825
2025-12-10 12:00:00+00:00,0.005841823903474122,-0.1560773804990556,0.15246035497673677,0.005623708576091332,-0.12138618783935569,0.02948454030986534,0.03108705892699268
2025-12-10 13:00:00+00:00,-0.0064302437430487774,-0.1738698779465299,0.15967539110921947,0.0012570045160380694,-0.12078733637232476,0.03558974091179056,0.02192427622764721
2025-12-10 14:00:00+00:00,-0.01975636720599976,-0.19475294275578392,0.1696231594002888,-0.005177936606662977,-0.12078733637232476,0.04162833601114577,0.009661474640824442
2025-12-10 15:00:00+00:00,-0.037763307322415854,-0.2155348975247531,0.17632503908501454,-0.011628648430831643,-0.12078733637232476,0.04767205077494564,-0.0026696157714667683
2025-12-10 16:00:00+00:00,-0.022293603447033083,-0.19620994967098415,0.16638005812080234,-0.005983762870409654,-0.12078733637232476,0.041745297666815374,0.00819364021619158
2025-12-10 17:00:00+00:00,-0.006565413085091707,-0.17810786380461177,0.15967885037497884,-0.0003248295278215073,-0.12078733637232476,0.037016877437699706,0.019174297289283868
2025-12-10 18:00:00+00:00,0.003708060361017357,-0.16989415126416438,0.15287824660522903,0.0033247172023263554,-0.12078733637232476,0.0335892159512597,0.026361793053728846
2025-12-10 19:00:00+00:00,0.011554173515861828,-0.1585811475812072,0.146153982261911,0.0069836959429330605,-0.11667314273979766,0.029788242232493718,0.031231531852750113
2025-12-10 20:00:00+00:00,0.019537702193285073,-0.14375967657357905,0.14180659945994178,0.01065230924905216,-0.11257168974652303,0.025984030848566802,0.038686045169726846
2025-12-10 21:00:00+00:00,0.027665665035147106,-0.12939196112996285,0.13519891649348426,0.014330762480265264,-0.11257168974652303,0.022184545472031716,0.04377664125910199
2025-12-10 22:00:00+00:00,0.03864693917224531,-0.1137191431563532,0.1269943597273215,0.02166875272819171,-0.10819905198606014,0.018394048923561345,0.05117443365748858
2025-12-10 23:00:00+00:00,0.04643809022502462,-0.09972930894821722,0.11708510779875857,0.02166875272819171,-0.10359532118504702,0.01384879143311829,0.05586070291131123
2025-12-11 00:00:00+00:00,0.0474875073213304,-0.09415706034553452,0.11526843986359105,0.02166875272819171,-0.10146861118762907,0.012160233983442932,0.059389369645477634
2025-12-11 01:00:00+00:00,0.04951237871939488,-0.08871678682976523,0.1141274179898427,0.02166875272819171,-0.0970272217856218,0.010472757177550866,0.06190059078530673
2025-12-11 02:00:00+00:00,0.049087018756060564,-0.08894537391826926,0.11472435836137689,0.02166875272819171,-0.09709348882526367,0.010881794295802964,0.0604944371858376
2025-12-11 03:00:00+00:00,0.04818997958067805,-0.08918658257489352,0.1152456749695351,0.02166875272819171,-0.09699485213857609,0.011248675183625817,0.05928607491126631
2025-12-11 04:00:00+00:00,0.04730821103218496,-0.08943972290245436,0.11577099002414964,0.02166875272819171,-0.09706912767285548,0.01161545892027968,0.058101648118208414
2025-12-11 05:00:00+00:00,0.04644116316249379,-0.08970416430028912,0.11630036262099558,0.02069346618158367,-0.09714545591079689,0.01198215833590052,0.057375316271018106
2025-12-11 06:00:00+00:00,0.04006641807997543,-0.09544995150392974,0.11876574853088188,0.0135818316628456,-0.10111130003974121,0.013541170662016381,0.05494733461052481
2025-12-11 07:00:00+00:00,0.031562013111939645,-0.10547597225734943,0.12117026911388178,0.006443283247146403,-0.10324432931963018,-0.011169088807520799,0.05072652906887113
2025-12-11 08:00:00+00:00,0.02335109527976008,-0.11462468974514434,0.12462871955398307,0.0017067255837044954,-0.1053656669866129,-0.008599384715288231,0.04645709057413897
2025-12-11 09:00:00+00:00,0.01663470571430784,-0.12391521836604903,0.12832983120232697,-0.0006646891300739704,-0.10747556376429414,-0.006032408231014994,0.04213703046760768
2025-12-11 10:00:00+00:00,0.002435435622420629,-0.13564460395775532,0.13145866320572064,-0.007034227928030356,-0.11696717817570455,-0.003027951158480664,0.03738218608435229
2025-12-11 11:00:00+00:00,-0.016413626438794838,-0.1512368958994355,0.13642257318139986,-0.01573907977872331,-0.12103786548401901,0.0006177611033077034,0.02900969812002668
2025-12-11 12:00:00+00:00,-0.03227672328298476,-0.16685201498654348,0.14119569021072223,-0.02445932574243661,-0.1250856471239156,0.004262443421948363,0.020573463513515935
2025-12-11 13:00:00+00:00,-0.04590009928967822,-0.18511363211071938,0.14803688173157745,-0.034596337532654266,-0.1322614696768527,0.008831574151100153,0.011919860301954787
2025-12-11 14:00:00+00:00,-0.06502660171518158,-0.20779871867456898,0.1547646802832089,-0.0472613403482795,-0.1322614696768527,0.014106985365392455,-0.0005142917932075098
2025-12-11 15:00:00+00:00,-0.08461026667799436,-0.2305379803088815,0.16146502955701958,-0.059954174069466584,-0.1322614696768527,0.018629658481481355,-0.013052228885745917
2025-12-11 16:00:00+00:00,-0.06837595341651485,-0.21058905035728218,0.15506751187718296,-0.04878317718487936,-0.10586453002605238,0.011935222114490192,-0.0019332356973616224
2025-12-11 17:00:00+00:00,-0.05218482105645284,-0.19064548774298068,0.14868382261496907,-0.04323745769300577,-0.0784995965171176,0.005244898053292102,0.009309806590090538
2025-12-11 18:00:00+00:00,-0.04171390207474124,-0.17911563501797623,0.1423059309925376,-0.03967162037385387,-0.05665188833125805,0.0009277500939544275,0.016701841563141365
2025-12-11 19:00:00+00:00,-0.03098085911662576,-0.16525007558311247,0.13797957423333565,-0.0360942885590986,-0.038107674377078765,-0.0038192396426589012,0.024282943695774023
2025-12-11 20:00:00+00:00,-0.019965721957627556,-0.15255178992663798,0.1336747982352555,-0.03250523188050935,-0.02254594723357621,-0.008565527541620039,0.034732057599260464
2025-12-11 21:00:00+00:00,-0.008646359397977445,-0.13894115159488046,0.12939117837140632,-0.025348380046272035,-0.00655665282820568,-0.013311435335886931,0.04576278465123897
2025-12-11 22:00:00+00:00,0.0029844672057530216,-0.12925282278039282,0.1252964363839446,-0.021714678171065323,0.005715962161832746,-0.01892790030669735,0.05392346860060468
2025-12-11 23:00:00+00:00,0.011669135283287863,-0.11670321005346801,0.1252964363839446,-0.021714678171065323,0.025819983240443847,-0.023692388930863444,0.06139694440928736
2025-12-12 00:00:00+00:00,0.012925130192266168,-0.10981723017111375,0.12481081065348419,-0.021714678171065323,0.03287516165348918,-0.025844702544017117,0.06416017119518148
2025-12-12 01:00:00+00:00,0.015386317889967473,-0.10561038354962143,0.12375061417355594,-0.021714678171065323,0.041854009127078574,-0.028189902428574998,0.06687458612901034
2025-12-12 02:00:00+00:00,0.012243816464341105,-0.10650715542709295,0.11939829194622861,-0.02720123080902665,0.04520423413146724,-0.029103728242096453,0.06297370615673102
2025-12-12 03:00:00+00:00,0.011308269899027626,-0.10641331156514944,0.12052640177084882,-0.02720123080902665,0.04254923402149028,-0.02865552436412237,0.06162622641558355
2025-12-12 04:00:00+00:00,0.010395851471374569,-0.1059512782380537,0.12167542927291013,-0.027351007461529943,0.040658183671154195,-0.028161890549756114,0.060315557858943526
2025-12-12 05:00:00+00:00,0.009505209136174432,-0.10620504844161824,0.1222145887732367,-0.027351007461529943,0.038783441325181814,-0.027669063783824017,0.05903972458960955
2025-12-12 06:00:00+00:00,0.007724301261714615,-0.11478353790953358,0.1222145887732367,-0.0341362347189198,0.026028824674504413,-0.024327687637746825,0.05448467170189608
2025-12-12 07:00:00+00:00,0.007724301261714615,-0.12608315730550698,0.1222145887732367,-0.038859913948242064,0.013266372119532755,-0.02098692896318844,0.050212855173054204
2025-12-12 08:00:00+00:00,0.004213262229949067,-0.13571321803621234,0.12344962635110229,-0.041273503257827936,0.003056881697881191,-0.0179217774596295,0.04587549196295159
2025-12-12 09:00:00+00:00,-0.00107427697767651,-0.14545005246767537,0.12344962635110229,-0.043696751842603444,-0.00466807493395021,-0.01485776977954628,0.04134056625749938
2025-12-12 10:00:00+00:00,-0.006493282232316742,-0.16130256642908397,0.12027179845501243,-0.04961591506588558,-0.015347995314030726,-0.010406592648744127,0.03560305865502595
2025-12-12 11:00:00+00:00,-0.012977804686156228,-0.18251648353118338,0.12027179845501243,-0.05836721931869608,-0.02963614446222056,-0.004765823927807409,0.026828027959140834
2025-12-12 12:00:00+00:00,-0.019454176157519,-0.20381293233181194,0.12027179845501243,-0.06715042876955632,-0.049019903541748594,0.0008742463140423299,0.018008732507620636
2025-12-12 13:00:00+00:00,-0.025923000834606195,-0.2252126474736477,0.12027179845501243,-0.07596720986478454,-0.0640265753519083,0.006000356277965589,0.009143154095945552
2025-12-12 14:00:00+00:00,-0.03537425200222285,-0.25652791479770154,0.12027179845501243,-0.08884231075484013,-0.07893078375394678,0.013490481411624901,-0.0038966922633668693
2025-12-12 15:00:00+00:00,-0.04481585225990476,-0.28802258110551715,0.12027179845501243,-0.10176925403470276,-0.09414274508985655,0.020232779317030165,-0.01701068032296612
2025-12-12 16:00:00+00:00,-0.03633167728374601,-0.26076234026685513,0.11725371450285925,-0.09052173153085023,-0.08206820555658154,0.01621609906695689,-0.005302647004680552
2025-12-12 17:00:00+00:00,-0.02785718414120802,-0.23346777091942375,0.10791976236759214,-0.07923589320906398,-0.06975625057091425,0.012197070766041611,0.0064748617481362
2025-12-12 18:00:00+00:00,-0.01967277381547331,-0.22045396770741932,0.09724569848946837,-0.07196385853799023,-0.061893721012714176,0.009596311210632943,0.014149565621188949
2025-12-12 19:00:00+00:00,-0.011469543331911537,-0.2113246524290819,0.0820373053384971,-0.0683973698630831,-0.049555935216854995,0.006993953112648735,0.02187337088290239
2025-12-12 20:00:00+00:00,-0.0032457281004700236,-0.20564165855430422,0.06910185740810076,-0.06481638606421022,-0.041039432966325666,0.0043899414653391575,0.02964835168825112
2025-12-12 21:00:00+00:00,0.005000462921182368,-0.19989030904514904,0.05643150691624557,-0.06122061665590236,-0.032231901959106975,0.0009154893192957959,0.03747665141941806
2025-12-12 22:00:00+00:00,0.01607416507060084,-0.1940673705164039,0.04629278010760707,-0.05760976519998146,-0.019157943352733804,-0.0025638896441749037,0.048108939820241704
2025-12-12 23:00:00+00:00,0.02143152316454572,-0.17873306813887632,0.03868911869336293,-0.05385662973500688,-0.005948511840179573,-0.006048337132711672,0.055526399396986226
2025-12-13 00:00:00+00:00,0.020716668047158323,-0.16921992643522293,0.02890356956689637,-0.05125392327137498,0.006419091925040354,-0.008872133441006147,0.056597557263042664
2025-12-13 01:00:00+00:00,0.023039377002766027,-0.1594268604879514,0.02721223700360295,-0.04750690534181981,0.010472873471987425,-0.010274580138889067,0.06080762055494356
2025-12-13 02:00:00+00:00,0.025329665199657302,-0.15007438712749635,0.025499826895489856,-0.04381565138713626,0.016723893924505004,-0.011678051726647647,0.06418574504880174
2025-12-13 03:00:00+00:00,0.01878605483242729,-0.15631427847159912,0.02172235169744975,-0.04904854994492408,0.015535800771322994,-0.010666317671559929,0.05403697884531867
2025-12-13 04:00:00+00:00,0.018206323662678884,-0.15492548720153762,0.022228155265870624,-0.049343761846318016,0.01486758095825828,-0.010374455673841224,0.05239598099078976
2025-12-13 05:00:00+00:00,0.017636109569384155,-0.15364856866387222,0.02319613399202673,-0.049639789785915864,0.013925739863332235,-0.010082552685547174,0.05082257727141952
2025-12-13 06:00:00+00:00,0.01707505741310301,-0.1536067596863457,0.02354775508795064,-0.04993661320941176,0.013333187783162117,-0.009752704094817665,0.04968435793863889
2025-12-13 07:00:00+00:00,0.010645826802334604,-0.1605823848557107,0.027605265966492605,-0.05317323479791261,0.015199962585385413,-0.008665227615374629,0.048903457082563204
2025-12-13 08:00:00+00:00,0.004188685845261731,-0.17180563773015042,0.03145665517259727,-0.05779316597067498,0.009413060435269537,-0.007570148218406162,0.04342669624124228
2025-12-13 09:00:00+00:00,-0.002328752649067107,-0.1832008089770669,0.03403461288379745,-0.0624395647134742,0.0064420123904479825,-0.006749489464836603,0.03788561308319334
2025-12-13 10:00:00+00:00,-0.00890992343368909,-0.19173233903584713,0.03792851600923077,-0.0671134643148034,0.00039489886322053604,-0.0062030853893536375,0.03215977810166124
2025-12-13 11:00:00+00:00,-0.015558430151092742,-0.20031474548620207,0.041813480487694656,-0.07181592755675649,-0.005747960117230573,-0.005383703453793424,0.027806995916553563
2025-12-13 12:00:00+00:00,-0.0280560809776003,-0.21625485390488458,0.04911116337150641,-0.08049648915889154,-0.017385769902864615,-0.003850476648634289,0.019629149155207155
2025-12-13 13:00:00+00:00,-0.040691535409699116,-0.23227658486403524,0.05639241171536414,-0.08922993247984536,-0.029221589415897288,-0.002317008394647653,0.011436063304658852
2025-12-13 14:00:00+00:00,-0.053472535104179465,-0.24838915554411872,0.06365816400474811,-0.09801832552663084,-0.04126667663301627,-0.0007832907721620005,0.0032264684686696575
2025-12-13 15:00:00+00:00,-0.06640724619201721,-0.26460201557086277,0.07090934639749008,-0.10686379943166671,-0.053533123276120566,0.0012621479078343517,-0.005000920535745786
2025-12-13 16:00:00+00:00,-0.0499507567890469,-0.24416548731532378,0.06112170515715788,-0.09579615836357218,-0.03809714320879345,-0.0007737288790115308,0.005927471971365878
2025-12-13 17:00:00+00:00,-0.033301924187038805,-0.22368913189479558,0.05135796401569473,-0.08466705883351804,-0.02237757066890805,-0.0034897822611526462,0.01688232981126432
2025-12-13 18:00:00+00:00,-0.02243433801741135,-0.21054681977313786,0.04501471918549327,-0.07749328383462001,-0.017279039942946755,-0.005254723579410548,0.026453576550087857
2025-12-13 19:00:00+00:00,-0.011429656546583074,-0.19502397256299045,0.040764778518941905,-0.07027865432061008,-0.012108228340944657,-0.007020794039571132,0.038609873066206626
2025-12-13 20:00:00+00:00,-0.0002797779844994855,-0.17931236113275076,0.036527292729255464,-0.0667318951759314,-0.001531144609839539,-0.008346497712614902,0.04855668623506923
2025-12-13 21:00:00+00:00,0.011023909715311959,-0.16339148296997194,0.03230196763013877,-0.05972131122035312,0.009178890605927423,-0.010114671693209808,0.05866609584924094
2025-12-13 22:00:00+00:00,0.02249057614375369,-0.15110820158994298,0.028088513351919545,-0.05260382286844982,0.014576930916755932,-0.011442122273864494,0.06894687258468414
2025-12-13 23:00:00+00:00,0.025299717042601276,-0.14041802182135954,0.019808686482571836,-0.04882869673976172,0.025349610339603684,-0.012770370950513225,0.07847165158279334
2025-12-14 00:00:00+00:00,0.02533296119854275,-0.13409446151465595,0.01028687439867223,-0.045660409759768567,0.03374021909702896,-0.014514551203635952,0.07788843371792711
2025-12-14 01:00:00+00:00,0.02776569184136587,-0.12600731300899626,0.006427186525717962,-0.041906619236882034,0.03879363932693582,-0.015339820069464648,0.08087173161226155
2025-12-14 02:00:00+00:00,0.03016819051009674,-0.11815259543156822,0.002495559184100109,-0.03819891576864794,0.044291681845353904,-0.015958399767191465,0.083783242212323
2025-12-14 03:00:00+00:00,0.029544293444790218,-0.11788095323645888,0.00301309046207998,-0.03856465887067279,0.043952944455067866,-0.01585908783226429,0.08231595406342052
2025-12-14 04:00:00+00:00,0.02893049446427117,-0.1176505535565311,0.003537310171643754,-0.038929645996982634,0.04361757120956096,-0.02375550040097314,0.08089461058433252
2025-12-14 05:00:00+00:00,0.02832643364697296,-0.1174587560359929,0.003537310171643754,-0.03929392771022954,0.04328583599346823,-0.02363496869609352,0.07919577189743697
2025-12-14 06:00:00+00:00,0.027276699883861798,-0.1184981073143893,0.003367023009171189,-0.040236731245845245,0.04295805007054562,-0.023553483842759265,0.0788257679853275
2025-12-14 07:00:00+00:00,0.02585979595781486,-0.12400572239297158,0.005794360082637897,-0.041708588672837534,0.04329557435177587,-0.023135434671737787,0.07889314785315706
2025-12-14 08:00:00+00:00,0.01928285987466538,-0.1328124513675779,0.008444375918884339,-0.04668346066154869,0.036662046853921736,-0.02213673542925544,0.07506931127557122
2025-12-14 09:00:00+00:00,0.012609070431161537,-0.14465121114803753,0.008444375918884339,-0.05175106154403453,0.029509840986818563,-0.02147190589481513,0.07121572312727888
2025-12-14 10:00:00+00:00,0.005832626788482802,-0.1537750633648494,0.009767782784640626,-0.05691605619227848,0.02206946895940321,-0.020475919747961653,0.06715914172519058
2025-12-14 11:00:00+00:00,-0.0010526819985243894,-0.16303259181160454,0.011088668500920012,-0.06461927390252081,0.014755609895615938,-0.019479515969103543,0.0630887532861557
2025-12-14 12:00:00+00:00,-0.014203477369499852,-0.17985427676423157,0.013576095358274627,-0.07882932693280428,-0.005341424990627551,-0.016977300127225464,0.05528895184778999
2025-12-14 13:00:00+00:00,-0.02758454919496554,-0.196919235025789,0.016046571208248938,-0.09336611146989625,-0.01876552845343577,-0.015098217065618199,0.04745721817390706
2025-12-14 14:00:00+00:00,-0.037857722473226794,-0.21424426755953443,0.016046571208248938,-0.10825241341441849,-0.032282429018635574,-0.013218250036672225,0.039592147499295516
2025-12-14 15:00:00+00:00,-0.048320909417972686,-0.23184730580508672,0.018508704705101808,-0.12351317864671599,-0.0458989658138967,-0.011965018463251632,0.031692301306844466
2025-12-14 16:00:00+00:00,-0.03508336031931927,-0.21165448420003125,0.015147342501220245,-0.10603869923726042,-0.02791430936485636,-0.013652208433293171,0.0425052310669338
2025-12-14 17:00:00+00:00,-0.02160125917983712,-0.19122447497046427,0.011797467156096572,-0.08816099491660907,-0.009795886188542432,-0.015340473052629373,0.0533735782580733
