time_utc,6.8x51mm Hybrid,7.62x51mm M62,7.62x54R BT,5.8x42mm DVC12,5.7x28mm SS190,7.62x39mm AP,9x39mm BP,4.6x30mm AP SX,12.7x55mm PS12B,5.56x45mm M995
2025-11-20 19:00:00+00:00,,,,,,,,,,
2025-11-20 20:00:00+00:00,,,,,,,,,,
2025-11-20 21:00:00+00:00,,,,,,,,,,
2025-11-20 22:00:00+00:00,,,,,,,,,,
2025-11-20 23:00:00+00:00,,,,,,,,,,
2025-11-21 00:00:00+00:00,,,,,,,,,,
2025-11-21 01:00:00+00:00,,,,,,,,,,
2025-11-21 02:00:00+00:00,,,,,,,,,,
2025-11-21 03:00:00+00:00,,,,,,,,,,
2025-11-21 04:00:00+00:00,,,,,,,,,,
2025-11-21 05:00:00+00:00,,,,,,,,,,
2025-11-21 06:00:00+00:00,,,,,,,,,,
2025-11-21 07:00:00+00:00,,,,,,,,,,
2025-11-21 08:00:00+00:00,,,,,,,,,,
2025-11-21 09:00:00+00:00,,,,,,,,,,
2025-11-21 10:00:00+00:00,,,,,,,,,,
2025-11-21 11:00:00+00:00,,,,,,,,,,
2025-11-21 12:00:00+00:00,-0.30920122252509236,-0.33975928239001935,-0.12185420658424098,-0.052390598495545185,-0.43069275471850094,-0.06521581885706863,-0.03420989536574697,0.13356209139454026,-0.2422301843275575,-0.3591949379083563
2025-11-21 13:00:00+00:00,-0.220848802461238,-0.2721480283083885,-0.028347335476068537,-0.017663149880988542,-0.39482743612747134,-0.04601321676680405,0.01972026594373825,0.16598969994746005,-0.06425396041159764,-0.27819213314565044
2025-11-21 14:00:00+00:00,-0.15448737310436375,-0.22123797151219876,0.041288487195660355,0.034408156333312845,-0.36883156252560884,-0.031326756393508425,0.0610196565147323,0.19154154459740075,0.1384374128116589,-0.21727026206891273
2025-11-21 15:00:00+00:00,-0.10240706511877337,-0.18114396416780607,0.09546444301077031,0.07557756957054786,-0.34900096538051045,-0.01960156400552237,0.09395338384254415,0.21237898422734594,0.2609434459807555,-0.16936876246679755
2025-11-21 16:00:00+00:00,-0.13516906706724918,-0.19753521310436137,0.0395972758005836,0.03317622881439376,-0.34552481811069097,-0.027796167570148973,0.056779832140594406,0.1739532260629433,0.18213996605536012,-0.19262010647978833
2025-11-21 17:00:00+00:00,-0.16238171356960937,-0.21146878197598226,-0.0059967386608076375,-0.02097905154737883,-0.3224280413030656,-0.03471409846389191,0.025993403817080783,0.14219009316159378,0.11875875790283397,-0.21215935621893942
2025-11-21 18:00:00+00:00,-0.18540496217742897,-0.22349507813410313,-0.04397994971359311,-0.06560798513526589,-0.32225228003987455,-0.09220108971087844,-0.013614817444769639,0.11540881096690156,0.01257389226923853,-0.22885810682146385
2025-11-21 19:00:00+00:00,-0.15569978883230368,-0.1666282965125963,0.050427290566203806,-0.06560798513526589,-0.28574444167093954,-0.09220108971087844,0.0,0.14235660049759438,-0.035867107489410494,-0.18906657220395529
2025-11-21 20:00:00+00:00,-0.15569978883230368,-0.10275852103187802,0.050427290566203806,-0.08188057999711891,-0.3390787559408346,-0.09220108971087844,0.013893831270808612,0.17019380045832222,-0.08297543867187683,-0.14652356753891327
2025-11-21 21:00:00+00:00,-0.18202343288844797,-0.02824686890915042,0.050427290566203806,-0.08188057999711891,-0.22644483372930335,-0.0427829917224115,0.013893831270808612,0.19902359058759564,-0.18237166310401784,-0.10042941689778617
2025-11-21 22:00:00+00:00,-0.2264167064259654,-2.8296454816945687e-13,-0.05096471914403935,-0.09772116429569552,-0.21435074354591757,-0.10201870653309711,-0.013573366680210681,0.19902359058759564,-0.13450689671224147,-0.049636652432177256
2025-11-21 23:00:00+00:00,-0.2264167064259654,-0.029021341253715086,0.04363319042904551,-0.15348958102668578,-0.1833039663170654,-0.04065578140908685,-0.04131035357315446,0.19902359058759564,-0.13450689671224147,-0.020956487115537825
2025-11-22 00:00:00+00:00,-0.2264167064259654,-0.04593555933100071,0.04363319042904551,-0.1786737288454379,-0.17740935001478797,-0.04065578140908685,-0.04131035357315446,0.19949855881522585,-0.13450689671224147,-0.006562352284694499
2025-11-22 01:00:00+00:00,-0.2264167064259654,-0.06523931421020228,0.021989974856437867,-0.19720950710829704,-0.18395784698915288,-0.025482359572102823,-0.04131035357315446,0.19949855881522585,-0.11853634095982403,-3.8231712111369463e-13
2025-11-22 02:00:00+00:00,-0.2264167064259654,-0.08795989942724364,0.0,-0.22780677662215032,-0.19428971226991662,-0.01207979694557218,-0.04131035357315446,0.19949855881522585,-0.13450689671224147,0.006155857152495708
2025-11-22 03:00:00+00:00,-0.2264167064259654,-0.11587309190071553,-0.022727272727025447,-0.2758556098316415,-0.18737214713673508,0.0,-0.04131035357315446,0.19949855881522585,-0.15194743527951593,0.01196511273216413
2025-11-22 04:00:00+00:00,-0.2264167064259654,-0.08709554927957956,0.023331648330434048,-0.26119418561158403,-0.17540610666412076,-0.02212275685772729,-0.047336212664936664,0.19949855881522585,-0.11618632345987316,0.0
2025-11-22 05:00:00+00:00,-0.2264167064259654,-0.05137926051593889,0.0724206824377897,-0.24716010295215374,-0.13159289670207797,-0.02212275685772729,-0.03474149489006075,0.17565086104913594,-0.11618632345987316,-0.01136363636405454
2025-11-22 06:00:00+00:00,-0.2264167064259654,-0.027994625547853355,0.1260682264150982,-0.1862246119832739,-0.10785812789931942,0.021773887319468714,-0.02769957568705214,0.1703490281290169,-0.11618632345987316,-0.022201332647051084
2025-11-22 07:00:00+00:00,-0.23890577899915133,-0.027994625547853355,0.1260682264150982,-0.16854996561627064,-0.07557086549038969,0.04264014327093638,-0.02769957568705214,0.16006670836220965,-0.11618632345987316,-0.04286172176170158
2025-11-22 08:00:00+00:00,-0.23890577899915133,-0.027994625547853355,0.1260682264150982,-0.1517994747745202,-0.06774447311037601,0.06101835148641531,-0.020578861822996904,0.14953449132536617,-0.087038827977848,-0.054118132438888245
2025-11-22 09:00:00+00:00,-0.2550127509564656,-0.027994625547853355,0.1260682264150982,-0.13586044779775386,-0.05342274682066134,0.07801259029738114,-0.013594044666067555,0.13871757117541308,-0.027639499641138814,-0.06563259161110607
2025-11-22 10:00:00+00:00,-0.2714450499563934,-0.027994625547853355,0.18655062681086818,-0.10947937360464743,-0.039419434199983866,0.09390188809938714,-0.006757219511383057,0.12673778103714609,-0.027639499641138814,-0.07742964900188991
2025-11-22 11:00:00+00:00,-0.2882429610645701,-0.027994625547853355,0.25756371316446247,-0.08349129833841884,-0.01075683466624254,0.12573892269207296,0.0,0.11371494586813938,-0.027639499641138814,-0.08953650174024841
2025-11-22 12:00:00+00:00,-0.34152218639012893,-0.05840349642952872,0.25747523370009817,-0.04015961701805001,0.03284334640790038,0.16579714791998154,-0.006970259705508036,0.07629339744438736,-0.0036039136687630886,-0.14184122189812243
2025-11-22 13:00:00+00:00,-0.4040610178209974,-0.09189536012855329,0.2583412657655597,0.010541120741772688,0.05507338918473418,0.21315199263526383,-0.013636605941991014,0.03275942993920773,-0.022682405315355314,-0.2025607016468954
2025-11-22 14:00:00+00:00,-0.4785092475379541,-0.12942425570125216,0.2604796216876244,0.030488699574081055,0.08184342665721772,0.26980246763684607,-0.020062578196142707,-0.018566761423632464,-0.13638588116826736,-0.27410757450821194
2025-11-22 15:00:00+00:00,-0.5688084741034195,-0.17241379310314647,0.2643813225070674,0.05492942180035223,0.10401019349838092,0.3387117595240864,-0.02634089715739786,-0.08015325559052967,-0.2842867663420851,-0.36005237506392396
2025-11-22 16:00:00+00:00,-0.540371559178755,-0.17241379310314647,0.2643813225070674,0.02737321244231061,0.10401019349838092,0.2648550184257103,-0.04033045025733301,-0.048748834922765175,-0.2842867663420851,-0.33978194152577307
2025-11-22 17:00:00+00:00,-0.540371559178755,-0.17241379310314647,0.2643813225070674,0.0,0.04310344827589056,0.19432589109253767,-0.054194255191323294,-0.016488398478434453,-0.2842867663420851,-0.3190824676829542
2025-11-22 18:00:00+00:00,-0.5653142576437711,-0.17241379310314647,0.12555296411452654,-0.02667271558743735,0.02794393951172851,0.1588368898372269,-0.054194255191323294,0.0,-0.2333492629907824,-0.29790093591247646
2025-11-22 19:00:00+00:00,-0.6041562174737651,-0.17241379310314647,0.014369536685781,-0.052716582898440105,-0.03215694529917015,0.12445303878530763,-0.054194255191323294,0.01681628605131701,-0.17630385708850152,-0.27617679615131824
2025-11-22 20:00:00+00:00,-0.6303335086955544,-0.17241379310314647,-0.08040844011283396,-0.07745176408582495,0.15287984971501858,0.09104463009146968,-0.054194255191323294,0.033984186467781424,-0.17630385708850152,-0.25384037467797355
2025-11-22 21:00:00+00:00,-0.6455992405331851,-0.17241379310314647,-0.1646361203539202,-0.14296634948691309,0.13413055020285536,0.05849746272773613,-0.040445079906580514,0.033984186467781424,-0.17630385708850152,-0.23081085001010515
2025-11-22 22:00:00+00:00,-0.6550444311397297,-0.17241379310314647,-0.07191949522280704,-0.16419395834920938,0.15455109791156474,-0.004468428696744093,-0.012361389587130284,0.01681628605131701,-0.17630385708850152,-0.20699364737953202
2025-11-22 23:00:00+00:00,-0.6550444311397297,-0.17241379310314647,-0.3138824102868282,-0.16419395834920938,0.09889238032592432,-0.03695475350679638,-0.012361389587130284,-0.017236831133861194,-0.09242078099244339,-0.2362665123377567
2025-11-23 00:00:00+00:00,-0.6550444311397297,-0.17241379310314647,-0.31388241028682823,-0.1731316884765375,0.0986002598431274,-0.043108610056405365,-0.012361389587130284,-0.01444178217185322,-0.07744030926623571,-0.24682862424706947
2025-11-23 01:00:00+00:00,-0.6550444311397297,-0.17241379310314647,-0.31388241028682823,-0.1829720779954499,0.09635257977143909,-0.04984324030158405,-0.012361389587130284,-0.01444178217185322,-0.09242078099244339,-0.24682862424706947
2025-11-23 02:00:00+00:00,-0.6550444311397297,-0.17241379310314647,-0.31388241028682823,-0.1920506626015428,0.09237065038566743,-0.05729555240157426,-0.012361389587130284,-0.01444178217185322,-0.09242078099244339,-0.24682862424706947
2025-11-23 03:00:00+00:00,-0.6550444311397297,-0.17241379310314647,-0.31388241028682823,-0.1999402190529408,0.09689300759332531,-0.06565321642986052,-0.012361389587130284,-0.011777427484452336,-0.09242078099244339,-0.24682862424706947
2025-11-23 04:00:00+00:00,-0.6550444311397297,-0.17241379310314647,-0.31388241028682823,-0.18521363739603627,0.09689300759332531,-0.012011632893480215,-0.012361389587130284,-0.02307531195746639,-0.09242078099244339,-0.24682862424706947
2025-11-23 05:00:00+00:00,-0.6550444311397297,-0.17241379310314647,-0.31388241028682823,-0.13287130362730387,0.07628214415734032,0.05101443274972785,-0.022384603385583127,-0.03418542045629632,-0.09242078099244339,-0.24682862424706947
2025-11-23 06:00:00+00:00,-0.6396489562416858,-0.17241379310314647,-0.31388241028682823,-0.11075242324761135,0.09571790996224501,0.08217485671659856,-0.022384603385583127,-0.04602288090035227,-0.09242078099244339,-0.24682862424706947
2025-11-23 07:00:00+00:00,-0.6181798363117086,-0.12834584290888243,-0.31388241028682823,-0.047646545543716126,0.07725393039368984,0.1129331529006888,-0.022384603385583127,-0.04602288090035227,-0.09242078099244339,-0.23203916232989352
2025-11-23 08:00:00+00:00,-0.5909281021708429,-0.12834584290888243,-0.22089897360266514,0.006882327126501814,0.07725393039368984,0.1129331529006888,-0.03282660821465581,-0.04602288090035227,-0.09242078099244339,-0.20535334865439756
2025-11-23 09:00:00+00:00,-0.5641892740181246,-0.12834584290888243,-0.22089897360266514,0.04012592549332538,0.07725393039368984,0.1129331529006888,-0.04344977415589301,-0.04602288090035227,-0.2175588366035529,-0.18003928381312115
2025-11-23 10:00:00+00:00,-0.5378967406868658,-0.12834584290888243,-0.22089897360266514,0.0727663477292098,0.054765612987421386,0.1129331529006888,-0.054101427369855806,-0.04602288090035227,-0.1737020834449103,-0.18003928381312115
2025-11-23 11:00:00+00:00,-0.5119870701496856,-0.12834584290888243,-0.22089897360266514,0.08920515501750786,-0.008304547985429477,0.1129331529006888,-0.06488551241253294,-0.03430967500662511,-0.1737020834449103,-0.18003928381312115
2025-11-23 12:00:00+00:00,-0.48639924031424303,-0.12834584290888243,-0.22089897360266514,0.10564105798109792,-0.05133833716347048,0.1129331529006888,-0.07580980435763611,-0.022740667354251592,-0.1737020834449103,-0.18003928381312115
2025-11-23 13:00:00+00:00,-0.42314990512347544,-0.09032266697511034,-0.2176389789171608,0.12462252224836322,-0.06182883731165133,0.13246012140185498,-0.06313149582806002,0.01538388803630117,-0.24657756232310707,-0.09625642244317667
2025-11-23 14:00:00+00:00,-0.3716313326182421,-0.05700620603359943,-0.21585231477650982,0.14067598969077552,-0.02878718136614663,0.15048147496645178,-0.051156460675551504,0.04795322047400154,-0.31183151790385294,-0.026825563078023335
2025-11-23 15:00:00+00:00,-0.329021384301982,-0.027172441670582723,-0.2151287175399376,0.1543889102153854,-0.09442930976559036,0.16736565892862487,-0.03954989598652694,0.07627086893148834,-0.3726511550609514,0.03182186736127543
2025-11-23 16:00:00+00:00,-0.3669609613692342,-0.027172441670582723,-0.2151287175399376,0.13279545863752593,-0.06646328870443623,0.16736565892862487,-0.02563453433448351,0.06127896554235358,-0.29634085239955915,0.0057646605233183995
2025-11-23 17:00:00+00:00,-0.38522547499823323,-0.027172441670582723,-0.2151287175399376,0.13279545863752593,-0.011194575378115284,0.16736565892862487,-0.011526323277083847,0.04644315556415785,-0.21512871753993662,-0.01945541247217113
2025-11-23 18:00:00+00:00,-0.33042414521325086,-0.027172441670582723,-0.12626048069945742,0.13279545863752593,0.04734228693115541,0.16736565892862487,0.0027868995886971173,0.04644315556415785,-0.12626048069974594,-0.043927232433854775
2025-11-23 19:00:00+00:00,-0.27137402140567124,-0.027172441670582723,-0.02522739568165525,0.13279545863752593,0.07904485709503878,0.16736565892862487,0.017318133162170925,0.04644315556415785,-0.12626048069974594,-0.12902010934175814
2025-11-23 20:00:00+00:00,-0.20604868861179082,-0.027172441670582723,0.09629937863026344,0.15557236216911005,0.07904485709503878,0.16736565892862487,0.032081296884261236,0.04644315556415785,-0.025227395681341632,-0.2147130916495577
2025-11-23 21:00:00+00:00,-0.11282264166905513,-0.027172441670582723,0.25661460769500083,0.23213349232281436,0.07904485709503878,0.16736565892862487,0.047091325143005534,0.06149149438454134,-0.025227395681341632,-0.31033525840465326
2025-11-23 22:00:00+00:00,-0.012472854721362808,-0.027172441670582723,0.25661460769500083,0.30200981866846194,0.1863222958785266,0.2101077704165796,0.07763559688079001,0.10714636255630251,-0.025227395681341632,-0.3628276717796678
2025-11-23 23:00:00+00:00,-0.03167180687921708,-0.028676966733882352,0.27060403659706145,0.2492855994282958,0.19786133063799802,0.13940300707146294,0.07454104835599656,0.09569627744737019,-0.1189665063490792,-0.3795391117023298
2025-11-24 00:00:00+00:00,-0.03167180687921708,-0.013256375156983686,0.27060403659706145,0.2460459179966709,0.1875172875462768,0.13940300707146294,0.07454104835599656,0.09748945190713804,-0.1189665063490792,-0.3703193575725716
2025-11-24 01:00:00+00:00,-0.03167180687921708,0.011364737082137054,0.27715276610747225,0.24339500009420376,0.1735244589026704,0.13537500329916094,0.07454104835599656,0.0992633642042503,-0.08111071056538055,-0.36008011557876113
2025-11-24 02:00:00+00:00,-0.0974254204332914,-0.06429760574288441,0.21384973069207416,0.1601615451419676,0.10524561341046595,0.07849678864759008,0.004388424688555334,0.028249402726143194,-0.12169390115813332,-0.40430381616315764
2025-11-24 03:00:00+00:00,-0.16269975360000566,-0.11140268032976895,0.16792143651920008,0.10501312746135692,0.03149189475867209,0.010577224607748306,-0.0650747714885103,-0.027221258012964458,-0.152310054755699,-0.4487620744870042
2025-11-24 04:00:00+00:00,-0.16269975360000566,-0.124191275416226,0.11575622541394581,0.08464755905125418,0.008374140386327066,0.010577224607748306,-0.0650747714885103,-0.014963861488534952,-0.152310054755699,-0.4487620744870042
2025-11-24 05:00:00+00:00,-0.16269975360000566,-0.13642001992471792,0.06837047552804552,0.04887621481615108,-0.02785185534852567,-0.013576884665806203,-0.0707798631858628,0.011513791227061173,-0.18423108849796263,-0.4487620744870042
2025-11-24 06:00:00+00:00,-0.16269975360000566,-0.14817896460519225,0.02421797398456067,0.03301666414461898,-0.05858079029059645,-0.059623572312020874,-0.077901723087089,0.011513791227061173,-0.18423108849796263,-0.44429725214810456
2025-11-24 07:00:00+00:00,-0.1516838236635877,-0.1568051560010214,0.04655886543039696,0.029108798462046555,-0.0457428612560361,-0.02865646277305636,-0.057846694751117575,0.027445788358791804,-0.25793764523021906,-0.37292082761828005
2025-11-24 08:00:00+00:00,-0.12005557577468935,-0.12441815044846748,0.03849001794597491,0.02906497836349256,0.0060908840477813956,0.052745341949526015,-0.03819097248716207,0.04350139512562129,-0.37573457465108917,-0.32999840028864097
2025-11-24 09:00:00+00:00,-0.09076411860745881,-0.0944275919827482,0.06526115091185435,0.03886209095111233,0.013871752010467846,0.11975638025935043,-0.018684213153623962,0.05982528169163653,-0.34887216528949616,-0.30991159665301377
2025-11-24 10:00:00+00:00,-0.09347486234454248,-0.06638953720891888,-0.011863639979363697,0.036260138014283225,0.07800764512392588,0.17578434045275373,-0.009573875800816136,0.06585877579465789,-0.32432530327920084,-0.28671028420849104
2025-11-24 11:00:00+00:00,-0.08443828497365365,-0.014487809562271643,0.04401188481380534,0.049775666574721024,-0.06761365455330534,0.2558491665530249,0.013002647933892686,0.08087047771056112,-0.27345140881161456,-0.2454072670480672
2025-11-24 12:00:00+00:00,-0.07418439812690145,0.03064683411402065,0.09310068075811448,0.06442992256873528,0.03711710767717395,0.3187354746257476,0.034622463481734804,0.09641857017712177,-0.23137852352807717,-0.2131074574028953
2025-11-24 13:00:00+00:00,-0.08825283825330896,0.05084201692262299,0.11459248884954121,0.057991854573368154,0.0536306857829837,0.363084625014656,0.03508626494566969,0.0938715025148352,-0.2104977345819144,-0.19843732100538186
2025-11-24 14:00:00+00:00,-0.10058115165432595,0.06975029703363664,0.13483997249243854,0.07877726976878942,0.07724832557103005,0.428653721133088,0.03634999775943925,0.11045777034803682,-0.08108646584489769,-0.1652734011344984
2025-11-24 15:00:00+00:00,-0.11139345851179042,0.08759357437098694,0.15405598384637748,0.09839576175342381,0.09243119930980895,0.48158622190997485,0.03835451703241464,0.12619908006421643,0.020095344146684055,-0.13547853764065387
2025-11-24 16:00:00+00:00,-0.07994711421664641,0.08759357437098694,0.15405598384637748,0.09839576175342381,0.07727447220602945,0.3894618820842702,0.05477660477702199,0.12619908006421643,-0.052358992329473615,-0.15068024687816509
2025-11-24 17:00:00+00:00,-0.07994711421664641,0.08759357437098694,0.15405598384637748,0.09839576175342381,0.07727447220602945,0.3073922755307503,0.07148446738466879,0.12619908006421643,-0.052358992329473615,-0.16577687267989769
2025-11-24 18:00:00+00:00,-0.07994711421664641,0.08759357437098694,0.15405598384637748,0.09839576175342381,0.06228605006716735,0.23285373656977426,0.07148446738466879,0.12619908006421643,-0.052358992329473615,-0.18077746072856807
2025-11-24 19:00:00+00:00,-0.19065346206880815,0.08759357437098694,0.04287384208694778,0.09839576175342381,0.07753425544797175,0.16407779788333443,0.07148446738466879,0.12619908006421643,0.020095344146684055,-0.15246614918868903
2025-11-24 20:00:00+00:00,-0.2719224626710583,0.08759357437098694,-0.04428798146660548,0.09839576175342381,0.04684541685826001,0.09977489570025022,0.07148446738466879,0.12619908006421643,0.020095344146684055,-0.12415286279216846
2025-11-24 21:00:00+00:00,-0.3399333811620281,0.08759357437098694,-0.16877724112403056,0.09839576175342381,-0.08257240196303817,0.03897182031156011,0.05455702171259679,0.12619908006421643,0.1018297222881268,-0.0649232465888726
2025-11-24 22:00:00+00:00,-0.34664051361114867,0.11042987705968103,-0.20061995056249676,0.09950311591332779,-0.08063566932555406,0.006729621385757479,0.06955109627638058,0.147011076039032,0.11370578186652575,-0.009517675782001717
2025-11-24 23:00:00+00:00,-0.34664051361114867,0.09384238608682766,-0.20061995056249676,0.09950311591332779,-0.06114232415192789,0.020792481135069645,0.08340781609333114,0.1519313176583571,0.07577497329500958,0.0
2025-11-25 00:00:00+00:00,-0.3299651242287882,0.09384238608682766,-0.20061995056249676,0.09950311591332779,-0.025390901720217986,0.006729621385757479,0.08340781609333114,0.1519313176583571,0.07577497329500958,0.0
2025-11-25 01:00:00+00:00,-0.36554048836276776,0.0376974396084771,-0.2299261718292695,0.05017687923694179,-0.07656208955681414,-0.029184754766037015,0.037746540409712516,0.09770180173299242,0.03821138312410287,-0.05251227038495294
2025-11-25 02:00:00+00:00,-0.36554048836276776,0.0376974396084771,-0.2299261718292695,0.05017687923694179,-0.07786840267734219,-0.029184754766037015,0.037746540409712516,0.09770180173299242,0.0417369677233668,-0.05251227038495294
2025-11-25 03:00:00+00:00,-0.36554048836276776,0.035306110010722334,-0.214025989783203,0.04837287177249132,-0.07944787269717524,-0.029184754766037015,0.037746540409712516,0.0933215837728326,0.0417369677233668,-0.05251227038495294
2025-11-25 04:00:00+00:00,-0.36554048836276776,0.033190958551015004,-0.214025989783203,0.04670418263198247,-0.07873187068204682,-0.029184754766037015,0.037746540409712516,0.08803498218593964,0.03821138312410287,-0.05251227038495294
2025-11-25 05:00:00+00:00,-0.3942854980739932,0.0,-0.2357245332290538,0.011439346609211634,-0.1139584427140332,-0.06450074957361276,0.0,0.06844551771529843,0.047219216464988445,-0.09435686893426858
2025-11-25 06:00:00+00:00,-0.40846977468220613,0.0007456740075286929,-0.22834665089766853,0.022198434757676053,-0.12259431919082175,-0.05500986140146746,0.01375285659573113,0.08854721115063703,0.05263878012119332,-0.13022956172466052
2025-11-25 07:00:00+00:00,-0.40846977468220613,0.017740147252626178,-0.22834665089766853,0.022198434757676053,-0.1356376868475399,-0.022968757946510085,0.01375285659573113,0.08854721115063703,0.13964675709663432,-0.14104442986604387
2025-11-25 08:00:00+00:00,-0.40846977468220613,0.017740147252626178,-0.22834665089766853,0.022198434757676053,-0.12037523407145859,-0.007323534489680703,0.01375285659573113,0.08854721115063703,0.19433357647537824,-0.15209008055822412
2025-11-25 09:00:00+00:00,-0.40846977468220613,0.017740147252626178,-0.22834665089766853,0.022198434757676053,-0.12661680268888628,0.007881267237314877,0.01375285659573113,0.08854721115063703,0.19433357647537824,-0.16247056472153365
2025-11-25 10:00:00+00:00,-0.3978387499805944,0.017740147252626178,-0.22834665089766853,0.022198434757676053,-0.17077176005144873,0.007881267237314877,0.01375285659573113,0.08854721115063703,0.13964675709663432,-0.17296868558116033
2025-11-25 11:00:00+00:00,-0.37719483814937405,0.017740147252626178,-0.22834665089766853,0.022198434757676053,-0.14874744142516477,0.007881267237314877,0.01375285659573113,0.08854721115063703,0.13964675709663432,-0.19393748653734985
2025-11-25 12:00:00+00:00,-0.356712706543997,0.017740147252626178,-0.22834665089766853,0.022198434757676053,-0.17815838698233127,0.007881267237314877,0.01375285659573113,0.08854721115063703,0.13964675709663432,-0.21513480446139716
2025-11-25 13:00:00+00:00,-0.33637701316855684,0.017740147252626178,-0.22834665089766853,0.04396886315588284,-0.1638970323781559,0.03825976891598671,0.01375285659573113,0.08854721115063703,0.2172715436548,-0.23658077988671494
2025-11-25 14:00:00+00:00,-0.31617286107338033,0.017740147252626178,-0.15537689199248808,0.04396886315588284,-0.1638970323781559,0.03825976891598671,0.01375285659573113,0.07429851451546171,0.2172715436548,-0.28197017412012076
2025-11-25 15:00:00+00:00,-0.27689257869222045,0.033951991873325905,-0.04984324030203974,0.06266477159906152,-0.11296051935022314,0.058330570867607824,0.026320913164649257,0.07069071774334716,0.24949516752176618,-0.30993786368707954
2025-11-25 16:00:00+00:00,-0.2967821485522985,0.033951991873325905,-0.10857883483615821,0.06266477159906152,-0.12568990894163745,0.058330570867607824,0.026320913164649257,0.08655832229001881,0.3551303316289174,-0.27212043425130317
2025-11-25 17:00:00+00:00,-0.2967821485522985,0.033951991873325905,-0.16416011933033048,0.06266477159906152,-0.12568990894163745,0.058330570867607824,0.026320913164649257,0.10268055205773476,0.3551303316289174,-0.2331441969042843
2025-11-25 18:00:00+00:00,-0.2967821485522985,0.033951991873325905,-0.21726164749483193,0.06266477159906152,-0.1504645588023809,0.058330570867607824,0.04354922639060039,0.11907293324275613,0.3551303316289174,-0.19277091301654115
2025-11-25 19:00:00+00:00,-0.21592413059147775,0.033951991873325905,-0.21726164749483193,0.06266477159906152,-0.17473400612101733,0.058330570867607824,0.061078033051648314,0.13575211391551714,0.3551303316289174,-0.1507117924304351
2025-11-25 20:00:00+00:00,-0.0965567828720028,0.07445539177665315,-0.1657090618691496,0.11335541076509505,-0.12133934751517321,0.11153682917185288,0.11587677441440876,0.19568032915892242,0.3740925022937751,-0.06251699062150128
2025-11-25 21:00:00+00:00,0.09995245607326911,0.12377932853802359,-0.03145338445619095,0.17563128034534065,0.05029281741406723,0.1770924259220654,0.20769173523177964,0.26976776608136427,0.3975277594451211,0.094448962943978
2025-11-25 22:00:00+00:00,0.1596485085864601,0.15569978883254706,-0.07191949522295399,0.18029153318308985,-0.002921529786563496,0.17116329922028853,0.23923302755168466,0.26647084532720444,0.40770504565822213,0.17143950541898514
2025-11-25 23:00:00+00:00,0.1504342745798767,0.16291405018562383,-0.12027695586485224,0.13734810994018787,-0.06961778022487794,0.09963514266630595,0.19710572732889123,0.2223747949983308,0.4194969053893998,0.14013708998700036
2025-11-26 00:00:00+00:00,0.1316149606291781,0.16291405018562383,-0.12027695586485224,0.13734810994018787,-0.20586670554057504,0.09963514266630595,0.19710572732889123,0.22969585613159427,0.4262320128915212,0.14013708998700036
2025-11-26 01:00:00+00:00,0.1316149606291781,0.1619163539646044,-0.12027695586485224,0.13734810994018787,-0.19556257752411454,0.09963514266630595,0.19710572732889123,0.22969585613159427,0.2082306807854236,0.14013708998700036
2025-11-26 02:00:00+00:00,0.1316149606291781,0.16135220859919586,-0.12027695586485224,0.1358691455424093,-0.20029376597309684,0.09963514266630595,0.19710572732889123,0.22969585613159427,0.21469948277622442,0.14013708998700036
2025-11-26 03:00:00+00:00,0.1316149606291781,0.16137430609197473,-0.14946124981348136,0.13447337024457423,-0.20029376597309684,0.09963514266630595,0.19710572732889123,0.22969585613159427,0.21469948277622442,0.14132211521639598
2025-11-26 04:00:00+00:00,0.08394691726346698,0.11164501265039367,-0.1885869620072508,0.08769492234225496,-0.24885571819515007,0.04973438022918521,0.1445077991314169,0.18429540278985604,0.2158784514745604,0.09859995838312212
2025-11-26 05:00:00+00:00,0.08394691726346698,0.11164501265039367,-0.17222830214807344,0.1077041813861745,-0.24132156954605155,0.07496132125814264,0.13596509930706727,0.17755781622941835,0.1962683874203638,0.09859995838312212
2025-11-26 06:00:00+00:00,0.10610662322292512,0.09678395048681408,-0.17222830214807344,0.1077041813861745,-0.23434561684925245,0.07496132125814264,0.1313258611993794,0.17422566667784437,0.1962683874203638,0.09859995838312212
2025-11-26 07:00:00+00:00,0.11496543600889254,0.09678395048681408,-0.17222830214807344,0.1077041813861745,-0.22575588472130054,0.07496132125814264,0.1313258611993794,0.17087762966444603,0.1962683874203638,0.054431989282276244
2025-11-26 08:00:00+00:00,0.11496543600889254,0.10605217885419904,-0.17222830214807344,0.1077041813861745,-0.2590651570518518,0.07496132125814264,0.1313258611993794,0.16751177352967941,0.1962683874203638,0.03830679379058485
2025-11-26 09:00:00+00:00,0.11496543600889254,0.11493922720153119,-0.17222830214807344,0.10080509253309439,-0.2642077267406335,0.07496132125814264,0.1313258611993794,0.16412603889223285,0.1962683874203638,0.03830679379058485
2025-11-26 10:00:00+00:00,0.10922820767621123,0.13224073858245575,-0.15428086167953195,0.08787118543598002,-0.28892212186020405,0.07925221683314847,0.1481883571203333,0.15517878052200318,0.2087910427780104,0.041356224181025976
2025-11-26 11:00:00+00:00,0.08299461751250975,0.13224073858245575,-0.15428086167953195,0.06612036929122764,-0.26080882867502164,0.07925221683314847,0.1481883571203333,0.1284686365234661,0.2087910427780104,0.01682062585195923
2025-11-26 12:00:00+00:00,0.056120371351471986,0.13224073858245575,-0.15428086167953195,0.06612036929122764,-0.30319837988273324,0.1074462653292902,0.1481883571203333,0.10122086542995319,0.2087910427780104,-0.008562535143258223
2025-11-26 13:00:00+00:00,0.028497084185033616,0.13224073858245575,-0.08492588143304669,0.06612036929122764,-0.286607430144916,0.1074462653292902,0.1481883571203333,0.07333284517359914,0.18787649718349653,-0.03491832118563166
2025-11-26 14:00:00+00:00,0.009278130619767268,0.1460629074799909,-0.04486209878490704,0.08961347463748204,-0.2621866516258063,0.12665118068928716,0.16130527889958488,0.050073944891690335,0.2045064225406862,-0.0016768730868071055
2025-11-26 15:00:00+00:00,-0.03685349401227717,0.1460629074799909,-0.04486209878490704,0.08961347463748204,-0.2854562190536654,0.12665118068928716,0.16130527889958488,0.026992243323430178,0.16988145314895284,-0.0016768730868071055
2025-11-26 16:00:00+00:00,0.011568104281470043,0.1460629074799909,-0.04486209878490704,0.08961347463748204,-0.26348028065574575,0.12665118068928716,0.16130527889958488,0.052151774261186,0.129320237783081,-0.0016768730868071055
2025-11-26 17:00:00+00:00,0.011568104281470043,0.08932176993039145,-0.04486209878490704,0.08961347463748204,-0.26348028065574575,0.12665118068928716,0.16130527889958488,0.07791021739399696,0.129320237783081,-0.0016768730868071055
2025-11-26 18:00:00+00:00,-0.1496213119358213,0.035951569903683575,-0.04486209878490704,0.08961347463748204,-0.24240431407390786,0.12665118068928716,0.16130527889958488,0.10431966979348481,0.08986908175475894,-0.0016768730868071055
2025-11-26 19:00:00+00:00,-0.2875773345920891,-0.014606090665935746,-0.04486209878490704,0.08961347463748204,-0.17482973464429002,0.12665118068928716,0.16130527889958488,0.10431966979348481,0.05140143623493804,-0.0016768730868071055
2025-11-26 20:00:00+00:00,-0.39673167995267467,-0.08945976067752924,-0.12259041190475109,0.02434838350331478,-0.20120808601436055,0.06494590094783426,0.107857367290408,0.030340297339927498,0.03165576855273612,-0.07287295891114491
2025-11-26 21:00:00+00:00,-0.43031487113581113,-0.14331563721620427,-0.11331759587116355,-0.0069322482219202255,-0.21616575295906482,0.03553527632132301,0.07020278675498187,-0.0048645228678479,0.022259573374684007,-0.1069130624872638
2025-11-26 22:00:00+00:00,-0.44057666479797086,-0.18632188946240164,-0.105150607446391,-0.017928429140020498,-0.20841512115034996,0.05355012842886964,0.04930028915346935,-0.012594319057616793,0.013970499065206301,-0.1358693599960146
2025-11-26 23:00:00+00:00,-0.4155366663870243,-0.17262001662906232,-0.09789871508779656,0.03230291412356277,-0.22121497262607576,0.0879999999999993,0.07174928624757437,0.01283587649521687,0.039139684383206495,-0.0894427190998986
2025-11-27 00:00:00+00:00,-0.452353834798654,-0.21427862465379985,-0.13968168689472613,-0.017345598044447536,-0.16746316922619534,0.04455291691926584,0.029406320247129226,-0.04862750192594706,0.016138927411403575,-0.1142214196513055
2025-11-27 01:00:00+00:00,-0.452353834798654,-0.21427862465379985,-0.13968168689472613,-0.021518234567187704,-0.1916301367371924,0.041358643257937644,0.029406320247129226,-0.05259695859897732,-0.035339073013562615,-0.1142214196513055
2025-11-27 02:00:00+00:00,-0.452353834798654,-0.21427862465379985,-0.13968168689472613,-0.021518234567187704,-0.17804053939897777,0.03799935244268977,0.029406320247129226,-0.05682690140337738,-0.035339073013562615,-0.1142214196513055
2025-11-27 03:00:00+00:00,-0.452353834798654,-0.21427862465379985,-0.15852340234981419,-0.021518234567187704,-0.17804053939897777,0.03443934814443203,0.029406320247129226,-0.06135609430241163,-0.035339073013562615,-0.12191668807537023
2025-11-27 04:00:00+00:00,-0.452353834798654,-0.21427862465379985,-0.14036440170062833,-0.021518234567187704,-0.17411792374611065,0.049976018825040665,0.029406320247129226,-0.06135609430241163,-0.056400616103185926,-0.12191668807537023
2025-11-27 05:00:00+00:00,-0.45279096512821104,-0.2097384732710476,-0.14036440170062833,-0.02975747074836785,-0.18071883014199344,0.03517023801731608,0.029406320247129226,-0.06135609430241163,-0.03767801744492879,-0.12191668807537023
2025-11-27 06:00:00+00:00,-0.45279096512821104,-0.19080157849172869,-0.14036440170062833,-0.02975747074836785,-0.17149945994552565,0.03517023801731608,0.023556011590265765,-0.06921164481876543,-0.03767801744492879,-0.12191668807537023
2025-11-27 07:00:00+00:00,-0.45279096512821104,-0.17688921444349998,-0.14036440170062833,-0.02975747074836785,-0.18071883014199344,0.03517023801731608,0.01784490330895392,-0.06921164481876543,-0.0643065964413033,-0.12191668807537023
2025-11-27 08:00:00+00:00,-0.45279096512821104,-0.17688921444349998,-0.14036440170062833,-0.02975747074836785,-0.16129711502079036,0.03517023801731608,0.012021052698344407,-0.06921164481876543,-0.03767801744492879,-0.12191668807537023
2025-11-27 09:00:00+00:00,-0.4392287779819874,-0.15308546536501286,-0.1460030498064469,0.0,-0.11623977730103177,0.05520719212537124,0.022440922428861507,-0.05967392747460909,-0.03285760387267617,-0.09568712640732845
2025-11-27 10:00:00+00:00,-0.423823649138171,-0.12516818550821818,-0.1460030498064469,0.0195327030250069,-0.13129155216391747,0.05520719212537124,0.008471737420760135,-0.042802775837645496,-0.03285760387267617,-0.09568712640732845
2025-11-27 11:00:00+00:00,-0.40851347882243794,-0.09798990498121689,-0.1460030498064469,0.03900184483086741,-0.0967965794366222,0.05520719212537124,-0.005687277244780015,-0.042802775837645496,-0.03285760387267617,-0.09568712640732845
2025-11-27 12:00:00+00:00,-0.39328803431143683,-0.07146206316721167,-0.07755667343294811,0.03900184483086741,-0.04238503542615205,0.05520719212537124,-0.020050393909675432,-0.042802775837645496,-0.03285760387267617,-0.09568712640732845
2025-11-27 13:00:00+00:00,-0.3625947415945695,-0.027523677105907557,0.046448798602166164,0.0566159687969983,-0.008972699974558152,0.07346168598599218,-0.02408958125850026,-0.010683957109763357,0.05348084150983448,-0.047271433036918095
2025-11-27 14:00:00+00:00,-0.33943231735125895,0.010913806210946063,0.18185590640276944,0.0566159687969983,0.017622032923719763,0.07346168598599218,-0.046448798602222376,0.014157402388945388,-0.027823161497535803,-0.047271433036918095
2025-11-27 15:00:00+00:00,-0.31630485486517274,0.04872125144599681,0.24072881114269132,0.0566159687969983,-0.008847747660671073,0.07346168598599218,-0.06918293833039911,0.014157402388945388,0.05348084150983448,-0.047271433036918095
2025-11-27 16:00:00+00:00,-0.3379598678809955,0.014331119346349267,0.17080113879098124,0.0566159687969983,-0.032504503539946154,0.07346168598599218,-0.04938067443252522,0.014157402388945388,0.13116633277409737,-0.047271433036918095
2025-11-27 17:00:00+00:00,-0.3379598678809955,0.014331119346349267,0.10731790863335272,0.0566159687969983,-0.07788862708566471,0.07346168598599218,-0.029243742948404674,-0.008161748012872285,0.13116633277409737,-0.047271433036918095
2025-11-27 18:00:00+00:00,-0.2667650301439321,0.014331119346349267,0.04887082337755449,0.0566159687969983,-0.09944380496069458,0.07346168598599218,-0.008745668095235122,-0.08989743202651024,0.13116633277409737,-0.047271433036918095
2025-11-27 19:00:00+00:00,-0.17098491389474454,0.014331119346349267,-0.005565901025538145,0.0566159687969983,-0.12187722462339773,0.07346168598599218,-0.008745668095235122,-0.22550673234855512,0.13116633277409737,-0.047271433036918095
2025-11-27 20:00:00+00:00,-0.08121785290925569,0.014331119346349267,-0.056762354489204976,0.0566159687969983,-0.12187722462339773,0.07346168598599218,-0.008745668095235122,-0.31155312993087,0.20185589129843187,-0.07634541448816222
2025-11-27 21:00:00+00:00,-0.04558505941061034,0.019010743362896248,-0.13749276973544544,0.03674980710993319,-0.1365058214259791,0.05201942806773875,-0.017287746424769025,-0.38225031430398443,0.2568692205038461,-0.12107877450383339
2025-11-27 22:00:00+00:00,-0.00866921095228258,0.062297904814996585,-0.1611962248502789,0.04769482740874099,-0.1394127022189091,0.031591857646471294,0.011607661273423156,-0.393386590095614,0.2693632170003641,-0.09634540144079164
2025-11-27 23:00:00+00:00,-0.029105520186789358,0.04433834410894125,-0.1882457886969266,-0.006529473546515822,-0.11623772262620581,-0.018787532494316837,-0.00826588847535881,-0.435611538413437,0.21835905225879387,-0.14451375755689336
2025-11-28 00:00:00+00:00,-0.029105520186789358,0.03892304616215506,-0.20662910058120867,-0.012459273063606264,-0.1319848528518091,-0.02913317080333744,-0.00826588847535881,-0.44973155557412947,0.21835905225879387,-0.15575706804906295
2025-11-28 01:00:00+00:00,-0.029105520186789358,0.03313809248600235,-0.2275312105416495,-0.006529473546515822,-0.13821388283600824,-0.02913317080333744,-0.00826588847535881,-0.4648457727131244,0.21835905225879387,-0.15575706804906295
2025-11-28 02:00:00+00:00,-0.029105520186789358,0.03313809248600235,-0.2517505224400716,-0.006529473546515822,-0.08680282408046423,-0.02913317080333744,-0.00826588847535881,-0.48797626541169536,0.21835905225879387,-0.15575706804906295
2025-11-28 03:00:00+00:00,-0.029105520186789358,0.026893920387024445,-0.2517505224400716,-0.006529473546515822,-0.09235049324049491,-0.02913317080333744,-0.00826588847535881,-0.5258827050663556,0.21835905225879387,-0.15575706804906295
2025-11-28 04:00:00+00:00,-0.029105520186789358,0.03845938757323913,-0.2517505224400716,-0.006529473546515822,-0.0953932991907789,-0.02913317080333744,-0.00826588847535881,-0.5369511741424154,0.24470337737464667,-0.15575706804906295
2025-11-28 05:00:00+00:00,-0.029105520186789358,0.03845938757323913,-0.2517505224400716,-0.006529473546515822,-0.10423658575845898,-0.019033847150103436,-0.00826588847535881,-0.5383223816343344,0.24470337737464667,-0.15575706804906295
2025-11-28 06:00:00+00:00,-0.029105520186789358,0.01757412743422434,-0.24258092916038207,-0.006529473546515822,-0.07715346680169215,-0.0075280190280148495,-0.02720836840443815,-0.5253535168995724,0.24470337737464667,-0.15575706804906295
2025-11-28 07:00:00+00:00,-0.029105520186789358,0.01757412743422434,-0.21485739439909446,-0.006529473546515822,-0.07715346680169215,-0.0075280190280148495,-0.03236945247842396,-0.5001116341996694,0.24470337737464667,-0.15575706804906295
2025-11-28 08:00:00+00:00,-0.029105520186789358,0.01757412743422434,-0.18863395465894636,-0.006529473546515822,-0.07715346680169215,-0.0075280190280148495,-0.03766204000279122,-0.47706601905342505,0.23808559763632697,-0.1722971458229988
2025-11-28 09:00:00+00:00,-0.029105520186789358,0.01757412743422434,-0.15359252944110713,-0.025292155716271175,-0.09983297494999918,-0.03997107901505025,-0.052214256139733996,-0.4351198035208115,0.23808559763632697,-0.2504878868915888
2025-11-28 10:00:00+00:00,-0.05198581558357666,0.01757412743422434,-0.15359252944110713,-0.062235419273615165,-0.08962264150941213,-0.03997107901505025,-0.06677342720051,-0.4169502029265192,0.23808559763632697,-0.30465739057174224
2025-11-28 11:00:00+00:00,-0.07526908916210041,0.01757412743422434,-0.11672669380678163,-0.08095814933327769,-0.11182013967003449,-0.07114321247978898,-0.0815658438274978,-0.3914936508147962,0.23808559763632697,-0.35849867830899756
2025-11-28 12:00:00+00:00,-0.09901867097913734,0.01757412743422434,-0.11672669380678163,-0.08095814933327769,-0.11182013967003449,-0.1347976657511793,-0.09661145311961855,-0.3659178956691936,0.23808559763632697,-0.41269214246822
2025-11-28 13:00:00+00:00,-0.13837486144346112,0.01757412743422434,-0.11672669380678163,-0.08095814933327769,-0.15181186280916176,-0.19033847150070096,-0.12133065535434853,-0.3342753735939471,0.23808559763632697,-0.5473049633396848
2025-11-28 14:00:00+00:00,-0.17867533020065676,0.01757412743422434,-0.19974803251391002,-0.08095814933327769,-0.17270947927649738,-0.2481780895055766,-0.14651040958504982,-0.3023783739525312,0.23808559763632697,-0.6918899481230251
2025-11-28 15:00:00+00:00,-0.22005722999950603,0.01757412743422434,-0.19974803251391002,-0.08095814933327769,-0.15297357052703878,-0.3087759200387224,-0.17219057955453126,-0.2701661776681835,0.15266773130567296,-0.8515054317226477
2025-11-28 16:00:00+00:00,-0.1845825722777179,0.01757412743422434,-0.19974803251391002,-0.08095814933327769,-0.13538898400192131,-0.26128836464094024,-0.15012787570942446,-0.30634479008451265,0.15266773130567296,-0.7939521288683801
2025-11-28 17:00:00+00:00,-0.14831278624137337,0.01757412743422434,-0.19974803251391002,-0.08095814933327769,-0.09994521961479376,-0.26128836464094024,-0.12768948361746751,-0.32423748522826534,0.0510183423506415,-0.7939521288683801
2025-11-28 18:00:00+00:00,-0.14831278624137337,0.01757412743422434,-0.19974803251391002,-0.08095814933327769,-0.08191847377675435,-0.26128836464094024,-0.10483908847595685,-0.2913935748350462,0.15266773130567296,-0.7939521288683801
2025-11-28 19:00:00+00:00,-0.13059988322049176,0.036226177800209466,-0.1811690178063483,-0.06201693361117346,-0.08412741952042564,-0.24111881025730214,-0.047081483034219454,-0.16477796709963208,0.2908806170663496,-0.7449365379250127
2025-11-28 20:00:00+00:00,-0.11572995460932377,0.056157543792221015,-0.11578163623806369,-0.04195120416867279,0.022004947855211367,-0.22006126779851445,0.02031158293723778,-0.0210455155889868,0.2648766173549216,-0.7052548255375094
2025-11-28 21:00:00+00:00,-0.1225883771390542,0.0776256811297268,-0.039951991893043215,-0.020537587882240325,0.13652669432274944,-0.1979453447192941,0.09990504449442827,0.19562012079538318,0.167697442468454,-0.6725925804281631
2025-11-28 22:00:00+00:00,-0.18194559344540817,0.046612953632144655,0.01528485573848908,-0.03441307074995199,0.17720778739180523,-0.2331683294951761,0.07203642405679168,0.19788627963698194,0.21561110918474685,-0.6887165815238601
2025-11-28 23:00:00+00:00,-0.13738494824382305,0.04691162799653408,0.0608792042287712,-0.009474980875581854,0.13544562760808473,-0.15940563986372583,0.11204594839530997,0.24989937694097303,0.19646723997870755,-0.6473299385236256
2025-11-29 00:00:00+00:00,-0.0975832869142372,0.033314830232555756,0.04889556192202652,0.03110072648198382,0.15690750949940763,-0.11908081884031543,0.16936021240902618,0.3042536409999078,0.2291533426063911,-0.5675033683881466
2025-11-29 01:00:00+00:00,-0.0975832869142372,0.02637407226202208,0.0372862994026854,0.022178019753589344,0.15690750949940763,-0.11908081884031543,0.16843519336343624,0.29790656895996315,0.2291533426063911,-0.5397989644423128
2025-11-29 02:00:00+00:00,-0.0975832869142372,0.01115364953685427,0.024940318561398323,0.0117150002842114,0.15504611932770085,-0.11908081884031543,0.16818789856189453,0.28906392283120413,0.21915164670578896,-0.5149663110571522
2025-11-29 03:00:00+00:00,-0.0975832869142372,0.0019693397314666946,-0.0028365512955537014,-0.006335161657361162,0.1510149093359441,-0.11908081884031543,0.16844671825950008,0.2817930780065636,0.2099832528685953,-0.4925099246028271
2025-11-29 04:00:00+00:00,-0.0975832869142372,0.016844233090522784,0.01798471947990559,0.022393594556433874,0.14327122240074075,-0.11908081884031543,0.15197063089341548,0.24934876022457103,0.2099832528685953,-0.49224064694474773
2025-11-29 05:00:00+00:00,-0.1027755196916652,0.03418382254651205,0.06295911126149291,0.055476004882784445,0.18075323174145982,-0.11908081884031543,0.13700124299599636,0.2162476767472111,0.2544936912597777,-0.4927591692609602
2025-11-29 06:00:00+00:00,-0.11612018956807922,0.0769328207369306,0.08392178404772724,0.06508192165874692,0.17925948473421477,-0.11908081884031543,0.1479990183147111,0.21334611130891942,0.2544936912597777,-0.49396610900824783
2025-11-29 07:00:00+00:00,-0.12460475488363354,0.0769328207369306,0.08392178404772724,0.06508192165874692,0.189575588785793,-0.08371431331230272,0.14463253979172935,0.20722298563688005,0.2544936912597777,-0.48129530775306467
2025-11-29 08:00:00+00:00,-0.13329897554256992,0.08992359739952821,0.09687749942289303,0.06508192165874692,0.19195372972954675,-0.04278549088592959,0.1412370526609861,0.20128077000460123,0.26113685312156293,-0.4691482285920566
2025-11-29 09:00:00+00:00,-0.16377338310575884,0.0905886295966241,0.13432001392567436,0.08232516982530654,0.21154535576609712,-0.0018739312123921504,0.11402521754253196,0.16021806624598456,0.2638831488994948,-0.456496374098351
2025-11-29 10:00:00+00:00,-0.17269516297578036,0.09421393138905976,0.22874785549890858,0.15728284010001614,0.26541261745020883,0.019943614350042167,0.093080712701672,0.13420309685019158,0.26701921642689425,-0.44264898599528146
2025-11-29 11:00:00+00:00,-0.17269516297578036,0.13585652432296882,0.22874785549890858,0.21846486237934074,0.3162097532788942,0.09390763406959038,0.07864142005013543,0.10413333472162828,0.26701921642689425,-0.40975763174742225
2025-11-29 12:00:00+00:00,-0.17269516297578036,0.17492785713502737,0.2927976978333261,0.24714944636215608,0.3162097532788942,0.16738718266798802,0.06400461198153011,0.07346387121227362,0.26701921642689425,-0.37716464320309984
2025-11-29 13:00:00+00:00,-0.18559773835037274,0.21282977867147368,0.2864391521005129,0.24147543461619791,0.332040918712609,0.23084363758999718,0.030367250181936853,0.020629121428410786,0.14697886738046959,-0.34524233508821284
2025-11-29 14:00:00+00:00,-0.20011715819189915,0.25552318137498253,0.2802835283793148,0.23594512729189113,0.3247822004842273,0.3022677401851862,-0.007578085572877062,-0.0401769540056298,0.14863145949328566,-0.30964017749252437
2025-11-29 15:00:00+00:00,-0.21668859014237074,0.3042672427266387,0.27441621453111004,0.23062351092512828,0.3461090978723127,0.3838606126800212,-0.050850209334157084,-0.13149299193981603,0.1509168548860362,-0.26946894708184516
2025-11-29 16:00:00+00:00,-0.21668859014237074,0.2380130177782651,0.27441621453111004,0.23062351092512828,0.319005715570197,0.3097707136365685,-0.027455356204528464,-0.0824665755305793,0.1509168548860362,-0.294981724873724
2025-11-29 17:00:00+00:00,-0.21668859014237074,0.17494035902264998,0.27441621453111004,0.23062351092512828,0.319005715570197,0.2716811432710762,-0.003634651848116332,-0.03166547957715147,0.4462853527887085,-0.2484377185833884
2025-11-29 18:00:00+00:00,-0.18415305311111596,0.11452534818892364,0.27441621453111004,0.18062348763793856,0.319005715570197,0.23431340852426621,0.020645970880967698,0.021235045595794293,0.5586830369927266,-0.20040925274017418
2025-11-29 19:00:00+00:00,-0.1669350130386044,0.081843372123373,0.27441621453111004,0.15282808121716046,0.319005715570197,0.21350363014733498,0.03429949596056134,0.05177470606647466,0.5586830369927266,-0.15342074946088877
2025-11-29 20:00:00+00:00,-0.1176931771711257,0.05027570118377185,0.27441621453111004,0.09952007867073336,0.28520604762594776,0.19306987823483196,0.04825245260931388,0.08396917399669883,0.5115954044163245,-0.09976275174176888
2025-11-29 21:00:00+00:00,-0.04116535299680807,0.019641088893128253,0.2228817098633544,0.008132052424923639,0.23474023265610347,0.17297293816585477,0.06252961383732088,0.11815032888380425,0.5115954044163245,-0.03496886002507363
2025-11-29 22:00:00+00:00,0.008466843730081022,-0.01021717532618241,0.2228817098633544,-0.0662476825052125,0.17715561001971272,0.15317639609570313,0.07715825759988536,0.15229886099367795,0.46463230813187745,0.004255832936527287
2025-11-29 23:00:00+00:00,-0.046445497630609706,-0.040498966420963255,0.18838691264139934,-0.0662476825052125,0.2542327723739501,0.12091831171458414,0.07715825759988536,0.17675785371881336,0.48341132487729915,0.004255832936527287
2025-11-30 00:00:00+00:00,-0.046445497630609706,-0.040498966420963255,0.18838691264139934,-0.08861892377382882,0.26046707605937675,0.10442440600413448,0.08854927305015797,0.1946785590524785,0.48341132487729915,-0.016807473202626173
2025-11-30 01:00:00+00:00,-0.046445497630609706,-0.04789403786044181,0.18102244780152088,-0.10178245313031299,0.25265227711144456,0.10449863773918298,0.08852718950007371,0.18876998958781008,0.48341132487729915,-0.021132707431425164
2025-11-30 02:00:00+00:00,-0.046445497630609706,-0.05626073544792836,0.17427401332506814,-0.11441431102740313,0.25311716890773517,0.10478568335805383,0.08858094376045575,0.1841232779042094,0.48341132487729915,-0.02579774889296206
2025-11-30 03:00:00+00:00,-0.046445497630609706,-0.0659233050031468,0.17427401332506814,-0.12056011591320995,0.23683254983706112,0.10533996724506793,0.0887000097448603,0.18043074945345228,0.4785327449156521,-0.030873093404070157
2025-11-30 04:00:00+00:00,-0.046445497630609706,-0.04590563667689647,0.21986639631259858,-0.1083840843222403,0.28277072524400476,0.12615606701964338,0.07871849759410199,0.14798875256777777,0.426236442229225,-0.016106640797752363
2025-11-30 05:00:00+00:00,-0.029625241030307118,0.004490811655886387,0.21986639631259858,-0.09426693972010354,0.29007351871376097,0.14675084381836395,0.06920859684139491,0.13858805163348967,0.426236442229225,0.0
2025-11-30 06:00:00+00:00,-0.011075431360415321,0.06449978098036889,0.21986639631259858,-0.04645854732612922,0.29007351871376097,0.17558283216888854,0.06920859684139491,0.12611829683821713,0.426236442229225,0.036922449943969704
2025-11-30 07:00:00+00:00,-0.011075431360415321,0.09426693971982023,0.24096845327741523,0.020596609658591006,0.29007351871376097,0.18498110573426646,0.06196081821072487,0.11320862902024383,0.426236442229225,0.05362334362369355
2025-11-30 08:00:00+00:00,-0.011075431360415321,0.09426693971982023,0.24096845327741523,0.07411752149105805,0.29007351871376097,0.18498110573426646,0.0545796188194971,0.09978350283197698,0.375519219446521,0.06942217192494315
2025-11-30 09:00:00+00:00,-0.011075431360415321,0.09426693971982023,0.24096845327741523,0.10981567467419218,0.29735550000391137,0.18498110573426646,0.047054544692215566,0.09262278049872506,0.375519219446521,0.08446713891200335
2025-11-30 10:00:00+00:00,-0.011075431360415321,0.06449978098036889,0.24096845327741523,0.12989196171745707,0.2737892001238528,0.19720378179100229,0.047054544692215566,0.0848972637901913,0.3278292509025137,0.09887656009746788
2025-11-30 11:00:00+00:00,-0.011075431360415321,-0.0031587260903927143,0.24096845327741523,0.17581293113715446,0.183238847207076,0.22810898151543152,0.047054544692215566,0.0663855183472625,0.22945330166987188,0.13309171606286607
2025-11-30 12:00:00+00:00,-0.011075431360415321,-0.07154357701704495,0.15127532773046481,0.2217808122997529,0.183238847207076,0.25833171350894263,0.047054544692215566,0.04760260355548058,0.1333135846354055,0.1659948250255093
2025-11-30 13:00:00+00:00,-0.011075431360415321,-0.14123181260550535,0.15127532773046481,0.26796277321437073,0.16389034999759575,0.3125938786111124,0.047054544692215566,0.028526755045123694,0.1333135846354055,0.19776991500943378
2025-11-30 14:00:00+00:00,-0.011075431360415321,-0.14123181260550535,0.15127532773046481,0.3145277208415568,0.12350205050162037,0.3641428726705329,0.047054544692215566,0.009134496305852866,0.03787093328531875,0.2285719076144545
2025-11-30 15:00:00+00:00,0.005751338839962718,-0.11000998284028117,0.1550966886102653,0.3540495638224021,-0.013975006343240172,0.3918835263021202,0.063530639698209,0.0208711118675699,-0.07695681511633268,0.27381069357001203
2025-11-30 16:00:00+00:00,0.005751338839962718,-0.11000998284028117,0.1550966886102653,0.32810576592074103,0.06246807769754473,0.3522151745020676,0.063530639698209,0.04475177218373734,-0.07695681511633268,0.22977380453320262
2025-11-30 17:00:00+00:00,0.005751338839962718,-0.11000998284028117,0.1550966886102653,0.2735788018555312,-0.09776853048288059,0.3133802412439066,0.063530639698209,0.06908934143043713,-0.19087512552032043,0.18724758936853636
2025-11-30 18:00:00+00:00,0.005751338839962718,-0.11000998284028117,0.1550966886102653,0.24533096750314182,-0.033692417016807065,0.2350069719769178,0.063530639698209,0.09392067831765989,-0.3046038495400874,0.14605508106954357
2025-11-30 19:00:00+00:00,-0.022334637879828333,-0.11000998284028117,0.1550966886102653,0.22962475802140486,-0.06656052179949812,0.19151793980216164,0.063530639698209,0.10844184201418322,-0.2417751589924059,0.07580397171291316
2025-11-30 20:00:00+00:00,-0.04891521072901624,-0.11000998284028117,0.10238075294680697,0.22962475802140486,-0.06656052179949812,0.15024999860705518,0.063530639698209,0.12330803528466582,-0.1795659019381096,-0.020741677367224903
2025-11-30 21:00:00+00:00,-0.1301722969429832,-0.11000998284028117,0.10238075294680697,0.26722517572846183,-0.008782184847926075,0.13102121968681557,0.063530639698209,0.1385479274827784,-0.1795659019381096,-0.10794388376686992
2025-11-30 22:00:00+00:00,-0.14819258611557792,-0.11000998284028117,0.053024724123020436,0.32828213047619104,0.013112110199641126,0.09209638984733214,0.07625766684093087,0.1671730806738955,-0.1795659019381096,-0.13642945954411112
2025-11-30 23:00:00+00:00,-0.12628325794606557,-0.11000998284028117,0.10238075294680697,0.32828213047619104,-0.008848633600010833,0.09209638984733214,0.08793155726408106,0.1873838174194535,-0.27942183632036843,-0.13642945954411112
2025-12-01 00:00:00+00:00,-0.12628325794606557,-0.057712129822175995,0.142148463118707,0.32996233600879615,0.002170157490086929,0.10637227836341569,0.0773551751957972,0.20239570137692328,-0.27942183632036843,-0.15420339571710565
2025-12-01 01:00:00+00:00,-0.12628325794606557,-0.045407660918651026,0.14667997712037034,0.3101933772204713,0.008235544892437366,0.10637227836341569,0.07656682874583176,0.20019619340753964,-0.27942183632036843,-0.16046122137484453
2025-12-01 02:00:00+00:00,-0.12628325794606557,-0.03522903452645625,0.15301196090243444,0.2884893287274049,0.02087111186743627,0.10637227836341569,0.07579970420500387,0.20019619340753964,-0.22100298356041953,-0.16046122137484453
2025-12-01 03:00:00+00:00,-0.12628325794606557,-0.026512362061395234,0.16054032476698427,0.2832247991917597,0.017496895341562107,0.10637227836341569,0.07505794335512526,0.20019619340753964,-0.22100298356041953,-0.1671093016407488
2025-12-01 04:00:00+00:00,-0.12628325794606557,-0.04399384488351869,0.13660164361914118,0.2520335217671811,0.011604482465273874,0.10637227836341569,0.0853610210737387,0.20019619340753964,-0.23500697197692322,-0.1612947983914868
2025-12-01 05:00:00+00:00,-0.12628325794606557,-0.06171585437480214,0.11284941693946854,0.22628556139400602,-0.005869717648947497,0.10637227836341569,0.09634086427197709,0.19029824878310875,-0.2758565918486715,-0.15534693301410013
2025-12-01 06:00:00+00:00,-0.12628325794606557,-0.08128864245877641,0.08913679033464049,0.2017288274012099,-0.024006146360303075,0.10637227836341569,0.06994573755990127,0.17148852118444013,-0.32013490182560783,-0.15534693301410013
2025-12-01 07:00:00+00:00,-0.13930434460015068,-0.10153461651325314,0.043586054739852595,0.168963815110847,-0.04305113974019752,0.09694455029897545,0.03633501649269328,0.1523019247700455,-0.36902524267262243,-0.18101598660320356
2025-12-01 08:00:00+00:00,-0.14729322970962289,-0.12418292674293012,-0.003367938939975532,0.14113977704646705,-0.07206576517508693,0.07860357284123848,0.01883407752789109,0.13239357789237466,-0.36396624921278786,-0.1892646869684193
2025-12-01 09:00:00+00:00,-0.15615939214026117,-0.15012502606880443,-0.029034335256839214,0.10659786573926557,-0.09763626893819678,0.0575991348440232,-0.0010590819915221631,0.1092824626264384,-0.4167467871685917,-0.1984192877186495
2025-12-01 10:00:00+00:00,-0.1660564035126619,-0.15336443254559304,-0.023013857555531095,0.08590800819096511,-0.09430866526352129,0.0458318682729423,-0.023876003044179982,0.09021050354570133,-0.41238788948227595,-0.2086383994490578
2025-12-01 11:00:00+00:00,-0.19416168128234426,-0.1649158112640205,-0.00839965494926195,0.031957049131001725,-0.07044807444452698,0.016799887105137724,-0.08301385957852535,0.0410811987623101,-0.40943471636097045,-0.23839412746443162
2025-12-01 12:00:00+00:00,-0.1201899092268124,0.0,-0.015924253311851298,-0.004585371331011942,-0.0897481414082926,0.07459197894112758,-0.08526573407808823,0.002267194853599818,-0.23380172668697305,-0.17552832816987132
2025-12-01 13:00:00+00:00,-0.0572997213264065,0.1278917692940604,0.015187513099977422,-0.004993345868577369,-0.04023745900165061,0.09959734307101882,-0.08664030263388388,-0.03200892751102702,-0.1858206848236271,-0.015468147276820901
2025-12-01 14:00:00+00:00,-0.0030961310383206295,0.19517959384474018,0.043671314674115114,0.025525762412591916,0.017377632194787225,0.15684695566513765,-0.08720001113068142,-0.06278350648918266,-0.055408488799788755,0.10719792565774848
2025-12-01 15:00:00+00:00,0.03974884691796397,0.24542564603918005,0.043671314674115114,0.025525762412591916,0.1264485593171321,0.22288174888067772,-0.12128281945155699,-0.09457827502803318,0.07235006254538506,0.1877987874919675
2025-12-01 16:00:00+00:00,0.006044903599923528,0.19548184817842287,0.043671314674115114,0.0020958512190255227,0.09146918555852063,0.16116459280507417,-0.09728705121615641,-0.07156956439084701,0.07235006254538506,0.1419938824524498
2025-12-01 17:00:00+00:00,-0.026913557903404512,0.1485501412782358,0.043671314674115114,0.0020958512190255227,0.2008873729872515,0.1035659109438953,-0.07249623872587828,-0.04780406536446057,0.07235006254538506,0.07502796033938182
2025-12-01 18:00:00+00:00,-0.059223849271314265,0.10414284379630372,0.043671314674115114,0.0020958512190255227,0.16048882463393194,0.07574860983343469,-0.04681223134913433,-0.023193180352136522,0.07235006254538506,-0.009263032267317357
2025-12-01 19:00:00+00:00,-0.059223849271314265,0.08006407690254404,0.043671314674115114,0.0020958512190255227,0.2047943140951253,0.0605472825293804,-0.04681223134913433,-0.023193180352136522,0.017828739558016882,-0.03069139602965154
2025-12-01 20:00:00+00:00,-0.059223849271314265,0.05707791699253848,0.043671314674115114,0.0020958512190255227,0.14010529366766944,0.04586022239257889,-0.04681223134913433,-0.023193180352136522,0.017828739558016882,-0.03069139602965154
2025-12-01 21:00:00+00:00,-0.025932712084388018,0.03502632341691747,0.08957593795935964,0.0020958512190255227,-0.006084778066549607,0.01795672928121103,-0.04681223134913433,-0.023193180352136522,0.07235006254538505,-0.020257242913888494
2025-12-01 22:00:00+00:00,-0.006673937804275025,0.013776854376789912,0.12813416501640598,0.0020958512190255227,0.020665281565184726,0.0316358129197604,-0.04681223134913433,-0.009314966542982054,0.12928647386617373,-0.04169404256919233
2025-12-01 23:00:00+00:00,-0.006673937804275025,0.013776854376789912,0.08957593795935964,0.014430489992389106,-0.005856659754929648,0.0316358129197604,-0.03157363284234208,0.004538497410188765,0.07235006254538505,-0.053308598360432176
2025-12-02 00:00:00+00:00,-0.050701288564272654,-0.024917940523189668,0.047256952800785866,-0.03204590552522685,-0.05348906402344887,-0.027220959190304643,-0.07072852963178076,-0.0517178179338414,0.05725382678759744,-0.08611654181256681
2025-12-02 01:00:00+00:00,-0.050701288564272654,-0.024917940523189668,0.047256952800785866,-0.03556947946159855,-0.06544856881267783,-0.03106093385644218,-0.06567497756185418,-0.0473431822274919,0.05725382678759744,-0.08611654181256681
2025-12-02 02:00:00+00:00,-0.050701288564272654,-0.024917940523189668,0.047256952800785866,-0.043623345200083145,-0.08141413231572253,-0.0351566911319336,-0.06567497756185418,-0.043567401690333414,0.05725382678759744,-0.09019337351890738
2025-12-02 03:00:00+00:00,-0.08542096484260454,-0.056384395294239296,0.003765390125028951,-0.08226220092945233,-0.11458562705816486,-0.07615878153183492,-0.10227982420492752,-0.07376746500725473,0.041057385867312446,-0.1229273887428181
2025-12-02 04:00:00+00:00,-0.07609944498426827,-0.0460183478237133,-0.02154485370169399,-0.08226220092945233,-0.10961488158839085,-0.06125805142627154,-0.10227982420492752,-0.07376746500725473,0.0818459828899313,-0.1229273887428181
2025-12-02 05:00:00+00:00,-0.07609944498426827,-0.03431532099103133,-0.0448491894142884,-0.08850594089881998,-0.12428904274455337,-0.04366298813401335,-0.10227982420492752,-0.07376746500725473,0.0818459828899313,-0.1229273887428181
2025-12-02 06:00:00+00:00,-0.07609944498426827,-0.02174269856693381,-0.06669631606402672,-0.0804612779083294,-0.1301831143546698,-0.022777421938261586,-0.10227982420492752,-0.06545264063787962,0.0818459828899313,-0.11811758589320749
2025-12-02 07:00:00+00:00,-0.028144075948636455,0.024626066455056907,-0.011110145418595547,-0.045682736043284614,-0.15579073702162452,0.02189571410420644,-0.05492242513209879,-0.016892476059743245,0.060139988399165206,-0.057239586962891574
2025-12-02 08:00:00+00:00,0.004858033644264514,0.055867386910830055,-0.013311745273008211,-0.0015061197487122669,-0.17759272595112668,0.07724905186575298,-0.00471802322722395,0.030663954317084307,0.02771547373396702,-0.023923538511364244
2025-12-02 09:00:00+00:00,0.0330073697180641,0.08251842429499401,0.029729078259407966,0.020555003334491777,-0.2066194071569414,0.1222026110311871,0.03692350853969826,0.05687314117358805,3.1317194675547546e-13,0.004517057664978503
2025-12-02 10:00:00+00:00,0.03457656019828276,0.1055257940759856,0.025418480997614904,0.02547803209306544,-0.23963312410639,0.1452670760976245,0.058201591353677945,0.06675480496060006,-0.023968382588863302,-0.008860833569450537
2025-12-02 11:00:00+00:00,0.036327993716924946,0.13756901411604286,0.018691588785148552,0.032296399333030315,-0.2716869577645515,0.1769959226106279,0.08830357387122939,0.08020914653613193,-0.05829640373290983,-0.028265819689691718
2025-12-02 12:00:00+00:00,0.0,0.13756901411604286,0.018691588785148552,0.032296399333030315,-0.2716869577645515,0.20171839772313466,0.08830357387122939,0.08020914653613193,-0.05829640373290983,-0.008457182549669463
2025-12-02 13:00:00+00:00,-0.03320250558323372,0.14716229360985092,0.042739384587953407,0.012900154627345912,-0.2939432691009354,0.3153949566324434,0.0980036632439205,0.08365741367983,-0.02806274830092623,-0.010654996649926925
2025-12-02 14:00:00+00:00,-0.06369901143310913,0.15634719199417701,0.06517736079527912,0.004590006043951513,-0.26604765098289523,0.38746595996276534,0.107199540338611,0.11316177752618019,0.0,0.013942535746907117
2025-12-02 15:00:00+00:00,-0.09197332130522114,0.16518367538282938,0.08626762686950754,-0.0026287477951583518,-0.2870137117563342,0.4296068011625374,0.11596924962811647,0.1232106387000579,0.02624940913860295,0.05331280198530389
2025-12-02 16:00:00+00:00,-0.05165599688455419,0.16518367538282938,0.08626762686950754,0.022857675276247484,-0.2870137117563342,0.372283233549063,0.11596924962811647,0.1232106387000579,0.02624940913860295,0.03181197036238487
2025-12-02 17:00:00+00:00,-0.05165599688455419,0.16518367538282938,0.08626762686950754,0.022857675276247484,-0.2716098399484415,0.3181961686440108,0.11596924962811647,0.1232106387000579,0.02624940913860295,0.010580143940224593
2025-12-02 18:00:00+00:00,-0.15376360240171905,0.16518367538282938,0.08626762686950754,0.022857675276247484,-0.3169572356060723,0.2668583515662669,0.11596924962811647,0.1232106387000579,0.02624940913860295,0.010580143940224593
2025-12-02 19:00:00+00:00,-0.21121326568611773,0.16518367538282938,0.03815205108202798,0.022857675276247484,-0.2969926637977107,0.23361974133360616,0.133550074394897,0.13923643270922081,0.09936871172718496,0.010580143940224593
2025-12-02 20:00:00+00:00,-0.265619117789228,0.13717966423796008,0.08180244026118746,0.022857675276247484,-0.30762719744650036,0.20185446428023804,0.15167732667640987,0.15573822864604803,0.09936871172718496,0.010580143940224593
2025-12-02 21:00:00+00:00,-0.29482046864408046,0.11060600578305532,0.03815205108202798,0.022857675276247484,-0.3062359526109148,0.1869456361738504,0.17040441136314322,0.17275875115433634,0.09936871172718496,0.010580143940224593
2025-12-02 22:00:00+00:00,-0.3082463067501452,0.08527195265732879,-0.004041633088360858,0.022857675276247484,-0.4134966019699792,0.14562772960001524,0.18834791323163294,0.17275875115433634,0.15543219187771207,0.010580143940224593
2025-12-02 23:00:00+00:00,-0.3082463067501452,0.06280485168512567,-0.004041633088360858,0.022857675276247484,-0.42644352153416293,0.13474919518702136,0.17435252761132453,0.17275875115433634,0.2283532526004317,-0.016529717276122066
2025-12-03 00:00:00+00:00,-0.32156470426913303,0.046940381404014055,-0.004041633088360858,0.022857675276247484,-0.42644352153416293,0.13152372027106635,0.1764120868612748,0.17275875115433634,0.2283532526004317,-0.023007944363438344
2025-12-03 01:00:00+00:00,-0.33567829055042236,0.046940381404014055,0.014010293314249198,0.022857675276247484,-0.43322075806831006,0.12824931198332906,0.1764120868612748,0.17275875115433634,0.238493047021719,-0.029761455637599674
2025-12-03 02:00:00+00:00,-0.33567829055042236,0.046940381404014055,0.014010293314249198,0.022857675276247484,-0.44117968366909943,0.12492198923495058,0.1764120868612748,0.17448753636724945,0.22835325260043174,-0.029761455637599674
2025-12-03 03:00:00+00:00,-0.33567829055042236,0.046940381404014055,0.014010293314249198,0.022857675276247484,-0.44117968366909943,0.13024450472176913,0.1764120868612748,0.17448753636724945,0.22835325260043174,-0.02871431381151059
2025-12-03 04:00:00+00:00,-0.33567829055042236,0.046940381404014055,0.014010293314249198,0.022857675276247484,-0.43936106712244016,0.13024450472176913,0.1764120868612748,0.17448753636724945,0.22835325260043174,-0.027641400184736417
2025-12-03 05:00:00+00:00,-0.33567829055042236,0.046940381404014055,0.01923760036081561,0.025331537644481122,-0.4441456212121217,0.13024450472176913,0.1764120868612748,0.17448753636724945,0.22835325260043174,-0.026539881296707424
2025-12-03 06:00:00+00:00,-0.3328730452755281,0.04974066393993216,0.02486154621930444,0.025331537644481122,-0.4432689440541661,0.13183683619530528,0.17961546062588585,0.17448753636724945,0.22835325260043174,-0.026539881296707424
2025-12-03 07:00:00+00:00,-0.3328730452755281,0.04974066393993216,-0.004041633088360859,0.03609906626600756,-0.4335544908643622,0.15819515601432296,0.17961546062588585,0.16704553651528975,0.2651490332031558,-0.026539881296707424
2025-12-03 08:00:00+00:00,-0.3328730452755281,0.0657150267574866,0.02486154621930444,0.03609906626600756,-0.4239019908293125,0.17420462220165087,0.17108530809096315,0.1594645155608605,0.3013232835255702,-0.026539881296707424
2025-12-03 09:00:00+00:00,-0.3328730452755281,0.08112508766639379,0.02486154621930444,0.03609906626600756,-0.42064987570585666,0.1897648540674881,0.1623813951973741,0.1594645155608605,0.3013232835255702,-0.026539881296707424
2025-12-03 10:00:00+00:00,-0.3328730452755281,0.09604789566658313,0.07695878034139905,0.03609906626600756,-0.41846936237344257,0.19903926227199575,0.1522376550730929,0.1594645155608605,0.3013232835255702,-0.00604776477540372
2025-12-03 11:00:00+00:00,-0.3328730452755281,0.12388152886238882,0.16587469206363173,0.03609906626600756,-0.38934860650163733,0.21626657763437668,0.1322921399812086,0.1594645155608605,0.3013232835255702,0.031866815698357226
2025-12-03 12:00:00+00:00,-0.3328730452755281,0.1509341025470791,0.24786581790649176,0.03609906626600756,-0.36480791945546537,0.2493693868167671,0.11201740843611131,0.1594645155608605,0.3013232835255702,0.05053688003445718
2025-12-03 13:00:00+00:00,-0.33982907624545855,0.17695691743193995,0.2814105882725806,0.05435894193050703,-0.40319801514171194,0.23580353217270286,0.07650174234702128,0.1564403448056403,0.28507630372046006,0.058820179218582645
2025-12-03 14:00:00+00:00,-0.33982907624545855,0.2173830028507317,0.33594645605304196,0.08394368335242257,-0.40319801514171194,0.23580353217270286,0.043831760185104936,0.12974982402692475,0.28507630372046006,0.058820179218582645
2025-12-03 15:00:00+00:00,-0.33982907624545855,0.256925853668168,0.38802034101647903,0.11279877319210843,-0.3854293440677413,0.25921336627739283,0.010434230338977087,0.10260516947534877,0.28507630372046006,0.058820179218582645
2025-12-03 16:00:00+00:00,-0.33982907624545855,0.2185602778211852,0.3274115128966097,0.08641274847250474,-0.3854293440677413,0.25921336627739283,0.03961315184823488,0.12788242047363751,0.28507630372046006,0.03445843938037417
2025-12-03 17:00:00+00:00,-0.33982907624545855,0.18120823457037805,0.27028123880866844,0.08641274847250474,-0.3854293440677413,0.23449468582692198,0.03961315184823488,0.15372669371052888,0.28507630372046006,0.03445843938037417
2025-12-03 18:00:00+00:00,-0.2768396800368759,0.1651004261700721,0.24572008777980728,0.10994811331601721,-0.36169360945780626,0.23699050254524895,0.061126053774847706,0.17762234517005254,0.32006627407132043,0.05612594426842666
2025-12-03 19:00:00+00:00,-0.26790868044629984,0.14056654195615492,0.24572008777980728,0.10994811331601721,-0.372140353340687,0.22023504280207615,0.061126053774847706,0.17762234517005254,0.32006627407132043,0.05612594426842666
2025-12-03 20:00:00+00:00,-0.26790868044629984,0.14056654195615492,0.1784233559063783,0.10994811331601721,-0.359739751047651,0.20387873121727476,0.040781808555900086,0.17762234517005254,0.32006627407132043,0.05612594426842666
2025-12-03 21:00:00+00:00,-0.26790868044629984,0.14056654195615492,0.1784233559063783,0.10994811331601721,-0.3567554876679567,0.17307345709124158,0.021290666227745083,0.17762234517005254,0.32006627407132043,0.05612594426842666
2025-12-03 22:00:00+00:00,-0.26790868044629984,0.14056654195615492,0.1474800174966391,0.09335572124108686,-0.3445556682572536,0.17307345709124158,0.021290666227745083,0.16056271791563956,0.27882181825664865,0.039808877602470066
2025-12-03 23:00:00+00:00,-0.28843194556022544,0.14056654195615492,0.1474800174966391,0.09335572124108686,-0.21136624101075638,0.18269329354633912,0.03941442981601426,0.17207460587253046,0.27882181825664865,0.039808877602470066
2025-12-04 00:00:00+00:00,-0.28843194556022544,0.14056654195615492,0.12455781109172437,0.09335572124108686,-0.19055505236266124,0.1800391620536902,0.0322706193802153,0.17207460587253046,0.2822259263978638,0.039808877602470066
2025-12-04 01:00:00+00:00,-0.28843194556022544,0.1363330191417129,0.09179781406685525,0.09795191915635607,-0.18289035355421132,0.17738544627833341,0.0322706193802153,0.17207460587253046,0.2822259263978638,0.039808877602470066
2025-12-04 02:00:00+00:00,-0.33049934376586115,0.091945337969862,0.059767122844735884,0.06087107255391837,-0.19984515026672528,0.14523733137187173,-0.0034411635632952443,0.13446920316777103,0.27228281443103436,0.0
2025-12-04 03:00:00+00:00,-0.33049934376586115,0.091945337969862,0.07602935246982034,0.06087107255391837,-0.1967089048858827,0.15399474511123185,-0.0034411635632952443,0.13446920316777103,0.27228281443103436,0.0
2025-12-04 04:00:00+00:00,-0.33049934376586115,0.091945337969862,0.10003325758099069,0.06087107255391837,-0.19399517662839388,0.16396096636660096,-0.0034411635632952443,0.13446920316777103,0.27228281443103436,0.0
2025-12-04 05:00:00+00:00,-0.33049934376586115,0.09640821594957288,0.11259433727763864,0.06322663105677102,-0.19298234370611328,0.1689600552588054,-0.0034411635632952443,0.13446920316777103,0.27228281443103436,0.0
2025-12-04 06:00:00+00:00,-0.33049934376586115,0.09640821594957288,0.12828749062470435,0.06322663105677102,-0.19298234370611328,0.16809617115335623,-0.0017161673854382668,0.13434951630393752,0.27228281443103436,0.0
2025-12-04 07:00:00+00:00,-0.3436519316625405,0.1122629967632047,0.18960514247090668,0.053287575447858115,-0.19298234370611328,0.16809617115335623,-0.0017161673854382668,0.13434951630393752,0.27228281443103436,-0.010589397118297724
2025-12-04 08:00:00+00:00,-0.3436519316625405,0.1122629967632047,0.18960514247090668,0.04313761368114706,-0.1360762028825893,0.16809617115335623,-0.0017161673854382668,0.13434951630393752,0.23402293537155888,0.0
2025-12-04 09:00:00+00:00,-0.3436519316625405,0.1122629967632047,0.18960514247090668,0.03253738135922171,-0.12918486200938958,0.15917704399289268,-0.0017161673854382668,0.13434951630393752,0.23402293537155888,0.0
2025-12-04 10:00:00+00:00,-0.3436519316625405,0.1122629967632047,0.14413344109245793,0.021676501968787346,-0.10065660469651469,0.15917704399289268,-0.0017161673854382668,0.13434951630393752,0.23402293537155888,0.010424657016768457
2025-12-04 11:00:00+00:00,-0.3436519316625405,0.1122629967632047,0.05598925109543306,0.0015476761211525333,-0.11433392771969382,0.15917704399289268,-0.0017161673854382668,0.13434951630393752,0.31027576528187634,0.029659099947606148
2025-12-04 12:00:00+00:00,-0.3436519316625405,0.1122629967632047,-0.035923841713515155,0.0015476761211525333,-0.15681840110541043,0.15917704399289268,-0.0017161673854382668,0.13434951630393752,0.31027576528187634,0.029659099947606148
2025-12-04 13:00:00+00:00,-0.3436519316625405,0.1122629967632047,-0.13380773252626166,0.0015476761211525333,-0.08779624413514828,0.15917704399289268,-0.0017161673854382668,0.13434951630393752,0.31027576528187634,0.0104896256457593
2025-12-04 14:00:00+00:00,-0.3436519316625405,0.1122629967632047,-0.28727954926549887,0.0015476761211525333,-0.08779624413514828,0.15917704399289268,-0.0017161673854382668,0.13434951630393752,0.31027576528187634,0.0104896256457593
2025-12-04 15:00:00+00:00,-0.3436519316625405,0.1122629967632047,-0.4595725150088511,0.0015476761211525333,-0.08779624413514828,0.15917704399289268,-0.0017161673854382668,0.13434951630393752,0.1950191128096324,0.0104896256457593
2025-12-04 16:00:00+00:00,-0.34365193166254054,0.1122629967632047,-0.44951146268852843,0.02823328822499728,-0.051461401672171156,0.15917704399289268,-0.0017161673854382668,0.13434951630393752,0.1950191128096324,0.03635963001362099
2025-12-04 17:00:00+00:00,-0.3137137064152968,0.1122629967632047,-0.5252257314388902,0.02823328822499728,0.07430437711773334,0.18726881069192805,-0.0017161673854382668,0.13434951630393752,0.3157564129113486,0.03635963001362099
2025-12-04 18:00:00+00:00,-0.3137137064152968,0.1122629967632047,-0.5450826142275724,0.02823328822499728,0.08636115894146998,0.2066904940701002,-0.0017161673854382668,0.1530174474055235,0.3157564129113486,0.03635963001362099
2025-12-04 19:00:00+00:00,-0.3137137064152968,0.1122629967632047,-0.5744656437613305,0.02823328822499728,0.10995648146031199,0.2066904940701002,-0.020220941270461056,0.1721763423032609,0.2340229353715589,0.03635963001362099
2025-12-04 20:00:00+00:00,-0.3089893322429888,0.1122629967632047,-0.6087558957415795,0.02823328822499728,0.14942127637410316,0.2066904940701002,-0.03780379847062611,0.19187061538167954,0.2340229353715589,0.03635963001362099
2025-12-04 21:00:00+00:00,-0.3089893322429888,0.08398387664337838,-0.6678931904046506,0.02823328822499728,0.3114416048957907,0.2066904940701002,-0.07019366892888462,0.2121497132051281,0.2340229353715589,0.03635963001362099
2025-12-04 22:00:00+00:00,-0.29199685518655755,0.08398387664337838,-0.7230558535584373,0.06235039241352283,0.2296772022713973,0.18853024831963883,-0.08670600787501404,0.24899288642919482,0.2340229353715589,0.053634823708409544
2025-12-04 23:00:00+00:00,-0.2441539511679373,0.08398387664337838,-0.8031960882717966,0.07748111795383669,0.2296772022713973,0.13493994358186093,-0.08670600787501404,0.23849686507121096,0.2340229353715589,0.06950448732294338
2025-12-05 00:00:00+00:00,-0.22906993049909125,0.08398387664337838,-0.8291490112403347,0.07748111795383669,0.23107900592806402,0.13493994358186093,-0.07698799524865951,0.23849686507121096,0.22272781862476784,0.07510565102479001
2025-12-05 01:00:00+00:00,-0.21490059564806896,0.08398387664337838,-0.8584202877112678,0.07170295127549896,0.22678655071275391,0.13493994358186093,-0.07698799524865951,0.23849686507121096,0.2133729533970544,0.08049833219230472
2025-12-05 02:00:00+00:00,-0.18021542135620833,0.12546981821549003,-0.8679273318399461,0.10810042345829167,0.25310525862394423,0.1727795613867574,-0.03721175305293889,0.2735214453015859,0.23435604829279852,0.11095647477449613
2025-12-05 03:00:00+00:00,-0.17871076088200227,0.12546981821549003,-0.86804337833967,0.10324117467768978,0.2569385625440004,0.16537928497332757,-0.0381689852269759,0.2735214453015859,0.23435604829279852,0.11095647477449613
2025-12-05 04:00:00+00:00,-0.17739367199896522,0.12546981821549003,-0.8717204624395851,0.10324117467768978,0.2569385625440004,0.15860260124225942,-0.03911228938162375,0.2735214453015859,0.23435604829279852,0.11095647477449613
2025-12-05 05:00:00+00:00,-0.17739367199896522,0.11313538727853402,-0.8792845197164413,0.09631348081416338,0.25310525862394423,0.15860260124225942,-0.04004273505480986,0.2673787772425805,0.23435604829279852,0.11095647477449613
2025-12-05 06:00:00+00:00,-0.18496723389312392,0.11323951592050328,-0.8739061621176508,0.06910621499088455,0.23779469676226525,0.1326599506318092,-0.04324108783111364,0.2692363123612974,0.2199024042111666,0.07947717035696987
2025-12-05 07:00:00+00:00,-0.18496723389312392,0.11323951592050328,-0.8548380179424386,0.059296296442097184,0.23779469676226525,0.1326599506318092,-0.04324108783111364,0.2618686527069329,0.17614708551003486,0.03843413588697912
2025-12-05 08:00:00+00:00,-0.1977048166100971,0.11323951592050328,-0.8394792046293733,0.04934058522562589,0.2183234387449945,0.1326599506318092,-0.04324108783111364,0.254419579269609,0.17614708551003486,0.009791359021978195
2025-12-05 09:00:00+00:00,-0.21064566169716206,0.11323951592050328,-0.8434173320675608,0.038973020521625906,0.23680611854894054,0.1326599506318092,-0.05339607154261814,0.24687934882779392,0.17614708551003486,-0.009874475090974387
2025-12-05 10:00:00+00:00,-0.21064566169716206,0.11323951592050328,-0.8515568088482037,0.028378034356084582,0.19896337050920304,0.12075620922374014,-0.06335885566627285,0.2257799965873615,0.17614708551003486,-0.0397385851786557
2025-12-05 11:00:00+00:00,-0.21064566169716206,0.11323951592050328,-0.8355494600405462,0.00893189492441673,0.1256008068976859,0.0990422698614312,-0.081846156057656,0.18409887325087287,0.08432399730979082,-0.09588497592051597
2025-12-05 12:00:00+00:00,-0.21064566169716206,0.11323951592050328,-0.7939020661106058,-0.029788698566100492,0.09846082252390506,0.05638047901842805,-0.10044120878629649,0.14165243566054495,-0.01620509308880462,-0.15333296457303602
2025-12-05 13:00:00+00:00,-0.21064566169716206,0.11323951592050328,-0.7572678593044382,-0.06951210522704672,0.031780802261265444,-0.008471984693052702,-0.11915864618837528,0.09821418085411493,-0.01620509308880462,-0.21254486329498698
2025-12-05 14:00:00+00:00,-0.21064566169716206,0.11323951592050328,-0.669932750690999,-0.13075739534739894,0.011786729882419637,-0.10779430353015934,-0.14655052457268217,0.03211419654229318,-0.01620509308880462,-0.3354678546439971
2025-12-05 15:00:00+00:00,-0.21064566169716206,0.11323951592050328,-0.5790141989930664,-0.19623584496984708,-0.07069992752693752,-0.21332297616680587,-0.17415142068300016,-0.036378070197255225,0.1303189049333131,-0.4703224989421038
2025-12-05 16:00:00+00:00,-0.21064566169716206,0.11323951592050328,-0.48127769713387814,-0.17125411091246395,-0.0886864375106188,-0.15451557590972984,-0.15041420939910163,0.02602392326409827,0.27548658250967856,-0.399896926627826
2025-12-05 17:00:00+00:00,-0.21064566169716206,0.11323951592050328,-0.37253752091501774,-0.1203021826397766,-0.19883771559494132,-0.0942029470467608,-0.1031287407437658,0.0914320546209063,0.27548658250967856,-0.3068363578675559
2025-12-05 18:00:00+00:00,-0.19305636749684804,0.11323951592050328,-0.31089327981542203,-0.08665403019103465,-0.17739627135288175,-0.07491057036419214,-0.0722703645244362,0.13705796663171746,0.27548658250967856,-0.26739799642884576
2025-12-05 19:00:00+00:00,-0.12807657636843126,0.11323951592050328,-0.23990643490889083,-0.050116921187831856,-0.2170716852691448,-0.0351155512049391,-0.024458885300477812,0.18581498578367464,0.3915412686668964,-0.22425849476486878
2025-12-05 20:00:00+00:00,-0.03090906901373532,0.11323951592050328,-0.08432399730961508,-0.009810014646469812,-0.24886773880740815,-0.01404634511742642,0.04598178496783522,0.23849581149530263,0.3915412686668964,-0.17548754023320481
2025-12-05 21:00:00+00:00,0.12136712727522869,0.14027562664802923,0.15201724802640593,0.035574430253143545,-0.23604607284154733,0.008274004807463627,0.15691999915424124,0.29616488779198197,0.3915412686668964,-0.11731487822990373
2025-12-05 22:00:00+00:00,0.15924868620356403,0.14027562664802923,0.22362219925824953,0.012513367767216685,-0.18945930085554874,0.03165423544121295,0.18206663424070227,0.29616488779198197,0.3915412686668964,-0.09457076493495038
2025-12-05 23:00:00+00:00,0.12793959693409243,0.11643749558983019,0.2625567538567524,-0.01080639758672571,-0.23234694185591093,0.07467558429166316,0.19987820658061234,0.296164887791982,0.41887273460281116,-0.03311577989677993
2025-12-06 00:00:00+00:00,0.16655288352934372,0.11222705928607903,0.27886590510953124,0.018605882874740746,-0.3154632007249073,0.12346419774967103,0.2429998898372707,0.3353052045111,0.4136479440361487,0.004385922726934714
2025-12-06 01:00:00+00:00,0.16655288352934372,0.09660225938569963,0.30482119103420036,0.018605882874740746,-0.23650126371724778,0.12346419774967103,0.24337021848669593,0.3353052045111,0.4136479440361487,0.004385922726934714
2025-12-06 02:00:00+00:00,0.16655288352934372,0.07929418899367766,0.30482119103420036,0.018605882874740746,-0.2684962102875466,0.12947305556090635,0.24404711552749794,0.3353052045111,0.4111108171416147,0.015735351001096923
2025-12-06 03:00:00+00:00,0.16655288352934372,0.09598786058892433,0.30482119103420036,0.022109613484266953,-0.2671677792110367,0.12947305556090635,0.23509624654624525,0.31057288357870255,0.37674255125968936,0.012312125332295856
2025-12-06 04:00:00+00:00,0.16655288352934372,0.11972498980257572,0.2969083193112831,0.022109613484266953,-0.2684962102875466,0.12947305556090635,0.22687989568135278,0.28999730169120674,0.37674255125968936,0.009110553725424617
2025-12-06 05:00:00+00:00,0.15557782074528198,0.15912147332421583,0.2969083193112831,0.028803047573573604,-0.2685335622739667,0.12436120994798021,0.21929780303661017,0.27249735709161443,0.37674255125968936,0.006096653406307848
2025-12-06 06:00:00+00:00,0.15994261524887732,0.15724514468286002,0.2819629507400846,0.05923009385460913,-0.25570253908769497,0.1380526302173036,0.2092361691194246,0.2535368863374125,0.3816913483764076,0.01963470205915534
2025-12-06 07:00:00+00:00,0.14259927909043224,0.1365043125679174,0.2669084216372557,0.04213082003292156,-0.259126823131466,0.1043176260050346,0.18118086079126855,0.22538933382695125,0.3798158707878655,0.036346676386617024
2025-12-06 08:00:00+00:00,0.14259927909043224,0.1365043125679174,0.2669084216372557,0.0725179160515099,-0.24782536664597551,0.1043176260050346,0.17210964044737542,0.2042306280764998,0.4099870721719594,0.051848199485735526
2025-12-06 09:00:00+00:00,0.14259927909043224,0.1365043125679174,0.2669084216372557,0.11449506250676321,-0.28824079007142284,0.11554482892853768,0.17210964044737542,0.18179299417782976,0.4099870721719594,0.06655266576762742
2025-12-06 10:00:00+00:00,0.12045076303961307,0.1365043125679174,0.2669084216372557,0.15755981762894897,-0.26501775124062066,0.14029069495550597,0.17210964044737542,0.14869094885441006,0.4099870721719594,0.09506347606269637
2025-12-06 11:00:00+00:00,0.08212442017420492,0.12228123584955765,0.29147170053434374,0.21676107732100952,-0.2175500410006062,0.16828126476466607,0.1499213706846661,0.10003721084213019,0.42415362641702464,0.11883448297457047
2025-12-06 12:00:00+00:00,0.038404768632041154,0.12228123584955765,0.20689059320026904,0.29584752947794996,-0.2175500410006062,0.21397254926095227,0.12640861658588237,0.036765777429903265,0.42415362641702464,0.1691219757330114
2025-12-06 13:00:00+00:00,-0.006495458217762556,0.12228123584955765,0.12247142539165719,0.34478203735441115,-0.1842809792708292,0.2586590577918969,0.10260040362179708,-0.027943573693489807,0.3551671336362137,0.21703522837351968
2025-12-06 14:00:00+00:00,-0.07726383664883245,0.10902447845936163,0.014485993785313022,0.3735228531147565,-0.22787474051714168,0.3173492812669769,0.06538442134153749,-0.12185642194416166,0.2552607117829145,0.27076957971768906
2025-12-06 15:00:00+00:00,-0.15886893514885228,0.09488588531807692,-0.10925129213903413,0.40651078250610645,-0.16434717429165072,0.3829935679707914,0.023445192784891915,-0.23067019717644835,0.0243937979932021,0.33021476428094915
2025-12-06 16:00:00+00:00,-0.1043469404643977,0.09488588531807692,-0.0034848282845913415,0.37099219768380387,-0.16434717429165072,0.32396670852170306,0.05421624925740385,-0.1528699614892985,0.0243937979932021,0.26488109804196963
2025-12-06 17:00:00+00:00,-0.04764048525937381,0.09488588531807692,0.10732645480250928,0.33639118776899624,-0.16434717429165072,0.26636472102059583,0.08559065724301919,-0.07162996512347801,0.0243937979932021,0.20231957345683765
2025-12-06 18:00:00+00:00,-0.011722596392700695,0.09488588531807692,0.1811673823824028,0.3144542456946144,-0.19970138094580095,0.24774330729975658,0.08559065724301919,-0.019902030701884888,0.09689358757383068,0.18236043188223752
2025-12-06 19:00:00+00:00,-0.011722596392700695,0.09488588531807692,0.2619106701636702,0.2930649098120691,-0.18962106338862775,0.21003094991347762,0.06546312757536123,0.03540146476563502,0.09689358757383068,0.16293781601662838
2025-12-06 20:00:00+00:00,-0.011722596392700695,0.09488588531807692,0.2619106701636702,0.27217631493365607,-0.10749198925345567,0.1911897612429367,0.046088781450070414,0.09552036205926737,0.09689358757383068,0.1440056122781719
2025-12-06 21:00:00+00:00,-0.011722596392700695,0.04710166169411195,0.2619106701636702,0.27217631493365607,-0.219803440693173,0.1728869775054819,0.027389698376232605,0.16223508360781758,0.0243937979932021,0.12552222774061672
2025-12-06 22:00:00+00:00,-0.011722596392700695,0.0042729970623317974,0.3089830763838826,0.25390982512970167,-0.23001298074966303,0.13859264778292496,0.027389698376232605,0.2382471127958588,0.0243937979932021,0.12552222774061672
2025-12-06 23:00:00+00:00,0.025197158218924393,0.0042729970623317974,0.3089830763838826,0.22764603820315904,-0.18173541353201977,0.09566606368058925,0.009528097051586623,0.26235808967714364,-0.051097613030761324,0.1107078192350315
2025-12-07 00:00:00+00:00,0.025197158218924393,0.0042729970623317974,0.3525741574921325,0.22764603820315904,-0.13089978058375015,0.06637774643607579,0.026739833744041396,0.27886667029796497,0.08648045372452585,0.1107078192350315
2025-12-07 01:00:00+00:00,0.025197158218924393,0.0042729970623317974,0.35604195926677046,0.2253192944472611,-0.19790020429908356,0.06164394889713572,0.03219793644075307,0.27886667029796497,0.08648045372452585,0.1107078192350315
2025-12-07 02:00:00+00:00,0.025197158218924393,0.0042729970623317974,0.3958004085981525,0.22394516300067022,-0.20648808491025683,0.05670067892181144,0.03738049453894915,0.27886667029796497,0.08648045372452585,0.1107078192350315
2025-12-07 03:00:00+00:00,0.025197158218924393,0.0042729970623317974,0.40075525274528717,0.2650233072385334,-0.20752159221790298,0.07045758291889084,0.03216584949108046,0.27886667029796497,0.08648045372452585,0.1107078192350315
2025-12-07 04:00:00+00:00,0.025197158218924393,0.0042729970623317974,0.40075525274528717,0.32127563847040513,-0.20751872506720154,0.0864804537245218,0.027243222470779857,0.27886667029796497,0.08648045372452585,0.1107078192350315
2025-12-07 05:00:00+00:00,0.025197158218924393,0.0042729970623317974,0.40993440896634026,0.3386292384674462,-0.20241839041596024,0.12844360598572158,0.027243222470779857,0.27886667029796497,0.08648045372452585,0.1107078192350315
2025-12-07 06:00:00+00:00,0.025197158218924393,0.026684858103861796,0.42549195192476796,0.3386292384674462,-0.18782288667137892,0.13275549287214963,0.031156208320878145,0.25327962775141105,0.08648045372452585,0.12423626623908667
2025-12-07 07:00:00+00:00,0.025197158218924393,0.0470029676899989,0.4516433584559803,0.3386292384674462,-0.17887218309606123,0.13275549287214963,0.031156208320878145,0.25563385648055714,0.0745821218857699,0.1450132298567663
2025-12-07 08:00:00+00:00,-0.00798010645046914,0.08035773039806221,0.4351278719462993,0.32273305001748614,-0.17887218309606123,0.14959507357558124,0.017446235762999154,0.21700292451821993,0.015406510009619089,0.1450132298567663
2025-12-07 09:00:00+00:00,-0.00798010645046914,0.11172149030720571,0.3245134270207992,0.2830356618048661,-0.1491353267385336,0.1900156062612833,0.0033692768267812095,0.1732867251061129,-0.048064815734153325,0.1450132298567663
2025-12-07 10:00:00+00:00,-0.00798010645046914,0.1414917346143208,0.12325208007711153,0.23000940731366312,-0.17622126004729663,0.22069686885940631,-0.011035951883727546,0.1390771830087927,-0.048064815734153325,0.1450132298567663
2025-12-07 11:00:00+00:00,-0.00798010645046914,0.16997599101304317,-0.00665234259433865,0.17746060837151184,-0.17622126004729663,0.25035980172714944,-0.011035951883727546,0.10441497063985944,-0.048064815734153325,0.1450132298567663
2025-12-07 12:00:00+00:00,-0.00798010645046914,0.21955831666988418,-0.10246212446851759,0.08639612954009505,-0.15251666783122106,0.30333702283338704,-0.011035951883727546,0.04318536505930431,-0.048064815734153325,0.1450132298567663
2025-12-07 13:00:00+00:00,-0.00798010645046914,0.26737286820594514,-0.19790020429907815,0.04074401872595373,-0.1262093068544167,0.37517078157360695,-0.011035951883727546,-0.01973527614681687,-0.15025703672352447,0.1450132298567663
2025-12-07 14:00:00+00:00,-0.00798010645046914,0.3137425105920727,-0.29416545411984935,-0.006652342594524961,-0.1262093068544167,0.458530215550062,-0.011035951883727546,-0.08482396440281789,-0.24742280821676585,0.1450132298567663
2025-12-07 15:00:00+00:00,-0.00798010645046914,0.35893731332829265,-0.39248821305730086,-0.056113928925476585,-0.17753187935614873,0.5231053784355679,-0.011035951883727546,-0.1526481070831583,-0.15025703672352447,0.1450132298567663
2025-12-07 16:00:00+00:00,-0.00798010645046914,0.30024573834180757,-0.29249192158727716,-0.0034848282849163437,-0.12090907121197113,0.4308053519745998,-0.011035951883727546,-0.0839619458749053,-0.15025703672352447,0.1450132298567663
2025-12-07 17:00:00+00:00,-0.00798010645046914,0.24364959058064,-0.19118976124320214,0.05190626821598298,-0.06603285441933646,0.34366670771922775,-0.011035951883727546,-0.011977465236569977,-0.15025703672352447,0.1450132298567663
2025-12-07 18:00:00+00:00,-0.00798010645046914,0.208883829360658,-0.1289386465353392,0.08850366191463166,-0.014906705780688706,0.2905549173757342,0.005135503336470605,0.034578548913614254,-0.15025703672352447,0.1450132298567663
2025-12-07 19:00:00+00:00,-0.00798010645046914,0.17517718054325615,-0.06439587288150699,0.12767650049497709,0.021138958749366495,0.254890548422671,0.02173284566192153,0.034578548913614254,-0.15025703672352447,0.1450132298567663
2025-12-07 20:00:00+00:00,-0.00798010645046914,0.14236969602907232,0.003697293517850767,0.208369019387039,-0.0504782251342732,0.20210404293610224,0.03887945380269455,0.034578548913614254,-0.08015105054909316,0.1450132298567663
2025-12-07 21:00:00+00:00,-0.00798010645046914,0.14236969602907232,0.003697293517850767,0.208369019387039,0.09112199452377719,0.15274673100320255,0.05663340626925735,0.034578548913614254,0.05665866367101676,0.1450132298567663
2025-12-07 22:00:00+00:00,0.03090681938379927,0.14236969602907232,0.0682820575869536,0.30642203988734135,0.2095647564782538,0.137682341860854,0.09349443461992102,0.13027386297118748,0.12670699913501066,0.16475064989348082
2025-12-07 23:00:00+00:00,0.03090681938379927,0.14236969602907232,0.16265205876514174,0.3346479850069684,0.1964915317811378,0.1247860475160412,0.12669025863893432,0.1657643767274125,0.05665866367101676,0.16475064989348082
2025-12-08 00:00:00+00:00,-0.009436715554426676,0.10819287385581386,0.18015093964441642,0.2856023067619364,0.20243078141579302,0.07385698350152092,0.08487793640238525,0.11762058928058587,-0.055159734851472096,0.1272369414830826
2025-12-08 01:00:00+00:00,-0.009436715554426676,0.11376118710551905,0.19765122838632154,0.2889173489103902,0.20511919179990243,0.07385698350152092,0.08007717274922921,0.11762058928058587,-0.020141487362770077,0.13032261533647108
2025-12-08 02:00:00+00:00,-0.009436715554426676,0.1224150376723699,0.237479488858592,0.2940023746078881,0.21745706871722095,0.06968237830433702,0.07509069734352249,0.11762058928058587,0.013185698635555763,0.13032261533647108
2025-12-08 03:00:00+00:00,-0.009436715554426676,0.10137994803803778,0.20247217681688565,0.2508010242292854,0.19535651218976258,0.06968237830433702,0.08204615338201086,0.11762058928058587,0.033569145604616796,0.13032261533647108
2025-12-08 04:00:00+00:00,-0.009436715554426676,0.09296233835433017,0.18917648286743882,0.20641843719651812,0.18331453024728256,0.06968237830433702,0.08959418381268226,0.11762058928058587,0.033569145604616796,0.13032261533647108
2025-12-08 05:00:00+00:00,-0.009436715554426676,0.085152170510282,0.17653204412719153,0.1794070234328625,0.15651850425086233,0.06044460525482555,0.08959418381268226,0.11762058928058587,0.033569145604616796,0.13032261533647108
2025-12-08 06:00:00+00:00,-0.06337192797263204,0.06834794743380064,0.150482050134288,0.11773668734155764,0.09573363137127089,0.08353427127687046,0.09641677972938933,0.093756294884875,0.052981294282604514,0.09650834454929202
2025-12-08 07:00:00+00:00,-0.051819301180102015,0.06754423290327081,0.12914084280459032,0.07691704025127766,0.08067557309066348,0.11491265100388165,0.11900394856213489,0.09375189611991011,0.004280977253162938,0.10035717863109644
2025-12-08 08:00:00+00:00,-0.051819301180102015,0.05044518369990954,0.09757814960517468,0.019042847607582514,0.00316229798934079,0.13650300658776873,0.11900394856213489,0.09375189611991011,0.004280977253162938,0.10035717863109644
2025-12-08 09:00:00+00:00,-0.08516554572220224,0.03302337487166571,0.09757814960517468,-0.06368309048395547,-0.06834389747280424,0.13650300658776873,0.10447967841086096,0.09375189611991011,0.004280977253162938,0.10035717863109644
2025-12-08 10:00:00+00:00,-0.12450179565492296,0.020542966513405026,0.08591041256713286,-0.17512172434259562,-0.1336002029231711,0.1572697690690158,0.11350209460217311,0.09831887360794353,-0.08662243046492417,0.06837998343228685
2025-12-08 11:00:00+00:00,-0.16406949340202365,0.01522213997123121,0.06370406317483447,-0.29399940262051544,-0.2565749812494873,0.1824569417239891,0.1289578002720571,0.1057525290026968,-0.1856953381770618,0.003462633769351436
2025-12-08 12:00:00+00:00,-0.21340682431964822,-0.013219066125295912,0.06370406317483447,-0.4006057930207664,-0.2983895099242388,0.199390384807819,0.1289578002720571,0.1057525290026968,-0.2872795492653459,-0.01927713479744124
2025-12-08 13:00:00+00:00,-0.26358291449423,-0.04245007262198451,0.06370406317483447,-0.5114325545193853,-0.39616454450335536,0.2150840667054717,0.1289578002720571,0.1057525290026968,-0.1856953381770618,-0.01927713479744124
2025-12-08 14:00:00+00:00,-0.31104622141347044,-0.0625326001151341,0.08177875778259056,-0.6254367911349806,-0.4918340219207962,0.22717884154192952,0.13546697724433257,0.10870445164592878,-0.06197043776288134,0.0012715653687787086
2025-12-08 15:00:00+00:00,-0.3556896430568569,-0.08109548880564978,0.09885893412501072,-0.7750125728590589,-0.5769092301407137,0.252371916508535,0.14177385651957297,0.11163412358049363,-0.040070001511916115,0.02055481132781166
2025-12-08 16:00:00+00:00,-0.2961067955766779,-0.04400293597375868,0.09885893412501072,-0.6193546015906347,-0.46756717220889304,0.252371916508535,0.14177385651957297,0.11163412358049363,-0.040070001511916115,0.04996753165334469
2025-12-08 17:00:00+00:00,-0.23561918450813152,-0.0056031527815490175,0.09885893412501072,-0.4595155073205813,-0.33900838199571803,0.22810384882100032,0.14177385651957297,0.11163412358049363,-0.040070001511916115,0.0801923082691574
2025-12-08 18:00:00+00:00,-0.19628362801020768,0.020577086788591183,0.09885893412501072,-0.35938171851359124,-0.25541811968976563,0.21179254062647204,0.14177385651957297,0.061700492342394775,0.04356068418690553,0.0801923082691574
2025-12-08 19:00:00+00:00,-0.16372125626681136,0.04788670820727553,0.09885893412501072,-0.2484732272697541,-0.12637389615494438,0.19582275751206543,0.1650812124195862,0.061700492342394775,0.04356068418690553,0.0801923082691574
2025-12-08 20:00:00+00:00,-0.12739415409920501,0.07650250023069917,0.1541164532915348,-0.12467795326511219,0.010379760541383743,0.19582275751206543,0.18926219058323968,0.061700492342394775,-0.040070001511916115,0.0801923082691574
2025-12-08 21:00:00+00:00,-0.08555148540452896,0.10663806837475867,0.21181772318363332,0.10250848751317404,-0.10385821229309238,0.19582275751206543,0.21442125237207862,0.061700492342394775,0.037724659112090754,0.0801923082691574
2025-12-08 22:00:00+00:00,-0.032111297205315255,0.1385548676158871,0.2781472044179068,0.26054848510687534,0.08001223549372007,0.19582275751206543,0.23788485575349103,0.061700492342394775,0.037724659112090754,0.11920145110431084
2025-12-08 23:00:00+00:00,0.07196514162846725,0.18876296481003857,0.23920268474779982,0.30802055181680604,0.17135293875938296,0.18367090263538935,0.23788485575349103,0.0970062662882835,0.11031791703382665,0.13578615712364192
2025-12-09 00:00:00+00:00,0.08897917579427615,0.1933895236260443,0.23920268474779982,0.34116871557515366,0.19741431758218708,0.18367090263538935,0.2367772816611231,0.10740281066786624,0.1304357148250725,0.14090336985887922
2025-12-09 01:00:00+00:00,0.10436432637616971,0.19810038157030121,0.2408225797584417,0.39935906905189406,0.2179679940132629,0.18161597316619382,0.2385377073664359,0.1296077250357564,0.1304357148250725,0.13578615712364192
2025-12-09 02:00:00+00:00,0.11856321435238575,0.1999731304684125,0.2408225797584417,0.45291186099149455,0.2395918117996491,0.18161597316619382,0.24145119548554542,0.14962578952919442,0.1304357148250725,0.13578615712364192
2025-12-09 03:00:00+00:00,0.11131556851678934,0.1999731304684125,0.2408225797584417,0.4195824487076879,0.22884841443488174,0.18161597316619382,0.22708615622000147,0.14962578952919442,0.11621519542909323,0.13578615712364192
2025-12-09 04:00:00+00:00,0.10507232367948927,0.1925986898819069,0.2321607935587514,0.40496115485351875,0.22688021536868483,0.18161597316619382,0.21495619495789833,0.1447726382458641,0.10562904551385308,0.13578615712364192
2025-12-09 05:00:00+00:00,0.0996126179095283,0.18595112559432767,0.22454545205473522,0.38701589616016197,0.21392590761001085,0.1770698494576921,0.21021167108171276,0.1447726382458641,0.09740465098831856,0.13578615712364192
2025-12-09 06:00:00+00:00,0.07643401656354248,0.14081884199468428,0.22454545205473522,0.33788974312742054,0.20632814182168716,0.1770698494576921,0.19334777059586744,0.1447726382458641,0.06756738984814346,0.12258880378660318
2025-12-09 07:00:00+00:00,0.01678450636805895,0.11709029842682375,0.22454545205473522,0.28894889011805236,0.18901643515099528,0.1770698494576921,0.18669991964395874,0.1447726382458641,0.06756738984814346,0.07853915578715111
2025-12-09 08:00:00+00:00,-0.003151940486392144,0.1057751537064088,0.20473942846722873,0.24253562503628578,0.16834997273443678,0.1770698494576921,0.17995073406260556,0.1447726382458641,0.036187914707975485,0.04870232549409221
2025-12-09 09:00:00+00:00,-0.02450479936728364,0.0942656308720548,0.184516116369634,0.17227749438434542,0.144751658831948,0.1770698494576921,0.17995073406260556,0.1304077982129989,0.036187914707975485,0.017517471442177468
2025-12-09 10:00:00+00:00,-0.06567020229954576,0.04577778464084939,0.13320701269751417,0.07349088469532224,0.061994345014982806,0.16201364354274225,0.16308846068442662,0.09623341018910676,0.036187914707975485,-0.0033409519661815146
2025-12-09 11:00:00+00:00,-0.12521708095556205,-0.025020206763981007,0.08384129557587465,-0.03766039826622675,0.0520128238952857,0.1413647768248196,0.1340978248885733,0.053286495904882165,0.039976128053803704,-2.074597333471123e-13
2025-12-09 12:00:00+00:00,-0.17001051474956244,-0.07966107168892678,0.03572779083320836,-0.13170305485940612,-0.0306362253373109,0.1253037361415889,0.11567299376529264,0.01711173510213162,0.10449664510592846,-0.044478696862273646
2025-12-09 13:00:00+00:00,-0.21586226509657247,-0.13676888409683602,0.03572779083320836,-0.28830253962318636,-0.10148538186205773,0.1253037361415889,0.09694191388215002,-0.019338627501052648,0.10449664510592846,-0.06813290298720594
2025-12-09 14:00:00+00:00,-0.284074161479303,-0.22373683782459597,0.03572779083320836,-0.5844359339592615,-0.1858093695889969,0.1253037361415889,0.06843512914327496,-0.07346926281646965,0.10449664510592846,-0.06813290298720594
2025-12-09 15:00:00+00:00,-0.3544550020769709,-0.3162875613783106,0.03572779083320836,-0.7385252325744787,-0.1858093695889969,0.10179132934671117,0.03935595319468443,-0.12835198976639647,0.00799522561076074,-0.10382255314520068
2025-12-09 16:00:00+00:00,-0.2976163170234098,-0.2835721726067075,0.03572779083320836,-0.6558766169492931,-0.13829508294841897,0.10179132934671117,0.06754148851473928,-0.07893623374714716,0.00799522561076074,-0.07338995784696081
2025-12-09 17:00:00+00:00,-0.2394780642739466,-0.24954234444731144,0.03572779083320836,-0.5695425940834347,-0.13829508294841897,0.125758858026084,0.09641636671084274,-0.028764934063762182,0.10385371393427983,-0.07338995784696081
2025-12-09 18:00:00+00:00,-0.20210690539982332,-0.2288567167960086,0.03572779083320836,-0.527437094618192,-0.12325117548044826,0.14218885822536567,0.09641636671084274,0.004594525514875447,0.039976128053803704,-0.053946006595310965
2025-12-09 19:00:00+00:00,-0.17121852868935283,-0.2288567167960086,0.03572779083320836,-0.48711694852983617,-0.13829508294841897,0.14218885822536567,0.09641636671084274,0.04072120090459992,0.10385371393427983,-0.03353426515330779
2025-12-09 20:00:00+00:00,-0.13676888409632232,-0.2288567167960086,-0.008673237473366343,-0.45141250435313707,-0.17053010799884608,0.1590168627975871,0.09641636671084274,0.08034218296807738,0.228478170655416,0.010698466653088462
2025-12-09 21:00:00+00:00,-0.13676888409632232,-0.2288567167960086,0.034162302201732574,-0.4141176261093904,-0.1857103606133304,0.1590168627975871,0.09641636671084274,0.08034218296807738,0.17394592861489178,0.05970530594638289
2025-12-09 22:00:00+00:00,-0.13676888409632232,-0.20728997501232005,0.034162302201732574,-0.29243981695702104,-0.22923585407024313,0.1590168627975871,0.09641636671084274,0.04201597172220142,0.228478170655416,0.035208759151186764
2025-12-09 23:00:00+00:00,-0.13676888409632232,-0.2377261024403399,0.11219684126833418,-0.24501886286973878,-0.298975558454599,0.18467375691388585,0.09641636671084274,0.07334204321803249,0.228478170655416,0.01142748378305054
2025-12-10 00:00:00+00:00,-0.13676888409632232,-0.2377261024403399,0.09446782548669772,-0.19134052147520925,-0.31227105603670996,0.1869129515790144,0.09038495583921208,0.07334204321803249,0.20873511433787012,0.0
2025-12-10 01:00:00+00:00,-0.10598034830722644,-0.2377261024403399,0.06071266231356439,-0.14803664287301904,-0.3024370405950831,0.18919091204585278,0.0841024205639034,0.07334204321803249,0.17032009085221889,0.0
2025-12-10 02:00:00+00:00,-0.12205208826190034,-0.2835405841849599,0.03660475125374033,-0.15347598461524295,-0.33237214227105194,0.15307187206385772,0.044772608745700444,0.036847974868082736,0.1595564115681564,-0.02721403299627624
2025-12-10 03:00:00+00:00,-0.11752454737406293,-0.2835405841849599,0.03310179881476006,-0.13982823329602476,-0.3288624232908565,0.15307187206385772,0.04730753300925518,0.03485180536941439,0.14052838049015437,-0.02721403299627624
2025-12-10 04:00:00+00:00,-0.11388725847458685,-0.2835405841849599,0.030024530053408854,-0.14303963178632978,-0.3260271661047115,0.15641411951000603,0.05012360774794817,0.03485180536941439,0.126521800316873,-0.02721403299627624
2025-12-10 05:00:00+00:00,-0.11092760841584366,-0.2835405841849599,0.030024530053408854,-0.14303963178632978,-0.3314455747959116,0.15996133593345893,0.05012360774794817,0.03485180536941439,0.126521800316873,-0.02721403299627624
2025-12-10 06:00:00+00:00,-0.12764512925414742,-0.2835405841849599,0.008278179732581367,-0.1821356424388021,-0.3449020841251147,0.11604918544296294,0.05012360774794817,0.05379777763980506,0.126521800316873,-0.02721403299627624
2025-12-10 07:00:00+00:00,-0.10750924572289787,-0.2835405841849599,0.008278179732581367,-0.22269708244697098,-0.3537432787983608,0.11604918544296294,0.05012360774794817,0.05379777763980506,0.126521800316873,-0.02721403299627624
2025-12-10 08:00:00+00:00,-0.13165589829417793,-0.2835405841849599,0.008278179732581367,-0.26534928205853336,-0.3238722820213037,0.11604918544296294,0.05012360774794817,0.05379777763980506,0.15021451652822138,-0.012383516886764277
2025-12-10 09:00:00+00:00,-0.1470042372756607,-0.2611229659558265,-0.025842376242023846,-0.27226085307003123,-0.33422491643978736,0.1064987751438382,0.07000560732076631,0.07039879102836616,0.14846419446845038,0.014270445615247221
2025-12-10 10:00:00+00:00,-0.1870437991511011,-0.22729493990676564,-0.025842376242023846,-0.27226085307003123,-0.3244728514186787,0.1064987751438382,0.07000560732076631,0.07039879102836616,0.14846419446845038,0.014270445615247221
2025-12-10 11:00:00+00:00,-0.22712222586331807,-0.19442985369783863,0.01381166072425684,-0.27226085307003123,-0.3244728514186787,0.09125377061423318,0.07000560732076631,0.07039879102836616,0.14846419446845038,0.014270445615247221
2025-12-10 12:00:00+00:00,-0.2674053851731973,-0.1624025384386856,0.05233449301094642,-0.27226085307003123,-0.31214859347675955,0.09125377061423318,0.07000560732076631,0.07039879102836616,0.14846419446845038,0.014270445615247221
2025-12-10 13:00:00+00:00,-0.308134200002218,-0.11375014406237666,0.07396002616336395,-0.24152294576869535,-0.28821493127119263,0.0894427190999903,0.0772079695343753,0.06839855680556986,0.1694637091472685,0.0
2025-12-10 14:00:00+00:00,-0.3666751311026814,-0.07053456158592049,0.07396002616336395,-0.24152294576869535,-0.28821493127119263,0.0894427190999903,0.0772079695343753,0.06839855680556986,0.09984411525986601,-0.04082482904638468
2025-12-10 15:00:00+00:00,-0.4260614554344745,-0.028015903539229548,0.07396002616336395,-0.24152294576869535,-0.3283634025363962,0.0894427190999903,0.0772079695343753,0.06839855680556986,0.09984411525986601,-0.08380141643049074
2025-12-10 16:00:00+00:00,-0.36978699847683555,-0.028015903539229548,0.07396002616336395,-0.24152294576869535,-0.3073471362056847,0.0894427190999903,0.0772079695343753,0.06839855680556986,0.1809655713435505,-0.08380141643049074
2025-12-10 17:00:00+00:00,-0.36978699847683555,-0.028015903539229548,0.07396002616336395,-0.24152294576869535,-0.2887730371957222,0.0894427190999903,0.04349817982623192,0.06839855680556986,0.09984411525986601,-0.04309971159205952
2025-12-10 18:00:00+00:00,-0.39362508998089585,-0.028015903539229548,0.07396002616336395,-0.24152294576869535,-0.2615091352815274,0.07362850033465279,0.04349817982623192,0.06839855680556986,0.09984411525986601,-0.014814814814913186
2025-12-10 19:00:00+00:00,-0.40500741690972664,0.0,0.11366878284651824,-0.278243337455259,-0.2615091352815274,0.07362850033465279,0.02124176626249938,0.06839855680556986,0.09984411525986601,-0.014814814814913186
2025-12-10 20:00:00+00:00,-0.4168838502450573,0.029532562605096513,0.15569978883230487,-0.32274861218348444,-0.24617003143489175,0.07362850033465279,0.0,0.06839855680556986,0.0,-0.04309971159205952
2025-12-10 21:00:00+00:00,-0.4168838502450573,0.06085806194495164,0.11752850564985419,-0.3708690599778554,-0.18117584368336812,0.07362850033465279,-0.03955503639917318,0.06839855680556986,0.0,-0.06983451369198217
2025-12-10 22:00:00+00:00,-0.3941570309551104,0.09229404035282743,0.08190601557786027,-0.4334735124344676,-0.18117584368336812,0.058493974402776525,-0.03955503639917318,0.13709809772373044,-0.05119377521537894,-0.06983451369198217
2025-12-10 23:00:00+00:00,-0.3941570309551104,0.09229404035282743,0.08190601557786027,-0.3516522515120257,-0.14737783021299788,0.04443073337071187,-0.03955503639917318,0.07698003589183808,0.0,-0.040881648599346065
2025-12-11 00:00:00+00:00,-0.3683975968225341,0.09229404035282743,0.10150845791019361,-0.3516522515120257,-0.23275108394223412,0.030919389771282453,-0.02870846258815884,0.07698003589183808,0.024209101306752637,-0.040881648599346065
2025-12-11 01:00:00+00:00,-0.3683975968225341,0.09229404035282743,0.1355650085472965,-0.32594738818878294,-0.23275108394223412,0.023802777946288562,-0.018564533269869073,0.07698003589183808,0.09128709291752964,-0.0262245752548665
2025-12-11 02:00:00+00:00,-0.3683975968225341,0.09759000729485218,0.14113362174546487,-0.33490690620203334,-0.22710857736118498,0.023802777946288562,-0.018044398731964104,0.07698003589183808,0.07897985036788026,-0.0262245752548665
2025-12-11 03:00:00+00:00,-0.3683975968225341,0.09759000729485218,0.14113362174546487,-0.33490690620203334,-0.22710857736118498,0.023802777946288562,-0.018044398731964104,0.07698003589183808,0.08275616067388124,-0.025318484177005933
2025-12-11 04:00:00+00:00,-0.3683975968225341,0.09759000729485218,0.14769608887473185,-0.32594738818878294,-0.22710857736118498,0.023315260217363656,-0.018044398731964104,0.07698003589183808,0.08728715609439865,-0.02451405652135285
2025-12-11 05:00:00+00:00,-0.3683975968225341,0.09759000729485218,0.14769608887473185,-0.32594738818878294,-0.2238184464464183,0.022861497842960283,-0.018422228776550805,0.07698003589183808,0.0886429993752729,-0.023794353674861136
2025-12-11 06:00:00+00:00,-0.3683975968225341,0.09759000729485218,0.14769608887473185,-0.32594738818878294,-0.21535276082337582,0.0547946254699497,-0.018422228776550805,0.07698003589183808,0.0886429993752729,-0.03471922248329029
2025-12-11 07:00:00+00:00,-0.39529274985446045,0.08041277281437045,0.12565617248750896,-0.32594738818878294,-0.23425785300280677,0.047543865212856966,-0.018422228776550805,0.07698003589183808,0.06546536707079897,-0.03471922248329029
2025-12-11 08:00:00+00:00,-0.39529274985446045,0.06518947763771832,0.10411584125907099,-0.32594738818878294,-0.29374175846000056,0.047543865212856966,-0.018422228776550805,0.07698003589183808,0.04498928117474146,-0.04675245822129484
2025-12-11 09:00:00+00:00,-0.41401560417879923,0.04835818129277243,0.11916123237501584,-0.3219273211785497,-0.26637219581367666,0.05071614467785972,-0.0347501426409332,0.05873608879131266,0.04100170564212464,-0.07661254029106782
2025-12-11 10:00:00+00:00,-0.41401560417879923,0.014721625389071721,0.0728364877448564,-0.3219273211785497,-0.2930264305066438,0.034402849541633244,-0.0347501426409332,0.09716944873958686,-0.0056518827791321915,-0.12388260154126464
2025-12-11 11:00:00+00:00,-0.41401560417879923,-0.01994852593307831,0.03126649789779123,-0.3219273211785497,-0.27358932576609285,0.034402849541633244,-0.0347501426409332,0.13462974324984767,-0.0056518827791321915,-0.1701871153806394
2025-12-11 12:00:00+00:00,-0.41401560417879923,-0.05584320196957772,-0.05349640365413974,-0.3219273211785497,-0.323430982541465,0.034402849541633244,-0.0347501426409332,0.17131761087637432,-0.053680613724947944,-0.1942262205683826
2025-12-11 13:00:00+00:00,-0.41401560417879923,-0.1109373995354051,-0.19029071216757934,-0.37180292782715313,-0.3550356745313723,0.034402849541633244,-0.0347501426409332,0.22598344940691545,-0.13007377809077383,-0.23293913831292512
2025-12-11 14:00:00+00:00,-0.41401560417879923,-0.16852434897750262,-0.270870572919328,-0.37180292782715313,-0.3871314589168811,0.010147444710274567,-0.0347501426409332,0.27986773663437003,-0.053680613724947944,-0.27640677844300915
2025-12-11 15:00:00+00:00,-0.41401560417879923,-0.229079113097548,-0.36224948984380284,-0.37180292782715313,-0.3871314589168811,0.010147444710274567,-0.0347501426409332,0.3331944183918609,-0.053680613724947944,-0.27640677844300915
2025-12-11 16:00:00+00:00,-0.41401560417879923,-0.17877237328102352,-0.31019892671357324,-0.37180292782715313,-0.4174485556306961,0.03441461495188073,-0.0347501426409332,0.27734724697206914,-0.053680613724947944,-0.24410930516211243
2025-12-11 17:00:00+00:00,-0.36650182875524034,-0.17877237328102352,-0.25234739581726284,-0.37180292782715313,-0.36015499678469975,0.05905958252466883,-0.0347501426409332,0.22250130391276335,0.01625922226134673,-0.24410930516211243
2025-12-11 18:00:00+00:00,-0.34448728487570607,-0.17877237328102352,-0.16038160192886222,-0.37180292782715313,-0.36015499678469975,0.0762657201434742,-0.0347501426409332,0.22250130391276335,0.06705159933484948,-0.24410930516211243
2025-12-11 19:00:00+00:00,-0.3312360148841482,-0.17877237328102352,-0.16038160192886222,-0.3475907909165319,-0.3286111307562261,0.09401152829845044,-0.0347501426409332,0.22250130391276335,0.06705159933484948,-0.22669826441797541
2025-12-11 20:00:00+00:00,-0.3312360148841482,-0.17877237328102352,-0.16038160192886222,-0.2983933414235742,-0.3231174431904211,0.09401152829845044,-0.0347501426409332,0.22250130391276335,0.12352067671843979,-0.2085151083213513
2025-12-11 21:00:00+00:00,-0.3312360148841482,-0.17877237328102352,-0.16038160192886222,-0.2464157416713822,-0.11702758835521715,0.11234921022596986,-0.0347501426409332,0.2669590534372595,0.06705159933484948,-0.18941874470196451
2025-12-11 22:00:00+00:00,-0.3539378327236607,-0.21050513095459528,-0.21766979662937624,-0.15396156346968132,-0.14724570597900707,0.13047096104802622,-0.052626282738758176,0.23627706432270484,0.06705159933484948,-0.1663169785927477
2025-12-11 23:00:00+00:00,-0.31298861451840715,-0.21050513095459528,-0.13670080718559974,-0.2307955492143206,-0.06604113266019891,0.15848489401093327,-0.03398043467834921,0.2592100973064673,0.06705159933484948,-0.13523801325984228
2025-12-12 00:00:00+00:00,-0.2839170610777932,-0.21050513095459528,-0.10555403283221672,-0.18581568004990207,-0.010806730798952249,0.16682942328253975,-0.03398043467834921,0.2592100973064673,0.04292913141427092,-0.1191939405518386
2025-12-12 01:00:00+00:00,-0.2839170610777932,-0.21050513095459528,-0.10555403283221672,-0.18581568004990207,-0.00157158512864396,0.16682942328253975,-0.03398043467834921,0.2592100973064673,0.01963995428460118,-0.10253812301388693
2025-12-12 02:00:00+00:00,-0.27400402289988646,-0.21050513095459528,-0.10307780839176575,-0.17731136529179586,-0.0007966458528192559,0.17137582097430182,-0.03398043467834921,0.2592100973064673,0.030093707314703903,-0.09825441391767806
2025-12-12 03:00:00+00:00,-0.27400402289988646,-0.21050513095459528,-0.09591563135029912,-0.17731136529179586,-0.00040295279350576705,0.17137582097430182,-0.03345351378105888,0.24627985879359934,0.030093707314703903,-0.09585439484783645
2025-12-12 04:00:00+00:00,-0.2653818557444846,-0.19886463038341712,-0.09467308238771908,-0.17731136529179586,-0.0011728467200462077,0.17137582097430182,-0.032984680834919386,0.2352222604620064,0.030093707314703903,-0.09371286333577078
2025-12-12 05:00:00+00:00,-0.2653818557444846,-0.19886463038341712,-0.09371286333564305,-0.1705917710559497,-0.0007842780251774188,0.17137582097430182,-0.032386812663777895,0.2218316095842772,0.027586474173327838,-0.09179178917158784
2025-12-12 06:00:00+00:00,-0.2653818557444846,-0.19886463038341712,-0.11554308848277171,-0.19293366856030966,-0.010637369003158943,0.1240795706853344,-0.032386812663777895,0.20723928295322427,0.027586474173327838,-0.08131203529155576
2025-12-12 07:00:00+00:00,-0.2653818557444846,-0.18135788878639134,-0.1369009548875723,-0.19293366856030966,-0.010637369003158943,0.10923056250793399,-0.032386812663777895,0.20723928295322427,0.06810681129117199,-0.06977058514063832
2025-12-12 08:00:00+00:00,-0.28460202482618024,-0.15963857156027017,-0.1369009548875723,-0.15945396449059793,-0.0205904313208235,0.09514535608378769,-0.032386812663777895,0.1970186258137818,0.06810681129117199,-0.06977058514063832
2025-12-12 09:00:00+00:00,-0.3045399367462107,-0.15963857156027017,-0.1369009548875723,-0.15945396449059793,-0.05117500475348822,0.07064394489406249,-0.04144586157439902,0.18201720294309987,0.06810681129117199,-0.08223781884583624
2025-12-12 10:00:00+00:00,-0.33395884450450647,-0.15963857156027017,-0.09299809560808454,-0.20724064634540484,-0.03201611137849479,0.018699060877101097,-0.058815648857480245,0.11467797278041673,0.06810681129117199,-0.05904955678682002
2025-12-12 11:00:00+00:00,-0.3631756440098268,-0.15963857156027017,-0.09299809560808454,-0.25275988189980125,-0.09191887435910538,-0.031812278144930324,-0.07630041751827887,0.04725979702877024,-0.009195491391109279,-0.03568920591533931
2025-12-12 12:00:00+00:00,-0.392271312355142,-0.15963857156027017,-0.09299809560808454,-0.2965725285119032,-0.052471235474539454,-0.09876108664827014,-0.09391552232907642,-0.021063323491808016,-0.009195491391109279,-0.03568920591533931
2025-12-12 13:00:00+00:00,-0.437640484415391,-0.16972713831340117,-0.04906079569036985,-0.3067761253031523,-0.06729226381965113,-0.21978199357666975,-0.12465313062548744,-0.11750686608974029,-0.01895812666564664,-0.0751044302089742
2025-12-12 14:00:00+00:00,-0.484132066584809,-0.16972713831340117,0.019516403959681405,-0.39701668375185606,-0.09950254759644114,-0.3621853107254514,-0.15236788406555607,-0.2306412857911287,-0.15016526054109278,-0.1534998781206446
2025-12-12 15:00:00+00:00,-0.5305732701271293,-0.16972713831340117,0.08072986813417561,-0.4947854510828248,-0.16404859204575123,-0.5165563584172606,-0.18034791609042605,-0.3500557612452702,-0.15016526054109278,-0.23727311688714778
2025-12-12 16:00:00+00:00,-0.4826487896297271,-0.16972713831340117,0.020860002901347083,-0.4328656936698014,-0.13494509981565875,-0.4478326690087639,-0.15516662668143244,-0.25022939522206733,-0.15016526054109278,-0.20223707218040876
2025-12-12 17:00:00+00:00,-0.43545933669195314,-0.12061331002722381,-0.03385577105233708,-0.36738643669999355,-0.16404859204575123,-0.4276111830025259,-0.10491462463001296,-0.14482148812420395,-0.027214032996370187,-0.13198180422030537
2025-12-12 18:00:00+00:00,-0.41290486862869286,-0.08797333423047692,-0.09988083617661726,-0.32829870656547616,-0.16404859204575123,-0.4322002313725263,-0.07148609283524597,-0.07247370993851776,-0.027214032996370187,-0.08423455478237406
2025-12-12 19:00:00+00:00,-0.3987630607874852,-0.08797333423047692,-0.09988083617661726,-0.28662799411236706,-0.14539246238212572,-0.4394123231347217,-0.019243227275100715,0.007320950251026846,0.05004088342235149,-0.03205385018172271
2025-12-12 20:00:00+00:00,-0.3945170360249287,-0.08797333423047692,-0.09988083617661726,-0.24122662005329554,-0.07555215059956526,-0.4495890073170501,0.03790139295316239,0.05229053717390296,0.12507310337984284,0.026230912479736822
2025-12-12 21:00:00+00:00,-0.39271601710981646,-0.08797333423047692,-0.06670093174885922,-0.1901553570037532,-0.29226191081553404,-0.46145482610126415,0.12751271902014738,0.10342506009545412,0.3159055776845964,0.09326165189105515
2025-12-12 22:00:00+00:00,-0.39271601710981646,-0.08797333423047692,-0.03294875511294547,-0.1901553570037532,-0.10708725177237981,-0.47562901153653336,0.17708456665127606,0.10342506009545412,0.40380808760471143,0.12969999430011678
2025-12-12 23:00:00+00:00,-0.39271601710981646,-0.08797333423047692,-0.0704484197596056,0.02954410657521321,0.021725758544949444,-0.5096633219213346,0.1959035388272215,0.14034802793539994,0.40380808760471143,0.15673305793343545
2025-12-13 00:00:00+00:00,-0.3539466973658602,-0.08797333423047692,-0.0704484197596056,0.07032904086432813,0.007936591255707188,-0.5233643663969575,0.20018597009980227,0.15728541491751044,0.45006707546525393,0.16593932613003767
2025-12-13 01:00:00+00:00,-0.29803464589618056,-0.08797333423047692,-0.10591445901068781,0.08914317306181711,-0.006869395732108845,-0.5233643663969575,0.206429627935038,0.17342242254711818,0.45006707546525393,0.16593932613003767
2025-12-13 02:00:00+00:00,-0.24816158002226166,-0.05759925270761466,-0.11737287319468301,0.0975865935945048,0.010142432959092864,-0.5007722013362471,0.23517117426600653,0.20082017259428386,0.42252571201966405,0.19937929175849106
2025-12-13 03:00:00+00:00,-0.27169952003229775,-0.08691761598304944,-0.1069595250361957,0.06029370507736455,-0.026862545445820535,-0.5170837665255117,0.18316816383280243,0.14132587261249505,0.39896221504262086,0.1639479820927372
2025-12-13 04:00:00+00:00,-0.26420855970575297,-0.09105317920448933,-0.10709642233241598,0.05647604688696555,-0.026862545445820535,-0.5170837665255117,0.1747953948797581,0.13703610074604738,0.39896221504262086,0.1639479820927372
2025-12-13 05:00:00+00:00,-0.25611501948006365,-0.09105317920448933,-0.10812994613295573,0.05647604688696555,-0.028364367162880644,-0.524174120943545,0.1674097328276439,0.13703610074604738,0.40129016586097627,0.1639479820927372
2025-12-13 06:00:00+00:00,-0.25149011768527035,-0.05896064407587363,-0.06601033460833455,0.06331029285387585,-0.04285652845717575,-0.5078127066295556,0.15439818655958568,0.11830719936553803,0.3817574879774532,0.15603847168659105
2025-12-13 07:00:00+00:00,-0.27456575464900124,-0.08069617498191803,0.011909263611069457,0.06331029285387585,-0.024643453809271604,-0.4682074347667421,0.1408378583934701,0.10519329712162005,0.3817574879774532,0.10120976130513697
2025-12-13 08:00:00+00:00,-0.2925163253581762,-0.10574325550805505,0.0647465951465748,0.06331029285387585,-0.0073947049699107795,-0.44190998247249363,0.1267373309188539,0.09128189663376692,0.3817574879774532,0.08697296430742882
2025-12-13 09:00:00+00:00,-0.3110359646208856,-0.132638259276411,0.11727432114819591,0.08417012192002066,0.009191616490143557,-0.412579691600446,0.11911919656219859,0.07463292096867848,0.3817574879774532,0.08697296430742882
2025-12-13 10:00:00+00:00,-0.31977435653575875,-0.14509388717551616,0.17575633280484165,0.09305676431913766,0.09296233835421915,-0.36306413353963757,0.09715024535500331,0.04797878113683517,0.41251432366273366,0.07100716024966178
2025-12-13 11:00:00+00:00,-0.3292042476514277,-0.15822804212962635,0.24261163714360845,0.10241716939938672,0.1347367102414623,-0.3100052964989975,0.07324633269030992,0.018774662717249535,0.44500026194625636,0.05442564011290626
2025-12-13 12:00:00+00:00,-0.3292042476514277,-0.15822804212962635,0.3090701816400267,0.1500838098579862,0.1347367102414623,-0.23212062967522923,0.05448063684934478,-0.019543263561888024,0.3427493940164924,0.05442564011290626
2025-12-13 13:00:00+00:00,-0.3292042476514277,-0.15822804212962635,0.3090701816400267,0.1500838098579862,0.10391530576405399,-0.15352278749118878,0.035409324104366036,-0.058100515139451255,0.3427493940164924,0.05442564011290626
2025-12-13 14:00:00+00:00,-0.3442049442891713,-0.1745627217682035,0.23972211658409545,0.14162317142796235,0.09805731328512546,-0.04887429085812251,-0.002318239600127891,-0.11356950870661141,0.3293417709356716,0.03766217885772975
2025-12-13 15:00:00+00:00,-0.3611851948025507,-0.19261136476450966,0.15943492387579633,0.13278650697779196,0.14547755142111726,0.07227885168599589,-0.044702315248158465,-0.1760474873597123,0.20120593089866792,0.019617902310999295
2025-12-13 16:00:00+00:00,-0.3611851948025507,-0.19261136476450966,0.24814901686979288,0.13278650697779196,0.09947932135159852,-0.01831972851903324,-0.018471323641262354,-0.12530311268407204,0.20120593089866792,0.019617902310999295
2025-12-13 17:00:00+00:00,-0.3611851948025507,-0.19261136476450966,0.3435285540889266,0.13278650697779196,0.14547755142111726,-0.06404473758394419,0.008296004638890901,-0.07397908128177298,0.061419591208093795,0.019617902310999295
2025-12-13 18:00:00+00:00,-0.3382428984604329,-0.19261136476450966,0.3435285540889266,0.08897096168035812,0.11550283620031417,-0.04999001544061061,0.025582259250496165,-0.04136612220768501,0.14983420386071014,0.019617902310999295
2025-12-13 19:00:00+00:00,-0.29660644352432675,-0.1581645849123459,0.279167643978517,0.04846800343882244,0.11550283620031417,-0.006638386729349154,0.043272129334635985,-0.00819120879464201,0.14983420386071014,0.019617902310999295
2025-12-13 20:00:00+00:00,-0.23672400165480664,-0.1581645849123459,0.279167643978517,0.0106393013245391,0.17366249362731975,0.04050207094449669,0.043272129334635985,0.062037254217485745,0.14983420386071014,0.019617902310999295
2025-12-13 21:00:00+00:00,-0.16589746299232386,-0.1581645849123459,0.279167643978517,-0.05733846156087727,0.17366249362731975,0.09260803330262901,0.043272129334635985,0.10175766765564755,0.14983420386071014,0.019617902310999295
2025-12-13 22:00:00+00:00,-0.11167982172914653,-0.1581645849123459,0.23392022165607906,-0.11670946618941902,0.12407658130097107,0.11065023234303954,0.043272129334635985,0.14576093722138825,0.061419591208093795,0.019617902310999295
2025-12-13 23:00:00+00:00,-0.11167982172914653,-0.1581645849123459,0.2013828907975094,-0.1559040842002435,0.07262791881665043,0.061254868805685654,0.043272129334635985,0.14576093722138825,-0.025326602979347655,-0.04149327113120063
2025-12-14 00:00:00+00:00,-0.13498053016348127,-0.1581645849123459,0.20595750943147947,-0.17969838916073413,0.06061494507834714,0.042592893619369236,0.043272129334635985,0.14576093722138825,-0.025326602979347655,-0.04149327113120063
2025-12-14 01:00:00+00:00,-0.13498053016348127,-0.1581645849123459,0.2209152716684084,-0.20138355133259528,0.06061494507834714,0.021367079548686736,0.043272129334635985,0.14576093722138825,-0.025326602979347655,-0.04149327113120063
2025-12-14 02:00:00+00:00,-0.13498053016348127,-0.1581645849123459,0.2209152716684084,-0.20138355133259528,0.04804054469816631,-0.003753403004361869,0.04910504277558025,0.14576093722138825,0.010589584691050655,-0.04149327113120063
2025-12-14 03:00:00+00:00,-0.09860415930879296,-0.12321601452232014,0.22707070739151877,-0.16461975596352058,0.11607620001804426,0.08401338506720134,0.0869248061594666,0.19171305618814302,0.03431864797486143,-0.006112322140619338
2025-12-14 04:00:00+00:00,-0.09860415930879296,-0.12321601452232014,0.22707070739151877,-0.16440276568004497,0.14645767662621198,0.11851916883133908,0.0869248061594666,0.17599428027912906,0.014965432360393618,-0.006112322140619338
2025-12-14 05:00:00+00:00,-0.09860415930879296,-0.12321601452232014,0.22707070739151877,-0.16440276568004497,0.14645767662621198,0.1318565964762362,0.0869248061594666,0.15366872077825977,0.0,-0.006112322140619338
2025-12-14 06:00:00+00:00,-0.09860415930879296,-0.11980151395528017,0.22390765713307076,-0.1587851769838095,0.14645767662621198,0.11330418279076632,0.0933145427133957,0.14975189244412454,-0.015467205622244939,-0.006112322140619338
2025-12-14 07:00:00+00:00,-0.06562940641889715,-0.08579661993699471,0.17770466332772844,-0.05511837054246169,0.18320765455413351,0.0920119868756141,0.0933145427133957,0.12797428373848357,-0.07939258849206515,0.06959098895261695
2025-12-14 08:00:00+00:00,-0.06562940641889715,-0.04964572822715457,0.12702814158746634,0.0,0.18320765455413351,0.0920119868756141,0.0933145427133957,0.10415008426070159,-0.07939258849206515,0.06959098895261695
2025-12-14 09:00:00+00:00,-0.06562940641889715,-0.01602308988617577,0.0,0.046486297074216816,0.22564107697384722,0.11330418279076632,0.0933145427133957,0.10415008426070159,-0.14785921742705763,0.06959098895261695
2025-12-14 10:00:00+00:00,-0.06562940641889715,0.015567030861411705,-0.10618403622291074,0.07072909955377375,0.1536687207787837,0.11330418279076632,0.0933145427133957,0.10415008426070159,-0.14785921742705763,0.06959098895261695
2025-12-14 11:00:00+00:00,-0.06562940641889715,0.015567030861411705,-0.18616926371911888,0.09577876710651649,0.1536687207787837,0.11330418279076632,0.0933145427133957,0.10415008426070159,-0.14785921742705763,0.06959098895261695
2025-12-14 12:00:00+00:00,-0.06562940641889715,0.015567030861411705,-0.31788776569561283,0.09577876710651649,0.1536687207787837,0.11330418279076632,0.0933145427133957,0.10415008426070159,-0.14785921742705763,0.06959098895261695
2025-12-14 13:00:00+00:00,-0.06562940641889715,0.015567030861411705,-0.38947368421041484,0.13715769495704935,0.19879808020156112,0.15108046549022824,0.0933145427133957,0.10415008426070159,-0.27454918379889415,0.06959098895261695
2025-12-14 14:00:00+00:00,-0.06562940641889715,0.015567030861411705,-0.4613403943526136,0.17837482785569386,0.19879808020156112,0.18723121729583028,0.0933145427133957,0.10415008426070159,-0.41714884381330763,0.11041438425109655
2025-12-14 15:00:00+00:00,-0.06562940641889715,0.015567030861411705,-0.5340387330719162,0.21953528232724243,0.19879808020156112,0.22199537526032595,0.0933145427133957,0.10415008426070159,-0.41714884381330763,0.14908445104047616
2025-12-14 16:00:00+00:00,-0.06562940641889715,0.015567030861411705,-0.4508553853898293,0.17185279480543786,0.19879808020156112,0.17400558050291534,0.0933145427133957,0.10415008426070159,-0.29214466690522073,0.09878338128195992
2025-12-14 17:00:00+00:00,-0.06562940641889715,0.015567030861411705,-0.36842105263169694,0.12439326432954226,0.1415297112703551,0.1280546483107344,0.0933145427133957,0.10415008426070159,-0.14975189244422155,0.051063059262495665
2025-12-14 18:00:00+00:00,-0.06562940641889715,0.015567030861411705,-0.2867696673380809,0.09297259414778465,0.1415297112703551,0.09960758514446683,0.0933145427133957,0.10415008426070159,-0.14975189244422155,-0.005348281873042214
