time_utc,5.56x45mm M995,6.8x51mm Hybrid,7.62x39mm AP,7.62x51mm M62,7.62x54R BT,9x19mm PBP,9x39mm BP
2025-09-21 18:00:00+00:00,,,,,,,
2025-09-21 19:00:00+00:00,,,,,,,
2025-09-21 20:00:00+00:00,,,,,,,
2025-09-21 21:00:00+00:00,,,,,,,
2025-09-21 22:00:00+00:00,,,,,,,
2025-09-21 23:00:00+00:00,,,,,,,
2025-09-22 00:00:00+00:00,,,,,,,
2025-09-22 01:00:00+00:00,,,,,,,
2025-09-22 02:00:00+00:00,,,,,,,
2025-09-22 03:00:00+00:00,,,,,,,
2025-09-22 04:00:00+00:00,,,,,,,
2025-09-22 05:00:00+00:00,,,,,,,
2025-09-22 06:00:00+00:00,,,,,,,
2025-09-22 07:00:00+00:00,,,,,,,
2025-09-22 08:00:00+00:00,,,,,,,
2025-09-22 09:00:00+00:00,,,,,,,
2025-09-22 10:00:00+00:00,,,,,,,
2025-09-22 11:00:00+00:00,,,,,,,
2025-09-22 12:00:00+00:00,,,,,,,
2025-09-22 13:00:00+00:00,,,,,,,
2025-09-22 14:00:00+00:00,,,,,,,
2025-09-22 15:00:00+00:00,,,,,,,
2025-09-22 16:00:00+00:00,,,,,,,
2025-09-22 17:00:00+00:00,,,,,,,
2025-09-22 18:00:00+00:00,,,,,,,
2025-09-22 19:00:00+00:00,,,,,,,
2025-09-22 20:00:00+00:00,,,,,,,
2025-09-22 21:00:00+00:00,,,,,,,
2025-09-22 22:00:00+00:00,,,,,,,
2025-09-22 23:00:00+00:00,,,,,,,
2025-09-23 00:00:00+00:00,,,,,,,
2025-09-23 01:00:00+00:00,,,,,,,
2025-09-23 02:00:00+00:00,,,,,,,
2025-09-23 03:00:00+00:00,,,,,,,
2025-09-23 04:00:00+00:00,,,,,,,
2025-09-23 05:00:00+00:00,,,,,,,
2025-09-23 06:00:00+00:00,,,,,,,
2025-09-23 07:00:00+00:00,,,,,,,
2025-09-23 08:00:00+00:00,,,,,,,
2025-09-23 09:00:00+00:00,,,,,,,
2025-09-23 10:00:00+00:00,,,,,,,
2025-09-23 11:00:00+00:00,,,,,,,
2025-09-23 12:00:00+00:00,,,,,,,
2025-09-23 13:00:00+00:00,,,,,,,
2025-09-23 14:00:00+00:00,,,,,,,
2025-09-23 15:00:00+00:00,,,,,,,
2025-09-23 16:00:00+00:00,,,,,,,
2025-09-23 17:00:00+00:00,-0.633914606097667,-0.33851545200203254,-0.16584403661926897,-0.19515519529145706,-0.1324057340642499,0.6840718796116659,-0.4146367917126455
2025-09-23 18:00:00+00:00,-0.5902655854704096,-0.40110350107608894,-0.18061488327969627,-0.26691165217248425,-0.12866862171035645,0.673532061122204,-0.42320027106338376
2025-09-23 19:00:00+00:00,-0.6014212494385619,-0.426496079733498,-0.18918918918918992,-0.2938470385274215,-0.12924082047192137,0.6780205993831632,-0.43970641218245937
2025-09-23 20:00:00+00:00,-0.6137703842874321,-0.4484681260846699,-0.13867504905742367,-0.31777788640314164,-0.1297957318540562,0.6779316468296029,-0.45719626737156877
2025-09-23 21:00:00+00:00,-0.6229507504529979,-0.46773612950241017,-0.14755647700549285,-0.3391940030119,-0.1091987180004931,0.6779113766712989,-0.470657591419711
2025-09-23 22:00:00+00:00,-0.6103850781158757,-0.4504215069826267,-0.1442969183693218,-0.32314181542740633,-0.10848985109946638,0.67680685555166,-0.46772718851810535
2025-09-23 23:00:00+00:00,-0.6064938599444567,-0.4447487085524332,-0.14117866540239768,-0.31956554886563165,-0.10146852713446784,0.6757453159933406,-0.46684392929608215
2025-09-24 00:00:00+00:00,-0.6067160992552117,-0.4426888688881029,-0.14600626513019194,-0.3202605396562975,-0.10092167847000239,0.674724295833503,-0.4642839129368944
2025-09-24 01:00:00+00:00,-0.6069301512502064,-0.4407081501491104,-0.15050255410549035,-0.3210258891685794,-0.10039520998569056,0.6737415175246966,-0.46209882249898493
2025-09-24 02:00:00+00:00,-0.6071187296517436,-0.4388020795423028,-0.14737475890674825,-0.32184166855610785,-0.09403365078740959,0.6741013275515236,-0.4602262645867018
2025-09-24 03:00:00+00:00,-0.6073095258154227,-0.43901576690761057,-0.1515178619590191,-0.32269259402727196,-0.09363846510460273,0.6744479699097183,-0.458616226048047
2025-09-24 04:00:00+00:00,-0.6109587284626778,-0.42080062746977165,-0.1319088711418469,-0.3482999435814022,-0.089497328579822,0.6649305630095849,-0.4789765146536414
2025-09-24 05:00:00+00:00,-0.6108523092100538,-0.41925657843025926,-0.13533299049019215,-0.3481872260495636,-0.08917720416163984,0.6650754865996619,-0.47888947321100955
2025-09-24 06:00:00+00:00,-0.6107591782972649,-0.4177663795901232,-0.13855852237613758,-0.3446122596232966,-0.08886789911919235,0.6652178470177114,-0.4734804175143514
2025-09-24 07:00:00+00:00,-0.6106779807469385,-0.4097644574443306,-0.13587533450228875,-0.33192182490424305,-0.08381731436454738,0.663997817924245,-0.46554701835891926
2025-09-24 08:00:00+00:00,-0.6106825354964156,-0.39761830167574447,-0.1332948314968653,-0.3202156786889516,-0.07903184151322662,0.6628546474253293,-0.45802312744457496
2025-09-24 09:00:00+00:00,-0.6106870235092563,-0.3863274417526714,-0.13081118996315177,-0.3174090311854658,-0.07449007562618656,0.6593681288933494,-0.45342194029512517
2025-09-24 10:00:00+00:00,-0.5998567604283184,-0.35048134684762794,-0.1132008308117706,-0.2683769466947023,-0.07251857585413875,0.6683775497024828,-0.4393712762059104
2025-09-24 11:00:00+00:00,-0.5900167219620701,-0.31765939232008833,-0.09692520525119629,-0.25027861449558136,-0.07071259443010709,0.6766522111940249,-0.43308324946555177
2025-09-24 12:00:00+00:00,-0.5810341042848599,-0.2874808630684503,-0.08182518604492049,-0.2084977208017324,-0.06905083348519464,0.690841306798544,-0.4273625970677574
2025-09-24 13:00:00+00:00,-0.5849845753964097,-0.25962817236394814,-0.11755760264187319,-0.17053975291457987,-0.09057588802582332,0.703408139653301,-0.41593586162443347
2025-09-24 14:00:00+00:00,-0.5850204647179508,-0.2563136523617254,-0.11624232053235609,-0.16572616075685295,-0.09050998980572283,0.675250347452923,-0.4154778061591849
2025-09-24 15:00:00+00:00,-0.5850553222195666,-0.253143499467865,-0.11497151539527677,-0.16120513125081737,-0.0904459898181881,0.6571888357496504,-0.41503314219492177
2025-09-24 16:00:00+00:00,-0.5850891917688454,-0.2501082016929779,-0.11374295114093408,-0.15694889815167742,-0.09038380720793872,0.6572272861721293,-0.4136096659725037
2025-09-24 17:00:00+00:00,-0.582605307422707,-0.24507770439147664,-0.11419811830498665,-0.1529332584161717,-0.09032336564363967,0.6517927791986715,-0.41081190746839824
2025-09-24 18:00:00+00:00,-0.582605307422707,-0.26868283340318644,-0.11419811830498665,-0.16783627165899961,-0.11108605147430707,0.6517927791986715,-0.4145325147274804
2025-09-24 19:00:00+00:00,-0.582692827299903,-0.28705485520341417,-0.07105746197278628,-0.18248193690587036,-0.1322278928160193,0.6492191484503672,-0.4145325147274804
2025-09-24 20:00:00+00:00,-0.6081246373470474,-0.33965463930981266,-0.07979231318014111,-0.21260511610105867,-0.18687071951035078,0.6310917131212851,-0.42150529095920136
2025-09-24 21:00:00+00:00,-0.6081246373470474,-0.3534371262844354,-0.04014360704634321,-0.22580719942903724,-0.2255126160562401,0.6279291043104045,-0.4160239903854784
2025-09-24 22:00:00+00:00,-0.591864030249266,-0.35066395606810574,-0.02864459496107903,-0.22235975216942233,-0.24765567494652327,0.6192082977105865,-0.41792516526313594
2025-09-24 23:00:00+00:00,-0.584237394672058,-0.34870038686375787,-0.02864459496107903,-0.22132669799742347,-0.2448960180623512,0.6218264546196378,-0.412563981441342
2025-09-25 00:00:00+00:00,-0.584237394672058,-0.352881789914788,-0.02864459496107903,-0.22132669799742347,-0.2448960180623512,0.6244815905982654,-0.41522401599525477
2025-09-25 01:00:00+00:00,-0.5769425199169721,-0.35868753342471593,-0.04014360704634321,-0.17168836074135682,-0.2582408568889067,0.6262544082103385,-0.3838647489864557
2025-09-25 02:00:00+00:00,-0.5779960520780516,-0.3638027518908787,-0.04014360704634321,-0.17168836074135682,-0.2591266976661084,0.6282054763582553,-0.3858903340709652
2025-09-25 03:00:00+00:00,-0.5791122416933168,-0.3698012078754454,-0.04014360704634321,-0.17168836074135682,-0.2564534172111661,0.6301800174589742,-0.3842932559483056
2025-09-25 04:00:00+00:00,-0.5742323607736687,-0.3678496109667559,-0.02790999583569229,-0.18052203081332624,-0.2579499805653415,0.6158172416139666,-0.4041794043343022
2025-09-25 05:00:00+00:00,-0.5756396449764088,-0.37295321142271304,-0.02790999583569229,-0.18143400436288468,-0.2595734467476557,0.6168708242732781,-0.4041794043343022
2025-09-25 06:00:00+00:00,-0.5771158468347465,-0.3724252998617435,-0.02790999583569229,-0.1824281578265723,-0.2581125149031423,0.6179385638225646,-0.4041794043343022
2025-09-25 07:00:00+00:00,-0.5786630521127928,-0.3674074430432931,-0.02790999583569229,-0.1784593176340152,-0.25693075801711746,0.619269848798668,-0.4041794043343022
2025-09-25 08:00:00+00:00,-0.571790806723642,-0.36282360647602974,-0.02481817022965827,-0.17557504879572441,-0.25604163360468124,0.6195307381737941,-0.4041794043343022
2025-09-25 09:00:00+00:00,-0.5652507443196225,-0.3586527880572319,-0.02790999583569229,-0.17277660889948923,-0.2638565010843748,0.6198032550739784,-0.4041794043343022
2025-09-25 10:00:00+00:00,-0.5477622498056393,-0.33772057161887153,-0.016048335704424932,-0.14773853780068205,-0.2715646683805894,0.6206464001717947,-0.40077263224173293
2025-09-25 11:00:00+00:00,-0.5314322179643421,-0.3186489745132546,-0.0022982980046746056,-0.1419876755593804,-0.2805406030334888,0.621343694906579,-0.4022187288028543
2025-09-25 12:00:00+00:00,-0.5161743757291177,-0.30131687865050605,-0.03348623078073856,-0.1364592324731978,-0.2908682719319876,0.6261610342630399,-0.39879245052199186
2025-09-25 13:00:00+00:00,-0.487184921913292,-0.2856215781886296,-0.022050837268919647,-0.1311339960654079,-0.3026538534684919,0.6367680372142692,-0.3958499690069665
2025-09-25 14:00:00+00:00,-0.4609516766392423,-0.2506983357250767,-0.022050837268919647,-0.11435145533826097,-0.2732570141493266,0.6438474850808218,-0.40671270618972394
2025-09-25 15:00:00+00:00,-0.4698291799404561,-0.2614287959986681,-0.03160033170670668,-0.13014305146427843,-0.26613975764126485,0.6080173974307577,-0.40200022241065636
2025-09-25 16:00:00+00:00,-0.4986048923729229,-0.3277284173612452,-0.01102184402910058,-0.12846213482304183,-0.24684629557090665,0.5651687046820082,-0.40358759955498325
2025-09-25 17:00:00+00:00,-0.49555512938833546,-0.3293616546190186,-0.01102184402910058,-0.1273654280090775,-0.25692352049960665,0.5639626249552128,-0.4044147026841321
2025-09-25 18:00:00+00:00,-0.49326185672767303,-0.3533353496289268,-1.103400692890018e-12,-0.12524485821668926,-0.2420048443471749,0.5522507690411873,-0.39575219107718584
2025-09-25 19:00:00+00:00,-0.49326185672767303,-0.36906701841970796,0.04160251471725416,-0.13999788756556772,-0.2208691600032843,0.5400802600809885,-0.38551764318998666
2025-09-25 20:00:00+00:00,-0.48320827646509185,-0.39017964344799305,0.08199200616872215,-0.15458989310549437,-0.19835388147218583,0.5222964757892068,-0.3725010092164883
2025-09-25 21:00:00+00:00,-0.47311844141032555,-0.4105383846197871,0.08199200616872215,-0.15458989310549437,-0.1662566619459138,0.5043576233287933,-0.36185955447038787
2025-09-25 22:00:00+00:00,-0.4675513659300376,-0.40878421804712356,0.08199200616872215,-0.15366440995037178,-0.1662566619459138,0.5096187553933658,-0.36246855942048867
2025-09-25 23:00:00+00:00,-0.4675513659300376,-0.4115188960030467,0.08199200616872215,-0.15422177271645982,-0.167339442780482,0.5126682295354874,-0.3589024597433268
2025-09-26 00:00:00+00:00,-0.4675513659300376,-0.4218197312045356,0.08199200616872215,-0.15631149529623423,-0.16854996561562718,0.5159380911432435,-0.3560938563278428
2025-09-26 01:00:00+00:00,-0.470304699544497,-0.42802647252243947,0.09281210101782221,-0.17094647611787755,-0.17856285108442588,0.522853686492757,-0.3816041752874939
2025-09-26 02:00:00+00:00,-0.48239812159171086,-0.44336643310481433,0.06364410376864814,-0.1862863274896446,-0.1878228866714352,0.5294437322972914,-0.4061925215881373
2025-09-26 03:00:00+00:00,-0.48841837301190233,-0.4586462063217515,0.0633879409157598,-0.1895632196475787,-0.18868748303217392,0.5180742200032703,-0.4003693213942684
2025-09-26 04:00:00+00:00,-0.48841837301190233,-0.43583638673251174,0.0633879409157598,-0.17681968575798426,-0.22386418695549906,0.5546044138044839,-0.40507874298916213
2025-09-26 05:00:00+00:00,-0.49469467765150166,-0.45272580867784185,0.0633879409157598,-0.180198965291353,-0.2254571379027003,0.5346048953721415,-0.39773306187713037
2025-09-26 06:00:00+00:00,-0.4981403058080184,-0.46610689850144943,0.0633879409157598,-0.18531723803620193,-0.2272787476629644,0.5123353192308261,-0.39747918716540237
2025-09-26 07:00:00+00:00,-0.501693149895379,-0.47485763608779435,0.0633879409157598,-0.18470421418327843,-0.2272787476629644,0.4925558651604223,-0.39910622483859803
2025-09-26 08:00:00+00:00,-0.5065983538953125,-0.45930246160664,0.03581618117291566,-0.16610899606795043,-0.2589505620495611,0.5090643410752469,-0.3900248809389712
2025-09-26 09:00:00+00:00,-0.5121614162406548,-0.44545679369553653,0.008592717535135597,-0.16484019605573594,-0.26556215406175465,0.5238796895121485,-0.38518621831503735
2025-09-26 10:00:00+00:00,-0.5075364735835526,-0.42524035451192144,-0.05937254165648783,-0.14864050567396006,-0.26556215406175465,0.543841657644775,-0.38983460284595217
2025-09-26 11:00:00+00:00,-0.5121614162406548,-0.4048347859050014,-0.05937254165648783,-0.1326386409008556,-0.26556215406175465,0.5597496034398037,-0.39870563241092993
2025-09-26 12:00:00+00:00,-0.5167994554706681,-0.38420847110843376,-0.05937254165648783,-0.11682230214508048,-0.26556215406175465,0.5722641893551121,-0.40757586388770867
2025-09-26 13:00:00+00:00,-0.5214484910045447,-0.3633269168040615,-0.05937254165648783,-0.10117983629033513,-0.26556215406175465,0.5771224908006399,-0.41644686187798974
2025-09-26 14:00:00+00:00,-0.4965875506044593,-0.34866347791818497,-0.0719932329538251,-0.10110508770782126,-0.2612066400651061,0.5441659839386728,-0.4270560498248056
2025-09-26 15:00:00+00:00,-0.4112024374659924,-0.3478089297488264,-0.09307510500074187,-0.12396809529004392,-0.23588294541541852,0.43228829774539784,-0.3933481068337267
2025-09-26 16:00:00+00:00,-0.38747234086551824,-0.3515178156179279,-0.10306094230258456,-0.1355261854357867,-0.22663336788353733,0.42770479582960313,-0.3880027130913037
2025-09-26 17:00:00+00:00,-0.4168490028408297,-0.4261490750126674,-0.08477306952347698,-0.14557643087605138,-0.25095924708094186,0.41284607309455823,-0.37230083373760725
2025-09-26 18:00:00+00:00,-0.45063648533700884,-0.4416299794542643,-0.06499237432555047,-0.12406301428260791,-0.2785946551979832,0.38982779697176145,-0.3549575498913869
2025-09-26 19:00:00+00:00,-0.42748530830156456,-0.45165339383773123,-0.06499237432555047,-0.12406301428260791,-0.2785946551979832,0.3802609709920916,-0.3380407757933421
2025-09-26 20:00:00+00:00,-0.40917098206086056,-0.4640260915467741,-0.10595788934454964,-0.12406301428260791,-0.2785946551979832,0.3698188642936365,-0.32228872455616153
2025-09-26 21:00:00+00:00,-0.3847050585847066,-0.4763237720423174,-0.10595788934454964,-0.12406301428260791,-0.3281666393844757,0.3552417175278146,-0.3095771981754598
2025-09-26 22:00:00+00:00,-0.3868159817057833,-0.4664373690236709,-0.10272988199905436,-0.12406301428260791,-0.3281666393844757,0.3564729095281394,-0.3103345696754077
2025-09-26 23:00:00+00:00,-0.37791143113574843,-0.470429687812917,-0.10272988199905436,-0.12448430452243692,-0.3312694108856022,0.3576898163306554,-0.3064441075316974
2025-09-27 00:00:00+00:00,-0.3173848785899057,-0.4615711324331136,-0.1160239517137757,-0.14189515361220809,-0.2701486356884282,0.3505629600889943,-0.2718248881373379
2025-09-27 01:00:00+00:00,-0.30593065283939186,-0.46861965840883146,-0.1160239517137757,-0.14730380129859957,-0.2701486356884282,0.350707521780334,-0.27004765310823114
2025-09-27 02:00:00+00:00,-0.297324239182466,-0.47604368535874897,-0.1160239517137757,-0.15326069676744364,-0.2731282940943831,0.34924064990851406,-0.26830367730993804
2025-09-27 03:00:00+00:00,-0.32218512211370604,-0.4961313022715656,-0.14061116221628134,-0.1454425687568626,-0.29982264260970054,0.36161487240069434,-0.29111779414301275
2025-09-27 04:00:00+00:00,-0.3356345631141339,-0.4863532627724497,-0.14061116221628134,-0.09783837074151365,-0.29982264260970054,0.3946589207457411,-0.2945389866327495
2025-09-27 05:00:00+00:00,-0.3274042084401567,-0.4955643215205468,-0.1443716856217559,-0.10479179946276634,-0.29982264260970054,0.3881567973103988,-0.29185633082916873
2025-09-27 06:00:00+00:00,-0.31972853729360345,-0.5053466997456794,-0.1443716856217559,-0.10564558111133959,-0.29982264260970054,0.38020466652239626,-0.2932880846619179
2025-09-27 07:00:00+00:00,-0.3125476188893203,-0.5075367233218219,-0.14061116221628134,-0.10564558111133959,-0.3031022837043697,0.37249758357529955,-0.29548238722294673
2025-09-27 08:00:00+00:00,-0.33191753794293954,-0.4957574047239465,-0.12790570336574833,-0.07372503187935932,-0.30859012602538183,0.3898499948294103,-0.2844035493558023
2025-09-27 09:00:00+00:00,-0.34436470193635565,-0.4847251172616775,-0.11550845638531412,-0.04546769917165981,-0.3137909393806834,0.4055580725981648,-0.2662100758048795
2025-09-27 10:00:00+00:00,-0.35922239541290096,-0.47755687921807133,-0.11550845638531412,-0.04546769917165981,-0.3137909393806834,0.4275688831077945,-0.2716395724975355
2025-09-27 11:00:00+00:00,-0.37899428750413255,-0.4703727209900415,-0.11550845638531412,-0.028764611051132878,-0.3137909393806834,0.4475388133774643,-0.27674881581212124
2025-09-27 12:00:00+00:00,-0.37882369774665997,-0.46424201468348625,-0.12790570336574833,-0.039496291660641156,-0.29966194013490527,0.4433742353511824,-0.28510780551032233
2025-09-27 13:00:00+00:00,-0.38555415452748204,-0.45680312287415226,-0.0947377448563114,-0.039496291660641156,-0.2761488015461969,0.44845648851288794,-0.2960144375617278
2025-09-27 14:00:00+00:00,-0.38112892323852954,-0.44932784664770153,-0.11550845638531412,-0.028764611051132878,-0.30058305632697063,0.4510909191433719,-0.29245297003275655
2025-09-27 15:00:00+00:00,-0.38112892323852954,-0.4524808982085591,-0.11550845638531412,-0.028764611051132878,-0.30058305632697063,0.4510909191433719,-0.2924092453807605
2025-09-27 16:00:00+00:00,-0.38112892323852954,-0.4557655505550291,-0.11550845638531412,-0.028764611051132878,-0.2975841910378636,0.4493427353066461,-0.29295332501084465
2025-09-27 17:00:00+00:00,-0.37964251771287416,-0.45651243719757395,-0.11995458201127866,-0.029826968589752745,-0.2578807147780311,0.4493427353066461,-0.2947255826622713
2025-09-27 18:00:00+00:00,-0.35856140045323454,-0.4566583970494319,-0.10580855979947684,-0.021610659984705516,-0.24274409928479013,0.4239691566352191,-0.27194893753202953
2025-09-27 19:00:00+00:00,-0.35856140045323454,-0.461799678673174,-0.14812231599664272,-0.04066844883513484,-0.2868828108405754,0.4239691566352191,-0.26260062688329505
2025-09-27 20:00:00+00:00,-0.35856140045323454,-0.4746671883193683,-0.14812231599664272,-0.07663870449770269,-0.3281018437709128,0.4239691566352191,-0.2414660896624674
2025-09-27 21:00:00+00:00,-0.36270626236044506,-0.4746671883193683,-0.191641386977575,-0.11065916738793488,-0.344125968294035,0.4239691566352191,-0.23162209270285594
2025-09-27 22:00:00+00:00,-0.3602073904022967,-0.4738027650290437,-0.191641386977575,-0.1126608461605803,-0.33708770310898123,0.4239691566352191,-0.23074123831382296
2025-09-27 23:00:00+00:00,-0.3612033142459568,-0.4766307572554289,-0.18554269056451372,-0.11433831973210566,-0.33708770310898123,0.4239691566352191,-0.2327199152168859
2025-09-28 00:00:00+00:00,-0.3612033142459568,-0.481401077053805,-0.18554269056451372,-0.12211925226154566,-0.3392813921258308,0.4239691566352191,-0.2327199152168859
2025-09-28 01:00:00+00:00,-0.3658123087019244,-0.5187651854126651,-0.17092980532675356,-0.20978825972320195,-0.3288554685014307,0.4092123713962177,-0.2556013957048428
2025-09-28 02:00:00+00:00,-0.361805621841601,-0.5350527299605594,-0.18849938284464463,-0.23628031534640487,-0.312269815721709,0.3847123450642936,-0.2780720045239677
2025-09-28 03:00:00+00:00,-0.361805621841601,-0.540910860695741,-0.18849938284464463,-0.25580453019763144,-0.3077110751453798,0.3847123450642936,-0.27571112435344014
2025-09-28 04:00:00+00:00,-0.361805621841601,-0.5369086726803507,-0.2185433458832608,-0.24277866247693533,-0.26299204213576327,0.3847123450642936,-0.2792092727026571
2025-09-28 05:00:00+00:00,-0.361805621841601,-0.5469667726285132,-0.2185433458832608,-0.2514378243257376,-0.26231013549818016,0.38404820647111776,-0.2757758959349025
2025-09-28 06:00:00+00:00,-0.361805621841601,-0.5485858115939781,-0.21211643107319533,-0.26076754849354666,-0.25983571907746134,0.38404820647111776,-0.27625735480421315
2025-09-28 07:00:00+00:00,-0.361805621841601,-0.5478634870218586,-0.21211643107319533,-0.26076754849354666,-0.2576051207595943,0.3836158759107874,-0.27758039500259546
2025-09-28 08:00:00+00:00,-0.34942978462783075,-0.5292156911107594,-0.22687035721572477,-0.22913272706791823,-0.1997564132442247,0.3632795133022146,-0.26152450555486983
2025-09-28 09:00:00+00:00,-0.32713510272125745,-0.5216959702167128,-0.21939661658100706,-0.199755016240195,-0.14947762201681214,0.3474909154690908,-0.24467980918391416
2025-09-28 10:00:00+00:00,-0.32713510272125745,-0.513687224740249,-0.21939661658100706,-0.199755016240195,-0.11751315263404774,0.34380891124053403,-0.2550569867980263
2025-09-28 11:00:00+00:00,-0.32713510272125745,-0.5056960842652876,-0.18119336518888393,-0.18240845187294302,-0.08648582418560971,0.34014330180646735,-0.26007299333945494
2025-09-28 12:00:00+00:00,-0.32713510272125745,-0.5056960842652876,-0.08504339262555757,-0.18240845187294302,-0.05627499029381275,0.33304946573639527,-0.26549329491645984
2025-09-28 13:00:00+00:00,-0.32713510272125745,-0.4977212258510886,-0.030443395007229056,-0.16493125900815866,-0.026774087355595635,0.32332789572572496,-0.2709382113283723
2025-09-28 14:00:00+00:00,-0.32713510272125745,-0.48976132838649705,0.015340753246783058,-0.14432173486736644,0.0021118420203009246,0.3081132811308888,-0.27640829005025946
2025-09-28 15:00:00+00:00,-0.3125050443497346,-0.5070722703519044,0.01703995441514553,-0.14201926382472532,-0.01417238342354454,0.3167056803045364,-0.2693510585295025
2025-09-28 16:00:00+00:00,-0.3125050443497346,-0.5093281343272529,0.0080056379548664,-0.1436545869613604,-0.01968257708806325,0.31707234259199435,-0.2688341422667669
2025-09-28 17:00:00+00:00,-0.3125050443497346,-0.5093281343272529,-0.0038201623121459478,-0.1453106070674785,-0.024551430807011883,0.3169204046312138,-0.26894366220334737
2025-09-28 18:00:00+00:00,-0.3125050443497346,-0.5094146869865926,-0.01092455875555098,-0.14698618394711627,-0.0291799772893054,0.31455340714591745,-0.2692440895195415
2025-09-28 19:00:00+00:00,-0.32045844509902255,-0.5094146869865926,-0.06163183621596689,-0.14698618394711627,-0.047369077138318526,0.32686262229016566,-0.2581172857979879
2025-09-28 20:00:00+00:00,-0.3283071427569127,-0.5057877025146478,-0.1332619840580486,-0.1881144487099322,-0.08211284927963268,0.33962532062115613,-0.25267791850674937
2025-09-28 21:00:00+00:00,-0.336056017620389,-0.5057877025146478,-0.17567968594030983,-0.2508436104433905,-0.10035992204010728,0.35221589939043657,-0.24718215671223456
2025-09-28 22:00:00+00:00,-0.336056017620389,-0.50377276230242,-0.17636890537566513,-0.2517281849837101,-0.10509815176837271,0.3514731848132076,-0.24625373317902016
2025-09-28 23:00:00+00:00,-0.33667008650816177,-0.5061268609419819,-0.1782232653572464,-0.2566734986344559,-0.11063381116989404,0.3508354522670917,-0.24094886182082903
2025-09-29 00:00:00+00:00,-0.33667008650816177,-0.5107575202094511,-0.18298308709928113,-0.27148363983224955,-0.11538719675347996,0.35029664165883656,-0.2437685367683116
2025-09-29 01:00:00+00:00,-0.33667008650816177,-0.5051814855409836,-0.14586205821110304,-0.2462384963448155,-0.09013643461393323,0.33077853188040185,-0.2437685367683116
2025-09-29 02:00:00+00:00,-0.32962389395890457,-0.496251782150231,-0.11439471356062257,-0.2196989571195665,-0.06501300390124624,0.3152088256792849,-0.2437685367683116
2025-09-29 03:00:00+00:00,-0.32932068546870685,-0.50648583836968,-0.08185965015482927,-0.23575720769368227,-0.05413224526989997,0.299601804004242,-0.27078398309743423
2025-09-29 04:00:00+00:00,-0.3224560072699019,-0.50115498402901,-0.05041313109757768,-0.20872679908771666,-0.029744276049154087,0.2732125478537271,-0.27078398309743423
2025-09-29 05:00:00+00:00,-0.3294234778279371,-0.5203573423248309,-0.026878481299335785,-0.22987160163762452,-0.02051142972055898,0.2621759452904348,-0.2915102633619772
2025-09-29 06:00:00+00:00,-0.32742350667522196,-0.5251563387483181,-0.002138466338799029,-0.25506114973030264,-0.023955697128161774,0.25689263305567084,-0.2861045970774574
2025-09-29 07:00:00+00:00,-0.3095737801397134,-0.5247369219043407,0.02037211702586077,-0.2557777442234787,-0.0162919612894039,0.25289235439200536,-0.2677025746818067
2025-09-29 08:00:00+00:00,-0.2938635496919593,-0.5150809829583005,0.058737847857276086,-0.2345207879916724,0.018232322463615402,0.22617025540849856,-0.2677025746818067
2025-09-29 09:00:00+00:00,-0.2784188542064219,-0.5055151569499448,0.08503949466431968,-0.19848345889023214,0.04153993242256259,0.19896594197635542,-0.26204456753001915
2025-09-29 10:00:00+00:00,-0.2570091599916229,-0.4985102807363363,0.12782210112490056,-0.17808193495217073,0.06499999999994573,0.16936730185110588,-0.2668347973550783
2025-09-29 11:00:00+00:00,-0.23827852313414144,-0.49150812111928543,0.15200717307288594,-0.1581138830087566,0.08865405309625844,0.14159557791719304,-0.2668347973550783
2025-09-29 12:00:00+00:00,-0.2115817557784127,-0.4845073826814008,0.19066253239149092,-0.13854137901720393,0.11254545106461511,0.11265895742005494,-0.2711958987451158
2025-09-29 13:00:00+00:00,-0.1925556170118307,-0.4775067522166181,0.2137908364246338,-0.11932966652696315,0.13671981455629523,0.08518126218322687,-0.2711958987451158
2025-09-29 14:00:00+00:00,-0.19305180229172672,-0.4789113099023017,0.2176372041791096,-0.10464021430320716,0.12956406163781034,0.09589899153544242,-0.2710557985829554
2025-09-29 15:00:00+00:00,-0.24349445098767203,-0.5340928771783076,0.2180955173412732,-0.10726983634549563,0.09955088887376191,0.21086290475194241,-0.28593326687773635
2025-09-29 16:00:00+00:00,-0.2534929784083857,-0.5510163397230763,0.2263238148882198,-0.10207911912447361,0.08198166686937024,0.205504065179942,-0.2757182188573803
2025-09-29 17:00:00+00:00,-0.23429716763781894,-0.5406590169651003,0.23743915196654924,-0.08072569280036411,0.08286884889313641,0.19212177176643902,-0.2581998815816373
2025-09-29 18:00:00+00:00,-0.21664974924165287,-0.5035655702299242,0.2475193382033832,-0.053655996146794116,0.09285320876020513,0.1736585723820451,-0.23997341162133937
2025-09-29 19:00:00+00:00,-0.20204929610406416,-0.4335051226441666,0.25233127890440876,-0.03793216209017971,0.0799147823524917,0.15638836964566635,-0.20428762787602187
2025-09-29 20:00:00+00:00,-0.17729019558058146,-0.35487803877537877,0.24799083618194806,0.002295898048048856,0.06398068384891323,0.14565076448238634,-0.15000336746017517
2025-09-29 21:00:00+00:00,-0.14737939326508126,-0.2735811849414211,0.25088718339112903,0.041233677987668485,0.04472336074423022,0.14209530790682232,-0.10069299595203464
2025-09-29 22:00:00+00:00,-0.13248253760019282,-0.2578458261675266,0.25303422086430993,0.06178742602468299,0.0480397617100417,0.1314595817207087,-0.09358097548130165
2025-09-29 23:00:00+00:00,-0.143163073855314,-0.26492606399178653,0.2511186130172379,0.05286805326422696,0.03104545120452261,0.1263196838539378,-0.12437170338899114
2025-09-30 00:00:00+00:00,-0.14399020112522537,-0.29228210463278365,0.1538105644813449,-0.023730286096147735,0.01681048636986228,0.0029150684359408145,-0.2634555439239672
2025-09-30 01:00:00+00:00,-0.11015473790475014,-0.27842746143827524,0.12779463337724045,-0.06157574098111483,0.03268149667166697,-0.05128326183931144,-0.3368709729412713
2025-09-30 02:00:00+00:00,-0.0996401523963559,-0.28684774825958814,0.11921828927898598,-0.09056540158482157,0.04088705880489144,-0.08288763303238723,-0.378758036242735
2025-09-30 03:00:00+00:00,-0.08479372239757237,-0.29144072616939565,0.1731211691955343,-0.106900706447038,0.05590719314134998,-0.11486121604534089,-0.40868785399214047
2025-09-30 04:00:00+00:00,-0.07840625602345029,-0.30225660049436065,0.21245093939132292,-0.12141205676433106,0.06477279843339882,-0.12837158931936585,-0.43937475436568474
2025-09-30 05:00:00+00:00,-0.08760284909193967,-0.3230073085863494,0.19883027972093123,-0.13704938424485089,0.06244472411821352,-0.1293668139645317,-0.45523895823225813
2025-09-30 06:00:00+00:00,-0.10058791447171624,-0.3452367278304023,0.22420365140166468,-0.15154003960113402,0.05828513310943998,-0.12813498062799966,-0.3941505728512823
2025-09-30 07:00:00+00:00,-0.11735676165071643,-0.305056252065173,0.2454763597332299,-0.12822474589853172,0.05228551378907629,-0.114899765111761,-0.342325695786772
2025-09-30 08:00:00+00:00,-0.12748905098598223,-0.2661894936105095,0.23220889339240844,-0.06337789936217361,0.09695052545578625,-0.11081191787131411,-0.28091210336257394
2025-09-30 09:00:00+00:00,-0.13688561649809053,-0.2583113951720271,0.2206361074407746,-0.008453590450739956,0.13504558062108352,-0.10488485261379842,-0.2412317832705777
2025-09-30 10:00:00+00:00,-0.17194632145166922,-0.2773882412181475,0.21014057284390908,0.003719549367226634,0.12818674903534746,-0.08445261206731543,-0.21852096525919515
2025-09-30 11:00:00+00:00,-0.2400538271879762,-0.27397859943729347,0.19884627939605362,0.014940413599053348,0.11927007645951672,-0.05806381484196787,-0.20895732180564877
2025-09-30 12:00:00+00:00,-0.30750379219131524,-0.275539122131801,0.18570291697084618,0.022616822792012735,0.09722098498387154,-0.0006002118761890137,-0.2001455015634243
2025-09-30 13:00:00+00:00,-0.3827019940767273,-0.275972605053596,0.1756449705464719,0.03036649421014869,0.0840892735171652,0.05605040522815751,-0.1928640627679025
2025-09-30 14:00:00+00:00,-0.4030526617992437,-0.27316527463802964,0.16379390019934037,0.03675575316017482,0.0657400470072297,0.12705061935421597,-0.19634126142969674
2025-09-30 15:00:00+00:00,-0.4261410691842429,-0.2720735659012101,0.12004482369804449,0.04041797300294979,0.03430258359630141,0.2293175823041877,-0.17948784247676025
2025-09-30 16:00:00+00:00,-0.44888059644230105,-0.271645820552342,0.10821759573748505,0.04305677989545624,-0.039581061919788184,0.15154046599069243,-0.1543536688300368
2025-09-30 17:00:00+00:00,-0.4388121960328956,-0.27084087254108485,0.12472389147482554,0.07926655180481104,-0.029358804086460865,0.08665420534060211,-0.11614721256952977
2025-09-30 18:00:00+00:00,-0.4295948394443263,-0.24676233116039872,0.13215909010888263,0.11209604295551574,0.03430231782570486,0.028587743591597162,-0.05896295539578027
2025-09-30 19:00:00+00:00,-0.371252772846541,-0.2123593078691304,0.1412079334910849,0.18172871225676693,0.07549767669875872,-0.012382034723295078,0.016619221228774128
2025-09-30 20:00:00+00:00,-0.28689042513948093,-0.1287499659462831,0.14557297611398948,0.25347612135734343,0.11167575419878152,-0.03245520931284074,0.09512345406487811
2025-09-30 21:00:00+00:00,-0.2053552409759604,-0.03250988714025405,0.15049412840332502,0.3215254027915796,0.10232826031899245,-0.050761139796306705,0.15017412507346872
2025-09-30 22:00:00+00:00,-0.15856505183856676,0.016921005157315233,0.15619843302019226,0.359789923699904,0.09372447507691177,-0.06743367660038505,0.1654819830556772
2025-09-30 23:00:00+00:00,-0.18764792177993214,0.003292837636235801,0.12765568566084684,0.3503092444701827,0.06784153220296663,-0.08310171875396516,0.12824144649052244
2025-10-01 00:00:00+00:00,-0.24067875221855806,-0.033023460780123484,0.10581754916745809,0.33620370854846443,0.05922925936019831,-0.08720474855067152,0.08206888432710512
2025-10-01 01:00:00+00:00,-0.27199064577701626,-0.06270463135953767,0.07595329544661195,0.3247729561740315,0.033265432211764576,-0.08526806327639676,0.04945748835158356
2025-10-01 02:00:00+00:00,-0.29875038710521656,-0.08981176966095107,0.048040999992120366,0.3151448567746077,0.009439150028453358,-0.08368489984460332,0.0198686183302334
2025-10-01 03:00:00+00:00,-0.3297373772282628,-0.12352251705086793,0.02297949868911128,0.30129939127758243,0.0014993449147076925,-0.07417791383061359,-0.011114419514289492
2025-10-01 04:00:00+00:00,-0.356401826313429,-0.16238646004536442,-0.013898915920190288,0.2892863109410438,-0.00573684130347054,-0.06541684809878706,-0.04354618431131642
2025-10-01 05:00:00+00:00,-0.3835427718639184,-0.18679783844068676,-0.044590383400314425,0.2733355822199819,-0.013610402485718326,-0.04917714291536444,-0.07077126582699239
2025-10-01 06:00:00+00:00,-0.40912966645357635,-0.2010945668990796,-0.10173861282629923,0.2560998928698593,-0.021482443730580333,-0.027110074398632916,-0.053252234846360956
2025-10-01 07:00:00+00:00,-0.4333679637325105,-0.1981097742703653,-0.14121517895693775,0.24493479540873792,-0.02936981589027856,0.0012565573181865467,-0.032030173866863534
2025-10-01 08:00:00+00:00,-0.4491370000248048,-0.18514993846349448,-0.22982066285012898,0.2528958074935827,0.014280942625050998,0.029850814123509834,-0.0017761677864244687
2025-10-01 09:00:00+00:00,-0.45784330736133744,-0.18047582007828275,-0.29014744395119885,0.26039085289053343,0.05769478094409209,0.07001484605744383,0.02316516239113215
2025-10-01 10:00:00+00:00,-0.47121920896156533,-0.18616352339188316,-0.33937468480196015,0.24889285995902083,0.04977195236693455,0.10893361265118351,0.024003053481214325
2025-10-01 11:00:00+00:00,-0.48357921778732005,-0.19196640881746932,-0.3581255056421262,0.23693687578047717,0.04190646372624837,0.1467440351853698,0.02056809036712762
2025-10-01 12:00:00+00:00,-0.4950299975326591,-0.20801468727103795,-0.35598064222484627,0.21717203940806817,0.03408143791588261,0.18357401686331165,0.02111263528032638
2025-10-01 13:00:00+00:00,-0.5019953304639163,-0.21441863582628395,-0.353744934749455,0.2028800278008191,0.025572532908545817,0.2310195243163316,0.021578786336037162
2025-10-01 14:00:00+00:00,-0.5046551264089914,-0.22098013243569062,-0.3506485908254289,0.19815443375766723,0.04453258316665662,0.28185744872992774,0.0222994207343245
2025-10-01 15:00:00+00:00,-0.5064309357966099,-0.22879865896481053,-0.3717665664960469,0.18136900856038937,0.06084959479797907,0.33320342916397405,0.01875889881514838
2025-10-01 16:00:00+00:00,-0.48674992898272645,-0.23688048786036656,-0.3660497631550431,0.17668042147468183,0.07529058279701087,0.26207505664369435,0.024479688029557786
2025-10-01 17:00:00+00:00,-0.4571483430060802,-0.23584152689669102,-0.3593159884374058,0.17212966120234666,0.12169822737420254,0.21595109798094908,0.05269056375764026
2025-10-01 18:00:00+00:00,-0.40523118928646695,-0.22344171631713375,-0.36173676208276495,0.17793207062386454,0.14675827628539417,0.17269224474845138,0.08074952383337085
2025-10-01 19:00:00+00:00,-0.34953074509960846,-0.1877468311141043,-0.38394119332779253,0.17585506778566323,0.15817548167725756,0.13438273978539295,0.11401931071080561
2025-10-01 20:00:00+00:00,-0.2968824366151494,-0.11740424241686849,-0.3822135297363926,0.21168185451784255,0.19055074273565295,0.10515371746978433,0.15662406826349684
2025-10-01 21:00:00+00:00,-0.2468375662396927,-0.03492274914345419,-0.37025468745193973,0.2484053327811744,0.16486334112835377,0.07689195756499369,0.19902199741172608
2025-10-01 22:00:00+00:00,-0.21283751836556383,0.011944681354071457,-0.35858609981610023,0.2660813834273269,0.15234297241754471,0.047249091148373716,0.2069955239762736
2025-10-01 23:00:00+00:00,-0.2022071369579333,0.003014052942927844,-0.3780728750688103,0.25471874550435775,0.18359973646606034,0.01858984448600195,0.162465102279765
2025-10-02 00:00:00+00:00,-0.22371924367317156,-0.02959537909497021,-0.44874403036679933,0.23232917441159617,0.1722072182367794,-0.0038984822255133398,0.11704360440486443
2025-10-02 01:00:00+00:00,-0.2420762795894195,-0.05849836600507064,-0.4423113342204787,0.21163137183858333,0.16231806101618443,-0.023065156069980573,0.07345052609668148
2025-10-02 02:00:00+00:00,-0.25509613933038566,-0.08173082445745161,-0.4598235340905998,0.19283892534347663,0.1556704628804878,-0.027454234188092796,0.0414484217413381
2025-10-02 03:00:00+00:00,-0.2709281151409785,-0.10797293999487749,-0.446752503296658,0.17181798050727126,0.1479049898126963,-0.03148429258641954,0.005131261722603354
2025-10-02 04:00:00+00:00,-0.2866860352679285,-0.13694219275511207,-0.43228506568443886,0.14935436231781254,0.14742248914333322,-0.03536321854863833,-0.03590642762432714
2025-10-02 05:00:00+00:00,-0.3112450258715075,-0.16257949727993956,-0.4155313128321873,0.12367627960249164,0.14218994817563899,-0.03718053342712359,-0.061414739696007414
2025-10-02 06:00:00+00:00,-0.3274443167127679,-0.1728732083750699,-0.3977087272544947,0.08445552073055747,0.09066775470636507,-0.02948685798939402,-0.05354783004622972
2025-10-02 07:00:00+00:00,-0.3220560843306618,-0.18100611854691634,-0.37784861891380794,0.0587251600437843,0.0859884333510184,-0.019494806925243736,-0.032306054013527194
2025-10-02 08:00:00+00:00,-0.3155625708441303,-0.17202146468123694,-0.3561611509492475,0.05589493750853776,0.0836136098951768,-0.008074388398618227,-0.007626868106420058
2025-10-02 09:00:00+00:00,-0.3084260686257271,-0.16289206159443312,-0.37581113022830104,0.051674330225483386,0.07968671885308554,0.00633824998844095,0.017320406957037276
2025-10-02 10:00:00+00:00,-0.30235769794661055,-0.17216333108273651,-0.3971899349872037,0.04176630136333645,0.06387196252965267,0.021049899938447348,0.013951484567688141
2025-10-02 11:00:00+00:00,-0.306390202496615,-0.18670244623741822,-0.372552414960446,0.030587181905652985,0.057093778004573464,0.04823958394451334,0.008314483118371676
2025-10-02 12:00:00+00:00,-0.2990817472476481,-0.20261663838238608,-0.34383141361029956,0.017943505261513622,0.04835413776434505,0.07730198403009413,-0.006814873027546763
2025-10-02 13:00:00+00:00,-0.30363822749373004,-0.2207280811137908,-0.3122445813945907,0.004431106065861318,0.04129933055667354,0.12476766703504781,-0.011885310068658218
2025-10-02 14:00:00+00:00,-0.3090037939316718,-0.2357873494996933,-0.3346604188994214,-0.011081341005569978,-0.03305759142664735,0.1794785869494691,-0.018056496424309672
2025-10-02 15:00:00+00:00,-0.2994561847053479,-0.25391037138505973,-0.3603440236978946,-0.029028475166652214,-0.04949705831092488,0.23973348507037318,-0.015028367600557311
2025-10-02 16:00:00+00:00,-0.28900122504777365,-0.24992007270184446,-0.32329945472660687,-0.05002329475399085,-0.07011161874764862,0.22612791983552602,-0.0008936753632641535
2025-10-02 17:00:00+00:00,-0.25937216062978763,-0.24688567646365503,-0.27916597634244317,-0.041216575236354094,-0.09598746875264313,0.2098049279634296,0.030898246234575065
2025-10-02 18:00:00+00:00,-0.22119115540886303,-0.18720897979870824,-0.2254950056627102,-0.031467383063416426,-0.04219324473579129,0.17242486826056336,0.06842782027119726
2025-10-02 19:00:00+00:00,-0.1450660045341428,-0.0746691235158198,-0.15834478398808502,-0.020350688714511445,0.020465514746179293,0.14614526286803076,0.126534903899277
2025-10-02 20:00:00+00:00,-0.047949002026712144,0.08033770620672344,-0.18579069145670407,0.09158882004743106,0.09712241591806234,0.1128436481875573,0.23305610785169875
2025-10-02 21:00:00+00:00,0.11081667817116767,0.2828500917986158,-0.09052031887267276,0.3085929492618103,0.19863881672090875,0.06834959883915426,0.3568002246268463
2025-10-02 22:00:00+00:00,0.26069859934620243,0.39064232023145384,0.055950448192406806,0.4865484031970221,0.35447024505834157,0.0021028833714073253,0.4491492685753528
2025-10-02 23:00:00+00:00,0.46011982468161494,0.5741164694421613,0.07097662897300003,0.5792473845469785,0.21656775648191762,-0.06553843634688394,0.48336831363376986
2025-10-03 00:00:00+00:00,0.49360249537939543,0.568359050644785,0.06876440234382612,0.5773920375572849,0.21421949841204746,-0.07589092494102008,0.4657039200085631
2025-10-03 01:00:00+00:00,0.5382478021806778,0.59598057666804,0.05788287614162873,0.584518815608339,0.23084028484500854,-0.04502801380819269,0.45757369883425025
2025-10-03 02:00:00+00:00,0.5778233764740686,0.618348134937498,0.0487461753392253,0.5903626782551892,0.24383409087080216,-0.02129430116173071,0.45382167685139846
2025-10-03 03:00:00+00:00,0.6030010251502339,0.637563767231275,0.07545786699559333,0.6008564700829986,0.25879540995375544,0.0041794757812760545,0.4584282262331996
2025-10-03 04:00:00+00:00,0.6258734752622942,0.6535745401010323,0.10504570016516283,0.6099989699562434,0.27097014001455644,0.030713825992633063,0.46211380879066394
2025-10-03 05:00:00+00:00,0.6468442962919966,0.6670016211616459,0.09911507785020772,0.6178641028370083,0.28078830701324053,0.05319314270658215,0.46633517661341445
2025-10-03 06:00:00+00:00,0.6662350884101468,0.6782998295534357,0.13325345220822538,0.6245407169910183,0.2885528666413786,0.07241538097786172,0.4850413584631308
2025-10-03 07:00:00+00:00,0.6843068887703775,0.6995009079310084,0.1718336720338898,0.6337488480719874,0.294481793729483,0.0950761275929688,0.5022733067803803
2025-10-03 08:00:00+00:00,0.6955941834395195,0.7138982632092096,0.16731633645653862,0.6470395359184035,0.31979400452823664,0.11495019938693292,0.517533023210142
2025-10-03 09:00:00+00:00,0.7061569532559447,0.7239949367682769,0.16350532715529903,0.6590270561201929,0.3443185441714682,0.13288809273347463,0.5293412365812261
2025-10-03 10:00:00+00:00,0.7131244803835048,0.7329923368349422,0.16027558367181097,0.6672036154372843,0.3522086139638684,0.15266112977328725,0.538290641149721
2025-10-03 11:00:00+00:00,0.7214557748371292,0.7434039514559019,0.2794706572732851,0.6794937452112834,0.3654452407044386,0.16832630929162398,0.5481533122988443
2025-10-03 12:00:00+00:00,0.7291188402199688,0.7527941867470894,0.27017344966210044,0.6907894756149259,0.37742903622048524,0.18433090629830637,0.5571365238894874
2025-10-03 13:00:00+00:00,0.7391933767176044,0.7613034275599008,0.26168384999250155,0.7012284165515654,0.3882993612481328,0.19982351230603682,0.5653291506726495
2025-10-03 14:00:00+00:00,0.7442639138009381,0.7690473274343309,0.25389055850820835,0.7109269570729524,0.3981721525284194,0.21697675297174512,0.5739209737948754
2025-10-03 15:00:00+00:00,0.7489218617376926,0.7761221488621475,0.24604723255103422,0.7199848728979611,0.40714489962652317,0.23417904030236422,0.5802301307690457
2025-10-03 16:00:00+00:00,0.7532005614885583,0.7826087712430523,0.2389096368659091,0.7284888693931264,0.4357768200872509,0.24588989855764343,0.5861506328869043
2025-10-03 17:00:00+00:00,0.7578350698628534,0.7933888529599362,0.231519491812426,0.7357839597579979,0.4524449496803793,0.2663795177512293,0.5919832555676049
2025-10-03 18:00:00+00:00,0.7621839158068399,0.7993558840791408,0.225245637739036,0.7426081491124749,0.45871540016298845,0.2863130151473654,0.5975692733457997
2025-10-03 19:00:00+00:00,0.7695946783213237,0.8049222374033369,0.2200383465239769,0.7505049880330231,0.4650629808644688,0.30205537265053733,0.6058191568417486
2025-10-03 20:00:00+00:00,0.779053479265115,0.812234689916178,0.2158592836898774,0.7683003301198411,0.47148262207047276,0.31406126175519183,0.6243201723190287
2025-10-03 21:00:00+00:00,0.7882786199036617,0.8224472677899726,0.2126804347579357,0.7874797664596977,0.4862416282595227,0.3253838812344195,0.6378638076023988
2025-10-03 22:00:00+00:00,0.7946886848152971,0.8283086996147487,0.21048337586022867,0.7965551939018449,0.5007089496407171,0.33608363655578544,0.6487420763815563
2025-10-03 23:00:00+00:00,0.789463746127042,0.8150236233110872,0.21048337586022867,0.8006033323595091,0.5098409401169816,0.3405391358265709,0.6531915903333279
2025-10-04 00:00:00+00:00,0.7930426147177678,0.8096288686895142,0.21048337586022867,0.8054526858029327,0.5197622930808931,0.3427577436272201,0.6634970829408571
2025-10-04 01:00:00+00:00,0.780681780103918,0.7888033405715104,0.21454797643800816,0.7961102395043557,0.5016002002022932,0.33371302792807267,0.640505894436202
2025-10-04 02:00:00+00:00,0.7610395002499766,0.7846681493236399,0.20225807264667942,0.7697681445264901,0.4709849152140192,0.3221477587130959,0.6327894746093718
2025-10-04 03:00:00+00:00,0.7474438998767945,0.7836985934322128,0.19127306830458526,0.7501618767052877,0.44941163397500766,0.31990362129360395,0.6331176230245694
2025-10-04 04:00:00+00:00,0.7369029373930981,0.7843562187202994,0.18254971110661888,0.734482776310317,0.42984905752372937,0.31849782165033164,0.6344858192104549
2025-10-04 05:00:00+00:00,0.7369029373930981,0.7843562187202994,0.15731953086887807,0.7293615017742967,0.42984905752372937,0.33135161547967684,0.634250544591257
2025-10-04 06:00:00+00:00,0.7355115063703432,0.7795113087628234,0.15731953086887807,0.7242997131864741,0.39890827588863054,0.3441536092368234,0.6299442637527718
2025-10-04 07:00:00+00:00,0.7314912454977983,0.7770136821083403,0.1402401546180222,0.7197525121261839,0.3914487290964124,0.36278924521510014,0.625287203588615
2025-10-04 08:00:00+00:00,0.7289533849807829,0.7736592796122926,0.10865848881207667,0.7124595160321245,0.3914487290964124,0.37321029080904666,0.6210417469317263
2025-10-04 09:00:00+00:00,0.7288758488507333,0.7703227268726971,0.09408068558333357,0.7052169144219682,0.3914487290964124,0.3904534561864739,0.6210417469317263
2025-10-04 10:00:00+00:00,0.728991266967227,0.7691464390994034,0.07706974079993704,0.6971361347706572,0.3717522062069086,0.40805176774549756,0.6194770168798541
2025-10-04 11:00:00+00:00,0.7293147073846136,0.7680097434105291,0.07706974079993704,0.6893319316719444,0.3517389617583617,0.4260339420906478,0.618589322059296
2025-10-04 12:00:00+00:00,0.7298629735108718,0.7669139122434118,0.060458544126280225,0.6818270380435256,0.33132103847716654,0.4393910191007947,0.6177134933882816
2025-10-04 13:00:00+00:00,0.7347558235288792,0.7681887210640225,0.05099836595569236,0.6833592578582154,0.324086059779027,0.4485850333076677,0.618289183356412
2025-10-04 14:00:00+00:00,0.7365072179765486,0.7695338434500847,0.0417417507134433,0.6856062462155232,0.324086059779027,0.46472031296316435,0.6188187713057384
2025-10-04 15:00:00+00:00,0.7383308337935226,0.7709517641380044,0.0417417507134433,0.6886608289157367,0.324086059779027,0.4746098220332966,0.6194618370478016
2025-10-04 16:00:00+00:00,0.7383308337935226,0.7724451014224318,0.03267076704599716,0.6926358118491068,0.324086059779027,0.4864741352559148,0.6172723047293271
2025-10-04 17:00:00+00:00,0.7334361606783493,0.7724451014224318,0.02376904459227161,0.6976696012196357,0.324086059779027,0.4864741352559148,0.612343738102918
2025-10-04 18:00:00+00:00,0.7334361606783493,0.7724451014224318,0.006564447377183347,0.6963239885060583,0.3171915611564762,0.4864741352559148,0.6074731738307053
2025-10-04 19:00:00+00:00,0.7334361606783493,0.7724451014224318,-0.0021123292241357733,0.6866184222789516,0.324086059779027,0.4864741352559148,0.5972466869187246
2025-10-04 20:00:00+00:00,0.7334361606783493,0.7724451014224318,-0.019554073515344727,0.6866184222789516,0.27990427434010917,0.4864741352559148,0.585355056523113
2025-10-04 21:00:00+00:00,0.7334361606783493,0.764801423322512,-0.028081288280924883,0.7050283762786724,0.2481838672424366,0.4864741352559148,0.5782679991068534
2025-10-04 22:00:00+00:00,0.7259087220807422,0.7572867130686481,-0.03484787572241014,0.6812901518513963,0.2222567416619688,0.4963612618509175,0.5761334958999782
2025-10-04 23:00:00+00:00,0.7259345758377561,0.7636900628032315,-0.03318991741470741,0.6844757509237651,0.19892721138212535,0.5062331189331505,0.5904063550832054
2025-10-05 00:00:00+00:00,0.7299376021843673,0.7636900628032315,-0.03318991741470741,0.6971937071363571,0.20268958752349406,0.5009560342632797,0.5952849260038552
2025-10-05 01:00:00+00:00,0.7282992580325959,0.7564537723347909,-0.045815515853389326,0.701226893550765,0.19503663340978872,0.48861974770113287,0.5930465867918046
2025-10-05 02:00:00+00:00,0.7214968480132378,0.7564537723347909,-0.07400616361715509,0.6952531949009723,0.14511291366548099,0.48861974770113287,0.5929772729141042
2025-10-05 03:00:00+00:00,0.7231260010780645,0.7594547150193088,-0.09926241544366819,0.6959708158629122,0.1573341267815508,0.4964902773932193,0.6026442528386282
2025-10-05 04:00:00+00:00,0.72102944664067,0.7610046200372647,-0.1201813396541169,0.6962566516835782,0.1573341267815508,0.4964902773932193,0.6016213038598763
2025-10-05 05:00:00+00:00,0.7165218467557288,0.7578788555824123,-0.14409974417731009,0.6977541184045855,0.15882437007464517,0.5015018749948885,0.6009989205888248
2025-10-05 06:00:00+00:00,0.7145836002386573,0.7547818607191986,-0.16499272155185726,0.6977541184045855,0.11959961808604672,0.5063060421734126,0.6059630241115566
2025-10-05 07:00:00+00:00,0.7127431458418821,0.7547818607191986,-0.18579023161291466,0.664983551831061,0.0683665799191834,0.5124901789830644,0.6002794842446425
2025-10-05 08:00:00+00:00,0.697553129112724,0.7492941106662843,-0.20306716735771882,0.6085100899943894,0.02235072766071437,0.5168600301934974,0.5907649018900957
2025-10-05 09:00:00+00:00,0.6928052176561884,0.7463650705680173,-0.20306716735771882,0.5687800867135524,-0.006914630684923958,0.526013933363959,0.5907649018900957
2025-10-05 10:00:00+00:00,0.6921012113743735,0.7463650705680173,-0.21712748390305348,0.5492056393495801,-0.03695791904032347,0.5352131792343366,0.5907649018900957
2025-10-05 11:00:00+00:00,0.6875539267872032,0.7458128687183855,-0.23118348001983993,0.5297881444757679,-0.03695791904032347,0.5405605989351718,0.5874918599416169
2025-10-05 12:00:00+00:00,0.6840055441378371,0.745320020136895,-0.26522890121854215,0.5104894862932852,-0.06406312443675322,0.5459336951559505,0.5842402623062483
2025-10-05 13:00:00+00:00,0.6845205536077823,0.7473455647419208,-0.27313730929040336,0.5028372046076288,-0.06406312443675322,0.5490934746903278,0.5837724249581616
2025-10-05 14:00:00+00:00,0.6823917702328117,0.7473455647419208,-0.2811110362697086,0.49557984383585435,-0.07726038475065541,0.5570024898971363,0.5833159048676221
2025-10-05 15:00:00+00:00,0.680570092215804,0.7473455647419208,-0.2891571441780817,0.48873749491390867,-0.089756140276629,0.5617869041085347,0.5817121256691876
2025-10-05 16:00:00+00:00,0.6817875287098081,0.7473455647419208,-0.29728285685402167,0.482337762578619,-0.10167513508745865,0.5706145489159927,0.5757100878595804
2025-10-05 17:00:00+00:00,0.6685017472092741,0.7473455647419208,-0.30549559265775705,0.4764176772768268,-0.1131153620834874,0.5771992669469016,0.5713235675449588
2025-10-05 18:00:00+00:00,0.6450854344916525,0.7470034592369024,-0.30549559265775705,0.47877915532235465,-0.124155351831028,0.5844679773660488,0.540120572553706
2025-10-05 19:00:00+00:00,0.6256441549613349,0.7390846159824238,-0.3101713718610425,0.4559017717797258,-0.1348591633042198,0.5923783006685691,0.5056145904237636
2025-10-05 20:00:00+00:00,0.611341228057772,0.7316150986204045,-0.30767995635818507,0.40780649281669945,-0.14527989227111052,0.600900212294151,0.48508164929937225
2025-10-05 21:00:00+00:00,0.5976080811136494,0.724289755342419,-0.3153318987325889,0.3164062284900644,-0.15546219525006666,0.6100138015972548,0.46770382513422637
2025-10-05 22:00:00+00:00,0.5844026083716838,0.724289755342419,-0.32344292622321696,0.25808000024082506,-0.16544414287577633,0.6197076600209983,0.46770382513422637
2025-10-05 23:00:00+00:00,0.5859936575243168,0.7270622863059693,-0.32347150146887266,0.254624964193197,-0.16544414287577633,0.6177473515079229,0.4623403629114531
2025-10-06 00:00:00+00:00,0.5876154809372399,0.7237312242308872,-0.3258097617974596,0.2512842958705789,-0.16544414287577633,0.6165468077952391,0.4552368097931982
2025-10-06 01:00:00+00:00,0.5837133550487151,0.7095097454147689,-0.31719708891144,0.24981979546125718,-0.1611651580320257,0.6081953850706395,0.44930308155917054
2025-10-06 02:00:00+00:00,0.5873973838268481,0.7172012543380016,-0.32756877263735906,0.24015574002601123,-0.14716638054325382,0.6090523687544105,0.46481158585408083
2025-10-06 03:00:00+00:00,0.5959313788324562,0.7239568593664237,-0.31956570649070143,0.23096515093797892,-0.13358996294575523,0.6035411191355847,0.4813903476069336
2025-10-06 04:00:00+00:00,0.601144097971577,0.7268851099617055,-0.3120903528456986,0.2246373385832216,-0.1229027659100176,0.5987826210643925,0.49033776790416905
2025-10-06 05:00:00+00:00,0.6057408879060242,0.729349233680313,-0.30406195592366136,0.21850794438040963,-0.11231755986908867,0.5934668442074738,0.49845756843831796
2025-10-06 06:00:00+00:00,0.6070713634172223,0.7277541929389274,-0.3136135736001431,0.21256129585542716,-0.1273060899972032,0.582683684575241,0.4870816268769957
2025-10-06 07:00:00+00:00,0.6038036855736173,0.7259374252176333,-0.321361898832457,0.19307820300428175,-0.1405380311592517,0.5651658153037354,0.4626231472570427
2025-10-06 08:00:00+00:00,0.5945927775880766,0.7192564198109922,-0.32989353378098946,0.16021459224748802,-0.1521541743639332,0.5471314060353024,0.4395018577978036
2025-10-06 09:00:00+00:00,0.5886624789261831,0.7148956101300361,-0.3265193263363935,0.14026187580313093,-0.15566397976106836,0.5273076879602396,0.4279861410507606
2025-10-06 10:00:00+00:00,0.5860545518609888,0.7128644705492383,-0.32050990570824683,0.1306767846505627,-0.1458376770995959,0.5069576779338205,0.426401704325483
2025-10-06 11:00:00+00:00,0.583247758417409,0.7102545330024705,-0.45960312291124694,0.12176535177244618,-0.13593041899748576,0.48601621365519443,0.4247777557414342
2025-10-06 12:00:00+00:00,0.58180624590619,0.7075569254113295,-0.45311507597533174,0.11351046338955216,-0.12591966012081868,0.46441152617173653,0.4231177189091367
2025-10-06 13:00:00+00:00,0.5775685111778366,0.7031414109296253,-0.44125032601570263,0.11093442529681202,-0.11973141669732001,0.4472881556440273,0.42169807452299923
2025-10-06 14:00:00+00:00,0.5732755443254524,0.698378121804358,-0.42845219731787354,0.10891519037132621,-0.1126353232636994,0.429442155120726,0.4202338553889732
2025-10-06 15:00:00+00:00,0.5694831773348327,0.693238657570341,-0.40765560057716516,0.1074651187853727,-0.10458380010485761,0.4108020629881971,0.4177781576508767
2025-10-06 16:00:00+00:00,0.5592779928104956,0.6876907847104398,-0.38637466852841806,0.10660076323915826,-0.09551901694170246,0.387193305680427,0.4146681499772291
2025-10-06 17:00:00+00:00,0.5449223649751505,0.6816977900315986,-0.3643630225505772,0.104587159976616,-0.08537137859812965,0.35405244769850075,0.41085797072192587
2025-10-06 18:00:00+00:00,0.5262905159130906,0.6756779311419814,-0.3322008550132382,0.0988291714191093,-0.07405754647996098,0.3283071064552022,0.4063666009317917
2025-10-06 19:00:00+00:00,0.5023747820734294,0.6590197618121766,-0.30079951371832914,0.09359031073937252,-0.06147786234976452,0.3007099398987372,0.40277615413479334
2025-10-06 20:00:00+00:00,0.4844208441794622,0.6369450791538794,-0.27621182335505323,0.092167563948721,-0.04751298455168353,0.27315182413313965,0.38554979926361616
2025-10-06 21:00:00+00:00,0.4628930989194858,0.6095172927440442,-0.2434156784556201,0.09382006307463768,-0.033836220025453785,0.24276114190630094,0.3667785586380129
2025-10-06 22:00:00+00:00,0.44628303374577627,0.5847235148044229,-0.21515581285370125,0.09928955091536898,-0.01953533229556353,0.209064596655064,0.3504752457358873
2025-10-06 23:00:00+00:00,0.44628303374577627,0.5834690658128727,-0.19514010504649515,0.10742125212231794,-0.006322540170468161,0.1914670427023332,0.3347134933780245
2025-10-07 00:00:00+00:00,0.44294037886312876,0.5772927422269448,-0.17540768380381466,0.10266041200393469,0.006738122256802921,0.1737381068231442,0.3131289429385317
2025-10-07 01:00:00+00:00,0.43637816954570197,0.5640955270801247,-0.16405733007013418,0.09794132748437141,0.019672016674407065,0.15989994389891082,0.2951603955045926
2025-10-07 02:00:00+00:00,0.4339213384179002,0.5222194800561782,-0.10515922484863507,0.13548505625755777,0.047140119003174,0.07578667794229661,0.2788412919800646
2025-10-07 03:00:00+00:00,0.4423588559654818,0.4663839176588834,-0.03948647322304908,0.19029925622283897,0.09127431540757802,-0.04876276257476424,0.26044890585233454
2025-10-07 04:00:00+00:00,0.49924753823007684,0.3800544995046908,0.0930941094061884,0.29417881911223576,0.194775946860725,-0.2893618501136223,0.23700509978305434
2025-10-07 05:00:00+00:00,0.4840872163249242,0.3737935544468379,0.06449229115098556,0.28742215248342023,0.14656695345372897,-0.2823215972113303,0.23115008487222027
2025-10-07 06:00:00+00:00,0.4634818580301624,0.3737935544468379,0.037110029810564674,0.2630317175098347,0.11872915874815447,-0.2823215972113303,0.22313633883421843
2025-10-07 07:00:00+00:00,0.43845862086036147,0.3720007207148031,0.03058657360587195,0.23097955544191806,0.09849751616108622,-0.2863409025790293,0.20047800259015597
2025-10-07 08:00:00+00:00,0.4040428405348833,0.3728007219050368,-0.0029022100235079782,0.21180406771455224,0.08083314577388936,-0.2902514562705906,0.18001918152727706
2025-10-07 09:00:00+00:00,0.39767266133976276,0.3728007219050368,-0.014385392822140824,0.20588711107626975,0.07487180122319623,-0.2902514562705906,0.17575455514950683
2025-10-07 10:00:00+00:00,0.3950112052265373,0.3728007219050368,-0.020070450504871728,0.20009516778322775,0.06894292608589846,-0.2902514562705906,0.17258447322468876
2025-10-07 11:00:00+00:00,0.3925803334119206,0.3728007219050368,-0.02900302278280627,0.19441810634269738,0.06303553594990714,-0.2902514562705906,0.16897548121328038
2025-10-07 12:00:00+00:00,0.3929770677553034,0.37262571864231125,-0.03176429366689661,0.19258399457984585,0.06007831055518768,-0.28991805616192495,0.1673181128793176
2025-10-07 13:00:00+00:00,0.41060996260542754,0.3746061239661969,-0.025052873572029732,0.20201307411005334,0.06981728031967267,-0.3094647322287119,0.17426390414214452
2025-10-07 14:00:00+00:00,0.4293643196139607,0.37665834057241204,-0.01804623366334134,0.21188275016438288,0.080052884436944,-0.3304849034091852,0.1790899511122394
2025-10-07 15:00:00+00:00,0.44935691923254434,0.37878638906514106,-0.0027244482223905925,0.222224926193065,0.09082496114146661,-0.35316795033389525,0.18656442737158743
2025-10-07 16:00:00+00:00,0.4558433319237541,0.3809945990011156,0.005248122088628631,0.23307469068660203,0.10217782134891736,-0.346150107218874,0.1872240263326179
2025-10-07 17:00:00+00:00,0.4535594588759928,0.3832876394437723,0.013601989797963674,0.2444707285407536,0.11416090786318517,-0.3387104371175672,0.18379867175093195
2025-10-07 18:00:00+00:00,0.4487745478799139,0.3856705532302593,0.02236532536334827,0.25645579846089034,0.1268295769860846,-0.3328939159635857,0.18023529352006187
2025-10-07 19:00:00+00:00,0.44374619718797087,0.3830086982819499,0.03156915968500498,0.2616556541951344,0.16970813465154097,-0.32678153348375844,0.17276308697193507
2025-10-07 20:00:00+00:00,0.4384551653091186,0.37520375127086575,0.041247758695631576,0.26707208333411697,0.16352021220977925,-0.3203499346053029,0.16313807066318536
2025-10-07 21:00:00+00:00,0.43288010740951377,0.3671624890902299,0.05143905874458657,0.27271899256166965,0.15703501705662704,-0.3135732177064667,0.15478033696784885
2025-10-07 22:00:00+00:00,0.42971333868994,0.35818257842339946,0.06218517466925335,0.2721108539057665,0.150230595868932,-0.30642257459555544,0.15242655009859446
2025-10-07 23:00:00+00:00,0.4363905826147136,0.3598199512407379,0.08523397080237259,0.2861917613568936,0.1430827786701052,-0.2988658670550221,0.16657087016028885
2025-10-08 00:00:00+00:00,0.4857169462059321,0.40246669409395425,0.13941503809953135,0.33798599347098324,0.17916529125824907,-0.28146926979709946,0.21338868069424574
2025-10-08 01:00:00+00:00,0.5404955194953734,0.4495998759743073,0.17198555803247303,0.3961467665157487,0.21905342807063438,-0.2624408414047291,0.26594674974798976
2025-10-08 02:00:00+00:00,0.4850219833369232,0.3333345522982428,0.225919609229452,0.32407121378046144,0.20782895068257698,-0.2833882097498129,0.13313233188024
2025-10-08 03:00:00+00:00,0.43130692536182064,0.31955490959742544,0.14768075951131615,0.28138454566030646,0.10490679092695841,-0.2833882097498129,0.1150586085298287
2025-10-08 04:00:00+00:00,0.4088120564237973,0.31337169509483676,0.12093144280454747,0.2692580871303524,0.07206967540972639,-0.2833882097498129,0.10278007202622232
2025-10-08 05:00:00+00:00,0.40733650572225977,0.3207144684412019,0.09387593516123226,0.2568025555111148,0.03820718621791198,-0.2833882097498129,0.09279724484419755
2025-10-08 06:00:00+00:00,0.40733650572225977,0.3418566737278368,0.06642588171436303,0.24397168933301172,0.003078842637943999,-0.2833882097498129,0.0889552569884648
2025-10-08 07:00:00+00:00,0.38952586959985025,0.33778707403757485,0.045974334267492985,0.2359666264534123,0.010852713178330644,-0.27803197942997226,0.09299392278488008
2025-10-08 08:00:00+00:00,0.3876959594767731,0.3482187535557616,0.020700074288564886,0.2371300637690753,0.01874237525864809,-0.27342134517293604,0.09570763328492633
2025-10-08 09:00:00+00:00,0.3804719763753752,0.35140313358093,0.012538226906306944,0.2371300637690753,0.01874237525864809,-0.27342134517293604,0.0928468314891412
2025-10-08 10:00:00+00:00,0.37828315211570046,0.35037459922556,0.0096640811384888,0.23605233561706013,0.011720180773694789,-0.2724200235199995,0.08904983822615092
2025-10-08 11:00:00+00:00,0.37553847121983,0.3496857008078186,0.003575921250360266,0.23499878028634577,0.004373348027742671,-0.27168117581529627,0.08678905521916537
2025-10-08 12:00:00+00:00,0.36826396493495,0.3316726336879127,0.012308755458605151,0.232347480576291,0.011451047268940534,-0.2640337253807693,0.09072113350699539
2025-10-08 13:00:00+00:00,0.377369489419012,0.32074581829958076,0.04144777885076926,0.23977760005328086,0.03592644796602698,-0.27101022441797085,0.09991162471721506
2025-10-08 14:00:00+00:00,0.3812769466538457,0.3100185993619009,0.06225309707448524,0.24731287801027244,0.05609004240687078,-0.2781260725456752,0.11114280346613685
2025-10-08 15:00:00+00:00,0.3857067217312097,0.2862445939937069,0.10875251555602083,0.2503695492230182,0.06110106543513004,-0.29563451894373777,0.12794710205577542
2025-10-08 16:00:00+00:00,0.3949949017898432,0.2637885131690017,0.1332816133344274,0.2532367038500558,0.11000899256135044,-0.32232041498338376,0.13959793450853172
2025-10-08 17:00:00+00:00,0.4012168381756789,0.253506516247459,0.1582032360835693,0.269621201657255,0.15226069825166638,-0.34841219868331585,0.1552422469851384
2025-10-08 18:00:00+00:00,0.4131491362025989,0.24070701904688047,0.2258415908694584,0.31512009211961745,0.18931504734662066,-0.36791951620069635,0.161962310866066
2025-10-08 19:00:00+00:00,0.432049732668321,0.23523991496765623,0.24586805765589148,0.3411461771673755,0.2222005253379402,-0.38598689437235845,0.16855938748585986
2025-10-08 20:00:00+00:00,0.4470067039346296,0.2476405088968111,0.259102361695305,0.3682670305768749,0.25166963478767423,-0.4027684521287297,0.1888471972449859
2025-10-08 21:00:00+00:00,0.4612588657649109,0.2615079793319637,0.2771271070371595,0.3903390506555349,0.27828975551315893,-0.41839627571873284,0.20840249593981872
2025-10-08 22:00:00+00:00,0.4714527342217096,0.2594564410358225,0.294025352328943,0.40838718772854316,0.30249943014835373,-0.4329843174834151,0.20962284695198588
2025-10-08 23:00:00+00:00,0.4714527342217096,0.22961948832329712,0.31894758512649035,0.40838718772854316,0.3434968204013956,-0.4426065678556727,0.22106923930128936
2025-10-09 00:00:00+00:00,0.4619671259436633,0.20675396622125275,0.3797762570228357,0.36405958904427277,0.3434968204013956,-0.4547064871943031,0.2332637246539146
2025-10-09 01:00:00+00:00,0.4584696735377011,0.17818232362933759,0.3593074845080546,0.30732515745318323,0.38105462769970727,-0.479867529624632,0.21187078541001572
2025-10-09 02:00:00+00:00,0.4155015366811464,0.12461617030369267,0.28932450756739325,0.20659181674642269,0.3398282940690891,-0.518136063071809,0.13288969222615496
2025-10-09 03:00:00+00:00,0.3954807918687871,0.13876135252757996,0.23028412612429378,0.24303892952546047,0.3398282940690891,-0.4620369834207094,0.12644871318747597
2025-10-09 04:00:00+00:00,0.3857350694137932,0.14672652135955402,0.1970645361556616,0.2557628207213372,0.3162277660168921,-0.42701995979565077,0.12644871318747597
2025-10-09 05:00:00+00:00,0.3758659888954142,0.15459540454708437,0.16058623036783973,0.26818375761358126,0.29177365598255417,-0.4032886980427423,0.11488008957731129
2025-10-09 06:00:00+00:00,0.3450904989585458,0.17225335616768533,0.13335249455087597,0.2748178436643644,0.29177365598255417,-0.37435499395304694,0.10548498680540096
2025-10-09 07:00:00+00:00,0.3097225201081829,0.18148108600569116,0.10694596518725605,0.2661134986702291,0.24900189484154897,-0.3410004138830954,0.11035133776724654
2025-10-09 08:00:00+00:00,0.2822507149482857,0.1915920130764809,0.10694596518725605,0.2661134986702291,0.20913285959681344,-0.3076368281393182,0.11035133776724654
2025-10-09 09:00:00+00:00,0.2714900360799144,0.19924560587805626,0.10694596518725605,0.2661134986702291,0.19314875118838823,-0.2988945786748182,0.11035133776724654
2025-10-09 10:00:00+00:00,0.267288893917992,0.2017911632592279,0.10084635268092353,0.2661134986702291,0.18867014547384323,-0.2904655710561968,0.10573767891840123
2025-10-09 11:00:00+00:00,0.25967019653287204,0.20781478007270648,0.08495599540236337,0.2661134986702291,0.16859217766691842,-0.2823556408166601,0.10278997375605879
2025-10-09 12:00:00+00:00,0.2592867123480267,0.2045943940520442,0.0825613671712211,0.2648764314898649,0.16800949758793118,-0.2810847619805697,0.10227046204161612
2025-10-09 13:00:00+00:00,0.26506524648827207,0.20217893852481802,0.10450625123714678,0.2614533476686423,0.1753147187511557,-0.30415127602135894,0.10519580584678748
2025-10-09 14:00:00+00:00,0.2709170805596026,0.19976836171708498,0.12598942443580655,0.2614533476686423,0.1825833024961015,-0.32703755923130434,0.1105976578063169
2025-10-09 15:00:00+00:00,0.28074818659843737,0.19736222262641048,0.13592571507533172,0.2614533476686423,0.18983305884872473,-0.3528070701448337,0.11305495131385364
2025-10-09 16:00:00+00:00,0.290295706636587,0.19405105462537267,0.19037881073254848,0.25825148770980577,0.2118860954350317,-0.36778156382723454,0.12110571415722374
2025-10-09 17:00:00+00:00,0.29871895748681043,0.19917364893873113,0.22910245264593973,0.2606512656374161,0.20558639977431456,-0.38374044194239726,0.12790974233251806
2025-10-09 18:00:00+00:00,0.30753931675197366,0.20318468945383905,0.257343700372106,0.2783278048175387,0.19941993039470016,-0.39706967898136547,0.1375247795540045
2025-10-09 19:00:00+00:00,0.316707203112128,0.218189008042321,0.28192757667089363,0.2994100875943011,0.21931160619898998,-0.40617350638283856,0.14702673001059002
2025-10-09 20:00:00+00:00,0.33261443246554523,0.2420384376825234,0.307637804637358,0.32083426343871185,0.23793872554648055,-0.4159216463841821,0.15296420618826348
2025-10-09 21:00:00+00:00,0.3103200357690795,0.22658961522140744,0.27496138952523547,0.28682732433529645,0.26187654971860963,-0.4045371357472179,0.1418270946047912
2025-10-09 22:00:00+00:00,0.32255428163333183,0.23787315410166923,0.2955489936440039,0.2979910424491213,0.3015953547683236,-0.413923188177519,0.13888108430279772
2025-10-09 23:00:00+00:00,0.32255428163333183,0.2291463281668181,0.3233724306522186,0.29136794110633824,0.3015953547683236,-0.4250870481691746,0.13406156385591494
2025-10-10 00:00:00+00:00,0.32255428163333183,0.2188284291895418,0.3507770368343191,0.28206656772983435,0.3015953547683236,-0.43941891268110206,0.13903228573830428
2025-10-10 01:00:00+00:00,0.32157846284947517,0.21104321654620034,0.4032390776048157,0.2537885611713343,0.2909012784959422,-0.4699584905475746,0.11940935948172676
2025-10-10 02:00:00+00:00,0.2961112298270881,0.19575364390796465,0.38552234188520973,0.20715988097600085,0.23085484471887466,-0.4789606630467053,0.053648909816398443
2025-10-10 03:00:00+00:00,0.2841174047163319,0.19575364390796465,0.34329603319508484,0.21821837125675658,0.23085484471887466,-0.42014414698413305,0.04618268560811426
2025-10-10 04:00:00+00:00,0.2770680331285116,0.19575364390796465,0.30017344082835434,0.22442186239513587,0.23085484471887466,-0.3938046098092545,0.0415457702026888
2025-10-10 05:00:00+00:00,0.26191625566740123,0.20772224024256142,0.2743172712069966,0.2305530094492596,0.23085484471887466,-0.3714133081145628,0.031981039277436465
2025-10-10 06:00:00+00:00,0.22489051353909342,0.23326866223958495,0.22272157545476662,0.2305530094492596,0.23085484471887466,-0.34366487462488915,0.02695576088234113
2025-10-10 07:00:00+00:00,0.19496522414866846,0.23326866223958495,0.17099596604383957,0.23934827690249424,0.19413710774698692,-0.3153386860852378,0.03205518496907714
2025-10-10 08:00:00+00:00,0.1853269091263435,0.23326866223958495,0.14261664811019625,0.23934827690249424,0.15836927483421542,-0.29525439048805935,0.03205518496907714
2025-10-10 09:00:00+00:00,0.17666330447959352,0.2414635316253273,0.13701600465697003,0.23934827690249424,0.14329326934988412,-0.29156072073277745,0.03205518496907714
2025-10-10 10:00:00+00:00,0.16926325436207676,0.24814195166456324,0.12693989586232593,0.24558713638594565,0.14329326934988412,-0.28837713710446733,0.029974792323358496
2025-10-10 11:00:00+00:00,0.16196530818238006,0.25495151865347154,0.11682574391233692,0.24908215360105274,0.12859821149602144,-0.28585839796153295,0.029974792323358496
2025-10-10 12:00:00+00:00,0.1636657205129506,0.2556678584973868,0.11809177234302591,0.24881555150043475,0.1259556714041447,-0.28427716631982297,0.030501904262477182
2025-10-10 13:00:00+00:00,0.16568230417314908,0.256358947139249,0.12059518353960111,0.2485580544531719,0.12837551796153301,-0.2794835869816349,0.031010881208243652
2025-10-10 14:00:00+00:00,0.16760794224733214,0.2570260968009249,0.12297773942822895,0.24941690440037076,0.13067963070666844,-0.2705889493298768,0.032333873450921376
2025-10-10 15:00:00+00:00,0.16944896908443488,0.25767053031803266,0.1240348567160545,0.2502458317045642,0.13287661439881873,-0.26229772289912723,0.03438433663288217
2025-10-10 16:00:00+00:00,0.18147872986913668,0.259717860770759,0.12844979225510306,0.2534881558922757,0.12231284156779311,-0.2700979647967443,0.043344507292894914
2025-10-10 17:00:00+00:00,0.19683416848274027,0.2691069225412712,0.14102179643383814,0.2613524284798968,0.11227217828477785,-0.28221760707794924,0.05528075508892843
2025-10-10 18:00:00+00:00,0.21110923916308552,0.28631304881139846,0.1448313749483164,0.2779734675266853,0.1248177981002582,-0.2935594925568114,0.06327805177237769
2025-10-10 19:00:00+00:00,0.22441765358876548,0.30300543095956517,0.15629542248152586,0.29314062342885533,0.11520453868469242,-0.2998985926166027,0.07408815904695887
2025-10-10 20:00:00+00:00,0.2368572747295537,0.3180544558619236,0.16711997045871424,0.30824778953344945,0.12698078617485986,-0.3059391011025908,0.08433915821580941
2025-10-10 21:00:00+00:00,0.24851284730117582,0.3312224895271939,0.17009556436775924,0.32094233116817067,0.11776432227040261,-0.3117016677115122,0.09407335079635705
2025-10-10 22:00:00+00:00,0.25945817219680634,0.3401857314574094,0.17295525560749528,0.33103712698042653,0.10896075543410927,-0.31720507765987005,0.09116732023034146
2025-10-10 23:00:00+00:00,0.25905833363785974,0.3391778258070961,0.16747155998932298,0.3270370701308366,0.10054288914399885,-0.3224664578173563,0.07504631209173042
2025-10-11 00:00:00+00:00,0.25867839208666066,0.331266179680617,0.15303814168539115,0.31244825389719794,0.07017527293604175,-0.32750145604174646,0.05329172959051256
2025-10-11 01:00:00+00:00,0.2562040380347031,0.3153007022389002,0.1576013261333467,0.28614186158877025,0.05673878753281233,-0.3350975177187957,0.021870411174212793
2025-10-11 02:00:00+00:00,0.2787750124130992,0.3044171788013322,0.18746767664646546,0.26943494245957766,0.01092912492493776,-0.4031180185699718,0.03679009516346386
2025-10-11 03:00:00+00:00,0.26728822680652586,0.32016738123590033,0.18746767664646546,0.289819628665422,0.01092912492493776,-0.35881663870846975,0.03679009516346386
2025-10-11 04:00:00+00:00,0.259851001983906,0.3302681548434563,0.1618834703886022,0.2958435606061998,0.01092912492493776,-0.33436746256604766,0.03679009516346386
2025-10-11 05:00:00+00:00,0.22808303384599685,0.30849420555254536,0.13594422736659262,0.30183378725726284,0.04062368051094113,-0.3191072525023861,0.02712761137039769
2025-10-11 06:00:00+00:00,0.18634106762135189,0.27498279979936774,0.10960395732312306,0.30183378725726284,0.04062368051094113,-0.30350210587111365,0.012217335188130885
2025-10-11 07:00:00+00:00,0.14537487167005675,0.2624246549235546,0.0941045382049289,0.28563796881665005,0.015646980805217866,-0.3014498919585269,0.0009696415932158567
2025-10-11 08:00:00+00:00,0.11795571403301702,0.24843125238664393,0.0878184619667728,0.27845667221269926,0.0019448101563303102,-0.2971048387015269,0.0009696415932158567
2025-10-11 09:00:00+00:00,0.09162159843569005,0.24375599681355234,0.07582220504076892,0.2713409148035202,-0.011609231375333571,-0.29589808130902023,0.0009696415932158567
2025-10-11 10:00:00+00:00,0.07856503747644279,0.24042980827851004,0.058121119397360865,0.26807540528517054,-0.011609231375333571,-0.29461470663379125,0.005499106937808381
2025-10-11 11:00:00+00:00,0.060048985900310804,0.23234581088411582,0.045362266252823184,0.26807540528517054,-0.011609231375333571,-0.29337441205691817,0.005499106937808381
2025-10-11 12:00:00+00:00,0.06360497172921188,0.23697832535058416,0.047110833169263566,0.26807540528517054,-0.009630050983133489,-0.30014644360806636,0.005180376618703501
2025-10-11 13:00:00+00:00,0.06526117881416447,0.23697832535058416,0.048869985724406796,0.2685279689461892,-0.007672734646677574,-0.3073596405511517,0.00486113144406302
2025-10-11 14:00:00+00:00,0.06695057468670913,0.238663255233377,0.05152799330678419,0.26898799679515545,-0.007672734646677574,-0.3073596405511517,0.004225196658079537
2025-10-11 15:00:00+00:00,0.0778648029715127,0.24881418588557874,0.05964260568008033,0.27252765894970904,-0.0017124869397646281,-0.32092091213099905,-0.002248756120467339
2025-10-11 16:00:00+00:00,0.09688690722297906,0.2572069034178531,0.08730942768757045,0.28048514156157617,-0.0017124869397646281,-0.3254770348454417,-0.002248756120467339
2025-10-11 17:00:00+00:00,0.11452520048351487,0.2640680268951572,0.11570054347558052,0.28985424801282084,-0.0017124869397646281,-0.32092091213099905,-0.002248756120467339
2025-10-11 18:00:00+00:00,0.1255851787509685,0.2761131128233225,0.1338421829304207,0.2943531868829941,-0.0017124869397646281,-0.3144996911478797,-0.002248756120467339
2025-10-11 19:00:00+00:00,0.1255851787509685,0.2865697733704341,0.15203405944424567,0.2988166533311233,-0.0017124869397646281,-0.29989145567797604,0.0007225751540025395
2025-10-11 20:00:00+00:00,0.1307685195324256,0.2889150504263071,0.1703041729640967,0.2988166533311233,-0.0017124869397646281,-0.2853937219418042,0.0036602703841441065
2025-10-11 21:00:00+00:00,0.13589074079303667,0.29157251631839026,0.18868088628355595,0.2988166533311233,-0.0017124869397646281,-0.27099231566579157,0.006558972461668126
2025-10-11 22:00:00+00:00,0.14654871774178257,0.2998356986122947,0.19884393231963798,0.30076088297217024,-0.0017124869397646281,-0.25667335485980386,0.01237134155137885
2025-10-11 23:00:00+00:00,0.16721721443008203,0.30742461838434176,0.22173630741483813,0.30849277043807444,0.01578412542757101,-0.24242318283540665,0.01534601238296746
2025-10-12 00:00:00+00:00,0.18380751946142476,0.31657735629642425,0.24586072128403696,0.3288065989468059,0.034357766473508106,-0.22310034179473937,0.01836216939271017
2025-10-12 01:00:00+00:00,0.19847749692543756,0.31657735629642425,0.3338940030622168,0.3564285982640139,0.06808618242856,-0.1960356996843907,0.029732451384680482
2025-10-12 02:00:00+00:00,0.2136559290414595,0.31657735629642425,0.43378810454302297,0.3962289902275027,0.10168008556346234,-0.15401326998033854,0.029732451384680482
2025-10-12 03:00:00+00:00,0.20063086810921543,0.3285395936553538,0.3928854030468215,0.3620767067562878,0.011790923671493517,-0.20756497490640413,0.014961357451781333
2025-10-12 04:00:00+00:00,0.19308996794645608,0.3285395936553538,0.3699055459945103,0.3461274355456633,-0.01857846715178966,-0.2418427406678111,0.005193624893384468
2025-10-12 05:00:00+00:00,0.18536005249813972,0.3285395936553538,0.3256985164632945,0.3298471730719035,-0.04892532837685195,-0.2714131356858328,-0.009786832872164308
2025-10-12 06:00:00+00:00,0.2035726669036999,0.3285395936553538,0.29017323176737425,0.3110485246599296,-0.0792983354019165,-0.30632650790780036,-0.009786832872164308
2025-10-12 07:00:00+00:00,0.19214260429648264,0.3178248404239905,0.25411776613785164,0.29496959105232995,-0.0792983354019165,-0.33963588704282427,-0.01474983675339465
2025-10-12 08:00:00+00:00,0.1823554350294295,0.3245839694216734,0.22584302431610156,0.2843574234791872,-0.0720533992980943,-0.3537697239934208,-0.006091930451281598
2025-10-12 09:00:00+00:00,0.17679385340578158,0.3193989423694191,0.20731533909914884,0.2763451240022406,-0.0720533992980943,-0.36268099508782115,-0.008436978963301223
2025-10-12 10:00:00+00:00,0.16266395828818012,0.3105292683413793,0.19845890635055724,0.26961386868854603,-0.08653348177444663,-0.37194754221036125,-0.010780073327484043
2025-10-12 11:00:00+00:00,0.15793457523391388,0.3068122832429733,0.19186680561669772,0.2629067217323795,-0.08653348177444663,-0.38149730599906506,-0.01545790888532842
2025-10-12 12:00:00+00:00,0.15828734954488527,0.3094425805095293,0.1994691016125754,0.26412025046458715,-0.08653348177444663,-0.36125331029838786,-0.014750159426188117
2025-10-12 13:00:00+00:00,0.15826637047083736,0.3100698530401067,0.2012112374394957,0.2668964710924388,-0.08653348177444663,-0.34375937877383184,-0.014046690064157957
2025-10-12 14:00:00+00:00,0.15830006490952334,0.3107169611661852,0.2030206384519776,0.2682051569660337,-0.08653348177444663,-0.3295306395957802,-0.014405234390611317
2025-10-12 15:00:00+00:00,0.15870346648278955,0.3113840037695699,0.2030206384519776,0.26917538341681096,-0.08653348177444663,-0.31680702107271874,-0.014765233686050754
2025-10-12 16:00:00+00:00,0.17015163117921123,0.3178103297305083,0.18740262143206898,0.27851416062164924,-0.08653348177444663,-0.31680702107271874,-0.014765233686050754
2025-10-12 17:00:00+00:00,0.18146938317540234,0.3113840037695699,0.1766896014985225,0.28288760992525086,-0.06808176973490218,-0.31037362991760087,-0.014765233686050754
2025-10-12 18:00:00+00:00,0.19266904211874158,0.3113840037695699,0.1766896014985225,0.2760203241656935,-0.02993497866788824,-0.3038850266942245,-0.01783421630013839
2025-10-12 19:00:00+00:00,0.20376210768890915,0.30641226702307195,0.1655790721275382,0.2703569121491435,-0.011593039567572747,-0.3002132452254783,-0.02092055299191203
2025-10-12 20:00:00+00:00,0.20376210768890915,0.3064122670230719,0.1655790721275382,0.2659103703905881,0.005625631820304053,-0.29652767834870625,-0.02092055299191203
2025-10-12 21:00:00+00:00,0.22724158975741704,0.3367366268619914,0.20844737185479453,0.3012451543940644,0.004174530306993858,-0.30593443546029314,-0.0036684774529648924
2025-10-12 22:00:00+00:00,0.2319848306436998,0.3413714211643272,0.21794538721461743,0.30412732255183794,0.004174530306993858,-0.29804765438985203,-0.0007114653157670382
2025-10-12 23:00:00+00:00,0.24443616649135064,0.3413714211643272,0.21794538721461743,0.30412732255183794,0.020742786397213605,-0.2901224533554746,0.0022615825610351943
2025-10-13 00:00:00+00:00,0.26149973243916813,0.3413714211643272,0.21794538721461743,0.31851909832850384,0.03745552071609848,-0.287368262738791,0.008319701803827769
2025-10-13 01:00:00+00:00,0.290811457099515,0.3413714211643272,0.18860378243110437,0.33067360122827816,0.06956177606921739,-0.2719165670872566,0.02606408622694978
2025-10-13 02:00:00+00:00,0.29890981756668883,0.32931312480258806,0.20844830782119653,0.3323692616494338,0.11167007329998863,-0.2588662782344751,0.02120899093279426
2025-10-13 03:00:00+00:00,0.2715784163536958,0.32931312480258806,0.20844830782119653,0.32312396374446967,0.11167007329998863,-0.30347216926146864,0.004950414581695995
2025-10-13 04:00:00+00:00,0.24325853005833126,0.3321633401723593,0.1984701419513741,0.31745034051701104,0.07591427930592645,-0.3172985239743276,0.0053580048697653825
2025-10-13 05:00:00+00:00,0.22399386020727574,0.32316181473410405,0.1726991621179578,0.30678504619983554,0.04654416993532714,-0.33534994010591707,0.0053580048697653825
2025-10-13 06:00:00+00:00,0.2356078405667722,0.3035740304155948,0.14302258413127408,0.3192996562557016,0.01674195965549336,-0.3535288154621742,0.021396451456955616
2025-10-13 07:00:00+00:00,0.2356078405667722,0.3035740304155948,0.11495282216527887,0.32688636519318043,0.01674195965549336,-0.371846138890651,0.021396451456955616
2025-10-13 08:00:00+00:00,0.2344255718369757,0.3091076230023368,0.1073796868038196,0.32429597816667094,0.021348899984514242,-0.3810939256993495,0.03565013680531808
2025-10-13 09:00:00+00:00,0.22754342811409362,0.31421353996294793,0.08235849388161826,0.3200928680439946,0.021348899984514242,-0.3852002505916571,0.03565013680531808
2025-10-13 10:00:00+00:00,0.22194779895082356,0.31421353996294793,0.0583842046967947,0.3144808325092971,0.006730109070193541,-0.3922052562454879,0.04088836335995334
2025-10-13 11:00:00+00:00,0.20968814846871875,0.31421353996294793,0.03528654335334561,0.3144808325092971,0.021348899984514242,-0.3992318410113947,0.04348338619683059
2025-10-13 12:00:00+00:00,0.2095771417471893,0.31421353996294793,0.03677734358214733,0.3156885021722536,0.021348899984514242,-0.39707536532586757,0.043226696883642036
2025-10-13 13:00:00+00:00,0.20900054637302048,0.31421353996294793,0.037143325401007864,0.316917954797556,0.021348899984514242,-0.39257579315918095,0.04297095673078944
2025-10-13 14:00:00+00:00,0.20687111439226552,0.31421353996294793,0.03751760785452335,0.316917954797556,0.019853622797908508,-0.3898032638253158,0.04251310772596539
2025-10-13 15:00:00+00:00,0.20865947067005586,0.31012489338645705,0.04170111481600259,0.3138209790713679,0.024391007031154883,-0.3815164114935368,0.0395298983013109
2025-10-13 16:00:00+00:00,0.21388511451242898,0.31012489338645705,0.06571699790050783,0.3138209790713679,0.04164583887442565,-0.3828878059579842,0.033542298021869706
2025-10-13 17:00:00+00:00,0.21388511451242898,0.3041467024413079,0.07683895648366103,0.30911538211311645,0.07429177730121926,-0.3815164114935368,0.02758822532680883
2025-10-13 18:00:00+00:00,0.21388511451242898,0.29038885355385635,0.10867386336756141,0.3004944014327847,0.07429177730121926,-0.377657745080018,0.02457221017468805
2025-10-13 19:00:00+00:00,0.21800247756891275,0.27450781950490205,0.12673286429555985,0.2917635650807544,0.105940968191711,-0.37514735236096897,0.02157008050002944
2025-10-13 20:00:00+00:00,0.22207689850055545,0.2644318479190668,0.14376225448501384,0.2858164025918601,0.11942126137446668,-0.3726366741118762,0.01854764451402279
2025-10-13 21:00:00+00:00,0.22611048386563426,0.25371862220399716,0.1713003933288519,0.2838430817616243,0.13684385202346666,-0.3701256863280737,0.01242422213061458
2025-10-13 22:00:00+00:00,0.22611048386563426,0.24209939420468268,0.19176652935293936,0.28086528937225985,0.15471486195482423,-0.36761437260183955,0.009294617206854153
2025-10-13 23:00:00+00:00,0.23960729730755737,0.2340527739529961,0.21856068097380923,0.2739157183830411,0.15471486195482423,-0.36510272494480167,0.006143391618083453
2025-10-14 00:00:00+00:00,0.24704095652254632,0.22473649731226364,0.26923994761923636,0.2739157183830411,0.17961820989960453,-0.36510272494480167,0.006143391618083453
2025-10-14 01:00:00+00:00,0.24704095652254632,0.20934935781074748,0.29410900230799714,0.2739157183830411,0.21574801248561404,-0.36510272494480167,0.006143391618083453
2025-10-14 02:00:00+00:00,0.2610426615193349,0.2055416910498579,0.33668432019303474,0.29484907712550945,0.3435822761551622,-0.35149548268230785,0.022804026285042654
2025-10-14 03:00:00+00:00,0.2610426615193349,0.2055416910498579,0.2822954974102112,0.29484907712550945,0.3435822761551622,-0.3683217416665094,0.022804026285042654
2025-10-14 04:00:00+00:00,0.2662146381955035,0.22573334182219865,0.25942610416091794,0.3058149589566248,0.3077758914845039,-0.3544647595214812,0.046757955377607956
2025-10-14 05:00:00+00:00,0.25678486040404946,0.22573334182219865,0.2162334233804685,0.3058149589566248,0.29389203861104873,-0.3544647595214812,0.06222757728150158
2025-10-14 06:00:00+00:00,0.25678486040404946,0.23657289431958592,0.17294837070564414,0.31210698515689383,0.2633458995955089,-0.3544647595214812,0.10382778085940993
2025-10-14 07:00:00+00:00,0.25678486040404946,0.24734992742881068,0.15277333554167347,0.3300293253487428,0.2633458995955089,-0.36379066801651516,0.12062162508070208
2025-10-14 08:00:00+00:00,0.24680776225824647,0.25202419128774445,0.12133095639744156,0.3325074940320009,0.25928148942083157,-0.3665635488158979,0.12624046744061626
2025-10-14 09:00:00+00:00,0.24077165834616554,0.25202419128774445,0.10122120165866134,0.33714502634736415,0.25928148942083157,-0.3665635488158979,0.13663998242731673
2025-10-14 10:00:00+00:00,0.2345850223948515,0.25202419128774445,0.09208106702443204,0.3406265606005047,0.2480755543092823,-0.3665635488158979,0.14322241320796303
2025-10-14 11:00:00+00:00,0.23087262567090092,0.2564951723255481,0.07142429048968796,0.3406265606005047,0.2366571951222547,-0.3665635488158979,0.1540712350660393
2025-10-14 12:00:00+00:00,0.23367629286552674,0.2549037759752706,0.07235979913008446,0.3381768374904562,0.2366571951222547,-0.3665635488158979,0.15107718606747716
2025-10-14 13:00:00+00:00,0.23443713827126325,0.2549037759752706,0.07272359309745617,0.33455730963002794,0.2366571951222547,-0.3665635488158979,0.14910816227315582
2025-10-14 14:00:00+00:00,0.23526217778036,0.25334631269098656,0.07624454150921736,0.3333557438910515,0.2366571951222547,-0.3665635488158979,0.14847884946055329
2025-10-14 15:00:00+00:00,0.23632470518475898,0.23554342194732444,0.08760821600469383,0.3257894779016846,0.24597383792512592,-0.3539447908555797,0.14459853852563584
2025-10-14 16:00:00+00:00,0.23632470518475898,0.2283081607674551,0.10036836515278742,0.31538338989639636,0.24597383792512592,-0.35258560918907483,0.13324698062646467
2025-10-14 17:00:00+00:00,0.23632470518475898,0.21516370985385466,0.12314247554292443,0.2987830942086805,0.2164513362022316,-0.35258560918907483,0.11929972116554316
2025-10-14 18:00:00+00:00,0.23632470518475898,0.20428408834426787,0.14499417590065347,0.29085056345658833,0.2164513362022316,-0.35258560918907483,0.1112276934570549
2025-10-14 19:00:00+00:00,0.24064570178240868,0.1926168780743023,0.15712812823118616,0.28659591281223895,0.2164513362022316,-0.35258560918907483,0.10340388504397431
2025-10-14 20:00:00+00:00,0.2449286644444141,0.17862093958400144,0.17801081689195833,0.28502956633663823,0.2164513362022316,-0.35258560918907483,0.08823235983932813
2025-10-14 21:00:00+00:00,0.24917544284934523,0.16373491389781414,0.18996233307069144,0.2834912483637481,0.2309380603873715,-0.35258560918907483,0.06876216905759679
2025-10-14 22:00:00+00:00,0.25338778284765334,0.14549671131310993,0.2260368818470696,0.27932395754232076,0.2309380603873715,-0.35258560918907483,0.048624803627684156
2025-10-14 23:00:00+00:00,0.2654369223271828,0.1366153713433691,0.24270378991895256,0.2681111737656241,0.2039127830410833,-0.35258560918907483,0.03414009635891134
2025-10-15 00:00:00+00:00,0.2747765040862227,0.12667015085587502,0.24270378991895256,0.24666815644442852,0.2039127830410833,-0.35258560918907483,0.027178837964212246
2025-10-15 01:00:00+00:00,0.3222059923513904,0.12667015085587502,0.21501069248885848,0.2216964577171687,0.2039127830410833,-0.35258560918907483,0.00824703364083934
2025-10-15 02:00:00+00:00,0.3742329320798349,0.12667015085587502,0.2381656921115731,0.1975089330444494,0.2039127830410833,-0.35258560918907483,0.0020991893502753235
2025-10-15 03:00:00+00:00,0.3358175012543523,0.10677404721366122,0.17765246581726296,0.22382677879043272,0.28687194413181,-0.35258560918907483,0.01876334963319027
2025-10-15 04:00:00+00:00,0.31729269386002645,0.11905884341346741,0.16333514431284582,0.24901640352654109,0.2810296518311964,-0.34874532854438045,0.05158202979542163
2025-10-15 05:00:00+00:00,0.296247030229277,0.11905884341346741,0.1421545317638296,0.264081911489124,0.3077203363258552,-0.34874532854438045,0.08174196706937721
2025-10-15 06:00:00+00:00,0.27394093376367673,0.11905884341346741,0.12095467924834467,0.28086137580583664,0.3077203363258552,-0.3420266499735385,0.10840150037190968
2025-10-15 07:00:00+00:00,0.2590252307369952,0.13436891446729288,0.07687552044018582,0.30184504159685266,0.33375071337612244,-0.3352508405569613,0.12553522262970532
2025-10-15 08:00:00+00:00,0.2341882175552365,0.13931280121369816,0.06237061651199986,0.3063048910688233,0.3290253078636806,-0.3363167897585246,0.12812547067203456
2025-10-15 09:00:00+00:00,0.22720193641095607,0.14703497435125482,0.05280565025564597,0.31284074172604764,0.3378815791623772,-0.3357424193386532,0.14001064700396132
2025-10-15 10:00:00+00:00,0.22720193641095607,0.16130864659328878,0.044088006488863234,0.318276695927015,0.34673954262776885,-0.3352150961934183,0.1561680091156709
2025-10-15 11:00:00+00:00,0.22218466641309403,0.16771741846351654,0.02487339414811311,0.32377431195276046,0.34673954262776885,-0.334738229690802,0.17271080026171493
2025-10-15 12:00:00+00:00,0.2226097121802608,0.16667133749893315,0.027434856621499065,0.3243925236184437,0.34673954262776885,-0.34078175342563377,0.1721798233353708
2025-10-15 13:00:00+00:00,0.22116202841773824,0.16570927358574833,0.029969621036376133,0.3250380193699171,0.34673954262776885,-0.34713797019912396,0.1717739606751166
2025-10-15 14:00:00+00:00,0.21979417281537306,0.16483280386607768,0.03155699276624003,0.325711521339079,0.34673954262776885,-0.34713797019912396,0.1715764709703615
2025-10-15 15:00:00+00:00,0.21695529892223991,0.1584615869717184,0.03807886552946719,0.3270100766701282,0.34761247971732107,-0.3228359927253721,0.1690412962323953
2025-10-15 16:00:00+00:00,0.21695529892223991,0.1419759934596347,0.05154075623266595,0.3228059676872747,0.34761247971732107,-0.32132819397335827,0.15801399344188685
2025-10-15 17:00:00+00:00,0.2226958311054449,0.1419759934596347,0.07728985906696725,0.31859063279627,0.34761247971732107,-0.31701024796024235,0.14992705922654037
2025-10-15 18:00:00+00:00,0.2283708009433304,0.1419759934596347,0.07728985906696725,0.31436329516896916,0.33898247857746877,-0.31267793669017413,0.1446671071988023
2025-10-15 19:00:00+00:00,0.23398421078712006,0.1419759934596347,0.10272580346875501,0.30714384370243647,0.33033658146404815,-0.3083303283823156,0.13932066229492188
2025-10-15 20:00:00+00:00,0.23953978864688172,0.13726994389746675,0.11411428749068805,0.3024637673833024,0.3216784587423541,-0.3039664578041944,0.13388236098680484
2025-10-15 21:00:00+00:00,0.23953978864688172,0.13399314986089644,0.11411428749068805,0.2978013165705343,0.29794167989868015,-0.3039664578041944,0.12585715013743004
2025-10-15 22:00:00+00:00,0.24504101429183,0.11903562604550086,0.11411428749068805,0.2931637088938197,0.2751300632866558,-0.3039664578041944,0.11575096456612863
2025-10-15 23:00:00+00:00,0.24504101429183,0.1090673713745205,0.12795047430505538,0.2990038353480399,0.25314006152258217,-0.3083303283823156,0.11575096456612863
2025-10-16 00:00:00+00:00,0.28799740876693636,0.14808942348472792,0.16516777665914187,0.3338243239269336,0.27624764388805445,-0.2815828474349725,0.16681443239124463
2025-10-16 01:00:00+00:00,0.35389099362079474,0.17975364951938338,0.21976622475904736,0.38937365642320276,0.3007268431665132,-0.25929514207083587,0.20173351272918308
2025-10-16 02:00:00+00:00,0.4152117281069515,0.21036533041975206,0.2643859790019831,0.4252084113755897,0.3100262639711165,-0.24719987092411144,0.23473895096984582
2025-10-16 03:00:00+00:00,0.3979142736114363,0.2214925203003486,0.2121187284640364,0.4130084910046019,0.3032127667079438,-0.2636789256814799,0.24746664437002272
2025-10-16 04:00:00+00:00,0.38650888078629697,0.22244402037802788,0.1927150204876388,0.40868702676702295,0.3281556585548277,-0.2813380028825679,0.25031750587748597
2025-10-16 05:00:00+00:00,0.37947078372153054,0.24013820471412872,0.18213318034783374,0.4049693525757626,0.3451580414687599,-0.2818380884808757,0.25349595720021634
2025-10-16 06:00:00+00:00,0.3723750417129142,0.2659340659343767,0.18462726300015236,0.39459597522479145,0.36293361359809817,-0.2823934993132628,0.2612736173126394
2025-10-16 07:00:00+00:00,0.3802959979367544,0.2931647585156581,0.1958125911540508,0.39935327154968653,0.38152499530551354,-0.28648280527208414,0.2910237859107515
2025-10-16 08:00:00+00:00,0.3708571683001997,0.30436509669263556,0.1958125911540508,0.41104419036611434,0.391926040245068,-0.2899545986489641,0.2950981233081416
2025-10-16 09:00:00+00:00,0.37612902103110196,0.3105954120523673,0.19295775110276497,0.4230532917513674,0.39819684854064097,-0.2834215728026733,0.31504712726936457
2025-10-16 10:00:00+00:00,0.3739580720632795,0.3158101459192897,0.19467054310880333,0.4282045250403562,0.39987187807867297,-0.27689150729142964,0.32247201757393057
2025-10-16 11:00:00+00:00,0.37933718294296925,0.3214041200325166,0.19641115074018606,0.42771312042813353,0.3908430288753045,-0.2673607157299372,0.33022330862684646
2025-10-16 12:00:00+00:00,0.37933718294296925,0.3205664472833295,0.1955783250420765,0.4273263755726156,0.3908430288753045,-0.26444180777029136,0.33038416308328544
2025-10-16 13:00:00+00:00,0.3821114435810302,0.3152885594872457,0.20761613837192175,0.42371066639967125,0.39470761161735896,-0.24167769358686658,0.32969351695399024
2025-10-16 14:00:00+00:00,0.39236105583326586,0.3103869029097226,0.21898822223600564,0.42620487068532004,0.4025757023253529,-0.21983650862146692,0.32926857397302256
2025-10-16 15:00:00+00:00,0.4004557696778803,0.3007703071285433,0.2355069783790062,0.42620487068532004,0.383104635386008,-0.2040275092297915,0.3231177475251055
2025-10-16 16:00:00+00:00,0.3744709077536489,0.2690795406915388,0.22815924038457214,0.3996899024360072,0.3526466335944408,-0.15366623160762513,0.29440038104234106
2025-10-16 17:00:00+00:00,0.3277160425053638,0.23922947507577805,0.18577091694310738,0.37504317375288687,0.35625120261468607,-0.09206550349865207,0.2544643062325267
2025-10-16 18:00:00+00:00,0.2847707379766528,0.18484550495919705,0.13412505949974607,0.3306333676281841,0.3265645079946309,-0.053229929786082084,0.2054607955428471
2025-10-16 19:00:00+00:00,0.25176173391817935,0.1333921131367108,0.11853425909251786,0.3013685861809679,0.2982123387340681,-0.025261547924614634,0.16729686675592165
2025-10-16 20:00:00+00:00,0.2191425311293518,0.07759574459815485,0.1018006658510869,0.2565958905344102,0.2674762592955019,0.0025195232102834327,0.12787019029513894
2025-10-16 21:00:00+00:00,0.18683469462298302,0.012560792186905232,0.06375564657785907,0.19633409156967305,0.24705313049084443,0.02234147031239806,0.09654603178870656
2025-10-16 22:00:00+00:00,0.16338475412710626,-0.023754884023868654,0.04272803606654102,0.15226432125127232,0.226875667622255,0.04277667269609271,0.0827395397123191
2025-10-16 23:00:00+00:00,0.15109975523550176,-0.046189989434795006,0.04118597248492403,0.13819526198196663,0.23166171201396019,0.06388619626082127,0.08914824582210958
2025-10-17 00:00:00+00:00,0.18110728067873463,-0.01510619437897313,0.0595459661633352,0.17411259244736613,0.26038346560175096,0.09467836914781405,0.13290230799165922
2025-10-17 01:00:00+00:00,0.23647632573162614,0.013397698475379357,0.09320850160017534,0.2140826844240905,0.25160050223823793,0.14074769724164835,0.16234225613576528
2025-10-17 02:00:00+00:00,0.29677596928977723,0.04421720048936735,0.133358260651975,0.2559544142973121,0.24163739175901996,0.17475924260424228,0.19180697102200595
2025-10-17 03:00:00+00:00,0.2667180304959959,0.03758011093155621,0.10610433794470388,0.2353196740264857,0.22692768097293042,0.1548066994175328,0.1785892238459535
2025-10-17 04:00:00+00:00,0.23413960273789602,0.011825655783902912,0.07638658777158835,0.21379330357942986,0.2528520537365668,0.1335624511349882,0.15805082809717363
2025-10-17 05:00:00+00:00,0.21155433843055377,0.003966505453496246,0.07574158489287927,0.19418536169221576,0.23530114081356981,0.12644739551072623,0.14166090905444073
2025-10-17 06:00:00+00:00,0.188767499710228,-0.003993176610691888,0.0751212358118654,0.17738006231309433,0.24288712521441608,0.11893559143817005,0.13401327016214923
2025-10-17 07:00:00+00:00,0.1973799431699926,-0.015836524792952302,0.05463235884295971,0.17495727832374225,0.2517764770822446,0.11979442945004756,0.15826843882666958
2025-10-17 08:00:00+00:00,0.2062128413648427,-0.0077005340802304475,0.059219651800439706,0.18426265772779613,0.270282745184582,0.12318768965102572,0.182960887813057
2025-10-17 09:00:00+00:00,0.20633556492397934,-0.003572540535426001,0.05140457830229924,0.18830576315709677,0.2786613888219055,0.12552928406014968,0.18877600351770232
2025-10-17 10:00:00+00:00,0.1667381733534753,-0.011315932748827631,0.022536015979623496,0.18341256588299362,0.2684474065935477,0.13256661986586823,0.19273140720003942
2025-10-17 11:00:00+00:00,0.12943662162944974,-0.018970949688144147,0.0022102375707058457,0.17865873394725793,0.2596000241211046,0.13922371088591773,0.18531345333343463
2025-10-17 12:00:00+00:00,0.11073516274845692,-0.033254237452206854,0.0016472676352904136,0.17854095055402716,0.24299177384277246,0.15092156795652728,0.18822077905833942
2025-10-17 13:00:00+00:00,0.08126037147705428,-0.057425589024983466,0.02640006120540105,0.17406734817101166,0.25577689551872673,0.1822869537029497,0.18786988709265223
2025-10-17 14:00:00+00:00,0.0711732362728989,-0.07996794105827608,0.05374280966702248,0.16710909088603915,0.2682800160081351,0.21055060665734854,0.18555356334858183
2025-10-17 15:00:00+00:00,0.0672793969134034,-0.07329936442492553,0.05242202170028322,0.14994467852306925,0.23597729737525802,0.23707101966840638,0.1803094785205797
2025-10-17 16:00:00+00:00,0.07818071127530672,-0.05874783170313978,0.021814707922822186,0.15462599830623486,0.19798377134696837,0.29805967948823486,0.16923236945306264
2025-10-17 17:00:00+00:00,0.061346303339379765,-0.04474764308516452,-0.022812555107362943,0.14557435194506044,0.22504340680542678,0.3576157342694324,0.14141918691819028
2025-10-17 18:00:00+00:00,0.027682516154084374,-0.05946696703107343,-0.0662317745392684,0.1090172050629686,0.18898675162816678,0.395939318573603,0.09839942956004397
2025-10-17 19:00:00+00:00,-0.003740422054714711,-0.09213306598947435,-0.08043508010694637,0.05866788028113935,0.16414578972797317,0.4130730645814268,0.06320864402518322
2025-10-17 20:00:00+00:00,-0.03518153299572315,-0.11570638339973345,-0.11248424361235178,0.0022964837067843105,0.1623036649214214,0.430519240494849,0.027336997779259
2025-10-17 21:00:00+00:00,-0.06671045658873166,-0.14919329912264054,-0.10972337344981743,-0.05418408464474061,0.14061049958913407,0.44831760402753995,-0.004211380344164271
2025-10-17 22:00:00+00:00,-0.09839783079276754,-0.16964720257102311,-0.14206395010258976,-0.09534517112181817,0.13563835201651223,0.46651049782873033,-0.010770052518338355
2025-10-17 23:00:00+00:00,-0.09148251703286997,-0.16035030627238056,-0.08590346847634522,-0.09678713253465064,0.15684569058399814,0.48514335692899097,0.029892076791563492
2025-10-18 00:00:00+00:00,-0.03344014996469079,-0.11862668770263532,-0.03133931155081354,-0.074245773957561,0.17830964759398168,0.5042652831697122,0.06568131414306287
2025-10-18 01:00:00+00:00,-0.002454017948347531,-0.08716165808172205,0.04180687281849636,-0.04009112240910159,0.15721188799528882,0.5337244776740645,0.11356796219442426
2025-10-18 02:00:00+00:00,0.026914709586435707,-0.05596598544957399,0.04659335217839096,-0.002372570920273234,0.12961876027101837,0.5493746463331177,0.15447461355334338
2025-10-18 03:00:00+00:00,0.0121274809227027,-0.07474844219692658,0.0448255332090949,-0.03393180958259057,0.08109019438677978,0.5548138249271296,0.13110333727272183
2025-10-18 04:00:00+00:00,-0.0015892708764294855,-0.09333162066714361,0.013442241793429375,-0.06639167112216056,0.10997457896847516,0.5605495691873758,0.09930346601809642
2025-10-18 05:00:00+00:00,-0.026611748958202706,-0.11730450667807107,0.0104942926570529,-0.0895904581741178,0.10828245128693292,0.5718457837093927,0.07548387002538348
2025-10-18 06:00:00+00:00,-0.04998222364735673,-0.12732462947460416,0.016773309110317297,-0.10513888976165776,0.13112164413773875,0.5840135741936738,0.08189651075640132
2025-10-18 07:00:00+00:00,-0.04890908503893729,-0.1236831182084998,0.04044188254063683,-0.099901026038287,0.11566298639325873,0.5961717319915968,0.1052633312527193
2025-10-18 08:00:00+00:00,-0.031274733424711924,-0.11494714281247789,0.04549795555851562,-0.08210411114026683,0.1388535180521737,0.6061624645854219,0.12890217755284455
2025-10-18 09:00:00+00:00,-0.03104319470809851,-0.11621167032477,0.041391596359556776,-0.06322475922818548,0.15193948531641804,0.6228819812144714,0.14851282479534159
2025-10-18 10:00:00+00:00,-0.038982517940381725,-0.11849464124712923,0.02621968954049133,-0.06402859001143035,0.12637807893061026,0.6294080585813265,0.1495752744191456
2025-10-18 11:00:00+00:00,-0.04976822034162665,-0.12221524115296671,0.022340472317480712,-0.05767973398762369,0.11853315847513266,0.6452102074686393,0.1532265564111053
2025-10-18 12:00:00+00:00,-0.06270174960404894,-0.13375212668554426,0.03344390700934122,-0.05436382308376915,0.10083842776359742,0.6545420913172101,0.15985043631996138
2025-10-18 13:00:00+00:00,-0.07887851103803499,-0.14482690393022482,0.04439046968456871,-0.05110437597555099,0.11112313709938133,0.6634889039795397,0.1662187177579012
2025-10-18 14:00:00+00:00,-0.09461767838775194,-0.14589462756254723,0.06146346428283273,-0.047898575537741045,0.12127811805869257,0.6772885500352215,0.17035645488964798
2025-10-18 15:00:00+00:00,-0.10793954432041408,-0.14599802728390365,0.05871284462880958,-0.044448409398902086,0.08654847632144799,0.6882594650196214,0.17663941980568373
2025-10-18 16:00:00+00:00,-0.10137166132972611,-0.11932303112722431,0.03504246014222756,-0.05502465886188966,0.04166505257039084,0.7391076316405027,0.16079748997352944
2025-10-18 17:00:00+00:00,-0.133838751775354,-0.12128511273338341,-0.006120932318587009,-0.0654535395573705,-0.0021705459749513266,0.7667708141153102,0.12360453077688856
2025-10-18 18:00:00+00:00,-0.1670914961223412,-0.15121164885408928,0.0020227048630041427,-0.08870264808287688,-0.04518814147559269,0.7901046834038801,0.08279590752475745
2025-10-18 19:00:00+00:00,-0.2030922075095852,-0.17919389204473374,-0.028424301308937295,-0.10379109041434609,-0.05603281538994244,0.8108932993466575,0.05318854238330353
2025-10-18 20:00:00+00:00,-0.2395560904232796,-0.2304827500397007,-0.05914833298257959,-0.13495855767756804,-0.08977159307549584,0.8325043844943082,0.027627532284819695
2025-10-18 21:00:00+00:00,-0.2765806133453111,-0.30501595622506134,-0.053316762492417825,-0.16978312461016687,-0.07123049635257458,0.8550109420191627,-0.0027168227569275946
2025-10-18 22:00:00+00:00,-0.3142703208207998,-0.32882376357514115,-0.06125977225577778,-0.19916996832478345,-0.030901829701391128,0.8784948172344523,-0.006781457868213138
2025-10-18 23:00:00+00:00,-0.3172675569462143,-0.3264327248199865,-0.05499718587039275,-0.21248927322137362,-0.013304865431621547,0.9177324049121733,0.02390565636797831
2025-10-19 00:00:00+00:00,-0.3264008259761507,-0.33874710907815536,-0.07035326685728789,-0.2462185237574366,0.0,0.9213362295687139,-0.0008755846473468935
2025-10-19 01:00:00+00:00,-0.33576616924276426,-0.3263098945348538,-0.08381209536790368,-0.2745979715510071,-0.0386506647748197,0.9184701293879397,-0.008888937662295465
2025-10-19 02:00:00+00:00,-0.33953713890535553,-0.33108944283376873,-0.10352688407517736,-0.2989305178565965,-0.04716572362348268,0.9179642651359244,-0.028411760684419023
2025-10-19 03:00:00+00:00,-0.33799461343346365,-0.3357540281375739,-0.10679000820869364,-0.3137962566450729,-0.05617447956902632,0.9190951417695749,-0.04247631010753886
2025-10-19 04:00:00+00:00,-0.3297589364819859,-0.3307169377239153,-0.11063938673338115,-0.3219963395964871,-0.058529568285613995,0.9178258821030669,-0.04332659217659422
2025-10-19 05:00:00+00:00,-0.3367177120442058,-0.3380033854000699,-0.10615962792671248,-0.3322790478017271,-0.050869382511056174,0.9180225046647046,-0.0467221982762902
2025-10-19 06:00:00+00:00,-0.34106815517784755,-0.3420696887774448,-0.09815944867354859,-0.3353575231410157,-0.043800747262087665,0.918215349394657,-0.03777817097366336
2025-10-19 07:00:00+00:00,-0.3396321442296281,-0.3418554965645516,-0.09504466746349162,-0.3242954891550476,-0.03729960851430595,0.9169037625045688,-0.02800704900925017
2025-10-19 08:00:00+00:00,-0.32679817909718556,-0.3351731609026183,-0.09883757784849996,-0.310694984570544,-0.0313447625261272,0.9156863498382534,-0.017796262554386873
2025-10-19 09:00:00+00:00,-0.32679817909718556,-0.34152288451675716,-0.07950507544299623,-0.3047585583315883,-0.0313447625261272,0.9079743971054214,-0.014863825905219832
2025-10-19 10:00:00+00:00,-0.32679817909718556,-0.34152288451675716,-0.06872655441277026,-0.3047585583315883,-0.0313447625261272,0.9017639512247018,-0.012004522955936837
2025-10-19 11:00:00+00:00,-0.3287557853271349,-0.3393900437546142,-0.04924072706489537,-0.29753443765035936,-0.0386766895256522,0.903138245782549,-0.0063448873232032025
2025-10-19 12:00:00+00:00,-0.31962202988183397,-0.3373469866926325,-0.04057638965338827,-0.3006427731275946,-0.01687137389712496,0.9044728848968927,-0.0008844622133030385
2025-10-19 13:00:00+00:00,-0.31962202988183397,-0.3373469866926325,-0.04057638965338827,-0.3006427731275946,-0.01687137389712496,0.9044660823063083,0.005353386569398351
2025-10-19 14:00:00+00:00,-0.30316881727591877,-0.3501144217472012,-0.031856900218053735,-0.29586002855854954,-0.05266612034056615,0.9076103119420256,0.013936953230935807
2025-10-19 15:00:00+00:00,-0.30874146579604944,-0.34592863356991105,-0.03595630376704826,-0.2912938754316192,-0.05926571679668138,0.9105609485247755,0.012790483424412313
2025-10-19 16:00:00+00:00,-0.30874146579604944,-0.33206697940567453,-0.0641881908614055,-0.2912938754316192,-0.02313191977853245,0.9120653274911605,0.004999446163676671
2025-10-19 17:00:00+00:00,-0.30874146579604944,-0.33206697940567453,-0.0641881908614055,-0.2912938754316192,-0.05926571679668138,0.9105609485247755,-0.002749956460593772
2025-10-19 18:00:00+00:00,-0.30874146579604944,-0.32044545158496157,-0.0641881908614055,-0.2912938754316192,-0.05926571679668138,0.9066698049288069,-0.002749956460593772
2025-10-19 19:00:00+00:00,-0.31720911800191404,-0.31575181975411726,-0.08648495371109237,-0.2945407660640516,-0.06720627647580253,0.9041098479686243,-0.011822096302341819
2025-10-19 20:00:00+00:00,-0.31720911800191404,-0.313266881254181,-0.10165830316939274,-0.2945407660640516,-0.06720627647580253,0.9044862834827538,-0.007632094501789635
2025-10-19 21:00:00+00:00,-0.31720911800191404,-0.3062067478784597,-0.10165830316939274,-0.2945407660640516,-0.047536611053285674,0.9044862834827538,-0.011822096302341819
2025-10-19 22:00:00+00:00,-0.31720911800191404,-0.2990042292917962,-0.08648495371109237,-0.2945407660640516,-0.027802866043026182,0.9044862834827538,-0.011822096302341819
2025-10-19 23:00:00+00:00,-0.3129931658125844,-0.2836711321196851,-0.08648495371109237,-0.28352719804176146,-0.007969455822469754,0.9044862834827538,0.009135498074251552
2025-10-20 00:00:00+00:00,-0.3129931658125844,-0.2836711321196851,-0.08648495371109237,-0.2950715352559041,-0.007969455822469754,0.9041098479686243,0.0050367555208337056
2025-10-20 01:00:00+00:00,-0.30955360921576575,-0.28044719372039145,-0.08157695383809442,-0.3009619069006693,-0.007969455822469754,0.8997870753462182,0.003426658628180875
2025-10-20 02:00:00+00:00,-0.30955360921576575,-0.27729689781059685,-0.08157695383809442,-0.3009619069006693,-0.007969455822469754,0.8997870753462182,0.0042436890077650205
2025-10-20 03:00:00+00:00,-0.30955360921576575,-0.27729689781059685,-0.08157695383809442,-0.3009619069006693,-0.0038388886642274924,0.9016473539287295,0.003426658628180875
2025-10-20 04:00:00+00:00,-0.30955360921576575,-0.27729689781059685,-0.08157695383809442,-0.3091055599795371,-0.0038388886642274924,0.9035631187233192,0.003426658628180875
2025-10-20 05:00:00+00:00,-0.30955360921576575,-0.27729689781059685,-0.08157695383809442,-0.3091055599795371,-0.014839488646466451,0.9035631187233192,0.003426658628180875
2025-10-20 06:00:00+00:00,-0.30955360921576575,-0.27729689781059685,-0.0723043185545765,-0.31091644500321586,-0.014839488646466451,0.9035631187233192,0.0008587431880834568
2025-10-20 07:00:00+00:00,-0.30955360921576575,-0.26487179552147416,-0.06310658236258614,-0.31268553279874506,-0.014839488646466451,0.9035631187233192,-0.0017251510623658508
2025-10-20 08:00:00+00:00,-0.302946219744364,-0.26487179552147416,-0.06310658236258614,-0.31268553279874506,-0.026082931843570856,0.9000691335643388,-0.004332419294607922
2025-10-20 09:00:00+00:00,-0.29792698145449426,-0.26487179552147416,-0.04601368912051222,-0.31268553279874506,-0.03744562630134849,0.9000691335643388,-0.006949664499609733
2025-10-20 10:00:00+00:00,-0.28142435448656655,-0.26487179552147416,-0.0031387467945696093,-0.3028894742977711,-0.03744562630134849,0.9000691335643388,-0.019095492441580705
2025-10-20 11:00:00+00:00,-0.254374807077142,-0.26487179552147416,0.041860893799846914,-0.3028894742977711,-0.03744562630134849,0.9000691335643388,-0.019095492441580705
2025-10-20 12:00:00+00:00,-0.23506472463370015,-0.23685440757764512,0.08462212949092503,-0.3108087770692634,-0.011178399361599829,0.8950229595273298,-0.025136462955848902
2025-10-20 13:00:00+00:00,-0.2021217196182341,-0.20413985202873722,0.0994928452041271,-0.29972012115423163,-0.020775580284868318,0.8950472560920953,-0.024847548830151046
2025-10-20 14:00:00+00:00,-0.17006347842016928,-0.15988918190438128,0.15693314172081352,-0.2836326770404546,-0.020775580284868318,0.8950472560920953,-0.015123571804719075
2025-10-20 15:00:00+00:00,-0.15465800540606567,-0.15988918190438128,0.21688630639873202,-0.2528350049639933,-0.020775580284868318,0.8907258914512572,0.004279538529588989
2025-10-20 16:00:00+00:00,-0.17732366384759976,-0.17685965110285845,0.21688630639873202,-0.26735279402167306,-0.020775580284868318,0.889349553866064,-0.011345099909033282
2025-10-20 17:00:00+00:00,-0.18808715532479275,-0.19369044872661445,0.18790741484772383,-0.28023225856167033,-0.054324019237461656,0.889349553866064,-0.011345099909033282
2025-10-20 18:00:00+00:00,-0.18808715532479275,-0.19369044872661445,0.13085268613314638,-0.29127330770369825,-0.054324019237461656,0.889349553866064,-0.00355525565757329
2025-10-20 19:00:00+00:00,-0.19633650188307003,-0.19264124598081045,0.07540551055977943,-0.3064187564415377,-0.06285397909554509,0.8906848546514835,-0.013108636685397069
2025-10-20 20:00:00+00:00,-0.19633650188307003,-0.19928215793994056,0.06234503161750718,-0.3064187564415377,-0.08073892949809283,0.8903628256727939,-0.013108636685397069
2025-10-20 21:00:00+00:00,-0.2005509259077828,-0.19928215793994056,0.025275641262956804,-0.3064187564415377,-0.08073892949809283,0.890110442920236,-0.013108636685397069
2025-10-20 22:00:00+00:00,-0.2005509259077828,-0.19264124598081045,0.025275641262956804,-0.3018385252724593,-0.06065645771259816,0.8899252808207112,-0.0003862098202646591
2025-10-20 23:00:00+00:00,-0.21352891941223462,-0.19264124598081045,-0.010048630226751646,-0.3018385252724593,-0.06065645771259816,0.8898050401213011,-0.0003862098202646591
2025-10-21 00:00:00+00:00,-0.2308510213125718,-0.20568166270614915,-0.022817513911778692,-0.29176600662539093,-0.06065645771259816,0.8874047981604402,0.0038261996228632035
2025-10-21 01:00:00+00:00,-0.23500903314435762,-0.21103039489465877,-0.028160505001283552,-0.28790122715434796,-0.06065645771259816,0.8835354539656912,0.005250661019740178
2025-10-21 02:00:00+00:00,-0.24258832261661498,-0.21666629860988432,-0.030677723974882724,-0.27889554073621853,-0.05292516355126151,0.878330036312928,0.006647307900148705
2025-10-21 03:00:00+00:00,-0.25070398514993897,-0.22609574031682814,-0.03323305191170141,-0.27539202685062875,-0.05292516355126151,0.8742931609732157,0.007337248881826356
2025-10-21 04:00:00+00:00,-0.2594288190482973,-0.23636403793862615,-0.035829638094747034,-0.27539202685062875,-0.05292516355126151,0.8740033316926556,0.008018703270233324
2025-10-21 05:00:00+00:00,-0.2569601166476633,-0.2294283884461479,-0.0276509273700673,-0.2777410164947142,0.02920749464419983,0.19875622634347223,0.038418956482330374
2025-10-21 06:00:00+00:00,-0.24606044263424792,-0.22435799160875947,-0.018997833813899728,-0.2800916004856761,0.024533940414821074,0.19725107534861167,0.033749669749044
2025-10-21 07:00:00+00:00,-0.22335190852031692,-0.22435799160875947,-0.0022792529701352593,-0.2800916004856761,0.024533940414821074,0.19626152768460065,0.03148186006001314
2025-10-21 08:00:00+00:00,-0.2098989146646884,-0.22435799160875947,0.013178516563832504,-0.2800916004856761,0.024533940414821074,0.19479760848133376,0.026857976882291915
2025-10-21 09:00:00+00:00,-0.19138580888166637,-0.22469685041984622,0.03809816796899276,-0.2887597721208934,0.016915623346700676,0.1942313779690095,0.015982746138948234
2025-10-21 10:00:00+00:00,-0.1759993015715288,-0.22435799160875947,0.05543869733887205,-0.28194812828140103,0.018639274211286333,0.19002127292050267,0.007334494466256261
2025-10-21 11:00:00+00:00,-0.155893541205324,-0.22435799160875947,0.0915996597977043,-0.2915239107096132,0.018639274211286333,0.18782487056114708,-0.0036707428902732473
2025-10-21 12:00:00+00:00,-0.12426255111799565,-0.1926265149167432,0.1236517026748962,-0.2915239107096132,0.029384526038432317,0.18454904571896524,-0.014666521246101152
2025-10-21 13:00:00+00:00,-0.08116747797047665,-0.16072614432777355,0.1539753649750223,-0.2915239107096132,0.029384526038432317,0.18237716818036673,-0.025655774145936838
2025-10-21 14:00:00+00:00,-0.008905217025615057,-0.13464968441421962,0.19799111358255025,-0.28692121545593446,0.031881290368333114,0.17956744009515832,-0.030970828110065934
2025-10-21 15:00:00+00:00,0.03827019631537842,-0.10904769782162502,0.24939799736966223,-0.3019050916459562,0.04836854383355421,0.1762439241678985,-0.04783705782590695
2025-10-21 16:00:00+00:00,-0.012581770153040066,-0.15070646189789672,0.20317634775518756,-0.3019050916459562,0.04836854383355421,0.1762439241678985,-0.04104243043090156
2025-10-21 17:00:00+00:00,-0.04920513428897939,-0.17059001371196894,0.13565657226564512,-0.3019050916459562,0.04836854383355421,0.1762439241678985,-0.027557408873418038
2025-10-21 18:00:00+00:00,-0.08402216107711051,-0.17059001371196894,0.05728357494690189,-0.2903366790949338,0.061695593732797184,0.1762439241678985,-0.02076792596930212
2025-10-21 19:00:00+00:00,-0.12013378644076966,-0.19216498066704868,0.004328233830724875,-0.3036037202781842,0.05101171549005361,0.17750473063644107,-0.02307312700729974
2025-10-21 20:00:00+00:00,-0.1404239540184346,-0.19216498066704868,-0.023362930930831877,-0.30609078778102133,0.05101171549005361,0.17750473063644107,-0.02307312700729974
2025-10-21 21:00:00+00:00,-0.16077679785498775,-0.19216498066704868,-0.050659576970198704,-0.30609078778102133,0.04380504877204066,0.17750473063644107,-0.01940381755772962
2025-10-21 22:00:00+00:00,-0.17764420483840201,-0.1844265184566672,-0.06810558033729353,-0.30609078778102133,0.03682315102055255,0.17750473063644107,-0.008088403637765886
2025-10-21 23:00:00+00:00,-0.19218516429764396,-0.1948574408589828,-0.09493939249334919,-0.2931543897434499,0.03682315102055255,0.17820531045544527,-0.004306482852378136
2025-10-22 00:00:00+00:00,-0.1982024288213132,-0.17940336945108484,-0.12538219206459414,-0.2844781802730539,0.02975442735075562,0.17959467200947093,0.006760540687712332
2025-10-22 01:00:00+00:00,-0.21014263794503732,-0.2073424392715618,-0.1312693019863157,-0.28697944539608217,0.03386246814606878,0.1794955474281387,0.000995001260399403
2025-10-22 02:00:00+00:00,-0.21500107113669173,-0.21500201887706932,-0.13305537734510176,-0.2838113611888806,0.0352694733128028,0.1796130092774536,0.0030065216321330164
2025-10-22 03:00:00+00:00,-0.2237863613051903,-0.2285260071015761,-0.13622929913166273,-0.28071628050586456,0.036678777557544257,0.1798597295021681,0.0030065216321330164
2025-10-22 04:00:00+00:00,-0.23332491985637205,-0.24392753019719077,-0.14138778442807823,-0.2776911723528915,0.03809074342951325,0.17998899901539483,0.0036662150433322827
2025-10-22 05:00:00+00:00,-0.22742977862751887,-0.23991573658259438,-0.12834016476200294,-0.2776911723528915,0.02874238056876074,0.17904834480041815,-0.002856008601433703
2025-10-22 06:00:00+00:00,-0.2190448336986335,-0.22748239952914454,-0.10773799966079398,-0.2837029164510998,0.02418900222056375,0.17810848192779236,-0.009431026974499877
2025-10-22 07:00:00+00:00,-0.2032579288202292,-0.2191577163558292,-0.08837447135190046,-0.29538744091244945,0.02418900222056375,0.17671695577542448,-0.0116623467398967
2025-10-22 08:00:00+00:00,-0.1827823879967243,-0.2191577163558292,-0.06528690156169625,-0.3021449421099765,0.02418900222056375,0.17580122895364614,-0.013912280355530885
2025-10-22 09:00:00+00:00,-0.17101148492681367,-0.21091628154646225,-0.04775371498079362,-0.3021449421099765,0.01963621982516008,0.1744452094703659,-0.01844299996905289
2025-10-22 10:00:00+00:00,-0.1618952296772558,-0.21383728650524608,-0.003372053243774006,-0.30746794733787747,0.01677118199958416,0.1715533153316267,-0.024424908374173545
2025-10-22 11:00:00+00:00,-0.1548429295268167,-0.21383728650524608,0.042289674431209096,-0.31652798700156776,0.01677118199958416,0.16842934009173427,-0.03456679887200633
2025-10-22 12:00:00+00:00,-0.13920281801570966,-0.21383728650524608,0.08506859451788552,-0.3074679473378774,0.01677118199958416,0.16635730889404388,-0.04972579738879097
2025-10-22 13:00:00+00:00,-0.1153713416652539,-0.19557512407988878,0.1255373300817311,-0.2984119530127395,0.01677118199958416,0.16428503811941292,-0.05486036336774797
2025-10-22 14:00:00+00:00,-0.09086253997206477,-0.1413922661713834,0.1880127983800701,-0.2984119530127395,0.03305431097254675,0.16102928840563963,-0.06290820288837067
2025-10-22 15:00:00+00:00,-0.04366466032461904,-0.11254500855268662,0.2540212366412498,-0.2984119530127395,0.04933500005310702,0.15777194030682562,-0.0708769004392081
2025-10-22 16:00:00+00:00,-0.07191070105002313,-0.13608276348802853,0.19590894519091445,-0.2984119530127395,0.03601001359345305,0.1564553971681532,-0.06455228099814038
2025-10-22 17:00:00+00:00,-0.09026345927050923,-0.13608276348802853,0.12522932838859469,-0.30923769059819856,0.03601001359345305,0.1564553971681532,-0.05187067329619557
2025-10-22 18:00:00+00:00,-0.11680180846782882,-0.15667159369601744,0.059855137890071256,-0.30923769059819856,0.03601001359345305,0.15778198004562152,-0.04549369297580527
2025-10-22 19:00:00+00:00,-0.13127296904411564,-0.16339852860509266,0.01815231628906245,-0.3121401629689899,0.03935785188601345,0.15796605914264578,-0.03170335958993342
2025-10-22 20:00:00+00:00,-0.14852011761028783,-0.16339852860509266,-0.015150133954659521,-0.3147046596824445,0.03935785188601345,0.15796605914264578,-0.03170335958993342
2025-10-22 21:00:00+00:00,-0.16516144721301493,-0.1733183974369611,-0.04684913603662199,-0.3121401629689899,0.03179934164400249,0.15796605914264578,-0.02806375104440866
2025-10-22 22:00:00+00:00,-0.17798356913739616,-0.1733183974369611,-0.07316139956855562,-0.3121401629689899,0.024242117835868028,0.15796605914264578,-0.020520384516091623
2025-10-22 23:00:00+00:00,-0.1878628071613783,-0.18614306316051857,-0.09828168549621458,-0.3051279630699806,0.024242117835868028,0.15870631552368325,-0.016622240283989464
2025-10-23 00:00:00+00:00,-0.19986751588866053,-0.18614306316051857,-0.13076718445033872,-0.3051279630699806,0.024242117835868028,0.15870631552368325,-0.01275148176020009
2025-10-23 01:00:00+00:00,-0.20536623320234385,-0.19236085003313233,-0.14154553723400481,-0.3051279630699806,0.024242117835868028,0.15870631552368325,-0.01275148176020009
2025-10-23 02:00:00+00:00,-0.2099589663242959,-0.1989439135809261,-0.1526283159870612,-0.3098441695923866,0.024242117835868028,0.15870631552368325,-0.01275148176020009
2025-10-23 03:00:00+00:00,-0.21472886521718504,-0.1989439135809261,-0.16042830727640628,-0.31472355693637377,0.024242117835868028,0.15884848729202283,-0.01275148176020009
2025-10-23 04:00:00+00:00,-0.22440342312085332,-0.20475252311587058,-0.16340517420777737,-0.3290103146106998,0.0210474997060533,0.15784410840126462,-0.022609619736608907
2025-10-23 05:00:00+00:00,-0.22135040542737844,-0.20475252311587058,-0.1460659959148477,-0.3290103146106998,0.02552602088416902,0.15784410840126462,-0.022609619736608907
2025-10-23 06:00:00+00:00,-0.21829260724116883,-0.20475252311587058,-0.12533179841519293,-0.3290103146106998,0.02552602088416902,0.15784410840126462,-0.024792848148350446
2025-10-23 07:00:00+00:00,-0.2157383958539444,-0.20475252311587058,-0.10519849962923444,-0.32372333440709444,0.02552602088416902,0.15784410840126462,-0.0270257289161362
2025-10-23 08:00:00+00:00,-0.212512802415373,-0.20475252311587058,-0.08554117790398097,-0.32372333440709444,0.02552602088416902,0.15829089550547126,-0.0270257289161362
2025-10-23 09:00:00+00:00,-0.20674961877516487,-0.20475252311587058,-0.0707540104183741,-0.3185836210522635,0.02552602088416902,0.15829089550547126,-0.024792848148350446
2025-10-23 10:00:00+00:00,-0.19366533928871632,-0.20475252311587058,-0.034581535226581084,-0.32753599004011147,0.02552602088416902,0.15829089550547126,-0.024792848148350446
2025-10-23 11:00:00+00:00,-0.18675575534672098,-0.2183334099453342,0.002085445413813802,-0.3185836210522635,0.02552602088416902,0.15829089550547126,-0.024792848148350446
2025-10-23 12:00:00+00:00,-0.1722894185610506,-0.2356490091163155,0.03861492694811316,-0.30226228382338205,0.015166308016116228,0.1593350935136273,-0.024792848148350446
2025-10-23 13:00:00+00:00,-0.15676590500873924,-0.2356490091163155,0.07446680434628468,-0.30226228382338205,0.015166308016116228,0.16036921060095388,-0.024792848148350446
2025-10-23 14:00:00+00:00,-0.12030471923578279,-0.2356490091163155,0.10265157335045083,-0.30226228382338205,0.015166308016116228,0.15872777277855965,-0.041034303735485576
2025-10-23 15:00:00+00:00,-0.09734019281130192,-0.20812561415578926,0.14558524100405631,-0.30226228382338205,0.015166308016116228,0.15872777277855965,-0.05752615844655211
2025-10-23 16:00:00+00:00,-0.11648776361477821,-0.18466725233633732,0.0861935159774229,-0.30226228382338205,0.015166308016116228,0.15872777277855965,-0.044147181641965905
2025-10-23 17:00:00+00:00,-0.135539963289158,-0.18466725233633732,0.03806453098019233,-0.29057216364706456,0.015166308016116228,0.15872777277855965,-0.03743397285441121
2025-10-23 18:00:00+00:00,-0.16320619296394107,-0.18466725233633732,0.002300486328075035,-0.28035268252725776,0.015166308016116228,0.16007215704721472,-0.030673925177737427
2025-10-23 19:00:00+00:00,-0.1904823830690437,-0.20448376691033673,-0.03275261890337391,-0.26096813720310047,0.015166308016116228,0.16141603926406306,-0.023903910847063347
2025-10-23 20:00:00+00:00,-0.20494919566367165,-0.20448376691033673,-0.05879211060604116,-0.252709784737698,0.015166308016116228,0.16141603926406306,-0.020122415218183105
2025-10-23 21:00:00+00:00,-0.2138926013032515,-0.20448376691033673,-0.07775685743034672,-0.24427003290200874,0.007486036662281963,0.16141603926406306,-0.01630122659975581
2025-10-23 22:00:00+00:00,-0.21881093017831343,-0.20017682254735902,-0.09930906844351732,-0.2367213241602806,-0.004594899876081889,0.15963981705578292,-0.017050462371495923
2025-10-23 23:00:00+00:00,-0.23023821498746602,-0.20928110426344176,-0.12264298445123287,-0.2357859291514512,-0.009170425730116345,0.15779685354033543,-0.030329102583604113
2025-10-24 00:00:00+00:00,-0.2380279070824254,-0.20928110426344176,-0.1638484705572047,-0.2357859291514512,-0.001112554623008675,0.15779685354033543,-0.0346605518954472
2025-10-24 01:00:00+00:00,-0.2494966784228332,-0.2166062276258208,-0.1734293197889102,-0.2357859291514512,-0.001112554623008675,0.15795052966510167,-0.037175507747487464
2025-10-24 02:00:00+00:00,-0.2535576748215192,-0.2166062276258208,-0.18378173126648287,-0.24126662328688298,-0.003045141368417433,0.15810428296590123,-0.03843151178230743
2025-10-24 03:00:00+00:00,-0.25774944183979726,-0.2166062276258208,-0.19504349691255854,-0.24126662328688298,-0.003045141368417433,0.15810428296590123,-0.03843151178230743
2025-10-24 04:00:00+00:00,-0.2620799215526663,-0.20928110426344176,-0.20738922631850923,-0.24126662328688298,-0.003045141368417433,0.1582681702720308,-0.03843151178230743
2025-10-24 05:00:00+00:00,-0.2493449900216228,-0.2037002109317693,-0.20173200719621653,-0.2305630862357605,-0.135442300366415,0.8931460178477083,-0.06622031715388176
2025-10-24 06:00:00+00:00,-0.2493449900216228,-0.2037002109317693,-0.19153393417007106,-0.2305630862357605,-0.135442300366415,0.8931460178477083,-0.06622031715388176
2025-10-24 07:00:00+00:00,-0.25223920983243864,-0.2037002109317693,-0.1833036273946614,-0.23708084855278427,-0.14130008915431966,0.8893802831681537,-0.06909066071736815
2025-10-24 08:00:00+00:00,-0.24847549702299415,-0.2037002109317693,-0.16905886257739203,-0.24271510094665621,-0.15292650357886667,0.8856729060168315,-0.06622031715388176
2025-10-24 09:00:00+00:00,-0.014098075731328355,-0.10316704231250162,-0.08621676792585557,-0.08714737279087542,0.22365446678134787,0.18760193322896848,-0.10699310326219849
2025-10-24 10:00:00+00:00,-0.012046795723299473,-0.10175630900863573,-0.07678155307242586,-0.08770179317903096,0.22515167697488447,0.18711120468925813,-0.10701819385324593
2025-10-24 11:00:00+00:00,-0.012046795723299473,-0.10175630900863573,-0.06560522286083931,-0.08770179317903096,0.22515167697488447,0.18711120468925813,-0.11090147173648585
2025-10-24 12:00:00+00:00,-0.014745273177467893,-0.10782531824038244,-0.05735553033457998,-0.091436361992939,0.20153448305224775,0.18478764121391192,-0.11090147173648585
2025-10-24 13:00:00+00:00,-0.020141445545963563,-0.11390626617160225,-0.044109977517101856,-0.091436361992939,0.19384032184808242,0.18478764121391192,-0.11090147173648585
2025-10-24 14:00:00+00:00,-0.032218618317948915,-0.12528730785057376,-0.032602720901475146,-0.09205027887253606,0.1915275927984824,0.1797541317942686,-0.11420459074979179
2025-10-24 15:00:00+00:00,-0.03144722844829653,-0.13272059242341042,-0.014509226031277966,-0.08730974347939115,0.18921105561719911,0.17457127885802654,-0.11431663478733901
2025-10-24 16:00:00+00:00,-0.029744979098665192,-0.12893264758365508,-0.02333488233865696,-0.08482526078447263,0.18921105561719911,0.17452494510269426,-0.11431663478733901
2025-10-24 17:00:00+00:00,-0.02643975752740015,-0.12893264758365508,-0.029009591033016514,-0.08482526078447263,0.18921105561719911,0.1741208243342222,-0.11431663478733901
2025-10-24 18:00:00+00:00,-0.02643975752740015,-0.130544187832199,-0.03464691238818476,-0.08482526078447263,0.1824216826492824,0.17452494510269426,-0.11431663478733901
2025-10-24 19:00:00+00:00,-0.024909504051649073,-0.130544187832199,-0.04025692332501495,-0.08482526078447263,0.1824216826492824,0.17494711113422787,-0.11431663478733901
2025-10-24 20:00:00+00:00,-0.024311122829762746,-0.130544187832199,-0.04207644647204091,-0.08482526078447263,0.185527549564483,0.17406958551844973,-0.11447507884303984
2025-10-24 21:00:00+00:00,-0.024140090618538463,-0.130544187832199,-0.045490514465674384,-0.08482526078447263,0.185527549564483,0.174044822570123,-0.11447507884303984
2025-10-24 22:00:00+00:00,-0.023881211378035023,-0.12976095996967627,-0.04833337602341476,-0.08482526078447263,0.185527549564483,0.17403368989309753,-0.11535546182341881
2025-10-24 23:00:00+00:00,-0.023261600269679737,-0.12847145621891534,-0.0513312824789216,-0.08573969334972986,0.18208708704973503,0.17403368989309753,-0.11646208578230657
2025-10-25 00:00:00+00:00,-0.023261600269679737,-0.13405579066313342,-0.05714929463565898,-0.08725352900025952,0.18208708704973503,0.17484220176764478,-0.11953808119918401
2025-10-25 01:00:00+00:00,-0.019380359525085288,-0.1302545493316564,-0.057210454879405945,-0.08456249865440162,0.18315989734510346,0.17670232165240424,-0.11914933100344108
2025-10-25 02:00:00+00:00,-0.019735649263099966,-0.1302545493316564,-0.05757394037821221,-0.0844745959489601,0.1837063621506827,0.17670232165240424,-0.12065892604567904
2025-10-25 03:00:00+00:00,-0.020086553391964676,-0.12928635504966365,-0.06118036752295412,-0.08439967238698202,0.1837063621506827,0.1772773122609187,-0.1213083605298835
2025-10-25 04:00:00+00:00,-0.020433280579323466,-0.12841380500178895,-0.06427060110190407,-0.08433840417307471,0.1837063621506827,0.1772773122609187,-0.12065892604567904
2025-10-25 05:00:00+00:00,-0.019515105940373874,-0.1265241965339401,-0.056120294757587,-0.08144231469783239,0.19657308693500278,0.17660913588938193,-0.11861596202123274
2025-10-25 06:00:00+00:00,-0.020297428894880183,-0.12844437643173098,-0.04963860361184468,-0.078458441217528,0.19873595965972063,0.17577940904753064,-0.11945723670673648
2025-10-25 07:00:00+00:00,-0.02677724598094775,-0.13210709572504756,-0.04047647563744324,-0.0755295962439057,0.19873595965972063,0.17726645635477836,-0.11945723670673648
2025-10-25 08:00:00+00:00,-0.034077426639084876,-0.13210709572504756,-0.031118646312543272,-0.0755295962439057,0.19873595965972063,0.17764484966816693,-0.11945723670673648
2025-10-25 09:00:00+00:00,-0.03760830202945044,-0.13210709572504756,-0.026747651944742677,-0.078458441217528,0.19873595965972063,0.1777238254204951,-0.11945723670673648
2025-10-25 10:00:00+00:00,-0.041648374853007715,-0.1311693828888591,-0.025760458797360438,-0.07484485658779177,0.20017893343543874,0.17629434616131828,-0.11780503089302774
2025-10-25 11:00:00+00:00,-0.041733574126332516,-0.1302310245885116,-0.024771930654985393,-0.07117133263017923,0.2016252463712196,0.17509316976310985,-0.11900806266080886
2025-10-25 12:00:00+00:00,-0.04588466957232293,-0.1292920046336049,-0.018401551617840853,-0.07155874641366848,0.1947991276599472,0.17232192539211383,-0.11666295540104502
2025-10-25 13:00:00+00:00,-0.051703944403661495,-0.1354416867581513,-0.009764683484541894,-0.07155874641366848,0.1947991276599472,0.17400794406386344,-0.11666295540104502
2025-10-25 14:00:00+00:00,-0.05964677199991064,-0.14317238562670684,-0.008682077617842626,-0.07197382914555629,0.19262053604565793,0.1709747634669486,-0.11758095855319489
2025-10-25 15:00:00+00:00,-0.06776775043922915,-0.15103936960860723,0.004502544912349396,-0.07239033660550773,0.19043823450767036,0.16809003770978787,-0.11494152115611737
2025-10-25 16:00:00+00:00,-0.06503789966903191,-0.1427812203718648,0.004502544912349396,-0.07239033660550773,0.19043823450767036,0.16845671888929448,-0.11396155396086868
2025-10-25 17:00:00+00:00,-0.06229090201741186,-0.13978731359774735,0.004502544912349396,-0.07042162768234546,0.19043823450767036,0.1688343433500712,-0.11298044438646429
2025-10-25 18:00:00+00:00,-0.0599330418646777,-0.1388753494069889,0.004502544912349396,-0.07042162768234546,0.19043823450767036,0.1688343433500712,-0.11298044438646429
2025-10-25 19:00:00+00:00,-0.06322258071190882,-0.14200207943447657,0.0022549663140976916,-0.07502680512740267,0.1879724725235109,0.17036526139481056,-0.11568843342296821
2025-10-25 20:00:00+00:00,-0.060271773130729345,-0.14200207943447657,0.0022549663140976916,-0.07502680512740267,0.1879724725235109,0.17019316021055367,-0.11568843342296821
2025-10-25 21:00:00+00:00,-0.05801972273213666,-0.14200207943447657,0.0022549663140976916,-0.07411426130236635,0.19052566933981885,0.17019316021055367,-0.11568843342296821
2025-10-25 22:00:00+00:00,-0.05727967017847638,-0.14200207943447657,-0.00041484401768576365,-0.07327727649869027,0.1932183180290948,0.17019316021055367,-0.11596553342414435
2025-10-25 23:00:00+00:00,-0.05747299831493782,-0.1414594785904743,-0.00041484401768576365,-0.07435646947206193,0.1932183180290948,0.17036526139481056,-0.12019893364378813
2025-10-26 00:00:00+00:00,-0.05747299831493782,-0.1414594785904743,-0.00041484401768576365,-0.07657479906697674,0.1932183180290948,0.17054858593087135,-0.12378846165510533
2025-10-26 01:00:00+00:00,-0.05594194891542564,-0.13349178708619638,0.0008842599183250284,-0.0757261878050058,0.19174243236007957,0.17220720013599744,-0.12046799810855574
2025-10-26 02:00:00+00:00,-0.05594194891542564,-0.13343641301448317,0.0008842599183250284,-0.07465461288418142,0.19174243236007957,0.1729804048377889,-0.12110988381969769
2025-10-26 03:00:00+00:00,-0.05594194891542564,-0.13342536083790027,-0.001308005173280106,-0.0736013966320581,0.20143832315394958,0.17398438456996643,-0.12143529126764281
2025-10-26 04:00:00+00:00,-0.05514176525331588,-0.13296361473695942,0.008160526035294817,-0.06912838170071736,0.2042245117964913,0.17395851068894427,-0.11836825897050438
2025-10-26 05:00:00+00:00,-0.05398580479694343,-0.132616074827751,0.011868265414790434,-0.0653464106944865,0.20720991859168472,0.173974557829048,-0.11554261424067049
2025-10-26 06:00:00+00:00,-0.05282914899140215,-0.13216195273388257,0.009716575300171853,-0.060493423228686,0.21039543808831426,0.1737814650978601,-0.11517988771593955
2025-10-26 07:00:00+00:00,-0.05317494121862402,-0.13394651614470804,0.009656880995062603,-0.05900581307256819,0.21378274495236685,0.17296967305819988,-0.11550255231039899
2025-10-26 08:00:00+00:00,-0.04956632015046071,-0.13823092898854342,0.019441068899801125,-0.05573760545341559,0.21939476838773828,0.17422975599030166,-0.11550255231039899
2025-10-26 09:00:00+00:00,-0.047844580689716545,-0.13823092898854342,0.029237502163424956,-0.05573760545341559,0.22509404726178914,0.17551608071852154,-0.11550255231039899
2025-10-26 10:00:00+00:00,-0.04601324773850026,-0.13786194586618855,0.03071126176386605,-0.04783641459861582,0.23276443793958732,0.1758089610604898,-0.11339496504961051
2025-10-26 11:00:00+00:00,-0.04415583766975709,-0.13269637693015962,0.04164736361435459,-0.04449475592132108,0.2406528153655261,0.1762056178189817,-0.11126085341821719
2025-10-26 12:00:00+00:00,-0.04484965071911521,-0.13228656961473015,0.04431349121361458,-0.041126836191017285,0.24877065336163143,0.17483054949931653,-0.10909985300951716
2025-10-26 13:00:00+00:00,-0.04484965071911521,-0.14383453552437614,0.05659540108756828,-0.04578297535242076,0.24877065336163143,0.1758993745509373,-0.10909985300951716
2025-10-26 14:00:00+00:00,-0.04744187971605046,-0.15266424744939605,0.07198458228029526,-0.04064903594863347,0.247171994733742,0.17675039822444452,-0.10590922500281481
2025-10-26 15:00:00+00:00,-0.04815854703927573,-0.16169031093835673,0.08715708504955189,-0.04052033138010981,0.259389816980439,0.17517992311998112,-0.1066199948695806
2025-10-26 16:00:00+00:00,-0.04907869886672794,-0.16169031093835673,0.08244796011204023,-0.0426014462814524,0.259389816980439,0.17517992311998112,-0.1066199948695806
2025-10-26 17:00:00+00:00,-0.049992416296544086,-0.16169031093835673,0.0723559118794526,-0.04467466176974957,0.259389816980439,0.17506472959719316,-0.1066199948695806
2025-10-26 18:00:00+00:00,-0.049992416296544086,-0.16169031093835673,0.06334700847129543,-0.04467466176974957,0.26406776043386143,0.17496128613446682,-0.10728572523474128
2025-10-26 19:00:00+00:00,-0.050784038347174404,-0.16169031093835673,0.055196881180122795,-0.04467466176974957,0.26406776043386143,0.17487004882378623,-0.10728572523474128
2025-10-26 20:00:00+00:00,-0.055110490620118836,-0.16582534561841222,0.04712393988882092,-0.04784612880279084,0.26209238969498566,0.1768248886870166,-0.10989365768959165
2025-10-26 21:00:00+00:00,-0.0598551421939356,-0.1699590078964109,0.04336175586261079,-0.05090821597236234,0.2467359984472124,0.178294121413307,-0.11250075348769281
2025-10-26 22:00:00+00:00,-0.05919737163250458,-0.16956821096504449,0.04234240854563653,-0.05091695825620879,0.24609097685870568,0.1782628733740658,-0.1125738227130555
2025-10-26 23:00:00+00:00,-0.0593093034818567,-0.16944003209948066,0.042216339501581115,-0.050843740299714626,0.24466698813254895,0.178232916930665,-0.11191333701938043
2025-10-27 00:00:00+00:00,-0.059992462318609184,-0.16944003209948066,0.042216339501581115,-0.050843740299714626,0.2525415530759108,0.17919372311198078,-0.11191333701938043
2025-10-27 01:00:00+00:00,-0.05868062277890993,-0.16705652853805267,0.046389482980393484,-0.0471225891932289,0.2539169057247883,0.18380217645135902,-0.10836565032819813
2025-10-27 02:00:00+00:00,-0.05868062277890993,-0.16705652853805267,0.051014504565853706,-0.0471225891932289,0.2571784142191397,0.18749041990031415,-0.10799268753633237
2025-10-27 03:00:00+00:00,-0.05824440518043681,-0.16737866255862127,0.05380362196404813,-0.0471225891932289,0.2571784142191397,0.18912622825489414,-0.10805890624599747
2025-10-27 04:00:00+00:00,-0.05780715523352391,-0.16737866255862127,0.05891022769106918,-0.0471225891932289,0.2605786494237363,0.19078746383828343,-0.10813806431597617
2025-10-27 05:00:00+00:00,-0.05682504452603986,-0.16737866255862127,0.06244374898381489,-0.0471225891932289,0.2641241649639777,0.1924749079086878,-0.10748728901044056
2025-10-27 06:00:00+00:00,-0.054910418828663064,-0.16455412521723223,0.0684927155908946,-0.04140232154762989,0.2663544635001609,0.1949232817821826,-0.10689031957225
2025-10-27 07:00:00+00:00,-0.048409900421604535,-0.1598288438013584,0.07914302694975803,-0.032487034996478495,0.2923571013838906,0.19715098289477584,-0.10436504617883408
2025-10-27 08:00:00+00:00,-0.04146607223453017,-0.1598288438013584,0.08498234645051128,-0.029205572419385845,0.3005963484009792,0.19939544246815094,-0.10436504617883408
2025-10-27 09:00:00+00:00,-0.3177936839021772,-0.30981973057215184,-0.08521035877642964,-0.23191625395835383,-0.06498837206442877,0.8571048248935951,-0.11040203382436727
2025-10-27 10:00:00+00:00,-0.306490677258987,-0.30981973057215184,-0.05446234886823082,-0.23191625395835383,-0.06498837206442877,0.8571048248935951,-0.11040203382436727
2025-10-27 11:00:00+00:00,-0.28434080734859796,-0.30981973057215184,0.007565031579761998,-0.2165923752727221,-0.026525185402612114,0.848130479021936,-0.09135984461191636
2025-10-27 12:00:00+00:00,-0.2538770368826208,-0.30981973057215184,0.06784338259203748,-0.2010981431336088,0.05461400155029038,0.8571048248935951,-0.08134930735323333
2025-10-27 13:00:00+00:00,-0.20625633227038498,-0.30981973057215184,0.12250545748907,-0.2010981431336088,0.09698452723977267,0.8571048248935951,-0.07133799724770849
2025-10-27 14:00:00+00:00,-0.14440352276765145,-0.2689540580413049,0.19295335907530525,-0.18384031459910752,0.13340969073654713,0.8571048248935951,-0.051155656258535506
2025-10-27 15:00:00+00:00,-0.1140761060483579,-0.24680280488039438,0.24703356413864516,-0.1666574840418913,0.1674387832320931,0.8571048248935951,-0.031074929292755387
2025-10-27 16:00:00+00:00,-0.14617898563298234,-0.2649456986892332,0.21057106785835933,-0.19851751536782297,0.1279352440986432,0.8571048248935951,-0.04880413366249947
2025-10-27 17:00:00+00:00,-0.17777085439584328,-0.2649456986892332,0.17522373509192934,-0.19851751536782297,0.09107194320744283,0.8571048248935951,-0.05748651088226932
2025-10-27 18:00:00+00:00,-0.20087694023097744,-0.2501213109043043,0.12234606721090316,-0.22696794699646075,0.056442960392658226,0.8547559686230747,-0.05748651088226932
2025-10-27 19:00:00+00:00,-0.22339000612599383,-0.23489481067168025,0.05599013490396589,-0.22696794699646075,0.023724523853208813,0.8524561147975955,-0.05748651088226932
2025-10-27 20:00:00+00:00,-0.24615377888006584,-0.25095505113926175,0.0,-0.24531211352089727,-0.024917778265327126,0.8564261919935378,-0.07142328124252599
2025-10-27 21:00:00+00:00,-0.26736271280852575,-0.2667365032605879,-0.03691230399862698,-0.2633291216537886,-0.05616985645215774,0.8580337083272108,-0.08912136386231544
2025-10-27 22:00:00+00:00,-0.27202140183685974,-0.2627285175763261,-0.06138008150069199,-0.2633291216537886,-0.07048263110830304,0.8583500931464075,-0.0817747538921092
2025-10-27 23:00:00+00:00,-0.2778843448974528,-0.2627285175763261,-0.08025681346224137,-0.2633291216537886,-0.10393904798364433,0.8587287279960374,-0.06741452839726794
2025-10-28 00:00:00+00:00,-0.2817466196030209,-0.2627285175763261,-0.08719264431701669,-0.2524927871766989,-0.10393904798364433,0.8583500931464075,-0.06286055684488634
2025-10-28 01:00:00+00:00,-0.29359123599393866,-0.2627285175763261,-0.10072526623877211,-0.2524927871766989,-0.10393904798364433,0.8580337083272108,-0.06286055684488634
2025-10-28 02:00:00+00:00,-0.2963012272471442,-0.2627285175763261,-0.10067758733933717,-0.24969256788566443,-0.10393904798364433,0.8580337083272108,-0.06286055684488634
2025-10-28 03:00:00+00:00,-0.29919141878748146,-0.2627285175763261,-0.0998832257432713,-0.24705370598324655,-0.10329900427293306,0.855644369570537,-0.06286055684488634
2025-10-28 04:00:00+00:00,-0.30227717701550716,-0.2627285175763261,-0.09991976911984508,-0.2445635681980604,-0.10271846173636641,0.8533035729264153,-0.06258043854985165
2025-10-28 05:00:00+00:00,-0.3055758030332171,-0.2627285175763261,-0.097675273464519,-0.2445635681980604,-0.10271846173636641,0.8510104672007202,-0.06262979569965234
2025-10-28 06:00:00+00:00,-0.30763072876262393,-0.2649237102808699,-0.08616855424663752,-0.2466496589933163,-0.10036078975251272,0.8398772410649806,-0.06535178842353057
2025-10-28 07:00:00+00:00,-0.26621015013293553,-0.25223790983020256,-0.050911858644446376,-0.2466496589933163,-0.10036078975251272,0.8338281824034179,-0.06535178842353057
2025-10-28 08:00:00+00:00,-0.2316020367783094,-0.25223790983020256,-0.026324303264988705,-0.2466496589933163,-0.11752263915430136,0.8278757464071144,-0.06535178842353057
2025-10-28 09:00:00+00:00,-0.20380227028550307,-0.25223790983020256,0.01330552259990482,-0.23813819155944047,-0.07953371378453654,0.8228696880602594,-0.06032987364399463
2025-10-28 10:00:00+00:00,-0.18222711226919938,-0.25223790983020256,0.04462950616430756,-0.22966971418557736,-0.06201046886607389,0.8181934515572665,-0.0650286626443974
2025-10-28 11:00:00+00:00,-0.1557005309733173,-0.25147232870432995,0.08849695567288243,-0.21422592538898028,-0.04226965233373428,0.8133379827668781,-0.06229431499404643
2025-10-28 12:00:00+00:00,-0.12540535924980048,-0.2507808277026923,0.12211835237220317,-0.19942245096584535,0.012553180345422498,0.809442712456702,-0.06408257458608231
2025-10-28 13:00:00+00:00,-0.07728596868551613,-0.2507808277026923,0.1752943013929105,-0.1842356186615712,0.0464354365424299,0.805884243186565,-0.06408257458608231
2025-10-28 14:00:00+00:00,-0.030079132779024322,-0.2507808277026923,0.23245503347311886,-0.16908696489679964,0.07900865396418211,0.8026972273262034,-0.06408257458608231
2025-10-28 15:00:00+00:00,0.00983213879027549,-0.2507808277026923,0.278798719849692,-0.15397165573546479,0.07900865396418211,0.802736010841329,-0.06408257458608231
2025-10-28 16:00:00+00:00,-0.026813011012555385,-0.29153757748361464,0.21200001876951233,-0.16774410422443525,0.047327796889223894,0.802736010841329,-0.07189009556691768
2025-10-28 17:00:00+00:00,-0.06343321536274649,-0.30990030409319014,0.1573173836580585,-0.18152539637125595,0.016797365775406994,0.802736010841329,-0.0796662326733979
2025-10-28 18:00:00+00:00,-0.09924464580950663,-0.3234718361641205,0.10451095698058717,-0.19387815907523379,-0.012712608523631591,0.802736010841329,-0.0796662326733979
2025-10-28 19:00:00+00:00,-0.12215847847648709,-0.33673439312967673,0.05324398187334895,-0.19387815907523379,-0.04131457220346884,0.802736010841329,-0.0796662326733979
2025-10-28 20:00:00+00:00,-0.13597956339431608,-0.35020200386168815,0.02575945604511307,-0.2098227885225053,-0.04029467061643232,0.8044481749519823,-0.09575455193090959
2025-10-28 21:00:00+00:00,-0.14956327841156894,-0.36347861224896744,-0.0007124603734865492,-0.2255033785901514,-0.053358833090630005,0.8065966351091284,-0.11122142882391002
2025-10-28 22:00:00+00:00,-0.15337464537735185,-0.36347861224896744,-0.023305712421626407,-0.22259389700480584,-0.08041419463437639,0.8065966351091284,-0.10788285451335301
2025-10-28 23:00:00+00:00,-0.1588528434039418,-0.351208866069013,-0.04114807864863196,-0.22259389700480584,-0.0957520652001414,0.8065966351091284,-0.09135509076143415
2025-10-29 00:00:00+00:00,-0.16572294630892975,-0.351208866069013,-0.05387948005761285,-0.21469176801520323,-0.11184299874397555,0.8069742875168466,-0.09135509076143415
2025-10-29 01:00:00+00:00,-0.17274528907749873,-0.3686022909931623,-0.06725573038812416,-0.2069350293937502,-0.11184299874397555,0.8103142523575679,-0.09135509076143415
2025-10-29 02:00:00+00:00,-0.17368807473770045,-0.3686022909931623,-0.06709071212225994,-0.20423752022945757,-0.11269453543343384,0.8087760702691791,-0.09135509076143415
2025-10-29 03:00:00+00:00,-0.17480232050112515,-0.3686022909931623,-0.06665208731609579,-0.20369704245526687,-0.11184299874397553,0.8087358038968574,-0.09115139931554417
2025-10-29 04:00:00+00:00,-0.1769751036100285,-0.3686022909931623,-0.06590465051577832,-0.20319098405234365,-0.11184299874397553,0.8088593091239304,-0.09095767508867995
2025-10-29 05:00:00+00:00,-0.17832993525027488,-0.3686022909931623,-0.06406350046210367,-0.20319098405234365,-0.11184299874397553,0.8104525686856331,-0.0911927466619094
2025-10-29 06:00:00+00:00,-0.1805993310042197,-0.369817204311827,-0.054255194922627425,-0.20500576892911535,-0.11313307921230989,0.8148355034942448,-0.0937843940909124
2025-10-29 07:00:00+00:00,-0.16731644483509492,-0.36138246617383213,-0.03682351727377443,-0.20008388053937665,-0.09617590084905249,0.8283159340116517,-0.0884082210712995
2025-10-29 08:00:00+00:00,-0.14706589145622706,-0.34982847634789915,-0.021055353591918635,-0.19132711433338875,-0.0784759831134366,0.8324126927726758,-0.0884082210712995
2025-10-29 09:00:00+00:00,-0.12853567968199395,-0.36138246617383213,-0.0058499221273117605,-0.18272828622862877,-0.061267569079989856,0.8371498447931552,-0.09297582838946886
2025-10-29 10:00:00+00:00,-0.11869941553189892,-0.36138246617383213,0.02538281970800853,-0.18272828622862877,-0.061267569079989856,0.8426033022459888,-0.09297582838946886
2025-10-29 11:00:00+00:00,-0.10022265523446237,-0.36034120531112096,0.04712840036884152,-0.17701978848308195,-0.09164419211801837,0.8573653577610423,-0.09790130901271421
2025-10-29 12:00:00+00:00,-0.07549545797101527,-0.37480822403647746,0.08192255640740158,-0.17145980393310054,-0.06243450082749205,0.8793994398568306,-0.11016523133877157
2025-10-29 13:00:00+00:00,-0.0421261765448946,-0.359389659995143,0.12168619896184772,-0.1455325044033653,-0.06243450082749205,0.8855707444960899,-0.11016523133877157
2025-10-29 14:00:00+00:00,-0.015606713330202115,-0.359389659995143,0.1740092000787854,-0.1455325044033653,-0.03283816484533366,0.8924560847336489,-0.11016523133877157
2025-10-29 15:00:00+00:00,0.023780705057540496,-0.359389659995143,0.21424220004793487,-0.13202732484575308,-0.0038700316374968287,0.9001440345691832,-0.11791991611822733
2025-10-29 16:00:00+00:00,-0.0010589513439406063,-0.3766840204736811,0.1747035270929668,-0.13202732484575308,-0.030668138090698398,0.9001440345691832,-0.11791991611822733
2025-10-29 17:00:00+00:00,-0.031619779905464405,-0.3766840204736811,0.1475715028072207,-0.14375483475371115,-0.05699361296959601,0.9001440345691832,-0.12466055526906672
2025-10-29 18:00:00+00:00,-0.06160353482059612,-0.3885404803848676,0.10680144958717698,-0.16572503954571205,-0.111662416155221,0.9001440345691832,-0.11791991611822733
2025-10-29 19:00:00+00:00,-0.0849669403816224,-0.3885404803848676,0.0678809824130509,-0.18698373307607533,-0.13754812638362507,0.9001440345691832,-0.11112246311307528
2025-10-29 20:00:00+00:00,-0.09620353675041697,-0.3885404803848676,0.04309662249341941,-0.20517510607571682,-0.13754812638362507,0.8936027575530001,-0.11765728791664391
2025-10-29 21:00:00+00:00,-0.08039281144339003,-0.37625911132463,0.009876437879450438,-0.20428270572357807,-0.12841881838127522,0.8988075976298229,-0.11183316532844752
2025-10-29 22:00:00+00:00,-0.085681470146298,-0.37625911132463,-0.013886954327065559,-0.20428270572357807,-0.14503855429983203,0.8988075976298229,-0.11183316532844752
2025-10-29 23:00:00+00:00,-0.09170309997270179,-0.37625911132463,-0.026215390153017427,-0.20428270572357807,-0.14503855429983203,0.8988075976298229,-0.10352573726962287
2025-10-30 00:00:00+00:00,-0.10507166534060204,-0.358567667798865,-0.03956925533447408,-0.20428270572357807,-0.16262183824510584,0.8982554473206426,-0.10352573726962287
2025-10-30 01:00:00+00:00,-0.11966395593591825,-0.358567667798865,-0.06752026548337092,-0.21245973065704943,-0.16262183824510584,0.8982554473206426,-0.09912938050479285
2025-10-30 02:00:00+00:00,-0.12274541166738173,-0.350895601078294,-0.0684860067724782,-0.21477220368740735,-0.15924641268055292,0.8982554473206426,-0.09980067325990415
2025-10-30 03:00:00+00:00,-0.12529604199382072,-0.350895601078294,-0.07137214281981645,-0.21719158376348863,-0.16262183824510584,0.898692277599645,-0.09933957379641477
2025-10-30 04:00:00+00:00,-0.12811949540805134,-0.350895601078294,-0.07288739361970294,-0.21719158376348863,-0.16262183824510584,0.8992020161944271,-0.09889071924484309
2025-10-30 05:00:00+00:00,-0.13006257527817075,-0.34795059111242155,-0.07336429489409901,-0.2197255786712634,-0.16262183824510584,0.8997849105889865,-0.09889071924484309
2025-10-30 06:00:00+00:00,-0.13814927777722913,-0.35037518291237413,-0.06360753863977389,-0.22781208051270746,-0.15374998872970916,0.8993258989812474,-0.09259214626039397
2025-10-30 07:00:00+00:00,-0.13453434980186882,-0.35037518291237413,-0.03068677658562317,-0.22029793127877811,-0.13766063067040668,0.9007739483004291,-0.09259214626039397
2025-10-30 08:00:00+00:00,-0.12603303323931928,-0.35037518291237413,-0.007718023089343849,-0.21288392455878702,-0.12183531004585055,0.90230352694382,-0.09259214626039397
2025-10-30 09:00:00+00:00,-0.11862902444949401,-0.3402453318938341,0.014642234941700583,-0.20556583745055293,-0.10624479779795455,0.9039123592940914,-0.09259214626039397
2025-10-30 10:00:00+00:00,-0.10471413317850464,-0.3402453318938341,0.0299905627639226,-0.19949177483534145,-0.0939839346029722,0.9023769164771257,-0.08880128802251148
2025-10-30 11:00:00+00:00,-0.07617427550799423,-0.3549170243508913,0.059833059536064284,-0.18730252417685908,-0.06333488405472876,0.9130355962973907,-0.08134947631903078
2025-10-30 12:00:00+00:00,-0.05433041507937201,-0.3549170243508913,0.11598415686241374,-0.18730252417685908,-0.03298170793366552,0.9160222597874269,-0.08134947631903078
2025-10-30 13:00:00+00:00,-0.039456598146666744,-0.3549170243508913,0.1544956283545399,-0.17510101213577398,-0.002875628088419001,0.9144295278353828,-0.08134947631903078
2025-10-30 14:00:00+00:00,-0.024604263949630254,-0.37383936434802184,0.18035825742246317,-0.18730252417685908,-0.002875628088419001,0.9077484574359823,-0.08898799809716533
2025-10-30 15:00:00+00:00,-0.002782297468580686,-0.4073140035471031,0.19521734439677332,-0.18730252417685908,-0.002875628088419001,0.9025602188918066,-0.09666542769788411
2025-10-30 16:00:00+00:00,-0.016833834854939306,-0.39146552613188484,0.16867235595133429,-0.19844696487415134,-0.002875628088419001,0.9040759284771454,-0.08271539124210729
2025-10-30 17:00:00+00:00,-0.030791814611923082,-0.39146552613188484,0.12720702013763824,-0.22175887401401803,-0.002875628088419001,0.9040759284771454,-0.08271539124210729
2025-10-30 18:00:00+00:00,-0.04448849269208478,-0.4025429574892433,0.08444363657846465,-0.23140705591600125,0.02638536634751343,0.8986916674909767,-0.0757534887714224
2025-10-30 19:00:00+00:00,-0.05800143620976423,-0.4134459048337943,0.05678704917179127,-0.24892079317799806,0.02638536634751343,0.8933348174917789,-0.0757534887714224
2025-10-30 20:00:00+00:00,-0.06463069032666743,-0.4134459048337943,0.030369090547254913,-0.2567744530452091,0.02638536634751343,0.8880059663927173,-0.0757534887714224
2025-10-30 21:00:00+00:00,-0.055518506909294905,-0.402140954789249,0.015390517125989775,-0.24968723971766535,0.0357964992910991,0.8864590399634893,-0.06269050370415591
2025-10-30 22:00:00+00:00,-0.055518506909294905,-0.402140954789249,0.002737862346041506,-0.2531980580655054,0.020945223858652707,0.8864590399634893,-0.06623363890530379
2025-10-30 23:00:00+00:00,-0.07008597720275735,-0.3905179460849971,-0.003553393504004726,-0.2591503645641076,0.020945223858652707,0.8864590399634893,-0.0793416820514506
2025-10-31 00:00:00+00:00,-0.09105498521702378,-0.3905179460849971,-0.023353476646735462,-0.26774520995976986,0.006423865049366176,0.8867528286413082,-0.0793416820514506
2025-10-31 01:00:00+00:00,-0.10019226904579966,-0.3905179460849971,-0.030318329265031543,-0.27659815318931397,-0.009089880174384682,0.8871536283220606,-0.0793416820514506
2025-10-31 02:00:00+00:00,-0.1020555487866425,-0.3905179460849971,-0.031241726066466382,-0.27990828481898367,-0.009089880174384682,0.8888992886942039,-0.0793416820514506
2025-10-31 03:00:00+00:00,-0.1047230252506231,-0.3905179460849971,-0.031788044616864394,-0.283365132687838,-0.009089880174384682,0.8888992886942039,-0.0793416820514506
2025-10-31 04:00:00+00:00,-0.10766443817095707,-0.3905179460849971,-0.03221293124414542,-0.28697927248523114,-0.009089880174384682,0.8907180647279452,-0.0808654480818256
2025-10-31 05:00:00+00:00,-0.11009064455301913,-0.3905179460849971,-0.032395186315221196,-0.28697927248523114,-0.008846648146818594,0.8926111876850363,-0.08137460106185315
2025-10-31 06:00:00+00:00,-0.10673466085371863,-0.3905179460849971,-0.01769676199169955,-0.28157878407435394,-0.008846648146818594,0.9003920598916533,-0.07735198947009739
2025-10-31 07:00:00+00:00,-0.12797647714226854,-0.3905179460849971,-0.010111333900878313,-0.27466892326755993,0.007284760224369987,0.9003920598916533,-0.07735198947009739
2025-10-31 08:00:00+00:00,-0.14193310801654013,-0.3905179460849971,0.012004317528801147,-0.26782391624802965,0.041040686000231544,0.9003920598916533,-0.07735198947009739
2025-10-31 09:00:00+00:00,-0.15098916608493024,-0.40049741388937554,0.0046957423050432,-0.2610412615534221,0.041040686000231544,0.9035972923027141,-0.08176709848413737
2025-10-31 10:00:00+00:00,-0.15448564923698951,-0.40049741388937554,-0.0025743974934411434,-0.2663868895596412,0.057761228430332615,0.9068558255441175,-0.08176709848413737
2025-10-31 11:00:00+00:00,-0.16930479507239815,-0.4145493822082945,-0.0025743974934411434,-0.2663868895596412,0.0910231974419447,0.9068558255441175,-0.08176709848413737
2025-10-31 12:00:00+00:00,-0.1847676178654656,-0.4376283123660291,-0.0025743974934411434,-0.2663868895596412,0.0910231974419447,0.9113122364820732,-0.08176709848413737
2025-10-31 13:00:00+00:00,-0.21739568020523903,-0.4376283123660291,-0.0025743974934411434,-0.2663868895596412,0.0910231974419447,0.9113160042880888,-0.0897892378836485
2025-10-31 14:00:00+00:00,-0.24996274210326583,-0.4376283123660291,0.01179620271220893,-0.2663868895596412,0.0910231974419447,0.9115193296114034,-0.09781763170094708
2025-10-31 15:00:00+00:00,-0.27332628564143574,-0.4376283123660291,0.040971207355876234,-0.2663868895596412,0.12437652107925214,0.9115193296114034,-0.10585309672234904
2025-10-31 16:00:00+00:00,-0.2477018324826421,-0.4227550163509533,0.05521986063323718,-0.2663868895596412,0.12437652107925214,0.9113491435712568,-0.09821897059369908
2025-10-31 17:00:00+00:00,-0.22240910457152427,-0.4078362199558971,0.05521986063323718,-0.2663868895596412,0.08807937362442668,0.9113761813379758,-0.10559778940420064
2025-10-31 18:00:00+00:00,-0.20727400022553594,-0.39715338414250634,0.040648982044541586,-0.27587678549671285,0.054542208186889,0.9113761813379758,-0.10559778940420064
2025-10-31 19:00:00+00:00,-0.19992057928405182,-0.38629495950692216,0.02627006809821474,-0.2992084298967124,-0.005820232748899241,0.9113761813379758,-0.10559778940420064
2025-10-31 20:00:00+00:00,-0.18680201262954174,-0.3708690599785046,0.007148938759108728,-0.29384986397016,-0.052381648357593555,0.9087462686763669,-0.09217221568744995
2025-10-31 21:00:00+00:00,-0.17630167623744314,-0.35446255122639325,-0.005325455350968292,-0.28947972443262,-0.09533274389811715,0.9072725070143929,-0.07849330089582883
2025-10-31 22:00:00+00:00,-0.17630167623744314,-0.35446255122639325,0.0020060721820514397,-0.2931904386349506,-0.09533274389811715,0.9072725070143929,-0.08237906136084079
2025-10-31 23:00:00+00:00,-0.17630167623744314,-0.35446255122639325,0.0020060721820514397,-0.2931904386349506,-0.10836859150659214,0.9072725070143929,-0.09208691154816454
2025-11-01 00:00:00+00:00,-0.1822326845833346,-0.35446255122639325,0.0020060721820514397,-0.3071082815058917,-0.12154925465013591,0.9084416206794342,-0.09208691154816454
2025-11-01 01:00:00+00:00,-0.18829866648996127,-0.35446255122639325,0.009106473669105544,-0.32140687265285434,-0.1348905934182505,0.9049978235225066,-0.08708208277165398
2025-11-01 02:00:00+00:00,-0.19019214895472336,-0.34782218151058136,0.009106473669105544,-0.32908204241785477,-0.13574887131121688,0.9054883845018533,-0.08516579299153089
2025-11-01 03:00:00+00:00,-0.18829866648996127,-0.34782218151058136,0.00905983482343557,-0.33300126510740474,-0.13867963811489648,0.9062434622696292,-0.08516579299153089
2025-11-01 04:00:00+00:00,-0.18646518564465553,-0.34782218151058136,0.009017654113249065,-0.33714836234915035,-0.13755391718405552,0.9072653333874962,-0.08580209335943041
2025-11-01 05:00:00+00:00,-0.18468867371956646,-0.34782218151058136,0.009040027030818715,-0.3415418734215064,-0.13664481323510108,0.905501442042448,-0.08649432079340642
2025-11-01 06:00:00+00:00,-0.17401792008249917,-0.346290653802937,0.013500379809109299,-0.33525947853490057,-0.125742512231106,0.9078551168782779,-0.08502961234298341
2025-11-01 07:00:00+00:00,-0.19357542581788412,-0.35708750932549677,0.013500379809109299,-0.32899714299208027,-0.11151789457026925,0.9073524827390723,-0.08058638469545269
2025-11-01 08:00:00+00:00,-0.21860322444610572,-0.3680725673479465,0.013500379809109299,-0.32116138099593033,-0.0826669152716788,0.9031348935259517,-0.08058638469545269
2025-11-01 09:00:00+00:00,-0.23826234665597296,-0.3680725673479465,0.0066993164848796905,-0.3134529631855833,-0.07000142867066428,0.8995553759811485,-0.08058638469545269
2025-11-01 10:00:00+00:00,-0.2464832572692423,-0.3680725673479465,-0.006561049553158672,-0.3134529631855833,-0.05881538943684669,0.8893241776727175,-0.08058638469545269
2025-11-01 11:00:00+00:00,-0.2623735149577567,-0.37875043256798907,-0.009236311923806315,-0.30871536837735536,-0.013046884427337037,0.8865862368796441,-0.08350513876767761
2025-11-01 12:00:00+00:00,-0.28755774794324745,-0.3737290009328774,-0.025513660818077915,-0.3038131385448844,-0.013882008502587858,0.8792632048726284,-0.07442327230262204
2025-11-01 13:00:00+00:00,-0.3337038644251697,-0.3899834061795494,-0.06565296471755588,-0.29158365524476904,0.011567283430261255,0.876040863832894,-0.08277827787652033
2025-11-01 14:00:00+00:00,-0.373993535726657,-0.4061311613659893,-0.10580152992520098,-0.2793924183976861,-0.013882008502587858,0.8737956941120042,-0.08277827787652033
2025-11-01 15:00:00+00:00,-0.41459562007347556,-0.4061311613659893,-0.13181580838894563,-0.26723680391166676,-0.013882008502587858,0.8723878247933025,-0.07442327230262204
2025-11-01 16:00:00+00:00,-0.37590758828603976,-0.3907365675080182,-0.1053635570000377,-0.2787237624148016,-0.013882008502587858,0.8723878247933025,-0.07442327230262204
2025-11-01 17:00:00+00:00,-0.331902683205614,-0.3752269195321379,-0.09252997364020016,-0.2787237624148016,-0.038069047122733214,0.8723878247933025,-0.066630794816548
2025-11-01 18:00:00+00:00,-0.30511989288699887,-0.3639166569078356,-0.08017190804761837,-0.2685508219336698,-0.08319826030288,0.8723878247933025,-0.07442327230262204
2025-11-01 19:00:00+00:00,-0.29266710607250757,-0.3457680157222657,-0.057742239141664486,-0.26168745599462007,-0.10353972644556247,0.8704308554793766,-0.07256247894296868
2025-11-01 20:00:00+00:00,-0.28225774581772894,-0.32941468334827684,-0.054151485328817285,-0.24519173210395473,-0.14774423240492515,0.8726069182243975,-0.05860020798407387
2025-11-01 21:00:00+00:00,-0.28450335191394915,-0.32941468334827684,-0.04771532074750491,-0.24519173210395473,-0.16523471739041556,0.8726069182243975,-0.05860020798407387
2025-11-01 22:00:00+00:00,-0.2873134328359185,-0.32941468334827684,-0.034362840927141626,-0.2499012984440296,-0.18786091451448542,0.8726069182243975,-0.06263600095420892
2025-11-01 23:00:00+00:00,-0.29041709034393104,-0.32941468334827684,-0.041456472901746796,-0.26311234325147814,-0.20095431808855596,0.8726069182243975,-0.06728393118855816
2025-11-02 00:00:00+00:00,-0.2862473310784409,-0.3453438261468351,-0.048949985069424586,-0.2899902089605973,-0.21439330760179368,0.8704782808335866,-0.07200408018068477
2025-11-02 01:00:00+00:00,-0.2815790811480915,-0.3453438261468351,-0.048949985069424586,-0.30741102470618475,-0.24403096308453623,0.868387384534737,-0.08187582831081147
2025-11-02 02:00:00+00:00,-0.2815790811480915,-0.3520082646445917,-0.048949985069424586,-0.3125593566422655,-0.2474545247436846,0.8714610316469571,-0.08250409388160183
2025-11-02 03:00:00+00:00,-0.279220767754903,-0.3520082646445917,-0.049230812034880556,-0.31807925993005565,-0.24445115101546008,0.8715249694086146,-0.08250409388160183
2025-11-02 04:00:00+00:00,-0.27694810751902477,-0.3520082646445917,-0.048949985069424586,-0.3302463486582727,-0.2468449941689626,0.8687249501001036,-0.08315001147028037
2025-11-02 05:00:00+00:00,-0.2760863202959829,-0.3520082646445917,-0.048949985069424586,-0.3370865848643865,-0.24470430801972584,0.8661190635915607,-0.08316631728378372
2025-11-02 06:00:00+00:00,-0.2717927748443121,-0.3519676567589778,-0.05362088440317359,-0.3269013924308022,-0.2364906494816206,0.8645664340760386,-0.08920998117507821
2025-11-02 07:00:00+00:00,-0.27894664850012363,-0.36497224389626887,-0.06937406967827352,-0.31769898674392977,-0.21026652293187137,0.8668214429773446,-0.08415944629152823
2025-11-02 08:00:00+00:00,-0.29359166651219937,-0.37827767220015385,-0.06937406967827352,-0.308644885033793,-0.18523031675876242,0.8663243629211044,-0.07918879312182046
2025-11-02 09:00:00+00:00,-0.29803961494848147,-0.3919040352510276,-0.07727405205458342,-0.2997324016851734,-0.1743801123285162,0.8690937541700742,-0.07447650490011391
2025-11-02 10:00:00+00:00,-0.3064703122421898,-0.3919040352510276,-0.07727405205458342,-0.2928929642220058,-0.1551339812519882,0.8666198122540801,-0.06998094041243112
2025-11-02 11:00:00+00:00,-0.3217052624430681,-0.378638997071724,-0.08315434265565234,-0.28440719935500414,-0.14069064367968798,0.8687052729563342,-0.0722989622846946
2025-11-02 12:00:00+00:00,-0.33755882598772047,-0.3842210638724891,-0.12236286291497173,-0.26288313876215824,-0.12567180272582765,0.8718367071204646,-0.06998151611273941
2025-11-02 13:00:00+00:00,-0.34686691803848957,-0.3842210638724891,-0.17358296545057528,-0.2482937656214961,-0.10337138160651803,0.3548177805039931,-0.06092949311662226
2025-11-02 14:00:00+00:00,-0.3664776030667383,-0.3842210638724891,-0.20790643550773233,-0.22056842052658454,-0.10337138160651803,0.35673941243840884,-0.05191554503869679
2025-11-02 15:00:00+00:00,-0.3934379758008735,-0.36473727230879815,-0.20790643550773233,-0.2058003230528315,-0.10337138160651803,0.35866049811783485,-0.04293842902963548
2025-11-02 16:00:00+00:00,-0.38767304679802417,-0.34187293283753917,-0.20790643550773233,-0.2058003230528315,-0.12481367955720626,0.35503248488697503,-0.05135706160251234
2025-11-02 17:00:00+00:00,-0.38187150544564397,-0.3239352221707086,-0.19443066563900913,-0.2058003230528315,-0.1463003782457613,0.35503248488697503,-0.05135706160251234
2025-11-02 18:00:00+00:00,-0.38970143953306313,-0.29176714364532746,-0.1681646394047166,-0.2058003230528315,-0.1924155413506089,0.35503248488697503,-0.05960458188620005
2025-11-02 19:00:00+00:00,-0.40359459886147986,-0.25788071477809626,-0.14045672228138348,-0.2058003230528315,-0.21446471196897599,0.35503248488697503,-0.06762767719153713
2025-11-02 20:00:00+00:00,-0.4182873330635507,-0.24229086783879933,-0.1265843067672196,-0.2058003230528315,-0.2548871662313425,0.35503248488697503,-0.07555316773997849
2025-11-02 21:00:00+00:00,-0.4136928620717601,-0.23819110411674851,-0.1265843067672196,-0.2025911603240456,-0.26591363631791004,0.35503248488697503,-0.07555316773997849
2025-11-02 22:00:00+00:00,-0.4144702632919429,-0.22957743478784828,-0.11984355200055762,-0.2025911603240456,-0.26591363631791004,0.35503248488697503,-0.07158736608667476
2025-11-02 23:00:00+00:00,-0.4163392433863391,-0.242791786445948,-0.12781198502321314,-0.2025911603240456,-0.28143072951502185,0.35503248488697503,-0.07158736608667476
2025-11-03 00:00:00+00:00,-0.41290301546713987,-0.242791786445948,-0.12781198502321314,-0.2025911603240456,-0.29768166185495887,0.35503248488697503,-0.07158736608667476
2025-11-03 01:00:00+00:00,-0.41290301546713987,-0.242791786445948,-0.12781198502321314,-0.2025911603240456,-0.31474710176097864,0.35503248488697503,-0.07626096423020079
2025-11-03 02:00:00+00:00,-0.41290301546713987,-0.242791786445948,-0.12781198502321314,-0.2025911603240456,-0.3208201136468615,0.3548773343475868,-0.07667392295618727
2025-11-03 03:00:00+00:00,-0.41290301546713987,-0.242791786445948,-0.12781198502321314,-0.2025911603240456,-0.32738607076495413,0.35503248488697503,-0.07667392295618727
2025-11-03 04:00:00+00:00,-0.41290301546713987,-0.242791786445948,-0.12825661029282528,-0.1982484535198085,-0.3345093290283991,0.35503248488697503,-0.07710071083334806
2025-11-03 05:00:00+00:00,-0.41370899574288905,-0.242791786445948,-0.12746175347727437,-0.2011282424240937,-0.3345093290283991,0.35503248488697503,-0.07729641262434366
2025-11-03 06:00:00+00:00,-0.40358070070402463,-0.2542300452346338,-0.11679597403708754,-0.19366167169592657,-0.3345093290283991,0.35503248488697503,-0.06770915107839416
2025-11-03 07:00:00+00:00,-0.3736991341997865,-0.2708303946512497,-0.11679597403708754,-0.18484944959966187,-0.32291316285413063,0.35503248488697503,-0.06273143595168076
2025-11-03 08:00:00+00:00,-0.3511729039447419,-0.2708303946512497,-0.11679597403708754,-0.17614902120575243,-0.2938136523190424,0.3561401388212065,-0.057821069664328664
2025-11-03 09:00:00+00:00,-0.3393279278943689,-0.2708303946512497,-0.09723060169987882,-0.16755518798526187,-0.2823392709155735,0.3561401388212065,-0.05310093984178194
2025-11-03 10:00:00+00:00,-0.3261129485670198,-0.2708303946512497,-0.06999368542751191,-0.1538779372085464,-0.2708303946512071,0.3561401388212065,-0.03943954681624333
2025-11-03 11:00:00+00:00,-0.2955843909130273,-0.24670626789088224,-0.034884437869936974,-0.13887496982408987,-0.2467062678910181,0.3561401388212065,-0.013037729760464767
2025-11-03 12:00:00+00:00,-0.26358921872091395,-0.20200904186025198,0.015894145922859905,-0.12380851607007758,-0.22237585160447063,0.3561401388212065,0.013170992549691462
2025-11-03 13:00:00+00:00,-0.22493261958499494,-0.22703073446479646,0.06231785604309515,-0.10867329823573126,-0.16949650155549267,0.35412538945437966,0.03921225106284829
2025-11-03 14:00:00+00:00,-0.18007197095749777,-0.22703073446479646,0.104638919192751,-0.07760406820371678,-0.11751308667335766,0.35412538945437966,0.06511073925303121
2025-11-03 15:00:00+00:00,-0.12886981664330283,-0.220164731785835,0.12783240589294145,-0.03790793959787428,-0.12577106340676436,0.3481841849522774,0.08448457293690047
2025-11-03 16:00:00+00:00,-0.16178846834429167,-0.220164731785835,0.08363252403503435,-0.06712239398759211,-0.17318658342195412,0.3481841849522774,0.059290072722814904
2025-11-03 17:00:00+00:00,-0.19441894727878095,-0.220164731785835,0.06932661854269326,-0.09634035774743235,-0.19491216150365792,0.3481841849522774,0.05088377628221723
2025-11-03 18:00:00+00:00,-0.21970938856199546,-0.220164731785835,0.040541671649532006,-0.09634035774743235,-0.21622345476515634,0.3481841849522774,0.04256621963256283
2025-11-03 19:00:00+00:00,-0.2391130103099471,-0.220164731785835,0.013491054148523255,-0.08325097116268937,-0.21622345476515634,0.3464121766703745,0.026129907682599134
2025-11-03 20:00:00+00:00,-0.2547830337602989,-0.24852398872812154,-0.02105795215509441,-0.0919835805523744,-0.22661471868787972,0.3465577995219602,-0.015839016136062135
2025-11-03 21:00:00+00:00,-0.25812398782719975,-0.25192765905233067,-0.043088054236042075,-0.0919835805523744,-0.21774890904228203,0.347328718005834,-0.026231030348355198
2025-11-03 22:00:00+00:00,-0.261444710477607,-0.2437582395627303,-0.05962115142916892,-0.09811936813190172,-0.23097309320201595,0.3480996241501624,-0.02975689559144268
2025-11-03 23:00:00+00:00,-0.2710984416685801,-0.2567267123496905,-0.07145556435922013,-0.10572814940659296,-0.24449114509693223,0.3488705215680905,-0.02975689559144268
2025-11-04 00:00:00+00:00,-0.2803702631453824,-0.23925654588347714,-0.0842954858380451,-0.09737875637908854,-0.24449114509693223,0.35036831646247657,-0.02593793701125764
2025-11-04 01:00:00+00:00,-0.2920449389787353,-0.24966367920396446,-0.11042694565959238,-0.10416094978092279,-0.2566363500078908,0.3493374481993094,-0.046171086796229034
2025-11-04 02:00:00+00:00,-0.2933603826060577,-0.25561992012823276,-0.1122077961587274,-0.10325975016702513,-0.2500421513673687,0.3491128544279595,-0.047175966552973216
2025-11-04 03:00:00+00:00,-0.2958502747437621,-0.25561992012823276,-0.11414004645716443,-0.1023987785875641,-0.2484746141047546,0.3488909883171092,-0.0474390026556541
2025-11-04 04:00:00+00:00,-0.2984512059052799,-0.24966367920396446,-0.11629504864134542,-0.10157563359821643,-0.24700680697636124,0.3486718375252551,-0.047612605401598486
2025-11-04 05:00:00+00:00,-0.30117000376398245,-0.24966367920396446,-0.11651586482679314,-0.10078811260852863,-0.24563362284625742,0.34845538992113523,-0.047594157671207823
2025-11-04 06:00:00+00:00,-0.29935742350481326,-0.25823895566415644,-0.0930018173726776,-0.1078423417921635,-0.24324471142527174,0.34417698691030113,-0.036973370795270286
2025-11-04 07:00:00+00:00,-0.2718835587532764,-0.25823895566415644,-0.07096400881327873,-0.10019771334551025,-0.24324471142527174,0.34121379883962555,-0.032903998567745806
2025-11-04 08:00:00+00:00,-0.24505922302348207,-0.2434523181361202,-0.04293791772387094,-0.10019771334551025,-0.24324471142527174,0.3382565678359654,-0.020775959720150065
2025-11-04 09:00:00+00:00,-0.2225976602170532,-0.2434523181361202,-0.01147258450446253,-0.10019771334551025,-0.22905048610807707,0.3342392903840641,-0.009124551516907225
2025-11-04 10:00:00+00:00,-0.20535676968255923,-0.2434523181361202,0.019880098777867714,-0.09325923067536997,-0.2190264064744717,0.33039866704128984,-0.0015096770941874814
2025-11-04 11:00:00+00:00,-0.18103375891425286,-0.2289030331551373,0.06723072948795882,-0.09194054728869341,-0.22686174661521757,0.319496665023865,0.01862354549933474
2025-11-04 12:00:00+00:00,-0.15137728114475968,-0.21495057018368685,0.11229245350316186,-0.07649140626717277,-0.21385034435026376,0.3128954371015082,0.034325710470316885
2025-11-04 13:00:00+00:00,-0.10176913565670902,-0.21495057018368685,0.18055704803327413,-0.06242311959245049,-0.16852370765159266,0.30752145589196833,0.05637429950284884
2025-11-04 14:00:00+00:00,-0.05661163643270517,-0.193625242303517,0.24699668072312272,-0.048459509799365974,-0.10396869567732898,0.30214431654932294,0.07804641296096002
2025-11-04 15:00:00+00:00,-0.010081613658124305,-0.18889801139194062,0.31363209920737295,-0.02731485035284496,-0.08035309037402484,0.2922375590077227,0.1057044920077573
2025-11-04 16:00:00+00:00,-0.05688740931673599,-0.18889801139194062,0.2563072395747182,-0.04093502116442838,-0.1269747114537516,0.29046444050088976,0.0834915690685135
2025-11-04 17:00:00+00:00,-0.10456028913832043,-0.20937789429443154,0.19438749390249943,-0.05447384902450668,-0.1489359130952073,0.29389956904177195,0.0611176682000553
2025-11-04 18:00:00+00:00,-0.14523710404169066,-0.20937789429443154,0.14544438978231386,-0.06793616137197847,-0.1489359130952073,0.29389956904177195,0.03894333161994326
2025-11-04 19:00:00+00:00,-0.16226478720521723,-0.19951682119791983,0.09729587469616247,-0.08610044031532484,-0.15820513544193365,0.296509031268794,0.013737901769937647
2025-11-04 20:00:00+00:00,-0.16428437973257265,-0.19951682119791983,0.07414569072199417,-0.09708203734025014,-0.16515559457740678,0.2973315728194992,0.003268283634547659
2025-11-04 21:00:00+00:00,-0.16769734550830434,-0.19951682119791983,0.0519187801041772,-0.09708203734025014,-0.16515559457740678,0.29815408373898306,-0.003513593660858963
2025-11-04 22:00:00+00:00,-0.1696757535022662,-0.19951682119791983,0.030965499354087603,-0.09708203734025014,-0.1749110979656348,0.29897656805495215,-0.006883523265545453
2025-11-04 23:00:00+00:00,-0.1753776855843417,-0.19951682119791983,0.025888178774721233,-0.09708203734025014,-0.1749110979656348,0.3005840653078886,-0.013769134991978316
2025-11-05 00:00:00+00:00,-0.17895502308906858,-0.19951682119791983,0.015616307464024962,-0.08196483217300396,-0.1749110979656348,0.30305109402493097,-0.013769134991978316
2025-11-05 01:00:00+00:00,-0.1962752867349183,-0.2100188614743467,0.004855860978970329,-0.08800650236517774,-0.16443236125487973,0.30285920230128816,-0.027635047465541043
2025-11-05 02:00:00+00:00,-0.19843907824826965,-0.2100188614743467,0.004739281604691932,-0.08706084969551064,-0.16548893930586075,0.3027446858167875,-0.027331084303729755
2025-11-05 03:00:00+00:00,-0.20301081132825746,-0.2100188614743467,0.004621649569137486,-0.08614487872784878,-0.16479647385869192,0.30263337086953856,-0.028118345873039886
2025-11-05 04:00:00+00:00,-0.2079427449601942,-0.2100188614743467,0.0042619439523274155,-0.08525708563346082,-0.16479647385869192,0.30256738316739545,-0.028618136344701988
2025-11-05 05:00:00+00:00,-0.21147555181870634,-0.2100188614743467,0.0036621438634618,-0.08525708563346082,-0.166000895584494,0.3025795120476553,-0.028618136344701988
2025-11-05 06:00:00+00:00,-0.2109577668171906,-0.2099245309362666,0.017996362672774564,-0.08557071714450325,-0.17563682595580538,0.29991336842266814,-0.022274320021274455
2025-11-05 07:00:00+00:00,-0.1846392736344099,-0.1969196890552691,0.038198099957963014,-0.08557071714450325,-0.17563682595580538,0.2964261201067504,-0.015553668586628025
2025-11-05 08:00:00+00:00,-0.1627021626788654,-0.18427118664545236,0.05272410668628786,-0.07911326921490303,-0.16060349648205582,0.293091702348051,-0.008964007448410909
2025-11-05 09:00:00+00:00,-0.14488189695006418,-0.18427118664545236,0.072082770108131,-0.07276769609570025,-0.14895249967196686,0.2905398868546285,-0.002506297150171145
2025-11-05 10:00:00+00:00,-0.13151859310310055,-0.18427118664545236,0.09259892851862027,-0.06688035180415247,-0.14895249967196686,0.2872136668587903,0.0006959125039004538
2025-11-05 11:00:00+00:00,-0.1220552174619598,-0.18159260681513367,0.11444266526669974,-0.05503361920861504,-0.12574812725500223,0.28050316463254577,0.009382131343249812
2025-11-05 12:00:00+00:00,-0.10698826251514566,-0.17899729843835196,0.14425226293847404,-0.043635084933898095,-0.103683864858834,0.2758085720605106,0.014665839779363187
2025-11-05 13:00:00+00:00,-0.07722240504373583,-0.17899729843835196,0.2011003542658577,-0.03231511186764397,-0.0619808430039885,0.758639041538268,0.020990201292689012
2025-11-05 14:00:00+00:00,-0.047679157670841556,-0.17899729843835196,0.2573237683917122,-0.03231511186764397,-0.0040781012995189814,0.7716423524371518,0.03357374560567778
2025-11-05 15:00:00+00:00,-0.024738071347691428,-0.2048637651306487,0.2872289135917135,-0.01571966019052238,0.013774216088940588,0.7942282665064303,0.05062331614876814
2025-11-05 16:00:00+00:00,-0.05004614967387242,-0.2285133750205022,0.24474618049214453,-0.01571966019052238,-0.00644363872159935,0.8160952611775208,0.030369383657434523
2025-11-05 17:00:00+00:00,-0.08151229879740624,-0.24809284610900922,0.202757980528029,-0.03918715750507632,-0.04554386475004992,0.8198326843713613,0.016962911020774255
2025-11-05 18:00:00+00:00,-0.09340445228740343,-0.2673675581306782,0.14934257973961612,-0.05064418313941279,-0.08284118562089944,0.828369535237232,0.003692313356671644
2025-11-05 19:00:00+00:00,-0.08767092653609927,-0.28636318473266775,0.09732202080167314,-0.061647258890582396,-0.10157037716716083,0.8369097215031405,-0.009419163882923836
2025-11-05 20:00:00+00:00,-0.0684211785704226,-0.28256859624584174,0.05870817148929932,-0.05756035418650755,-0.10336820942080438,0.8461696783891945,-0.018281654804068872
2025-11-05 21:00:00+00:00,-0.06555021886017444,-0.2867627971534968,0.032206137930278336,-0.06794522334499328,-0.12088232136908424,0.84894502383675,-0.031269345004840764
2025-11-05 22:00:00+00:00,-0.07156749683770953,-0.2953539514302319,0.007027433886298987,-0.07856194839751338,-0.13186759810824614,0.851778098663316,-0.04130765228424653
2025-11-05 23:00:00+00:00,-0.0783783336627781,-0.2953539514302319,-0.008034376872195926,-0.09046204531928996,-0.15258546688823152,0.8546678979022923,-0.0485059573252354
2025-11-06 00:00:00+00:00,-0.08623514757645658,-0.2953539514302319,-0.01319218861376554,-0.11073025041829138,-0.16415365285398603,0.8559990988721168,-0.05621400236106517
2025-11-06 01:00:00+00:00,-0.11004201260800132,-0.30638554487807984,-0.034886130624041965,-0.1347543727809569,-0.17652620098288954,0.8552641264283347,-0.07204389011264993
2025-11-06 02:00:00+00:00,-0.11474865788931839,-0.30638554487807984,-0.038267724443979106,-0.14060895292864078,-0.1793976983175066,0.8552641264283347,-0.07287514649062891
2025-11-06 03:00:00+00:00,-0.11825469040563044,-0.30638554487807984,-0.04007814507114971,-0.1470484008442417,-0.17939769831750663,0.8572101688182026,-0.07546737592814264
2025-11-06 04:00:00+00:00,-0.12199256618638805,-0.30638554487807984,-0.04270429448399658,-0.15869328962494234,-0.18238450532692702,0.8592278052717534,-0.07715403723510254
2025-11-06 05:00:00+00:00,-0.13482658171281423,-0.31549303597826267,-0.042018702972489545,-0.16061674603473985,-0.1793490660662936,0.8581465208537674,-0.08289213279505013
2025-11-06 06:00:00+00:00,-0.13482658171281423,-0.309250814741395,-0.02371597322717067,-0.15501589001796415,-0.16038405069115097,0.8545122401005817,-0.07992737642190335
2025-11-06 07:00:00+00:00,-0.13812757002719514,-0.29836511155179873,0.003096748393562582,-0.15501589001796415,-0.1515466185184687,0.8545122401005817,-0.07365598508959607
2025-11-06 08:00:00+00:00,-0.13456957857001509,-0.29836511155179873,0.023933309410752737,-0.14846191918032117,-0.14069546682464396,0.8555607893761915,-0.06748360540848711
2025-11-06 09:00:00+00:00,-0.12477710379069967,-0.28771184665961647,0.04051018011008557,-0.14200430250309218,-0.1321058539140182,0.8555607893761915,-0.06458995417415929
2025-11-06 10:00:00+00:00,-0.11025205822701867,-0.2856240402364057,0.049869106746427305,-0.12030090084461464,-0.11707527895676298,0.8589822716418298,-0.06958989318848015
2025-11-06 11:00:00+00:00,-0.09766706344063711,-0.2856240402364057,0.07660983401188849,-0.0964167896664013,-0.09927958961251783,0.8589822716418298,-0.06958989318848015
2025-11-06 12:00:00+00:00,-0.08470090460956657,-0.2856240402364057,0.11021268855771202,-0.0727817474619862,-0.08153203166416234,0.8591730050827422,-0.06958989318848015
2025-11-06 13:00:00+00:00,-0.07149820576389192,-0.2697756632934816,0.1409745482793977,-0.04936659668355636,-0.06292850725070166,0.8591730050827422,-0.06958989318848015
2025-11-06 14:00:00+00:00,-0.05647840660256169,-0.26639455146699037,0.18547101748314976,-0.029200497274344175,-0.030450224507099066,0.8693046960655753,-0.05914847681689489
2025-11-06 15:00:00+00:00,-0.04679286738313575,-0.26639455146699037,0.24572523859026568,-0.029200497274344175,0.021647657346543937,0.8693046960655753,-0.041198459623863766
2025-11-06 16:00:00+00:00,-0.053991253688001825,-0.26639455146699037,0.21683451439535156,-0.04211956807631586,0.021647657346543937,0.8739601082334504,-0.041198459623863766
2025-11-06 17:00:00+00:00,-0.06821270292248248,-0.28527361193941936,0.16935742962190423,-0.05492286306994445,0.0017693910132802722,0.8786683797988802,-0.04785538697706625
2025-11-06 18:00:00+00:00,-0.07521212274640278,-0.28527361193941936,0.13996574850688354,-0.06761588305044713,-0.017592125607168496,0.8834267573042515,-0.060976218668887104
2025-11-06 19:00:00+00:00,-0.0794121844302448,-0.2792066350787106,0.12423233664928578,-0.06712092659979367,-0.023904572186916086,0.8959009557019725,-0.05861127660855887
2025-11-06 20:00:00+00:00,-0.08728492955457305,-0.2632806535948316,0.10827687545881373,-0.07282076231697071,-0.030462397081778496,0.8991341366442924,-0.039819364227455044
2025-11-06 21:00:00+00:00,-0.10094907449744701,-0.2632806535948316,0.0973411289725586,-0.07865513196026845,-0.04107039020053307,0.8991341366442924,-0.039819364227455044
2025-11-06 22:00:00+00:00,-0.11116114429396455,-0.27310378445954914,0.07143748696477625,-0.08478701473487793,-0.03008701177094546,0.898542217531156,-0.039819364227455044
2025-11-06 23:00:00+00:00,-0.11881577568701518,-0.27310378445954914,0.05769361966804691,-0.09827770056760482,-0.03008701177094546,0.8980832920187565,-0.04797988237006357
2025-11-07 00:00:00+00:00,-0.13195829610151144,-0.29153576908014844,0.03895642904979754,-0.12136761561614522,-0.04107039020053307,0.8980832920187565,-0.056753856211443285
2025-11-07 01:00:00+00:00,-0.13502288109450536,-0.29153576908014844,0.03692853503204936,-0.12614930579541023,-0.04328607534575994,0.8920855480284041,-0.05995404975407562
2025-11-07 02:00:00+00:00,-0.13672331317321473,-0.29153576908014844,0.034833502961919796,-0.13124718573450422,-0.04863828841366636,0.8850306240071169,-0.062088362666653164
2025-11-07 03:00:00+00:00,-0.13999325577756533,-0.29153576908014844,0.03265926216009702,-0.13670403291431216,-0.04863828841366636,0.8838385765717147,-0.06430887682541177
2025-11-07 04:00:00+00:00,-0.14341019780873962,-0.29153576908014844,0.030795085487940826,-0.14257121041585857,-0.0511757940699457,0.8827176862363936,-0.06539051505695369
2025-11-07 05:00:00+00:00,-0.1579787704907364,-0.30186505246377987,0.025936437078542644,-0.15065246462902782,-0.06010846687983276,0.8745111413955929,-0.0751499275090183
2025-11-07 06:00:00+00:00,-0.15996421302399333,-0.2966555869875774,0.029918050375155023,-0.14201901015991894,-0.06010846687983276,0.868076194017714,-0.0751499275090183
2025-11-07 07:00:00+00:00,-0.16868552373735904,-0.2868393372115289,0.05412602448344365,-0.14201901015991894,-0.05234715436346135,0.8659096619774543,-0.06903989009668891
2025-11-07 08:00:00+00:00,-0.17487696034640687,-0.2966555869875774,0.061037208310730444,-0.14201901015991894,-0.05234715436346135,0.8637963341781587,-0.06903989009668891
2025-11-07 09:00:00+00:00,-0.17782380190410355,-0.2966555869875774,0.07158053649030595,-0.14201901015991894,-0.05234715436346135,0.8637963341781587,-0.06903989009668891
2025-11-07 10:00:00+00:00,-0.18592987440542544,-0.2953422370198919,0.07093252197410972,-0.1365788336799103,-0.05841024177089795,0.8626636124914544,-0.06276031935954803
2025-11-07 11:00:00+00:00,-0.19676698451764796,-0.3102232111057498,0.07093252197410972,-0.12503261145106437,-0.024027072764293715,0.8701802325602349,-0.06882407872259912
2025-11-07 12:00:00+00:00,-0.21336021592692417,-0.32492319938324654,0.07910296253156801,-0.12503261145106437,-0.006233769497539804,0.8701802325602349,-0.06882407872259912
2025-11-07 13:00:00+00:00,-0.2360071396696074,-0.33447635233673545,0.07910296253156801,-0.12503261145106437,-0.024027072764293715,0.8712197527326913,-0.06882407872259912
2025-11-07 14:00:00+00:00,-0.2535370436668901,-0.33447635233673545,0.08701546514258564,-0.12503261145106437,-0.024027072764293715,0.8712197527326913,-0.0750158430289284
2025-11-07 15:00:00+00:00,-0.271452246179222,-0.33447635233673545,0.11209415851690868,-0.12503261145106437,0.0037402616980683487,0.8712197527326913,-0.08465010335065404
2025-11-07 16:00:00+00:00,-0.2486485073026136,-0.33447635233673545,0.09220153933329614,-0.12503261145106437,0.0037402616980683487,0.8874897676162075,-0.06946773107684504
2025-11-07 17:00:00+00:00,-0.23394996268229132,-0.31541404952124524,0.08213197812301082,-0.12503261145106437,-0.01806169124528427,0.8854269626204659,-0.06946773107684504
2025-11-07 18:00:00+00:00,-0.21249030093694862,-0.31541404952124524,0.06190461247057918,-0.12503261145106437,-0.03934992843197152,0.8916296840444242,-0.06946773107684504
2025-11-07 19:00:00+00:00,-0.1998895795778541,-0.32914460148536157,0.05117103390011539,-0.11218249765853774,-0.048656184010203024,0.890191098240836,-0.06011050572331421
2025-11-07 20:00:00+00:00,-0.1891679550843507,-0.32421233221987067,0.03997807215151015,-0.09673114780042628,-0.037181770672090976,0.890191098240836,-0.0562353538010872
2025-11-07 21:00:00+00:00,-0.1766796625392467,-0.319288501668763,0.028921790072617866,-0.08852255123392182,-0.048656184010203024,0.890191098240836,-0.06011050572331421
2025-11-07 22:00:00+00:00,-0.17331504336554807,-0.319288501668763,0.012631234528792496,-0.09673114780042628,-0.048656184010203024,0.890191098240836,-0.06429951896167667
2025-11-07 23:00:00+00:00,-0.16354061176350768,-0.30438733020487757,-0.009201731526252373,-0.10569562287779341,-0.061709946586096055,0.8893656683421514,-0.05966316551044597
2025-11-08 00:00:00+00:00,-0.16354061176350768,-0.30438733020487757,-0.026543506898363524,-0.14984274762920327,-0.07531913392103326,0.8886293559587255,-0.05966316551044597
2025-11-08 01:00:00+00:00,-0.14645947981115456,-0.2927759294015591,-0.02571538037585613,-0.15998545825897825,-0.0835579639997285,0.8848006124568758,-0.03744889721693523
2025-11-08 02:00:00+00:00,-0.14645947981115456,-0.2927759294015591,-0.029703775649760514,-0.17352620177277686,-0.08616697771021545,0.8855366853512175,-0.03854784607676907
2025-11-08 03:00:00+00:00,-0.14456060323187336,-0.2840257476549088,-0.03402279849435923,-0.18943461591852484,-0.09039995835996101,0.8828526995809751,-0.03854784607676907
2025-11-08 04:00:00+00:00,-0.14062719550511657,-0.2646181984338989,-0.03695277811647178,-0.20446904199079222,-0.09318359418911634,0.8804107190225694,-0.03854784607676907
2025-11-08 05:00:00+00:00,-0.1368810008039139,-0.2646181984338989,-0.03695277811647178,-0.21594064232064292,-0.09318359418911634,0.8771324201099564,-0.03765460437684443
2025-11-08 06:00:00+00:00,-0.14890797554628998,-0.2701732956690941,-0.02839622150230738,-0.2108584204156693,-0.07873160991346399,0.8776478323821117,-0.03765460437684443
2025-11-08 07:00:00+00:00,-0.16874146451628197,-0.2867942288940055,-0.01993258172574911,-0.2108584204156693,-0.06916445686612235,0.8784585104731066,-0.03765460437684443
2025-11-08 08:00:00+00:00,-0.18863125662088806,-0.2960763862090176,-0.011553677333331352,-0.21912682393168756,-0.07873160991346399,0.8715285387361376,-0.03765460437684443
2025-11-08 09:00:00+00:00,-0.20495817902322108,-0.2960763862090176,-0.003251744196466512,-0.2324828755438146,-0.07873160991346399,0.8653060027432519,-0.03765460437684443
2025-11-08 10:00:00+00:00,-0.21486985691777652,-0.3034024705631881,0.0008783267420399635,-0.2324828755438146,-0.08525996913553878,0.8597234252142273,-0.03765460437684443
2025-11-08 11:00:00+00:00,-0.2237488673338969,-0.31262867593456845,0.013269963352264241,-0.23688560786080165,-0.08747830051859391,0.8502405518994265,-0.037729415728605144
2025-11-08 12:00:00+00:00,-0.2494511455404521,-0.3271744971098987,0.022848894770607246,-0.25150012166018637,-0.08747830051859391,0.8497704474475753,-0.037729415728605144
2025-11-08 13:00:00+00:00,-0.2877555657936493,-0.3416546826183958,0.013269963352264241,-0.25150012166018637,-0.1274075768990101,0.8498765784271377,-0.037729415728605144
2025-11-08 14:00:00+00:00,-0.32956397659789355,-0.3560772927596785,0.0036954454002095026,-0.23688560786080165,-0.16797029468424793,0.8485936839043419,-0.043973390201730383
2025-11-08 15:00:00+00:00,-0.3545185872238784,-0.3540938922295788,0.03745928468131007,-0.23792432189087526,-0.14206485901710347,0.8436346683336191,-0.05434493792840478
2025-11-08 16:00:00+00:00,-0.3120991029471441,-0.33341707908140905,0.025568611957938702,-0.26206277476078227,-0.14206485901710347,0.8488585163219309,-0.039236117367727856
2025-11-08 17:00:00+00:00,-0.3007083080338162,-0.3166906641061694,0.0017592136903872718,-0.21744480741108463,-0.11914770449221332,0.8436346683336191,-0.039236117367727856
2025-11-08 18:00:00+00:00,-0.2956182985693331,-0.29975836359233704,-0.010058115622795096,-0.17364865367569518,-0.09565591019124853,0.8436346683336191,-0.039236117367727856
