time_utc,5.56x45mm M995,6.8x51mm Hybrid,7.62x39mm AP,7.62x51mm M62,7.62x54R BT,9x19mm PBP,9x39mm BP
2025-09-21 18:00:00+00:00,,,,,,,
2025-09-21 19:00:00+00:00,,,,,,,
2025-09-21 20:00:00+00:00,,,,,,,
2025-09-21 21:00:00+00:00,,,,,,,
2025-09-21 22:00:00+00:00,,,,,,,
2025-09-21 23:00:00+00:00,,,,,,,
2025-09-22 00:00:00+00:00,,,,,,,
2025-09-22 01:00:00+00:00,,,,,,,
2025-09-22 02:00:00+00:00,,,,,,,
2025-09-22 03:00:00+00:00,,,,,,,
2025-09-22 04:00:00+00:00,,,,,,,
2025-09-22 05:00:00+00:00,,,,,,,
2025-09-22 06:00:00+00:00,,,,,,,
2025-09-22 07:00:00+00:00,,,,,,,
2025-09-22 08:00:00+00:00,,,,,,,
2025-09-22 09:00:00+00:00,,,,,,,
2025-09-22 10:00:00+00:00,,,,,,,
2025-09-22 11:00:00+00:00,,,,,,,
2025-09-22 12:00:00+00:00,,,,,,,
2025-09-22 13:00:00+00:00,,,,,,,
2025-09-22 14:00:00+00:00,,,,,,,
2025-09-22 15:00:00+00:00,,,,,,,
2025-09-22 16:00:00+00:00,,,,,,,
2025-09-22 17:00:00+00:00,,,,,,,
2025-09-22 18:00:00+00:00,,,,,,,
2025-09-22 19:00:00+00:00,,,,,,,
2025-09-22 20:00:00+00:00,,,,,,,
2025-09-22 21:00:00+00:00,,,,,,,
2025-09-22 22:00:00+00:00,,,,,,,
2025-09-22 23:00:00+00:00,,,,,,,
2025-09-23 00:00:00+00:00,,,,,,,
2025-09-23 01:00:00+00:00,,,,,,,
2025-09-23 02:00:00+00:00,,,,,,,
2025-09-23 03:00:00+00:00,,,,,,,
2025-09-23 04:00:00+00:00,,,,,,,
2025-09-23 05:00:00+00:00,,,,,,,
2025-09-23 06:00:00+00:00,,,,,,,
2025-09-23 07:00:00+00:00,,,,,,,
2025-09-23 08:00:00+00:00,,,,,,,
2025-09-23 09:00:00+00:00,,,,,,,
2025-09-23 10:00:00+00:00,,,,,,,
2025-09-23 11:00:00+00:00,,,,,,,
2025-09-23 12:00:00+00:00,,,,,,,
2025-09-23 13:00:00+00:00,,,,,,,
2025-09-23 14:00:00+00:00,,,,,,,
2025-09-23 15:00:00+00:00,,,,,,,
2025-09-23 16:00:00+00:00,,,,,,,
2025-09-23 17:00:00+00:00,,,,,,,
2025-09-23 18:00:00+00:00,,,,,,,
2025-09-23 19:00:00+00:00,,,,,,,
2025-09-23 20:00:00+00:00,,,,,,,
2025-09-23 21:00:00+00:00,,,,,,,
2025-09-23 22:00:00+00:00,,,,,,,
2025-09-23 23:00:00+00:00,,,,,,,
2025-09-24 00:00:00+00:00,,,,,,,
2025-09-24 01:00:00+00:00,,,,,,,
2025-09-24 02:00:00+00:00,,,,,,,
2025-09-24 03:00:00+00:00,,,,,,,
2025-09-24 04:00:00+00:00,,,,,,,
2025-09-24 05:00:00+00:00,,,,,,,
2025-09-24 06:00:00+00:00,,,,,,,
2025-09-24 07:00:00+00:00,,,,,,,
2025-09-24 08:00:00+00:00,,,,,,,
2025-09-24 09:00:00+00:00,,,,,,,
2025-09-24 10:00:00+00:00,,,,,,,
2025-09-24 11:00:00+00:00,,,,,,,
2025-09-24 12:00:00+00:00,,,,,,,
2025-09-24 13:00:00+00:00,,,,,,,
2025-09-24 14:00:00+00:00,,,,,,,
2025-09-24 15:00:00+00:00,,,,,,,
2025-09-24 16:00:00+00:00,,,,,,,
2025-09-24 17:00:00+00:00,,,,,,,
2025-09-24 18:00:00+00:00,,,,,,,
2025-09-24 19:00:00+00:00,,,,,,,
2025-09-24 20:00:00+00:00,,,,,,,
2025-09-24 21:00:00+00:00,,,,,,,
2025-09-24 22:00:00+00:00,,,,,,,
2025-09-24 23:00:00+00:00,,,,,,,
2025-09-25 00:00:00+00:00,,,,,,,
2025-09-25 01:00:00+00:00,,,,,,,
2025-09-25 02:00:00+00:00,,,,,,,
2025-09-25 03:00:00+00:00,,,,,,,
2025-09-25 04:00:00+00:00,,,,,,,
2025-09-25 05:00:00+00:00,,,,,,,
2025-09-25 06:00:00+00:00,,,,,,,
2025-09-25 07:00:00+00:00,,,,,,,
2025-09-25 08:00:00+00:00,,,,,,,
2025-09-25 09:00:00+00:00,,,,,,,
2025-09-25 10:00:00+00:00,,,,,,,
2025-09-25 11:00:00+00:00,,,,,,,
2025-09-25 12:00:00+00:00,,,,,,,
2025-09-25 13:00:00+00:00,,,,,,,
2025-09-25 14:00:00+00:00,,,,,,,
2025-09-25 15:00:00+00:00,,,,,,,
2025-09-25 16:00:00+00:00,,,,,,,
2025-09-25 17:00:00+00:00,,,,,,,
2025-09-25 18:00:00+00:00,,,,,,,
2025-09-25 19:00:00+00:00,,,,,,,
2025-09-25 20:00:00+00:00,,,,,,,
2025-09-25 21:00:00+00:00,,,,,,,
2025-09-25 22:00:00+00:00,,,,,,,
2025-09-25 23:00:00+00:00,,,,,,,
2025-09-26 00:00:00+00:00,,,,,,,
2025-09-26 01:00:00+00:00,,,,,,,
2025-09-26 02:00:00+00:00,,,,,,,
2025-09-26 03:00:00+00:00,,,,,,,
2025-09-26 04:00:00+00:00,,,,,,,
2025-09-26 05:00:00+00:00,,,,,,,
2025-09-26 06:00:00+00:00,,,,,,,
2025-09-26 07:00:00+00:00,,,,,,,
2025-09-26 08:00:00+00:00,,,,,,,
2025-09-26 09:00:00+00:00,,,,,,,
2025-09-26 10:00:00+00:00,,,,,,,
2025-09-26 11:00:00+00:00,,,,,,,
2025-09-26 12:00:00+00:00,,,,,,,
2025-09-26 13:00:00+00:00,,,,,,,
2025-09-26 14:00:00+00:00,,,,,,,
2025-09-26 15:00:00+00:00,,,,,,,
2025-09-26 16:00:00+00:00,,,,,,,
2025-09-26 17:00:00+00:00,-0.47579030086793633,-0.1998151513771584,-0.12158570969255801,-0.11708768087613472,-0.1493440134713095,0.48883676473155113,-0.39492362749370963
2025-09-26 18:00:00+00:00,-0.4757784206039923,-0.19785381565657859,-0.12119281765950236,-0.11615257991756424,-0.14937452802947038,0.48884826312614543,-0.3946081056924431
2025-09-26 19:00:00+00:00,-0.47032248924324055,-0.21425280147327241,-0.12637836579036835,-0.1258956978853075,-0.14725562016264448,0.488867478738167,-0.3953070166712246
2025-09-26 20:00:00+00:00,-0.4713586410088547,-0.23183633600508727,-0.13140119992310123,-0.13526903022161468,-0.14520543585672324,0.48676597121751713,-0.39848058684080284
2025-09-26 21:00:00+00:00,-0.4723786375323023,-0.24825686640785025,-0.13626924537133195,-0.144293359557079,-0.14322046145907466,0.48243488487458003,-0.4015628012476201
2025-09-26 22:00:00+00:00,-0.4717602989651943,-0.24368810237970429,-0.1358442517222154,-0.1430684991108422,-0.14327308861815907,0.48246783965249485,-0.40152467115135504
2025-09-26 23:00:00+00:00,-0.4684325720383375,-0.243106703897093,-0.13530808882766354,-0.1418755836106594,-0.14332487377507938,0.48243183572054665,-0.3981196679732753
2025-09-27 00:00:00+00:00,-0.43674332316592407,-0.24343768780745778,-0.14005310686256045,-0.15038856636870723,-0.12766528053518794,0.4731326962102453,-0.37542054297618965
2025-09-27 01:00:00+00:00,-0.43083847880162757,-0.2432729523653586,-0.13971780724648675,-0.15030818768567475,-0.127717540186777,0.47182820182631713,-0.3726639745834232
2025-09-27 02:00:00+00:00,-0.4253237489511492,-0.24311082775919196,-0.1391430808218088,-0.15022906645803008,-0.12776898347256163,0.46975958274861823,-0.37004035217173326
2025-09-27 03:00:00+00:00,-0.4371484971718829,-0.23915527350452678,-0.15378300910215073,-0.13751935711555127,-0.14087491093902857,0.4782038457578938,-0.3807266472370936
2025-09-27 04:00:00+00:00,-0.44830213515638845,-0.23533356196633018,-0.1460604594366863,-0.12529066665014857,-0.140665934698842,0.487372496706155,-0.3908996718999758
2025-09-27 05:00:00+00:00,-0.4429842280569616,-0.23521329784837594,-0.14559001343031674,-0.1243624324929842,-0.14069730926056534,0.48176086747557506,-0.3899174879807217
2025-09-27 06:00:00+00:00,-0.437967441864192,-0.2350948795208707,-0.14496384957185054,-0.12345658929972499,-0.14072820970633093,0.47501297036980533,-0.3894974264737091
2025-09-27 07:00:00+00:00,-0.4332261275098069,-0.2340443203191825,-0.1443698558401428,-0.1225723060775969,-0.14075864670348603,0.4686857105737725,-0.388531737768133
2025-09-27 08:00:00+00:00,-0.4435766403246779,-0.22281204413651123,-0.13684447857558557,-0.10090234489905145,-0.14054545149575148,0.47960961812040115,-0.381425112250878
2025-09-27 09:00:00+00:00,-0.45040362708070963,-0.2119663366871285,-0.1295599398964805,-0.08038509019860583,-0.14034551207271326,0.489902937131422,-0.3713234779373751
2025-09-27 10:00:00+00:00,-0.45696769824795735,-0.2052424006710085,-0.12250417646106233,-0.07032983327252207,-0.1401579371955148,0.4990473588260264,-0.3676769561516964
2025-09-27 11:00:00+00:00,-0.46607137332720905,-0.19872439572729378,-0.11566595455684345,-0.06061545850417983,-0.1399819077950275,0.5070260483362637,-0.3668662799854818
2025-09-27 12:00:00+00:00,-0.463926651801131,-0.19847337739391657,-0.11543622650630357,-0.06030621214235853,-0.13918365852310852,0.5034845280160758,-0.36685105013820135
2025-09-27 13:00:00+00:00,-0.4698552640694076,-0.192195789284082,-0.1088580783046289,-0.051011613999578036,-0.13892194161300914,0.5102231866251042,-0.366066879515088
2025-09-27 14:00:00+00:00,-0.4669657829959492,-0.1825378615350513,-0.12204247701931684,-0.042019132179725666,-0.15023993617042625,0.5132698358877053,-0.36531827182168664
2025-09-27 15:00:00+00:00,-0.46696567297649183,-0.18208634478724464,-0.12188933504518629,-0.0419000951970972,-0.1502382424515517,0.5115222134011221,-0.36528166020859715
2025-09-27 16:00:00+00:00,-0.4669655644953557,-0.1816444075857593,-0.12173889798038447,-0.0417837080956354,-0.14938751318842614,0.5106518609369555,-0.36524557142167496
2025-09-27 17:00:00+00:00,-0.46482336799900337,-0.18121174447330296,-0.12159109445396687,-0.04133078376112485,-0.14197014121090468,0.5084617198817453,-0.3652280185603555
2025-09-27 18:00:00+00:00,-0.46273933431423636,-0.18035921034441146,-0.12054996468821483,-0.04089822966930736,-0.13564077918695236,0.5063291553083136,-0.3650232763484305
2025-09-27 19:00:00+00:00,-0.4724773125321478,-0.19398684880279218,-0.12512668773141314,-0.055944095013688536,-0.15330628542303598,0.5111711023719168,-0.3684920004377035
2025-09-27 20:00:00+00:00,-0.4929137783335297,-0.22447371961068655,-0.1325891468397021,-0.0841635329052842,-0.18689687889345197,0.5134505904903459,-0.37141998538584015
2025-09-27 21:00:00+00:00,-0.5013279949007771,-0.23805389315665806,-0.13681113330209685,-0.10356089159298411,-0.20179988625303488,0.516833883836795,-0.3746693435712505
2025-09-27 22:00:00+00:00,-0.496784741288852,-0.23686132491276213,-0.13651168140208203,-0.10225341695019119,-0.1981286589663461,0.5153188341968012,-0.37449676261670617
2025-09-27 23:00:00+00:00,-0.49679089872180754,-0.23663510350760047,-0.13573836342430662,-0.10187089677649575,-0.19725007378130216,0.5138346761581765,-0.372582753704883
2025-09-28 00:00:00+00:00,-0.4967969744375285,-0.2366148694931947,-0.13544125843384494,-0.10188788135664907,-0.19383985261146144,0.5123804576972486,-0.3697683255093397
2025-09-28 01:00:00+00:00,-0.49680297005282226,-0.2365949025020066,-0.13469753951649643,-0.10190464156198571,-0.19303462157109452,0.5115322214042182,-0.36706363106211776
2025-09-28 02:00:00+00:00,-0.4945052194685552,-0.23457019672056748,-0.14661550938546666,-0.10203623274829131,-0.1828769180120688,0.5020855329388546,-0.3758084541538376
2025-09-28 03:00:00+00:00,-0.4945073741161892,-0.23455504053687531,-0.1463385009264495,-0.10204787908343167,-0.1799948853159191,0.5013145098907243,-0.3731266679258569
2025-09-28 04:00:00+00:00,-0.4922799842315497,-0.23259294568326522,-0.15779876724938813,-0.10217502358254123,-0.15893456960269445,0.49219664768777904,-0.38144885175319726
2025-09-28 05:00:00+00:00,-0.49227828685046665,-0.2324237093576333,-0.15754348925993147,-0.10218181872427844,-0.15668078085009235,0.49149746901367,-0.3796990005191423
2025-09-28 06:00:00+00:00,-0.4922766113423165,-0.23192699701620983,-0.15652279399286825,-0.10218852703892402,-0.15453584712337293,0.4911799021882941,-0.379645523482756
2025-09-28 07:00:00+00:00,-0.49227495728706766,-0.23094326439425703,-0.15626948308732103,-0.10190436731673491,-0.15249151938277744,0.4908668468067366,-0.37935261660125835
2025-09-28 08:00:00+00:00,-0.4849607136113451,-0.21962648534498264,-0.16718224260874484,-0.08654774306476061,-0.12260132020382193,0.4842763118209428,-0.37312593029675223
2025-09-28 09:00:00+00:00,-0.47183231275561843,-0.21192485123030763,-0.1608746760515164,-0.0718050696886941,-0.09499805933116269,0.4798470003391744,-0.3670637428501373
2025-09-28 10:00:00+00:00,-0.4649845329139424,-0.20443100918257198,-0.154731960247344,-0.06508735331496157,-0.07885727390961658,0.4755361094822301,-0.3682145948456502
2025-09-28 11:00:00+00:00,-0.45831396801058105,-0.19713634387040455,-0.12848435068925432,-0.05854798275749185,-0.06339579833646965,0.47133865786513035,-0.3693466167007938
2025-09-28 12:00:00+00:00,-0.4518134292564679,-0.19300902896360414,-0.08370790768400628,-0.05917794612312621,-0.04857082937712723,0.46724995113840523,-0.36834460821769016
2025-09-28 13:00:00+00:00,-0.43982664300694846,-0.18604327276527194,-0.04527849788800469,-0.05287324892615115,-0.03434314650693497,0.4650284090793741,-0.36737473852199853
2025-09-28 14:00:00+00:00,-0.42818245800699195,-0.17925495830280647,-0.011674706673287301,-0.039748432080232446,-0.020676739173321735,0.46286774435215144,-0.36643554728524563
2025-09-28 15:00:00+00:00,-0.42706705568471964,-0.17915100208917029,-0.01203079855332703,-0.039860256567970764,-0.020904531224108416,0.46285980131778137,-0.36615507490878935
2025-09-28 16:00:00+00:00,-0.42597614520889454,-0.17904901380698396,-0.012407263326025129,-0.03993769550524403,-0.021127293022057573,0.4608698343240878,-0.3661114490662856
2025-09-28 17:00:00+00:00,-0.4249089207613618,-0.17894893978550658,-0.012770185167902171,-0.040015265300206326,-0.021313221019460583,0.4589338068266048,-0.3659841407966456
2025-09-28 18:00:00+00:00,-0.416398031261787,-0.18559884118122094,-0.010740753503201146,-0.04165309119046228,-0.03258606144737646,0.44966949395616634,-0.36051426338702325
2025-09-28 19:00:00+00:00,-0.416398031261787,-0.1959552217687314,-0.023482606454760937,-0.04861178012917967,-0.0563014971905678,0.44966949395616634,-0.35498388525200464
2025-09-28 20:00:00+00:00,-0.416398031261787,-0.2056380900193517,-0.04758808294446039,-0.068517598924103,-0.08687649957986512,0.4485484893074708,-0.3531326501878544
2025-09-28 21:00:00+00:00,-0.41433617879929735,-0.21718680079574157,-0.07027184969713421,-0.08782657821021203,-0.10299205870018169,0.4485484893074708,-0.34676747803943325
2025-09-28 22:00:00+00:00,-0.4068563522044839,-0.22395389767225798,-0.06781030090157615,-0.08986561656311666,-0.11533022435938911,0.442683988059781,-0.3446441702449242
2025-09-28 23:00:00+00:00,-0.40601112633018627,-0.22567548036058996,-0.06776103489379702,-0.09059255976301994,-0.11526269595346499,0.442683988059781,-0.34119022569232127
2025-09-29 00:00:00+00:00,-0.40601112633018627,-0.2306277794846212,-0.06776103489379702,-0.09226443900985752,-0.11616666145080333,0.442683988059781,-0.342308208253602
2025-09-29 01:00:00+00:00,-0.4058878651110905,-0.23265177860695613,-0.04327045081172827,-0.08882006042956364,-0.10532964352006174,0.43165594300063775,-0.35309817585047565
2025-09-29 02:00:00+00:00,-0.40586594402563453,-0.23522228194778552,-0.0311069019568748,-0.08562482720065838,-0.09490019519080597,0.42296725420421055,-0.3638149086106451
2025-09-29 03:00:00+00:00,-0.40594380218386206,-0.23838203882393283,-0.009135601665190857,-0.08267876080232571,-0.08486157557440578,0.41439616995499223,-0.3725357859967576
2025-09-29 04:00:00+00:00,-0.4061199847967553,-0.2421819917018231,0.011385037292408364,-0.07998260100326696,-0.0751980873462623,0.4059384038162875,-0.3814170955380567
2025-09-29 05:00:00+00:00,-0.40996558505640496,-0.2449896427970268,0.0306075018929503,-0.07753785454088487,-0.06589500235723428,0.3973376219865117,-0.3878402612550142
2025-09-29 06:00:00+00:00,-0.4102886060488155,-0.24378124847646537,0.048661664082992113,-0.0817402807132589,-0.06403647268014923,0.3908090837674614,-0.38694216945531934
2025-09-29 07:00:00+00:00,-0.40134720208818264,-0.24160401670241033,0.06565901803279295,-0.07852930673916247,-0.05530567483560565,0.3843674961288238,-0.38202623758945303
2025-09-29 08:00:00+00:00,-0.391724700207366,-0.23654753644916546,0.08118113209858951,-0.06799137776368476,-0.046902134670086214,0.37791221297987754,-0.37711692687400433
2025-09-29 09:00:00+00:00,-0.3823808935879137,-0.231822182906159,0.08926767617880023,-0.057827743880639396,-0.039981039411988654,0.3715658438784337,-0.37180423723347483
2025-09-29 10:00:00+00:00,-0.37330711525031307,-0.23056092084732557,0.09711599680220137,-0.04802267682788746,-0.032153647868161356,0.36532519436005423,-0.3725321998457628
2025-09-29 11:00:00+00:00,-0.3692116294566545,-0.22960522518460888,0.11089512195835702,-0.038561400303534374,-0.024621913313427692,0.360947382564296,-0.373203543347177
2025-09-29 12:00:00+00:00,-0.3605711650781751,-0.228960910578806,0.12447236602456188,-0.029430020519041998,-0.017375993461936787,0.3566519182651205,-0.37549996806955427
2025-09-29 13:00:00+00:00,-0.35675959248554506,-0.22863488808077542,0.13736367779434785,-0.020615462862954924,-0.010406633663965987,0.3541816179561852,-0.37609205742522583
2025-09-29 14:00:00+00:00,-0.35285609624269676,-0.2145130114109368,0.1444347415512676,-0.009102476038562396,0.009370547968273368,0.35132365761994494,-0.3845629864589439
2025-09-29 15:00:00+00:00,-0.3446869217614531,-0.21460736939248862,0.1502890256370405,-0.000803374280174255,0.016095712068794808,0.3492244848853501,-0.38342695820575595
2025-09-29 16:00:00+00:00,-0.3474942097941719,-0.24814079772879843,0.16503063773524554,0.0009312413368855969,0.028534399113821718,0.3180611005867695,-0.37563848395162214
2025-09-29 17:00:00+00:00,-0.33466596358619055,-0.24620929314628556,0.17570708132144194,0.014126905144683405,0.03791258890983133,0.30704020849886776,-0.37015753575490107
2025-09-29 18:00:00+00:00,-0.3212039698148964,-0.2502977146862909,0.18709139382232753,0.023497202340736947,0.05379408580710395,0.2866639099840932,-0.35848380557025666
2025-09-29 19:00:00+00:00,-0.29847278155915236,-0.23394520719212522,0.19797625377050806,0.03227233122379238,0.07810792158274325,0.2697769006106139,-0.3391897021539508
2025-09-29 20:00:00+00:00,-0.2687867320037664,-0.21845080044972293,0.20362061639474247,0.04938995200672849,0.10197514009859106,0.252934706059132,-0.3126020206728822
2025-09-29 21:00:00+00:00,-0.23375668106229813,-0.2037588813424184,0.21379357442049352,0.06846790200373981,0.11609765741934068,0.236125095396125,-0.2894319372483699
2025-09-29 22:00:00+00:00,-0.22208385581577836,-0.19948802272202576,0.2228272831740384,0.08172462437418267,0.12611230851953542,0.22574141675167997,-0.2878738219652981
2025-09-29 23:00:00+00:00,-0.21983705406235418,-0.20077914816088668,0.2271452614455435,0.08151633443913253,0.12708226956872246,0.217215864146947,-0.29657757935333573
2025-09-30 00:00:00+00:00,-0.17017815880213566,-0.17459076908100082,0.21105152812845945,0.07014031175122726,0.1506137436787334,0.09884129843077352,-0.3104136033205332
2025-09-30 01:00:00+00:00,-0.12179960868135169,-0.14753918636123628,0.20983181736441295,0.06518342828182681,0.17097456808198766,0.029347998420914564,-0.33048022771462177
2025-09-30 02:00:00+00:00,-0.09337283899720829,-0.13563002050606512,0.21510323208022913,0.06301078827903941,0.1895739272770786,-0.01671635541027354,-0.3428896179891749
2025-09-30 03:00:00+00:00,-0.07249071950144544,-0.12829853921478507,0.2573420150958252,0.061107658881047314,0.20580092907941994,-0.05380294752931252,-0.3556454843455366
2025-09-30 04:00:00+00:00,-0.054295871831252236,-0.11762943533880911,0.293016338939411,0.06599956919911941,0.22043149343348306,-0.07445264043096766,-0.3669576713184454
2025-09-30 05:00:00+00:00,-0.04347133079569978,-0.11915476254572864,0.2936440118430621,0.06420276834740622,0.2344310962312067,-0.0932240310447789,-0.3715012838311274
2025-09-30 06:00:00+00:00,-0.03400502967484625,-0.1211804386824461,0.32257546552551963,0.06236599633578172,0.24745169655412974,-0.10964142069314349,-0.3354755717146551
2025-09-30 07:00:00+00:00,-0.02627062422466203,-0.0971859980339372,0.3479669630650392,0.08356058254931148,0.25847019930380327,-0.11834991210724287,-0.30557538747859053
2025-09-30 08:00:00+00:00,-0.019076148257439692,-0.07308446446214244,0.34676388539925396,0.12412618775885705,0.2917839231604588,-0.12644698006532626,-0.26818853505895934
2025-09-30 09:00:00+00:00,-0.013126413436613433,-0.06514874124843541,0.34638899858249217,0.15915981447207675,0.3209935425462485,-0.1335823945811446,-0.24378182061710124
2025-09-30 10:00:00+00:00,-0.01984021334434928,-0.06724522881922453,0.347526712736466,0.17343266785868636,0.3286237880876419,-0.13533162237513846,-0.2309359004065952
2025-09-30 11:00:00+00:00,-0.0403011847652455,-0.05753661906068835,0.34805127974276423,0.1867432240809811,0.3352952383547087,-0.1368128641342418,-0.22535877180057648
2025-09-30 12:00:00+00:00,-0.05893362250197291,-0.049390426756330326,0.35055664761118344,0.1988651245818622,0.34182272868329083,-0.1335056873991709,-0.22081456264598692
2025-09-30 13:00:00+00:00,-0.08815655822301698,-0.04252332306629559,0.35207344640911326,0.20998688233286078,0.34815848779956726,-0.13083623986451956,-0.21704664824790762
2025-09-30 14:00:00+00:00,-0.09255138528768349,-0.03673152336661687,0.3539096825966431,0.22025136916512056,0.3542773960956353,-0.12405885294836268,-0.22008453897554814
2025-09-30 15:00:00+00:00,-0.09791528477112306,-0.036193839181408186,0.33524312923290167,0.2287307165240674,0.35892347516003914,-0.11502651366847116,-0.20975893740307808
2025-09-30 16:00:00+00:00,-0.10178411766997678,-0.0350419701998884,0.3379341604985156,0.2366078062711469,0.34692488020143697,-0.14260762649882006,-0.19427449254722412
2025-09-30 17:00:00+00:00,-0.09533849046672335,-0.039887529559517396,0.35755145186662773,0.25668365667678683,0.3495372078116243,-0.16925898293694883,-0.16828887072882498
2025-09-30 18:00:00+00:00,-0.0896069035503782,-0.02589186587704924,0.3755230383193089,0.2786595705582691,0.3667858181499157,-0.19546240293160136,-0.13162897836482024
2025-09-30 19:00:00+00:00,-0.05818881512663369,-0.00846061039229891,0.3920585504287141,0.32051713459039743,0.38340109505409337,-0.2149390102714915,-0.08528926269409924
2025-09-30 20:00:00+00:00,-0.016551537986426692,0.027049569741630777,0.4054053470439545,0.36543231228290646,0.39866027943673565,-0.22886353585945685,-0.03494542469565688
2025-09-30 21:00:00+00:00,0.024709832483431077,0.06871897404770726,0.4196209992969712,0.4043321930876367,0.3995169319401548,-0.24224440284963714,0.0010392349207958619
2025-09-30 22:00:00+00:00,0.04885872731000234,0.09502808388613887,0.4329553400148801,0.43190379128920925,0.40187396330004577,-0.2532496320967529,0.015181133103898651
2025-09-30 23:00:00+00:00,0.042832787819665354,0.09251380345790224,0.43233829161009274,0.43112049513024,0.40545367747306654,-0.2638258599744806,-0.006150131040697833
2025-10-01 00:00:00+00:00,0.017743435375084878,0.08042962340398095,0.43129275405360773,0.4316860593029421,0.40764865663713973,-0.27089582742253265,-0.0320818775173043
2025-10-01 01:00:00+00:00,0.0011711734895756439,0.07099506276441074,0.43203190923881696,0.43399318810845783,0.41027063229846816,-0.27732802716979277,-0.05034403776607788
2025-10-01 02:00:00+00:00,-0.016346192840976975,0.061310911884935974,0.43329559277821283,0.4362740514960683,0.41410104169604706,-0.2829190706954675,-0.06815674289436285
2025-10-01 03:00:00+00:00,-0.034973620053819265,0.04952178651653577,0.4335791993359125,0.4382955721435759,0.41642961262797457,-0.2863569441249178,-0.0837686651873144
2025-10-01 04:00:00+00:00,-0.05194704743729913,0.034630878465748575,0.4347142937555989,0.44288837942028264,0.4195945063357807,-0.2892935671742882,-0.10089765113808573
2025-10-01 05:00:00+00:00,-0.06940089899221831,0.023439348593652147,0.4348374779554645,0.44496683308800566,0.42160885398308257,-0.28973907958990924,-0.11092969688663917
2025-10-01 06:00:00+00:00,-0.08631823042267729,0.011911745906651715,0.4348663903934396,0.4451284043738483,0.4234737993103793,-0.29022525298474644,-0.09859556877901098
2025-10-01 07:00:00+00:00,-0.10273189224669975,0.009781639126931646,0.43554382608437753,0.4464931767391532,0.4266630797303273,-0.2878558485283927,-0.085620091455312
2025-10-01 08:00:00+00:00,-0.11805717511418778,0.01609686888001841,0.42442207364261325,0.45436603171996304,0.437399399762741,-0.28502804865350356,-0.06419519244222938
2025-10-01 09:00:00+00:00,-0.13274329985359665,0.02207358302177612,0.4136824899979754,0.4605983481146158,0.4475852980020969,-0.2792452958650267,-0.0475770127837331
2025-10-01 10:00:00+00:00,-0.14645576046468087,0.020636545457305963,0.41461191774095785,0.46126021548062973,0.4495104550150165,-0.27390031481091653,-0.04437502846101055
2025-10-01 11:00:00+00:00,-0.15961619230135435,0.019045571515269345,0.4154955586469149,0.46141947387717913,0.4513192948127329,-0.2687108641731867,-0.04518685665328416
2025-10-01 12:00:00+00:00,-0.17225846136861295,0.01730168379509182,0.4163325937631426,0.46205296025189485,0.4530142494002193,-0.2628972791099466,-0.04590035613352117
2025-10-01 13:00:00+00:00,-0.18696124387812532,0.015441102883200664,0.416844014903485,0.4623035392619204,0.45598152464415603,-0.2562776486087013,-0.04595798202586117
2025-10-01 14:00:00+00:00,-0.1945342073321174,0.012236249810879412,0.41701115230730884,0.4626032118578736,0.46394303102377243,-0.2455608394619117,-0.04510233378552322
2025-10-01 15:00:00+00:00,-0.20189542092727839,0.008872833365769476,0.4171502000426651,0.46292213639206725,0.4714560091507497,-0.23779431514642216,-0.04411573818213071
2025-10-01 16:00:00+00:00,-0.19138442445322354,0.005349153942164519,0.4172585190649215,0.4632559738521958,0.47854916155593624,-0.25501957801313746,-0.038511267495621004
2025-10-01 17:00:00+00:00,-0.17312333044689754,0.010238285510102502,0.416121278701329,0.46360087390664434,0.48524850119817997,-0.27148000095638813,-0.021453531594630086
2025-10-01 18:00:00+00:00,-0.1383913209281384,0.017025327847265504,0.40512567583205594,0.4702411009808392,0.4838459636978327,-0.2895805929404431,-0.0016890606114622277
2025-10-01 19:00:00+00:00,-0.10322034924833563,0.035451768011334386,0.4026375894081697,0.4811010639290498,0.48914629893412437,-0.3045962993786526,0.021353363439203264
2025-10-01 20:00:00+00:00,-0.06737448548893728,0.07010135759644373,0.3917839386167417,0.4943880903789716,0.49000032014650957,-0.31893695841661945,0.04917174304829099
2025-10-01 21:00:00+00:00,-0.03429605907337682,0.1054280410434079,0.3891326958757985,0.5078372220193756,0.4971454492742792,-0.33199302092200633,0.07484524024413568
2025-10-01 22:00:00+00:00,-0.016903448605364996,0.12315720218431536,0.3889806440309196,0.5191368043161216,0.4972693837692001,-0.3444953423440893,0.08449196332277399
2025-10-01 23:00:00+00:00,-0.01110654308295366,0.11815609505673845,0.3887871895278936,0.5221197978183083,0.4973980052889041,-0.3566635222255517,0.06623839741755978
2025-10-02 00:00:00+00:00,-0.020268440060991846,0.10486456331910515,0.3885503544095914,0.5205835575984044,0.49662328977554815,-0.36678548734659977,0.0447154670816759
2025-10-02 01:00:00+00:00,-0.028742963562039016,0.09050550328386321,0.3784082715969714,0.5200791335364413,0.49703189725229285,-0.3759221261391356,0.02209264766779475
2025-10-02 02:00:00+00:00,-0.03789587477285704,0.0796804301314253,0.3785249489607781,0.5203101114904433,0.4961584504416343,-0.3826770902941082,0.006129455574150597
2025-10-02 03:00:00+00:00,-0.047960710666693614,0.06791052456353389,0.3785849592413403,0.5203489527403523,0.49678159990172405,-0.38877567890170933,-0.011161260586731305
2025-10-02 04:00:00+00:00,-0.05748242378817431,0.052983076262121176,0.37887669904441335,0.5199878472310205,0.5006480224194407,-0.39417343833498714,-0.022615480261456638
2025-10-02 05:00:00+00:00,-0.06588984279406852,0.041395251839767666,0.3787845870364768,0.5134449811132084,0.502638827938105,-0.39779351950887804,-0.025540435652206473
2025-10-02 06:00:00+00:00,-0.07516576882940613,0.038328182191661696,0.3786350006898801,0.5152850520495493,0.5029299230384895,-0.4015325809236178,-0.010707933671224851
2025-10-02 07:00:00+00:00,-0.0809004313267361,0.04214189976360152,0.3784152711028551,0.5181398435603777,0.5070613512841525,-0.4030448448387876,0.0053049717470298715
2025-10-02 08:00:00+00:00,-0.07896319069389185,0.04633935187712636,0.37807860938307747,0.5239635691651475,0.5116741005726392,-0.4044326049722918,0.022534668120603583
2025-10-02 09:00:00+00:00,-0.07690452321106049,0.05041636973802081,0.37551891986238134,0.5295003056856701,0.5160861314315135,-0.4043219020403064,0.038156957648521686
2025-10-02 10:00:00+00:00,-0.08087456875800729,0.05224167858422747,0.3753194259071358,0.5322818544220067,0.515022046961958,-0.40330499754682925,0.043220713592081114
2025-10-02 11:00:00+00:00,-0.08098492803872227,0.04927905242106247,0.3750536188199564,0.5341934126966829,0.518311927289885,-0.4023021133854582,0.04475599734701661
2025-10-02 12:00:00+00:00,-0.08469239180221914,0.04625800728992375,0.36536077258494837,0.5359732028866872,0.5214235052522953,-0.40069845989851166,0.04746371713960282
2025-10-02 13:00:00+00:00,-0.08296477209282571,0.043064362171042654,0.36491334587323904,0.5378512381519824,0.5248919651095515,-0.39779786814266105,0.05284133081293782
2025-10-02 14:00:00+00:00,-0.08112254620991056,0.04484098792340146,0.3643995491013965,0.5403400380950438,0.5281715322470433,-0.39258492869571404,0.058176708960576
2025-10-02 15:00:00+00:00,-0.07775059376687661,0.045229055020955165,0.3631872376261095,0.5425501537096296,0.5294940093775043,-0.38683547232103643,0.06442751738701018
2025-10-02 16:00:00+00:00,-0.07494848250203233,0.046030439545662806,0.3621899955673586,0.5446815034873645,0.5314710012409167,-0.3809914669071396,0.0701688720884784
2025-10-02 17:00:00+00:00,-0.0720185111577287,0.0496231871098591,0.3585252113021503,0.5466987579882947,0.5349444291737888,-0.375665179996156,0.08056740677687968
2025-10-02 18:00:00+00:00,-0.06499443192633815,0.053102262071465324,0.35732461573219637,0.5486048626857534,0.5382497589453437,-0.3736767534221467,0.09630475885931562
2025-10-02 19:00:00+00:00,-0.04914652017036011,0.06857550859677151,0.35203361481198653,0.5503629802715011,0.5413559559090317,-0.37333480560451504,0.11501096146161147
2025-10-02 20:00:00+00:00,-0.02959677565875673,0.10080661832962381,0.3464883386208363,0.5546531634674664,0.5443065982155036,-0.3717904013804754,0.13366317334022804
2025-10-02 21:00:00+00:00,-0.010584690540506952,0.13293821906204956,0.34457999842265313,0.5564905385164258,0.5445496814472042,-0.37032464981791435,0.15417313904844523
2025-10-02 22:00:00+00:00,0.009805201020960937,0.1473718510229848,0.34293349787219785,0.5612214244026542,0.5454602852240541,-0.36760646276858155,0.16572792569672362
2025-10-02 23:00:00+00:00,0.023446079055908047,0.15991860689314685,0.3410936160425736,0.5654918624914997,0.5465738159833515,-0.3644300417898805,0.17224613985857976
2025-10-03 00:00:00+00:00,0.036449855351703385,0.1690762318529703,0.33604633351104,0.5696096278233597,0.5475142215512026,-0.36131383392090327,0.17590296542334927
2025-10-03 01:00:00+00:00,0.05339674733945799,0.1836936344078898,0.3338117046176447,0.5782969604321226,0.5498573123686485,-0.3556913167158478,0.18491923463666846
2025-10-03 02:00:00+00:00,0.06735860171677908,0.19572127391584265,0.32924950757050664,0.5865821599284186,0.5520317843046577,-0.3501873951249312,0.19333248225850436
2025-10-03 03:00:00+00:00,0.07996985239209467,0.20745915863919143,0.3264163128559116,0.5930715491735216,0.5530794374916581,-0.3414378425912011,0.19891625383080824
2025-10-03 04:00:00+00:00,0.09239891124283772,0.21939188446180208,0.32396892881126566,0.6006584568853867,0.5549256240763857,-0.3331659819171054,0.2053841321919893
2025-10-03 05:00:00+00:00,0.10358244139927422,0.22752660830944665,0.31753286537463266,0.6065066616126583,0.5556387036981447,-0.32310527667970074,0.21103006260494053
2025-10-03 06:00:00+00:00,0.11662445354206927,0.2369486277640288,0.31443190164552265,0.6114602692811114,0.5561840866918093,-0.31236092370545304,0.2217091047729709
2025-10-03 07:00:00+00:00,0.12904174917730968,0.24804575963613082,0.3112574205926165,0.6172531004778873,0.556563169365095,-0.301316914127551,0.23727062167590918
2025-10-03 08:00:00+00:00,0.1409979137059328,0.26127618072843295,0.30569485587700373,0.6228792727728766,0.5596402125598764,-0.29132049417619366,0.2517044587501154
2025-10-03 09:00:00+00:00,0.1523924613022139,0.2738032873944809,0.2998882306521734,0.6275971865879776,0.5607739849035094,-0.28096901380883244,0.2640373621635001
2025-10-03 10:00:00+00:00,0.16117123535096403,0.2834047323569839,0.29313302531784485,0.6325708365967221,0.5617702708474759,-0.2699973248781525,0.2743961882485671
2025-10-03 11:00:00+00:00,0.16755851938341346,0.29242480314524744,0.3109544354570462,0.637246320904388,0.562631802326641,-0.25852171246306244,0.2829280853171116
2025-10-03 12:00:00+00:00,0.17347614692635727,0.3008981554686292,0.3042886309756489,0.6416415626481342,0.5633610814651371,-0.24648291852084933,0.29107482530896805
2025-10-03 13:00:00+00:00,0.17894189405205474,0.3088562130897589,0.30034544827117154,0.6457728138376629,0.5639604033961044,-0.23381239638886794,0.2988557777965882
2025-10-03 14:00:00+00:00,0.18307505817744868,0.3158411707139221,0.29582052850118346,0.6494714782774842,0.5633230949620047,-0.2174631392110584,0.3062412608280668
2025-10-03 15:00:00+00:00,0.18504043790527958,0.3215149508818048,0.2902801192923656,0.652810529291151,0.5604686853895419,-0.1944493963054209,0.313321714930141
2025-10-03 16:00:00+00:00,0.1901296499318458,0.3271688723488527,0.2850667210573787,0.6559599377299284,0.5583845020678853,-0.18586587869400337,0.32200163631015094
2025-10-03 17:00:00+00:00,0.19788541501760826,0.3355418497435887,0.2802333351088811,0.6578516712651604,0.5571949771733538,-0.176277600686598,0.3320148992158151
2025-10-03 18:00:00+00:00,0.20527825470613031,0.3467226637302553,0.27529424416306864,0.6606834732658317,0.5558340634162973,-0.16968835487171727,0.34379239597696853
2025-10-03 19:00:00+00:00,0.21496602123594774,0.36691521061342847,0.2697318841366103,0.6632199481377041,0.5531460874730124,-0.16669612839979786,0.35608134632258753
2025-10-03 20:00:00+00:00,0.22730593056226306,0.3943268169438254,0.2640356953161287,0.6655742830507495,0.5502269287647951,-0.1617975166309388,0.374392623321381
2025-10-03 21:00:00+00:00,0.23918255316922407,0.42253525382557094,0.25819922267646983,0.6677534007520769,0.5470670896105435,-0.15498129142652775,0.39216165225896527
2025-10-03 22:00:00+00:00,0.25037379241631547,0.44311627477957505,0.2477211979362401,0.6698595857477835,0.5448956601215169,-0.14847624337925508,0.40417986595304106
2025-10-03 23:00:00+00:00,0.25016009536475536,0.4441167275543159,0.24246077658385984,0.6698153658395083,0.5418311282669994,-0.1413919658193225,0.40334001278775916
2025-10-04 00:00:00+00:00,0.2464041623698848,0.4423350297931656,0.23645768130616665,0.6695788076594177,0.5382860079169361,-0.13168355637566923,0.401417081125042
2025-10-04 01:00:00+00:00,0.24343180994059452,0.4410797722206487,0.22529469466603952,0.6680524165522677,0.5347798277028311,-0.11918356050586425,0.40005309046562093
2025-10-04 02:00:00+00:00,0.24839068716935847,0.4509051753588779,0.21770882742116002,0.6699364995209247,0.5317786496721434,-0.10131451287191959,0.4072362950599797
2025-10-04 03:00:00+00:00,0.25398063914136476,0.46066794835350233,0.20570454042049544,0.6730592653497499,0.5336989176944451,-0.0830773963681736,0.41468327828987833
2025-10-04 04:00:00+00:00,0.25899217497422766,0.4696810517641361,0.1984945124355688,0.6759588433699021,0.5322371610589305,-0.06260794058615458,0.4215479152684623
2025-10-04 05:00:00+00:00,0.24410955840203843,0.4601586238045775,0.1940274075870899,0.6736478770830041,0.524952322234508,-0.04310010508983815,0.4131023133410113
2025-10-04 06:00:00+00:00,0.23066206526418748,0.45395980741557873,0.1809522050307639,0.671259884519418,0.5190980935725522,-0.01978377840125791,0.41795212286464706
2025-10-04 07:00:00+00:00,0.2177033047482728,0.45193659210456133,0.17003421129532142,0.6686996963959817,0.5106332127572578,0.005535714811156338,0.42578608266221063
2025-10-04 08:00:00+00:00,0.2071799139638553,0.4511028809976034,0.16621751826366366,0.6693987335004482,0.5065033315307448,0.03405256969217364,0.43093035327556384
2025-10-04 09:00:00+00:00,0.19686649617457413,0.45021515813789387,0.15927357537162892,0.6700695157331015,0.5022008568745641,0.06657170946482587,0.43761879316735897
2025-10-04 10:00:00+00:00,0.18629134443994802,0.4457567922136193,0.15497515438834053,0.668207806584704,0.4977273581284886,0.1006219295347897,0.4391668333598882
2025-10-04 11:00:00+00:00,0.1730627119683971,0.441187517301666,0.14757361651823936,0.6662552747332432,0.4930872929886338,0.13574764861952432,0.4381491606826828
2025-10-04 12:00:00+00:00,0.1607154105329762,0.4361090283691842,0.14189646858078406,0.6639941664885747,0.49126868324379597,0.17600151865630298,0.4374355475332041
2025-10-04 13:00:00+00:00,0.14854127653318389,0.4310123154245962,0.13764989933652977,0.6621863185721726,0.4872905523804112,0.21806842924348374,0.4360928295655231
2025-10-04 14:00:00+00:00,0.14194135296429333,0.4283165144285125,0.12607552374330813,0.6602759813470012,0.49260351695974425,0.24877874711942144,0.43582560196568254
2025-10-04 15:00:00+00:00,0.13491828009092072,0.4255874413553807,0.11630610776912662,0.6580287543771957,0.4869639430108527,0.29152150869118487,0.434845469720782
2025-10-04 16:00:00+00:00,0.1311516014409696,0.4228303051640064,0.1099881507332484,0.655660834910194,0.4793514061303271,0.2807320566873717,0.4364026414705286
2025-10-04 17:00:00+00:00,0.13748044816877256,0.42004402333868507,0.10328478156729913,0.6565140172736763,0.49325383321499594,0.26361501123286524,0.4408412428248681
2025-10-04 18:00:00+00:00,0.14473519609050775,0.42093438416393764,0.0869921673256758,0.6573491557171396,0.5073888938759333,0.24981393923396583,0.44760370107691405
2025-10-04 19:00:00+00:00,0.16144750079364042,0.43387066672949026,0.07812397920740514,0.658166423506915,0.5009131519347203,0.23584568502230666,0.4579439356616813
2025-10-04 20:00:00+00:00,0.1795109484975544,0.45606928575256694,0.06762300141025375,0.6594892094714887,0.4964380785658943,0.22604133836251067,0.4691409649480662
2025-10-04 21:00:00+00:00,0.20162038975134342,0.4763580089617791,0.057656811836543725,0.6659604710759965,0.49205588168750763,0.21656221904338102,0.4795651409345121
2025-10-04 22:00:00+00:00,0.2122254490756461,0.48011061294681306,0.04831822620424448,0.6644322494733509,0.48779412851530546,0.2074231643610181,0.47959566174325846
2025-10-04 23:00:00+00:00,0.20835058842575993,0.47449044011258157,0.02351617309164232,0.6615711600205793,0.4757895375981755,0.19858387722777193,0.46942013007050765
2025-10-05 00:00:00+00:00,0.20065235002309076,0.4602225560582375,0.008724462435144072,0.654889624431955,0.4742537808029912,0.18847163686212184,0.45313265148025894
2025-10-05 01:00:00+00:00,0.19290023472984202,0.4456805412582843,-0.014167922865907701,0.6478883951827614,0.4642176726286286,0.18267413692339762,0.4366145623897965
2025-10-05 02:00:00+00:00,0.18809691790201535,0.43616615545814197,-0.04003703991002346,0.6421976623528243,0.4528445523385826,0.18359731656620543,0.4250807016569714
2025-10-05 03:00:00+00:00,0.18241358712155264,0.4256271823004834,-0.056413143647054194,0.6353752113386901,0.4475852147574836,0.18506913028867944,0.41355467551898534
2025-10-05 04:00:00+00:00,0.17692587477158606,0.4146069056146021,-0.08464509262866991,0.6290165941250594,0.44358520421867603,0.1861652039780401,0.40025131047712437
2025-10-05 05:00:00+00:00,0.17020916360322735,0.4058576935224885,-0.10225176969902942,0.6214008866128333,0.4392546280976172,0.1877998959394471,0.389779255396867
2025-10-05 06:00:00+00:00,0.16428724298232064,0.4033434373297099,-0.13764742672580227,0.6133624607256432,0.4347433674076097,0.1940788688222528,0.3929735578062065
2025-10-05 07:00:00+00:00,0.15829164137303686,0.4054294794539653,-0.15794731805076878,0.6059690882881023,0.4248063684674249,0.201290664683075,0.39858107455601244
2025-10-05 08:00:00+00:00,0.15779019839429628,0.4073822791889749,-0.19520267864372573,0.5994248649212479,0.4307042712315981,0.2079468197314321,0.40341648664319446
2025-10-05 09:00:00+00:00,0.1616130142612631,0.4053161336803937,-0.2184075818116225,0.5946616978610647,0.4387711315412176,0.21905611450901682,0.40922722662260874
2025-10-05 10:00:00+00:00,0.16035797678029665,0.40246906326514936,-0.239785672956639,0.5882608448147619,0.43475272636139056,0.23062575441866343,0.40712414799766095
2025-10-05 11:00:00+00:00,0.15981985171767393,0.3995805105400881,-0.24470427999364563,0.5816100755617012,0.4305530700587129,0.2433846843188782,0.4053642350692965
2025-10-05 12:00:00+00:00,0.15924545519561273,0.39264207689725905,-0.23532532370926126,0.5718721709159656,0.4227573309658721,0.25660559112049613,0.40592771998070293
2025-10-05 13:00:00+00:00,0.16345037840780346,0.38927808546162285,-0.2247849970066566,0.5655321072754088,0.41866504140910177,0.2756335174927263,0.4065654688987021
2025-10-05 14:00:00+00:00,0.16864911227822724,0.3858638049836904,-0.21411205498701696,0.5634418388065219,0.4127197032886172,0.2954976465941587,0.40723968865982013
2025-10-05 15:00:00+00:00,0.17447089417733427,0.38247843214706023,-0.2197170861727825,0.5561228559870003,0.40650484392451514,0.3190602852203857,0.4060638582190554
2025-10-05 16:00:00+00:00,0.17959294971110562,0.37904679462819607,-0.20847219237704062,0.5539453963029248,0.40017544775939834,0.3068118353194623,0.40800615585230343
2025-10-05 17:00:00+00:00,0.18661434858257012,0.37556779300458215,-0.197027053436623,0.5516726548019852,0.41188787695491685,0.2924473315194271,0.4161682422545292
2025-10-05 18:00:00+00:00,0.1937119291800837,0.37873748824980885,-0.18892781126431152,0.5495259681376298,0.4237223520796653,0.27356056175752314,0.4215841327719951
2025-10-05 19:00:00+00:00,0.2076195205904786,0.38999890734729464,-0.18281350053595516,0.539040557852996,0.417240999364821,0.25837552366234634,0.42729234995125803
2025-10-05 20:00:00+00:00,0.2216758145486121,0.40843111031197665,-0.15152349215630118,0.5403954978152266,0.4309758751945698,0.24856857811036948,0.43871078644637934
2025-10-05 21:00:00+00:00,0.23593404277354413,0.43566635990828123,-0.13105309892370787,0.532747312212203,0.4090204352613975,0.23889790157552365,0.4504538140083473
2025-10-05 22:00:00+00:00,0.24911060405424082,0.44699354066718294,-0.11249066436821395,0.5180528551146798,0.40184691101509123,0.22944757271678473,0.45021265459452997
2025-10-05 23:00:00+00:00,0.25678636910674896,0.4459018072455651,-0.11410349465581457,0.5094129859847998,0.41609461386587887,0.21832307851052685,0.43219241175641193
2025-10-06 00:00:00+00:00,0.25294878316498737,0.43564852330944576,-0.1399511167885586,0.5003098166645671,0.4105287279183887,0.2072917725844704,0.4144539564018066
2025-10-06 01:00:00+00:00,0.24672495866041882,0.4227727038278913,-0.1254755735685196,0.49149446675755276,0.4047548366341293,0.19830004828676062,0.39812104284523026
2025-10-06 02:00:00+00:00,0.2417777216121911,0.41550590162102635,-0.1371330912735673,0.47803514640313816,0.3967722817542825,0.19989467005079575,0.3856117357462239
2025-10-06 03:00:00+00:00,0.23725820033282816,0.40817259757833135,-0.1311473254207669,0.4638551879407291,0.38842461620255436,0.20132094241496126,0.3724934993679579
2025-10-06 04:00:00+00:00,0.23189049377562373,0.3994413343130566,-0.1242094957403514,0.4501105282874965,0.38032194786608925,0.20225209703732105,0.35513710162783296
2025-10-06 05:00:00+00:00,0.22065686142523508,0.3905987936549841,-0.11708068390432276,0.43553057334246537,0.3718121989042849,0.20340016031261623,0.3426059119021855
2025-10-06 06:00:00+00:00,0.21474931785131626,0.3884205721155152,-0.10958464227092869,0.4133810782012874,0.3401465502147558,0.2108333926955241,0.34133343318393167
2025-10-06 07:00:00+00:00,0.2211365533767704,0.38628876236806975,-0.10282746778801649,0.3939516155642169,0.3246892583295038,0.21826343290475644,0.3450126425969466
2025-10-06 08:00:00+00:00,0.22718774892957316,0.3908374098987306,-0.09614547093406639,0.378376322599201,0.308664143195362,0.22616062503130413,0.34891327722411214
2025-10-06 09:00:00+00:00,0.23440512734328312,0.39622630974717327,-0.10520928244670404,0.36529787518822615,0.29455125908000473,0.23464297298520295,0.3559363908591956
2025-10-06 10:00:00+00:00,0.24237504663815465,0.39407162010996477,-0.11654931080687492,0.3541379771987487,0.2826497995069126,0.24365275143518678,0.35307788124007183
2025-10-06 11:00:00+00:00,0.2435786806678859,0.3925464698230331,-0.11010782068966543,0.3423779901120657,0.26996386669638245,0.26079254789382195,0.3501871797241023
2025-10-06 12:00:00+00:00,0.2528085791999706,0.3909097333591284,-0.1037870220138438,0.3299478414045077,0.25640193472033446,0.2791560233276041,0.3431869340249463
2025-10-06 13:00:00+00:00,0.2552382160328094,0.3895161883935775,-0.09519925436675082,0.3188092651132929,0.24153896236021485,0.3082722573176588,0.34048425545810523
2025-10-06 14:00:00+00:00,0.25798658056501134,0.38842862234832065,-0.10719699418887813,0.3069198747624056,0.19954899736057463,0.3398625671408297,0.33781947807720836
2025-10-06 15:00:00+00:00,0.2695964153542194,0.3877289529800384,-0.11837674897781356,0.2941814764146271,0.18103151206019447,0.37437091325827976,0.3399223617141479
2025-10-06 16:00:00+00:00,0.28190189469330657,0.3974013441649484,-0.10955627539595732,0.28047374058367264,0.16094180728096233,0.36297101463912484,0.34737145731261915
2025-10-06 17:00:00+00:00,0.30417773155995426,0.408723852362469,-0.10130167440851323,0.2775825772015755,0.138984703240289,0.3478952071873527,0.3609335644884454
2025-10-06 18:00:00+00:00,0.32742570765944234,0.44593861163771115,-0.09167119725866807,0.27062052962842,0.14972039568573112,0.3291421533750121,0.3757426881361762
2025-10-06 19:00:00+00:00,0.36414805824944735,0.49843153602726054,-0.08320579666200663,0.26138980761955205,0.1615063707806975,0.3190739825010913,0.39897144844688576
2025-10-06 20:00:00+00:00,0.40741691102445354,0.5584368033349237,-0.1017111146624234,0.28305496269102876,0.17474049829599017,0.3109061529825827,0.4394211583340092
2025-10-06 21:00:00+00:00,0.4684497213545378,0.6285977580760573,-0.09624905722992516,0.32448339959198697,0.19142431708454105,0.30346324613631287,0.4786273290264702
2025-10-06 22:00:00+00:00,0.5164616975550197,0.6684560586686924,-0.09335808366953244,0.34136397293598075,0.21188246462836124,0.2971254343965389,0.5001033588906815
2025-10-06 23:00:00+00:00,0.5549694728003716,0.7079772445131305,-0.11657386119640921,0.3203056686383132,0.1422712536361645,0.30200803013347577,0.4831969602871348
2025-10-07 00:00:00+00:00,0.5538799485446315,0.6995278723970382,-0.11859843596535809,0.307157374280827,0.13200999468395325,0.2946976086783361,0.4664190695899757
2025-10-07 01:00:00+00:00,0.5543859825629169,0.6905492739670043,-0.12171105166969577,0.2966604124686321,0.12433362380873866,0.28926320398690936,0.45371247517414026
2025-10-07 02:00:00+00:00,0.5512180650031575,0.6905492739670043,-0.1360473903225051,0.28525022936417654,0.09881782071264389,0.2921046858243433,0.4502131705277021
2025-10-07 03:00:00+00:00,0.5472129497896023,0.6915406346100623,-0.1491655595149359,0.27756077912833577,0.07692478283742557,0.29539830140345535,0.45007602729746665
2025-10-07 04:00:00+00:00,0.5451136844111042,0.6915406346100623,-0.1573875922781819,0.2704113988204607,0.0595996590026079,0.2992106549475439,0.4485861048867577
2025-10-07 05:00:00+00:00,0.5430159089272639,0.6906509732033468,-0.17049691361531366,0.26317494382710654,0.04232461476100076,0.30124613361281566,0.44660854819999374
2025-10-07 06:00:00+00:00,0.5383310491179601,0.6879447509307227,-0.1748254071888111,0.24849428048749794,0.025083628982429773,0.30124613361281566,0.4403561195591544
2025-10-07 07:00:00+00:00,0.5270739991427226,0.6879447509307227,-0.17913419716254214,0.22674945217509873,0.007860832928852927,0.303548581442614,0.42783084009822214
2025-10-07 08:00:00+00:00,0.512020860073624,0.6872601628691755,-0.19253946300358196,0.21408599302504933,-0.0007192167799738171,0.3045522483073869,0.41625441049369966
2025-10-07 09:00:00+00:00,0.5052778803343031,0.6852736411387954,-0.19912358781080017,0.20602177210607403,-0.005303258301970932,0.3045522483073869,0.41023224653124796
2025-10-07 10:00:00+00:00,0.5004032632975035,0.6851978920010182,-0.20511859701026275,0.19700353162461173,-0.014486671563664698,0.30608860395299725,0.40635875216037515
2025-10-07 11:00:00+00:00,0.5018915115312685,0.6860260556612344,-0.2057217574035722,0.1974049602488032,-0.015324954863721992,0.3067945827938709,0.40685230790221005
2025-10-07 12:00:00+00:00,0.5034189585540273,0.6868692479289746,-0.20633418192182587,0.197821590577809,-0.016185564188135607,0.30830697380673894,0.40735617961635456
2025-10-07 13:00:00+00:00,0.5064484322397803,0.6877278815611628,-0.20695608857969572,0.19825420705586883,-0.017069526569017404,0.3098509629547588,0.40787068869589127
2025-10-07 14:00:00+00:00,0.5070647682938743,0.6886023845880558,-0.20758770237392996,0.19870364712727046,-0.017977938754462994,0.3125412964184349,0.4088864257527432
2025-10-07 15:00:00+00:00,0.5076932899029546,0.6894932010274584,-0.20970569443103013,0.19917080574533408,-0.018911973557071287,0.31531226644571075,0.4090830864287113
2025-10-07 16:00:00+00:00,0.5083343593957688,0.690400791640332,-0.21037121701306202,0.19965664035529102,-0.021101707076152432,0.3171319370600998,0.4090867275972983
2025-10-07 17:00:00+00:00,0.5098023988464335,0.6937354453205751,-0.21066740623246377,0.20205583699606708,-0.01766173159827399,0.32171804274660004,0.409630614944521
2025-10-07 18:00:00+00:00,0.5112917621211412,0.694912560035477,-0.21096758194734871,0.20449856676065264,-0.017414968091980388,0.3264205712105033,0.40919851985029504
2025-10-07 19:00:00+00:00,0.51092496133592,0.6961061673836969,-0.21127182530918578,0.2040082918541652,-0.017164881111792363,0.3294515569239311,0.4083771581869369
2025-10-07 20:00:00+00:00,0.510330037798703,0.6958349118255848,-0.2115802196909633,0.20262952962132313,-0.016911402959116455,0.33105573262064986,0.4075785866051521
2025-10-07 21:00:00+00:00,0.509725829876874,0.6963270626625345,-0.2118928507627791,0.2012264284768542,-0.013281167676992188,0.3326845596555581,0.4068454850180863
2025-10-07 22:00:00+00:00,0.5093356892286682,0.6960521191813291,-0.2122098065732191,0.20069772353747364,-0.009538126528464346,0.33433861166558376,0.40736947037595694
2025-10-07 23:00:00+00:00,0.5125187925368484,0.6994977323335245,-0.2110282441792116,0.20535038172251335,-0.005676119834472213,0.3360184802571143,0.41466304872562276
2025-10-08 00:00:00+00:00,0.5206854756070096,0.7063429108924011,-0.20982700508742846,0.21013553540126104,-0.0016884836149528093,0.3365187888342958,0.42396238991961505
2025-10-08 01:00:00+00:00,0.5139067494107261,0.703049453208734,-0.21749214330922306,0.20004778843167023,-0.017120129321799526,0.3373325729243164,0.41458228381798157
2025-10-08 02:00:00+00:00,0.5090534186735785,0.6834388586419483,-0.19457353115742979,0.19625648830185363,-0.018061074959947944,0.32457933682323786,0.3900083604191093
2025-10-08 03:00:00+00:00,0.49455128249674557,0.6826912797677607,-0.21572036933055086,0.1800755365423254,-0.041430906880047046,0.3324071900606345,0.3892082359345013
2025-10-08 04:00:00+00:00,0.48365986836441327,0.6822600410804358,-0.22816540645327774,0.17063917605457163,-0.06120503596664339,0.33695876259517116,0.38667215310532194
2025-10-08 05:00:00+00:00,0.48200316462596127,0.6784074804843171,-0.24052448962963277,0.16109692468898698,-0.0812010122977016,0.3442872380733105,0.38348798166623493
2025-10-08 06:00:00+00:00,0.48035938287704033,0.6749763254174506,-0.25280684839164635,0.15144184878443098,-0.10145019619500964,0.3516437417974671,0.3802699690485057
2025-10-08 07:00:00+00:00,0.4770814915322891,0.6701055660469535,-0.26154344859656686,0.14023541609860007,-0.11857889295427845,0.3615893244275962,0.37479308105912135
2025-10-08 08:00:00+00:00,0.47771522856030135,0.6689724122358969,-0.2718007084909865,0.13436947010001088,-0.12343387741764518,0.3668819620381246,0.36938289706357935
2025-10-08 09:00:00+00:00,0.4783093995890591,0.6691814709663257,-0.28189810894767636,0.12850628322094587,-0.12825650704945366,0.3747800262590538,0.36465623421990717
2025-10-08 10:00:00+00:00,0.47901961341790544,0.667648931508059,-0.2869920260051335,0.12124195758808831,-0.14009567305500306,0.3839285050360412,0.35943487180226535
2025-10-08 11:00:00+00:00,0.4797808079649528,0.6661913960532948,-0.29320767803271,0.11391331848719716,-0.15217569151440777,0.3932793811224108,0.35513182446120567
2025-10-08 12:00:00+00:00,0.47920724213109284,0.6609270104566312,-0.2940914452452193,0.10865562036018732,-0.1611958282650717,0.401958886261939,0.35202870866583985
2025-10-08 13:00:00+00:00,0.4823510833489425,0.6594571661367423,-0.2926401935337697,0.1079724907856746,-0.164644728720348,0.4061415112707021,0.35150497811094283
2025-10-08 14:00:00+00:00,0.48372666656236807,0.6580051343691097,-0.29304811978784634,0.10731256000027832,-0.16254163989670967,0.412669708617966,0.3503751138965322
2025-10-08 15:00:00+00:00,0.4868679134568674,0.6531943801244481,-0.2863129646067143,0.10860344272341661,-0.15961561601333074,0.415899377534688,0.35190358714759945
2025-10-08 16:00:00+00:00,0.4873748188602724,0.6484417490402696,-0.28338089071610684,0.10986243536156072,-0.15040538346824586,0.4122019349238159,0.3530367463146365
2025-10-08 17:00:00+00:00,0.48791121933539267,0.6457927133670078,-0.2805964113211652,0.1119776323566476,-0.1418526449297635,0.4012121648081782,0.35379818737165314
2025-10-08 18:00:00+00:00,0.489902985469693,0.6431793687218254,-0.276607376616749,0.11465176762860782,-0.1365550507224156,0.39251770909267497,0.3545391808059603
2025-10-08 19:00:00+00:00,0.4886043964953758,0.6426392641991167,-0.27093008909389227,0.11721467532873776,-0.1289942100372835,0.38404485922916143,0.3554625720410233
2025-10-08 20:00:00+00:00,0.48924712147097155,0.6462180972617994,-0.2675145003921194,0.11971307510389873,-0.12445207228888183,0.3757844886041394,0.3556263417677863
2025-10-08 21:00:00+00:00,0.48989425005910775,0.6498446312565018,-0.2624005397963989,0.12265957882458003,-0.11771968268877156,0.3677280154682307,0.35580906970086257
2025-10-08 22:00:00+00:00,0.48934457409307786,0.6488593132299171,-0.25500852931770357,0.12536463120530691,-0.10825982353055164,0.36320995607224466,0.35728444485951105
2025-10-08 23:00:00+00:00,0.49168283224722287,0.6463196727684577,-0.25067844248158905,0.12919771785592235,-0.10344660343300398,0.35879418804233887,0.362381960162293
2025-10-09 00:00:00+00:00,0.4977016446668323,0.6429930138105191,-0.24639771201782587,0.13100064586102858,-0.10172937720265784,0.35025287383634757,0.368205239364288
2025-10-09 01:00:00+00:00,0.49795798891001414,0.6312984441138957,-0.24747719575814972,0.12440298100169203,-0.10013279871849089,0.3367601327359139,0.36355032849684965
2025-10-09 02:00:00+00:00,0.4868970307861187,0.6147859710152062,-0.2567787113508703,0.10052477008307628,-0.11767101042842394,0.31988343071268954,0.34253954147663446
2025-10-09 03:00:00+00:00,0.48115715095422773,0.6174953305047662,-0.2718732627364895,0.10506189231683416,-0.12697976108025688,0.3301931029521992,0.3431809505209729
2025-10-09 04:00:00+00:00,0.47628555202459105,0.6174953305047662,-0.2849833716719523,0.10201346176138967,-0.13676093048066598,0.3363996062587721,0.34179653538576776
2025-10-09 05:00:00+00:00,0.46716941367723686,0.6171937902228888,-0.30206763780391593,0.08975048325011795,-0.14897925667932338,0.34511718051348855,0.3372715030640729
2025-10-09 06:00:00+00:00,0.4522829593810031,0.6185463137851125,-0.3179357571438385,0.08637105884837377,-0.1712724187811939,0.35245540905999706,0.3313142278693832
2025-10-09 07:00:00+00:00,0.43333987874905716,0.6206511416473309,-0.33374393478244585,0.07171683456650678,-0.18836384413155355,0.3623317846987767,0.32539752049923015
2025-10-09 08:00:00+00:00,0.41823600683068857,0.6198176305953514,-0.34573864054254577,0.062306620073323375,-0.20252549020060287,0.37004133832990416,0.31634645359122693
2025-10-09 09:00:00+00:00,0.40816308940521384,0.6206996600406443,-0.3534193296730038,0.055970310943331526,-0.21046528699755007,0.37665414505258793,0.31273642231527304
2025-10-09 10:00:00+00:00,0.4037693968157886,0.621727296574986,-0.3611771321222406,0.04997405256866229,-0.22461211423390817,0.3833007962194389,0.30811519254188613
2025-10-09 11:00:00+00:00,0.39678218950664323,0.6218767063027321,-0.36950935726722645,0.04392833434696302,-0.23240706951612897,0.3899842985185423,0.30417686799468896
2025-10-09 12:00:00+00:00,0.3912138999584173,0.6197544266494678,-0.3788074313979822,0.03901585547030158,-0.23436986110135466,0.39423210855390406,0.3014315920360326
2025-10-09 13:00:00+00:00,0.389006085266897,0.6197544266494678,-0.3775185783527794,0.03821633629438151,-0.23403330562025954,0.39573651482024663,0.30093304661086356
2025-10-09 14:00:00+00:00,0.3869173107135993,0.6194674516006277,-0.37647293964058376,0.036884782049283936,-0.23382033875385866,0.3989372459061122,0.29941258120192893
2025-10-09 15:00:00+00:00,0.3849461750851796,0.6191865914169609,-0.3756546801460045,0.03554466254911817,-0.23372242189634426,0.40222618381989106,0.2979245636088284
2025-10-09 16:00:00+00:00,0.3865791669420106,0.6171141886260806,-0.3527348164336879,0.035243257994857044,-0.2281657506133723,0.3967800254404198,0.29865683773676066
2025-10-09 17:00:00+00:00,0.3882425956862266,0.6165200676727842,-0.3383109789152088,0.0359047550877794,-0.2280928347856639,0.39171701881115145,0.2993269972728937
2025-10-09 18:00:00+00:00,0.388916187156992,0.6159311150346846,-0.32525756278014656,0.039002368318643066,-0.2280924623488811,0.38701899932085826,0.3001767245363835
2025-10-09 19:00:00+00:00,0.38911708541476486,0.6165446059378829,-0.3133889495496514,0.04249842143501617,-0.2230644225080588,0.3847682659383392,0.30100155286977925
2025-10-09 20:00:00+00:00,0.38775454536781034,0.620328761930976,-0.3025547257015848,0.04654012695419117,-0.21832658099335164,0.3827605516883316,0.3017816959668155
2025-10-09 21:00:00+00:00,0.3746915710846944,0.6197250936398645,-0.30752122566316453,0.03139060308112652,-0.22119651738635152,0.388780066060232,0.29690938605320755
2025-10-09 22:00:00+00:00,0.3748300376096003,0.6229507186342605,-0.30147132074568694,0.03401814475271747,-0.21670672065542895,0.3871344062716396,0.2971335859734287
2025-10-09 23:00:00+00:00,0.3751026913613853,0.6217752536363356,-0.29262485211724737,0.03497394825981345,-0.21461381916894934,0.3818878022977982,0.2916442193131841
2025-10-10 00:00:00+00:00,0.37436883800789234,0.618529959417599,-0.28409852929137513,0.03289178908211492,-0.21253064565636393,0.3747971188417084,0.2862900578435261
2025-10-10 01:00:00+00:00,0.3732492497138614,0.6066035128768766,-0.26203612518025227,0.029864293720583898,-0.20273479064159877,0.35342251759583526,0.2763538672548059
2025-10-10 02:00:00+00:00,0.37308912393695465,0.5981046972598546,-0.2483539507404433,0.03054114570951088,-0.19648960316830652,0.3371171468235447,0.2720186796056667
2025-10-10 03:00:00+00:00,0.3722219073716741,0.5964674881723274,-0.24898763730201595,0.04575276992775677,-0.19161210124413058,0.3372995091449224,0.2795423973563503
2025-10-10 04:00:00+00:00,0.3722522389131237,0.5939559997887501,-0.24791464099976493,0.05714317567418143,-0.18582656494950786,0.33231156452735205,0.28437888929372657
2025-10-10 05:00:00+00:00,0.3694843389593217,0.5912183904012454,-0.24441972314732663,0.06834947023749821,-0.17970656735006038,0.3254544838193769,0.2867691662775458
2025-10-10 06:00:00+00:00,0.3558336233747334,0.5882456286495994,-0.24238883539048636,0.07040201460830524,-0.17323677120628495,0.31807455078143804,0.28148316399355716
2025-10-10 07:00:00+00:00,0.33841228813446034,0.5811781755655452,-0.23986033187656866,0.06942204143266785,-0.1732590792952916,0.3101416426322379,0.2744678727998866
2025-10-10 08:00:00+00:00,0.3259528811716203,0.5738549044679055,-0.23682533966656624,0.0686914607043788,-0.17279439425310528,0.2999672493983724,0.26570674996010024
2025-10-10 09:00:00+00:00,0.31910871326452184,0.567387134419164,-0.22807700509414278,0.07045176119616633,-0.1671114294631605,0.28814603487762086,0.2618965360738244
2025-10-10 10:00:00+00:00,0.3150142423372464,0.5616082946582293,-0.2187831377344431,0.0755793153141481,-0.15832817747231714,0.2756100438472029,0.25923228139067434
2025-10-10 11:00:00+00:00,0.3111722721445908,0.5555140789072345,-0.24464466898446496,0.07937593446717728,-0.15176548619434602,0.26230404811200875,0.25755287196761306
2025-10-10 12:00:00+00:00,0.31103050441404484,0.5481063314603392,-0.23111277381932566,0.08405058176079344,-0.1411760371220077,0.24675902910224656,0.25699021147038176
2025-10-10 13:00:00+00:00,0.3102071213952002,0.5403259079310676,-0.2157530308392334,0.08894618876629842,-0.12863362843538084,0.2305709844337344,0.25649031807226585
2025-10-10 14:00:00+00:00,0.3097593677372958,0.5321458237035077,-0.19980276914139722,0.09410636663006497,-0.11557059777141486,0.2135201256973756,0.2559693163374713
2025-10-10 15:00:00+00:00,0.30969693751493227,0.5235362929951549,-0.18428748231138986,0.09959188280849243,-0.10194411130881378,0.19549528565860588,0.25540049118191877
2025-10-10 16:00:00+00:00,0.31423579268594687,0.5126476938330634,-0.16404565318224307,0.1074863434475405,-0.08817434433622272,0.17065369297557229,0.2572324887380823
2025-10-10 17:00:00+00:00,0.31937055481094256,0.5032581391271459,-0.14033024589174306,0.11728675491476251,-0.07379590516143925,0.14264575862569723,0.25981789679758177
2025-10-10 18:00:00+00:00,0.3249835955335132,0.4954448444050431,-0.11835218342403704,0.13101214050354892,-0.053015444971228266,0.11340377769923297,0.26205771149401286
2025-10-10 19:00:00+00:00,0.32582520547772953,0.4874441786553665,-0.09285942435172313,0.14512756597092966,-0.03722992043343202,0.08463545122594526,0.26512817395489885
2025-10-10 20:00:00+00:00,0.32705646735723637,0.47510987920106307,-0.06638042330256116,0.16035180588676987,-0.014914710297038856,0.05426769537127493,0.25876743714017847
2025-10-10 21:00:00+00:00,0.32869080989927935,0.4580720525776087,-0.041199430803431636,0.17537511443888334,0.0024980784188677672,0.022141181605339812,0.252301563677288
2025-10-10 22:00:00+00:00,0.3307443613442818,0.4391935274238577,-0.014723903993953832,0.19011578619894348,0.02078704998915321,-0.011923917300501031,0.2421797315264617
2025-10-10 23:00:00+00:00,0.3307443613442818,0.43517744695236715,-0.005591029418453589,0.1922107505217733,0.02693242833819213,-0.0260862106837493,0.2336012914289268
2025-10-11 00:00:00+00:00,0.3307443613442818,0.4282630965860568,0.001342785402921673,0.1898668188414003,0.02693242833819213,-0.040520088900260404,0.2220591814815627
2025-10-11 01:00:00+00:00,0.33143183300412593,0.4170860062604904,0.016612721937550465,0.18399455804392553,0.033618157562835635,-0.058983237996290426,0.20744034100487907
2025-10-11 02:00:00+00:00,0.34627148920813294,0.3514105356936688,0.08709464328653517,0.20143338498455915,0.06342503268081855,-0.1530919155182735,0.17284110563428018
2025-10-11 03:00:00+00:00,0.35599670220507557,0.2932133318289229,0.1547581889777796,0.24543304618187142,0.1152939852090077,-0.2431019949053655,0.16124973192186104
2025-10-11 04:00:00+00:00,0.3790443006071642,0.21501727489141695,0.2438069283765561,0.302180877848064,0.18541718094190904,-0.3756765527032715,0.14371503911080788
2025-10-11 05:00:00+00:00,0.36466766752584917,0.21501727489141695,0.22831151105589928,0.29980791277028,0.17836835894313252,-0.3675740542890426,0.13583630975545935
2025-10-11 06:00:00+00:00,0.347584723659114,0.21906668780407676,0.20993658466771375,0.2946473649598823,0.1689147615868196,-0.3594501826521047,0.12834874585162717
2025-10-11 07:00:00+00:00,0.3298071635446283,0.2210331412298552,0.19929694707419054,0.28395176825502316,0.15257782278932758,-0.35487596129534954,0.11981894544948488
2025-10-11 08:00:00+00:00,0.3212670478206526,0.22288687169301277,0.1940813072695417,0.27918254973301104,0.1449461979283562,-0.3529073680693215,0.11755480256885238
2025-10-11 09:00:00+00:00,0.31508128660803547,0.2261761595668225,0.1884879450491165,0.27445605915885174,0.13739167220066603,-0.35207485428795016,0.11482606202247143
2025-10-11 10:00:00+00:00,0.31345983735838007,0.2285793762356386,0.18329440622656992,0.27147379366851454,0.1345324421742777,-0.351272660852834,0.11311211394451924
2025-10-11 11:00:00+00:00,0.3106721880552125,0.23001009586508886,0.17768546837324561,0.2698490554197187,0.13165506811491284,-0.3505020581884379,0.11025138974347672
2025-10-11 12:00:00+00:00,0.3098680786129926,0.23026649233439406,0.1772607310262149,0.26829745406485234,0.13115741595183164,-0.34794095886895465,0.10886247592840814
2025-10-11 13:00:00+00:00,0.3170062725874003,0.22749428097910088,0.18287552932024764,0.27173958699458656,0.13724725622215977,-0.35479843653756094,0.11172836526789705
2025-10-11 14:00:00+00:00,0.32433109415719463,0.22634001085929542,0.18813205406135292,0.2752183249529056,0.1433813106565175,-0.3599668214576218,0.11394833264682656
2025-10-11 15:00:00+00:00,0.3318547942641052,0.2251884151091475,0.19577632089546704,0.2791618374499353,0.1474668045942364,-0.3652751459332385,0.11769793761957516
2025-10-11 16:00:00+00:00,0.3399382043791034,0.22218738132818305,0.20754490310413715,0.2863525353193676,0.15994265365400226,-0.37089501225703675,0.1227943765721897
2025-10-11 17:00:00+00:00,0.3468479225883226,0.22294994482484473,0.21913584800779587,0.2972957127303097,0.17223561071530843,-0.37476724802848704,0.1282648487176516
2025-10-11 18:00:00+00:00,0.35286414928364646,0.22694032864933683,0.23056386329149972,0.309216106500783,0.1843622537641749,-0.3769770694337343,0.1336289090037183
2025-10-11 19:00:00+00:00,0.3587185144292943,0.2352289331539319,0.24184331679558058,0.31918377636179146,0.2036712127432766,-0.37661692680154063,0.13951704177915047
2025-10-11 20:00:00+00:00,0.36441732341036703,0.2452135622828837,0.25298830476828743,0.3287998154796143,0.21112587127171178,-0.37627090045911116,0.14871341113349718
2025-10-11 21:00:00+00:00,0.369966536032486,0.25588238352025183,0.2640127186914644,0.33808860359016485,0.21838168955209664,-0.37593871842402593,0.15789649866883562
2025-10-11 22:00:00+00:00,0.3760192990317095,0.2619899970912824,0.27231405303873807,0.3459473952728389,0.22544646244099584,-0.3756201174196567,0.16181167736790167
2025-10-11 23:00:00+00:00,0.38132280269033847,0.2591044224198379,0.28349693808187126,0.35187135683596477,0.23232755993667956,-0.37531484254488295,0.16015687435850687
2025-10-12 00:00:00+00:00,0.3950609302292888,0.2591044224198379,0.3056204287993586,0.3651394763542008,0.2437259537657871,-0.37531484254488295,0.16779634049238284
2025-10-12 01:00:00+00:00,0.4012486945869327,0.2470052110120656,0.3288438494642295,0.37284001632298625,0.26782437097402795,-0.37380492146260774,0.1699941759493204
2025-10-12 02:00:00+00:00,0.3786026775747159,0.22287510863459722,0.325140436773325,0.35657601488500507,0.2635786542280457,-0.368320990779859,0.1317913958467107
2025-10-12 03:00:00+00:00,0.36429885572497106,0.2338529885747918,0.2992828329513672,0.3432259426908814,0.21569484792715904,-0.368320990779859,0.12105451826256977
2025-10-12 04:00:00+00:00,0.35846104765671427,0.23704754802229136,0.28387445486769675,0.3357791340583795,0.1936712473805308,-0.36547954864614224,0.11322996082524865
2025-10-12 05:00:00+00:00,0.3513816871432471,0.24022541391184712,0.2629194387767758,0.32826576221011367,0.171519136112763,-0.36547954864614224,0.10106343046627385
2025-10-12 06:00:00+00:00,0.3454102059677619,0.24788215016482457,0.2418858683859183,0.3173176142450015,0.1492095161149164,-0.36784510558448663,0.09329875220446876
2025-10-12 07:00:00+00:00,0.325738272816296,0.24788215016482457,0.22074943545486275,0.30310536464543303,0.1369288490617064,-0.36784510558448663,0.08732838695671064
2025-10-12 08:00:00+00:00,0.31585114088397537,0.25485266870153045,0.20577717865255435,0.2956545543984147,0.13090958032126201,-0.3637323253339363,0.08603875587069612
2025-10-12 09:00:00+00:00,0.30963492026957684,0.25696923048073356,0.19786546164627633,0.29066291814765466,0.12578193367294463,-0.3636183690469902,0.08279972516623785
2025-10-12 10:00:00+00:00,0.3033055579125571,0.25696923048073356,0.19254826743722397,0.2868045441061811,0.1174478112643821,-0.3635139169373025,0.07836470113508791
2025-10-12 11:00:00+00:00,0.29910576787058013,0.2586200795601923,0.18719153882830583,0.2829649934182813,0.1090557848977984,-0.3635139169373025,0.07459288673688058
2025-10-12 12:00:00+00:00,0.29774387482047915,0.2602921398425724,0.18481810216802486,0.28208167611504775,0.1094951433062231,-0.3538702227580868,0.07388394079584061
2025-10-12 13:00:00+00:00,0.30116535408856054,0.2602921398425724,0.19126686849267047,0.284332123951835,0.11525242020554315,-0.3513849725937746,0.0758760281631779
2025-10-12 14:00:00+00:00,0.30318442654501554,0.2602921398425724,0.1979133939345396,0.2866060837553932,0.1172721740919779,-0.34893631066581443,0.07753626247766127
2025-10-12 15:00:00+00:00,0.30553928845845874,0.2602921398425724,0.2044575145764187,0.28849914065580534,0.11929016190631378,-0.34893631066581443,0.07873687489219187
2025-10-12 16:00:00+00:00,0.3144923681383683,0.2611149373493987,0.21623433096351538,0.2926717773070335,0.12612036226078494,-0.3550923627326297,0.08212640742045473
2025-10-12 17:00:00+00:00,0.3199031835219526,0.2587391268790977,0.22811890823742842,0.29677963032696675,0.13278942234312446,-0.35717895703593594,0.08546181475213317
2025-10-12 18:00:00+00:00,0.32479734814196004,0.25934003701404057,0.24623381594005736,0.3023449655338183,0.14589301195549417,-0.35923534772295085,0.08724794704053879
2025-10-12 19:00:00+00:00,0.3295862921862712,0.26101289382659826,0.25319739773219513,0.30718556024492194,0.15832958985670667,-0.36126203462879786,0.0890189730944997
2025-10-12 20:00:00+00:00,0.33427309482034595,0.2691151877751461,0.2608384201422425,0.3127504050445669,0.1701622408351685,-0.3632595046860603,0.091139600089078
2025-10-12 21:00:00+00:00,0.3399537487665934,0.2790986591877978,0.2697823508535388,0.3179053428007594,0.17576507494185195,-0.3630615966188281,0.09473063738993277
2025-10-12 22:00:00+00:00,0.34441513515034755,0.2841409510025264,0.2784933590098845,0.3229828596564456,0.18124698338481726,-0.3628746108450557,0.09518289061734694
2025-10-12 23:00:00+00:00,0.35389887084426697,0.27834070823048745,0.2950042327077169,0.3229828596564456,0.19983452745651972,-0.3628746108450557,0.09694577599982578
2025-10-13 00:00:00+00:00,0.359430842214201,0.2745923912461606,0.3181877797249825,0.3199030562965841,0.21885317919560565,-0.36673209564783193,0.10229457902410218
2025-10-13 01:00:00+00:00,0.37020588219392103,0.2697961839614501,0.3321764896004036,0.30922778138070045,0.24119292214119836,-0.37197012742840546,0.10291763827137869
2025-10-13 02:00:00+00:00,0.3545431536769884,0.2544399920784808,0.3251648766561435,0.2928503643204035,0.2291240008018732,-0.3714533383019102,0.0736317091570851
2025-10-13 03:00:00+00:00,0.33350953024755176,0.2544399920784808,0.2974503920135018,0.2974014578632137,0.2134646573074964,-0.3614316751613024,0.061192817794378566
2025-10-13 04:00:00+00:00,0.3141125648264444,0.2559046026310669,0.2687995469142662,0.29877465033951195,0.18662359445662952,-0.3521774919988413,0.05914620156220283
2025-10-13 05:00:00+00:00,0.2986004923595727,0.251956112384038,0.24616709364782827,0.29877465033951195,0.16500125916602953,-0.34933579725525116,0.05327146048925953
2025-10-13 06:00:00+00:00,0.2845315196339356,0.251956112384038,0.22329997802327423,0.30131201755234394,0.15283535561844064,-0.34405307971480475,0.05743919998404314
2025-10-13 07:00:00+00:00,0.26434708705366045,0.251956112384038,0.20072812833637618,0.30131201755234394,0.14071542843086288,-0.3366964882420545,0.059620336129579066
2025-10-13 08:00:00+00:00,0.25325631465016424,0.25974938318678753,0.19106334219920887,0.30122773157847277,0.13306347889813003,-0.32907694801592835,0.06604462526185138
2025-10-13 09:00:00+00:00,0.24552530438675943,0.2642733923156212,0.18119947641828862,0.2995283633344554,0.12783211339141864,-0.32777174357230676,0.06604462526185138
2025-10-13 10:00:00+00:00,0.23935971637342002,0.2642733923156212,0.17034569264919547,0.29819408165880956,0.11926001103408694,-0.3274855760699147,0.06517472176169592
2025-10-13 11:00:00+00:00,0.2310746946593732,0.26627625968213287,0.1595042713956225,0.29819408165880956,0.11583410702924073,-0.3272733838631665,0.06430419934465978
2025-10-13 12:00:00+00:00,0.22790980390226268,0.2657960946060942,0.15567173604649998,0.297493283037132,0.10907378688628401,-0.3235851844129347,0.06284174285971905
2025-10-13 13:00:00+00:00,0.23027044489901724,0.26527643701295534,0.1604210311153786,0.2980954185621033,0.1108549828247994,-0.3281575785093928,0.06318437246098509
2025-10-13 14:00:00+00:00,0.23227458751383168,0.26475991849948455,0.16530587555908557,0.29870038360274165,0.1108549828247994,-0.3328822555378642,0.06352755166171441
2025-10-13 15:00:00+00:00,0.2387568926548869,0.26299473121240236,0.17146263370001832,0.2989740352109718,0.11614696695485324,-0.33467940087704007,0.062419706489859623
2025-10-13 16:00:00+00:00,0.24375799635899004,0.26128015945335503,0.1805517938610265,0.2992318942137384,0.12133180911836752,-0.33954056483582823,0.06258295298569659
2025-10-13 17:00:00+00:00,0.2481808969153507,0.2596156900304689,0.18947644334373984,0.298902272248232,0.1330562407160665,-0.34411707000300185,0.06401073152240032
2025-10-13 18:00:00+00:00,0.2523799182160127,0.2581070652077533,0.19886295581146965,0.30068659009472776,0.1379028599877783,-0.3457455024422719,0.0652686027289801
2025-10-13 19:00:00+00:00,0.2579489165007992,0.2604806886969439,0.20789907742335378,0.3030811870533662,0.14888677332736083,-0.3473753204666102,0.06798445327477556
2025-10-13 20:00:00+00:00,0.2634948684076125,0.26646454426949934,0.21823025064094376,0.3072897344465929,0.15940658499297194,-0.34914370693669416,0.07071454463140217
2025-10-13 21:00:00+00:00,0.26880220287572754,0.2731775150158963,0.22663997722468962,0.3128482343353919,0.16782864598509942,-0.35088431427031064,0.07194802629006979
2025-10-13 22:00:00+00:00,0.2727443149279275,0.2751004884128776,0.2345173591015389,0.3164551765912148,0.17645650117385706,-0.3525975413730455,0.06948246839756946
2025-10-13 23:00:00+00:00,0.27703384753311566,0.26830473864946786,0.24646570938704132,0.3111962285275235,0.17645650117385706,-0.3548250515565739,0.06948246839756946
2025-10-14 00:00:00+00:00,0.285002933349101,0.2602222193855328,0.2585875936968985,0.3111962285275235,0.17645650117385706,-0.3587521634951942,0.07118611695539206
2025-10-14 01:00:00+00:00,0.29147101349325977,0.248936518095246,0.27793159470654505,0.3042713230847888,0.18715371976924003,-0.36787870432332864,0.06583941890327158
2025-10-14 02:00:00+00:00,0.27279035754807923,0.2285584962312632,0.26168907222702037,0.27892084343873974,0.1837221847803703,-0.36886388295909356,0.02933821339993637
2025-10-14 03:00:00+00:00,0.25835912795226057,0.2285584962312632,0.23695970486304804,0.27892084343873974,0.1837221847803703,-0.35690546420904923,0.0259375418391188
2025-10-14 04:00:00+00:00,0.24920294778897642,0.23662015352964172,0.21729187901685706,0.2823011254792699,0.16689759831358097,-0.3445862913503736,0.033674293157253114
2025-10-14 05:00:00+00:00,0.23693162728751488,0.24122681054906198,0.19512743143520248,0.2823011254792699,0.16689759831358097,-0.3379246931613397,0.033674293157253114
2025-10-14 06:00:00+00:00,0.22716730537915486,0.25102467105862586,0.16871835796282922,0.28806309374432604,0.15434422418709348,-0.3286191521602505,0.046738810045880146
2025-10-14 07:00:00+00:00,0.21561369432249314,0.26083415599851495,0.14820614384206293,0.29522568978707453,0.14177407523931948,-0.3228546267218648,0.05355818033656865
2025-10-14 08:00:00+00:00,0.2076892492817605,0.26606780103614114,0.13035392598227152,0.29522568978707453,0.1291830355730702,-0.3170443940300352,0.060421893401749284
2025-10-14 09:00:00+00:00,0.20219271798417052,0.27184751223817444,0.12216366181695523,0.29522568978707453,0.1235746899737056,-0.31542472351793305,0.06455021828097253
2025-10-14 10:00:00+00:00,0.1993290034437692,0.2763363522967961,0.11520867359201198,0.2967211435818797,0.11796126323431533,-0.31384067860543396,0.06841820965583706
2025-10-14 11:00:00+00:00,0.19875915459290627,0.2779469910577542,0.11017260521492554,0.29749084903579576,0.1154274777822297,-0.31516030184100813,0.07237778961550048
2025-10-14 12:00:00+00:00,0.19887804691632585,0.27713289625172866,0.11057370813821991,0.29635440897562393,0.11575365637434909,-0.31330679493264824,0.07113704869586565
2025-10-14 13:00:00+00:00,0.1989965638883762,0.2763315912072974,0.11072550094791843,0.29523764692125065,0.11607499326622066,-0.31149272224674296,0.07026091965320212
2025-10-14 14:00:00+00:00,0.19911466616714704,0.2755427740572829,0.11111576293643888,0.29489831737692485,0.11639159665760389,-0.30813391303870125,0.06996658955123423
2025-10-14 15:00:00+00:00,0.20120325233276895,0.2675438513444385,0.11626112841576532,0.29263731751953836,0.1191137062103205,-0.29789265458032294,0.06802846092858225
2025-10-14 16:00:00+00:00,0.20325397052231042,0.2637464567161815,0.12127971119005798,0.29041590219402763,0.12178458434421975,-0.30130077013194456,0.06612402616343804
2025-10-14 17:00:00+00:00,0.20705515136433011,0.2600197339806311,0.1288526852870498,0.28823302282061763,0.1162274281921213,-0.3046332660656528,0.06425239980048954
2025-10-14 18:00:00+00:00,0.21077294531377072,0.2596700707520344,0.1361567172340551,0.29018036035447814,0.11886441060588432,-0.30617143051336293,0.06514900471048124
2025-10-14 19:00:00+00:00,0.2158725886777431,0.2619910371194897,0.1407021967063703,0.29359265778869975,0.12145295634397892,-0.30551736375859573,0.06734023693765995
2025-10-14 20:00:00+00:00,0.2208341906007077,0.2642690474521291,0.14759150231801887,0.2980513117079998,0.12399439199146071,-0.3048748195838746,0.06949338693546561
2025-10-14 21:00:00+00:00,0.2256635175514611,0.26650528550062985,0.15187602532002262,0.3023902296926103,0.13230367256265058,-0.3042434921923124,0.07032536480981141
2025-10-14 22:00:00+00:00,0.23036600719679604,0.2661130448629979,0.15838701355947285,0.3055410641992175,0.134662429866137,-0.30362308663254656,0.06572062765519208
2025-10-14 23:00:00+00:00,0.23360672094536267,0.2625322049783345,0.1596871225576878,0.30331952210704316,0.12929884820969917,-0.3030133183158158,0.05546331592324539
2025-10-15 00:00:00+00:00,0.23113486547886142,0.2552589909098928,0.1577707854493115,0.2959043315237449,0.12405101826647848,-0.30241391256085276,0.04701857979701251
2025-10-15 01:00:00+00:00,0.22990180040871325,0.24205245961371555,0.15377442611547915,0.28244233233978877,0.12825994251404144,-0.30040117805488137,0.029282058895077557
2025-10-15 02:00:00+00:00,0.24973554271686663,0.23406764020371784,0.1837772158028777,0.2814169625632382,0.15344114922770927,-0.3101317702285697,0.039078632764826135
2025-10-15 03:00:00+00:00,0.23942694179603255,0.24812212384935692,0.15826804584921866,0.2908546197021915,0.1699798025899454,-0.3101317702285697,0.04229195814382481
2025-10-15 04:00:00+00:00,0.23119205185220326,0.26001135490284616,0.1405099169514114,0.2964065223624044,0.15426588415156955,-0.30688565396238016,0.05407441756075095
2025-10-15 05:00:00+00:00,0.21468722917978988,0.253683709061057,0.11902250838352903,0.29907409098922816,0.15426588415156955,-0.30688565396238016,0.05808510340578945
2025-10-15 06:00:00+00:00,0.19758325828028406,0.2430889200139683,0.097278082955017,0.29907409098922816,0.14211898465525663,-0.30688565396238016,0.0622779825532886
2025-10-15 07:00:00+00:00,0.18325271246897726,0.2374370902487977,0.07667271251927331,0.2958304933420319,0.1457700525422875,-0.30990374245028096,0.06309315091232515
2025-10-15 08:00:00+00:00,0.164404454637581,0.23280555452827412,0.06451847512478963,0.2890416189411765,0.13740418217266448,-0.31228297661193105,0.06496398553881291
2025-10-15 09:00:00+00:00,0.15379156184759338,0.2307257332377951,0.05449971034032311,0.28573162917569545,0.13740418217266448,-0.31228297661193105,0.0680513955623552
2025-10-15 10:00:00+00:00,0.1452049870168568,0.22922156758995635,0.044912077335159756,0.2842390524538163,0.13740418217266448,-0.3129080736887953,0.07290463925557554
2025-10-15 11:00:00+00:00,0.13627795816899507,0.2277128008295603,0.034455906983111656,0.2827475880056284,0.13193600874103426,-0.3135358007551769,0.07671543447014015
2025-10-15 12:00:00+00:00,0.1398304021861196,0.22889982712492693,0.03579140731876273,0.2830373171841601,0.13303606840845542,-0.31164080551377243,0.07597228180622047
2025-10-15 13:00:00+00:00,0.1409810716887473,0.22889982712492693,0.03712917050958462,0.2833291074716778,0.13415441670697587,-0.30977685786548026,0.07523562617072099
2025-10-15 14:00:00+00:00,0.14216693016886564,0.22889982712492693,0.03898529164884106,0.28362296810114146,0.13415441670697587,-0.30569790944834346,0.0746684936731387
2025-10-15 15:00:00+00:00,0.1505064405948892,0.22889982712492693,0.049521147014771776,0.28570056004479105,0.14190657290372596,-0.2944943683140631,0.06851304653072918
2025-10-15 16:00:00+00:00,0.16118979733915823,0.22889982712492693,0.06412411634666416,0.2877813188497618,0.14190657290372596,-0.2944943683140631,0.06363577288399534
2025-10-15 17:00:00+00:00,0.17071427348460425,0.22889982712492693,0.08216733345789681,0.2877813188497618,0.14190657290372596,-0.2896551944992272,0.05884587155909142
2025-10-15 18:00:00+00:00,0.17734827703982656,0.2316197467054006,0.09312046335408108,0.2845768851626064,0.14190657290372596,-0.28600526777452845,0.05526831845600593
2025-10-15 19:00:00+00:00,0.17922719141230858,0.2316197467054006,0.10712734254045472,0.28136441691501546,0.14190657290372596,-0.28234587497710356,0.05166673466177559
2025-10-15 20:00:00+00:00,0.18328027295378738,0.23008285263078215,0.1211281217089233,0.2779583191485057,0.14190657290372596,-0.2786765673131795,0.04457308224757481
2025-10-15 21:00:00+00:00,0.18730314731373082,0.23008285263078215,0.13233075423522409,0.27452942386905876,0.13415441670697587,-0.27499688511916026,0.03732072650049136
2025-10-15 22:00:00+00:00,0.1937842304080045,0.227348721033459,0.1436654273111383,0.2719072453973755,0.1264547788053519,-0.271306357354141,0.033416208707629944
2025-10-15 23:00:00+00:00,0.205905460337877,0.227348721033459,0.16016567234856288,0.2740292638369948,0.1264547788053519,-0.26965421487011193,0.03205478817846178
2025-10-16 00:00:00+00:00,0.2229223026649477,0.24647450405143198,0.172124576113852,0.2942699258754513,0.15262434817059112,-0.2611746030730719,0.05945576042865921
2025-10-16 01:00:00+00:00,0.2565971474281179,0.2682786844693487,0.20047147068160268,0.32195751261573735,0.1795325200817113,-0.2527086418663068,0.08731948970683619
2025-10-16 02:00:00+00:00,0.28847618968146227,0.2902369849356503,0.23866430166624394,0.3536949848714734,0.1971808409376614,-0.2440350258470976,0.11233975540138692
2025-10-16 03:00:00+00:00,0.26782149569992875,0.286751146319872,0.2079272996532559,0.3411328273820057,0.17878290687060527,-0.26210593170098195,0.10661495321971377
2025-10-16 04:00:00+00:00,0.2552057758024528,0.28242291452729645,0.19301064631605758,0.3351461476493848,0.17497128804054565,-0.2735511544828742,0.10053106095531814
2025-10-16 05:00:00+00:00,0.241930516414248,0.27807066020047744,0.17728065521204783,0.3284079980024401,0.171136186720888,-0.2806838360935281,0.10014663315659424
2025-10-16 06:00:00+00:00,0.23705631793178406,0.27449838954848255,0.1620351283141023,0.32368639033049235,0.16727702919590923,-0.287947900583633,0.10940631474274186
2025-10-16 07:00:00+00:00,0.23155728329156572,0.2756059765211535,0.14981205111553983,0.32802022106370265,0.1754622621364225,-0.2965410098259036,0.11697262993969147
2025-10-16 08:00:00+00:00,0.22290768334810776,0.28223233142321696,0.13357223733332355,0.3313308157088853,0.18377834232345427,-0.3052927188767659,0.1260265617432965
2025-10-16 09:00:00+00:00,0.22178585489958536,0.2825732509723224,0.1263965694276765,0.3321590354103808,0.1863182326081729,-0.30555868621572213,0.12999383748406498
2025-10-16 10:00:00+00:00,0.21791043997070128,0.28013474935937427,0.11916325750888249,0.3314330917631501,0.1820521261996424,-0.3073039642068411,0.13244458985324023
2025-10-16 11:00:00+00:00,0.21504671561350935,0.27769634244545294,0.11327035021298462,0.3303141328511382,0.18323428179891457,-0.30785041345922487,0.1338289661342637
2025-10-16 12:00:00+00:00,0.21553213089708134,0.27769634244545294,0.1162002353791568,0.3303141328511382,0.18189032067408242,-0.3053605654010738,0.13334530109889073
2025-10-16 13:00:00+00:00,0.21877365814629507,0.27373343322774407,0.12451079837023206,0.3290053373151949,0.18396860613107413,-0.29310811391901337,0.13088170682434527
2025-10-16 14:00:00+00:00,0.22400157768162943,0.26983726054106,0.13261168343422203,0.3292124784634837,0.18604301200093873,-0.28160544625963596,0.12848667235512962
2025-10-16 15:00:00+00:00,0.22708844928648966,0.26600681658685477,0.13684149090181943,0.32940572736044255,0.18016709229422162,-0.2704656567121196,0.12617225241206
2025-10-16 16:00:00+00:00,0.21838133796569312,0.2629345005595251,0.11976842612555887,0.32665911291085536,0.16866301973965775,-0.2538149917907274,0.12188567245992
2025-10-16 17:00:00+00:00,0.20230519663194382,0.2572189220216697,0.09432176209193692,0.321838981861787,0.18387129680228384,-0.23089518977745438,0.1142034422635574
2025-10-16 18:00:00+00:00,0.18710296400140683,0.24366214102018807,0.069929581854043,0.3069308301912436,0.1808611446732545,-0.21442765343126752,0.10204275712582296
2025-10-16 19:00:00+00:00,0.1790188994357127,0.22663435859326236,0.061203323255199886,0.2954638054958683,0.17339893241740023,-0.20361916258036128,0.09236171231639338
2025-10-16 20:00:00+00:00,0.1654353362266286,0.20782338561257885,0.05252858938718969,0.27905224263366096,0.16599937694647277,-0.19276882954446303,0.0837856169890728
2025-10-16 21:00:00+00:00,0.15729590844047447,0.19892371608082662,0.04214220295643171,0.2780025185921773,0.15846166393592076,-0.19514604175112976,0.08671284171271812
2025-10-16 22:00:00+00:00,0.14701356243921626,0.18465333107409612,0.03146462188209018,0.26406130059728194,0.15127151477993267,-0.1879510895251766,0.08614551893424884
2025-10-16 23:00:00+00:00,0.15371390910166802,0.18490991000889265,0.03307531338717287,0.2664973167285446,0.15743518402436807,-0.18298803821302723,0.09470910391532858
2025-10-17 00:00:00+00:00,0.1720462858718752,0.19607826444522614,0.02987029288130365,0.2857437713050302,0.16991965130627243,-0.17369375257343844,0.11643510857910683
2025-10-17 01:00:00+00:00,0.20041058355537725,0.20498493563867717,0.031003238619949542,0.30972178823183566,0.1838865441448695,-0.15924699848456259,0.13657154000656918
2025-10-17 02:00:00+00:00,0.2191574387344424,0.21042489630424313,0.03896546277611246,0.325214596990055,0.20512291311491287,-0.15076761911489323,0.1472453662735667
2025-10-17 03:00:00+00:00,0.19875300915365807,0.20728418709802973,0.02307555638221317,0.3132744364360279,0.1981637424602562,-0.17318012468247168,0.13954517374006042
2025-10-17 04:00:00+00:00,0.1867121063457376,0.20541136549084774,0.01887495999968698,0.3067304192397563,0.1943692672084559,-0.18314217920011786,0.13554494557352223
2025-10-17 05:00:00+00:00,0.1745073118837933,0.2010665062759194,0.010295691460419509,0.2961984809024101,0.18618278289331328,-0.1896898271571291,0.12972324419570586
2025-10-17 06:00:00+00:00,0.174185686714655,0.1967027662572804,0.008470258678264652,0.29430309467995314,0.17794412823389577,-0.19644177290952988,0.13626376091394865
2025-10-17 07:00:00+00:00,0.18037878763674103,0.2005471063925387,0.006534931550057135,0.2959324022618895,0.1812195472385793,-0.20340412986336812,0.14544598851351084
2025-10-17 08:00:00+00:00,0.1815436623655525,0.20694220228960175,0.0054390654783199035,0.29826415479328183,0.18680784015574903,-0.205495666959039,0.15724073640272584
2025-10-17 09:00:00+00:00,0.18163467128365762,0.2097252456699999,0.0007393218074669615,0.2990070970740869,0.18934783098920402,-0.2056432002724283,0.1615560330361646
2025-10-17 10:00:00+00:00,0.17172391250316704,0.20628234453416897,-0.0056898613671330445,0.2943925678105925,0.18010404895638682,-0.20237498431466652,0.16393781824911866
2025-10-17 11:00:00+00:00,0.16199697191781487,0.20293924139479275,-0.012269675013337701,0.29085235743966337,0.1759090886986779,-0.19925029025332644,0.16221507603745028
2025-10-17 12:00:00+00:00,0.15891628514220565,0.19525765992225955,-0.008119259376928374,0.28867173511181604,0.17111777953543297,-0.1915133370178671,0.15984143993892666
2025-10-17 13:00:00+00:00,0.1516483149133573,0.18175249925059958,0.0065833768336807565,0.2835371163758016,0.17474075087687538,-0.1729205787062103,0.155416167752809
2025-10-17 14:00:00+00:00,0.15062504919296638,0.16870232068766836,0.020699404155004413,0.27803048775992006,0.1783345107937971,-0.15565703009588525,0.15111917687196907
2025-10-17 15:00:00+00:00,0.149632251286888,0.16236015124242975,0.026574517762384686,0.2677763540505711,0.16696924199794022,-0.13369667281986394,0.14705548383719433
2025-10-17 16:00:00+00:00,0.1482766974325079,0.16672356946661773,0.015793472142704244,0.2688363052222433,0.16420623942835597,-0.11046994577726069,0.14431858376879103
2025-10-17 17:00:00+00:00,0.136495685027342,0.1680494333795079,0.0009681781685774963,0.2622813201330607,0.1798396362213253,-0.08564094059398453,0.1338196668702205
2025-10-17 18:00:00+00:00,0.11732400507562749,0.15750298909338897,-0.008288775816934076,0.2457377626345034,0.1691184435020295,-0.06676895003444688,0.12108289769468893
2025-10-17 19:00:00+00:00,0.1044677972852528,0.14116308271396552,-0.01596263668653274,0.22427666963197268,0.1704808702520403,-0.057510762064816534,0.11016548314695908
2025-10-17 20:00:00+00:00,0.09186526079820453,0.12893669154595014,-0.023249877442351484,0.20155082427103874,0.17420107137729582,-0.0480532102873748,0.0990714119054726
2025-10-17 21:00:00+00:00,0.07950622595346174,0.1088099338297353,-0.018901774003828753,0.17949367488733614,0.1865184873095139,-0.0383873284929919,0.08779112083986453
2025-10-17 22:00:00+00:00,0.06738094586784986,0.09502023078413817,-0.02069120817056152,0.1631060779440666,0.1988227131009361,-0.02850378776767674,0.08399892494158985
2025-10-17 23:00:00+00:00,0.07878006774142783,0.09750264564707271,0.0024556921583252984,0.16369810140975613,0.21111897757471582,-0.018392867233196695,0.09774477285194365
2025-10-18 00:00:00+00:00,0.09778093609973579,0.11190866574700767,0.025683266598590108,0.17418716768237863,0.2365517161142843,-0.008044422902114112,0.11485827582674506
2025-10-18 01:00:00+00:00,0.11482369538812892,0.12124424447032714,0.04282487935492672,0.19058203538507262,0.25115608188459093,0.006804511685020588,0.12992346232149074
2025-10-18 02:00:00+00:00,0.13801105116984494,0.13340852632594635,0.06520897269046057,0.2149957045246985,0.2978467466846599,0.027121146986009,0.15051893973873398
2025-10-18 03:00:00+00:00,0.1296909843218691,0.13275568600024365,0.036708076227588225,0.20372365029109213,0.2912548679838397,0.009733263624386479,0.14244550268759076
2025-10-18 04:00:00+00:00,0.1258091463580488,0.13344160254024398,0.024572724444393332,0.19782305682370457,0.28752923179792134,0.0015839940640470557,0.13816936186546683
2025-10-18 05:00:00+00:00,0.11441225215569564,0.1268635657027994,0.013672735471808677,0.18925712054912766,0.2768378324489294,-0.0005825706251352747,0.13459754822459508
2025-10-18 06:00:00+00:00,0.10697514149783202,0.12669570030755087,0.0038219219448693427,0.1833822831453412,0.27150218026540074,-0.0020927230811074262,0.14421766003805397
2025-10-18 07:00:00+00:00,0.11081944855021242,0.1280080830662479,-0.006487475330162192,0.1890587815917795,0.27378278824327507,-0.0037637652988199233,0.1567670190673444
2025-10-18 08:00:00+00:00,0.11347274264177412,0.13115311080464553,-0.009597588246636727,0.19191253253892418,0.2762510212299633,-0.0028163883746783564,0.16279827138665923
2025-10-18 09:00:00+00:00,0.11338561163736201,0.1290982389891386,-0.013056572519471989,0.19707650993516235,0.28040956728072847,0.0061515506086964305,0.16995266841850082
2025-10-18 10:00:00+00:00,0.10729088505674261,0.12735691427508006,-0.019563240836168765,0.1969489780011276,0.26772405828061846,0.008255570964286234,0.17112387021795217
2025-10-18 11:00:00+00:00,0.1006632093996583,0.12541191270059718,-0.02351520942698452,0.196256234931346,0.25779543178729025,0.01670558176616647,0.17312714985134062
2025-10-18 12:00:00+00:00,0.09900701318773235,0.1185554601010303,-0.014758206946535636,0.19709206740220794,0.24969327144984932,0.02681919933277148,0.1724314599472769
2025-10-18 13:00:00+00:00,0.09625015092587588,0.11267515755785283,-0.006223351249630582,0.19718191482771952,0.2514873648506109,0.036581626416996964,0.17177371912157519
2025-10-18 14:00:00+00:00,0.09350753452558631,0.10990603634667957,0.0034113505230163686,0.19727563488464836,0.2532789882291544,0.04553591602713406,0.17115372232913117
2025-10-18 15:00:00+00:00,0.08782088872559761,0.10499160467351606,0.008125760869105958,0.19659392505531376,0.2422669501723751,0.06616921834693218,0.16992423847859195
2025-10-18 16:00:00+00:00,0.09375698786440978,0.11422856382685623,-0.0025689101661986,0.19036798908485433,0.23113500164229064,0.08791141175583836,0.16203220777403926
2025-10-18 17:00:00+00:00,0.08298980160414193,0.11304421181639689,-0.012599831101334428,0.1799231368964635,0.22024563525691712,0.11168026119811617,0.14608442117254844
2025-10-18 18:00:00+00:00,0.0724041598782037,0.10160030811619504,-0.010171227382362908,0.16138910493827893,0.2095817420006875,0.12719796177580314,0.1300636410402424
2025-10-18 19:00:00+00:00,0.060571295900126734,0.08593770944487034,-0.014041959830501147,0.1460646273662991,0.21303506225283952,0.13331699027999144,0.11611777695025415
2025-10-18 20:00:00+00:00,0.04894376715410671,0.061428354678129224,-0.017566531621107905,0.12600818135229855,0.20590087863893766,0.13944148234577725,0.1001748109655386
2025-10-18 21:00:00+00:00,0.03751329716629621,0.0344947002810693,-0.013690780016152409,0.10113639226168496,0.20906993480857106,0.14557397681942658,0.0809955609508537
2025-10-18 22:00:00+00:00,0.026271904936326907,0.012986738092095412,-0.010475979957252019,0.07994110275451823,0.2184134399536587,0.15171700815684427,0.07258163107918977
2025-10-18 23:00:00+00:00,0.029848424501924962,0.013160107538204372,0.00038189134437394086,0.0707119926990053,0.22100457036460056,0.15787311178122576,0.08245889762264466
2025-10-19 00:00:00+00:00,0.04468963927872257,0.022214450127326948,0.01896533527217432,0.07190363079720906,0.2391320130597186,0.1640448293998424,0.09416640261256166
2025-10-19 01:00:00+00:00,0.074624829210907,0.04460973909401225,0.020953449996877115,0.07831445158125708,0.23068706207554546,0.17031877303302168,0.10963256670543435
2025-10-19 02:00:00+00:00,0.10484252289964505,0.05953863750027331,0.02861544157689617,0.08351183681865107,0.2252389441105401,0.17201580952182877,0.12436540924002523
2025-10-19 03:00:00+00:00,0.08411611626854798,0.04502499823842604,0.006344847709215792,0.08111718159076106,0.23196687271072994,0.17202150456568058,0.11981645319302008
2025-10-19 04:00:00+00:00,0.07299967821701249,0.041994282929260246,-0.007851673940597985,0.07979970571967626,0.23506210278271258,0.17119289219964925,0.11730581283163165
2025-10-19 05:00:00+00:00,0.05497781533798135,0.03322562193986188,-0.012275101319075256,0.07567588450965203,0.2406577021048033,0.17601844273484965,0.12034697912623368
2025-10-19 06:00:00+00:00,0.03753146009418016,0.02902803194142121,-0.016950066355025228,0.07753825887854011,0.24630461522847413,0.18435033268700762,0.13184282820934065
2025-10-19 07:00:00+00:00,0.03708553714074637,0.035945217782496285,-0.02188201448699415,0.08885929488723189,0.2520047518504778,0.19294368683920388,0.14612011696646332
2025-10-19 08:00:00+00:00,0.04060872397620501,0.039507316502250076,-0.02451647315428935,0.09631079159946294,0.2545201260416956,0.19889541305338268,0.1529315923869028
2025-10-19 09:00:00+00:00,0.041446352895928684,0.04183770933790464,-0.025032686716788294,0.1012903100681692,0.25704072158936947,0.20468584371825657,0.15991818387983142
2025-10-19 10:00:00+00:00,0.04114253913522552,0.04426573354148332,-0.028876242023406867,0.10373638611253504,0.25626662688954194,0.21040780427465677,0.16494030146526747
2025-10-19 11:00:00+00:00,0.038862779023267006,0.043420491236607656,-0.027966726961205994,0.10684179210336996,0.2508794058804591,0.2232938471494613,0.17050037242675067
2025-10-19 12:00:00+00:00,0.04223451066622877,0.039738289733236475,-0.018940465090157003,0.10332689700612482,0.2527799907151097,0.23049338893261417,0.16989055069748152
2025-10-19 13:00:00+00:00,0.044517950883053506,0.036123704758245945,-0.010076996754920034,0.09988397737464144,0.25467687039074494,0.23766241037709837,0.16937099792107205
2025-10-19 14:00:00+00:00,0.05517656217490364,0.023832510284615242,0.003375283561709167,0.10027928263232536,0.24176397485657028,0.2543261357536398,0.16903037821513062
2025-10-19 15:00:00+00:00,0.05406346191633108,0.019215065448723218,0.006711521581010815,0.1014270860204446,0.2292878958302192,0.2705116900030046,0.16559942676081288
2025-10-19 16:00:00+00:00,0.04446168137612163,0.01504172328636254,0.0017284274704468389,0.09393291976152594,0.23399271075714176,0.29683231423999,0.15066044612588989
2025-10-19 17:00:00+00:00,0.028060457971153484,0.007019710471508566,-0.0027283820818226243,0.08642508426915589,0.22232733112474914,0.31124904896663025,0.13182230497132288
2025-10-19 18:00:00+00:00,0.012106563503785715,-0.005282736660139486,-0.013714167793367732,0.07281966876633068,0.2046364356481187,0.3214468249752778,0.11293030630506923
2025-10-19 19:00:00+00:00,-0.003425297964496884,-0.01769332609277085,-0.017229822968963176,0.056234326709539574,0.18647521161840044,0.33176861895705034,0.09396130699187953
2025-10-19 20:00:00+00:00,-0.013897348444187706,-0.04262583212596976,-0.02313536410952944,0.036224275419888076,0.17140243609884798,0.34179477146415,0.08128674726723656
2025-10-19 21:00:00+00:00,-0.02816400782618038,-0.0703458298818286,-0.028826444464506572,0.0123064932115517,0.1727415697968073,0.3482905624419596,0.06427242879267127
2025-10-19 22:00:00+00:00,-0.038378315033367985,-0.08815023126445107,-0.027261330867724396,-0.008219406936571822,0.17388300647082128,0.3548343263923718,0.05696314590139867
2025-10-19 23:00:00+00:00,-0.040860325820676446,-0.09046238013879278,-0.025375434928015167,-0.007647260719188444,0.1748282593236389,0.3614287778924398,0.07229906087090483
2025-10-20 00:00:00+00:00,-0.02799744623984646,-0.08274407913946201,-0.016163033151424776,0.0034249788306354298,0.17557855468881373,0.37820985221134695,0.08687284796912548
2025-10-20 01:00:00+00:00,-0.011263134451227154,-0.07905731955017765,0.013253219216433512,0.020798487083993913,0.17089389080771045,0.39374891896486797,0.09378478121799128
2025-10-20 02:00:00+00:00,0.004702552440898265,-0.07547438580096817,0.030512087422271572,0.03315581148472073,0.16595554191071818,0.40378666699819055,0.10083786752620456
2025-10-20 03:00:00+00:00,-0.007985054427521525,-0.07779015730107841,0.004892546781378229,0.021038101013954702,0.159927219303519,0.40188333187598874,0.09956850038889016
2025-10-20 04:00:00+00:00,-0.014419336330370517,-0.08015079957785852,-0.009388364565378164,0.014556173750914168,0.17004278863306138,0.3999471057136049,0.09842203772169077
2025-10-20 05:00:00+00:00,-0.020841611157583435,-0.07734710439469293,-0.01875757192728445,0.00701341142429489,0.16642760543141047,0.4002795528797307,0.09371947548993434
2025-10-20 06:00:00+00:00,-0.02729644687289675,-0.06991517149089056,-0.01749432350366897,-0.004106171827670939,0.16949701504193795,0.4006421198112108,0.09645110164413871
2025-10-20 07:00:00+00:00,-0.022955972193717842,-0.06031318993906736,-0.016363826274277078,-0.009453873346302231,0.17276601753543266,0.401035318026864,0.1089315643647475
2025-10-20 08:00:00+00:00,-0.019255751530815452,-0.056403389384158883,-0.014403792806609311,-0.007263878329739367,0.17249958667543602,0.40069146990877613,0.11342503180273183
2025-10-20 09:00:00+00:00,-0.017073816135539745,-0.05377165906908444,-0.012521570821152744,-0.005036482050174604,0.17233091730865846,0.40119585692154064,0.11844816416864906
2025-10-20 10:00:00+00:00,-0.018056549563101397,-0.05359991321148465,-0.006411713325664496,-0.0028449903771918484,0.16856661833726366,0.40340052038095764,0.1173495044569762
2025-10-20 11:00:00+00:00,-0.01366996565076836,-0.05335257452632506,-0.0004999358786679799,-0.005500688331433926,0.16169044154929643,0.4056224080708361,0.11637070053874739
2025-10-20 12:00:00+00:00,-0.011470442272104312,-0.050555642555022,0.013802800158400911,-0.011565475115022926,0.1677535800772203,0.40618942959917,0.11266452289167442
2025-10-20 13:00:00+00:00,-0.005302232483352142,-0.0477748431237011,0.027480946627090545,-0.0104286263185399,0.17057465617651643,0.4087365501650459,0.11116936585513051
2025-10-20 14:00:00+00:00,0.0042495008260790175,-0.042148268167220705,0.06002863614296973,-0.008151877025259767,0.1787658519715111,0.416159271468758,0.11261735587784494
2025-10-20 15:00:00+00:00,0.010175721711564367,-0.04765341867170879,0.08870437391592534,-0.007017991652707606,0.1652088910458567,0.4229840548651601,0.11486498729461368
2025-10-20 16:00:00+00:00,-0.004716337436080885,-0.057878666425597934,0.08092932710851397,-0.011323072140353043,0.15148350703368635,0.44724222568342553,0.10109863286325713
2025-10-20 17:00:00+00:00,-0.019230961862003994,-0.06801242099904879,0.061205450979090324,-0.021364277777902486,0.1304066886766585,0.4695764317296694,0.08551268015738975
2025-10-20 18:00:00+00:00,-0.033389046150979936,-0.07806406889943376,0.023955765331371247,-0.04036270973986969,0.11671575539473854,0.4841385258554326,0.06983556245261253
2025-10-20 19:00:00+00:00,-0.051342344574606506,-0.08804253763836407,-0.010541720449438036,-0.06413434177266608,0.0947680145101295,0.4986926582347296,0.04855412346375415
2025-10-20 20:00:00+00:00,-0.06495613556133566,-0.10572817597197423,-0.025744418665744697,-0.08360720862747273,0.07581302456350097,0.5115324191784216,0.0315302267974935
2025-10-20 21:00:00+00:00,-0.08168918952275803,-0.12344987091356055,-0.0458307120654923,-0.10705299227262595,0.07482602820861683,0.5244576327838845,0.016373024051212864
2025-10-20 22:00:00+00:00,-0.09084581852125806,-0.13131591177948576,-0.04770219152321954,-0.12106052837320078,0.081431386292951,0.5374739141152572,0.015704451192509454
2025-10-20 23:00:00+00:00,-0.09255243907467332,-0.12930538333844221,-0.042786364675793144,-0.11697602267452693,0.09053535968690261,0.550587015722543,0.029870813201835884
2025-10-21 00:00:00+00:00,-0.08324284544975843,-0.1173891679258373,-0.031811326180095335,-0.10292363321551708,0.09967046978413802,0.5695581579297356,0.0481260337300658
2025-10-21 01:00:00+00:00,-0.06683368093558666,-0.10627606425182196,-0.017761072056191245,-0.08699959918991139,0.09214361719129859,0.5948899644020629,0.06163202339934195
2025-10-21 02:00:00+00:00,-0.05116664044706732,-0.09498309052762983,-0.002998681194224011,-0.06952581299577977,0.08498627795456444,0.613337652763877,0.07485913011403675
2025-10-21 03:00:00+00:00,-0.06436200081639772,-0.09711076337065866,-0.018002953488870765,-0.08342100201662148,0.07972891898945163,0.6089565406291878,0.06755424195787682
2025-10-21 04:00:00+00:00,-0.07793518005382623,-0.10758837325815353,-0.03360943779966827,-0.09770476871580884,0.09002839708480248,0.6054219367603141,0.05705171416785435
2025-10-21 05:00:00+00:00,-0.08475450573764043,-0.10930858482585946,-0.03415610079419377,-0.10935596211448191,0.0764849527987185,0.15723836383941028,0.05909750023903034
2025-10-21 06:00:00+00:00,-0.0883186013855083,-0.11104282730201302,-0.03166427553084783,-0.12122618031102785,0.07789762909486456,0.1559321460711693,0.05392141623562147
2025-10-21 07:00:00+00:00,-0.08052334218403086,-0.11279158569450089,-0.032462067528255395,-0.1229495619674396,0.0794130888679815,0.15545495001127957,0.06173201521732895
2025-10-21 08:00:00+00:00,-0.07297779690584605,-0.10765019994761876,-0.027491845690210858,-0.11958247996121125,0.08333950140019172,0.15498667615851766,0.0688554895922441
2025-10-21 09:00:00+00:00,-0.0673190884375866,-0.1071685847011499,-0.02394048739861443,-0.11690515550261676,0.0829098170846882,0.15454299432902946,0.07109829342743006
2025-10-21 10:00:00+00:00,-0.06567411856703875,-0.10829889510577893,-0.022773346003863923,-0.11572054463211448,0.08046830642210306,0.1532438039903606,0.06824561984017499
2025-10-21 11:00:00+00:00,-0.06416877488831997,-0.10943005194346803,-0.013003588847229342,-0.11842858439520444,0.07814004004649065,0.15261920056001466,0.06491005630306311
2025-10-21 12:00:00+00:00,-0.05798674539693123,-0.10430868551327663,0.005034262635993521,-0.11470623372505329,0.0798407064991011,0.1521868725350583,0.06428010262476314
2025-10-21 13:00:00+00:00,-0.04761697531754017,-0.09927482671547895,0.019801093704240838,-0.11105432238187607,0.08153344633075893,0.15239726994245584,0.06277788243990651
2025-10-21 14:00:00+00:00,-0.02408603851945798,-0.09122617654176483,0.04575035905425057,-0.10717217154272812,0.08467160118052185,0.15298330414063596,0.06163942642480544
2025-10-21 15:00:00+00:00,-0.012149987760463483,-0.07787893724463558,0.06324983392469158,-0.10818591948352715,0.08611286112340874,0.153582719606447,0.05577554352485705
2025-10-21 16:00:00+00:00,-0.02603638283695992,-0.08225063756988259,0.04233100146029151,-0.10717088361369648,0.07817134362612442,0.15833270217224457,0.05304536200736294
2025-10-21 17:00:00+00:00,-0.04857918414937447,-0.08643924541777757,0.007632225763485424,-0.10608030196604416,0.07611475822968215,0.16402396430711905,0.0470261733652227
2025-10-21 18:00:00+00:00,-0.07000513874887102,-0.09593929904541998,-0.024195380932097815,-0.11278495835704744,0.0769547265838291,0.16812511607093408,0.03354655952731468
2025-10-21 19:00:00+00:00,-0.09903292843692245,-0.11859371014594944,-0.04782759126266065,-0.13438018182842315,0.06920656088346468,0.1715589345511333,0.01788337754852798
2025-10-21 20:00:00+00:00,-0.12020228836921072,-0.13601297408607382,-0.06405311147709261,-0.15816345797196069,0.06368342911038578,0.1741227833938287,0.0049309667530830475
2025-10-21 21:00:00+00:00,-0.14073591426861867,-0.15349628902882975,-0.07021349480762287,-0.18203037542958453,0.05235339730997477,0.17671737984821084,-0.00594705244630261
2025-10-21 22:00:00+00:00,-0.1585876037446201,-0.16110967124825867,-0.08154233668539194,-0.19887690483038553,0.0514061162650067,0.1793440308681626,-0.00053526581911952
2025-10-21 23:00:00+00:00,-0.1660702537579782,-0.16287718644185578,-0.08158022485954076,-0.19442607527569655,0.056582447291092165,0.18248313494923787,0.017801665935094323
2025-10-22 00:00:00+00:00,-0.15665433485327215,-0.14530453759348197,-0.07254678103046396,-0.17956568145842602,0.06178460768666618,0.1861044260282983,0.03705065914792371
2025-10-22 01:00:00+00:00,-0.1492052503271452,-0.1341648950239319,-0.049585698354429664,-0.16330545548233605,0.0574164070872636,0.19035839770712532,0.05773348208704123
2025-10-22 02:00:00+00:00,-0.14153784892812404,-0.12283505078164811,-0.04386726345738864,-0.14649777675218392,0.05284132751959858,0.19352239701320992,0.0744127874286486
2025-10-22 03:00:00+00:00,-0.14990956453687132,-0.13338226979617482,-0.05023361705317521,-0.16218800142699166,0.041654688791506876,0.1941025281604351,0.06440066102418208
2025-10-22 04:00:00+00:00,-0.15849024543406082,-0.14423689871201117,-0.06569153402511022,-0.17832377004321462,0.04694117466792202,0.1946382222519358,0.05123421914354851
2025-10-22 05:00:00+00:00,-0.16266521990554197,-0.15110890957407525,-0.06276880343362531,-0.19131319893251617,0.04054689664167219,0.1946401388717268,0.04171886243876248
2025-10-22 06:00:00+00:00,-0.16517703565709863,-0.1505640200109058,-0.056975687940696386,-0.20026558867786914,0.04201224419532427,0.19466524583051498,0.04216279073333853
2025-10-22 07:00:00+00:00,-0.15770976033203282,-0.14583009991437745,-0.04739756559590318,-0.1990765941116763,0.04142655492585966,0.19471370600375673,0.05008142698929412
2025-10-22 08:00:00+00:00,-0.14303922576020792,-0.14109144925379488,-0.042768784261238355,-0.1927986201114669,0.045655003943967425,0.1950831324934657,0.05809173354384788
2025-10-22 09:00:00+00:00,-0.13670695950510695,-0.13852780121039157,-0.035695790106539005,-0.18939419643321237,0.04392909934710547,0.19513343520526263,0.0601630977424537
2025-10-22 10:00:00+00:00,-0.13191403009935687,-0.13993621484889754,-0.014623292570350839,-0.19137497381899157,0.040373738455542985,0.19458607889726312,0.0575684920391142
2025-10-22 11:00:00+00:00,-0.1308724758746741,-0.14134518132402427,0.005833646573923839,-0.19329576464641965,0.03807200383125854,0.19406830961882768,0.054998056364416785
2025-10-22 12:00:00+00:00,-0.1225274304175063,-0.14185726597460901,0.02561713094449326,-0.1919107006424091,0.04003143526036778,0.19364030957134212,0.051277372028152114
2025-10-22 13:00:00+00:00,-0.1119946053183828,-0.13656767391030397,0.04415082608119056,-0.19053943220395647,0.041979518892497056,0.19322509055741147,0.05227213044849118
2025-10-22 14:00:00+00:00,-0.09466901450440335,-0.12823289067000065,0.07425333981860603,-0.18733938129164676,0.045721147843063,0.19298764673951818,0.05223778767299098
2025-10-22 15:00:00+00:00,-0.07415315253900798,-0.11951218644875312,0.09924801798186396,-0.18552695970943206,0.047507541203756845,0.19211527718037358,0.04853127442380593
2025-10-22 16:00:00+00:00,-0.08872190436129893,-0.12276241055065142,0.07693951007677735,-0.18787942659367418,0.03919053537537684,0.1967697371829349,0.04204272145364835
2025-10-22 17:00:00+00:00,-0.10608543528566935,-0.13159868601525362,0.045257556643111894,-0.195563136724516,0.030940465915335023,0.20003924542921703,0.033352477921537914
2025-10-22 18:00:00+00:00,-0.12665082913968903,-0.15367428494397203,0.02066278286719065,-0.20310437321836605,0.02275020701567294,0.2033193551018113,0.01923718319225679
2025-10-22 19:00:00+00:00,-0.13926890332436886,-0.17082807293230473,0.005759865066871513,-0.21225904357386025,0.016706777885428244,0.2059264478021563,0.008077190046989795
2025-10-22 20:00:00+00:00,-0.15287757799831925,-0.19575865791984084,-0.007976896740711881,-0.22564134731651186,0.0106436021803368,0.20857240183790188,-0.0032147742619574758
2025-10-22 21:00:00+00:00,-0.1659244637046099,-0.23078598717709153,-0.016574638692637443,-0.23722296747191268,0.011042071467243205,0.2112587440474458,-0.01464512001157042
2025-10-22 22:00:00+00:00,-0.17729485724339433,-0.2386816148819631,-0.019110466000195343,-0.2487231026098969,0.01157569593997317,0.21398707159365649,-0.013801059560933374
2025-10-22 23:00:00+00:00,-0.17893508089058469,-0.24015274293068792,-0.023905023722708772,-0.24812842405833754,0.01662703377849324,0.21796582292218392,0.0010186347061675728
2025-10-23 00:00:00+00:00,-0.1879700432183139,-0.24572205060489086,-0.04554116348698818,-0.25997923546308205,0.015019118346227836,0.21863155707863852,-0.003904141522093085
2025-10-23 01:00:00+00:00,-0.19532458347939285,-0.2523128579492964,-0.05043978788276124,-0.27385957426969965,0.008955182734201593,0.21832914227905967,-0.01079228821487363
2025-10-23 02:00:00+00:00,-0.20048155528477912,-0.2590311901632167,-0.05835603325129046,-0.28311166284056194,0.007252819687849229,0.217981854076804,-0.017421788247782895
2025-10-23 03:00:00+00:00,-0.2057365284914198,-0.26588018925040485,-0.06339248234162909,-0.2880138343226446,0.006316867373527874,0.21811290360879604,-0.022694501771224725
2025-10-23 04:00:00+00:00,-0.206830605792831,-0.26858805099393823,-0.06011114580158626,-0.2942336144304301,0.004621695849697942,0.21759900424812104,-0.027913091239961576
2025-10-23 05:00:00+00:00,-0.20798467897339967,-0.2713730050456403,-0.05498607103945356,-0.2984123638536222,0.0029291175388347825,0.21708946182987518,-0.03213404053088064
2025-10-23 06:00:00+00:00,-0.2091993079771035,-0.27172963359902763,-0.0474220053609927,-0.30258996548257133,0.0012390428837662476,0.21658423366942617,-0.031829924596708845
2025-10-23 07:00:00+00:00,-0.20749693249388487,-0.2691124412453186,-0.040928935791920584,-0.30409526756039096,-0.00044861692177707566,0.2161754866595046,-0.029851015744486703
2025-10-23 08:00:00+00:00,-0.20371327859013094,-0.26650327547386615,-0.034150004005123476,-0.3041650833690369,-0.002133949956520805,0.21608584820493468,-0.026489315454962588
2025-10-23 09:00:00+00:00,-0.2004159089030285,-0.26650327547386615,-0.024569245687169946,-0.30179438083137333,-0.004925785534040027,0.21578910581387037,-0.026489315454962588
2025-10-23 10:00:00+00:00,-0.19521164943608632,-0.2667466269249453,-0.009659497808637769,-0.30441013006504697,-0.006567912026237145,0.21513649944559587,-0.0285123656766532
2025-10-23 11:00:00+00:00,-0.1913236044063905,-0.2720934420220857,0.004831987338493989,-0.3012757878828594,-0.008199441333122389,0.21420395995063948,-0.030505708368852302
2025-10-23 12:00:00+00:00,-0.18398544750677856,-0.27230589579148556,0.020793790846629943,-0.29820048179874314,-0.009820603822744373,0.21397525824470343,-0.032469820805593456
2025-10-23 13:00:00+00:00,-0.17355181258863514,-0.26598713551171205,0.03776351575252287,-0.29414038514218693,-0.009820603822744373,0.21397525824470343,-0.032469820805593456
2025-10-23 14:00:00+00:00,-0.15472113629988268,-0.2558374688509074,0.05717018156467731,-0.2919774210400326,-0.007759828147165363,0.21253533980300734,-0.035679005819614605
2025-10-23 15:00:00+00:00,-0.14400636418463791,-0.24587882067814185,0.07949082460860597,-0.28985315233282116,-0.009344606548799768,0.2121847776716812,-0.03515226728919223
2025-10-23 16:00:00+00:00,-0.15528399095178383,-0.23820972228526727,0.05247764828171109,-0.28985315233282116,-0.009344606548799768,0.2121847776716812,-0.032086938062586584
2025-10-23 17:00:00+00:00,-0.1625502215133681,-0.23820972228526727,0.03028180806578338,-0.28985315233282116,-0.017581256452713714,0.2121847776716812,-0.029039468236304208
2025-10-23 18:00:00+00:00,-0.1730334586494186,-0.2316289958935623,0.008596106643727492,-0.28985315233282116,-0.017581256452713714,0.21304257452916286,-0.022938446284002094
2025-10-23 19:00:00+00:00,-0.18398229864714896,-0.23447385962119968,-0.013173966083255302,-0.2914407314607623,-0.01946439846613084,0.2140572682563036,-0.02423170508604918
2025-10-23 20:00:00+00:00,-0.1889784892172147,-0.23252144039671685,-0.02705413257812111,-0.2895108453999427,-0.01946439846613084,0.2140572682563036,-0.02255329625294079
2025-10-23 21:00:00+00:00,-0.18765264268463364,-0.2240474421341686,-0.029465442994492507,-0.28359852633577587,-0.017006737645679077,0.21359621249935445,-0.018672587080381515
2025-10-23 22:00:00+00:00,-0.18630464957630313,-0.21598698920316267,-0.03191941881070895,-0.2788127459990403,-0.014505158692356579,0.21312836737478094,-0.016454111683981105
2025-10-23 23:00:00+00:00,-0.18630464957630313,-0.21598698920316267,-0.03191941881070895,-0.2788127459990403,-0.014505158692356579,0.21312836737478094,-0.016454111683981105
2025-10-24 00:00:00+00:00,-0.1888650132961281,-0.21598698920316267,-0.04364286145843286,-0.2835777568990566,-0.009799613899524154,0.21407095201153137,-0.02011533488781745
2025-10-24 01:00:00+00:00,-0.19036118113349712,-0.21598698920316267,-0.045752053594130974,-0.28589610355610096,-0.009799613899524154,0.21422169239954017,-0.021050846936554967
2025-10-24 02:00:00+00:00,-0.19122627447634755,-0.21401295552923477,-0.04856133487991702,-0.2882545019843714,-0.009799613899524154,0.2143726738640088,-0.021050846936554967
2025-10-24 03:00:00+00:00,-0.19209689230132698,-0.21401295552923477,-0.05069544277780055,-0.2906542233566609,-0.009799613899524154,0.21445485900250702,-0.021515970040717074
2025-10-24 04:00:00+00:00,-0.192973108983084,-0.2120662084155362,-0.05283884157237443,-0.296356194077746,-0.009799613899524154,0.21453710516315108,-0.021515970040717074
2025-10-24 05:00:00+00:00,-0.19013053783624376,-0.21123569956018085,-0.051368341958171304,-0.29185911641613743,-0.008205754920828227,0.21514591375754638,-0.017283346549091007
2025-10-24 06:00:00+00:00,-0.1881735454157883,-0.21123569956018085,-0.04461235099598186,-0.29272324198577826,-0.008205754920828227,0.2148435764780319,-0.01932804079451183
2025-10-24 07:00:00+00:00,-0.18686013486770442,-0.20941652425526913,-0.03789258728133759,-0.293589478877038,-0.010757286276102765,0.21454136835522555,-0.021414097300034386
2025-10-24 08:00:00+00:00,-0.1822868139863219,-0.20941652425526913,-0.030999713737903053,-0.293589478877038,-0.013352520842580283,0.21395049806456123,-0.022471583341712405
2025-10-24 09:00:00+00:00,-0.08937718069426762,-0.1280365377960903,-0.10132661688900023,-0.11655061117946741,0.08872053837718843,0.08322819601498488,-0.04308092330307971
2025-10-24 10:00:00+00:00,-0.08594930907528547,-0.12774845766838158,-0.09624477509676106,-0.11498985996654687,0.0893108684430979,0.0830854446145402,-0.0448548762342602
2025-10-24 11:00:00+00:00,-0.0826058590701667,-0.12774845766838158,-0.08830724512765242,-0.11498985996654687,0.0893108684430979,0.0830854446145402,-0.04681694473974437
2025-10-24 12:00:00+00:00,-0.08025998351111988,-0.12550293811823257,-0.08140483560559904,-0.11498985996654687,0.0862607260006671,0.08250138089072244,-0.04784992065849896
2025-10-24 13:00:00+00:00,-0.07648045444485767,-0.12160416704497559,-0.07315294264770635,-0.11252019838153107,0.08295989392366213,0.0819612351331855,-0.0491005076861114
2025-10-24 14:00:00+00:00,-0.07569817042466065,-0.11996110468217143,-0.06660342531967554,-0.11003303700282993,0.08226169478554735,0.08141854372103223,-0.05035949599598394
2025-10-24 15:00:00+00:00,-0.0723272145443791,-0.11968976844342072,-0.05818087681117259,-0.10502360834026497,0.08549493441724944,0.08044612477031549,-0.05162693300709654
2025-10-24 16:00:00+00:00,-0.07488496544937989,-0.11968976844342072,-0.06420536645235114,-0.10502360834026497,0.08549493441724944,0.08070499906528193,-0.05162693300709654
2025-10-24 17:00:00+00:00,-0.07611960073582986,-0.12220371571054636,-0.07016839989524896,-0.10502360834026497,0.08294190373316955,0.08044117161785427,-0.05070957895520417
2025-10-24 18:00:00+00:00,-0.07830197058106744,-0.12402716137686243,-0.07607496556688795,-0.10338291114697802,0.08294190373316955,0.08070499906528193,-0.04982858033411971
2025-10-24 19:00:00+00:00,-0.08082974039633307,-0.1263040834355781,-0.08085360747129106,-0.10525183649216964,0.0821483239176668,0.08144245107360322,-0.050651763149194055
2025-10-24 20:00:00+00:00,-0.08199318445870565,-0.12673479406002974,-0.08342326551711657,-0.10525183649216964,0.0821483239176668,0.08168465754136262,-0.04987850496975418
2025-10-24 21:00:00+00:00,-0.08343342770535098,-0.12673479406002974,-0.08681158569524212,-0.10525183649216964,0.08090504865464106,0.08180826304215284,-0.04950985623903897
2025-10-24 22:00:00+00:00,-0.08476752522546042,-0.12673479406002974,-0.08907425315194596,-0.10525183649216964,0.08090504865464106,0.08193186737589557,-0.04950985623903897
2025-10-24 23:00:00+00:00,-0.08677063582904776,-0.12673479406002974,-0.09425366782582603,-0.10525183649216964,0.08174198151089429,0.08205547067494197,-0.0501154331666079
2025-10-25 00:00:00+00:00,-0.0894039921186377,-0.12926639842930865,-0.09844478003605418,-0.10525183649216964,0.08174198151089429,0.08205547067494197,-0.0501154331666079
2025-10-25 01:00:00+00:00,-0.08846826643767199,-0.1286674457703596,-0.10020459388031991,-0.10322679785521972,0.08227025717232049,0.08228336189703443,-0.048239757785553124
2025-10-25 02:00:00+00:00,-0.08911179708325659,-0.1299025351189697,-0.10017641624462799,-0.10322679785521972,0.08227025717232049,0.0822672291100922,-0.048157930578855146
2025-10-25 03:00:00+00:00,-0.08977500198781133,-0.131182608940114,-0.1001680727870519,-0.10322679785521972,0.08227025717232049,0.08225618004296532,-0.048077022817147756
2025-10-25 04:00:00+00:00,-0.09045881612393102,-0.13251031080637105,-0.10043570356272442,-0.10351881292495353,0.08227025717232049,0.08224516180419346,-0.047880664999715224
2025-10-25 05:00:00+00:00,-0.08822870439548962,-0.1305600413471377,-0.09816552372067226,-0.10276890331382653,0.08153652187373665,0.08219867374848228,-0.0465650640829923
2025-10-25 06:00:00+00:00,-0.08595146160400473,-0.1286721743951691,-0.09628675476501067,-0.1020189156251315,0.08080267058838023,0.08201173742789504,-0.048000305130796124
2025-10-25 07:00:00+00:00,-0.08546583309640413,-0.1286721743951691,-0.09240362185809807,-0.1008077368972924,0.08216877298237651,0.08201173742789504,-0.04866752548304584
2025-10-25 08:00:00+00:00,-0.08476084516189171,-0.1286721743951691,-0.08856467829887081,-0.1008077368972924,0.08216877298237651,0.08186518697691902,-0.04933830779476521
2025-10-25 09:00:00+00:00,-0.08246211110313281,-0.12656539277728757,-0.0833493647937899,-0.10320058707901038,0.0800957351851197,0.08156776543078506,-0.052462989135167656
2025-10-25 10:00:00+00:00,-0.08207039892224229,-0.12656539277728757,-0.07970798722607149,-0.10225288504556125,0.08187535830260144,0.08156776543078506,-0.05306714823148147
2025-10-25 11:00:00+00:00,-0.07989368408050343,-0.1261529612757782,-0.07436361961109514,-0.102480664631156,0.08247073358030144,0.0812702149658626,-0.05554863856503095
2025-10-25 12:00:00+00:00,-0.077073855441849,-0.12334482048654058,-0.06915880077950781,-0.10270893001815895,0.08306694460050602,0.08068376295830425,-0.05752887123684761
2025-10-25 13:00:00+00:00,-0.07319270245302789,-0.12093218725133806,-0.062039251194307955,-0.10270893001815895,0.08306694460050602,0.08068376295830425,-0.0586658597414333
2025-10-25 14:00:00+00:00,-0.06928348380301756,-0.12093218725133806,-0.05652089238376831,-0.10270893001815895,0.08306694460050602,0.08068376295830425,-0.059804966105808904
2025-10-25 15:00:00+00:00,-0.06360276711317646,-0.12053496645307445,-0.047667450264372316,-0.102972579055581,0.08639988908897658,0.07983826283845297,-0.06178258556994996
2025-10-25 16:00:00+00:00,-0.06776463736055537,-0.12053496645307445,-0.052786419637450295,-0.102972579055581,0.08639988908897658,0.08009612625280395,-0.060846078295632273
2025-10-25 17:00:00+00:00,-0.06906791975215996,-0.12053496645307445,-0.05901964875035423,-0.102972579055581,0.08639988908897658,0.08009612625280395,-0.058170074596781925
2025-10-25 18:00:00+00:00,-0.07158060681263963,-0.12053496645307445,-0.06675492175677229,-0.102972579055581,0.08639988908897658,0.08009612625280395,-0.05731966468195863
2025-10-25 19:00:00+00:00,-0.07504708627347935,-0.12143266326152631,-0.07139973434787088,-0.10537062791195573,0.0844420400276025,0.08055274451092953,-0.058300918070645885
2025-10-25 20:00:00+00:00,-0.07640963146322864,-0.12143266326152631,-0.07429387054835812,-0.10546645779111966,0.0844420400276025,0.08067017755436379,-0.058300918070645885
2025-10-25 21:00:00+00:00,-0.07782572098996202,-0.12143266326152631,-0.07808860997991948,-0.10546645779111966,0.0844420400276025,0.08067017755436379,-0.05797893940397962
2025-10-25 22:00:00+00:00,-0.07942671892024239,-0.12102286302065707,-0.0810189889683876,-0.10556770098729082,0.08368384297963423,0.08067017755436379,-0.05797893940397962
2025-10-25 23:00:00+00:00,-0.08152941058123249,-0.12102286302065707,-0.08452360565835997,-0.10556770098729082,0.08368384297963423,0.08067017755436379,-0.05905564074615421
2025-10-26 00:00:00+00:00,-0.08294416819650108,-0.12102286302065707,-0.08918280155963901,-0.10648826420245514,0.08292287541343184,0.08067017755436379,-0.05844434363492564
2025-10-26 01:00:00+00:00,-0.08437429262559165,-0.12102286302065707,-0.09186518038406852,-0.10741220247178865,0.08292287541343184,0.08067017755436379,-0.057836646155599705
2025-10-26 02:00:00+00:00,-0.08484491897895811,-0.1222996645114768,-0.09151108289246294,-0.10740342120592955,0.0827965443717462,0.08067017755436379,-0.057757319916205495
2025-10-26 03:00:00+00:00,-0.08569846051236535,-0.12363042268829708,-0.09181243849800229,-0.10739639996722257,0.0827965443717462,0.08067017755436379,-0.057964592147760376
2025-10-26 04:00:00+00:00,-0.08652353574393308,-0.1250187871500537,-0.09182100332463332,-0.10739114824808575,0.0827965443717462,0.08067017755436379,-0.057964592147760376
2025-10-26 05:00:00+00:00,-0.08455289177865297,-0.12297596266623542,-0.08969545248798193,-0.10592759613400334,0.08208382408958675,0.08047227828135911,-0.05832654096284139
2025-10-26 06:00:00+00:00,-0.08290644202817635,-0.1214593234338673,-0.08754146621074319,-0.10606980524334969,0.08137097662008971,0.08028639424380807,-0.060598528951262304
2025-10-26 07:00:00+00:00,-0.081712140472882,-0.12061377739789766,-0.08493078620892662,-0.10868464709430324,0.08065799750171589,0.07995626422528897,-0.0627275253976683
2025-10-26 08:00:00+00:00,-0.07909817623704174,-0.1224612303979293,-0.07844085248236765,-0.11023215946725269,0.08065799750171589,0.07995626422528897,-0.06349188159705868
2025-10-26 09:00:00+00:00,-0.07679476333124402,-0.12061377739789766,-0.07362329535029495,-0.11023215946725269,0.08065799750171589,0.07980715685632801,-0.06426092408128577
2025-10-26 10:00:00+00:00,-0.0747733062289856,-0.12061377739789766,-0.0708306516405544,-0.10897250311295435,0.0821198637217129,0.07965802840025821,-0.06492487784812308
2025-10-26 11:00:00+00:00,-0.07146459769775028,-0.12011390879896908,-0.06408757404806767,-0.10789947722388396,0.08422685390221399,0.07920844782369406,-0.06647738041470339
2025-10-26 12:00:00+00:00,-0.06936501523223285,-0.11961376837899884,-0.05732054492991123,-0.10489650250749957,0.08355895864157323,0.07875855451039986,-0.06804146166954342
2025-10-26 13:00:00+00:00,-0.06514143473392277,-0.12217184257034555,-0.046668527774636336,-0.10489650250749957,0.08355895864157323,0.07875855451039986,-0.06925614906508562
2025-10-26 14:00:00+00:00,-0.06069698801819718,-0.11761851317991427,-0.03577253859115648,-0.10289554847829403,0.08703741598873913,0.07789804064652137,-0.07140096938891562
2025-10-26 15:00:00+00:00,-0.05539553678354699,-0.11715677541281527,-0.022753994816158894,-0.1030919934706308,0.09053967541833569,0.07703402411433617,-0.07179178471387104
2025-10-26 16:00:00+00:00,-0.05987019827833704,-0.11715677541281527,-0.030438002686135755,-0.10467219848637935,0.08810355131484823,0.07678140107441382,-0.06999794648395155
2025-10-26 17:00:00+00:00,-0.06309584474727768,-0.11715677541281527,-0.03923348256429471,-0.10624933521559522,0.08810355131484823,0.07678140107441382,-0.06831368497550072
2025-10-26 18:00:00+00:00,-0.06629682213112457,-0.11715677541281527,-0.047979686547066594,-0.10624933521559522,0.09053967541833569,0.07703876430651582,-0.0674961328986067
2025-10-26 19:00:00+00:00,-0.07036598377504216,-0.1190648575800338,-0.05668808040058542,-0.10624933521559522,0.09053967541833569,0.07729609196203206,-0.06667497817584774
2025-10-26 20:00:00+00:00,-0.07567006877164482,-0.12148615275244314,-0.06312176626597304,-0.10818036122005957,0.08979866270618933,0.07774347643710933,-0.06808484539630316
2025-10-26 21:00:00+00:00,-0.08221583663978277,-0.12422692135118187,-0.06853845328233739,-0.11007590546014498,0.08510928788215373,0.0779335719289496,-0.06923046963062895
2025-10-26 22:00:00+00:00,-0.08379755443059703,-0.12422692135118187,-0.07309493270197061,-0.11007590546014498,0.08510928788215373,0.0779335719289496,-0.06884551606434602
2025-10-26 23:00:00+00:00,-0.08551116313032626,-0.12422692135118187,-0.0764159665081384,-0.11007590546014498,0.08401572381759578,0.0779335719289496,-0.07004542526946622
2025-10-27 00:00:00+00:00,-0.08744168780743558,-0.12422692135118187,-0.0803753521181939,-0.11007590546014498,0.08401572381759578,0.0779335719289496,-0.07074462000926594
2025-10-27 01:00:00+00:00,-0.08707605472450046,-0.12212390563184974,-0.08179841544295348,-0.10826151789553422,0.08355734532673649,0.0781853948392383,-0.06888302258274787
2025-10-27 02:00:00+00:00,-0.08723101301416111,-0.12212390563184974,-0.08264361830630525,-0.10879027244481254,0.08378261897756553,0.0781853948392383,-0.06888302258274787
2025-10-27 03:00:00+00:00,-0.08745757448474921,-0.12167163949507384,-0.0833183133256422,-0.10933223517533959,0.08443418958313699,0.07815507129176079,-0.06896355489657335
2025-10-27 04:00:00+00:00,-0.08769078434924499,-0.12123355040596015,-0.08378840437233007,-0.10988788867511,0.08466574822239789,0.07812478115522975,-0.0690453361166517
2025-10-27 05:00:00+00:00,-0.0858672807926457,-0.12070891797294604,-0.08042170352636023,-0.10805762626872563,0.08759833432513592,0.0781915094643214,-0.06771394414415426
2025-10-27 06:00:00+00:00,-0.08400656679212673,-0.1198056221459581,-0.07678359050542521,-0.10640716528004304,0.08830741460034981,0.07828870514977945,-0.06862514254200656
2025-10-27 07:00:00+00:00,-0.08000332569485623,-0.1198056221459581,-0.07051648451989866,-0.1028664511026578,0.08988449744609973,0.07828870514977945,-0.06862514254200656
2025-10-27 08:00:00+00:00,-0.0745788206492282,-0.1198056221459581,-0.06426248523165515,-0.10154109170622633,0.09146481767665002,0.07828870514977945,-0.06862514254200656
2025-10-27 09:00:00+00:00,-0.07073829069651424,-0.12167937685755828,-0.05801207328143137,-0.10022178464510181,0.0930485252277819,0.07811675545965223,-0.06862514254200656
2025-10-27 10:00:00+00:00,-0.0666241877690179,-0.12119644328849588,-0.050016388845145934,-0.10031524071445613,0.09381556592113478,0.07792218301666445,-0.06844892474115453
2025-10-27 11:00:00+00:00,-0.06277063413378065,-0.12119644328849588,-0.03818693514741355,-0.09829199268233607,0.09673321980175391,0.07760447363047458,-0.06844892474115453
2025-10-27 12:00:00+00:00,-0.05751677822740154,-0.12458525922873398,-0.027838502998163567,-0.09450445764275135,0.09673321980175391,0.07760447363047458,-0.06722360828254892
2025-10-27 13:00:00+00:00,-0.05059714348761443,-0.12798522031894677,-0.01572119626816449,-0.09450445764275135,0.09673321980175391,0.07760447363047458,-0.06722360828254892
2025-10-27 14:00:00+00:00,-0.0419844273959552,-0.12906671469922515,-0.003978443768730539,-0.09229746560365264,0.09865077678342798,0.07700810086373001,-0.06817882412758208
2025-10-27 15:00:00+00:00,-0.03456380498835414,-0.12522438027610938,0.00842812276974058,-0.09008320173328198,0.10480965017870214,0.07640896004107028,-0.07105621128831602
2025-10-27 16:00:00+00:00,-0.039383994889082403,-0.12522438027610938,-0.0012287128993348276,-0.09172517246038223,0.10197828059595906,0.07689695222787404,-0.07105621128831602
2025-10-27 17:00:00+00:00,-0.044133917126618176,-0.12522438027610938,-0.009552148577984643,-0.09008320173328198,0.09917822551554235,0.07665063580619161,-0.07105621128831602
2025-10-27 18:00:00+00:00,-0.049611529569634896,-0.12522438027610938,-0.01770319943236152,-0.09008320173328198,0.09640855999140335,0.07665063580619161,-0.07105621128831602
2025-10-27 19:00:00+00:00,-0.05497767997998287,-0.12522438027610938,-0.026875254954344677,-0.08894800488104898,0.09366839456400583,0.07665063580619161,-0.0702537602688722
2025-10-27 20:00:00+00:00,-0.06040458880362774,-0.12762248551422609,-0.03489112689733947,-0.09190392806792853,0.09039706908590849,0.07698069948829536,-0.0714494077955886
2025-10-27 21:00:00+00:00,-0.06579484437977053,-0.13001876537747967,-0.0408967217452456,-0.09485745301212174,0.08621999933311397,0.07731064662849137,-0.07344952787843313
2025-10-27 22:00:00+00:00,-0.06778233929338266,-0.13001876537747967,-0.045659077026894056,-0.09522157361670336,0.084716912853397,0.07720663905864701,-0.07388041380551061
2025-10-27 23:00:00+00:00,-0.06908894517386639,-0.13001876537747967,-0.05015984227014488,-0.09522157361670336,0.08376063004137133,0.07710263567099826,-0.07242202184984144
2025-10-28 00:00:00+00:00,-0.07024352248125108,-0.13001876537747967,-0.05493258653585692,-0.09522157361670336,0.08376063004137133,0.07700337533942776,-0.07242202184984144
2025-10-28 01:00:00+00:00,-0.06991665259053254,-0.12796283677641535,-0.05595962318463339,-0.09323932544656403,0.08455518795270496,0.07736256122705158,-0.07085683446034406
2025-10-28 02:00:00+00:00,-0.0700051004570461,-0.12796283677641535,-0.056035615988596695,-0.09369163443605118,0.0856507121482074,0.07740454433654127,-0.07098593085850381
2025-10-28 03:00:00+00:00,-0.07010075131481336,-0.12757723752071162,-0.05585683349374805,-0.09369163443605118,0.08599745693085711,0.07744656805678464,-0.07098593085850381
2025-10-28 04:00:00+00:00,-0.07020389089066469,-0.1272048480533986,-0.055710413866671034,-0.09369163443605118,0.08634728178904892,0.07744656805678464,-0.07066548360950729
2025-10-28 05:00:00+00:00,-0.06809183191833605,-0.126367402532162,-0.05147476493188431,-0.0918952054018183,0.11478290962386746,0.276694150842749,-0.08241976459409453
2025-10-28 06:00:00+00:00,-0.06619966971302747,-0.126367402532162,-0.045680821265978756,-0.0899698989874498,0.117596446198017,0.276694150842749,-0.08315820767852876
2025-10-28 07:00:00+00:00,-0.06031765650570317,-0.12443594955691355,-0.038036997925023755,-0.08860621691033539,0.1204269524461694,0.276694150842749,-0.08315820767852876
2025-10-28 08:00:00+00:00,-0.05469479225171665,-0.12443594955691355,-0.03184238090791445,-0.08860621691033539,0.117596446198017,0.276694150842749,-0.08225443492189004
2025-10-28 09:00:00+00:00,-0.050178725149667223,-0.12251302338188921,-0.023685019131083344,-0.08860621691033539,0.12158879118898563,0.276694150842749,-0.08225443492189004
2025-10-28 10:00:00+00:00,-0.045808077468802964,-0.12205914434208358,-0.0119872278744039,-0.0872693842017248,0.12579428622153413,0.2766949933837117,-0.08213281217727293
2025-10-28 11:00:00+00:00,-0.040010020530694704,-0.12205914434208358,0.0008800708309228587,-0.0827945176874497,0.13081550361559585,0.2766949933837117,-0.08213281217727293
2025-10-28 12:00:00+00:00,-0.034092372703516005,-0.12546540167627476,0.011916267052501666,-0.08043983672813856,0.13403820513922965,0.2766949933837117,-0.08213281217727293
2025-10-28 13:00:00+00:00,-0.026881621283359584,-0.12888302395823903,0.024568427966809435,-0.07809298430396684,0.13721499751090302,0.2766949933837117,-0.0808072461672578
2025-10-28 14:00:00+00:00,-0.021277585193630853,-0.13341304344599547,0.03784367702708473,-0.07576414090303936,0.13970719391217504,0.27413325833753316,-0.08129512619278186
2025-10-28 15:00:00+00:00,-0.013711944446282355,-0.1379842741489671,0.052614939978196586,-0.07029035262549144,0.1390651304954237,0.27202697351497973,-0.07986334344277603
2025-10-28 16:00:00+00:00,-0.017955863854429537,-0.1379842741489671,0.042173165525594414,-0.07196027037383901,0.1339249048223329,0.27234918956894705,-0.0807949886441436
2025-10-28 17:00:00+00:00,-0.021279280248340398,-0.1379842741489671,0.0331733393037659,-0.07362746221518815,0.1289196435177415,0.27234918956894705,-0.0807949886441436
2025-10-28 18:00:00+00:00,-0.025328442264946474,-0.13954772158827447,0.02439366507630279,-0.07673162556088602,0.12070682843925258,0.27234918956894705,-0.0807949886441436
2025-10-28 19:00:00+00:00,-0.02847380503813092,-0.13954772158827447,0.015812653958618864,-0.07673162556088602,0.11597977955363539,0.27234918956894705,-0.0807949886441436
2025-10-28 20:00:00+00:00,-0.03232128670274954,-0.1419280147329076,0.010498758754391171,-0.07958856901180544,0.11524788375725721,0.2735293875432427,-0.08309482335536494
2025-10-28 21:00:00+00:00,-0.035818649622121106,-0.14430659197123588,0.004717949781722446,-0.08244324755797919,0.11451687513426496,0.2746989520338137,-0.08537244777150797
2025-10-28 22:00:00+00:00,-0.036522727837901114,-0.14430659197123588,0.0006216233818181885,-0.08244324755797919,0.11067544269384755,0.2746989520338137,-0.08628998713767835
2025-10-28 23:00:00+00:00,-0.03750295586588692,-0.14153795324874213,-0.0023047700027836343,-0.0839675885796941,0.10942163197207178,0.2746911113101837,-0.08553587840842436
2025-10-29 00:00:00+00:00,-0.038704242221570886,-0.14427821800300109,-0.0053199254609919075,-0.08510262511943135,0.10817079944645865,0.2751131947528888,-0.08713833497751457
2025-10-29 01:00:00+00:00,-0.03817908824746107,-0.14229367666916257,-0.004940489941830027,-0.0841130027952131,0.10829992124809162,0.27638602490077124,-0.08596915534469653
2025-10-29 02:00:00+00:00,-0.03796528113963628,-0.14229367666916257,-0.003925708149760445,-0.0841130027952131,0.10908036165551085,0.27638602490077124,-0.08643243788782282
2025-10-29 03:00:00+00:00,-0.037630595804639996,-0.14193580784410906,-0.0024449459345453808,-0.08425043520789559,0.10908036165551085,0.27638602490077124,-0.08662509666432586
2025-10-29 04:00:00+00:00,-0.03729606354439842,-0.14159092014429564,-0.0011046415820507997,-0.08439271166958714,0.10987283356680824,0.2760772936776352,-0.08662509666432586
2025-10-29 05:00:00+00:00,-0.03569353425463624,-0.14083661525904909,0.003277042680270435,-0.08237997697515409,0.11639979124008155,0.27597722900784966,-0.08521910802286803
2025-10-29 06:00:00+00:00,-0.03388048968159998,-0.14285519783054723,0.008832150991794902,-0.08034657274581042,0.11932596265325791,0.27597722900784966,-0.08599520187296536
2025-10-29 07:00:00+00:00,-0.030549662448299087,-0.14285519783054723,0.01539283670354919,-0.07895690166841765,0.12079082144404941,0.27597722900784966,-0.0869556696651897
2025-10-29 08:00:00+00:00,-0.027822866300788052,-0.14285519783054723,0.02187404190935436,-0.07733526102593886,0.12224777610784887,0.27597722900784966,-0.0869556696651897
2025-10-29 09:00:00+00:00,-0.024619174933684415,-0.1448841431261385,0.027369837693962635,-0.07572945283570118,0.12659784290407938,0.27597722900784966,-0.0869556696651897
2025-10-29 10:00:00+00:00,-0.0213707218995009,-0.1445295586400663,0.03302063803262942,-0.07205915974788372,0.13111679804475712,0.27524080665425493,-0.0860066544233904
2025-10-29 11:00:00+00:00,-0.01498304879048977,-0.1445295586400663,0.040715629816412434,-0.06749244559293796,0.13111679804475712,0.27524080665425493,-0.0860066544233904
2025-10-29 12:00:00+00:00,-0.00961896330564617,-0.14712789820884736,0.05001010499897928,-0.06510826372574312,0.134523094273682,0.27524080665425493,-0.0860066544233904
2025-10-29 13:00:00+00:00,-0.004294614656034215,-0.1506309465862627,0.06059766506230786,-0.06272965450328849,0.134523094273682,0.27573518001358926,-0.0860066544233904
2025-10-29 14:00:00+00:00,0.000953240049531186,-0.15534011502089937,0.07236462202082061,-0.060198071429294175,0.13755436602567367,0.2736432035950894,-0.08646945205526844
2025-10-29 15:00:00+00:00,0.006159808649691513,-0.1600948121470256,0.08570864147887557,-0.05765510857957609,0.14058638676108273,0.27154803750966905,-0.08632910291755333
2025-10-29 16:00:00+00:00,0.002252758888535512,-0.1600948121470256,0.07812149835301753,-0.0593483735057557,0.13611905213061254,0.27154803750966905,-0.08539795959339727
2025-10-29 17:00:00+00:00,-0.002357916242249808,-0.1600948121470256,0.07187352304881622,-0.06085760864492321,0.13174013850796504,0.27154803750966905,-0.08623784094247514
2025-10-29 18:00:00+00:00,-0.006121492575615744,-0.1600948121470256,0.06395215164797893,-0.06366123801254149,0.12744550525374068,0.27154803750966905,-0.08539795959339727
2025-10-29 19:00:00+00:00,-0.010174831340538464,-0.16254493889155985,0.05695269312883836,-0.06640155031200322,0.12278751411301739,0.27270717779500464,-0.08612175712698082
2025-10-29 20:00:00+00:00,-0.013832241032134734,-0.16499339985422706,0.0518695931750937,-0.07017905340815282,0.12234440319647395,0.27315021899872916,-0.08842076281203011
2025-10-29 21:00:00+00:00,-0.014922469344567419,-0.16499339985422706,0.04848255451931277,-0.07046622996330623,0.12012890763509097,0.27315021899872916,-0.08854916428056185
2025-10-29 22:00:00+00:00,-0.01628453028834604,-0.16499339985422706,0.04443973992953155,-0.07046622996330623,0.12012890763509097,0.27315021899872916,-0.08895763225856958
2025-10-29 23:00:00+00:00,-0.017450639796781277,-0.1642011751205057,0.04294663571466783,-0.07130097055361338,0.11918417064807357,0.27317483940621784,-0.08974485671777023
2025-10-30 00:00:00+00:00,-0.018979653489084446,-0.16141136499852377,0.04202087758006108,-0.07130097055361338,0.11824216272570173,0.2732031728886198,-0.09144399765749522
2025-10-30 01:00:00+00:00,-0.018709351051071806,-0.15927340276107152,0.04141995318770222,-0.07010007569587942,0.11885616276731373,0.27452153415334135,-0.08857381353290922
2025-10-30 02:00:00+00:00,-0.01836749239973796,-0.1577898108678864,0.0420235845962,-0.07014907154039368,0.11885616276731373,0.27452153415334135,-0.0887578213783849
2025-10-30 03:00:00+00:00,-0.01789015103268449,-0.1575404924102035,0.04249844721630482,-0.07020159220905457,0.12217939080448874,0.2748687313150319,-0.0887578213783849
2025-10-30 04:00:00+00:00,-0.015942261985486372,-0.15701288940407512,0.04625009801042018,-0.06794672768793136,0.12489325775217928,0.274790046079902,-0.0867119366280443
2025-10-30 05:00:00+00:00,-0.013961255514566225,-0.15651541710365774,0.04886382302143224,-0.06571121380917559,0.12766275279599038,0.27471191214045315,-0.0851431183972293
2025-10-30 06:00:00+00:00,-0.011702428723966134,-0.15651541710365774,0.052597932389814625,-0.06472869257085083,0.13238529317467781,0.27471191214045315,-0.08423541238316315
2025-10-30 07:00:00+00:00,-0.008822725584254601,-0.15651541710365774,0.05756570356621365,-0.06182035293195188,0.13711428100744133,0.275375016785853,-0.08324049190479263
2025-10-30 08:00:00+00:00,-0.0047561628320369415,-0.15651541710365774,0.06184498268875296,-0.058940685660200005,0.14185322103064033,0.275375016785853,-0.08324049190479263
2025-10-30 09:00:00+00:00,-0.0018946731337442413,-0.15651541710365774,0.06720643918281577,-0.057428632828742755,0.14660558271443466,0.275375016785853,-0.08423541238316315
2025-10-30 10:00:00+00:00,0.0026395480223430456,-0.15629066241171513,0.07289874522879962,-0.0536071109764466,0.15164056694020192,0.2749087399497109,-0.08321747236672902
2025-10-30 11:00:00+00:00,0.008649085878515076,-0.15629066241171513,0.08132151890435523,-0.0512644314646766,0.16034608879905854,0.2758847837460633,-0.08178770467222211
2025-10-30 12:00:00+00:00,0.013628318948210599,-0.15629066241171513,0.0901568456234161,-0.0512644314646766,0.1690600984979147,0.2758847837460633,-0.08035870979157334
2025-10-30 13:00:00+00:00,0.01853687994372248,-0.15980324803789944,0.09877496918035016,-0.048924740285352895,0.17248875976509503,0.2758847837460633,-0.08035870979157334
2025-10-30 14:00:00+00:00,0.02324083509647928,-0.16459420739281544,0.1099337497312797,-0.04862199177750728,0.1759374241440846,0.2752683045304584,-0.07874048616481069
2025-10-30 15:00:00+00:00,0.029843698412830803,-0.17203497670093998,0.11866678879110794,-0.04596558391303831,0.18662346167883334,0.27341434475054355,-0.07916317261835921
2025-10-30 16:00:00+00:00,0.026204208560786153,-0.17203497670093998,0.11354548831767747,-0.04910343785595001,0.1823800461128842,0.27341434475054355,-0.07916317261835921
2025-10-30 17:00:00+00:00,0.02259925208597322,-0.17203497670093998,0.10682964963444291,-0.05222281434286923,0.17820250676451005,0.27316975022885315,-0.08000318795507375
2025-10-30 18:00:00+00:00,0.01897944308985389,-0.1731012951390284,0.09852262680168626,-0.055015885638909336,0.17820250676451005,0.2722782730071374,-0.08000318795507375
2025-10-30 19:00:00+00:00,0.015409939369984176,-0.1731012951390284,0.09046679077293578,-0.058889488795025854,0.17408825872360467,0.2713954331737026,-0.08000318795507375
2025-10-30 20:00:00+00:00,0.011843759343702454,-0.17552807268142437,0.08367795101921358,-0.06317511428922067,0.16990990421067484,0.2719995880927678,-0.08153422619397269
2025-10-30 21:00:00+00:00,0.01040913601471624,-0.1755788663432838,0.08152451187873525,-0.06428513778006777,0.16774729405568062,0.27223499498267417,-0.08238854972375227
2025-10-30 22:00:00+00:00,0.009009770891779702,-0.17597100978412414,0.07943383985064738,-0.06528768821301725,0.1656376543704467,0.27246735123153243,-0.08288345350116369
2025-10-30 23:00:00+00:00,0.00819603908430764,-0.17414811515836273,0.07873527369037206,-0.06557226679693814,0.1656039951219263,0.27269671589328653,-0.08164842006064613
2025-10-31 00:00:00+00:00,0.006666097948990843,-0.17414811515836273,0.0772679470724006,-0.06648300373421338,0.16651054503256577,0.2733178547234993,-0.08092207484877482
2025-10-31 01:00:00+00:00,0.007551190004775023,-0.17228408497347752,0.07867979304098972,-0.06509931876659315,0.16803748323773235,0.27606974699270553,-0.0788408123717892
2025-10-31 02:00:00+00:00,0.008192024564836892,-0.17228408497347752,0.08037642399942847,-0.06508621678591002,0.16961505556962544,0.27869043052344206,-0.0788408123717892
2025-10-31 03:00:00+00:00,0.008993759961148895,-0.17211655284947514,0.08228293799758798,-0.0650755827049318,0.1712250481739967,0.2795796937945539,-0.0788408123717892
2025-10-31 04:00:00+00:00,0.0098069157099487,-0.17211655284947514,0.08408094489991694,-0.06506749228981548,0.17286869294932045,0.2809286217161521,-0.0788408123717892
2025-10-31 05:00:00+00:00,0.010476681330972834,-0.17195828459444698,0.0854492023164963,-0.06506202459539327,0.17435353915176463,0.28229864939238575,-0.07886749007272849
2025-10-31 06:00:00+00:00,0.01281995649481198,-0.17195828459444698,0.09038067676010254,-0.06169341291092656,0.1780062362014047,0.2835113727402277,-0.07886749007272849
2025-10-31 07:00:00+00:00,0.014580400838146794,-0.16983952836645919,0.09594477804106222,-0.056832349681752235,0.1893382260963583,0.2847286363185503,-0.0778786360435251
2025-10-31 08:00:00+00:00,0.016299845335039816,-0.16983952836645919,0.10067844363837217,-0.05409919087977682,0.1949846351163888,0.28595049263769734,-0.0778786360435251
2025-10-31 09:00:00+00:00,-0.1512743137461974,-0.33944334263839265,0.002217141759769395,-0.23404500374902273,-0.03107219831246554,0.8470316962796043,-0.0879400508111375
2025-10-31 10:00:00+00:00,-0.14672900053407534,-0.33944334263839265,0.010911831477284271,-0.23404500374902273,-0.018640322548479155,0.8485797730970507,-0.0879400508111375
2025-10-31 11:00:00+00:00,-0.13965577904959095,-0.34633488324192285,0.027961604384963822,-0.2232593610798078,0.005732940861970989,0.8485797730970507,-0.0809404339405457
2025-10-31 12:00:00+00:00,-0.1299991272286156,-0.3581462124580092,0.04520299036858143,-0.21242261643985313,0.04332317912234367,0.8546970190699096,-0.0809404339405457
2025-10-31 13:00:00+00:00,-0.12025720455056806,-0.3581462124580092,0.06228227834895813,-0.20670885815030077,0.06852008032510058,0.8556976171897535,-0.0809404339405457
2025-10-31 14:00:00+00:00,-0.10810211905646398,-0.3513460248251176,0.08394878987830055,-0.2009951326781453,0.08068453848191624,0.8567122391769781,-0.0809404339405457
2025-10-31 15:00:00+00:00,-0.10055920882575493,-0.3513460248251176,0.10580205224571092,-0.1952811699216789,0.09274913501834171,0.857740529524762,-0.0809404339405457
2025-10-31 16:00:00+00:00,-0.10835852390255245,-0.3513460248251176,0.09379815661089329,-0.20692032436544025,0.08063531982636436,0.8574051085955435,-0.0809404339405457
2025-10-31 17:00:00+00:00,-0.11621112343288291,-0.3442477157338131,0.0774781339670979,-0.2124896237482854,0.05606091639034249,0.8574051085955435,-0.08420739549028312
2025-10-31 18:00:00+00:00,-0.12370338161529257,-0.33892008341146507,0.05685542574923538,-0.22741694633704768,0.03246502119729038,0.8565839965769851,-0.08420739549028312
2025-10-31 19:00:00+00:00,-0.133547394703675,-0.33354479957288147,0.03635967724560205,-0.23848024798149037,-0.0012880936288437717,0.8557784743859138,-0.08420739549028312
2025-10-31 20:00:00+00:00,-0.1379381391460876,-0.3321461125221989,0.026403097048399923,-0.23967463478553397,-0.02159661927767699,0.8571979100338815,-0.08709329281916005
2025-10-31 21:00:00+00:00,-0.1408702236569649,-0.3307554932132404,0.018529555567978556,-0.24090683481868438,-0.03556352449870106,0.8572339198293375,-0.08848092252997936
2025-10-31 22:00:00+00:00,-0.1449029244158429,-0.32937339557111006,0.010702505276691391,-0.24238653920542544,-0.04558237356801183,0.857283901122521,-0.08700289961278675
2025-10-31 23:00:00+00:00,-0.15019347212216802,-0.32432057809204945,0.004768848618305924,-0.2450071578185311,-0.061669266163653466,0.8573480661351832,-0.08700289961278675
2025-11-01 00:00:00+00:00,-0.1562143286531788,-0.32432057809204945,0.0007621765400111236,-0.2508592792055441,-0.07211890557522017,0.8573480661351832,-0.08700289961278675
2025-11-01 01:00:00+00:00,-0.16413176493273904,-0.32432057809204945,-0.0012629544737354878,-0.2606837554951869,-0.08270051729812683,0.8559936491478158,-0.08499007709280937
2025-11-01 02:00:00+00:00,-0.16571657302271742,-0.3215997441925179,-0.00104066750636445,-0.2613368384265812,-0.08224807776916296,0.8563344664153343,-0.08440255135941109
2025-11-01 03:00:00+00:00,-0.16723645526351938,-0.3215997441925179,-0.0008152721405539499,-0.2620133631726633,-0.08093112741514263,0.855803168794709,-0.08440255135941109
2025-11-01 04:00:00+00:00,-0.16881994617915969,-0.3215997441925179,-0.0004722231189182213,-0.2627139455343382,-0.07967173736256594,0.8552816481740535,-0.08481573403207868
2025-11-01 05:00:00+00:00,-0.17047110892499379,-0.3215997441925179,-0.0002371333416663805,-0.26343923063471836,-0.07812858624871588,0.8547698461087452,-0.08488907750061547
2025-11-01 06:00:00+00:00,-0.17219437903354673,-0.3215997441925179,0.0,-0.2641411453984591,-0.07665081767317534,0.8547698461087452,-0.08488907750061547
2025-11-01 07:00:00+00:00,-0.1680075253851243,-0.3215997441925179,0.009389920754650944,-0.26080862001138044,-0.0649827960912274,0.8536588845770631,-0.08488907750061547
2025-11-01 08:00:00+00:00,-0.1656778628242545,-0.3264949205425398,0.01882632819280823,-0.25356521127553283,-0.04739297248910658,0.8525788677663423,-0.08488907750061547
2025-11-01 09:00:00+00:00,-0.16333618812854134,-0.331421697609828,0.026136184701745516,-0.2437882390588059,-0.0315723784801805,0.8525788677663423,-0.08488907750061547
2025-11-01 10:00:00+00:00,-0.1594648643156772,-0.331421697609828,0.031145659071507098,-0.2411461995647946,-0.021252779330245622,0.8501500739047133,-0.08488907750061547
2025-11-01 11:00:00+00:00,-0.15635932718118917,-0.3345313565009789,0.03872314477939172,-0.23528409097100844,-0.0107927285819615,0.8477821135757442,-0.08488907750061547
2025-11-01 12:00:00+00:00,-0.15416191114972802,-0.33763457090800925,0.043787191955937874,-0.2294446162947,-0.0001812283124353707,0.8454731555011379,-0.08488907750061547
2025-11-01 13:00:00+00:00,-0.15156880302381212,-0.3447411143649776,0.05354893060458933,-0.2182496458658961,0.010234386099974034,0.8440578540743326,-0.08848369505511292
2025-11-01 14:00:00+00:00,-0.1462485578335381,-0.3518155158516829,0.06858348716955998,-0.20708165150218727,0.010234386099974034,0.8427093320144653,-0.08848369505511292
2025-11-01 15:00:00+00:00,-0.14089076200728,-0.3518155158516829,0.08396618020857659,-0.19593861155540332,0.02064087333577461,0.8414250574275289,-0.08848369505511292
2025-11-01 16:00:00+00:00,-0.14711423586425637,-0.3607789149085624,0.07092242355344441,-0.2062912160366933,0.010768930099233326,0.8406297335711594,-0.08848369505511292
2025-11-01 17:00:00+00:00,-0.15339333987750028,-0.3607789149085624,0.057248149990801,-0.21664620980328078,-0.008877202427283914,0.8398492348722223,-0.09179565256878189
2025-11-01 18:00:00+00:00,-0.16239061451592057,-0.3607789149085624,0.03861544614552728,-0.22155708785302092,-0.03724331849910036,0.8398492348722223,-0.09179565256878189
2025-11-01 19:00:00+00:00,-0.1704154512092878,-0.3587715093743397,0.02578550127507674,-0.2213410539444196,-0.05259220612480843,0.8389862453210316,-0.08780342413702552
2025-11-01 20:00:00+00:00,-0.1725469642666227,-0.3587715093743397,0.016528014632392958,-0.2213410539444196,-0.06485387751666456,0.839054679746696,-0.08920125364720655
2025-11-01 21:00:00+00:00,-0.17512258624230198,-0.3587715093743397,0.007185434539108001,-0.22252803919678502,-0.08163655595004583,0.839054679746696,-0.09059192521555715
2025-11-01 22:00:00+00:00,-0.1791767101620657,-0.3587715093743397,0.00011861188466778652,-0.22252803919678502,-0.09499040380643303,0.839054679746696,-0.09059192521555715
2025-11-01 23:00:00+00:00,-0.18450538555704543,-0.3587715093743397,-0.009500455960653966,-0.22476621518051693,-0.10468929985555574,0.839054679746696,-0.08700154958599773
2025-11-02 00:00:00+00:00,-0.1913508228137569,-0.3587715093743397,-0.016951760765746875,-0.2275386570816038,-0.1145789941348893,0.8378242347686159,-0.08892888112107979
2025-11-02 01:00:00+00:00,-0.1967719592115431,-0.3658188818855402,-0.027110894428360573,-0.23032042720471121,-0.12556117258573618,0.8378242347686159,-0.09086939639322128
2025-11-02 02:00:00+00:00,-0.19799778499701523,-0.3658188818855402,-0.02696022677540586,-0.23044247604589466,-0.1233454116000767,0.8378242347686159,-0.09106720377919288
2025-11-02 03:00:00+00:00,-0.19897211128421896,-0.3658188818855402,-0.026889952054949207,-0.23056832892182766,-0.12053765576573398,0.8378242347686159,-0.09086939639322128
2025-11-02 04:00:00+00:00,-0.20068407370888378,-0.3658188818855402,-0.026858952230983293,-0.23069801587850355,-0.11955403561923862,0.8361517945676293,-0.09086939639322128
2025-11-02 05:00:00+00:00,-0.20202195958248145,-0.3658188818855402,-0.026719237721133732,-0.2315249704854966,-0.11698348432427907,0.8344978555672267,-0.09078741141265312
2025-11-02 06:00:00+00:00,-0.20340081360320322,-0.3647770628380042,-0.02640559168904445,-0.23166798987505988,-0.11456279899757224,0.8315798014421941,-0.09052103238381418
2025-11-02 07:00:00+00:00,-0.20639366873743792,-0.36558893942263454,-0.022777560221612828,-0.22457317680336067,-0.10234769798631443,0.8363256339099855,-0.0839833449114823
2025-11-02 08:00:00+00:00,-0.20334757077471552,-0.36558893942263454,-0.014163742595358242,-0.21796915251295423,-0.08778467665312101,0.8342799302441846,-0.08192608004985744
2025-11-02 09:00:00+00:00,-0.19900328774545462,-0.3706151873262843,-0.0056796991886339234,-0.2114437013152799,-0.07877985555428468,0.8342799302441846,-0.08192608004985744
2025-11-02 10:00:00+00:00,-0.195090074365261,-0.3706151873262843,0.0057876629236192495,-0.20845330058961395,-0.0698408267829935,0.8322839186971367,-0.08004256012150465
2025-11-02 11:00:00+00:00,-0.18955604044835878,-0.3706151873262843,0.01451172672685369,-0.20547263782558903,-0.060962958128893095,0.8322839186971367,-0.08004256012150465
2025-11-02 12:00:00+00:00,-0.18399703903606787,-0.3706151873262843,0.02329074008075503,-0.20250153584580496,-0.052141774100268774,0.8322839186971367,-0.07816321448803837
2025-11-02 13:00:00+00:00,-0.17184104466479663,-0.36354029656067244,0.029027933091785772,-0.187054313761999,-0.035078515568223285,0.33636323436008453,-0.07455908449216764
2025-11-02 14:00:00+00:00,-0.16253344647827128,-0.36354029656067244,0.04064830962306986,-0.1814571312806324,-0.02665654072167187,0.33742573642096174,-0.07096228386723756
2025-11-02 15:00:00+00:00,-0.15394332529842522,-0.36354029656067244,0.05238625279954399,-0.1707041360722744,-0.018206554570569834,0.3384875828541729,-0.0673727168099323
2025-11-02 16:00:00+00:00,-0.16276268205414393,-0.35437645707346976,0.03591534943957903,-0.17571735147654877,-0.034429811960876536,0.3362920507210084,-0.07068653586396195
2025-11-02 17:00:00+00:00,-0.17158198613151845,-0.3471966213849843,0.024804383726656467,-0.18072340404903997,-0.05058897969413568,0.3362920507210084,-0.07392134475604707
2025-11-02 18:00:00+00:00,-0.19014498679986222,-0.33999773455965016,0.013699275993870021,-0.1902722418717665,-0.0753721776276104,0.3352138795775069,-0.07392134475604707
2025-11-02 19:00:00+00:00,-0.21077398080463203,-0.327383810249594,0.002597889085068596,-0.2037746140087222,-0.09153874860926896,0.3341354051525566,-0.07706849793674277
2025-11-02 20:00:00+00:00,-0.22657382521012967,-0.32193348427862667,-0.01399555966378714,-0.21218278041657032,-0.11472632972584976,0.33305662490458987,-0.08019869817619216
2025-11-02 21:00:00+00:00,-0.22288192794953468,-0.31388463005857953,-0.030685012788191062,-0.21408933622817508,-0.11828356557201825,0.33349620274153785,-0.0778441173269325
2025-11-02 22:00:00+00:00,-0.2267198784876168,-0.3106268418861017,-0.03905668406831998,-0.2159300315953722,-0.12750777529876253,0.33349620274153785,-0.0778441173269325
2025-11-02 23:00:00+00:00,-0.23174799031061968,-0.3106268418861017,-0.05062202069060997,-0.21871763516578469,-0.13182035496155037,0.33349620274153785,-0.07603693765662106
2025-11-03 00:00:00+00:00,-0.23706714498409837,-0.3106268418861017,-0.06320154279971106,-0.22249746997762093,-0.14134748128157465,0.3330069280768019,-0.07409475688198908
2025-11-03 01:00:00+00:00,-0.24292763161272635,-0.3106268418861017,-0.07340808392677556,-0.22633296332727468,-0.14576765131509348,0.3330069280768019,-0.07596326990851171
2025-11-03 02:00:00+00:00,-0.24564172657131392,-0.3106268418861017,-0.07414847511083413,-0.22760861298252047,-0.1459800451572519,0.3330069280768019,-0.07637490794637732
2025-11-03 03:00:00+00:00,-0.24781232553834368,-0.3106268418861017,-0.07574742835429185,-0.22891140332127494,-0.14731513974744315,0.3330766110297336,-0.07620484304196572
2025-11-03 04:00:00+00:00,-0.2500652123984157,-0.3106268418861017,-0.07667012420342828,-0.22891140332127494,-0.14755565052844058,0.33314655693875533,-0.07620484304196572
2025-11-03 05:00:00+00:00,-0.2515520318005291,-0.30976148820375177,-0.07685711701596135,-0.23105770216266452,-0.14780392643660123,0.333216766178023,-0.07615088589791544
2025-11-03 06:00:00+00:00,-0.2508133792785661,-0.3137623237723116,-0.07039479225885972,-0.22859040097428004,-0.1528780061915553,0.3322432861177065,-0.07173698717189418
2025-11-03 07:00:00+00:00,-0.23963297066278114,-0.3189453923607698,-0.06032647478727256,-0.22228900372312574,-0.14386781611427066,0.3322432861177065,-0.06978075583607583
2025-11-03 08:00:00+00:00,-0.2316975260635245,-0.3189453923607698,-0.04669425244719124,-0.21604897672001613,-0.1292005605351623,0.3328682124091788,-0.06783636255748651
2025-11-03 09:00:00+00:00,-0.22512318707634912,-0.3189453923607698,-0.03684355660132606,-0.209868216264402,-0.12033957658072626,0.3334934105089207,-0.06596675658766246
2025-11-03 10:00:00+00:00,-0.21807338437834534,-0.3189453923607698,-0.023948892604327365,-0.20468253613763077,-0.10808166057537472,0.3341188817905179,-0.06057391209165478
2025-11-03 11:00:00+00:00,-0.2039282405736567,-0.3189453923607698,-0.004678519986502179,-0.1942250331515067,-0.09050957948688378,0.3353423884346523,-0.05014513109973713
2025-11-03 12:00:00+00:00,-0.18913214791903613,-0.3189453923607698,0.020762304250862142,-0.18375315760269204,-0.07294051818065973,0.336526183911327,-0.04318110714107781
2025-11-03 13:00:00+00:00,-0.17664641852348514,-0.32646091695050755,0.04519365222113294,-0.17326511233115413,-0.04614353306561762,0.336526183911327,-0.03625315183926605
2025-11-03 14:00:00+00:00,-0.16388443566190658,-0.3359041746484551,0.06867039272006364,-0.16200576768757116,-0.028362961574266828,0.33766986943797456,-0.032787065469573336
2025-11-03 15:00:00+00:00,-0.14229783040807087,-0.34289702601060923,0.09099109892847401,-0.14529298209271277,-0.028426297185453676,0.3375881788232402,-0.0303609992896388
2025-11-03 16:00:00+00:00,-0.15242975037127246,-0.33559105893280755,0.0669880657341974,-0.15510491314638616,-0.04460494797843973,0.3355463063038827,-0.0335626780752546
2025-11-03 17:00:00+00:00,-0.1624725211243363,-0.3282572767470366,0.049434472151949835,-0.17030660404542936,-0.060447435127103814,0.3355463063038827,-0.03674809130208378
2025-11-03 18:00:00+00:00,-0.17200020917559092,-0.3282572767470366,0.02562336327815768,-0.17497357145437295,-0.0759757520308533,0.3355463063038827,-0.03991747918303075
2025-11-03 19:00:00+00:00,-0.18140872231377117,-0.3282572767470366,0.008283607543544083,-0.18383437620991905,-0.09121008209247311,0.3344646831683722,-0.04616700618985036
2025-11-03 20:00:00+00:00,-0.18821885468426522,-0.3282572767470366,-0.008483338368070024,-0.18801552207502398,-0.10616899375417213,0.3344646831683722,-0.06107857467096794
2025-11-03 21:00:00+00:00,-0.18691242342642392,-0.3212723618634816,-0.0231457326931362,-0.18751824021221988,-0.1108685156894669,0.33427170255291233,-0.06011576680817215
2025-11-03 22:00:00+00:00,-0.18866478460447747,-0.3180676818620451,-0.031010467181138097,-0.19117292828330482,-0.11893300523816805,0.3347659676205827,-0.06311656608272614
2025-11-03 23:00:00+00:00,-0.19661511208963672,-0.3180676818620451,-0.03646504898370942,-0.19645322507056406,-0.12703815728848084,0.33526022536477335,-0.068557924845178
2025-11-04 00:00:00+00:00,-0.20682973066554206,-0.3111093963553624,-0.04522551387054788,-0.20351408807442645,-0.1366868140310825,0.3357145626727967,-0.068557924845178
2025-11-04 01:00:00+00:00,-0.21577421941841426,-0.31574518487294856,-0.05280827274411135,-0.2147380867320891,-0.1475840223661868,0.33454487468978117,-0.07477694573404185
2025-11-04 02:00:00+00:00,-0.21745522834406286,-0.31574518487294856,-0.05359893541480655,-0.21703731348184746,-0.1475840223661868,0.33454487468978117,-0.07497266605423299
2025-11-04 03:00:00+00:00,-0.21919159979737937,-0.31574518487294856,-0.05400446288933496,-0.21942696009734108,-0.14811387908645027,0.33454487468978117,-0.07517053217830195
2025-11-04 04:00:00+00:00,-0.2209861036272184,-0.3130453068407727,-0.05441024795053437,-0.2219128049318096,-0.14865536796257392,0.33454487468978117,-0.07612104834434952
2025-11-04 05:00:00+00:00,-0.2228417095866152,-0.3130453068407727,-0.05437083135528601,-0.2229251892231961,-0.14920880099669287,0.33454487468978117,-0.07655387224923957
2025-11-04 06:00:00+00:00,-0.2163171243415482,-0.31637639840098064,-0.039201981050663345,-0.22072378492554057,-0.14106343746148947,0.33454487468978117,-0.06957239885337295
2025-11-04 07:00:00+00:00,-0.21030177341225317,-0.32155666492485846,-0.030032050114493104,-0.21473724257057333,-0.13289866699841624,0.33454487468978117,-0.0677452451431094
2025-11-04 08:00:00+00:00,-0.20440436634378348,-0.32155666492485846,-0.01534390230947484,-0.2087940314980133,-0.11649637466954436,0.33454487468978117,-0.062153646057749326
2025-11-04 09:00:00+00:00,-0.19899848299732475,-0.3267827623920461,-0.006855444270515464,-0.20289261395080502,-0.1069701908322749,0.33389059740516064,-0.05854088459206069
2025-11-04 10:00:00+00:00,-0.1931234795555601,-0.3267827623920461,0.0014216676504029359,-0.20019502559963318,-0.09878137729695534,0.33389059740516064,-0.05354647109883541
2025-11-04 11:00:00+00:00,-0.1817738880692609,-0.3267827623920461,0.02298792139128906,-0.19482991269440775,-0.0907264344671495,0.33143007422845827,-0.04372786191626055
2025-11-04 12:00:00+00:00,-0.17003897210212768,-0.3267827623920461,0.044064833252169866,-0.18366943332107363,-0.0821082758082998,0.33143007422845827,-0.03393940054874919
2025-11-04 13:00:00+00:00,-0.16085425878960438,-0.3342922444415233,0.0641043526081793,-0.17256986347434441,-0.06456622094602057,0.33143007422845827,-0.027406019948823912
2025-11-04 14:00:00+00:00,-0.15178228808615338,-0.3342922444415233,0.08861163138139945,-0.16152870212767076,-0.047326328134593594,0.33143007422845827,-0.01762729434998822
2025-11-04 15:00:00+00:00,-0.13735768250001254,-0.3316608935163066,0.12048929689181047,-0.1456559142393557,-0.027660326796551855,0.32858290428857995,-0.00314072479249336
2025-11-04 16:00:00+00:00,-0.14716797525289715,-0.3244166521867217,0.10437112975851948,-0.1558224828266303,-0.043819087889831694,0.32643576690643467,-0.009428238485209234
2025-11-04 17:00:00+00:00,-0.15687659139086882,-0.3244166521867217,0.08306914339885715,-0.16595830129246952,-0.059739748775350265,0.32745114903538797,-0.018758540409297052
2025-11-04 18:00:00+00:00,-0.1660974378614816,-0.3190273385030027,0.06250954571212562,-0.1708174488252697,-0.07543651017720741,0.32745114903538797,-0.02790745922068529
2025-11-04 19:00:00+00:00,-0.1751920822982363,-0.30617025601436826,0.04262730875130775,-0.1800720333091711,-0.09092265550361545,0.3285048334479625,-0.0369061016193357
2025-11-04 20:00:00+00:00,-0.1763244524076245,-0.29874183691476647,0.028172429583350443,-0.18049871809522802,-0.11145034489989722,0.3283279939038363,-0.03680851716737159
2025-11-04 21:00:00+00:00,-0.1787046207688542,-0.2912580898964674,0.013863542412953745,-0.17958837561567453,-0.12934878451622597,0.3281619843158038,-0.03539081268134677
2025-11-04 22:00:00+00:00,-0.18214919113294598,-0.2912580898964674,0.006788739988360275,-0.18183214737957532,-0.13652854195990502,0.3286749433637819,-0.038418633493431685
2025-11-04 23:00:00+00:00,-0.18713516229898097,-0.2963759750171603,0.002151967413714442,-0.18447640249775085,-0.141201194348248,0.32966171415275913,-0.04501336449223695
2025-11-05 00:00:00+00:00,-0.19195619994340357,-0.2963759750171603,-0.004883511903133489,-0.18447640249775085,-0.14592754539578762,0.3301354616214248,-0.04670244672020642
2025-11-05 01:00:00+00:00,-0.19939958353886192,-0.3009045689577953,-0.01227263414203559,-0.19250234801295432,-0.15269222464408236,0.3295280139089271,-0.053393254927164506
2025-11-05 02:00:00+00:00,-0.20052201426668023,-0.3009045689577953,-0.012468656347789734,-0.1948793215001374,-0.15351991430827042,0.3294484976310281,-0.053393254927164506
2025-11-05 03:00:00+00:00,-0.2013320345339964,-0.3009045689577953,-0.012578682635600776,-0.1958779454033173,-0.15610714648052063,0.3293692778065852,-0.05379609379547183
2025-11-05 04:00:00+00:00,-0.20215727076106385,-0.3009045689577953,-0.012710431287346271,-0.19689416036255322,-0.1570278384710278,0.329290353819062,-0.054208915092804795
2025-11-05 05:00:00+00:00,-0.20299811711465593,-0.3009045689577953,-0.012743188003850613,-0.19851003162318667,-0.157984327753848,0.32925063372708824,-0.05449563163662843
2025-11-05 06:00:00+00:00,-0.1951685736762653,-0.3009045689577953,-0.0009532320707887794,-0.19386322129799236,-0.1547513814505865,0.32861456280331214,-0.0481158499220358
2025-11-05 07:00:00+00:00,-0.18683364622760232,-0.3009045689577953,0.008247041353491316,-0.1882981802506895,-0.14562634573940483,0.32797890897607557,-0.041499782889305316
2025-11-05 08:00:00+00:00,-0.1801128045005864,-0.3009045689577953,0.01721867296525158,-0.1819003838499219,-0.131071819264867,0.32738233496543734,-0.0365749621663001
2025-11-05 09:00:00+00:00,-0.1739046700822508,-0.3009045689577953,0.02825741636442623,-0.1755959966294166,-0.12234058523127926,0.32678601695767356,-0.03180469289823407
2025-11-05 10:00:00+00:00,-0.16738706253287772,-0.3009045689577953,0.03705550218204928,-0.17016286916250378,-0.11497702789076265,0.3261899536632628,-0.028721259268936535
2025-11-05 11:00:00+00:00,-0.15968940212586763,-0.3009045689577953,0.054777757274579585,-0.15948041431991294,-0.08345357883135973,0.32499767706873833,-0.01951251377633859
2025-11-05 12:00:00+00:00,-0.151766610057699,-0.2931571498197253,0.07187293095008783,-0.14883153631928703,-0.06664502919696944,0.32384392470638135,-0.0072584309228378545
2025-11-05 13:00:00+00:00,-0.14082398938000304,-0.2931571498197253,0.08805574022958462,-0.1382143026944818,-0.03352841160912661,0.3215744275566835,-0.001119784053543627
2025-11-05 14:00:00+00:00,-0.13002895418170873,-0.2931571498197253,0.10374445730353474,-0.13306969907454544,-0.00901599837372774,0.320458433998098,0.008055641845047099
2025-11-05 15:00:00+00:00,-0.12411154130422244,-0.30272145425583596,0.11465646922308982,-0.11842360461935371,0.0005001542945183378,0.3177872851013581,0.024051240832294263
2025-11-05 16:00:00+00:00,-0.1311176510545719,-0.29511078600575885,0.09651607984574385,-0.12377371184281971,-0.015585750672936858,0.3177872851013581,0.011695751778150272
2025-11-05 17:00:00+00:00,-0.13786671579446133,-0.29511078600575885,0.07873623917053256,-0.1335810031119637,-0.03917798165040404,0.3188648683817484,0.005555108795072759
2025-11-05 18:00:00+00:00,-0.14662234539557384,-0.289272106593574,0.06094225186664808,-0.13829271699362902,-0.06217237179453921,0.3188648683817484,-0.0035697163453807
2025-11-05 19:00:00+00:00,-0.15525898182658016,-0.28335633722751785,0.04367538577336908,-0.1472943754085024,-0.07758398917109972,0.3188648683817484,-0.015581821181141221
2025-11-05 20:00:00+00:00,-0.15825225316272565,-0.2755429357578076,0.02742012774214757,-0.14415765704551672,-0.09978986592962866,0.31987368242857056,-0.017777530862238353
2025-11-05 21:00:00+00:00,-0.1627224698923634,-0.2755429357578076,0.016931498805855507,-0.14737436294454576,-0.11037045582621019,0.3204024886910036,-0.02352655811363664
2025-11-05 22:00:00+00:00,-0.16713085413839307,-0.2755429357578076,0.00884536706245435,-0.15352323724280723,-0.11904078305166121,0.3209312758349938,-0.027952180374384406
2025-11-05 23:00:00+00:00,-0.171714201495687,-0.2755429357578076,-0.0010090049241914033,-0.16157266003105888,-0.13133486560130736,0.3214600449046087,-0.03263862464033513
2025-11-06 00:00:00+00:00,-0.17305897338146017,-0.2826615134022779,-0.006981192317082859,-0.1746178715573778,-0.14030663237818264,0.32247952451499884,-0.034239780716360975
2025-11-06 01:00:00+00:00,-0.1776280278673852,-0.2872594317855152,-0.010271723496772064,-0.18422234591508335,-0.14848813556827795,0.32198014556211857,-0.04301253189336545
2025-11-06 02:00:00+00:00,-0.17853006613601402,-0.2901435932317342,-0.010452106933819344,-0.18622204514671542,-0.15185891799144524,0.32198014556211857,-0.04333057116231677
2025-11-06 03:00:00+00:00,-0.17909255965194615,-0.2901435932317342,-0.010674056157345782,-0.1883012655232782,-0.1530371633648864,0.32195674834928356,-0.043768344576686435
2025-11-06 04:00:00+00:00,-0.179663669203545,-0.2901435932317342,-0.01085713812858375,-0.19211228196567287,-0.154625242304452,0.32193358794444604,-0.04421630202122864
2025-11-06 05:00:00+00:00,-0.18041738164815138,-0.2939485912405907,-0.006628445539399861,-0.1913246744164039,-0.15080626158894367,0.3205280001636109,-0.04521138328721153
2025-11-06 06:00:00+00:00,-0.17743728075751483,-0.2939485912405907,0.002760272822908233,-0.18274654763004572,-0.14267413291972258,0.31991526395535946,-0.042203830703915216
2025-11-06 07:00:00+00:00,-0.17261845156265726,-0.2939485912405907,0.011805432790829126,-0.17991585995681972,-0.13459011650796746,0.31934047815531547,-0.03758933097158158
2025-11-06 08:00:00+00:00,-0.16841644415852,-0.2939485912405907,0.022232700165733674,-0.1738563386665761,-0.12154942406422688,0.31876592375667395,-0.03303639275743045
2025-11-06 09:00:00+00:00,-0.16188811064005704,-0.2939485912405907,0.029072924693097964,-0.167866717384333,-0.1136375881212842,0.31876592375667395,-0.030100777872135397
2025-11-06 10:00:00+00:00,-0.15203427481229298,-0.292404689822092,0.03981770836703257,-0.15374887480617902,-0.09778519913573967,0.31711378364153514,-0.02811204457468649
2025-11-06 11:00:00+00:00,-0.14491936778521092,-0.2845191650712934,0.05380962306499903,-0.13764109981245287,-0.08193369679270622,0.31599162141638276,-0.02229485148862662
2025-11-06 12:00:00+00:00,-0.13534475907221147,-0.2845191650712934,0.06708826063837975,-0.11689270703367197,-0.06612368292323666,0.3148694308280051,-0.01648286823407854
2025-11-06 13:00:00+00:00,-0.12559910789438428,-0.2845191650712934,0.08301130572536528,-0.10095608677590222,-0.042131336038815775,0.3137841656110805,-0.010675778421967671
2025-11-06 14:00:00+00:00,-0.11229411807354134,-0.28222897268224706,0.11126267065798472,-0.0747936979961167,-0.010447511506281535,0.3119355524462799,0.0013281198016868098
2025-11-06 15:00:00+00:00,-0.10060589852902208,-0.2722357903663134,0.1406446343198737,-0.06188835081087108,0.008818717838625622,0.3101421432985541,0.013070521899176426
2025-11-06 16:00:00+00:00,-0.10735896278721453,-0.2722357903663134,0.12252912488099377,-0.07239611855543052,-0.007150404617541627,0.3112297323698949,0.004099237516415567
2025-11-06 17:00:00+00:00,-0.11621072791520695,-0.2722357903663134,0.10419259439377031,-0.08282799132962007,-0.030855054083619715,0.31231680750881924,-0.001862033424715675
2025-11-06 18:00:00+00:00,-0.12272340913206652,-0.26596452910021395,0.08967549175666324,-0.08791331729289702,-0.06255193865176131,0.31452642726629,-0.013672038785052885
2025-11-06 19:00:00+00:00,-0.12578871043372822,-0.25596500664438937,0.08370786498894604,-0.08592328809381822,-0.07855436139689095,0.3156220727026708,-0.01654799663227839
2025-11-06 20:00:00+00:00,-0.12979508183790897,-0.24774871935638793,0.07775930061533559,-0.08609808867709884,-0.09464877338846361,0.31674714017559036,-0.02093372241370412
2025-11-06 21:00:00+00:00,-0.13548503322669123,-0.24774871935638793,0.06847033509563315,-0.0881926340886828,-0.10289702182505067,0.3172996442969268,-0.025318216781994855
2025-11-06 22:00:00+00:00,-0.14029961830578236,-0.24774871935638793,0.057440344595939136,-0.09291373532757354,-0.10289702182505067,0.3183672330495477,-0.026820771329725726
2025-11-06 23:00:00+00:00,-0.14470245789113378,-0.2534019364158252,0.05077627994241116,-0.10085651031119405,-0.11230485675126146,0.31943458403164554,-0.029966580351148207
2025-11-07 00:00:00+00:00,-0.1495856287373129,-0.2534019364158252,0.04410508127174583,-0.1129095962715889,-0.1219522711121838,0.3205017059293226,-0.03323163774050651
2025-11-07 01:00:00+00:00,-0.1561725649369189,-0.2581617349733413,0.0385762840236098,-0.12355348234596848,-0.13250330097683782,0.32009516185564296,-0.0409708621195602
2025-11-07 02:00:00+00:00,-0.15706574443395405,-0.2581617349733413,0.0381436686347791,-0.12567803665302862,-0.1346932348074683,0.3200058067496028,-0.04158860659392651
2025-11-07 03:00:00+00:00,-0.1577722777478919,-0.2581617349733413,0.0377342432912157,-0.12789439335878944,-0.13620293829346103,0.31997652519798037,-0.042219652777801986
2025-11-07 04:00:00+00:00,-0.158488050382907,-0.25522608464050034,0.037305891033071525,-0.13020971826568115,-0.13855196824736601,0.3199560370021333,-0.042864583315817675
2025-11-07 05:00:00+00:00,-0.1604046362868343,-0.2591656222378282,0.03939301749460809,-0.13090907438727314,-0.13977522562537611,0.31814285881961135,-0.046197736557609004
2025-11-07 06:00:00+00:00,-0.15778351408459457,-0.2591656222378282,0.045197713373402865,-0.12610795592476706,-0.1339528614957023,0.3169608563027863,-0.04203726919685613
2025-11-07 07:00:00+00:00,-0.1530557543949337,-0.2591656222378282,0.05679217564246787,-0.12354553795235712,-0.12647376182884562,0.3163889069392329,-0.037718512349979694
2025-11-07 08:00:00+00:00,-0.1488702837954509,-0.2643830485906074,0.06199369428109246,-0.12098640448828844,-0.118983337703725,0.3158172948101482,-0.03344934545629604
2025-11-07 09:00:00+00:00,-0.1446914144395664,-0.2643830485906074,0.07150780909516215,-0.11843043440788385,-0.11147831973554975,0.314711719247414,-0.029291894430834513
2025-11-07 10:00:00+00:00,-0.14044523738645323,-0.2629895224827222,0.08070675592441914,-0.10958739517293817,-0.10842494003789625,0.3126775741984845,-0.021026176378140186
2025-11-07 11:00:00+00:00,-0.132484438887345,-0.2629895224827222,0.09257254360470413,-0.09928348913165824,-0.0925118973786526,0.31156651275187125,-0.01546038613584829
2025-11-07 12:00:00+00:00,-0.12637904102375688,-0.25692024372278466,0.10726522418965265,-0.08893964737726452,-0.07653172429574819,0.31049178743196965,-0.00707030800776208
2025-11-07 13:00:00+00:00,-0.12023621788541926,-0.27084753597874744,0.11884961024604358,-0.07855354549183041,-0.06872595627484712,0.3083780609522823,0.0013428128637521244
2025-11-07 14:00:00+00:00,-0.11188449316549831,-0.27084753597874744,0.13304325082978935,-0.06812280207308125,-0.05258158166370759,0.30733883710510435,0.009780119481664726
2025-11-07 15:00:00+00:00,-0.10289770083830294,-0.2686403690004379,0.15107730544422274,-0.05581474576743018,-0.032911187271403866,0.3051496070436464,0.019305441396965602
2025-11-07 16:00:00+00:00,-0.11290643399969023,-0.2686403690004379,0.13203094587254063,-0.06751685335952647,-0.050819292547883164,0.30837192671196395,0.01626549142153149
2025-11-07 17:00:00+00:00,-0.1253933828366008,-0.2686403690004379,0.11598239377253475,-0.07928538707542697,-0.06799586918916035,0.3094806777105414,0.010138875681839228
2025-11-07 18:00:00+00:00,-0.1327520216944498,-0.2686403690004379,0.0996506037226763,-0.07928538707542697,-0.08488141194396462,0.3105889590457046,0.001008796610283351
2025-11-07 19:00:00+00:00,-0.13850777873882988,-0.26505422444115323,0.09011053269449308,-0.067140476726512,-0.08624068056982956,0.3107017955537288,-0.0026202453043567566
2025-11-07 20:00:00+00:00,-0.14094638494436187,-0.26505422444115323,0.08145652313656791,-0.06149556489153332,-0.08624068056982956,0.3107017955537288,-0.005769198289397923
2025-11-07 21:00:00+00:00,-0.1432508209011216,-0.26505422444115323,0.07138514805506352,-0.055763592593908375,-0.09016148131105287,0.3112740433503356,-0.0104357227520244
2025-11-07 22:00:00+00:00,-0.1465962609552354,-0.26505422444115323,0.05992941420148875,-0.05872259760463632,-0.09959500984165924,0.3118462847547538,-0.013559349364899977
2025-11-07 23:00:00+00:00,-0.14943296877179707,-0.26505422444115323,0.050509242178261374,-0.0651367578976715,-0.10465672674853196,0.31241852088929645,-0.01516702915292895
2025-11-08 00:00:00+00:00,-0.1525661254430528,-0.26505422444115323,0.04120116483107288,-0.07159105671074581,-0.10977463401266724,0.31299075287496925,-0.016795515132765875
2025-11-08 01:00:00+00:00,-0.15572836797410827,-0.26505422444115323,0.030216769719333018,-0.07808732855074035,-0.11944848710610814,0.31359936375231867,-0.01844871667447627
2025-11-08 02:00:00+00:00,-0.15658083337979106,-0.26817867151054225,0.029647038744078945,-0.07886676347374666,-0.12075422432152147,0.3136927534703248,-0.019102819362682807
2025-11-08 03:00:00+00:00,-0.15799392551904287,-0.26505422444115323,0.02907387765205165,-0.07965697221280836,-0.12075422432152147,0.31375797074501516,-0.019688640486579236
2025-11-08 04:00:00+00:00,-0.1590300477975611,-0.2573730942409488,0.028496948721098963,-0.08017192446421666,-0.12104403473543551,0.3138234092254509,-0.020070845049413928
2025-11-08 05:00:00+00:00,-0.16008297404805322,-0.2573730942409488,0.02795386443369948,-0.08098084563054464,-0.12104403473543551,0.3138890690898483,-0.020070845049413928
2025-11-08 06:00:00+00:00,-0.16617175318735106,-0.2610901991947132,0.03264219139517107,-0.08122900747276603,-0.11848321822276138,0.31398048106281023,-0.018038506241455084
2025-11-08 07:00:00+00:00,-0.16473399649428253,-0.2657769329936705,0.04093494581824272,-0.07861199844079965,-0.11003703961816284,0.3130687288787297,-0.013975206073245173
2025-11-08 08:00:00+00:00,-0.16328877353186372,-0.2657769329936705,0.04917609583601838,-0.07861199844079965,-0.11003703961816284,0.31263107523126293,-0.00995139695688896
2025-11-08 09:00:00+00:00,-0.16183591759638258,-0.2657769329936705,0.06049463088180941,-0.08122900747276603,-0.10619047429462276,0.3121934257284042,-0.005978997720216293
2025-11-08 10:00:00+00:00,-0.1597649093017957,-0.2704316703809726,0.07109183107078398,-0.07622180657927957,-0.10619047429462276,0.3113543768162338,-0.003348940346752995
2025-11-08 11:00:00+00:00,-0.15767596476835194,-0.2704316703809726,0.08018181432804268,-0.07622180657927957,-0.09912545603723742,0.31095292578186357,0.0019269108187460649
2025-11-08 12:00:00+00:00,-0.15919528759394957,-0.2731514626539658,0.09433643537999152,-0.0776242367413156,-0.08911078987371183,0.31094479906171146,0.00666167820564939
2025-11-08 13:00:00+00:00,-0.1534024530847561,-0.2731514626539658,0.1133064196164439,-0.07209823546059342,-0.08160114216063111,0.3090306821166363,0.015035087191602103
2025-11-08 14:00:00+00:00,-0.1514540585453601,-0.2731514626539658,0.13261914852510012,-0.06657057257907087,-0.06676752512423226,0.30711423114128433,0.02062290566895578
2025-11-08 15:00:00+00:00,-0.14744974021783852,-0.2805300824089438,0.15229958705067212,-0.06104095132382019,-0.0507379892197524,0.3061730536088667,0.026219554417896897
2025-11-08 16:00:00+00:00,-0.15348491065760833,-0.27091492886934476,0.12918144045409574,-0.06723929353204605,-0.0693861630343159,0.3073007295621716,0.02002258193706374
2025-11-08 17:00:00+00:00,-0.1734129018801889,-0.27091492886934476,0.10505839465744682,-0.06723929353204605,-0.07853572352311498,0.3073007295621716,0.010672835743012584
2025-11-08 18:00:00+00:00,-0.1921747172308964,-0.2630022477068417,0.08412217192512134,-0.06723929353204605,-0.07853572352311498,0.3073007295621716,0.0044591615738191264
