time_utc,5.56x45mm M995,6.8x51mm Hybrid,7.62x39mm AP,7.62x51mm M62,7.62x54R BT,9x19mm PBP,9x39mm BP
2025-09-21 18:00:00+00:00,,,,,,,
2025-09-21 19:00:00+00:00,,,,,,,
2025-09-21 20:00:00+00:00,,,,,,,
2025-09-21 21:00:00+00:00,,,,,,,
2025-09-21 22:00:00+00:00,,,,,,,
2025-09-21 23:00:00+00:00,,,,,,,
2025-09-22 00:00:00+00:00,,,,,,,
2025-09-22 01:00:00+00:00,,,,,,,
2025-09-22 02:00:00+00:00,,,,,,,
2025-09-22 03:00:00+00:00,,,,,,,
2025-09-22 04:00:00+00:00,,,,,,,
2025-09-22 05:00:00+00:00,,,,,,,
2025-09-22 06:00:00+00:00,,,,,,,
2025-09-22 07:00:00+00:00,,,,,,,
2025-09-22 08:00:00+00:00,,,,,,,
2025-09-22 09:00:00+00:00,,,,,,,
2025-09-22 10:00:00+00:00,,,,,,,
2025-09-22 11:00:00+00:00,,,,,,,
2025-09-22 12:00:00+00:00,,,,,,,
2025-09-22 13:00:00+00:00,,,,,,,
2025-09-22 14:00:00+00:00,,,,,,,
2025-09-22 15:00:00+00:00,,,,,,,
2025-09-22 16:00:00+00:00,,,,,,,
2025-09-22 17:00:00+00:00,,,,,,,
2025-09-22 18:00:00+00:00,,,,,,,
2025-09-22 19:00:00+00:00,,,,,,,
2025-09-22 20:00:00+00:00,,,,,,,
2025-09-22 21:00:00+00:00,,,,,,,
2025-09-22 22:00:00+00:00,,,,,,,
2025-09-22 23:00:00+00:00,,,,,,,
2025-09-23 00:00:00+00:00,,,,,,,
2025-09-23 01:00:00+00:00,,,,,,,
2025-09-23 02:00:00+00:00,,,,,,,
2025-09-23 03:00:00+00:00,,,,,,,
2025-09-23 04:00:00+00:00,,,,,,,
2025-09-23 05:00:00+00:00,,,,,,,
2025-09-23 06:00:00+00:00,,,,,,,
2025-09-23 07:00:00+00:00,,,,,,,
2025-09-23 08:00:00+00:00,,,,,,,
2025-09-23 09:00:00+00:00,,,,,,,
2025-09-23 10:00:00+00:00,,,,,,,
2025-09-23 11:00:00+00:00,,,,,,,
2025-09-23 12:00:00+00:00,,,,,,,
2025-09-23 13:00:00+00:00,,,,,,,
2025-09-23 14:00:00+00:00,,,,,,,
2025-09-23 15:00:00+00:00,,,,,,,
2025-09-23 16:00:00+00:00,,,,,,,
2025-09-23 17:00:00+00:00,,,,,,,
2025-09-23 18:00:00+00:00,,,,,,,
2025-09-23 19:00:00+00:00,,,,,,,
2025-09-23 20:00:00+00:00,,,,,,,
2025-09-23 21:00:00+00:00,,,,,,,
2025-09-23 22:00:00+00:00,,,,,,,
2025-09-23 23:00:00+00:00,,,,,,,
2025-09-24 00:00:00+00:00,,,,,,,
2025-09-24 01:00:00+00:00,,,,,,,
2025-09-24 02:00:00+00:00,,,,,,,
2025-09-24 03:00:00+00:00,,,,,,,
2025-09-24 04:00:00+00:00,,,,,,,
2025-09-24 05:00:00+00:00,,,,,,,
2025-09-24 06:00:00+00:00,,,,,,,
2025-09-24 07:00:00+00:00,,,,,,,
2025-09-24 08:00:00+00:00,,,,,,,
2025-09-24 09:00:00+00:00,,,,,,,
2025-09-24 10:00:00+00:00,,,,,,,
2025-09-24 11:00:00+00:00,,,,,,,
2025-09-24 12:00:00+00:00,,,,,,,
2025-09-24 13:00:00+00:00,,,,,,,
2025-09-24 14:00:00+00:00,,,,,,,
2025-09-24 15:00:00+00:00,,,,,,,
2025-09-24 16:00:00+00:00,,,,,,,
2025-09-24 17:00:00+00:00,,,,,,,
2025-09-24 18:00:00+00:00,,,,,,,
2025-09-24 19:00:00+00:00,,,,,,,
2025-09-24 20:00:00+00:00,,,,,,,
2025-09-24 21:00:00+00:00,,,,,,,
2025-09-24 22:00:00+00:00,,,,,,,
2025-09-24 23:00:00+00:00,,,,,,,
2025-09-25 00:00:00+00:00,,,,,,,
2025-09-25 01:00:00+00:00,,,,,,,
2025-09-25 02:00:00+00:00,,,,,,,
2025-09-25 03:00:00+00:00,,,,,,,
2025-09-25 04:00:00+00:00,,,,,,,
2025-09-25 05:00:00+00:00,,,,,,,
2025-09-25 06:00:00+00:00,,,,,,,
2025-09-25 07:00:00+00:00,,,,,,,
2025-09-25 08:00:00+00:00,,,,,,,
2025-09-25 09:00:00+00:00,,,,,,,
2025-09-25 10:00:00+00:00,,,,,,,
2025-09-25 11:00:00+00:00,,,,,,,
2025-09-25 12:00:00+00:00,,,,,,,
2025-09-25 13:00:00+00:00,,,,,,,
2025-09-25 14:00:00+00:00,,,,,,,
2025-09-25 15:00:00+00:00,,,,,,,
2025-09-25 16:00:00+00:00,,,,,,,
2025-09-25 17:00:00+00:00,,,,,,,
2025-09-25 18:00:00+00:00,,,,,,,
2025-09-25 19:00:00+00:00,,,,,,,
2025-09-25 20:00:00+00:00,,,,,,,
2025-09-25 21:00:00+00:00,,,,,,,
2025-09-25 22:00:00+00:00,,,,,,,
2025-09-25 23:00:00+00:00,,,,,,,
2025-09-26 00:00:00+00:00,,,,,,,
2025-09-26 01:00:00+00:00,,,,,,,
2025-09-26 02:00:00+00:00,,,,,,,
2025-09-26 03:00:00+00:00,,,,,,,
2025-09-26 04:00:00+00:00,,,,,,,
2025-09-26 05:00:00+00:00,,,,,,,
2025-09-26 06:00:00+00:00,,,,,,,
2025-09-26 07:00:00+00:00,,,,,,,
2025-09-26 08:00:00+00:00,,,,,,,
2025-09-26 09:00:00+00:00,,,,,,,
2025-09-26 10:00:00+00:00,,,,,,,
2025-09-26 11:00:00+00:00,,,,,,,
2025-09-26 12:00:00+00:00,,,,,,,
2025-09-26 13:00:00+00:00,,,,,,,
2025-09-26 14:00:00+00:00,,,,,,,
2025-09-26 15:00:00+00:00,,,,,,,
2025-09-26 16:00:00+00:00,,,,,,,
2025-09-26 17:00:00+00:00,-0.47579030086793633,-0.1998151513771584,-0.12158570969255801,-0.11708768087613472,-0.1493440134713095,0.48883676473155113,-0.39492362749370963
2025-09-26 18:00:00+00:00,-0.4757784206039923,-0.19785381565657859,-0.12119281765950236,-0.11615257991756424,-0.14937452802947038,0.48884826312614543,-0.3946081056924431
2025-09-26 19:00:00+00:00,-0.47032248924324055,-0.21425280147327241,-0.12637836579036835,-0.1258956978853075,-0.14725562016264448,0.488867478738167,-0.3953070166712246
2025-09-26 20:00:00+00:00,-0.4713586410088547,-0.23183633600508727,-0.13140119992310123,-0.13526903022161468,-0.14520543585672324,0.48676597121751713,-0.39848058684080284
2025-09-26 21:00:00+00:00,-0.4723786375323023,-0.24825686640785025,-0.13626924537133195,-0.144293359557079,-0.14322046145907466,0.48243488487458003,-0.4015628012476201
2025-09-26 22:00:00+00:00,-0.4717602989651943,-0.24368810237970429,-0.1358442517222154,-0.1430684991108422,-0.14327308861815907,0.48246783965249485,-0.40152467115135504
2025-09-26 23:00:00+00:00,-0.4684325720383375,-0.243106703897093,-0.13530808882766354,-0.1418755836106594,-0.14332487377507938,0.48243183572054665,-0.3981196679732753
2025-09-27 00:00:00+00:00,-0.43674332316592407,-0.24343768780745778,-0.14005310686256045,-0.15038856636870723,-0.12766528053518794,0.4731326962102453,-0.37542054297618965
2025-09-27 01:00:00+00:00,-0.43083847880162757,-0.2432729523653586,-0.13971780724648675,-0.15030818768567475,-0.127717540186777,0.47182820182631713,-0.3726639745834232
2025-09-27 02:00:00+00:00,-0.4253237489511492,-0.24311082775919196,-0.1391430808218088,-0.15022906645803008,-0.12776898347256163,0.46975958274861823,-0.37004035217173326
2025-09-27 03:00:00+00:00,-0.4371484971718829,-0.23915527350452678,-0.15378300910215073,-0.13751935711555127,-0.14087491093902857,0.4782038457578938,-0.3807266472370936
2025-09-27 04:00:00+00:00,-0.44830213515638845,-0.23533356196633018,-0.1460604594366863,-0.12529066665014857,-0.140665934698842,0.487372496706155,-0.3908996718999758
2025-09-27 05:00:00+00:00,-0.4429842280569616,-0.23521329784837594,-0.14559001343031674,-0.1243624324929842,-0.14069730926056534,0.48176086747557506,-0.3899174879807217
2025-09-27 06:00:00+00:00,-0.437967441864192,-0.2350948795208707,-0.14496384957185054,-0.12345658929972499,-0.14072820970633093,0.47501297036980533,-0.3894974264737091
2025-09-27 07:00:00+00:00,-0.4332261275098069,-0.2340443203191825,-0.1443698558401428,-0.1225723060775969,-0.14075864670348603,0.4686857105737725,-0.388531737768133
2025-09-27 08:00:00+00:00,-0.4435766403246779,-0.22281204413651123,-0.13684447857558557,-0.10090234489905145,-0.14054545149575148,0.47960961812040115,-0.381425112250878
2025-09-27 09:00:00+00:00,-0.45040362708070963,-0.2119663366871285,-0.1295599398964805,-0.08038509019860583,-0.14034551207271326,0.489902937131422,-0.3713234779373751
2025-09-27 10:00:00+00:00,-0.45696769824795735,-0.2052424006710085,-0.12250417646106233,-0.07032983327252207,-0.1401579371955148,0.4990473588260264,-0.3676769561516964
2025-09-27 11:00:00+00:00,-0.46607137332720905,-0.19872439572729378,-0.11566595455684345,-0.06061545850417983,-0.1399819077950275,0.5070260483362637,-0.3668662799854818
2025-09-27 12:00:00+00:00,-0.463926651801131,-0.19847337739391657,-0.11543622650630357,-0.06030621214235853,-0.13918365852310852,0.5034845280160758,-0.36685105013820135
2025-09-27 13:00:00+00:00,-0.4698552640694076,-0.192195789284082,-0.1088580783046289,-0.051011613999578036,-0.13892194161300914,0.5102231866251042,-0.366066879515088
2025-09-27 14:00:00+00:00,-0.4669657829959492,-0.1825378615350513,-0.12204247701931684,-0.042019132179725666,-0.15023993617042625,0.5132698358877053,-0.36531827182168664
2025-09-27 15:00:00+00:00,-0.46696567297649183,-0.18208634478724464,-0.12188933504518629,-0.0419000951970972,-0.1502382424515517,0.5115222134011221,-0.36528166020859715
2025-09-27 16:00:00+00:00,-0.4669655644953557,-0.1816444075857593,-0.12173889798038447,-0.0417837080956354,-0.14938751318842614,0.5106518609369555,-0.36524557142167496
2025-09-27 17:00:00+00:00,-0.46482336799900337,-0.18121174447330296,-0.12159109445396687,-0.04133078376112485,-0.14197014121090468,0.5084617198817453,-0.3652280185603555
2025-09-27 18:00:00+00:00,-0.46273933431423636,-0.18035921034441146,-0.12054996468821483,-0.04089822966930736,-0.13564077918695236,0.5063291553083136,-0.3650232763484305
2025-09-27 19:00:00+00:00,-0.4724773125321478,-0.19398684880279218,-0.12512668773141314,-0.055944095013688536,-0.15330628542303598,0.5111711023719168,-0.3684920004377035
2025-09-27 20:00:00+00:00,-0.4929137783335297,-0.22447371961068655,-0.1325891468397021,-0.0841635329052842,-0.18689687889345197,0.5134505904903459,-0.37141998538584015
2025-09-27 21:00:00+00:00,-0.5013279949007771,-0.23805389315665806,-0.13681113330209685,-0.10356089159298411,-0.20179988625303488,0.516833883836795,-0.3746693435712505
2025-09-27 22:00:00+00:00,-0.496784741288852,-0.23686132491276213,-0.13651168140208203,-0.10225341695019119,-0.1981286589663461,0.5153188341968012,-0.37449676261670617
2025-09-27 23:00:00+00:00,-0.49679089872180754,-0.23663510350760047,-0.13573836342430662,-0.10187089677649575,-0.19725007378130216,0.5138346761581765,-0.372582753704883
2025-09-28 00:00:00+00:00,-0.4967969744375285,-0.2366148694931947,-0.13544125843384494,-0.10188788135664907,-0.19383985261146144,0.5123804576972486,-0.3697683255093397
2025-09-28 01:00:00+00:00,-0.49680297005282226,-0.2365949025020066,-0.13469753951649643,-0.10190464156198571,-0.19303462157109452,0.5115322214042182,-0.36706363106211776
2025-09-28 02:00:00+00:00,-0.4945052194685552,-0.23457019672056748,-0.14661550938546666,-0.10203623274829131,-0.1828769180120688,0.5020855329388546,-0.3758084541538376
2025-09-28 03:00:00+00:00,-0.4945073741161892,-0.23455504053687531,-0.1463385009264495,-0.10204787908343167,-0.1799948853159191,0.5013145098907243,-0.3731266679258569
2025-09-28 04:00:00+00:00,-0.4922799842315497,-0.23259294568326522,-0.15779876724938813,-0.10217502358254123,-0.15893456960269445,0.49219664768777904,-0.38144885175319726
2025-09-28 05:00:00+00:00,-0.49227828685046665,-0.2324237093576333,-0.15754348925993147,-0.10218181872427844,-0.15668078085009235,0.49149746901367,-0.3796990005191423
2025-09-28 06:00:00+00:00,-0.4922766113423165,-0.23192699701620983,-0.15652279399286825,-0.10218852703892402,-0.15453584712337293,0.4911799021882941,-0.379645523482756
2025-09-28 07:00:00+00:00,-0.49227495728706766,-0.23094326439425703,-0.15626948308732103,-0.10190436731673491,-0.15249151938277744,0.4908668468067366,-0.37935261660125835
2025-09-28 08:00:00+00:00,-0.4849607136113451,-0.21962648534498264,-0.16718224260874484,-0.08654774306476061,-0.12260132020382193,0.4842763118209428,-0.37312593029675223
2025-09-28 09:00:00+00:00,-0.47183231275561843,-0.21192485123030763,-0.1608746760515164,-0.0718050696886941,-0.09499805933116269,0.4798470003391744,-0.3670637428501373
2025-09-28 10:00:00+00:00,-0.4649845329139424,-0.20443100918257198,-0.154731960247344,-0.06508735331496157,-0.07885727390961658,0.4755361094822301,-0.3682145948456502
2025-09-28 11:00:00+00:00,-0.45831396801058105,-0.19713634387040455,-0.12848435068925432,-0.05854798275749185,-0.06339579833646965,0.47133865786513035,-0.3693466167007938
2025-09-28 12:00:00+00:00,-0.4518134292564679,-0.19300902896360414,-0.08370790768400628,-0.05917794612312621,-0.04857082937712723,0.46724995113840523,-0.36834460821769016
2025-09-28 13:00:00+00:00,-0.43982664300694846,-0.18604327276527194,-0.04527849788800469,-0.05287324892615115,-0.03434314650693497,0.4650284090793741,-0.36737473852199853
2025-09-28 14:00:00+00:00,-0.42818245800699195,-0.17925495830280647,-0.011674706673287301,-0.039748432080232446,-0.020676739173321735,0.46286774435215144,-0.36643554728524563
2025-09-28 15:00:00+00:00,-0.42706705568471964,-0.17915100208917029,-0.01203079855332703,-0.039860256567970764,-0.020904531224108416,0.46285980131778137,-0.36615507490878935
2025-09-28 16:00:00+00:00,-0.42597614520889454,-0.17904901380698396,-0.012407263326025129,-0.03993769550524403,-0.021127293022057573,0.4608698343240878,-0.3661114490662856
2025-09-28 17:00:00+00:00,-0.4249089207613618,-0.17894893978550658,-0.012770185167902171,-0.040015265300206326,-0.021313221019460583,0.4589338068266048,-0.3659841407966456
2025-09-28 18:00:00+00:00,-0.416398031261787,-0.18559884118122094,-0.010740753503201146,-0.04165309119046228,-0.03258606144737646,0.44966949395616634,-0.36051426338702325
2025-09-28 19:00:00+00:00,-0.416398031261787,-0.1959552217687314,-0.023482606454760937,-0.04861178012917967,-0.0563014971905678,0.44966949395616634,-0.35498388525200464
2025-09-28 20:00:00+00:00,-0.416398031261787,-0.2056380900193517,-0.04758808294446039,-0.068517598924103,-0.08687649957986512,0.4485484893074708,-0.3531326501878544
2025-09-28 21:00:00+00:00,-0.41433617879929735,-0.21718680079574157,-0.07027184969713421,-0.08782657821021203,-0.10299205870018169,0.4485484893074708,-0.34676747803943325
2025-09-28 22:00:00+00:00,-0.4068563522044839,-0.22395389767225798,-0.06781030090157615,-0.08986561656311666,-0.11533022435938911,0.442683988059781,-0.3446441702449242
2025-09-28 23:00:00+00:00,-0.40601112633018627,-0.22567548036058996,-0.06776103489379702,-0.09059255976301994,-0.11526269595346499,0.442683988059781,-0.34119022569232127
2025-09-29 00:00:00+00:00,-0.40601112633018627,-0.2306277794846212,-0.06776103489379702,-0.09226443900985752,-0.11616666145080333,0.442683988059781,-0.342308208253602
2025-09-29 01:00:00+00:00,-0.4058878651110905,-0.23265177860695613,-0.04327045081172827,-0.08882006042956364,-0.10532964352006174,0.43165594300063775,-0.35309817585047565
2025-09-29 02:00:00+00:00,-0.40586594402563453,-0.23522228194778552,-0.0311069019568748,-0.08562482720065838,-0.09490019519080597,0.42296725420421055,-0.3638149086106451
2025-09-29 03:00:00+00:00,-0.40594380218386206,-0.23838203882393283,-0.009135601665190857,-0.08267876080232571,-0.08486157557440578,0.41439616995499223,-0.3725357859967576
2025-09-29 04:00:00+00:00,-0.4061199847967553,-0.2421819917018231,0.011385037292408364,-0.07998260100326696,-0.0751980873462623,0.4059384038162875,-0.3814170955380567
2025-09-29 05:00:00+00:00,-0.40996558505640496,-0.2449896427970268,0.0306075018929503,-0.07753785454088487,-0.06589500235723428,0.3973376219865117,-0.3878402612550142
2025-09-29 06:00:00+00:00,-0.4102886060488155,-0.24378124847646537,0.048661664082992113,-0.0817402807132589,-0.06403647268014923,0.3908090837674614,-0.38694216945531934
2025-09-29 07:00:00+00:00,-0.40134720208818264,-0.24160401670241033,0.06565901803279295,-0.07852930673916247,-0.05530567483560565,0.3843674961288238,-0.38202623758945303
2025-09-29 08:00:00+00:00,-0.391724700207366,-0.23654753644916546,0.08118113209858951,-0.06799137776368476,-0.046902134670086214,0.37791221297987754,-0.37711692687400433
2025-09-29 09:00:00+00:00,-0.3823808935879137,-0.231822182906159,0.08926767617880023,-0.057827743880639396,-0.039981039411988654,0.3715658438784337,-0.37180423723347483
2025-09-29 10:00:00+00:00,-0.37330711525031307,-0.23056092084732557,0.09711599680220137,-0.04802267682788746,-0.032153647868161356,0.36532519436005423,-0.3725321998457628
2025-09-29 11:00:00+00:00,-0.3692116294566545,-0.22960522518460888,0.11089512195835702,-0.038561400303534374,-0.024621913313427692,0.360947382564296,-0.373203543347177
2025-09-29 12:00:00+00:00,-0.3605711650781751,-0.228960910578806,0.12447236602456188,-0.029430020519041998,-0.017375993461936787,0.3566519182651205,-0.37549996806955427
2025-09-29 13:00:00+00:00,-0.35675959248554506,-0.22863488808077542,0.13736367779434785,-0.020615462862954924,-0.010406633663965987,0.3541816179561852,-0.37609205742522583
2025-09-29 14:00:00+00:00,-0.35285609624269676,-0.2145130114109368,0.1444347415512676,-0.009102476038562396,0.009370547968273368,0.35132365761994494,-0.3845629864589439
2025-09-29 15:00:00+00:00,-0.3446869217614531,-0.21460736939248862,0.1502890256370405,-0.000803374280174255,0.016095712068794808,0.3492244848853501,-0.38342695820575595
2025-09-29 16:00:00+00:00,-0.3474942097941719,-0.24814079772879843,0.16503063773524554,0.0009312413368855969,0.028534399113821718,0.3180611005867695,-0.37563848395162214
2025-09-29 17:00:00+00:00,-0.33466596358619055,-0.24620929314628556,0.17570708132144194,0.014126905144683405,0.03791258890983133,0.30704020849886776,-0.37015753575490107
2025-09-29 18:00:00+00:00,-0.3212039698148964,-0.2502977146862909,0.18709139382232753,0.023497202340736947,0.05379408580710395,0.2866639099840932,-0.35848380557025666
2025-09-29 19:00:00+00:00,-0.29847278155915236,-0.23394520719212522,0.19797625377050806,0.03227233122379238,0.07810792158274325,0.2697769006106139,-0.3391897021539508
2025-09-29 20:00:00+00:00,-0.2687867320037664,-0.21845080044972293,0.20362061639474247,0.04938995200672849,0.10197514009859106,0.252934706059132,-0.3126020206728822
2025-09-29 21:00:00+00:00,-0.23375668106229813,-0.2037588813424184,0.21379357442049352,0.06846790200373981,0.11609765741934068,0.236125095396125,-0.2894319372483699
2025-09-29 22:00:00+00:00,-0.22208385581577836,-0.19948802272202576,0.2228272831740384,0.08172462437418267,0.12611230851953542,0.22574141675167997,-0.2878738219652981
2025-09-29 23:00:00+00:00,-0.21983705406235418,-0.20077914816088668,0.2271452614455435,0.08151633443913253,0.12708226956872246,0.217215864146947,-0.29657757935333573
2025-09-30 00:00:00+00:00,-0.17017815880213566,-0.17459076908100082,0.21105152812845945,0.07014031175122726,0.1506137436787334,0.09884129843077352,-0.3104136033205332
2025-09-30 01:00:00+00:00,-0.12179960868135169,-0.14753918636123628,0.20983181736441295,0.06518342828182681,0.17097456808198766,0.029347998420914564,-0.33048022771462177
2025-09-30 02:00:00+00:00,-0.09337283899720829,-0.13563002050606512,0.21510323208022913,0.06301078827903941,0.1895739272770786,-0.01671635541027354,-0.3428896179891749
2025-09-30 03:00:00+00:00,-0.07249071950144544,-0.12829853921478507,0.2573420150958252,0.061107658881047314,0.20580092907941994,-0.05380294752931252,-0.3556454843455366
2025-09-30 04:00:00+00:00,-0.054295871831252236,-0.11762943533880911,0.293016338939411,0.06599956919911941,0.22043149343348306,-0.07445264043096766,-0.3669576713184454
2025-09-30 05:00:00+00:00,-0.04347133079569978,-0.11915476254572864,0.2936440118430621,0.06420276834740622,0.2344310962312067,-0.0932240310447789,-0.3715012838311274
2025-09-30 06:00:00+00:00,-0.03400502967484625,-0.1211804386824461,0.32257546552551963,0.06236599633578172,0.24745169655412974,-0.10964142069314349,-0.3354755717146551
2025-09-30 07:00:00+00:00,-0.02627062422466203,-0.0971859980339372,0.3479669630650392,0.08356058254931148,0.25847019930380327,-0.11834991210724287,-0.30557538747859053
2025-09-30 08:00:00+00:00,-0.019076148257439692,-0.07308446446214244,0.34676388539925396,0.12412618775885705,0.2917839231604588,-0.12644698006532626,-0.26818853505895934
2025-09-30 09:00:00+00:00,-0.013126413436613433,-0.06514874124843541,0.34638899858249217,0.15915981447207675,0.3209935425462485,-0.1335823945811446,-0.24378182061710124
2025-09-30 10:00:00+00:00,-0.01984021334434928,-0.06724522881922453,0.347526712736466,0.17343266785868636,0.3286237880876419,-0.13533162237513846,-0.2309359004065952
2025-09-30 11:00:00+00:00,-0.0403011847652455,-0.05753661906068835,0.34805127974276423,0.1867432240809811,0.3352952383547087,-0.1368128641342418,-0.22535877180057648
2025-09-30 12:00:00+00:00,-0.05893362250197291,-0.049390426756330326,0.35055664761118344,0.1988651245818622,0.34182272868329083,-0.1335056873991709,-0.22081456264598692
2025-09-30 13:00:00+00:00,-0.08815655822301698,-0.04252332306629559,0.35207344640911326,0.20998688233286078,0.34815848779956726,-0.13083623986451956,-0.21704664824790762
2025-09-30 14:00:00+00:00,-0.09255138528768349,-0.03673152336661687,0.3539096825966431,0.22025136916512056,0.3542773960956353,-0.12405885294836268,-0.22008453897554814
2025-09-30 15:00:00+00:00,-0.09791528477112306,-0.036193839181408186,0.33524312923290167,0.2287307165240674,0.35892347516003914,-0.11502651366847116,-0.20975893740307808
2025-09-30 16:00:00+00:00,-0.10178411766997678,-0.0350419701998884,0.3379341604985156,0.2366078062711469,0.34692488020143697,-0.14260762649882006,-0.19427449254722412
2025-09-30 17:00:00+00:00,-0.09533849046672335,-0.039887529559517396,0.35755145186662773,0.25668365667678683,0.3495372078116243,-0.16925898293694883,-0.16828887072882498
2025-09-30 18:00:00+00:00,-0.0896069035503782,-0.02589186587704924,0.3755230383193089,0.2786595705582691,0.3667858181499157,-0.19546240293160136,-0.13162897836482024
2025-09-30 19:00:00+00:00,-0.05818881512663369,-0.00846061039229891,0.3920585504287141,0.32051713459039743,0.38340109505409337,-0.2149390102714915,-0.08528926269409924
2025-09-30 20:00:00+00:00,-0.016551537986426692,0.027049569741630777,0.4054053470439545,0.36543231228290646,0.39866027943673565,-0.22886353585945685,-0.03494542469565688
2025-09-30 21:00:00+00:00,0.024709832483431077,0.06871897404770726,0.4196209992969712,0.4043321930876367,0.3995169319401548,-0.24224440284963714,0.0010392349207958619
2025-09-30 22:00:00+00:00,0.04885872731000234,0.09502808388613887,0.4329553400148801,0.43190379128920925,0.40187396330004577,-0.2532496320967529,0.015181133103898651
2025-09-30 23:00:00+00:00,0.042832787819665354,0.09251380345790224,0.43233829161009274,0.43112049513024,0.40545367747306654,-0.2638258599744806,-0.006150131040697833
2025-10-01 00:00:00+00:00,0.017743435375084878,0.08042962340398095,0.43129275405360773,0.4316860593029421,0.40764865663713973,-0.27089582742253265,-0.0320818775173043
2025-10-01 01:00:00+00:00,0.0011711734895756439,0.07099506276441074,0.43203190923881696,0.43399318810845783,0.41027063229846816,-0.27732802716979277,-0.05034403776607788
2025-10-01 02:00:00+00:00,-0.016346192840976975,0.061310911884935974,0.43329559277821283,0.4362740514960683,0.41410104169604706,-0.2829190706954675,-0.06815674289436285
2025-10-01 03:00:00+00:00,-0.034973620053819265,0.04952178651653577,0.4335791993359125,0.4382955721435759,0.41642961262797457,-0.2863569441249178,-0.0837686651873144
2025-10-01 04:00:00+00:00,-0.05194704743729913,0.034630878465748575,0.4347142937555989,0.44288837942028264,0.4195945063357807,-0.2892935671742882,-0.10089765113808573
2025-10-01 05:00:00+00:00,-0.06940089899221831,0.023439348593652147,0.4348374779554645,0.44496683308800566,0.42160885398308257,-0.28973907958990924,-0.11092969688663917
2025-10-01 06:00:00+00:00,-0.08631823042267729,0.011911745906651715,0.4348663903934396,0.4451284043738483,0.4234737993103793,-0.29022525298474644,-0.09859556877901098
2025-10-01 07:00:00+00:00,-0.10273189224669975,0.009781639126931646,0.43554382608437753,0.4464931767391532,0.4266630797303273,-0.2878558485283927,-0.085620091455312
2025-10-01 08:00:00+00:00,-0.11805717511418778,0.01609686888001841,0.42442207364261325,0.45436603171996304,0.437399399762741,-0.28502804865350356,-0.06419519244222938
2025-10-01 09:00:00+00:00,-0.13274329985359665,0.02207358302177612,0.4136824899979754,0.4605983481146158,0.4475852980020969,-0.2792452958650267,-0.0475770127837331
2025-10-01 10:00:00+00:00,-0.14645576046468087,0.020636545457305963,0.41461191774095785,0.46126021548062973,0.4495104550150165,-0.27390031481091653,-0.04437502846101055
2025-10-01 11:00:00+00:00,-0.15961619230135435,0.019045571515269345,0.4154955586469149,0.46141947387717913,0.4513192948127329,-0.2687108641731867,-0.04518685665328416
2025-10-01 12:00:00+00:00,-0.17225846136861295,0.01730168379509182,0.4163325937631426,0.46205296025189485,0.4530142494002193,-0.2628972791099466,-0.04590035613352117
2025-10-01 13:00:00+00:00,-0.18696124387812532,0.015441102883200664,0.416844014903485,0.4623035392619204,0.45598152464415603,-0.2562776486087013,-0.04595798202586117
2025-10-01 14:00:00+00:00,-0.1945342073321174,0.012236249810879412,0.41701115230730884,0.4626032118578736,0.46394303102377243,-0.2455608394619117,-0.04510233378552322
2025-10-01 15:00:00+00:00,-0.20189542092727839,0.008872833365769476,0.4171502000426651,0.46292213639206725,0.4714560091507497,-0.23779431514642216,-0.04411573818213071
2025-10-01 16:00:00+00:00,-0.19138442445322354,0.005349153942164519,0.4172585190649215,0.4632559738521958,0.47854916155593624,-0.25501957801313746,-0.038511267495621004
2025-10-01 17:00:00+00:00,-0.17312333044689754,0.010238285510102502,0.416121278701329,0.46360087390664434,0.48524850119817997,-0.27148000095638813,-0.021453531594630086
2025-10-01 18:00:00+00:00,-0.1383913209281384,0.017025327847265504,0.40512567583205594,0.4702411009808392,0.4838459636978327,-0.2895805929404431,-0.0016890606114622277
2025-10-01 19:00:00+00:00,-0.10322034924833563,0.035451768011334386,0.4026375894081697,0.4811010639290498,0.48914629893412437,-0.3045962993786526,0.021353363439203264
2025-10-01 20:00:00+00:00,-0.06737448548893728,0.07010135759644373,0.3917839386167417,0.4943880903789716,0.49000032014650957,-0.31893695841661945,0.04917174304829099
2025-10-01 21:00:00+00:00,-0.03429605907337682,0.1054280410434079,0.3891326958757985,0.5078372220193756,0.4971454492742792,-0.33199302092200633,0.07484524024413568
2025-10-01 22:00:00+00:00,-0.016903448605364996,0.12315720218431536,0.3889806440309196,0.5191368043161216,0.4972693837692001,-0.3444953423440893,0.08449196332277399
2025-10-01 23:00:00+00:00,-0.01110654308295366,0.11815609505673845,0.3887871895278936,0.5221197978183083,0.4973980052889041,-0.3566635222255517,0.06623839741755978
2025-10-02 00:00:00+00:00,-0.020268440060991846,0.10486456331910515,0.3885503544095914,0.5205835575984044,0.49662328977554815,-0.36678548734659977,0.0447154670816759
2025-10-02 01:00:00+00:00,-0.028742963562039016,0.09050550328386321,0.3784082715969714,0.5200791335364413,0.49703189725229285,-0.3759221261391356,0.02209264766779475
2025-10-02 02:00:00+00:00,-0.03789587477285704,0.0796804301314253,0.3785249489607781,0.5203101114904433,0.4961584504416343,-0.3826770902941082,0.006129455574150597
2025-10-02 03:00:00+00:00,-0.047960710666693614,0.06791052456353389,0.3785849592413403,0.5203489527403523,0.49678159990172405,-0.38877567890170933,-0.011161260586731305
2025-10-02 04:00:00+00:00,-0.05748242378817431,0.052983076262121176,0.37887669904441335,0.5199878472310205,0.5006480224194407,-0.39417343833498714,-0.022615480261456638
2025-10-02 05:00:00+00:00,-0.06588984279406852,0.041395251839767666,0.3787845870364768,0.5134449811132084,0.502638827938105,-0.39779351950887804,-0.025540435652206473
2025-10-02 06:00:00+00:00,-0.07516576882940613,0.038328182191661696,0.3786350006898801,0.5152850520495493,0.5029299230384895,-0.4015325809236178,-0.010707933671224851
2025-10-02 07:00:00+00:00,-0.0809004313267361,0.04214189976360152,0.3784152711028551,0.5181398435603777,0.5070613512841525,-0.4030448448387876,0.0053049717470298715
2025-10-02 08:00:00+00:00,-0.07896319069389185,0.04633935187712636,0.37807860938307747,0.5239635691651475,0.5116741005726392,-0.4044326049722918,0.022534668120603583
2025-10-02 09:00:00+00:00,-0.07690452321106049,0.05041636973802081,0.37551891986238134,0.5295003056856701,0.5160861314315135,-0.4043219020403064,0.038156957648521686
2025-10-02 10:00:00+00:00,-0.08087456875800729,0.05224167858422747,0.3753194259071358,0.5322818544220067,0.515022046961958,-0.40330499754682925,0.043220713592081114
2025-10-02 11:00:00+00:00,-0.08098492803872227,0.04927905242106247,0.3750536188199564,0.5341934126966829,0.518311927289885,-0.4023021133854582,0.04475599734701661
2025-10-02 12:00:00+00:00,-0.08469239180221914,0.04625800728992375,0.36536077258494837,0.5359732028866872,0.5214235052522953,-0.40069845989851166,0.04746371713960282
2025-10-02 13:00:00+00:00,-0.08296477209282571,0.043064362171042654,0.36491334587323904,0.5378512381519824,0.5248919651095515,-0.39779786814266105,0.05284133081293782
2025-10-02 14:00:00+00:00,-0.08112254620991056,0.04484098792340146,0.3643995491013965,0.5403400380950438,0.5281715322470433,-0.39258492869571404,0.058176708960576
2025-10-02 15:00:00+00:00,-0.07775059376687661,0.045229055020955165,0.3631872376261095,0.5425501537096296,0.5294940093775043,-0.38683547232103643,0.06442751738701018
2025-10-02 16:00:00+00:00,-0.07494848250203233,0.046030439545662806,0.3621899955673586,0.5446815034873645,0.5314710012409167,-0.3809914669071396,0.0701688720884784
2025-10-02 17:00:00+00:00,-0.0720185111577287,0.0496231871098591,0.3585252113021503,0.5466987579882947,0.5349444291737888,-0.375665179996156,0.08056740677687968
2025-10-02 18:00:00+00:00,-0.06499443192633815,0.053102262071465324,0.35732461573219637,0.5486048626857534,0.5382497589453437,-0.3736767534221467,0.09630475885931562
2025-10-02 19:00:00+00:00,-0.04914652017036011,0.06857550859677151,0.35203361481198653,0.5503629802715011,0.5413559559090317,-0.37333480560451504,0.11501096146161147
2025-10-02 20:00:00+00:00,-0.02959677565875673,0.10080661832962381,0.3464883386208363,0.5546531634674664,0.5443065982155036,-0.3717904013804754,0.13366317334022804
2025-10-02 21:00:00+00:00,-0.010584690540506952,0.13293821906204956,0.34457999842265313,0.5564905385164258,0.5445496814472042,-0.37032464981791435,0.15417313904844523
2025-10-02 22:00:00+00:00,0.009805201020960937,0.1473718510229848,0.34293349787219785,0.5612214244026542,0.5454602852240541,-0.36760646276858155,0.16572792569672362
2025-10-02 23:00:00+00:00,0.023446079055908047,0.15991860689314685,0.3410936160425736,0.5654918624914997,0.5465738159833515,-0.3644300417898805,0.17224613985857976
2025-10-03 00:00:00+00:00,0.036449855351703385,0.1690762318529703,0.33604633351104,0.5696096278233597,0.5475142215512026,-0.36131383392090327,0.17590296542334927
2025-10-03 01:00:00+00:00,0.05339674733945799,0.1836936344078898,0.3338117046176447,0.5782969604321226,0.5498573123686485,-0.3556913167158478,0.18491923463666846
2025-10-03 02:00:00+00:00,0.06735860171677908,0.19572127391584265,0.32924950757050664,0.5865821599284186,0.5520317843046577,-0.3501873951249312,0.19333248225850436
2025-10-03 03:00:00+00:00,0.07996985239209467,0.20745915863919143,0.3264163128559116,0.5930715491735216,0.5530794374916581,-0.3414378425912011,0.19891625383080824
2025-10-03 04:00:00+00:00,0.09239891124283772,0.21939188446180208,0.32396892881126566,0.6006584568853867,0.5549256240763857,-0.3331659819171054,0.2053841321919893
2025-10-03 05:00:00+00:00,0.10358244139927422,0.22752660830944665,0.31753286537463266,0.6065066616126583,0.5556387036981447,-0.32310527667970074,0.21103006260494053
2025-10-03 06:00:00+00:00,0.11662445354206927,0.2369486277640288,0.31443190164552265,0.6114602692811114,0.5561840866918093,-0.31236092370545304,0.2217091047729709
2025-10-03 07:00:00+00:00,0.12904174917730968,0.24804575963613082,0.3112574205926165,0.6172531004778873,0.556563169365095,-0.301316914127551,0.23727062167590918
2025-10-03 08:00:00+00:00,0.1409979137059328,0.26127618072843295,0.30569485587700373,0.6228792727728766,0.5596402125598764,-0.29132049417619366,0.2517044587501154
2025-10-03 09:00:00+00:00,0.1523924613022139,0.2738032873944809,0.2998882306521734,0.6275971865879776,0.5607739849035094,-0.28096901380883244,0.2640373621635001
2025-10-03 10:00:00+00:00,0.16117123535096403,0.2834047323569839,0.29313302531784485,0.6325708365967221,0.5617702708474759,-0.2699973248781525,0.2743961882485671
2025-10-03 11:00:00+00:00,0.16755851938341346,0.29242480314524744,0.3109544354570462,0.637246320904388,0.562631802326641,-0.25852171246306244,0.2829280853171116
2025-10-03 12:00:00+00:00,0.17347614692635727,0.3008981554686292,0.3042886309756489,0.6416415626481342,0.5633610814651371,-0.24648291852084933,0.29107482530896805
2025-10-03 13:00:00+00:00,0.17894189405205474,0.3088562130897589,0.30034544827117154,0.6457728138376629,0.5639604033961044,-0.23381239638886794,0.2988557777965882
2025-10-03 14:00:00+00:00,0.18307505817744868,0.3158411707139221,0.29582052850118346,0.6494714782774842,0.5633230949620047,-0.2174631392110584,0.3062412608280668
2025-10-03 15:00:00+00:00,0.18504043790527958,0.3215149508818048,0.2902801192923656,0.652810529291151,0.5604686853895419,-0.1944493963054209,0.313321714930141
2025-10-03 16:00:00+00:00,0.1901296499318458,0.3271688723488527,0.2850667210573787,0.6559599377299284,0.5583845020678853,-0.18586587869400337,0.32200163631015094
2025-10-03 17:00:00+00:00,0.19788541501760826,0.3355418497435887,0.2802333351088811,0.6578516712651604,0.5571949771733538,-0.176277600686598,0.3320148992158151
2025-10-03 18:00:00+00:00,0.20527825470613031,0.3467226637302553,0.27529424416306864,0.6606834732658317,0.5558340634162973,-0.16968835487171727,0.34379239597696853
2025-10-03 19:00:00+00:00,0.21496602123594774,0.36691521061342847,0.2697318841366103,0.6632199481377041,0.5531460874730124,-0.16669612839979786,0.35608134632258753
2025-10-03 20:00:00+00:00,0.22730593056226306,0.3943268169438254,0.2640356953161287,0.6655742830507495,0.5502269287647951,-0.1617975166309388,0.374392623321381
2025-10-03 21:00:00+00:00,0.23918255316922407,0.42253525382557094,0.25819922267646983,0.6677534007520769,0.5470670896105435,-0.15498129142652775,0.39216165225896527
2025-10-03 22:00:00+00:00,0.25037379241631547,0.44311627477957505,0.2477211979362401,0.6698595857477835,0.5448956601215169,-0.14847624337925508,0.40417986595304106
2025-10-03 23:00:00+00:00,0.25016009536475536,0.4441167275543159,0.24246077658385984,0.6698153658395083,0.5418311282669994,-0.1413919658193225,0.40334001278775916
2025-10-04 00:00:00+00:00,0.2464041623698848,0.4423350297931656,0.23645768130616665,0.6695788076594177,0.5382860079169361,-0.13168355637566923,0.401417081125042
2025-10-04 01:00:00+00:00,0.24343180994059452,0.4410797722206487,0.22529469466603952,0.6680524165522677,0.5347798277028311,-0.11918356050586425,0.40005309046562093
2025-10-04 02:00:00+00:00,0.24839068716935847,0.4509051753588779,0.21770882742116002,0.6699364995209247,0.5317786496721434,-0.10131451287191959,0.4072362950599797
2025-10-04 03:00:00+00:00,0.25398063914136476,0.46066794835350233,0.20570454042049544,0.6730592653497499,0.5336989176944451,-0.0830773963681736,0.41468327828987833
2025-10-04 04:00:00+00:00,0.25899217497422766,0.4696810517641361,0.1984945124355688,0.6759588433699021,0.5322371610589305,-0.06260794058615458,0.4215479152684623
2025-10-04 05:00:00+00:00,0.24410955840203843,0.4601586238045775,0.1940274075870899,0.6736478770830041,0.524952322234508,-0.04310010508983815,0.4131023133410113
2025-10-04 06:00:00+00:00,0.23066206526418748,0.45395980741557873,0.1809522050307639,0.671259884519418,0.5190980935725522,-0.01978377840125791,0.41795212286464706
2025-10-04 07:00:00+00:00,0.2177033047482728,0.45193659210456133,0.17003421129532142,0.6686996963959817,0.5106332127572578,0.005535714811156338,0.42578608266221063
2025-10-04 08:00:00+00:00,0.2071799139638553,0.4511028809976034,0.16621751826366366,0.6693987335004482,0.5065033315307448,0.03405256969217364,0.43093035327556384
2025-10-04 09:00:00+00:00,0.19686649617457413,0.45021515813789387,0.15927357537162892,0.6700695157331015,0.5022008568745641,0.06657170946482587,0.43761879316735897
2025-10-04 10:00:00+00:00,0.18629134443994802,0.4457567922136193,0.15497515438834053,0.668207806584704,0.4977273581284886,0.1006219295347897,0.4391668333598882
2025-10-04 11:00:00+00:00,0.1730627119683971,0.441187517301666,0.14757361651823936,0.6662552747332432,0.4930872929886338,0.13574764861952432,0.4381491606826828
2025-10-04 12:00:00+00:00,0.1607154105329762,0.4361090283691842,0.14189646858078406,0.6639941664885747,0.49126868324379597,0.17600151865630298,0.4374355475332041
2025-10-04 13:00:00+00:00,0.14854127653318389,0.4310123154245962,0.13764989933652977,0.6621863185721726,0.4872905523804112,0.21806842924348374,0.4360928295655231
2025-10-04 14:00:00+00:00,0.14194135296429333,0.4283165144285125,0.12607552374330813,0.6602759813470012,0.49260351695974425,0.24877874711942144,0.43582560196568254
2025-10-04 15:00:00+00:00,0.13491828009092072,0.4255874413553807,0.11630610776912662,0.6580287543771957,0.4869639430108527,0.29152150869118487,0.434845469720782
2025-10-04 16:00:00+00:00,0.1311516014409696,0.4228303051640064,0.1099881507332484,0.655660834910194,0.4793514061303271,0.2807320566873717,0.4364026414705286
2025-10-04 17:00:00+00:00,0.13748044816877256,0.42004402333868507,0.10328478156729913,0.6565140172736763,0.49325383321499594,0.26361501123286524,0.4408412428248681
2025-10-04 18:00:00+00:00,0.14473519609050775,0.42093438416393764,0.0869921673256758,0.6573491557171396,0.5073888938759333,0.24981393923396583,0.44760370107691405
2025-10-04 19:00:00+00:00,0.16144750079364042,0.43387066672949026,0.07812397920740514,0.658166423506915,0.5009131519347203,0.23584568502230666,0.4579439356616813
2025-10-04 20:00:00+00:00,0.1795109484975544,0.45606928575256694,0.06762300141025375,0.6594892094714887,0.4964380785658943,0.22604133836251067,0.4691409649480662
2025-10-04 21:00:00+00:00,0.20162038975134342,0.4763580089617791,0.057656811836543725,0.6659604710759965,0.49205588168750763,0.21656221904338102,0.4795651409345121
2025-10-04 22:00:00+00:00,0.2122254490756461,0.48011061294681306,0.04831822620424448,0.6644322494733509,0.48779412851530546,0.2074231643610181,0.47959566174325846
2025-10-04 23:00:00+00:00,0.20835058842575993,0.47449044011258157,0.02351617309164232,0.6615711600205793,0.4757895375981755,0.19858387722777193,0.46942013007050765
2025-10-05 00:00:00+00:00,0.20065235002309076,0.4602225560582375,0.008724462435144072,0.654889624431955,0.4742537808029912,0.18847163686212184,0.45313265148025894
2025-10-05 01:00:00+00:00,0.19290023472984202,0.4456805412582843,-0.014167922865907701,0.6478883951827614,0.4642176726286286,0.18267413692339762,0.4366145623897965
2025-10-05 02:00:00+00:00,0.18809691790201535,0.43616615545814197,-0.04003703991002346,0.6421976623528243,0.4528445523385826,0.18359731656620543,0.4250807016569714
2025-10-05 03:00:00+00:00,0.18241358712155264,0.4256271823004834,-0.056413143647054194,0.6353752113386901,0.4475852147574836,0.18506913028867944,0.41355467551898534
2025-10-05 04:00:00+00:00,0.17692587477158606,0.4146069056146021,-0.08464509262866991,0.6290165941250594,0.44358520421867603,0.1861652039780401,0.40025131047712437
2025-10-05 05:00:00+00:00,0.17020916360322735,0.4058576935224885,-0.10225176969902942,0.6214008866128333,0.4392546280976172,0.1877998959394471,0.389779255396867
2025-10-05 06:00:00+00:00,0.16428724298232064,0.4033434373297099,-0.13764742672580227,0.6133624607256432,0.4347433674076097,0.1940788688222528,0.3929735578062065
2025-10-05 07:00:00+00:00,0.15829164137303686,0.4054294794539653,-0.15794731805076878,0.6059690882881023,0.4248063684674249,0.201290664683075,0.39858107455601244
2025-10-05 08:00:00+00:00,0.15779019839429628,0.4073822791889749,-0.19520267864372573,0.5994248649212479,0.4307042712315981,0.2079468197314321,0.40341648664319446
2025-10-05 09:00:00+00:00,0.1616130142612631,0.4053161336803937,-0.2184075818116225,0.5946616978610647,0.4387711315412176,0.21905611450901682,0.40922722662260874
2025-10-05 10:00:00+00:00,0.16035797678029665,0.40246906326514936,-0.239785672956639,0.5882608448147619,0.43475272636139056,0.23062575441866343,0.40712414799766095
2025-10-05 11:00:00+00:00,0.15981985171767393,0.3995805105400881,-0.24470427999364563,0.5816100755617012,0.4305530700587129,0.2433846843188782,0.4053642350692965
2025-10-05 12:00:00+00:00,0.15924545519561273,0.39264207689725905,-0.23532532370926126,0.5718721709159656,0.4227573309658721,0.25660559112049613,0.40592771998070293
2025-10-05 13:00:00+00:00,0.16345037840780346,0.38927808546162285,-0.2247849970066566,0.5655321072754088,0.41866504140910177,0.2756335174927263,0.4065654688987021
2025-10-05 14:00:00+00:00,0.16864911227822724,0.3858638049836904,-0.21411205498701696,0.5634418388065219,0.4127197032886172,0.2954976465941587,0.40723968865982013
2025-10-05 15:00:00+00:00,0.17447089417733427,0.38247843214706023,-0.2197170861727825,0.5561228559870003,0.40650484392451514,0.3190602852203857,0.4060638582190554
2025-10-05 16:00:00+00:00,0.17959294971110562,0.37904679462819607,-0.20847219237704062,0.5539453963029248,0.40017544775939834,0.3068118353194623,0.40800615585230343
2025-10-05 17:00:00+00:00,0.18661434858257012,0.37556779300458215,-0.197027053436623,0.5516726548019852,0.41188787695491685,0.2924473315194271,0.4161682422545292
2025-10-05 18:00:00+00:00,0.1937119291800837,0.37873748824980885,-0.18892781126431152,0.5495259681376298,0.4237223520796653,0.27356056175752314,0.4215841327719951
2025-10-05 19:00:00+00:00,0.2076195205904786,0.38999890734729464,-0.18281350053595516,0.539040557852996,0.417240999364821,0.25837552366234634,0.42729234995125803
2025-10-05 20:00:00+00:00,0.2216758145486121,0.40843111031197665,-0.15152349215630118,0.5403954978152266,0.4309758751945698,0.24856857811036948,0.43871078644637934
2025-10-05 21:00:00+00:00,0.23593404277354413,0.43566635990828123,-0.13105309892370787,0.532747312212203,0.4090204352613975,0.23889790157552365,0.4504538140083473
2025-10-05 22:00:00+00:00,0.24911060405424082,0.44699354066718294,-0.11249066436821395,0.5180528551146798,0.40184691101509123,0.22944757271678473,0.45021265459452997
2025-10-05 23:00:00+00:00,0.25678636910674896,0.4459018072455651,-0.11410349465581457,0.5094129859847998,0.41609461386587887,0.21832307851052685,0.43219241175641193
2025-10-06 00:00:00+00:00,0.25294878316498737,0.43564852330944576,-0.1399511167885586,0.5003098166645671,0.4105287279183887,0.2072917725844704,0.4144539564018066
2025-10-06 01:00:00+00:00,0.24672495866041882,0.4227727038278913,-0.1254755735685196,0.49149446675755276,0.4047548366341293,0.19830004828676062,0.39812104284523026
2025-10-06 02:00:00+00:00,0.2417777216121911,0.41550590162102635,-0.1371330912735673,0.47803514640313816,0.3967722817542825,0.19989467005079575,0.3856117357462239
2025-10-06 03:00:00+00:00,0.23725820033282816,0.40817259757833135,-0.1311473254207669,0.4638551879407291,0.38842461620255436,0.20132094241496126,0.3724934993679579
2025-10-06 04:00:00+00:00,0.23189049377562373,0.3994413343130566,-0.1242094957403514,0.4501105282874965,0.38032194786608925,0.20225209703732105,0.35513710162783296
2025-10-06 05:00:00+00:00,0.22065686142523508,0.3905987936549841,-0.11708068390432276,0.43553057334246537,0.3718121989042849,0.20340016031261623,0.3426059119021855
2025-10-06 06:00:00+00:00,0.21474931785131626,0.3884205721155152,-0.10958464227092869,0.4133810782012874,0.3401465502147558,0.2108333926955241,0.34133343318393167
2025-10-06 07:00:00+00:00,0.2211365533767704,0.38628876236806975,-0.10282746778801649,0.3939516155642169,0.3246892583295038,0.21826343290475644,0.3450126425969466
2025-10-06 08:00:00+00:00,0.22718774892957316,0.3908374098987306,-0.09614547093406639,0.378376322599201,0.308664143195362,0.22616062503130413,0.34891327722411214
2025-10-06 09:00:00+00:00,0.23440512734328312,0.39622630974717327,-0.10520928244670404,0.36529787518822615,0.29455125908000473,0.23464297298520295,0.3559363908591956
2025-10-06 10:00:00+00:00,0.24237504663815465,0.39407162010996477,-0.11654931080687492,0.3541379771987487,0.2826497995069126,0.24365275143518678,0.35307788124007183
2025-10-06 11:00:00+00:00,0.2435786806678859,0.3925464698230331,-0.11010782068966543,0.3423779901120657,0.26996386669638245,0.26079254789382195,0.3501871797241023
2025-10-06 12:00:00+00:00,0.2528085791999706,0.3909097333591284,-0.1037870220138438,0.3299478414045077,0.25640193472033446,0.2791560233276041,0.3431869340249463
2025-10-06 13:00:00+00:00,0.2552382160328094,0.3895161883935775,-0.09519925436675082,0.3188092651132929,0.24153896236021485,0.3082722573176588,0.34048425545810523
2025-10-06 14:00:00+00:00,0.25798658056501134,0.38842862234832065,-0.10719699418887813,0.3069198747624056,0.19954899736057463,0.3398625671408297,0.33781947807720836
2025-10-06 15:00:00+00:00,0.2695964153542194,0.3877289529800384,-0.11837674897781356,0.2941814764146271,0.18103151206019447,0.37437091325827976,0.3399223617141479
2025-10-06 16:00:00+00:00,0.28190189469330657,0.3974013441649484,-0.10955627539595732,0.28047374058367264,0.16094180728096233,0.36297101463912484,0.34737145731261915
2025-10-06 17:00:00+00:00,0.30417773155995426,0.408723852362469,-0.10130167440851323,0.2775825772015755,0.138984703240289,0.3478952071873527,0.3609335644884454
2025-10-06 18:00:00+00:00,0.32742570765944234,0.44593861163771115,-0.09167119725866807,0.27062052962842,0.14972039568573112,0.3291421533750121,0.3757426881361762
2025-10-06 19:00:00+00:00,0.36414805824944735,0.49843153602726054,-0.08320579666200663,0.26138980761955205,0.1615063707806975,0.3190739825010913,0.39897144844688576
2025-10-06 20:00:00+00:00,0.40741691102445354,0.5584368033349237,-0.1017111146624234,0.28305496269102876,0.17474049829599017,0.3109061529825827,0.4394211583340092
2025-10-06 21:00:00+00:00,0.4684497213545378,0.6285977580760573,-0.09624905722992516,0.32448339959198697,0.19142431708454105,0.30346324613631287,0.4786273290264702
2025-10-06 22:00:00+00:00,0.5164616975550197,0.6684560586686924,-0.09335808366953244,0.34136397293598075,0.21188246462836124,0.2971254343965389,0.5001033588906815
2025-10-06 23:00:00+00:00,0.5549694728003716,0.7079772445131305,-0.11657386119640921,0.3203056686383132,0.1422712536361645,0.30200803013347577,0.4831969602871348
2025-10-07 00:00:00+00:00,0.5538799485446315,0.6995278723970382,-0.11859843596535809,0.307157374280827,0.13200999468395325,0.2946976086783361,0.4664190695899757
2025-10-07 01:00:00+00:00,0.5543859825629169,0.6905492739670043,-0.12171105166969577,0.2966604124686321,0.12433362380873866,0.28926320398690936,0.45371247517414026
2025-10-07 02:00:00+00:00,0.5512180650031575,0.6905492739670043,-0.1360473903225051,0.28525022936417654,0.09881782071264389,0.2921046858243433,0.4502131705277021
2025-10-07 03:00:00+00:00,0.5472129497896023,0.6915406346100623,-0.1491655595149359,0.27756077912833577,0.07692478283742557,0.29539830140345535,0.45007602729746665
2025-10-07 04:00:00+00:00,0.5451136844111042,0.6915406346100623,-0.1573875922781819,0.2704113988204607,0.0595996590026079,0.2992106549475439,0.4485861048867577
2025-10-07 05:00:00+00:00,0.5430159089272639,0.6906509732033468,-0.17049691361531366,0.26317494382710654,0.04232461476100076,0.30124613361281566,0.44660854819999374
2025-10-07 06:00:00+00:00,0.5383310491179601,0.6879447509307227,-0.1748254071888111,0.24849428048749794,0.025083628982429773,0.30124613361281566,0.4403561195591544
2025-10-07 07:00:00+00:00,0.5270739991427226,0.6879447509307227,-0.17913419716254214,0.22674945217509873,0.007860832928852927,0.303548581442614,0.42783084009822214
2025-10-07 08:00:00+00:00,0.512020860073624,0.6872601628691755,-0.19253946300358196,0.21408599302504933,-0.0007192167799738171,0.3045522483073869,0.41625441049369966
2025-10-07 09:00:00+00:00,0.5052778803343031,0.6852736411387954,-0.19912358781080017,0.20602177210607403,-0.005303258301970932,0.3045522483073869,0.41023224653124796
2025-10-07 10:00:00+00:00,0.5004032632975035,0.6851978920010182,-0.20511859701026275,0.19700353162461173,-0.014486671563664698,0.30608860395299725,0.40635875216037515
2025-10-07 11:00:00+00:00,0.49822766681418296,0.686181214812246,-0.2091123330599619,0.19151701007447916,-0.01965248184735685,0.3056526610904254,0.40418214042842243
2025-10-07 12:00:00+00:00,0.4997695012290959,0.6870334395999916,-0.20972188723458504,0.1919273008703941,-0.020513062847146542,0.30713646973499176,0.4047005023527622
2025-10-07 13:00:00+00:00,0.5028094671656563,0.6879011505476682,-0.21034087306816976,0.19235322149720718,-0.021397127806170733,0.30865116026139683,0.40522973566932124
2025-10-07 14:00:00+00:00,0.50343998504999,0.6887847738178658,-0.21096951428300112,0.19279558719291948,-0.022305783647492264,0.31129839979027063,0.4062623629576174
2025-10-07 15:00:00+00:00,0.5040829124546655,0.689684751380724,-0.21307494436822041,0.1932552689980601,-0.02324021418482081,0.3140247622371008,0.406471045752513
2025-10-07 16:00:00+00:00,0.5047386170715763,0.690601541757129,-0.21373729437981587,0.1937331985759218,-0.02548589802228626,0.31587025411265884,0.40648235954353834
2025-10-07 17:00:00+00:00,0.5062278169688281,0.6939435172240958,-0.21401244375591816,0.1961448233927345,-0.022057061192267288,0.32048146947681216,0.4070393649072146
2025-10-07 18:00:00+00:00,0.5077385831765581,0.6951237430962838,-0.21429127991237437,0.1986001259066411,-0.021792457661051222,0.3252094965639049,0.4066075586696855
2025-10-07 19:00:00+00:00,0.5073724663447599,0.6963204202247115,-0.21457387756998605,0.19812240728569228,-0.021524304936593713,0.3282616887789274,0.4057683539250424
2025-10-07 20:00:00+00:00,0.506760352471888,0.6960432830119578,-0.21486031348599824,0.1967313819892715,-0.02125253101681745,0.3298812956894071,0.404940465644982
2025-10-07 21:00:00+00:00,0.5061386902548739,0.6965244581516773,-0.2151506665237403,0.19531602087443053,-0.01763350797982209,0.3315256973483531,0.4041988648283286
2025-10-07 22:00:00+00:00,0.5057491713666996,0.6962434169069569,-0.21544501772501273,0.1948005286097832,-0.013902672110058831,0.3331954685409158,0.40473655565591676
2025-10-07 23:00:00+00:00,0.5089581912635224,0.6996963710078438,-0.21425171660155284,0.19944169861615507,-0.010053948751036877,0.33489120198774514,0.4120532344196027
2025-10-08 00:00:00+00:00,0.5171431075284101,0.7065522962832621,-0.21303858459639205,0.20421451304786864,-0.0060807680904875995,0.3354001176673085,0.4213729391692649
2025-10-08 01:00:00+00:00,0.5103316456758725,0.7032773074088747,-0.2207467680989332,0.1940835893787908,-0.0215171546210532,0.3361846402087254,0.4119779402785107
2025-10-08 02:00:00+00:00,0.5054333310674856,0.6836934469465339,-0.19815294661450608,0.19018461301707143,-0.0225659613759867,0.32337819895225456,0.3873650863103984
2025-10-08 03:00:00+00:00,0.4910518428296057,0.6829559172838124,-0.21902153574428598,0.17420101761165072,-0.04569126468825587,0.3311828236504661,0.3865950745253765
2025-10-08 04:00:00+00:00,0.4802424564222707,0.6825423328580901,-0.231337569964589,0.1648376966925704,-0.06529161388311051,0.33571035384238335,0.38406970136371965
2025-10-08 05:00:00+00:00,0.47859299395786387,0.6786645669554608,-0.2435736662791444,0.15536790203710693,-0.08511831797713965,0.343000436443295,0.3809016465723474
2025-10-08 06:00:00+00:00,0.4769561862693491,0.6752078176353202,-0.2557386289936297,0.14578475673968164,-0.10520231126017399,0.35031809433318173,0.3777057594640115
2025-10-08 07:00:00+00:00,0.4736655948501717,0.6703143324580315,-0.26442136019642654,0.13465268079700113,-0.12222204440193574,0.3601968092775673,0.3722683397350173
2025-10-08 08:00:00+00:00,0.47430046110196994,0.6691577843612055,-0.27457132036922915,0.12887145959861931,-0.12700656978780164,0.3654480678543482,0.3669120771744454
2025-10-08 09:00:00+00:00,0.474892447585605,0.6693509172891333,-0.28458174224826654,0.12309121180572292,-0.13176084027344187,0.37328634600380317,0.36223295599889016
2025-10-08 10:00:00+00:00,0.4756031925944262,0.6678027700027993,-0.28963295594051486,0.1159044078354464,-0.14350159776694385,0.3823620151301871,0.3570665422448311
2025-10-08 11:00:00+00:00,0.47636452242061506,0.6663295322455437,-0.29579005253076773,0.10865159519169705,-0.15548489674042948,0.391637594000852,0.35281036874471955
2025-10-08 12:00:00+00:00,0.4757925983962821,0.6610515231514176,-0.2966637542247965,0.10342480144373072,-0.16445318341467616,0.40023857960662595,0.3497470152986534
2025-10-08 13:00:00+00:00,0.4789835404058103,0.6595749166543061,-0.2951912939889519,0.10277024283755422,-0.16785981400221736,0.4043581129106942,0.3492728039887898
2025-10-08 14:00:00+00:00,0.4804114395354202,0.6581160859225604,-0.2955793659541313,0.10213725321576249,-0.16565943296121777,0.41079839208357033,0.3482034083474028
2025-10-08 15:00:00+00:00,0.4835853883368589,0.65330034887421,-0.28887018647762897,0.10341768337709217,-0.16273470245312915,0.41393991178978246,0.34977638757475243
2025-10-08 16:00:00+00:00,0.4841102326220211,0.6485425557252206,-0.28595391105338686,0.10466510560077637,-0.15348199107783095,0.4102383567739027,0.3509502417034297
2025-10-08 17:00:00+00:00,0.484672447905349,0.6458866545250291,-0.28318301822878467,0.10680234516676634,-0.1448815681208942,0.3992494743215812,0.3517457088823002
2025-10-08 18:00:00+00:00,0.48667159484171335,0.6432662722375939,-0.2791985720659674,0.10963050435679168,-0.13952727234906578,0.3905487730707092,0.3525202834930421
2025-10-08 19:00:00+00:00,0.48545106039001973,0.6427174188128016,-0.2735293362572566,0.11234159450810817,-0.13191198840613913,0.3820694569447009,0.3534691357844519
2025-10-08 20:00:00+00:00,0.48613211470625856,0.6462841995847005,-0.27011009872115577,0.11511492814990221,-0.12730808539301455,0.3738024080708116,0.3536860611006043
2025-10-08 21:00:00+00:00,0.48681647947809564,0.6498984295991955,-0.26499589959952174,0.11828303047709897,-0.1205172314558205,0.36573905279813235,0.3539201588899433
2025-10-08 22:00:00+00:00,0.4863305389854443,0.6488998706311379,-0.25759583894883614,0.1211641149304855,-0.11099754465010644,0.3612193010009131,0.35541473714223454
2025-10-08 23:00:00+00:00,0.4886885831853139,0.6463540392579222,-0.2532609536272242,0.12501082753221346,-0.10617324030348205,0.3568016951830535,0.36051885051820365
2025-10-09 00:00:00+00:00,0.49471713594119854,0.6430213402271618,-0.24897443737121966,0.1267983314972646,-0.10446610279944846,0.34825629851632883,0.36634509550225963
2025-10-09 01:00:00+00:00,0.4949696261685287,0.6313257154409502,-0.2500679465104459,0.12018879642395189,-0.10287250706159261,0.33475062565066266,0.3616880047113399
2025-10-09 02:00:00+00:00,0.48386299899909185,0.6148064213014709,-0.25941327741311443,0.09629824618973083,-0.12041107523413801,0.31781971321087515,0.3406583819728374
2025-10-09 03:00:00+00:00,0.4781821193033755,0.6175069486613118,-0.27438883610078424,0.1008484425796651,-0.12967025265886684,0.32810706871225415,0.3413245648051139
2025-10-09 04:00:00+00:00,0.47334181232029443,0.6175069486613118,-0.2874182775773386,0.09780565464230327,-0.13938729329207658,0.3342792299322436,0.33994776260158516
2025-10-09 05:00:00+00:00,0.46424011279046756,0.6171909119591746,-0.3044325384949693,0.08553869241386818,-0.1515578638552695,0.3429317848952676,0.3354221936827313
2025-10-09 06:00:00+00:00,0.4494569489148501,0.6185323437414968,-0.3201960664403418,0.08217497239954366,-0.17375453885217834,0.35022607770038217,0.3295006409660384
2025-10-09 07:00:00+00:00,0.4306468597125265,0.6206258946800286,-0.33590424008137465,0.06764157930629197,-0.19070148691686914,0.36004140816914126,0.32361916621387754
2025-10-09 08:00:00+00:00,0.4156805616888602,0.6197976017858534,-0.3477983664431885,0.058353186701640046,-0.20471871475273606,0.3677107257120472,0.3146312461533751
2025-10-09 09:00:00+00:00,0.40571308408203355,0.6206698590300828,-0.35543135775465423,0.052095384089983265,-0.2125560728238018,0.374252684938728,0.3110519546543114
2025-10-09 10:00:00+00:00,0.4013765747209963,0.6216781365925393,-0.36314213551879393,0.046150102677715694,-0.2266413406216466,0.38082747635856723,0.3064730767500804
2025-10-09 11:00:00+00:00,0.39446507314265017,0.6218179705434441,-0.3714125009978464,0.0401547349132225,-0.2343399162929758,0.38743804316249186,0.3025727496155903
2025-10-09 12:00:00+00:00,0.3889798576822228,0.6196848123022665,-0.3806627855822001,0.03526530238336348,-0.23623611591799787,0.39160550755156004,0.2998530388253282
2025-10-09 13:00:00+00:00,0.3868584412576127,0.6196848123022665,-0.3793290096016029,0.03447704594807485,-0.2358281933550626,0.3930496239414057,0.299382412899379
2025-10-09 14:00:00+00:00,0.3848544100990374,0.6193892978581924,-0.3782368432783836,0.033174824306117484,-0.23554500051233343,0.39617474761228194,0.29790812375773806
2025-10-09 15:00:00+00:00,0.3829664816564471,0.6190998775009284,-0.37737072169097063,0.031863626207494306,-0.23537795241073486,0.39938609910681266,0.2964658044609112
2025-10-09 16:00:00+00:00,0.3846659804963797,0.6170176724469442,-0.3543970723732744,0.031569510949939705,-0.22977229447290234,0.3938500271946886,0.2972326512671388
2025-10-09 17:00:00+00:00,0.3863955286404489,0.6164209521283481,-0.3399182479031288,0.032258567650938305,-0.22968294258367253,0.3886954710887513,0.2979250792435995
2025-10-09 18:00:00+00:00,0.3871284736824434,0.6158293728988059,-0.32680290557848785,0.03549313637369663,-0.22966565617260767,0.383904151016089,0.29879877278979555
2025-10-09 19:00:00+00:00,0.3873669883070543,0.616438812197555,-0.3148673995188282,0.03916873960396259,-0.22458598316846554,0.3815530641700084,0.29964743957648216
2025-10-09 20:00:00+00:00,0.3860699370695063,0.6202077631652567,-0.3039627175393672,0.043425404847550406,-0.21979563270431163,0.37944255812558864,0.3004425893779923
2025-10-09 21:00:00+00:00,0.373105931663971,0.6196017630289292,-0.3088148528852806,0.028554449841711342,-0.22262735421785065,0.3853720980528207,0.2956105062963544
2025-10-09 22:00:00+00:00,0.3732834578840012,0.6227958510373001,-0.30270822391166907,0.03124203899030177,-0.21808472224005054,0.38361869171436425,0.2958198163160557
2025-10-09 23:00:00+00:00,0.3735700171946783,0.6215876359723679,-0.29380415272739474,0.03220780889542536,-0.21597076263620568,0.3782875480672101,0.29029607436217497
2025-10-10 00:00:00+00:00,0.3728243914643883,0.6183012473759016,-0.2852192395826497,0.030120671265579452,-0.21386634535911656,0.3711174623679938,0.2849077618005059
2025-10-10 01:00:00+00:00,0.3716996138841201,0.6063455417689616,-0.2631166119265376,0.027099760931326346,-0.20405841686020776,0.34971427938741456,0.2749492862555968
2025-10-10 02:00:00+00:00,0.3715394455368176,0.597815917927994,-0.24939415417661717,0.027782491531856753,-0.19781563023256934,0.3333797992214309,0.27059487356466316
2025-10-10 03:00:00+00:00,0.37072155543445084,0.5961643580115757,-0.24994371215634503,0.043033133224917974,-0.19288056971639833,0.33357891746434226,0.27812805996937984
2025-10-10 04:00:00+00:00,0.37078442713033716,0.5936324466453436,-0.24878369746305598,0.0544510131751326,-0.18704984421481347,0.3285926621375939,0.2829652295426685
2025-10-10 05:00:00+00:00,0.3680642415365615,0.5908752163970715,-0.24522390707093622,0.06568638096456178,-0.180885490013094,0.32174520552370683,0.28536980204643186
2025-10-10 06:00:00+00:00,0.35451534695817605,0.587883621406809,-0.24311429428332065,0.06781489609925105,-0.17437212337065228,0.314377548943156,0.2801387220961942
2025-10-10 07:00:00+00:00,0.3372101203139445,0.5808192924612662,-0.24051131751918656,0.06693352375270187,-0.17430644589699434,0.3064598887551573,0.27318637163534903
2025-10-10 08:00:00+00:00,0.32484001482065683,0.5734989583186142,-0.2374058405683842,0.06629921806615882,-0.173758617642171,0.29631347043449774,0.26449568018799874
2025-10-10 09:00:00+00:00,0.3180653434607786,0.5670267397025294,-0.22861112211135215,0.06812955109559711,-0.16800938758950254,0.284501199141618,0.26073060372636186
2025-10-10 10:00:00+00:00,0.31402273553126747,0.5612341383044552,-0.21927208666292675,0.07329401108123693,-0.15919683155910802,0.2719781902963328,0.2581028046411381
2025-10-10 11:00:00+00:00,0.3102309044336242,0.5551264236665128,-0.2451107882373428,0.0771414544437262,-0.15257150776933606,0.2586897931590361,0.2564523221627031
2025-10-10 12:00:00+00:00,0.31012693728557544,0.547700379663115,-0.23154191420241335,0.0818491606533647,-0.14196054841290587,0.24314966028225674,0.25590861709820656
2025-10-10 13:00:00+00:00,0.30935231379626105,0.5399016824989669,-0.21613538364299895,0.08677750109166117,-0.1293684052468184,0.22697819224129126,0.25542761329390845
2025-10-10 14:00:00+00:00,0.30895142613311216,0.5317033577583968,-0.20013915111579525,0.09198363369298321,-0.11625677261057094,0.20996021748922972,0.2549314155029533
2025-10-10 15:00:00+00:00,0.30893404725544177,0.5230756330143888,-0.18458845913079996,0.09751428010824005,-0.1025828046232116,0.19197469948224205,0.2543933985913823
2025-10-10 16:00:00+00:00,0.3135075575612306,0.5121648553425501,-0.16431538844341378,0.10543589467016524,-0.08879769910261531,0.16716367015963657,0.2562467271813906
2025-10-10 17:00:00+00:00,0.31868593190688804,0.5027605840788505,-0.14056023648892796,0.11527631269820822,-0.07440400431852692,0.13920959628645488,0.2588589053335541
2025-10-10 18:00:00+00:00,0.324340632143288,0.494950022245513,-0.11855107955138507,0.12910101606825053,-0.053585062569055195,0.11003407329098047,0.2611191739179851
2025-10-10 19:00:00+00:00,0.3252172658050871,0.4869617963589596,-0.09301913453928833,0.14331040225129896,-0.03778447581332595,0.08133426050572992,0.26421530326279363
2025-10-10 20:00:00+00:00,0.3264821019840442,0.47463210475693507,-0.0665014896752023,0.15864667873773042,-0.015431278337464521,0.051051485865698805,0.2578699814754009
2025-10-10 21:00:00+00:00,0.32814862956424407,0.45760082419460646,-0.041290362561106374,0.173753180747353,0.001996318191934162,0.019028990974750744,0.25141942180948273
2025-10-10 22:00:00+00:00,0.33023303125038417,0.43869968513777957,-0.01478514234365721,0.18855511450683224,0.020299968770732087,-0.014910015619376696,0.24129382792234796
2025-10-10 23:00:00+00:00,0.33023303125038417,0.43462447164653956,-0.005622787357434661,0.1906558170629048,0.02646241206194278,-0.029072173522773977,0.23268345332188142
2025-10-11 00:00:00+00:00,0.33023303125038417,0.4276396146701801,0.001333391368898533,0.18830860574118213,0.02646241206194278,-0.0434999047159532,0.22110556357444622
2025-10-11 01:00:00+00:00,0.3309164369897266,0.41638467130816104,0.016639430444891024,0.18242956265127463,0.03316253210545497,-0.06194605598359406,0.2064510567105777
2025-10-11 02:00:00+00:00,0.3457323177963289,0.3506455977033251,0.08712922162108754,0.199803898300556,0.06294016650624716,-0.15561792142204542,0.17181633867528176
2025-10-11 03:00:00+00:00,0.3554672080758799,0.29241724422388266,0.15479392816120932,0.24377047017605444,0.11481085475217151,-0.24501718550242785,0.16021643596351387
2025-10-11 04:00:00+00:00,0.37849617474542757,0.21417627350674115,0.2438398021582715,0.30042043665913226,0.18491042882463601,-0.3767268908778101,0.14264791889282402
2025-10-11 05:00:00+00:00,0.3641734228485686,0.21417627350674115,0.2283875359000483,0.2980555923208188,0.17788365848281232,-0.36867052915866894,0.134791604662558
2025-10-11 06:00:00+00:00,0.3471480183324167,0.21821203211031506,0.21006715200645637,0.29291417149385257,0.16845884030695815,-0.3605942642841525,0.12733161187190054
2025-10-11 07:00:00+00:00,0.3294456784805378,0.2201806703053696,0.1994671096619312,0.28230500014151744,0.15220837954572872,-0.3559917536233838,0.11884691335527911
2025-10-11 08:00:00+00:00,0.32095887355336905,0.22202085220349846,0.19428862641031677,0.27758329918232816,0.14463090887962113,-0.35402177804431634,0.1166012328967801
2025-10-11 09:00:00+00:00,0.31482326006484956,0.22528468624157266,0.18874284996915708,0.27290339359699756,0.13712973439801668,-0.35318090118221795,0.11389444477080278
2025-10-11 10:00:00+00:00,0.31322883896006587,0.22766624280876877,0.18358674817884793,0.2699517271103872,0.1342953192152048,-0.35236927702461335,0.11219396960293666
2025-10-11 11:00:00+00:00,0.31047572533711904,0.22908505403877685,0.1780262640290341,0.2683447404776221,0.13144294140828477,-0.3515880933032259,0.10935562931442894
2025-10-11 12:00:00+00:00,0.3097013887941559,0.2293183608830043,0.17764680245707554,0.26679316079119153,0.13099173690382507,-0.3490682355798113,0.10797688245754951
2025-10-11 13:00:00+00:00,0.31687645010653365,0.22652822235550188,0.18329931352663886,0.2702581073599837,0.13712759588353912,-0.35584412953108957,0.11086063600343031
2025-10-11 14:00:00+00:00,0.32423804636176323,0.22536389471184554,0.18858710262337747,0.27375965037888295,0.14330730739480743,-0.36094730741496206,0.11309565374476262
2025-10-11 15:00:00+00:00,0.33179840925009674,0.2242022223268422,0.19627220653414482,0.27773830795875465,0.1474151455449889,-0.3661854824793324,0.11687285945133212
2025-10-11 16:00:00+00:00,0.33990848931971535,0.2211836896458057,0.20807670207106804,0.2849486033998188,0.1599324028264359,-0.3717933498769783,0.1219773703240279
2025-10-11 17:00:00+00:00,0.34683778788977243,0.2219366638633435,0.21970327611902335,0.29593849054609,0.17226709521098219,-0.3756649026562553,0.1274523120367296
2025-10-11 18:00:00+00:00,0.35286733176785534,0.2259278762423974,0.23116660127684655,0.30792134610293376,0.18443576016025637,-0.3778858929744436,0.13282104242798487
2025-10-11 19:00:00+00:00,0.35873489167631617,0.23423236573651363,0.2424810078371077,0.3179444579942305,0.2038124538481585,-0.377560723736035,0.13870908694591916
2025-10-11 20:00:00+00:00,0.36444677749132953,0.24421824336672412,0.2536605514360004,0.3276144566922225,0.2112861488081257,-0.37724944806015964,0.14791661583661456
2025-10-11 21:00:00+00:00,0.3700089534643087,0.254869330041337,0.26471907923959587,0.33695579357547223,0.21856091973948383,-0.37695179879104124,0.15711625413180383
2025-10-11 22:00:00+00:00,0.37608043524102486,0.26094588469501445,0.27305203421790875,0.34485832506954084,0.2256445634620581,-0.37666751734180715,0.16103669196370873
2025-10-11 23:00:00+00:00,0.38140510492889873,0.25804220485753426,0.2842761433890385,0.35080382709673585,0.2325444522198486,-0.3763963533702614,0.15938691281667594
2025-10-12 00:00:00+00:00,0.39516238619684635,0.25804220485753426,0.3064218740266268,0.3640926614362196,0.24396262151940462,-0.3763963533702614,0.16703305129878787
2025-10-12 01:00:00+00:00,0.4013672563322698,0.24594060406151758,0.3296589123555781,0.3718038738578351,0.2680948186728875,-0.3749181711428923,0.16923806214878234
2025-10-12 02:00:00+00:00,0.3787550025258384,0.2217616621103889,0.3260454663711602,0.3555115374190718,0.2639114327980542,-0.36970481580070236,0.13103251859211468
2025-10-12 03:00:00+00:00,0.36449438732111855,0.23271466043662145,0.30025962039039994,0.34219659286274867,0.21615682503508563,-0.36970481580070236,0.12031783022967421
2025-10-12 04:00:00+00:00,0.358685289338469,0.23589800760647742,0.2849108752679618,0.3347797047684854,0.19420636297957322,-0.3668842387418574,0.11251585129054603
2025-10-12 05:00:00+00:00,0.35164539608303197,0.23906466935821485,0.264029990640259,0.3272962868017351,0.17212916099440764,-0.3668842387418574,0.1003876627257408
2025-10-12 06:00:00+00:00,0.3457038754745137,0.24669164191151355,0.24307365437529663,0.3163908241256622,0.14989655022701223,-0.36923499276748406,0.09265010755765009
2025-10-12 07:00:00+00:00,0.3260997326179959,0.24669164191151355,0.2220179151098126,0.30223125240378856,0.1376503005381209,-0.36923499276748406,0.0867011192434434
2025-10-12 08:00:00+00:00,0.3162551253416708,0.2536228306110852,0.2071391056083959,0.2948163230178031,0.13166947569635576,-0.36522450016505587,0.0854198432287852
2025-10-12 09:00:00+00:00,0.31007884170600436,0.25572264851229815,0.19931134041130186,0.2898598549237008,0.12657010041409855,-0.36511850272486657,0.08220505893497237
2025-10-12 10:00:00+00:00,0.3037986397186366,0.25572264851229815,0.19405224533134596,0.28603293331909657,0.11830387015367322,-0.3650216351218363,0.07780314228508001
2025-10-12 11:00:00+00:00,0.299631774669828,0.25735927303084877,0.1887555058471712,0.28222457998669415,0.10998138387040673,-0.3650216351218363,0.07405936614104465
2025-10-12 12:00:00+00:00,0.298310159624509,0.25901532389655957,0.18645985821542255,0.2813606302030559,0.11045323238145209,-0.3555118363183075,0.07337014178919621
2025-10-12 13:00:00+00:00,0.3017673074534538,0.25901532389655957,0.19294923974722092,0.28363745252380074,0.11626622812922123,-0.3530536190294017,0.07538592977243572
2025-10-12 14:00:00+00:00,0.30381425636403736,0.25901532389655957,0.19963510771845136,0.28593766606358306,0.11830679725864762,-0.3506308266471057,0.07706470060593315
2025-10-12 15:00:00+00:00,0.30619205018709317,0.25901532389655957,0.20621483943651564,0.28784728954798056,0.1203454048787407,-0.3506308266471057,0.07827950512995084
2025-10-12 16:00:00+00:00,0.31517735301117655,0.25982740476140725,0.21803017675093853,0.2920387486864951,0.1271976494690165,-0.3567648442957268,0.0816734152934389
2025-10-12 17:00:00+00:00,0.3206010018796884,0.2574314758284319,0.22995118839692782,0.29616567893271945,0.13388876258921245,-0.35886297339448125,0.08501330320826782
2025-10-12 18:00:00+00:00,0.3255026620470588,0.2580065744733581,0.24810248989679967,0.3017575899827436,0.14701161018546866,-0.3609310356656911,0.08677086593762444
2025-10-12 19:00:00+00:00,0.33029909955827397,0.25961338587611016,0.25507939991650375,0.3066185426732127,0.1594673854033446,-0.3629695301175862,0.08850591793651663
2025-10-12 20:00:00+00:00,0.33499339503424175,0.2676502613615744,0.2627189999647062,0.3122043753472242,0.17131916799151972,-0.36497894291069566,0.09060243228791799
2025-10-12 21:00:00+00:00,0.340683174588797,0.2775858132801225,0.2716670104560334,0.31736051953955746,0.17694348785146516,-0.3648120398316736,0.09417364985033229
2025-10-12 22:00:00+00:00,0.34515205539481075,0.2825672519084496,0.28038204152165885,0.32243923897660554,0.18244693093207887,-0.36465591043866147,0.09462125826232907
2025-10-12 23:00:00+00:00,0.3546486062066743,0.27674184722334516,0.296866515321047,0.32243923897660554,0.20106522973244875,-0.36465591043866147,0.09638685674216745
2025-10-13 00:00:00+00:00,0.36018763056485137,0.2729866845970118,0.32000943506819496,0.3193528662860567,0.22011210781391688,-0.3684804868942278,0.10174387133590829
2025-10-13 01:00:00+00:00,0.37098292172078556,0.26819052254758957,0.33397792170943646,0.3086746509432198,0.24247710612349743,-0.37368741913634185,0.1023776668647445
2025-10-13 02:00:00+00:00,0.3554089079186982,0.2527711874357998,0.32714909547901927,0.2922720355152598,0.23055772144480088,-0.37338820359534614,0.07310210748656573
2025-10-13 03:00:00+00:00,0.33445202450225675,0.2527711874357998,0.29959512425920404,0.296810137083995,0.2149706284070324,-0.363450342348968,0.060693313293395904
2025-10-13 04:00:00+00:00,0.3151234739270556,0.2542613907410711,0.2710758232776607,0.2981952310170464,0.18822391808284267,-0.35420231192685003,0.05867142053594614
2025-10-13 05:00:00+00:00,0.29969098662850147,0.25032997478660207,0.24860775207415164,0.2981952310170464,0.16671661289533155,-0.3513840438872763,0.05281629563571584
2025-10-13 06:00:00+00:00,0.28568920398488484,0.25032997478660207,0.2258712937264185,0.3007216044563457,0.1546006469541943,-0.34614476618029255,0.05696892534810471
2025-10-13 07:00:00+00:00,0.2655800795645027,0.25032997478660207,0.2034330417365178,0.3007216044563457,0.14253150835443318,-0.33884920238745947,0.05914169756996628
2025-10-13 08:00:00+00:00,0.2545565902225367,0.2580723707549733,0.1938685334943878,0.3006369203386021,0.13494610893803988,-0.33135618647422277,0.06554054065071356
2025-10-13 09:00:00+00:00,0.2468718771964407,0.26255608627279425,0.18408043894636394,0.29894918826548755,0.12975219463438814,-0.330056707725731,0.06554054065071356
2025-10-13 10:00:00+00:00,0.24075877729793352,0.26255608627279425,0.17333460917143992,0.2976257898776766,0.12128150755305872,-0.32976568091070996,0.06467715562499629
2025-10-13 11:00:00+00:00,0.23253444089565542,0.2645406435807513,0.16260618589683237,0.2976257898776766,0.11792189007471099,-0.3295457463773411,0.06381315252508984
2025-10-13 12:00:00+00:00,0.2294507308348846,0.26404371776513885,0.1588883471052568,0.29692758271632774,0.11126117939743034,-0.3259351160891304,0.062352620305831295
2025-10-13 13:00:00+00:00,0.23184054910634305,0.2635090836130529,0.16366785610673665,0.29753896333862606,0.11306570401967336,-0.33044766988922025,0.06270072677531915
2025-10-13 14:00:00+00:00,0.23387535657849484,0.2629775307846909,0.16858088121774872,0.2981531625286237,0.11306570401967336,-0.3351064387452498,0.06304938638102377
2025-10-13 15:00:00+00:00,0.240397887457485,0.26118709465756884,0.1747592693212632,0.2984312752638872,0.11838632995105715,-0.33689641903671336,0.061933139843030574
2025-10-13 16:00:00+00:00,0.2454133149270066,0.2594470328896673,0.18384577273165661,0.29869369568577225,0.12360001195058364,-0.3417392008281383,0.062086526053874554
2025-10-13 17:00:00+00:00,0.2498449780053572,0.25775682867511607,0.19276717885009012,0.29835933865579345,0.1353276382874295,-0.3462943627962251,0.06350292930833101
2025-10-13 18:00:00+00:00,0.25404838456308715,0.2562018804020882,0.20211735950029588,0.30012624365471513,0.14020328280977415,-0.34793878364974495,0.06474259460604605
2025-10-13 19:00:00+00:00,0.2596194316581289,0.258433598331219,0.2111202917295225,0.3024912991093826,0.15119171601495765,-0.34958449615283094,0.06744524039707507
2025-10-13 20:00:00+00:00,0.265172156259552,0.2642757174452106,0.22142612847150697,0.3066790217882376,0.16171723661992987,-0.35136608866528185,0.07016192974740466
2025-10-13 21:00:00+00:00,0.2704819462111894,0.27083326071013025,0.22980724505969477,0.31222666978852226,0.17021587087273157,-0.35312013863375535,0.07136911444343988
2025-10-13 22:00:00+00:00,0.27443338281684587,0.27262127112818735,0.23768224617886965,0.3158245258145184,0.17892087087975034,-0.3548470437752522,0.06888958935882698
2025-10-13 23:00:00+00:00,0.27872394944616136,0.2658036675776212,0.2495718586119726,0.3105503311679237,0.17892087087975034,-0.35704697679285363,0.06888958935882698
2025-10-14 00:00:00+00:00,0.286698726846285,0.25771474846576614,0.261629329005763,0.3105503311679237,0.17892087087975034,-0.3609270772920741,0.07059610314389632
2025-10-14 01:00:00+00:00,0.29318692625007026,0.24643601979997312,0.2808772808438031,0.30362942950668825,0.18961691718795504,-0.36995833616427365,0.06525781824830525
2025-10-14 02:00:00+00:00,0.274675049908356,0.2259789925125857,0.2650155681821519,0.27826354371133244,0.18635236332055719,-0.3711904723212944,0.028773192462578055
2025-10-14 03:00:00+00:00,0.260318040736359,0.2259789925125857,0.2405207323664294,0.27826354371133244,0.18635236332055719,-0.3593736137642156,0.02538143287491933
2025-10-14 04:00:00+00:00,0.25119124898915424,0.23405370613587032,0.22097827006954976,0.2816540663153011,0.16957568774701423,-0.3471117243623631,0.033118340181326485
2025-10-14 05:00:00+00:00,0.23899901303664886,0.23863631046176853,0.1990423224896981,0.2816540663153011,0.16957568774701423,-0.3405262425723462,0.033118340181326485
2025-10-14 06:00:00+00:00,0.22929373215722776,0.2483779786201264,0.17294606349570318,0.28738998844583197,0.15709955675249113,-0.33132723546672105,0.046132896555750424
2025-10-14 07:00:00+00:00,0.2177903433108548,0.2581304166398487,0.15271873091593172,0.2945231143538983,0.14460864483847577,-0.32562902991006726,0.05292314963209989
2025-10-14 08:00:00+00:00,0.2098978463899173,0.26333114270424945,0.1350641767688503,0.2945231143538983,0.1320989260396018,-0.3198874266303541,0.059757445198443754
2025-10-14 09:00:00+00:00,0.20443449267521632,0.2690473908429744,0.12697950702662106,0.2945231143538983,0.1265463131751908,-0.31827701833288585,0.06385365821119536
2025-10-14 10:00:00+00:00,0.20159866884958574,0.27348860547306575,0.12016032918517322,0.2960062401402649,0.12098975675500882,-0.3167004135564116,0.06769229284657653
2025-10-14 11:00:00+00:00,0.1987591545928998,0.2779469910577546,0.11017260521492715,0.29749084903579537,0.1154274777822343,-0.3151603018410114,0.07237778961550002
2025-10-14 12:00:00+00:00,0.19887804691631936,0.27713289625172904,0.11057370813822148,0.29635440897562354,0.11575365637435371,-0.31330679493265134,0.07113704869586521
2025-10-14 13:00:00+00:00,0.1989965638883697,0.2763315912072978,0.11072550094791997,0.2952376469212504,0.1160749932662253,-0.31149272224674596,0.07026091965320168
2025-10-14 14:00:00+00:00,0.19911466616714057,0.27554277405728334,0.11111576293644043,0.2948983173769245,0.11639159665760854,-0.308133913038704,0.0699665895512338
2025-10-14 15:00:00+00:00,0.2012032523327624,0.2675438513444389,0.11626112841576693,0.292637317519538,0.11911370621032526,-0.2978926545803255,0.06802846092858184
2025-10-14 16:00:00+00:00,0.20325397052230382,0.263746456716182,0.12127971119005966,0.29041590219402724,0.12178458434422462,-0.30130077013194717,0.06612402616343765
2025-10-14 17:00:00+00:00,0.2070551513643234,0.2600197339806316,0.12885268528705154,0.2882330228206173,0.11622742819212592,-0.3046332660656555,0.06425239980048915
2025-10-14 18:00:00+00:00,0.21077294531376387,0.2596700707520349,0.1361567172340569,0.2901803603544778,0.11886441060588902,-0.3061714305133656,0.06514900471048087
2025-10-14 19:00:00+00:00,0.2158725886777361,0.2619910371194901,0.14070219670637216,0.29359265778869936,0.1214529563439837,-0.30551736375859845,0.06734023693765956
2025-10-14 20:00:00+00:00,0.22083419060070061,0.26426904745212954,0.14759150231802076,0.2980513117079994,0.1239943919914656,-0.3048748195838773,0.0694933869354652
2025-10-14 21:00:00+00:00,0.22566351755145392,0.26650528550063024,0.15187602532002456,0.3023902296926099,0.13230367256265568,-0.3042434921923151,0.07032536480981098
2025-10-14 22:00:00+00:00,0.23036600719678874,0.26611304486299836,0.15838701355947485,0.3055410641992171,0.1346624298661422,-0.3036230866325493,0.06572062765519172
2025-10-14 23:00:00+00:00,0.23360672094535526,0.26253220497833496,0.15968712255768983,0.30331952210704277,0.1292988482097041,-0.3030133183158185,0.055463315923245084
2025-10-15 00:00:00+00:00,0.23113486547885415,0.2552589909098933,0.15777078544931353,0.29590433152374457,0.12405101826648317,-0.3024139125608555,0.047018579797012267
2025-10-15 01:00:00+00:00,0.229901800408706,0.242052459613716,0.15377442611548112,0.28244233233978844,0.1282599425140463,-0.30040117805488403,0.029282058895077418
2025-10-15 02:00:00+00:00,0.2497355427168587,0.2340676402037183,0.18377721580288003,0.2814169625632379,0.15344114922771515,-0.31013177022857247,0.03907863276482594
2025-10-15 03:00:00+00:00,0.23942694179602486,0.24812212384935745,0.1582680458492207,0.2908546197021911,0.16997980258995166,-0.31013177022857247,0.0422919581438246
2025-10-15 04:00:00+00:00,0.2311920518521958,0.26001135490284677,0.14050991695141324,0.296406522362404,0.15426588415157527,-0.306885653962383,0.054074417560750695
2025-10-15 05:00:00+00:00,0.2146872291797826,0.2536837090610575,0.11902250838353061,0.29907409098922777,0.15426588415157527,-0.306885653962383,0.05808510340578917
2025-10-15 06:00:00+00:00,0.19758325828027698,0.24308892001396884,0.09727808295501832,0.29907409098922777,0.14211898465526196,-0.306885653962383,0.062277982553288314
2025-10-15 07:00:00+00:00,0.18325271246897035,0.23743709024879817,0.07667271251927436,0.2958304933420316,0.14577005254229297,-0.3099037424502838,0.06309315091232486
2025-10-15 08:00:00+00:00,0.16440445463757442,0.23280555452827456,0.06451847512479052,0.28904161894117614,0.1374041821726697,-0.31228297661193394,0.06496398553881262
2025-10-15 09:00:00+00:00,0.15379156184758672,0.2307257332377955,0.054499710340323866,0.28573162917569517,0.1374041821726697,-0.31228297661193394,0.06805139556235491
2025-10-15 10:00:00+00:00,0.14520498701685008,0.22922156758995674,0.04491207733516042,0.284239052453816,0.1374041821726697,-0.31290807368879814,0.07290463925557523
2025-10-15 11:00:00+00:00,0.1362779581689883,0.22771280082956075,0.034455906983112176,0.28274758800562805,0.13193600874103933,-0.31353580075517967,0.07671543447013983
2025-10-15 12:00:00+00:00,0.1398304021861124,0.22889982712492735,0.03579140731876327,0.28303731718415975,0.13303606840846055,-0.3116408055137751,0.07597228180622015
2025-10-15 13:00:00+00:00,0.14098107168874,0.22889982712492735,0.03712917050958518,0.28332910747167744,0.1341544167069811,-0.3097768578654828,0.0752356261707207
2025-10-15 14:00:00+00:00,0.1421669301688582,0.22889982712492735,0.03898529164884167,0.2836229681011411,0.1341544167069811,-0.30569790944834585,0.07466849367313841
2025-10-15 15:00:00+00:00,0.15050644059488125,0.22889982712492735,0.04952114701477255,0.2857005600447907,0.14190657290373157,-0.2944943683140652,0.0685130465307289
2025-10-15 16:00:00+00:00,0.1611897973391496,0.22889982712492735,0.06412411634666519,0.2877813188497615,0.14190657290373157,-0.2944943683140652,0.0636357728839951
2025-10-15 17:00:00+00:00,0.1707142734845951,0.22889982712492735,0.08216733345789819,0.2877813188497615,0.14190657290373157,-0.2896551944992293,0.0588458715590912
2025-10-15 18:00:00+00:00,0.17734827703981715,0.23161974670540095,0.09312046335408264,0.284576885162606,0.14190657290373157,-0.2860052677745304,0.05526831845600574
2025-10-15 19:00:00+00:00,0.17922719141229915,0.23161974670540095,0.10712734254045653,0.2813644169150151,0.14190657290373157,-0.2823458749771054,0.051666734661775404
2025-10-15 20:00:00+00:00,0.1832802729537778,0.23008285263078257,0.12112812170892534,0.2779583191485054,0.14190657290373157,-0.2786765673131813,0.044573082247574655
2025-10-15 21:00:00+00:00,0.1873031473137211,0.23008285263078257,0.13233075423522633,0.2745294238690585,0.1341544167069811,-0.27499688511916204,0.03732072650049122
2025-10-15 22:00:00+00:00,0.1937842304079945,0.22734872103345938,0.1436654273111408,0.27190724539737515,0.12645477880535677,-0.27130635735414255,0.03341620870762983
2025-10-15 23:00:00+00:00,0.20590546033786608,0.22734872103345938,0.16016567234856577,0.2740292638369945,0.12645477880535677,-0.2696542148701135,0.03205478817846168
2025-10-16 00:00:00+00:00,0.22292230266493543,0.24647450405143242,0.17212457611385526,0.2942699258754509,0.1526243481705973,-0.26117460307307333,0.059455760428659
2025-10-16 01:00:00+00:00,0.2565971474281032,0.26827868446934916,0.20047147068160664,0.32195751261573696,0.17953252008171827,-0.2527086418663082,0.0873194897068359
2025-10-16 02:00:00+00:00,0.28847618968144495,0.2902369849356508,0.23866430166624905,0.3536949848714729,0.19718084093766905,-0.24403502584709885,0.11233975540138659
2025-10-16 03:00:00+00:00,0.2678214956999119,0.2867511463198725,0.20792729965326062,0.34113282738200523,0.17878290687061252,-0.2621059317009831,0.10661495321971344
2025-10-16 04:00:00+00:00,0.255205775802436,0.28242291452729695,0.19301064631606218,0.33514614764938433,0.17497128804055273,-0.2735511544828754,0.10053106095531782
2025-10-16 05:00:00+00:00,0.2419305164142312,0.27807066020047794,0.17728065521205225,0.3284079980024397,0.17113618672089495,-0.2806838360935293,0.10014663315659393
2025-10-16 06:00:00+00:00,0.2370563179317674,0.274498389548483,0.16203512831410644,0.3236863903304919,0.16727702919591603,-0.28794790058363406,0.10940631474274151
2025-10-16 07:00:00+00:00,0.23155728329154945,0.27560597652115393,0.14981205111554374,0.32802022106370227,0.1754622621364295,-0.29654100982590464,0.11697262993969113
2025-10-16 08:00:00+00:00,0.22290768334809222,0.28223233142321746,0.13357223733332713,0.3313308157088849,0.18377834232346152,-0.3052927188767668,0.1260265617432961
2025-10-16 09:00:00+00:00,0.2217858548995699,0.2825732509723229,0.12639656942768007,0.33215903541038033,0.18631823260818026,-0.3055586862157229,0.12999383748406465
2025-10-16 10:00:00+00:00,0.2179104399706857,0.28013474935937477,0.1191632575088861,0.33143309176314967,0.18205212619964958,-0.3073039642068418,0.13244458985323984
2025-10-16 11:00:00+00:00,0.21504671561349392,0.27769634244545344,0.11327035021298816,0.3303141328511378,0.1832342817989217,-0.3078504134592254,0.13382896613426334
2025-10-16 12:00:00+00:00,0.21553213089706588,0.27769634244545344,0.1162002353791605,0.3303141328511378,0.18189032067408947,-0.30536056540107426,0.13334530109889037
2025-10-16 13:00:00+00:00,0.21877365814627933,0.27373343322774457,0.12451079837023597,0.3290053373151945,0.18396860613108124,-0.2931081139190137,0.1308817068243449
2025-10-16 14:00:00+00:00,0.22400157768161344,0.2698372605410605,0.13261168343422614,0.32921247846348334,0.18604301200094592,-0.2816054462596361,0.12848667235512926
2025-10-16 15:00:00+00:00,0.2270884492864734,0.26600681658685527,0.13684149090182376,0.32940572736044216,0.18016709229422848,-0.27046565671211964,0.12617225241205968
2025-10-16 16:00:00+00:00,0.2183813379656775,0.26293450055952566,0.1197684261255627,0.326659112910855,0.16866301973966416,-0.2538149917907274,0.1218856724599197
2025-10-16 17:00:00+00:00,0.20230519663192942,0.2572189220216703,0.09432176209193989,0.3218389818617866,0.18387129680229086,-0.2308951897774544,0.11420344226355712
2025-10-16 18:00:00+00:00,0.18710296400139356,0.24366214102018866,0.06992958185404519,0.30693083019124323,0.1808611446732615,-0.21442765343126752,0.10204275712582274
2025-10-16 19:00:00+00:00,0.17901889943570007,0.2266343585932629,0.0612033232552018,0.29546380549586804,0.17339893241740695,-0.20361916258036125,0.09236171231639317
2025-10-16 20:00:00+00:00,0.165435336226617,0.20782338561257932,0.05252858938719133,0.27905224263366063,0.16599937694647918,-0.192768829544463,0.08378561698907262
2025-10-16 21:00:00+00:00,0.1572959084404635,0.19892371608082707,0.042142202956433006,0.278002518592177,0.15846166393592695,-0.19514604175112965,0.08671284171271795
2025-10-16 22:00:00+00:00,0.14701356243920607,0.18465333107409654,0.031464621882091134,0.2640613005972816,0.1512715147799386,-0.18795108952517647,0.08614551893424865
2025-10-16 23:00:00+00:00,0.14370213241972668,0.1738008830458514,0.021284277675098075,0.25679734978919105,0.15272723695692267,-0.18062159595423366,0.09498131714914153
2025-10-17 00:00:00+00:00,0.1619239013411121,0.18500591978869824,0.018311677320731284,0.2759986590962664,0.16521302979833888,-0.17132403988704117,0.1165936754182697
2025-10-17 01:00:00+00:00,0.19000190952801618,0.1938727044152805,0.019529233333713765,0.2998157839510304,0.17913227647179925,-0.1568686696864757,0.13662393642782308
2025-10-17 02:00:00+00:00,0.20855128729289138,0.19931994573785017,0.027445775490490713,0.31522573729753967,0.20028936457495267,-0.14835820433408436,0.14724534599148498
2025-10-17 03:00:00+00:00,0.1880579505019578,0.19602980084343213,0.011594432070159174,0.3031897996788054,0.19327456512836894,-0.1705402597043503,0.13954059758846069
2025-10-17 04:00:00+00:00,0.17594715953255732,0.19409894605811415,0.007416484839253773,0.29662599439119164,0.18946123594277073,-0.18038083696254287,0.13553995809851704
2025-10-17 05:00:00+00:00,0.1636902614633933,0.1896734691532888,-0.0011503175511861535,0.28603611393567935,0.18125574252323493,-0.18681108113900535,0.12971123667462103
2025-10-17 06:00:00+00:00,0.16323492908877515,0.1852279555705892,-0.0030297933751683346,0.2840411857678172,0.17299871765551242,-0.19344112912376274,0.13619425403287544
2025-10-17 07:00:00+00:00,0.16924890502206907,0.18884703587182808,-0.005019165851844212,0.28551763489532184,0.17612899423760864,-0.20027686750798002,0.14530572710168044
2025-10-17 08:00:00+00:00,0.17032730255466336,0.19499775822923476,-0.006064999466150433,0.2877111570101533,0.18162267356127643,-0.20226891792319782,0.1570039076927983
2025-10-17 09:00:00+00:00,0.1703713876101139,0.19765142190617016,-0.010772244694859536,0.28840327616756917,0.18412447844263946,-0.20235362828759534,0.16126000423833625
2025-10-17 10:00:00+00:00,0.16050561887947884,0.19415743173457203,-0.017203249528556987,0.28377659964212804,0.17490014498300968,-0.19903352789086737,0.16358859793650612
2025-10-17 11:00:00+00:00,0.15082169421700858,0.19076161695232127,-0.023783879866844482,0.2802067889293441,0.17062947842006634,-0.19585585380063691,0.1618173976789681
2025-10-17 12:00:00+00:00,0.14775664327322463,0.18312996974814028,-0.01966703917876271,0.27803045683826894,0.16585767906613014,-0.18808980960799812,0.1594156757710352
2025-10-17 13:00:00+00:00,0.1405429355996406,0.16975195744808239,-0.0049711494810134975,0.27294157225088844,0.16946192965416432,-0.16954172371180493,0.15497358035198125
2025-10-17 14:00:00+00:00,0.13953140085824248,0.1568223413870954,0.009145224880584895,0.267459077478384,0.17303645103992252,-0.15233674279383402,0.1506465838615908
2025-10-17 15:00:00+00:00,0.1385487892348659,0.15052322648624125,0.014982430559730465,0.2572591840811798,0.16166804203927454,-0.13045064267397607,0.14653903639035268
2025-10-17 16:00:00+00:00,0.1374462060853406,0.1550751827348476,0.004711525194995657,0.25852172787624256,0.1591146239137543,-0.10741833816782102,0.1437782783816748
2025-10-17 17:00:00+00:00,0.12600583614105032,0.1565618563307728,-0.00956689598810039,0.25220798092219665,0.17478791817232492,-0.08274460447971162,0.13330055435010343
2025-10-17 18:00:00+00:00,0.10729841308822838,0.14611929543808816,-0.018379713175282333,0.2358139581293765,0.16424116636877797,-0.06396078469285009,0.12061459712631953
2025-10-17 19:00:00+00:00,0.09474270782099398,0.1297401230387998,-0.025719744473010182,0.2145615110410705,0.16572464846942891,-0.05472316043140943,0.10971617428554192
2025-10-17 20:00:00+00:00,0.08243014661441181,0.1173665596294484,-0.0326890664068963,0.19195498029501384,0.1694281400949023,-0.045285485880655646,0.0986398439160736
2025-10-17 21:00:00+00:00,0.07035105710678022,0.09701953880082158,-0.028249797085427065,0.1701059768927885,0.18175000386049484,-0.0356388720364476,0.0873761141579277
2025-10-17 22:00:00+00:00,0.05849616083705844,0.08342569072574602,-0.02980485338418983,0.153893737168467,0.19405983450700448,-0.025774066597052944,0.08360682970593494
2025-10-17 23:00:00+00:00,0.06989944931898473,0.08599249495558715,-0.006838652652513641,0.15461083779894289,0.20636278788876486,-0.015681425146237972,0.0972887474234129
2025-10-18 00:00:00+00:00,0.08887750569798607,0.10043355472105081,0.016041947242327055,0.16512302094886583,0.23173658281356518,-0.005350880461500045,0.11435162925787004
2025-10-18 01:00:00+00:00,0.10584584396313289,0.10977167017658877,0.03303030293115475,0.1814251301279864,0.24629791092425393,0.00948429965588616,0.12935692419647052
2025-10-18 02:00:00+00:00,0.12887263797718057,0.1218601585236588,0.05520443002142808,0.20564615247691967,0.2928330769896593,0.02979847687104441,0.14988052730931234
2025-10-18 03:00:00+00:00,0.12050173905544118,0.1210888526087526,0.026736013868413712,0.19430775761570387,0.2861771367918315,0.012625222783231575,0.14181706228679877
2025-10-18 04:00:00+00:00,0.11661696983406457,0.12174309758252619,0.014658142944126032,0.1883800094324622,0.2824290276429303,0.004598972302039313,0.13754876513064085
2025-10-18 05:00:00+00:00,0.10524177263295263,0.11516405844288542,0.003761774462015502,0.17977508500985423,0.2717773459974542,0.002515942512091168,0.13394337393188666
2025-10-18 06:00:00+00:00,0.09779663396216041,0.11485728820988265,-0.005996299050300976,0.1738502644556677,0.2664692408641644,0.0011010118103024615,0.14347787286772853
2025-10-18 07:00:00+00:00,0.10145297936531988,0.11600448071844159,-0.016211757556076685,0.17933883793186678,0.26860860905600403,-0.00047208266384746726,0.15592676979357728
2025-10-18 08:00:00+00:00,0.1040461658794831,0.11900799882848687,-0.019236673938751597,0.18213013029841021,0.27104058042888235,0.0005469077834203437,0.16189046287652523
2025-10-18 09:00:00+00:00,0.10391042592581548,0.1168879148839871,-0.022720208700822225,0.1872002259158501,0.27514679308880097,0.009529009728580604,0.16898266963721809
2025-10-18 10:00:00+00:00,0.09780441346008005,0.11511849783639373,-0.029241099450278907,0.18701188125272442,0.2625112379753078,0.011675102012641056,0.17012999886682922
2025-10-18 11:00:00+00:00,0.09117978128692616,0.11310602471000676,-0.03321786592013989,0.18629466424445762,0.25260010345783424,0.02014100798370501,0.17209089757723847
2025-10-18 12:00:00+00:00,0.08952165777067222,0.10629242411888293,-0.02443214851026103,0.18713318664360654,0.24446437454905473,0.03023163750845944,0.17137041533873792
2025-10-18 13:00:00+00:00,0.08677669287128278,0.10047036901914516,-0.015866428406751478,0.18720970163407077,0.2462418096295543,0.03997276143833072,0.17068756644675984
2025-10-18 14:00:00+00:00,0.0840457568787819,0.09769060250230847,-0.0062554569709918975,0.18728989514936886,0.24801665105708917,0.04889699411985469,0.17004214307923196
2025-10-18 15:00:00+00:00,0.0784096554124436,0.09280691912868368,-0.0016050983730212939,0.18657582238492604,0.23706101394524315,0.06943605104637797,0.1687653320673041
2025-10-18 16:00:00+00:00,0.08447842840179853,0.10217056527176122,-0.011866778445985935,0.18057516036902355,0.2261103786244056,0.09108048487964762,0.16089147040925533
2025-10-18 17:00:00+00:00,0.0739964293277138,0.10116048555410014,-0.02149115736039665,0.170254689159482,0.21539296167474398,0.11467927259388946,0.14500102196882192
2025-10-18 18:00:00+00:00,0.06368533679914712,0.08993681198350376,-0.018873385960721002,0.15185346384794368,0.2048924181704222,0.1300721130317605,0.1290324563240929
2025-10-18 19:00:00+00:00,0.05210614921551017,0.07415071313220017,-0.022496839337622428,0.13654365574495106,0.2083311373903532,0.13613459243316411,0.11509975920845898
2025-10-18 20:00:00+00:00,0.0407240370584094,0.049466086426468235,-0.02578493136491577,0.11659703306753633,0.20129063998381985,0.14220381087315578,0.0991154842367844
2025-10-18 21:00:00+00:00,0.029531090664254314,0.02236304723841693,-0.021823035754815298,0.09195167887184304,0.2044462608290924,0.14828225011186022,0.07991261897875583
2025-10-18 22:00:00+00:00,0.018519676006293416,0.0010297172437783257,-0.01847774087971178,0.07087604043168062,0.2137603976163647,0.1543723904479765,0.07148832576145561
2025-10-18 23:00:00+00:00,0.022174825454935918,0.0013130368078941956,-0.007637394162309832,0.06183133794892319,0.21634200114588847,0.16047671587522033,0.08132785356392208
2025-10-19 00:00:00+00:00,0.03697125301448265,0.010393572938860866,0.010843451868371714,0.06309626594785808,0.23446258265300648,0.16659771921558228,0.0930044337513569
2025-10-19 01:00:00+00:00,0.06669646400674786,0.03265819032524059,0.013002040865070175,0.06954450888414583,0.22610701733784025,0.17284304266526737,0.10842782736973396
2025-10-19 02:00:00+00:00,0.09664809525632166,0.04748317045910566,0.020733763079805886,0.07473224272195315,0.2207012413611973,0.17452499102486413,0.12312144658154309
2025-10-19 03:00:00+00:00,0.0759037558790099,0.03298059310158571,-0.001515034103433938,0.07221977409136304,0.22732065287229664,0.1745795163889765,0.1185317951926954
2025-10-19 04:00:00+00:00,0.0647707364166003,0.029964385653556972,-0.015683417985471338,0.07085520768416327,0.23036843496887036,0.17378345165330894,0.1160079063697761
2025-10-19 05:00:00+00:00,0.046724166460629664,0.021189833758580474,-0.020058630539122616,0.0666708492149232,0.23588428829521968,0.17862320956510253,0.11899638128672119
2025-10-19 06:00:00+00:00,0.02923611496477368,0.016933348166803166,-0.02468455762119711,0.06842200844948268,0.2414495662967925,0.1869439806333487,0.13040595371595096
2025-10-19 07:00:00+00:00,0.028705135578400404,0.023524077979497487,-0.02956654733125774,0.07954723100633795,0.24706610201945628,0.19553007313085244,0.1445684328180676
2025-10-19 08:00:00+00:00,0.03222452079911052,0.026913937657586123,-0.03219672273228132,0.08681759534112585,0.2495482165949068,0.20146488190163875,0.15130145831164593
2025-10-19 09:00:00+00:00,0.03305747454133413,0.029054133163308495,-0.032647479308800825,0.09165429962915889,0.252035266520656,0.20724028989753573,0.15820720497333784
2025-10-19 10:00:00+00:00,0.0327228764901453,0.03128644850258935,-0.03645256629245707,0.09399847909004043,0.2511800228723061,0.21294731254091426,0.16314205379583713
2025-10-19 11:00:00+00:00,0.030430797949944417,0.030353382309870756,-0.03555500726357338,0.09698300998000753,0.2457251432493371,0.22578949470632725,0.16860793516148567
2025-10-19 12:00:00+00:00,0.03379992011397759,0.0265954430349945,-0.02651944645831832,0.09342254869979803,0.2476097923738884,0.23296007784869618,0.16793412943753522
2025-10-19 13:00:00+00:00,0.03605413223320346,0.02290286520168989,-0.017645173516372986,0.08993291236236729,0.24949062352603196,0.2401001760241576,0.16734892901724585
2025-10-19 14:00:00+00:00,0.04668542385620219,0.010693017439638616,-0.00420601573581364,0.09028192831548461,0.23657565458377516,0.256688451292908,0.1669624402553049
2025-10-19 15:00:00+00:00,0.045581533920868396,0.006029439005091987,-0.0009458058194028555,0.09141917255335331,0.2240952423488777,0.2728010825463148,0.16348212853587152
2025-10-19 16:00:00+00:00,0.036232947675048456,0.0020773488027113194,-0.00564557436968418,0.08415567875717006,0.22883614851937087,0.29900765562238335,0.14860050758933763
2025-10-19 17:00:00+00:00,0.020184980756426957,-0.005553574548040399,-0.009834244026909552,0.07687304700480842,0.21734039225753957,0.31333494066408096,0.12984424029978112
2025-10-19 18:00:00+00:00,0.004567434560161838,-0.01748386598429571,-0.020524067961670764,0.06358436826462617,0.19970795798502702,0.32348452099227226,0.11102880564189437
2025-10-19 19:00:00+00:00,-0.01064382330219031,-0.029524034625385238,-0.023799271683204667,0.04727562762075206,0.18160134615867776,0.333758844006707,0.09213153258881353
2025-10-19 20:00:00+00:00,-0.020906542278339484,-0.05419096742749797,-0.029521492083755003,0.027472730998807714,0.16651851792541053,0.34375130492319333,0.07947145230211229
2025-10-19 21:00:00+00:00,-0.03498724738073571,-0.08184736409385283,-0.03503569976309029,0.0038718065106444167,0.16785309544366916,0.35020750780583776,0.062479591876701504
2025-10-19 22:00:00+00:00,-0.045003248159828306,-0.09938113032772967,-0.03340673825645803,-0.016442295955830476,0.16899093413346944,0.3567122668983233,0.0551859413012228
2025-10-19 23:00:00+00:00,-0.04736214582309392,-0.10153637579654999,-0.0313913653012664,-0.01575896525479694,0.16993351850998437,0.3632682700176707,0.07049209484575336
2025-10-20 00:00:00+00:00,-0.034517146368451546,-0.0937993619036767,-0.0221581677992521,-0.004688229375921342,0.1706820504178709,0.3799973850845763,0.08502485654576476
2025-10-20 01:00:00+00:00,-0.017870100859472184,-0.09011569180907886,0.007049855110920242,0.012549755231209579,0.1659800896874935,0.39547657514227996,0.0918996135603284
2025-10-20 02:00:00+00:00,-0.0019940337179027105,-0.0865357918172473,0.02422786691460862,0.02484890978243432,0.16102499012555296,0.40547456767465323,0.0989092217491161
2025-10-20 03:00:00+00:00,-0.014708013262300495,-0.08900278245998192,-0.0013851528682325414,0.012708044397682526,0.15496183337936176,0.4036090007066267,0.09758260076436018
2025-10-20 04:00:00+00:00,-0.021205344225492813,-0.09151771686172866,-0.015672947903258627,0.006167979679579015,0.1648889823527112,0.4017114999072977,0.09637716990360885
2025-10-20 05:00:00+00:00,-0.027654741083176372,-0.08892873403866589,-0.02504696410189731,-0.0013959986478111503,0.16119058995023458,0.40205378584040147,0.09164553303786567
2025-10-20 06:00:00+00:00,-0.034136508062481224,-0.08187745784596559,-0.023792632282239427,-0.01252092644033295,0.1641253239371835,0.4024259041148097,0.09434376445708079
2025-10-20 07:00:00+00:00,-0.029901254190260646,-0.07267238903975017,-0.02267037512626093,-0.017894941265677984,0.1672555404961194,0.4028283521400613,0.10670706962740958
2025-10-20 08:00:00+00:00,-0.026208902434635757,-0.06897344584163988,-0.02068180610737348,-0.015796114661081228,0.1669032718345166,0.4024898102944967,0.11114213485092729
2025-10-20 09:00:00+00:00,-0.024070499464788096,-0.06644408056275057,-0.018770791707395932,-0.013661298710197119,0.16664717548130137,0.40300835358757003,0.11606936878839454
2025-10-20 10:00:00+00:00,-0.02508274678824157,-0.06638411043585335,-0.012666758509673848,-0.011535397430397432,0.16280494859050051,0.40520947135135427,0.11491900139865896
2025-10-20 11:00:00+00:00,-0.02076511391809017,-0.06625145058286752,-0.006759519941874087,-0.014211800839784806,0.1559323979980911,0.4074275819960955,0.11388742558913147
2025-10-20 12:00:00+00:00,-0.01859072140903163,-0.06352520706235969,0.007636827161572072,-0.020252529571110005,0.16202370230155572,0.40799355226662043,0.11014839838124105
2025-10-20 13:00:00+00:00,-0.012428944280651862,-0.06081505340653149,0.021409059097011403,-0.019137622736215207,0.16482301280728975,0.41053166109927247,0.10862498576211324
2025-10-20 14:00:00+00:00,-0.0029463933355921446,-0.0552956027882862,0.054114080540578015,-0.01688211994411247,0.17303958464641747,0.4179291712456179,0.11005227829473686
2025-10-20 15:00:00+00:00,0.002975452882402441,-0.06071874348261914,0.08281655642758345,-0.01574779989261364,0.15949176793437306,0.4247384306488891,0.11229582250618879
2025-10-20 16:00:00+00:00,-0.011615146240310006,-0.07046370131319653,0.07526369588239011,-0.0198305555975079,0.14595601123816207,0.4489315968741251,0.09861766989708379
2025-10-20 17:00:00+00:00,-0.025841972912771325,-0.08012775806702836,0.05591306866040008,-0.02956606077495698,0.12495071532835715,0.47116252744971326,0.08310303170289124
2025-10-20 18:00:00+00:00,-0.03972502021235207,-0.0897195708739173,0.01917376965475503,-0.04817186671311414,0.11143999691662308,0.48565457789771205,0.06749381757087741
2025-10-20 19:00:00+00:00,-0.05742771648899116,-0.09924738986248423,-0.014874039137415784,-0.07146251008002293,0.08956123524544247,0.5001411485067274,0.046290402340075025
2025-10-20 20:00:00+00:00,-0.07087936866480196,-0.11645523225075607,-0.02988557328193448,-0.09062221870706172,0.07061084157368326,0.5129273686431256,0.029307470693695353
2025-10-20 21:00:00+00:00,-0.08738143529402816,-0.13370193075516515,-0.04967271450310731,-0.11378405339318455,0.06962994240172583,0.5257999960828723,0.01420382657317258
2025-10-20 22:00:00+00:00,-0.09637511508396368,-0.14127913409263101,-0.05145301208318193,-0.12762864863794107,0.07623227576783267,0.5387645998831068,0.013539880779839636
2025-10-20 23:00:00+00:00,-0.09798182048642796,-0.1391645374224555,-0.046463259509261806,-0.12347874234884587,0.0853552748791173,0.5518268883448174,0.0276868796748114
2025-10-21 00:00:00+00:00,-0.08866235531660249,-0.1273278540014468,-0.03547564160594452,-0.10947042391694702,0.09450966012880074,0.570729035132665,0.045914526027732376
2025-10-21 01:00:00+00:00,-0.07232877722507389,-0.1163677291010709,-0.021414212709755295,-0.09365897273665161,0.08698073211963595,0.5959919651515555,0.05938111466249121
2025-10-21 02:00:00+00:00,-0.05673841069638037,-0.10523222086238501,-0.006642769359778107,-0.0762993960091129,0.07984440884467263,0.614377492018991,0.07257233952790466
2025-10-21 03:00:00+00:00,-0.06994916966190336,-0.10750730238287169,-0.02159981119343572,-0.09020449604923647,0.0745297506766909,0.6100155562573919,0.06524288485268023
2025-10-21 04:00:00+00:00,-0.08353549221785647,-0.1179891872460474,-0.037155512695285,-0.10449524294300708,0.0846322601698035,0.6065113982644753,0.054731054221959306
2025-10-21 05:00:00+00:00,-0.09037335485732362,-0.11980560736010164,-0.03769988828532012,-0.11613708322557599,0.07381471820311529,0.15790834893593592,0.05696716866964954
2025-10-21 06:00:00+00:00,-0.09394629882985826,-0.12163684450507067,-0.035152913934061315,-0.1279956334488663,0.0751615757222614,0.15660877116998928,0.05180982833993825
2025-10-21 07:00:00+00:00,-0.08617481832130548,-0.12348340319540906,-0.03578511333448039,-0.12976747206044514,0.07660960259052596,0.15613608621232838,0.059558291837320115
2025-10-21 08:00:00+00:00,-0.07865117388658076,-0.11857035425917253,-0.030689736309145524,-0.1264793660255824,0.08049142705071118,0.15567229337263697,0.06660597461071201
2025-10-21 09:00:00+00:00,-0.07296407465798649,-0.11817831254760248,-0.027070417383420926,-0.12382590475517109,0.0800189609990933,0.15523101676698564,0.06884654907540082
2025-10-21 10:00:00+00:00,-0.07132821902552657,-0.11935279988121596,-0.02587320365734091,-0.12267541401061621,0.07753709083273327,0.15393698933212221,0.06598989967730959
2025-10-21 11:00:00+00:00,-0.06983120683359638,-0.12052855328428538,-0.01606199993093662,-0.12539870081093885,0.07516772831859674,0.1533190792007621,0.06266166017412104
2025-10-21 12:00:00+00:00,-0.06365793670119735,-0.11548875080972451,0.0020737237378669767,-0.12170308623604,0.0768586231531659,0.15288836099353534,0.062040336498492464
2025-10-21 13:00:00+00:00,-0.05327218476557534,-0.11053418563602786,0.016910017828506922,-0.11807753748086712,0.0785415404674223,0.1531018674720652,0.060539632597502786
2025-10-21 14:00:00+00:00,-0.02973259372241792,-0.10260417727144962,0.042924915287290394,-0.11421435822296222,0.08166901869316011,0.15368948839680313,0.05939185926473658
2025-10-21 15:00:00+00:00,-0.017800579094184713,-0.08946719522292255,0.06045371375014964,-0.11521025989781108,0.0831093478328093,0.1542900588045652,0.05352499495476397
2025-10-21 16:00:00+00:00,-0.031389539025114634,-0.09346242955058325,0.039804204210881045,-0.11403555880259086,0.07525997747822966,0.15902401544137199,0.05084004563008262
2025-10-21 17:00:00+00:00,-0.05357063535641784,-0.09728694950325574,0.005431417598542144,-0.11278938841726922,0.07330502337319425,0.1646940468445392,0.04488659766913861
2025-10-21 18:00:00+00:00,-0.07466401208058158,-0.10636439035763669,-0.02611067814402601,-0.11931771175759641,0.07417327969222849,0.16877887565140992,0.03147632632914797
2025-10-21 19:00:00+00:00,-0.10331710756789259,-0.12836622759122418,-0.04948006302187168,-0.14059141499095587,0.06650890617567179,0.17219535408318642,0.01586946155738304
2025-10-21 20:00:00+00:00,-0.12409589616731335,-0.14533603038790374,-0.06552274856623323,-0.16410100710101966,0.06103565461034918,0.17474993576590658,0.0029457420408520946
2025-10-21 21:00:00+00:00,-0.14422617113088027,-0.1623716645307903,-0.07155737514596319,-0.1876966948434347,0.04972901397079299,0.17733538400589674,-0.007894095930815713
2025-10-21 22:00:00+00:00,-0.16178491690441849,-0.1697160483510825,-0.08277808588230527,-0.20433119684631737,0.04878824119677379,0.1799530010585936,-0.0024810837010060542
2025-10-21 23:00:00+00:00,-0.16915998475476887,-0.1713009060199722,-0.08269759433294296,-0.19983986619153518,0.05398298564861678,0.18307911282504194,0.0158378129265122
2025-10-22 00:00:00+00:00,-0.15973141330735022,-0.15387327284991276,-0.07358976738596745,-0.18503178991776215,0.05920372230996291,0.1866836581938653,0.035056959814404376
2025-10-22 01:00:00+00:00,-0.15228788117763728,-0.14287905673290538,-0.05059006343858854,-0.16888271855089568,0.05483134713249933,0.19092463741086876,0.05569452362221125
2025-10-22 02:00:00+00:00,-0.14462695427125824,-0.13169908654990628,-0.04482762428007961,-0.1521918844041189,0.050252402818327054,0.1940781842181697,0.07233583175421134
2025-10-22 03:00:00+00:00,-0.1530100430291661,-0.14224178261840079,-0.05117054522669274,-0.16787151023959063,0.039068900973586805,0.194657240966333,0.06230835761488754
2025-10-22 04:00:00+00:00,-0.16160087744925897,-0.1530883781598248,-0.06653457950947171,-0.18399279236608945,0.044267559395312496,0.19519461658647974,0.049143839666772174
2025-10-22 05:00:00+00:00,-0.16577236946409507,-0.15996476485036726,-0.06353973236514837,-0.19695798612667684,0.03784611885650716,0.19519536148998004,0.0396352490139303
2025-10-22 06:00:00+00:00,-0.16826794237047366,-0.15952741545663202,-0.05764611943481458,-0.20590637150627553,0.039247122672802635,0.19521909070141358,0.04005441562302279
2025-10-22 07:00:00+00:00,-0.1607896388668632,-0.15499699960312968,-0.04800357854536416,-0.20479729053053386,0.03866248025985733,0.19526596019920764,0.04791309280137229
2025-10-22 08:00:00+00:00,-0.1460807708265947,-0.15046343180134325,-0.04327721976922684,-0.1986424139865818,0.042847126028525064,0.1956359234562538,0.05586166974322019
2025-10-22 09:00:00+00:00,-0.13971387317856354,-0.14799075635813141,-0.036112403313539515,-0.19529307549931613,0.04111491558686571,0.19568358821466156,0.05790418904530724
2025-10-22 10:00:00+00:00,-0.1349220105579732,-0.1494342962517413,-0.014932417331757753,-0.19730339721708112,0.037555263513536365,0.19513516351379798,0.05530424345991784
2025-10-22 11:00:00+00:00,-0.13388606260144634,-0.15087873505934907,0.005603818739679177,-0.19925449627667277,0.03521453623063656,0.19461622357352973,0.05272842828017663
2025-10-22 12:00:00+00:00,-0.1255336216056831,-0.15139670382623002,0.02543938183104631,-0.19788998874408223,0.03716392499920406,0.1941864338812641,0.04900606500280771
2025-10-22 13:00:00+00:00,-0.11499174208282276,-0.14619281979607937,0.044022965828924364,-0.1965392943321852,0.03910192494976359,0.1937693895870836,0.050005516138777885
2025-10-22 14:00:00+00:00,-0.09767766548912628,-0.13798226021776944,0.07416591199040806,-0.1933668818410214,0.04283148365373055,0.19352960256720414,0.04997110353476442
2025-10-22 15:00:00+00:00,-0.07714830676757296,-0.12937652858619392,0.09918852488772012,-0.19156164926737684,0.044615826072659626,0.19265633373877664,0.046267348187546145
2025-10-22 16:00:00+00:00,-0.09154105922525001,-0.13230581390626506,0.07703885031564942,-0.1937522013870372,0.03638684466292316,0.19730050754842224,0.03984628368004893
2025-10-22 17:00:00+00:00,-0.10874547199181787,-0.14075425863493904,0.04551911828807638,-0.20121090145149848,0.028221760032914225,0.20055703809402328,0.03121399707674599
2025-10-22 18:00:00+00:00,-0.12912313711564108,-0.16222030075214497,0.021076909101227066,-0.2085340983611209,0.020113647455960112,0.2038245397393827,0.017167252856585005
2025-10-22 19:00:00+00:00,-0.14160840472299693,-0.17895130570925924,0.0062792929377261785,-0.21745105403424037,0.014119925476452327,0.20642472823164604,0.006047059831427677
2025-10-22 20:00:00+00:00,-0.15506070889399023,-0.20338527930548797,-0.007361212464179638,-0.23059258638078725,0.008105647045279192,0.20906384010424836,-0.005205665482427365
2025-10-22 21:00:00+00:00,-0.16796186243706263,-0.23777899243732364,-0.015860766515898773,-0.24199028875086187,0.008562031932244914,0.21174339951949525,-0.01659729242231405
2025-10-22 22:00:00+00:00,-0.17922278610006057,-0.245402525932809,-0.018338058365361815,-0.25331147376111474,0.00915226699633272,0.214465001023511,-0.01574061992741364
2025-10-22 23:00:00+00:00,-0.18079852343986982,-0.24671042255208944,-0.023060740236469437,-0.25266022211922723,0.014220901919548414,0.2184347255932462,-0.0009406241899359259
2025-10-23 00:00:00+00:00,-0.18980759375317538,-0.252273922990415,-0.044553848300782725,-0.2644833729680288,0.012594240572367188,0.21909710698747026,-0.005872485682536961
2025-10-23 01:00:00+00:00,-0.19714091134398204,-0.2588182073464033,-0.04936348162146762,-0.2783219388296414,0.006544391487864641,0.21879294446254602,-0.012753638516385583
2025-10-23 02:00:00+00:00,-0.20227680937806852,-0.26548748299939184,-0.057155890806784314,-0.28755023270694635,0.004830032344850802,0.21844682791471748,-0.01938021355546404
2025-10-23 03:00:00+00:00,-0.2075100199100354,-0.272284786311782,-0.0620947973504392,-0.2924528002321827,0.0038651626617016125,0.21857518777551196,-0.02465309431211
2025-10-23 04:00:00+00:00,-0.20858897367614798,-0.27498937030872933,-0.05873378319491568,-0.29865660732179444,0.0021644004720702665,0.21806259022478092,-0.029866684179115466
2025-10-23 05:00:00+00:00,-0.20972754058135223,-0.2777695981818437,-0.053523406064234155,-0.3028263335305353,0.0004662546067531002,0.21755434306728308,-0.03407979223541452
2025-10-23 06:00:00+00:00,-0.21092627510323883,-0.27816967809479676,-0.04589491810283246,-0.3069948197325536,-0.0012293641764983918,0.2170504035580554,-0.03378430264198248
2025-10-23 07:00:00+00:00,-0.20922107047789626,-0.275644161429423,-0.039315043254606184,-0.30850551738086907,-0.002922544361476466,0.2166398889609285,-0.03183078178166749
2025-10-23 08:00:00+00:00,-0.20543748238297108,-0.2731266985714336,-0.03247237547636702,-0.30859079674694767,-0.004613373698415192,0.21655063835391458,-0.028499754785385745
2025-10-23 09:00:00+00:00,-0.202119598706211,-0.2731266985714336,-0.02282640801061991,-0.30622369274715533,-0.00742523284563382,0.21625172077071012,-0.028499754785385745
2025-10-23 10:00:00+00:00,-0.19690701835791075,-0.2733810973513568,-0.007884057779502456,-0.30883446066354325,-0.009066424685963649,0.2156005824305491,-0.030530193702792027
2025-10-23 11:00:00+00:00,-0.19301795635273894,-0.2786401476266577,0.00663990746794872,-0.3057254002127173,-0.01069707075986523,0.2146672994596787,-0.032531023290057394
2025-10-23 12:00:00+00:00,-0.18567190693310795,-0.27886451341726926,0.022614814392686287,-0.3026748984526695,-0.012317399843744378,0.2144391597687516,-0.03450271997627283
2025-10-23 13:00:00+00:00,-0.17521792635890077,-0.27265475695287306,0.03959108595508903,-0.2986386180941447,-0.012317399843744378,0.2144391597687516,-0.03450271997627283
2025-10-23 14:00:00+00:00,-0.15637999855479795,-0.26267224931256683,0.05899119503916576,-0.29648622634057487,-0.010259857399949765,0.2129995299929989,-0.03771117105066708
2025-10-23 15:00:00+00:00,-0.14566217429154146,-0.25287592471141646,0.08131479757811066,-0.294372548520334,-0.011837708411273656,0.2126496738981179,-0.03718385215193917
2025-10-23 16:00:00+00:00,-0.15686459374008127,-0.24535780976273416,0.05443542749587871,-0.294372548520334,-0.011837708411273656,0.2126496738981179,-0.03413768830282916
2025-10-23 17:00:00+00:00,-0.16407976036139887,-0.24535780976273416,0.032343783285774405,-0.294372548520334,-0.020023422629563113,0.2126496738981179,-0.03111092268255429
2025-10-23 18:00:00+00:00,-0.17448541602073497,-0.23892729926639558,0.010761669821629823,-0.294372548520334,-0.020023422629563113,0.21350258598853986,-0.02505314430833422
2025-10-23 19:00:00+00:00,-0.18534721428670312,-0.241666867284033,-0.010906231677306021,-0.29589781892620703,-0.021879299367591035,0.21451168440746107,-0.026338478631208504
2025-10-23 20:00:00+00:00,-0.19028274087737773,-0.23979734623777899,-0.024684371024676854,-0.29400526734790117,-0.021879299367591035,0.21451168440746107,-0.02467890652356702
2025-10-23 21:00:00+00:00,-0.19516379180931578,-0.2372297271168287,-0.03588422100816943,-0.2908872537701629,-0.021879299367591035,0.2149775649959752,-0.02467890652356702
2025-10-23 22:00:00+00:00,-0.19391900286117306,-0.22978831170858702,-0.03833094700954482,-0.28631376342759257,-0.01946439846613119,0.21452709489769548,-0.02255329625294121
2025-10-23 23:00:00+00:00,-0.19265371216934546,-0.22199994199926762,-0.04082072113390925,-0.28161590920300733,-0.017006737645679382,0.2140700528017954,-0.020390785753178313
2025-10-24 00:00:00+00:00,-0.19518933138574698,-0.22199994199926762,-0.05230884017404071,-0.2863641063841804,-0.01232999994034923,0.2150043176598044,-0.024044061731081815
2025-10-24 01:00:00+00:00,-0.19666781218017626,-0.22199994199926762,-0.05434462314971324,-0.28867531806759605,-0.01232999994034923,0.21514858515188984,-0.024982894885827497
2025-10-24 02:00:00+00:00,-0.1975258455046691,-0.22004275074566992,-0.057088781590501105,-0.2910265695545193,-0.01232999994034923,0.21529309794801085,-0.024982894885827497
2025-10-24 03:00:00+00:00,-0.19838939739599046,-0.22004275074566992,-0.05915219731085005,-0.293419130489343,-0.01232999994034923,0.21537207537569905,-0.02544832501442048
2025-10-24 04:00:00+00:00,-0.1992585415285321,-0.21811278389643868,-0.06122619513828758,-0.29911104627394475,-0.01232999994034923,0.21545111468240707,-0.02544832501442048
2025-10-24 05:00:00+00:00,-0.1964163788748028,-0.21726030207712016,-0.05965732296047878,-0.29462038349783737,-0.010730236852913097,0.21605044139586782,-0.02121715384210379
2025-10-24 06:00:00+00:00,-0.19447802218819119,-0.21726030207712016,-0.052901457547455503,-0.29548580372096334,-0.010730236852913097,0.215745878327401,-0.023282204580102463
2025-10-24 07:00:00+00:00,-0.19316844504314823,-0.21546283022643015,-0.04618069872603569,-0.2963533579964722,-0.013289788179102927,0.21544144389983205,-0.025394616630251415
2025-10-24 08:00:00+00:00,-0.18859469344200167,-0.21546283022643015,-0.03923607249730266,-0.2963533579964722,-0.01590578602234358,0.21484616837839784,-0.02646683815624686
2025-10-24 09:00:00+00:00,-0.09087654631096688,-0.12921848214751802,-0.10275306369485528,-0.11739042025712788,0.08790820646747198,0.08357580520125876,-0.04411290441662934
2025-10-24 10:00:00+00:00,-0.08746531266083073,-0.12892006831062383,-0.09770190844152235,-0.1158241051117957,0.0885022781822915,0.08343031729500916,-0.045881886351452975
2025-10-24 11:00:00+00:00,-0.08415078893199336,-0.12892006831062383,-0.08983000723331683,-0.1158241051117957,0.0885022781822915,0.08343031729500916,-0.04784202759037732
2025-10-24 12:00:00+00:00,-0.08182422171626291,-0.1266933616032263,-0.08298048903421786,-0.1158241051117957,0.0854501632818931,0.08284499738742099,-0.04887498381079111
2025-10-24 13:00:00+00:00,-0.07806383467144899,-0.12281523050900618,-0.07477204912224225,-0.1133510156039828,0.0821474761947929,0.08230243828792477,-0.05011891625193946
2025-10-24 14:00:00+00:00,-0.07727594901644877,-0.121173825320653,-0.06825466375093096,-0.11086041528292578,0.08145413331974688,0.08175733701740141,-0.051371173366077175
2025-10-24 15:00:00+00:00,-0.07391829209600904,-0.12089268264222852,-0.05987871177946873,-0.1058513116223525,0.08469745555562844,0.08078199299761912,-0.05263180188487966
2025-10-24 16:00:00+00:00,-0.0764526232585726,-0.12089268264222852,-0.06583730571702416,-0.1058513116223525,0.08469745555562844,0.08103994993618868,-0.05263180188487966
2025-10-24 17:00:00+00:00,-0.07767541750308454,-0.12338474540994665,-0.07173793417961202,-0.1058513116223525,0.08215612231358317,0.08077702140876547,-0.051720151411656305
2025-10-24 18:00:00+00:00,-0.07983334302109636,-0.1251913107803648,-0.07758533137675157,-0.10421836312842869,0.08215612231358317,0.08103994993618868,-0.05084552488519997
2025-10-24 19:00:00+00:00,-0.08231976455428335,-0.12743503078803914,-0.08230158583477214,-0.10608455124623106,0.08136836521034424,0.0817732011861403,-0.051663401320945594
2025-10-24 20:00:00+00:00,-0.08346338378966779,-0.12786085603418312,-0.0848406024765583,-0.10608455124623106,0.08136836521034424,0.08201375361495716,-0.05089997534991473
2025-10-24 21:00:00+00:00,-0.0848706048424881,-0.12786085603418312,-0.08819442430464423,-0.10608455124623106,0.08013531200941117,0.08213654172915957,-0.050536612079339016
2025-10-24 22:00:00+00:00,-0.08617985182562365,-0.12786085603418312,-0.09043477125204387,-0.10608455124623106,0.08013531200941117,0.08225932906052182,-0.050536612079339016
2025-10-24 23:00:00+00:00,-0.08816724281534633,-0.12786085603418312,-0.09557764265907803,-0.10608455124623106,0.08096654808741025,0.08238211573942063,-0.051140675872234226
2025-10-25 00:00:00+00:00,-0.09078577449822758,-0.13037299601760455,-0.09973708184253297,-0.10608455124623106,0.08096654808741025,0.08238211573942063,-0.051140675872234226
2025-10-25 01:00:00+00:00,-0.08984701171218362,-0.12976543895118986,-0.10146923873930945,-0.10405791078076747,0.08149907919161441,0.08260772132424872,-0.04926198462952309
2025-10-25 02:00:00+00:00,-0.09048946638056342,-0.1309908269470058,-0.10143654932951897,-0.10405791078076747,0.08149907919161441,0.0825908483147869,-0.049180420196036134
2025-10-25 03:00:00+00:00,-0.09115146516724555,-0.13226046703158223,-0.10142359740326536,-0.10405791078076747,0.08149907919161441,0.0825790766537836,-0.04909978262343233
2025-10-25 04:00:00+00:00,-0.0918339289745664,-0.1335769315679375,-0.10168748547364229,-0.10434829166335725,0.08149907919161441,0.08256733573218962,-0.04890336179545713
2025-10-25 05:00:00+00:00,-0.08961142363276776,-0.13162943884799572,-0.09941174536059526,-0.10359350711553991,0.08077058192122985,0.08251806611185879,-0.04758378316958291
2025-10-25 06:00:00+00:00,-0.08734245544571052,-0.12974406898917984,-0.09752387747739913,-0.10283864030102595,0.08004196547519266,0.08232842567720343,-0.04901503557412974
2025-10-25 07:00:00+00:00,-0.08686115753271983,-0.12974406898917984,-0.09365441771617812,-0.10162541641579276,0.08141557069040194,0.08232842567720343,-0.04968498687405347
2025-10-25 08:00:00+00:00,-0.086160221568867,-0.12974406898917984,-0.08982774155152792,-0.10162541641579276,0.08141557069040194,0.08218124803450721,-0.05035848588135223
2025-10-25 09:00:00+00:00,-0.08386495984466558,-0.12764228343084258,-0.08462601358161759,-0.10401189349177083,0.07933999923070728,0.08188197418527568,-0.053476500229409356
2025-10-25 10:00:00+00:00,-0.08347794543838306,-0.12764228343084258,-0.08100158879311048,-0.10306338128927975,0.08112269117801175,0.08188197418527568,-0.05408202781855271
2025-10-25 11:00:00+00:00,-0.08130615775499242,-0.1272203898228123,-0.07567064875848438,-0.10328467869259247,0.08172176360307856,0.08158256823525215,-0.05655674186990738
2025-10-25 12:00:00+00:00,-0.07849587949319915,-0.12442325123011558,-0.07047175320357167,-0.1035064563892633,0.08232167513400461,0.08099370995404569,-0.05852982864626058
2025-10-25 13:00:00+00:00,-0.07464324357406417,-0.12203136249232101,-0.06337734820215656,-0.1035064563892633,0.08232167513400461,0.08099370995404569,-0.05966666716770976
2025-10-25 14:00:00+00:00,-0.07076272396181187,-0.12203136249232101,-0.057879739348268934,-0.1035064563892633,0.08232167513400461,0.08099370995404569,-0.06080558824909309
2025-10-25 15:00:00+00:00,-0.06511239836275848,-0.12162520652856168,-0.04905532042970929,-0.10376387089217157,0.08566421839488038,0.08014602076262489,-0.06277409125757703
2025-10-25 16:00:00+00:00,-0.06924225216278102,-0.12162520652856168,-0.05413995208518862,-0.10376387089217157,0.08566421839488038,0.08040303999550544,-0.06184276455544045
2025-10-25 17:00:00+00:00,-0.07053423625652844,-0.12162520652856168,-0.060328871802173376,-0.10376387089217157,0.08566421839488038,0.08040303999550544,-0.05918426219222743
2025-10-25 18:00:00+00:00,-0.07302397432275753,-0.12162520652856168,-0.06801564113223539,-0.10376387089217157,0.08566421839488038,0.08040303999550544,-0.05834038291473173
2025-10-25 19:00:00+00:00,-0.07643962116274336,-0.12250004360457196,-0.07261568712713021,-0.10614443108053842,0.08372171246516846,0.08085650119985667,-0.05931474551091888
2025-10-25 20:00:00+00:00,-0.07774305362308401,-0.12250004360457196,-0.07548556239661627,-0.10623285033275393,0.08372171246516846,0.08097316403956326,-0.05931474551091888
2025-10-25 21:00:00+00:00,-0.07910434397221759,-0.12250004360457196,-0.07925396779943795,-0.10623285033275393,0.08372171246516846,0.08097316403956326,-0.05899787918941142
2025-10-25 22:00:00+00:00,-0.08066936576674505,-0.12209425757643413,-0.08216139332752803,-0.106326763324622,0.08296892734900237,0.08097316403956326,-0.05899787918941142
2025-10-25 23:00:00+00:00,-0.08275394072619496,-0.12209425757643413,-0.08564638966426107,-0.106326763324622,0.08296892734900237,0.08097316403956326,-0.060069559879872364
2025-10-26 00:00:00+00:00,-0.08416126845921415,-0.12209425757643413,-0.0902836691027898,-0.1072430727600792,0.08221335918312707,0.08097316403956326,-0.05945990238677864
2025-10-26 01:00:00+00:00,-0.08558390899359718,-0.12209425757643413,-0.09294957640868148,-0.10816277653592507,0.08221335918312707,0.08097316403956326,-0.058853843941168514
2025-10-26 02:00:00+00:00,-0.08605365383582698,-0.1233599283986002,-0.09258841436537202,-0.10815147877487938,0.08207855586292398,0.08097316403956326,-0.05877471199688021
2025-10-26 03:00:00+00:00,-0.08690667794460614,-0.12467854841920074,-0.0928849576617761,-0.10814193552859336,0.08207855586292398,0.08097316403956326,-0.05898218449243455
2025-10-26 04:00:00+00:00,-0.08773179681065428,-0.12605365472940422,-0.09288634194614914,-0.10813415630664894,0.08207855586292398,0.08097316403956326,-0.05898218449243455
2025-10-26 05:00:00+00:00,-0.08576312843018104,-0.12401534704998622,-0.09075151342366217,-0.10666617395651071,0.0813708878025826,0.08077261205838865,-0.059337510829715966
2025-10-26 06:00:00+00:00,-0.08411533579392506,-0.1224982492815827,-0.08858822750573019,-0.10680212807819554,0.08066308972532361,0.08058474509677961,-0.06160304407204465
2025-10-26 07:00:00+00:00,-0.08291643865536151,-0.12164645065812008,-0.08596499636028511,-0.10941168029625081,0.07995515722379169,0.08025267827962228,-0.06372232385363179
2025-10-26 08:00:00+00:00,-0.0803079052449325,-0.12347660140162373,-0.0794802901487637,-0.11096173201403954,0.07995515722379169,0.08025267827962228,-0.06448857230888358
2025-10-26 09:00:00+00:00,-0.07801062437341151,-0.12164645065812008,-0.07466518943520722,-0.11096173201403954,0.07995515722379169,0.08010299438975436,-0.06525947425399056
2025-10-26 10:00:00+00:00,-0.07599647571648331,-0.12164645065812008,-0.0718768088992204,-0.10970048532303461,0.08142412810670789,0.0799532888948209,-0.06592418440877666
2025-10-26 11:00:00+00:00,-0.07269145171313987,-0.12113761735526575,-0.0651329635707805,-0.10861974555846089,0.08354176163048325,0.07950191849326227,-0.06746726829235028
2025-10-26 12:00:00+00:00,-0.07058920255005048,-0.12062850168009275,-0.05836412814426329,-0.10561004757440422,0.08287854424207675,0.07905023170828762,-0.06902179478233891
2025-10-26 13:00:00+00:00,-0.06638061746107228,-0.12316341322644246,-0.047721551976202696,-0.10561004757440422,0.08287854424207675,0.07905023170828762,-0.07023547179163622
2025-10-26 14:00:00+00:00,-0.06193872297079886,-0.11863863004608104,-0.036833397038586825,-0.10360329334311212,0.08636616344193712,0.07818755759245245,-0.07236923110502812
2025-10-26 15:00:00+00:00,-0.05665036705183834,-0.11816823383944632,-0.02382877012009044,-0.10379403853718006,0.08987756922221127,0.07732138259231922,-0.07275163320394046
2025-10-26 16:00:00+00:00,-0.06109094399930421,-0.11816823383944632,-0.03147364563572535,-0.10536768956273693,0.08745166589227568,0.07706955713330231,-0.07096882451535198
2025-10-26 17:00:00+00:00,-0.06429083313337945,-0.11816823383944632,-0.04022161437903691,-0.10693835329985069,0.08745166589227568,0.07706955713330231,-0.06929679111015763
2025-10-26 18:00:00+00:00,-0.06746692628866498,-0.11816823383944632,-0.04892311394995461,-0.10693835329985069,0.08987756922221127,0.07732613854560334,-0.06848571079823113
2025-10-26 19:00:00+00:00,-0.07150302340502292,-0.12005958094333202,-0.057589374323131146,-0.10693835329985069,0.08987756922221127,0.07758268500230796,-0.0676711089922905
2025-10-26 20:00:00+00:00,-0.07674771629381721,-0.12244373526640119,-0.0639807104553911,-0.10885970945943112,0.08914181717824016,0.07802699904797492,-0.06906748724067943
2025-10-26 21:00:00+00:00,-0.08321273573807655,-0.12514631187728215,-0.06936476133582234,-0.11075195813707679,0.08448041695046751,0.07821480697111109,-0.07020432177844436
2025-10-26 22:00:00+00:00,-0.08476806459880479,-0.12514631187728215,-0.07389996248844932,-0.11075195813707679,0.08448041695046751,0.07821480697111109,-0.06982311881132425
2025-10-26 23:00:00+00:00,-0.08646768147626127,-0.12514631187728215,-0.07720606949673944,-0.11075195813707679,0.0833956143800021,0.07821480697111109,-0.07101888798332567
2025-10-27 00:00:00+00:00,-0.08839058519445923,-0.12514631187728215,-0.08115416908821921,-0.11075195813707679,0.0833956143800021,0.07821480697111109,-0.07171672271910429
2025-10-27 01:00:00+00:00,-0.08801824286055093,-0.12304705635973494,-0.08256675023164253,-0.10893447350429558,0.08294964452214845,0.07846510201403355,-0.06985231420779842
2025-10-27 02:00:00+00:00,-0.08817306242842467,-0.12304705635973494,-0.08340648689752402,-0.10946277606900405,0.08318252018130595,0.07846510201403355,-0.06985231420779842
2025-10-27 03:00:00+00:00,-0.08839899963810934,-0.12259898256201919,-0.08407741205997664,-0.11000429621596433,0.08383815532862864,0.07843412505096464,-0.06993278947637557
2025-10-27 04:00:00+00:00,-0.08863159537703602,-0.12216491125525054,-0.08454088237978583,-0.11055951650502598,0.08407730634205521,0.07840318143120731,-0.07001451959395993
2025-10-27 05:00:00+00:00,-0.08680506867406375,-0.12163092979612208,-0.08116410324841063,-0.10872646354970229,0.08702398109777869,0.07846720503445136,-0.06867740486917666
2025-10-27 06:00:00+00:00,-0.08494149957198811,-0.12072200530475907,-0.07750883050533068,-0.10706980305318191,0.08773639060747103,0.07856234855497131,-0.06957738915545224
2025-10-27 07:00:00+00:00,-0.0809402856514776,-0.12072200530475907,-0.07123456307735289,-0.10352879938129296,0.08932007320910715,0.07856234855497131,-0.06957738915545224
2025-10-27 08:00:00+00:00,-0.075512565366528,-0.12072200530475907,-0.06497227684147062,-0.10220185268370359,0.09090700371451928,0.07856234855497131,-0.06957738915545224
2025-10-27 09:00:00+00:00,-0.07167166450595891,-0.12257907931194288,-0.05871252498780841,-0.10088089387128771,0.09249733189291813,0.07838981601917105,-0.06957738915545224
2025-10-27 10:00:00+00:00,-0.06755668704061832,-0.12208707931379302,-0.050709951953707706,-0.10096870626353285,0.09326739288830331,0.07819274831917403,-0.06939379212024972
2025-10-27 11:00:00+00:00,-0.06370923873096025,-0.12208707931379302,-0.03887686855740366,-0.09894637630139298,0.09619080339702653,0.07787450444327633,-0.06939379212024972
2025-10-27 12:00:00+00:00,-0.05846179740400811,-0.12544561216922595,-0.028520643002885874,-0.09516160143393307,0.09619080339702653,0.07787450444327633,-0.0681705513135153
2025-10-27 13:00:00+00:00,-0.05154417442835392,-0.1288146058628939,-0.016388533345145007,-0.09516160143393307,0.09619080339702653,0.07787450444327633,-0.0681705513135153
2025-10-27 14:00:00+00:00,-0.04292368824994731,-0.12987384285043294,-0.004625591700540591,-0.09294899955959558,0.09812096155814429,0.07727589425048982,-0.06911521872641282
2025-10-27 15:00:00+00:00,-0.03550109457027227,-0.1260537963141266,0.007794779335660143,-0.09072911233088814,0.10429721039303448,0.07667451936059307,-0.07197899057302677
2025-10-27 16:00:00+00:00,-0.040291056742330106,-0.1260537963141266,-0.0018302234158286822,-0.09236467619530864,0.10147759966792262,0.07716100639601188,-0.07197899057302677
2025-10-27 17:00:00+00:00,-0.04501226607795533,-0.1260537963141266,-0.010124351023495655,-0.09072911233088814,0.09868903695266738,0.07691543496213148,-0.07197899057302677
2025-10-27 18:00:00+00:00,-0.05045553824975445,-0.1260537963141266,-0.018241895933886483,-0.09072911233088814,0.09593060833353584,0.07691543496213148,-0.07197899057302677
2025-10-27 19:00:00+00:00,-0.055789478971890495,-0.1260537963141266,-0.02737454506585987,-0.0896026617853617,0.09320143483387533,0.07691543496213148,-0.07118276444777155
2025-10-27 20:00:00+00:00,-0.06117349755874004,-0.12841566643957303,-0.03534926772834372,-0.09254768210550472,0.08994461142881391,0.0772432139333428,-0.07236901152841957
2025-10-27 21:00:00+00:00,-0.06652010315323474,-0.13077575120506038,-0.041324809956625366,-0.0954903240423424,0.08578887388313296,0.07757087898421836,-0.07435344625657116
2025-10-27 22:00:00+00:00,-0.06847779162339777,-0.13077575120506038,-0.046060350326647494,-0.09584870164530142,0.0842978321734971,0.07746754552119965,-0.07478130546993551
2025-10-27 23:00:00+00:00,-0.06977754748223007,-0.13077575120506038,-0.0505399223023501,-0.09584870164530142,0.0833486975415365,0.07736421650746393,-0.07332531678579249
2025-10-28 00:00:00+00:00,-0.07092945627060245,-0.13077575120506038,-0.05529947207361517,-0.09584870164530142,0.0833486975415365,0.07726564510172933,-0.07332531678579249
2025-10-28 01:00:00+00:00,-0.07059550214340066,-0.1287231658901995,-0.05630851275835299,-0.09386360112812667,0.08414597823293808,0.07762261474131461,-0.07175865934626359
2025-10-28 02:00:00+00:00,-0.07068204349924177,-0.1287231658901995,-0.05637361469409036,-0.09431579176725848,0.0852523253583291,0.07766522300839462,-0.07188820467815689
2025-10-28 03:00:00+00:00,-0.07077580296310174,-0.12834156176268263,-0.05617978996835558,-0.09431579176725848,0.08560559766135974,0.07770787185482672,-0.07188820467815689
2025-10-28 04:00:00+00:00,-0.07087706709847895,-0.12797299107310758,-0.056017940205809844,-0.09431579176725848,0.08596193887398942,0.07770787185482672,-0.07156645152536774
2025-10-28 05:00:00+00:00,-0.06876089542403364,-0.1271294172622214,-0.051760900254424785,-0.09251563452852639,0.11393638790453148,0.27698541033608487,-0.08332401136949677
2025-10-28 06:00:00+00:00,-0.06686708839089546,-0.1271294172622214,-0.04594907837684995,-0.0905901341164096,0.116759264748039,0.27698541033608487,-0.08406115637103273
2025-10-28 07:00:00+00:00,-0.06096931201551113,-0.1252158993093105,-0.03827877501815018,-0.0892246961627442,0.11959916811062458,0.27698541033608487,-0.08406115637103273
2025-10-28 08:00:00+00:00,-0.055329972523589545,-0.1252158993093105,-0.03206276667946487,-0.0892246961627442,0.116759264748039,0.27698541033608487,-0.08315808187599248
2025-10-28 09:00:00+00:00,-0.0508005469848191,-0.12331048099726012,-0.023876665752203017,-0.0892246961627442,0.1207852925512891,0.27698541033608487,-0.08315808187599248
2025-10-28 10:00:00+00:00,-0.04642000436455029,-0.12284727675251063,-0.012151929981269466,-0.08788072392957642,0.1250035181675369,0.27697947804229994,-0.08302823053248176
2025-10-28 11:00:00+00:00,-0.04061832625963276,-0.12284727675251063,0.0007392337634324563,-0.08340616843089821,0.13003173176405838,0.27697947804229994,-0.08302823053248176
2025-10-28 12:00:00+00:00,-0.03469456862224067,-0.12622330723255412,0.011797065283675311,-0.08105094333685471,0.13327555710681463,0.27697947804229994,-0.08302823053248176
2025-10-28 13:00:00+00:00,-0.02747220097602851,-0.12961002030936816,0.024475261509429025,-0.07870344778730741,0.13647290657985828,0.27697947804229994,-0.08170612401145573
2025-10-28 14:00:00+00:00,-0.021852574569699187,-0.13408610005292967,0.037772435765486896,-0.07636896261793044,0.13899003246744274,0.274417426229437,-0.08218392247412873
2025-10-28 15:00:00+00:00,-0.014273503780976977,-0.13860211026106592,0.05256468267018055,-0.07089126900953421,0.1383528855332672,0.27230995099693633,-0.08074771015166907
2025-10-28 16:00:00+00:00,-0.018498827076490004,-0.13860211026106592,0.042150482346877884,-0.07255493636826278,0.13323942456188964,0.2726337501183862,-0.08167387128604915
2025-10-28 17:00:00+00:00,-0.021807169026151235,-0.13860211026106592,0.03317379600235799,-0.07421595416233724,0.1282595752467765,0.2726337501183862,-0.08167387128604915
2025-10-28 18:00:00+00:00,-0.025837349745014736,-0.14015819859618403,0.024416666733368602,-0.07730684962539505,0.12008463462986169,0.2726337501183862,-0.08167387128604915
2025-10-28 19:00:00+00:00,-0.02896749116110529,-0.14015819859618403,0.015857724753126808,-0.07730684962539505,0.11538016663054801,0.2726337501183862,-0.08167387128604915
2025-10-28 20:00:00+00:00,-0.032797154359847404,-0.14250288897539798,0.010561511346620908,-0.0801546145818111,0.1146533464487791,0.27380520198899577,-0.08395236244891799
2025-10-28 21:00:00+00:00,-0.03628066396327183,-0.14484590079811654,0.004801960153608369,-0.08300013187570972,0.11392740374888437,0.27496615248006995,-0.08620903313651596
2025-10-28 22:00:00+00:00,-0.03697436531349583,-0.14484590079811654,0.0007302842311539661,-0.08300013187570972,0.11011684417166341,0.27496615248006995,-0.0871211967371288
2025-10-28 23:00:00+00:00,-0.03794751388101791,-0.14209912202665356,-0.0021773720310052586,-0.08451658379613886,0.10887404734318215,0.2749564321248866,-0.08636896716832426
2025-10-29 00:00:00+00:00,-0.03914405719987826,-0.1448101635371107,-0.005172045013557012,-0.0856492415533022,0.10763413747394876,0.27537494870591495,-0.08796785512356407
2025-10-29 01:00:00+00:00,-0.038611562477248874,-0.1428284143155669,-0.004773229855038036,-0.0846546190036934,0.10777713468249016,0.27663512721149286,-0.08679770996316256
2025-10-29 02:00:00+00:00,-0.038393974310562705,-0.1428284143155669,-0.0037371378418511155,-0.0846546190036934,0.10856700984599252,0.27663512721149286,-0.0872616347333277
2025-10-29 03:00:00+00:00,-0.038053709186868866,-0.14247480661678824,-0.0022250447506321877,-0.08479092650059518,0.10856700984599252,0.27663512721149286,-0.08745450464640485
2025-10-29 04:00:00+00:00,-0.0377135596095006,-0.14213398515067738,-0.0008579671575570284,-0.0849320821537664,0.10936890570981464,0.27632866625567365,-0.08745450464640485
2025-10-29 05:00:00+00:00,-0.03610378802171597,-0.1413732495925903,0.0035448697963504083,-0.08291584450025115,0.1159089473136878,0.2762217535299791,-0.08604464590886508
2025-10-29 06:00:00+00:00,-0.03428624477694404,-0.14337090614993128,0.00911710480283373,-0.08088162610280403,0.11884346253013352,0.2762217535299791,-0.08681914679258863
2025-10-29 07:00:00+00:00,-0.030944135883753925,-0.14337090614993128,0.015696011833203356,-0.07948986356666031,0.12032382433217267,0.2762217535299791,-0.08777838661415002
2025-10-29 08:00:00+00:00,-0.0282069272961997,-0.14337090614993128,0.022194851548051793,-0.0778649673811118,0.12179588014472621,0.2762217535299791,-0.08777838661415002
2025-10-29 09:00:00+00:00,-0.02499204810542581,-0.14537841225700615,0.027706602168552117,-0.07625584488206522,0.12616900367984007,0.2762217535299791,-0.08777838661415002
2025-10-29 10:00:00+00:00,-0.021734406731305,-0.14501345134665733,0.0333651443406742,-0.07257885432014208,0.13069860681625314,0.27548036216409905,-0.08682294540448474
2025-10-29 11:00:00+00:00,-0.015337870036348867,-0.14501345134665733,0.0410691815499404,-0.06801079884862792,0.13069860681625314,0.27548036216409905,-0.08682294540448474
2025-10-29 12:00:00+00:00,-0.009964576924276792,-0.14758987053146663,0.05037260755080006,-0.06562526060273308,0.13411829910604617,0.27548036216409905,-0.08682294540448474
2025-10-29 13:00:00+00:00,-0.004629863224922818,-0.15105769517106415,0.06096806209883261,-0.06324521827186477,0.13411829910604617,0.275973827410696,-0.08682294540448474
2025-10-29 14:00:00+00:00,0.000630812583096456,-0.1557070361671251,0.07273821733584182,-0.060708088068152845,0.13716553406261506,0.2738805401455855,-0.08727569709952344
2025-10-29 15:00:00+00:00,0.005850051857211063,-0.16040043326218614,0.08608710944886225,-0.058159575758601235,0.14021309068634902,0.2717840530350902,-0.08712752565161005
2025-10-29 16:00:00+00:00,0.0019563391299786867,-0.16040043326218614,0.0785162069462258,-0.05984725670599908,0.13576106887749018,0.2717840530350902,-0.08620156852212686
2025-10-29 17:00:00+00:00,-0.0026383546056560877,-0.16040043326218614,0.07228024938401685,-0.061349817758822214,0.13139690974156676,0.2717840530350902,-0.08703608438787977
2025-10-29 18:00:00+00:00,-0.006388687464204703,-0.16040043326218614,0.06437253451239897,-0.06413933484422614,0.12711650984512712,0.2717840530350902,-0.08620156852212686
2025-10-29 19:00:00+00:00,-0.0104268294800547,-0.162812763939095,0.05738221407406392,-0.06687243455454012,0.12247506967899584,0.2729347506996824,-0.08691495381197246
2025-10-29 20:00:00+00:00,-0.014071717744376539,-0.16522346588031794,0.0523066728378627,-0.07063468676158183,0.12203475716447588,0.2733690349302924,-0.08919282110475019
2025-10-29 21:00:00+00:00,-0.015152613956273382,-0.16522346588031794,0.04893043226447954,-0.07090892516145914,0.11983178843763763,0.2733690349302924,-0.08931820449779153
2025-10-29 22:00:00+00:00,-0.01650356926942398,-0.16522346588031794,0.044907419699553856,-0.07090892516145914,0.11983178843763763,0.2733690349302924,-0.08972406868680474
2025-10-29 23:00:00+00:00,-0.017662057495958568,-0.16443240971606074,0.04342495885577749,-0.07174056981807096,0.11889578806337828,0.2733913868182681,-0.09050920325731869
2025-10-30 00:00:00+00:00,-0.019182398443268286,-0.16167689826934786,0.04250709151861629,-0.07174056981807096,0.11796249094716049,0.2734173892979188,-0.09220415224542883
2025-10-30 01:00:00+00:00,-0.018902598560318225,-0.15954471248543037,0.04191322825066973,-0.07053511565706068,0.11858705695412791,0.27472259860279435,-0.0893343086186993
2025-10-30 02:00:00+00:00,-0.01855611145863035,-0.15808321036163445,0.04252338726240142,-0.0705827772958408,0.11858705695412791,0.27472259860279435,-0.08951845990217966
2025-10-30 03:00:00+00:00,-0.01807236257883783,-0.15783706205694437,0.04300329946994412,-0.07063396373278796,0.1219234231422436,0.2750671780492684,-0.08951845990217966
2025-10-30 04:00:00+00:00,-0.016116796142974083,-0.15730088510684906,0.04676212073553551,-0.06837687721587074,0.12464720882156433,0.2749814533873773,-0.08747104673972428
2025-10-30 05:00:00+00:00,-0.014128163354814104,-0.15679450712708998,0.04937899253993604,-0.06613783441540888,0.12742654827338487,0.27489627291479246,-0.08589819104453653
2025-10-30 06:00:00+00:00,-0.011863188154653087,-0.15679450712708998,0.05311630994748777,-0.06515481886503366,0.13216754216225385,0.27489627291479246,-0.08499223060832949
2025-10-30 07:00:00+00:00,-0.008975080794478266,-0.15679450712708998,0.0580845814764424,-0.06224053944350342,0.13691475728807287,0.27555660348929445,-0.0839988258400457
2025-10-30 08:00:00+00:00,-0.004895614688368939,-0.15679450712708998,0.06236575096770249,-0.05935479712994019,0.14167169552978345,0.27555660348929445,-0.0839988258400457
2025-10-30 09:00:00+00:00,-0.0020253338739972776,-0.15679450712708998,0.06773090424948801,-0.05783917601808441,0.14644182319140506,0.27555660348929445,-0.08499223060832949
2025-10-30 10:00:00+00:00,0.0025200852699830295,-0.15655816311559018,0.07342033579522744,-0.05401062704202525,0.15148572947260375,0.27508418527127126,-0.08396819393043556
2025-10-30 11:00:00+00:00,0.008539597830932347,-0.15655816311559018,0.08184146852147317,-0.05166596496775312,0.16020819636157094,0.2760573666581747,-0.08254251159630897
2025-10-30 12:00:00+00:00,0.013527314949776232,-0.15655816311559018,0.09066976267783092,-0.05166596496775312,0.16893899203291865,0.2760573666581747,-0.08111754978915117
2025-10-30 13:00:00+00:00,0.018444610962650366,-0.16003394892320694,0.09928063683888538,-0.049324237337502685,0.17237663869051167,0.2760573666581747,-0.08111754978915117
2025-10-30 14:00:00+00:00,0.023158159481799376,-0.16476268499109442,0.11042584900374468,-0.04901828485025885,0.17583502309591806,0.27543724436361855,-0.07949569337792771
2025-10-30 15:00:00+00:00,0.02977167469091015,-0.17211696694954154,0.11914711368611304,-0.04635664310714496,0.18653773919068609,0.27358236363540533,-0.07990854762286159
2025-10-30 16:00:00+00:00,0.02614133789457645,-0.17211696694954154,0.11403814322743765,-0.04948424533009769,0.18230332370751345,0.27358236363540533,-0.07990854762286159
2025-10-30 17:00:00+00:00,0.02254540977827092,-0.17211696694954154,0.10733748534901115,-0.05259360100672481,0.17813457154674633,0.27333506859316226,-0.08074341548453223
2025-10-30 18:00:00+00:00,0.0189346281869364,-0.17318899914298636,0.0990481776126964,-0.05537517208521607,0.17813457154674633,0.2724397907616703,-0.08074341548453223
2025-10-30 19:00:00+00:00,0.01537399984420416,-0.17318899914298636,0.09101026136806033,-0.059231033681528475,0.17402891112398797,0.27155292824172506,-0.08074341548453223
2025-10-30 20:00:00+00:00,0.011816826464081252,-0.17557886634328954,0.08423119564487583,-0.06349627289901291,0.1698595674020125,0.27214442748267587,-0.0822593193225567
2025-10-30 21:00:00+00:00,0.010409136014715874,-0.17557886634328954,0.08152451187874038,-0.0642851377800669,0.16774729405568492,0.2722349949826761,-0.0823885497237538
2025-10-30 22:00:00+00:00,0.00900977089177939,-0.17597100978412983,0.07943383985065232,-0.0652876882130164,0.1656376543704509,0.27246735123153437,-0.0828834535011652
2025-10-30 23:00:00+00:00,0.008196039084307355,-0.17414811515836842,0.07873527369037696,-0.06557226679693728,0.16560399512193053,0.2726967158932885,-0.08164842006064764
2025-10-31 00:00:00+00:00,0.006666097948990607,-0.17414811515836842,0.07726794707240545,-0.06648300373421251,0.16651054503257015,0.27331785472350123,-0.08092207484877634
2025-10-31 01:00:00+00:00,0.007551190004774752,-0.17228408497348321,0.07867979304099473,-0.06509931876659229,0.16803748323773673,0.2760697469927074,-0.07884081237179065
2025-10-31 02:00:00+00:00,0.008192024564836592,-0.17228408497348321,0.08037642399943368,-0.06508621678590913,0.1696150555696299,0.27869043052344383,-0.07884081237179065
2025-10-31 03:00:00+00:00,0.008993759961148559,-0.17211655284948085,0.08228293799759341,-0.06507558270493093,0.17122504817400125,0.2795796937945557,-0.07884081237179065
2025-10-31 04:00:00+00:00,0.009806915709948323,-0.17211655284948085,0.08408094489992261,-0.0650674922898146,0.17286869294932508,0.2809286217161539,-0.07884081237179065
2025-10-31 05:00:00+00:00,0.010476681330972428,-0.17195828459445275,0.08544920231650212,-0.06506202459539238,0.17435353915176932,0.28229864939238747,-0.07886749007272993
2025-10-31 06:00:00+00:00,0.012819956494811477,-0.17195828459445275,0.09038067676010875,-0.06169341291092571,0.17800623620140954,0.2835113727402294,-0.07886749007272993
2025-10-31 07:00:00+00:00,0.014580400838146216,-0.16983952836646476,0.0959447780410688,-0.05683234968175146,0.18933822609636355,0.2847286363185519,-0.07787863604352652
2025-10-31 08:00:00+00:00,0.01629984533503917,-0.16983952836646476,0.10067844363837895,-0.054099190879776084,0.1949846351163942,0.2859504926376991,-0.07787863604352652
2025-10-31 09:00:00+00:00,-0.1512743137461938,-0.3394433426384096,0.002217141759769582,-0.23404500374902343,-0.03107219831246693,0.8470316962796232,-0.08794005081114051
2025-10-31 10:00:00+00:00,-0.14672900053407173,-0.3394433426384096,0.01091183147728521,-0.23404500374902343,-0.01864032254847999,0.8485797730970693,-0.08794005081114051
2025-10-31 11:00:00+00:00,-0.13965577904958748,-0.3463348832419402,0.027961604384966247,-0.22325936107980848,0.0057329408619712485,0.8485797730970693,-0.08094043394054848
2025-10-31 12:00:00+00:00,-0.12999912722861226,-0.35814621245802725,0.04520299036858539,-0.2124226164398538,0.04332317912234567,0.8546970190699282,-0.08094043394054848
2025-10-31 13:00:00+00:00,-0.1202572045505649,-0.35814621245802725,0.0622822783489636,-0.2067088581503014,0.06852008032510375,0.8556976171897721,-0.08094043394054848
2025-10-31 14:00:00+00:00,-0.10810211905646105,-0.3513460248251352,0.08394878987830799,-0.20099513267814595,0.08068453848191993,0.8567122391769963,-0.08094043394054848
2025-10-31 15:00:00+00:00,-0.10055920882575216,-0.3513460248251352,0.10580205224572033,-0.19528116992167957,0.09274913501834593,0.8577405295247803,-0.08094043394054848
2025-10-31 16:00:00+00:00,-0.10835852390254941,-0.3513460248251352,0.0937981566109017,-0.20692032436544092,0.08063531982636801,0.8574051085955616,-0.08094043394054848
2025-10-31 17:00:00+00:00,-0.1162111234328796,-0.34424771573383045,0.07747813396710486,-0.2124896237482861,0.05606091639034496,0.8574051085955616,-0.084207395490286
2025-10-31 18:00:00+00:00,-0.12370338161528903,-0.33892008341148255,0.056855425749240456,-0.22741694633704845,0.03246502119729179,0.8565839965770032,-0.084207395490286
2025-10-31 19:00:00+00:00,-0.1335473947036712,-0.333544799572899,0.036359677245605286,-0.23848024798149142,-0.001288093628843825,0.8557784743859318,-0.084207395490286
2025-10-31 20:00:00+00:00,-0.13793813914608366,-0.33214611252221676,0.026403097048402265,-0.2396746347855352,-0.021596619277677843,0.8571979100338992,-0.08709329281916299
2025-10-31 21:00:00+00:00,-0.14087022365696095,-0.3307554932132585,0.018529555567980204,-0.24090683481868574,-0.03556352449870242,0.8572339198293552,-0.08848092252998231
2025-10-31 22:00:00+00:00,-0.14490292441583888,-0.3293733955711285,0.010702505276692354,-0.2423865392054268,-0.04558237356801357,0.8572839011225386,-0.08700289961278967
2025-10-31 23:00:00+00:00,-0.1501934721221638,-0.3243205780920677,0.004768848618306358,-0.24500715781853252,-0.06166926616365587,0.8573480661352008,-0.08700289961278967
2025-11-01 00:00:00+00:00,-0.15621432865317425,-0.3243205780920677,0.0007621765400111938,-0.2508592792055455,-0.07211890557522299,0.8573480661352008,-0.08700289961278967
2025-11-01 01:00:00+00:00,-0.16413176493273401,-0.3243205780920677,-0.0012629544737356052,-0.2606837554951884,-0.08270051729813008,0.8559936491478333,-0.08499007709281223
2025-11-01 02:00:00+00:00,-0.16571657302271212,-0.32159974419253595,-0.0010406675063645478,-0.2613368384265827,-0.08224807776916618,0.8563344664153517,-0.08440255135941392
2025-11-01 03:00:00+00:00,-0.16723645526351383,-0.32159974419253595,-0.0008152721405540274,-0.2620133631726648,-0.08093112741514576,0.8558031687947263,-0.08440255135941392
2025-11-01 04:00:00+00:00,-0.16881994617915386,-0.32159974419253595,-0.00047222311891826724,-0.2627139455343397,-0.079671737362569,0.8552816481740705,-0.08481573403208152
2025-11-01 05:00:00+00:00,-0.17047110892498762,-0.32159974419253595,-0.00023713334166640371,-0.26343923063471975,-0.07812858624871885,0.8547698461087623,-0.08488907750061832
2025-11-01 06:00:00+00:00,-0.1721943790335402,-0.32159974419253595,0.0,-0.26414114539846056,-0.07665081767317822,0.8547698461087623,-0.08488907750061832
2025-11-01 07:00:00+00:00,-0.16800752538511773,-0.32159974419253595,0.009389920754651875,-0.2608086200113819,-0.0649827960912298,0.85365888457708,-0.08488907750061832
2025-11-01 08:00:00+00:00,-0.16567786282424793,-0.3264949205425584,0.018826328192810108,-0.2535652112755343,-0.04739297248910828,0.8525788677663592,-0.08488907750061832
2025-11-01 09:00:00+00:00,-0.16333618812853473,-0.331421697609847,0.026136184701748163,-0.24378823905880742,-0.03157237848018163,0.8525788677663592,-0.08488907750061832
2025-11-01 10:00:00+00:00,-0.1594648643156705,-0.331421697609847,0.031145659071510304,-0.24114619956479613,-0.021252779330246392,0.85015007390473,-0.08488907750061832
2025-11-01 11:00:00+00:00,-0.15635932718118242,-0.3345313565009983,0.038723144779395764,-0.2352840909710099,-0.01079272858196189,0.8477821135757607,-0.08488907750061832
2025-11-01 12:00:00+00:00,-0.1541619111497212,-0.3376345709080289,0.04378719195594249,-0.22944461629470148,-0.0001812283124353773,0.8454731555011543,-0.08488907750061832
2025-11-01 13:00:00+00:00,-0.15156880302380538,-0.34474111436499777,0.05354893060459503,-0.2182496458658975,0.010234386099974405,0.8440578540743489,-0.0884836950551159
2025-11-01 14:00:00+00:00,-0.1462485578335315,-0.3518155158517036,0.0685834871695674,-0.2070816515021886,0.010234386099974405,0.8427093320144815,-0.0884836950551159
2025-11-01 15:00:00+00:00,-0.14089076200727357,-0.3518155158517036,0.08396618020858587,-0.1959386115554046,0.02064087333577536,0.8414250574275451,-0.0884836950551159
2025-11-01 16:00:00+00:00,-0.14711423586424954,-0.36077891490858355,0.0709224235534524,-0.20629121603669465,0.010768930099233716,0.8406297335711755,-0.0884836950551159
2025-11-01 17:00:00+00:00,-0.15339333987749307,-0.36077891490858355,0.057248149990807524,-0.21664620980328225,-0.008877202427284231,0.8398492348722382,-0.09179565256878496
2025-11-01 18:00:00+00:00,-0.16239061451591283,-0.36077891490858355,0.038615446145531716,-0.22155708785302244,-0.03724331849910167,0.8398492348722382,-0.09179565256878496
2025-11-01 19:00:00+00:00,-0.17041545120927976,-0.35877150937436064,0.02578550127507974,-0.22134105394442116,-0.052592206124810234,0.8389862453210476,-0.08780342413702848
2025-11-01 20:00:00+00:00,-0.1725469642666148,-0.35877150937436064,0.0165280146323949,-0.22134105394442116,-0.06485387751666671,0.8390546797467118,-0.08920125364720952
2025-11-01 21:00:00+00:00,-0.1751225862422943,-0.35877150937436064,0.007185434539108854,-0.2225280391967866,-0.08163655595004853,0.8390546797467118,-0.09059192521556013
2025-11-01 22:00:00+00:00,-0.17917671016205808,-0.35877150937436064,0.00011861188466780076,-0.2225280391967866,-0.09499040380643615,0.8390546797467118,-0.09059192521556013
2025-11-01 23:00:00+00:00,-0.18450538555703755,-0.35877150937436064,-0.009500455960655135,-0.22476621518051856,-0.10468929985555922,0.8390546797467118,-0.0870015495860006
2025-11-02 00:00:00+00:00,-0.19135082281374852,-0.35877150937436064,-0.016951760765749013,-0.22753865708160548,-0.11457899413489313,0.8378242347686314,-0.08892888112108273
2025-11-02 01:00:00+00:00,-0.1967719592115343,-0.3658188818855616,-0.02711089442836409,-0.23032042720471288,-0.12556117258574032,0.8378242347686314,-0.09086939639322428
2025-11-02 02:00:00+00:00,-0.19799778499700613,-0.3658188818855616,-0.026960226775409414,-0.23044247604589638,-0.12334541160008072,0.8378242347686314,-0.09106720377919587
2025-11-02 03:00:00+00:00,-0.19897211128420958,-0.3658188818855616,-0.02688995205495285,-0.23056832892182938,-0.12053765576573787,0.8378242347686314,-0.09086939639322428
2025-11-02 04:00:00+00:00,-0.20068407370887403,-0.3658188818855616,-0.02685895223098699,-0.23069801587850527,-0.11955403561924245,0.8361517945676448,-0.09086939639322428
2025-11-02 05:00:00+00:00,-0.2020219595824714,-0.3658188818855616,-0.026719237721137473,-0.23152497048549833,-0.11698348432428277,0.834497855567242,-0.0907874114126561
2025-11-02 06:00:00+00:00,-0.20340081360319287,-0.36477706283802563,-0.026405591689048203,-0.23166798987506163,-0.11456279899757582,0.8315798014422094,-0.09052103238381713
2025-11-02 07:00:00+00:00,-0.20639366873742707,-0.36558893942265636,-0.022777560221616075,-0.2245731768033624,-0.10234769798631757,0.8363256339100007,-0.08398334491148501
2025-11-02 08:00:00+00:00,-0.20334757077470478,-0.36558893942265636,-0.014163742595360245,-0.21796915251295593,-0.08778467665312367,0.8342799302441996,-0.08192608004986007
2025-11-02 09:00:00+00:00,-0.199003287745444,-0.37061518732630666,-0.005679699188634732,-0.2114437013152816,-0.07877985555428707,0.8342799302441996,-0.08192608004986007
2025-11-02 10:00:00+00:00,-0.19509007436525044,-0.37061518732630666,0.005787662923620103,-0.20845330058961564,-0.06984082678299561,0.8322839186971519,-0.0800425601215072
2025-11-02 11:00:00+00:00,-0.18955604044834842,-0.37061518732630666,0.01451172672685584,-0.2054726378255907,-0.06096295812889494,0.8322839186971519,-0.0800425601215072
2025-11-02 12:00:00+00:00,-0.18399703903605763,-0.37061518732630666,0.02329074008075851,-0.20250153584580657,-0.05214177410027035,0.8322839186971519,-0.07816321448804085
2025-11-02 13:00:00+00:00,-0.17184104466478703,-0.3635402965606942,0.029027933091790116,-0.18705431376200052,-0.03507851556822434,0.33636323436009075,-0.07455908449217002
2025-11-02 14:00:00+00:00,-0.16253344647826212,-0.3635402965606942,0.040648309623076,-0.18145713128063393,-0.026656540721672672,0.3374257364209679,-0.07096228386723982
2025-11-02 15:00:00+00:00,-0.15394332529841642,-0.3635402965606942,0.05238625279955198,-0.17070413607227583,-0.018206554570570382,0.3384875828541791,-0.06737271680993442
2025-11-02 16:00:00+00:00,-0.16276268205413463,-0.3543764570734912,0.03591534943958455,-0.1757173514765503,-0.03442981196087757,0.33629205072101453,-0.07068653586396417
2025-11-02 17:00:00+00:00,-0.1715819861315086,-0.3471966213850055,0.02480438372666028,-0.1807234040490415,-0.05058897969413721,0.33629205072101453,-0.07392134475604939
2025-11-02 18:00:00+00:00,-0.19014498679985162,-0.3399977345596712,0.013699275993872127,-0.19027224187176814,-0.07537217762761268,0.33521387957751303,-0.07392134475604939
2025-11-02 19:00:00+00:00,-0.2107739808046209,-0.32738381024961494,0.002597889085068996,-0.20377461400872401,-0.0915387486092717,0.3341354051525627,-0.07706849793674517
2025-11-02 20:00:00+00:00,-0.2265738252101186,-0.3219334842786478,-0.013995559663789283,-0.2121827804165723,-0.11472632972585319,0.333056624904596,-0.08019869817619464
2025-11-02 21:00:00+00:00,-0.22288192794952447,-0.3138846300586006,-0.030685012788195774,-0.21408933622817714,-0.1182835655720218,0.333496202741544,-0.0778441173269349
2025-11-02 22:00:00+00:00,-0.22671987848760675,-0.3106268418861229,-0.03905668406832605,-0.21593003159537427,-0.1275077752987664,0.333496202741544,-0.0778441173269349
2025-11-02 23:00:00+00:00,-0.23174799031060936,-0.3106268418861229,-0.050622020690618,-0.2187176351657868,-0.13182035496155436,0.333496202741544,-0.07603693765662342
2025-11-03 00:00:00+00:00,-0.2370671449840876,-0.3106268418861229,-0.06320154279972154,-0.22249746997762307,-0.14134748128157898,0.333006928076808,-0.07409475688199138
2025-11-03 01:00:00+00:00,-0.24292763161271505,-0.3106268418861229,-0.07340808392678824,-0.22633296332727681,-0.14576765131509792,0.333006928076808,-0.07596326990851406
2025-11-03 02:00:00+00:00,-0.24564172657130207,-0.3106268418861229,-0.07414847511084727,-0.22760861298252258,-0.14598004515725635,0.333006928076808,-0.07637490794637967
2025-11-03 03:00:00+00:00,-0.24781232553833132,-0.3106268418861229,-0.07574742835430597,-0.22891140332127702,-0.1473151397474477,0.3330766110297398,-0.07620484304196806
2025-11-03 04:00:00+00:00,-0.2500652123984029,-0.3106268418861229,-0.07667012420344305,-0.22891140332127702,-0.14755565052844513,0.33314655693876155,-0.07620484304196806
2025-11-03 05:00:00+00:00,-0.2515520318005159,-0.3097614882037731,-0.07685711701597636,-0.23105770216266663,-0.1478039264366058,0.33321676617802914,-0.0761508858979178
2025-11-03 06:00:00+00:00,-0.2508133792785526,-0.3137623237723336,-0.07039479225887339,-0.22859040097428204,-0.15287800619156003,0.33224328611771253,-0.07173698717189637
2025-11-03 07:00:00+00:00,-0.23963297066276848,-0.3189453923607925,-0.060326474787284236,-0.2222890037231277,-0.1438678161142751,0.33224328611771253,-0.06978075583607794
2025-11-03 08:00:00+00:00,-0.23169752606351246,-0.3189453923607925,-0.04669425244720014,-0.21604897672001808,-0.12920056053516624,0.3328682124091848,-0.06783636255748855
2025-11-03 09:00:00+00:00,-0.22512318707633755,-0.3189453923607925,-0.03684355660133306,-0.2098682162644039,-0.12033957658072995,0.3334934105089268,-0.06596675658766442
2025-11-03 10:00:00+00:00,-0.21807338437833398,-0.3189453923607925,-0.023948892604331955,-0.20468253613763263,-0.10808166057537806,0.33411888179052396,-0.06057391209165658
2025-11-03 11:00:00+00:00,-0.203928240573646,-0.3189453923607925,-0.0046785199865030744,-0.1942250331515085,-0.09050957948688658,0.33534238843465836,-0.05014513109973859
2025-11-03 12:00:00+00:00,-0.1891321479190262,-0.3189453923607925,0.02076230425086606,-0.1837531576026937,-0.072940518180662,0.3365261839113331,-0.04318110714107906
2025-11-03 13:00:00+00:00,-0.176646418523476,-0.3264609169505309,0.045193652221141176,-0.1732651123311557,-0.04614353306561904,0.3365261839113331,-0.03625315183926709
2025-11-03 14:00:00+00:00,-0.16388443566189825,-0.33590417464847955,0.06867039272007576,-0.16200576768757266,-0.028362961574267688,0.33766986943798066,-0.03278706546957427
2025-11-03 15:00:00+00:00,-0.1422978304080636,-0.3428970260106343,0.09099109892849001,-0.14529298209271405,-0.028426297185454526,0.3375881788232461,-0.030360999289639652
2025-11-03 16:00:00+00:00,-0.15242975037126477,-0.33559105893283253,0.06698806573420904,-0.1551049131463875,-0.04460494797844105,0.33554630630388854,-0.033562678075255536
2025-11-03 17:00:00+00:00,-0.16247252112432822,-0.32825727674706134,0.049434472151958446,-0.17030660404543085,-0.060447435127105605,0.33554630630388854,-0.0367480913020848
2025-11-03 18:00:00+00:00,-0.1720002091755825,-0.32825727674706134,0.025623363278162014,-0.17497357145437453,-0.0759757520308555,0.33554630630388854,-0.03991747918303185
2025-11-03 19:00:00+00:00,-0.18140872231376245,-0.32825727674706134,0.008283607543545445,-0.1838343762099207,-0.09121008209247575,0.334464683168378,-0.04616700618985164
2025-11-03 20:00:00+00:00,-0.18821885468425628,-0.32825727674706134,-0.00848333836807138,-0.18801552207502567,-0.10616899375417521,0.334464683168378,-0.06107857467096959
2025-11-03 21:00:00+00:00,-0.18691242342641518,-0.3212723618635059,-0.023145732693139753,-0.18751824021222163,-0.11086851568947009,0.33427170255291816,-0.060115766808173744
2025-11-03 22:00:00+00:00,-0.18866478460446873,-0.3180676818620695,-0.031010467181142806,-0.19117292828330665,-0.11893300523817148,0.3347659676205885,-0.06311656608272782
2025-11-03 23:00:00+00:00,-0.1966151120896276,-0.3180676818620695,-0.03646504898371499,-0.19645322507056592,-0.12703815728848453,0.3352602253647792,-0.06855792484517981
2025-11-04 00:00:00+00:00,-0.2068297306655321,-0.3111093963553862,-0.045225513870554984,-0.20351408807442833,-0.13668681403108648,0.3357145626728026,-0.06855792484517981
2025-11-04 01:00:00+00:00,-0.21577421941840355,-0.31574518487297265,-0.05280827274411978,-0.21473808673209102,-0.14758402236619111,0.334544874689787,-0.07477694573404382
2025-11-04 02:00:00+00:00,-0.2174552283440518,-0.31574518487297265,-0.053598935414815384,-0.2170373134818494,-0.14758402236619111,0.334544874689787,-0.07497266605423496
2025-11-04 03:00:00+00:00,-0.21919159979736796,-0.31574518487297265,-0.054004462889344004,-0.21942696009734294,-0.14811387908645463,0.334544874689787,-0.07517053217830391
2025-11-04 04:00:00+00:00,-0.22098610362720655,-0.3130453068407966,-0.054410247950543646,-0.22191280493181145,-0.14865536796257828,0.334544874689787,-0.07612104834435153
2025-11-04 05:00:00+00:00,-0.2228417095866029,-0.3130453068407966,-0.054370831355295295,-0.22292518922319798,-0.14920880099669728,0.334544874689787,-0.07655387224924158
2025-11-04 06:00:00+00:00,-0.21631712434153613,-0.31637639840100484,-0.03920198105066992,-0.22072378492554245,-0.14106343746149363,0.334544874689787,-0.06957239885337473
2025-11-04 07:00:00+00:00,-0.21030177341224163,-0.32155666492488344,-0.03003205011449802,-0.2147372425705752,-0.13289866699842018,0.334544874689787,-0.06774524514311113
2025-11-04 08:00:00+00:00,-0.20440436634377254,-0.32155666492488344,-0.015343902309477256,-0.20879403149801506,-0.11649637466954785,0.334544874689787,-0.06215364605775089
2025-11-04 09:00:00+00:00,-0.19899848299731424,-0.32678276239207193,-0.0068554442705165185,-0.20289261395080677,-0.10697019083227804,0.3338905974051665,-0.05854088459206214
2025-11-04 10:00:00+00:00,-0.19312347955554993,-0.32678276239207193,0.0014216676504031527,-0.20019502559963492,-0.09878137729695828,0.3338905974051665,-0.053546471098836736
2025-11-04 11:00:00+00:00,-0.18177388806925132,-0.32678276239207193,0.0229879213912925,-0.19482991269440944,-0.09072643446715219,0.3314300742284641,-0.04372786191626162
2025-11-04 12:00:00+00:00,-0.17003897210211874,-0.32678276239207193,0.04406483325217634,-0.18366943332107524,-0.08210827580830224,0.3314300742284641,-0.033939400548750026
2025-11-04 13:00:00+00:00,-0.16085425878959603,-0.3342922444415498,0.06410435260818842,-0.17256986347434597,-0.06456622094602248,0.3314300742284641,-0.02740601994882457
2025-11-04 14:00:00+00:00,-0.15178228808614563,-0.3342922444415498,0.08861163138141168,-0.16152870212767223,-0.04732632813459498,0.3314300742284641,-0.017627294349988644
2025-11-04 15:00:00+00:00,-0.1373576825000055,-0.33166089351633277,0.12048929689182689,-0.14565591423935695,-0.02766032679655266,0.32858290428858555,-0.0031407247924934317
2025-11-04 16:00:00+00:00,-0.1471679752528897,-0.32441665218674776,0.10437112975853345,-0.15582248282663166,-0.043819087889832964,0.3264357669064402,-0.009428238485209451
2025-11-04 17:00:00+00:00,-0.15687659139086096,-0.32441665218674776,0.08306914339886796,-0.165958301292471,-0.05973974877535198,0.3274511490353935,-0.01875854040929748
2025-11-04 18:00:00+00:00,-0.16609743786147343,-0.3190273385030289,0.06250954571213355,-0.17081744882527122,-0.07543651017720958,0.3274511490353935,-0.02790745922068591
2025-11-04 19:00:00+00:00,-0.17519208229822786,-0.30617025601439446,0.04262730875131302,-0.18007203330917274,-0.09092265550361804,0.3285048334479681,-0.036906101619336516
2025-11-04 20:00:00+00:00,-0.1763244524076162,-0.29874183691479195,0.028172429583353857,-0.1804987180952297,-0.11145034489990036,0.3283279939038419,-0.03680851716737239
2025-11-04 21:00:00+00:00,-0.17870462076884616,-0.2912580898964923,0.013863542412955388,-0.1795883756156762,-0.1293487845162296,0.32816198431580934,-0.03539081268134753
2025-11-04 22:00:00+00:00,-0.18214919113293793,-0.2912580898964923,0.006788739988361072,-0.18183214737957704,-0.1365285419599088,0.3286749433637875,-0.0384186334934325
2025-11-04 23:00:00+00:00,-0.1871351622989727,-0.2963759750171855,0.002151967413714696,-0.18447640249775257,-0.1412011943482519,0.3296617141527647,-0.045013364492237896
2025-11-05 00:00:00+00:00,-0.19195619994339497,-0.2963759750171855,-0.0048835119031340754,-0.18447640249775257,-0.14592754539579172,0.3301354616214304,-0.04670244672020738
2025-11-05 01:00:00+00:00,-0.19939958353885281,-0.3009045689578209,-0.012272634142037086,-0.19250234801295613,-0.15269222464408663,0.3295280139089327,-0.0533932549271656
2025-11-05 02:00:00+00:00,-0.20052201426667088,-0.3009045689578209,-0.012468656347791278,-0.1948793215001392,-0.15351991430827475,0.32944849763103373,-0.0533932549271656
2025-11-05 03:00:00+00:00,-0.2013320345339869,-0.3009045689578209,-0.012578682635602348,-0.19587794540331904,-0.1561071464805251,0.32936927780659075,-0.053796093795472934
2025-11-05 04:00:00+00:00,-0.20215727076105422,-0.3009045689578209,-0.012710431287347872,-0.19689416036255503,-0.1570278384710323,0.32929035381906757,-0.05420891509280589
2025-11-05 05:00:00+00:00,-0.2029981171146461,-0.3009045689578209,-0.012743188003852204,-0.19851003162318848,-0.15798432775385254,0.32925063372709384,-0.05449563163662953
2025-11-05 06:00:00+00:00,-0.1951685736762558,-0.3009045689578209,-0.0009532320707888965,-0.1938632212979941,-0.15475138145059097,0.3286145628033177,-0.04811584992203674
2025-11-05 07:00:00+00:00,-0.18683364622759346,-0.3009045689578209,0.008247041353492308,-0.18829818025069125,-0.145626345739409,0.32797890897608106,-0.04149978288930613
2025-11-05 08:00:00+00:00,-0.180112804500578,-0.3009045689578209,0.017218672965253614,-0.18190038384992363,-0.13107181926487074,0.3273823349654429,-0.03657496216630081
2025-11-05 09:00:00+00:00,-0.1739046700822428,-0.3009045689578209,0.028257416364429508,-0.1755959966294183,-0.12234058523128274,0.32678601695767906,-0.03180469289823468
2025-11-05 10:00:00+00:00,-0.16738706253287006,-0.3009045689578209,0.037055502182053564,-0.17016286916250545,-0.11497702789076593,0.3261899536632683,-0.02872125926893708
2025-11-05 11:00:00+00:00,-0.15968940212586036,-0.3009045689578209,0.05477775727458588,-0.1594804143199145,-0.08345357883136213,0.3249976770687439,-0.019512513776338954
2025-11-05 12:00:00+00:00,-0.1517666100576921,-0.2931571498197501,0.07187293095009595,-0.14883153631928847,-0.06664502919697134,0.3238439247063868,-0.007258430922837989
2025-11-05 13:00:00+00:00,-0.1408239893799967,-0.2931571498197501,0.08805574022959431,-0.13821430269448318,-0.03352841160912757,0.3215744275566889,-0.0011197840535436474
2025-11-05 14:00:00+00:00,-0.130028954181703,-0.2931571498197501,0.10374445730354585,-0.13306969907454677,-0.009015998373727994,0.3204584339981035,0.008055641845047245
2025-11-05 15:00:00+00:00,-0.12411154130421688,-0.30272145425586156,0.11465646922310203,-0.11842360461935483,0.0005001542945183516,0.31778728510136334,0.024051240832294683
2025-11-05 16:00:00+00:00,-0.13111765105456613,-0.2951107860057842,0.096516079845754,-0.1237737118428209,-0.01558575067293729,0.3177872851013634,0.011695751778150472
2025-11-05 17:00:00+00:00,-0.1378667157944553,-0.2951107860057842,0.07873623917054072,-0.133581003111965,-0.039177981650405105,0.31886486838175365,0.005555108795072854
2025-11-05 18:00:00+00:00,-0.14662234539556754,-0.2892721065935995,0.06094225186665426,-0.13829271699363038,-0.062172371794540895,0.31886486838175365,-0.0035697163453807606
2025-11-05 19:00:00+00:00,-0.1552589818265736,-0.28335633722754344,0.043675385773373404,-0.1472943754085039,-0.07758398917110182,0.31886486838175365,-0.015581821181141481
2025-11-05 20:00:00+00:00,-0.15825225316271915,-0.2755429357578325,0.027420127742150177,-0.1441576570455182,-0.09978986592963134,0.31987368242857595,-0.017777530862238645
2025-11-05 21:00:00+00:00,-0.1627224698923569,-0.2755429357578325,0.01693149880585707,-0.1473743629445473,-0.11037045582621313,0.32040248869100896,-0.023526558113637023
2025-11-05 22:00:00+00:00,-0.16713085413838655,-0.2755429357578325,0.008845367062455154,-0.1535232372428089,-0.11904078305166439,0.3209312758349991,-0.02795218037438486
2025-11-05 23:00:00+00:00,-0.17171420149568029,-0.2755429357578325,-0.001009004924191495,-0.1615726600310607,-0.1313348656013109,0.3214600449046141,-0.03263862464033565
2025-11-06 00:00:00+00:00,-0.1730589733814534,-0.28266151340230355,-0.006981192317083504,-0.17461787155737968,-0.1403066323781864,0.3224795245150043,-0.03423978071636151
2025-11-06 01:00:00+00:00,-0.17762802786737816,-0.2872594317855412,-0.010271723496773015,-0.18422234591508535,-0.14848813556828194,0.32198014556212395,-0.04301253189336612
2025-11-06 02:00:00+00:00,-0.17853006613600686,-0.29014359323176064,-0.010452106933820315,-0.18622204514671742,-0.1518589179914494,0.32198014556212395,-0.04333057116231743
2025-11-06 03:00:00+00:00,-0.17909255965193885,-0.29014359323176064,-0.01067405615734678,-0.18830126552328025,-0.15303716336489062,0.32195674834928895,-0.04376834457668709
2025-11-06 04:00:00+00:00,-0.17966366920353763,-0.29014359323176064,-0.010857138128584768,-0.19211228196567492,-0.15462524230445626,0.32193358794445137,-0.0442163020212293
2025-11-06 05:00:00+00:00,-0.1804173816481439,-0.2939485912406174,-0.00662844553940048,-0.19132467441640594,-0.15080626158894783,0.32052800016361616,-0.0452113832872122
2025-11-06 06:00:00+00:00,-0.17743728075750737,-0.2939485912406174,0.002760272822908487,-0.1827465476300477,-0.14267413291972653,0.31991526395536474,-0.04220383070391583
2025-11-06 07:00:00+00:00,-0.17261845156265,-0.2939485912406174,0.011805432790830175,-0.17991585995682163,-0.13459011650797117,0.31934047815532074,-0.03758933097158212
2025-11-06 08:00:00+00:00,-0.16841644415851298,-0.2939485912406174,0.02223270016573558,-0.17385633866657796,-0.1215494240642302,0.3187659237566792,-0.03303639275743093
2025-11-06 09:00:00+00:00,-0.16188811064005035,-0.2939485912406174,0.029072924693100428,-0.16786671738433487,-0.11363758812128731,0.3187659237566792,-0.030100777872135817
2025-11-06 10:00:00+00:00,-0.15203427481228668,-0.2924046898221185,0.039817708367035916,-0.15374887480618066,-0.09778519913574231,0.3171137836415403,-0.02811204457468687
2025-11-06 11:00:00+00:00,-0.14491936778520487,-0.28451916507131914,0.053809623065003524,-0.13764109981245437,-0.08193369679270844,0.3159916214163879,-0.02229485148862692
2025-11-06 12:00:00+00:00,-0.13534475907220586,-0.28451916507131914,0.06708826063838524,-0.11689270703367327,-0.06612368292323846,0.3148694308280102,-0.016482868234078758
2025-11-06 13:00:00+00:00,-0.12559910789437911,-0.28451916507131914,0.08301130572537188,-0.10095608677590334,-0.04213133603881691,0.31378416561108563,-0.010675778421967813
2025-11-06 14:00:00+00:00,-0.11229411807353669,-0.2822289726822725,0.1112626706579933,-0.0747936979961175,-0.01044751150628181,0.3119355524462848,0.0013281198016868267
2025-11-06 15:00:00+00:00,-0.10060589852901791,-0.27223579036633766,0.14064463431988433,-0.06188835081087173,0.008818717838625853,0.3101421432985588,0.013070521899176587
2025-11-06 16:00:00+00:00,-0.1073589627872101,-0.27223579036633766,0.12252912488100295,-0.0723961185554313,-0.007150404617541813,0.3112297323698997,0.0040992375164156155
2025-11-06 17:00:00+00:00,-0.1162107279152022,-0.27223579036633766,0.10419259439377801,-0.08282799132962097,-0.03085505408362051,0.312316807508824,-0.0018620334247156976
2025-11-06 18:00:00+00:00,-0.12272340913206153,-0.2659645291002383,0.08967549175666975,-0.08791331729289797,-0.06255193865176294,0.3145264272662949,-0.01367203878505305
2025-11-06 19:00:00+00:00,-0.12578871043372317,-0.25596500664441335,0.08370786498895204,-0.08592328809381915,-0.07855436139689297,0.3156220727026756,-0.016547996632278583
2025-11-06 20:00:00+00:00,-0.12979508183790386,-0.24774871935641118,0.07775930061534107,-0.08609808867709978,-0.09464877338846603,0.31674714017559524,-0.02093372241370436
2025-11-06 21:00:00+00:00,-0.13548503322668604,-0.24774871935641118,0.06847033509563791,-0.0881926340886838,-0.1028970218250533,0.3172996442969317,-0.025318216781995143
2025-11-06 22:00:00+00:00,-0.14029961830577709,-0.24774871935641118,0.05744034459594305,-0.09291373532757459,-0.1028970218250533,0.3183672330495525,-0.026820771329726035
2025-11-06 23:00:00+00:00,-0.14470245789112832,-0.2534019364158489,0.050776279942414626,-0.1008565103111952,-0.11230485675126434,0.3194345840316504,-0.029966580351148544
2025-11-07 00:00:00+00:00,-0.14958562873730719,-0.2534019364158489,0.044105081271748864,-0.11290959627159021,-0.12195227111218697,0.32050170592932753,-0.03323163774050687
2025-11-07 01:00:00+00:00,-0.1561725649369128,-0.25816173497336536,0.038576284023612455,-0.1235534823459699,-0.13250330097684127,0.3200951618556479,-0.040970862119560636
2025-11-07 02:00:00+00:00,-0.15706574443394786,-0.25816173497336536,0.038143668634781754,-0.12567803665303007,-0.13469323480747183,0.32000580674960766,-0.04158860659392695
2025-11-07 03:00:00+00:00,-0.15777227774788563,-0.25816173497336536,0.037734243291218335,-0.1278943933587909,-0.1362029382934646,0.31997652519798525,-0.042219652777802416
2025-11-07 04:00:00+00:00,-0.15848805038290065,-0.255226084640524,0.03730589103307415,-0.13020971826568267,-0.1385519682473697,0.31995603700213826,-0.042864583315818106
2025-11-07 05:00:00+00:00,-0.16040463628682775,-0.2591656222378522,0.03939301749461087,-0.13090907438727467,-0.13977522562537986,0.3181428588196163,-0.046197736557609455
2025-11-07 06:00:00+00:00,-0.15778351408458807,-0.2591656222378522,0.04519771337340605,-0.12610795592476853,-0.13395286149570593,0.31696085630279114,-0.04203726919685653
2025-11-07 07:00:00+00:00,-0.1530557543949273,-0.2591656222378522,0.0567921756424717,-0.12354553795235856,-0.12647376182884906,0.31638890693923766,-0.03771851234998004
2025-11-07 08:00:00+00:00,-0.14887028379544467,-0.26438304859063233,0.061993694281096606,-0.12098640448828987,-0.11898333770372824,0.3158172948101531,-0.03344934545629635
2025-11-07 09:00:00+00:00,-0.14469141443956035,-0.26438304859063233,0.07150780909516691,-0.11843043440788527,-0.11147831973555276,0.3147117192474188,-0.029291894430834783
2025-11-07 10:00:00+00:00,-0.14044523738644724,-0.26298952248274693,0.08070675592442454,-0.10958739517293946,-0.10842494003789917,0.3126775741984892,-0.021026176378140363
2025-11-07 11:00:00+00:00,-0.13248443888733924,-0.26298952248274693,0.09257254360471034,-0.09928348913165942,-0.09251189737865509,0.3115665127518759,-0.015460386135848426
2025-11-07 12:00:00+00:00,-0.1263790410237513,-0.25692024372280886,0.10726522418965992,-0.08893964737726558,-0.07653172429575027,0.31049178743197436,-0.00707030800776214
2025-11-07 13:00:00+00:00,-0.12023621788541389,-0.270847535978773,0.11884961024605163,-0.07855354549183134,-0.06872595627484898,0.3083780609522869,0.0013428128637521357
2025-11-07 14:00:00+00:00,-0.11188449316549326,-0.270847535978773,0.13304325082979834,-0.06812280207308206,-0.05258158166370903,0.307338837105109,0.009780119481664802
2025-11-07 15:00:00+00:00,-0.10289770083829818,-0.2686403690004632,0.15107730544423284,-0.05581474576743083,-0.032911187271404754,0.3051496070436509,0.019305441396965745
2025-11-07 16:00:00+00:00,-0.11290643399968495,-0.2686403690004632,0.13203094587254946,-0.06751685335952727,-0.05081929254788454,0.30837192671196845,0.016265491421531608
2025-11-07 17:00:00+00:00,-0.12539338283659482,-0.2686403690004632,0.1159823937725425,-0.07928538707542793,-0.06799586918916219,0.309480677710546,0.010138875681839302
2025-11-07 18:00:00+00:00,-0.13275202169444347,-0.2686403690004632,0.09965060372268289,-0.07928538707542793,-0.08488141194396688,0.31058895904570916,0.0010087966102833579
2025-11-07 19:00:00+00:00,-0.1385077787388233,-0.26505422444117815,0.09011053269449901,-0.0671404767265128,-0.08624068056983182,0.3107017955537334,-0.002620245304356775
2025-11-07 20:00:00+00:00,-0.14094638494435516,-0.26505422444117815,0.08145652313657323,-0.061495564891534044,-0.08624068056983182,0.3107017955537334,-0.005769198289397961
2025-11-07 21:00:00+00:00,-0.1432508209011148,-0.26505422444117815,0.07138514805506815,-0.05576359259390902,-0.09016148131105522,0.31127404335034026,-0.010435722752024468
2025-11-07 22:00:00+00:00,-0.1465962609552285,-0.26505422444117815,0.05992941420149264,-0.058722597604637,-0.09959500984166186,0.3118462847547584,-0.013559349364900065
2025-11-07 23:00:00+00:00,-0.14943296877178996,-0.26505422444117815,0.0505092421782647,-0.06513675789767226,-0.10465672674853473,0.31241852088930105,-0.015167029152929041
2025-11-08 00:00:00+00:00,-0.15256612544304546,-0.26505422444117815,0.04120116483107564,-0.07159105671074666,-0.10977463401267015,0.31299075287497385,-0.016795515132765972
2025-11-08 01:00:00+00:00,-0.1557283679741007,-0.26505422444117815,0.030216769719335092,-0.07808732855074128,-0.11944848710611132,0.3135993637523233,-0.018448716674476385
2025-11-08 02:00:00+00:00,-0.15658083337978335,-0.2681786715105676,0.02964703874408102,-0.07886676347374759,-0.12075422432152468,0.3136927534703295,-0.019102819362682908
2025-11-08 03:00:00+00:00,-0.15799392551903496,-0.26505422444117815,0.02907387765205372,-0.07965697221280932,-0.12075422432152468,0.3137579707450198,-0.019688640486579333
2025-11-08 04:00:00+00:00,-0.159030047797553,-0.2573730942409723,0.028496948721101038,-0.08017192446421763,-0.12104403473543875,0.31382340922545554,-0.020070845049414025
2025-11-08 05:00:00+00:00,-0.16008297404804492,-0.2573730942409723,0.027953864433701542,-0.08098084563054563,-0.12104403473543875,0.31388906908985303,-0.020070845049414025
2025-11-08 06:00:00+00:00,-0.16617175318734229,-0.261090199194737,0.03264219139517349,-0.08122900747276701,-0.11848321822276452,0.31398048106281484,-0.01803850624145516
2025-11-08 07:00:00+00:00,-0.1647339964942737,-0.26577693299369465,0.040934945818245735,-0.07861199844080059,-0.11003703961816573,0.3130687288787343,-0.013975206073245233
2025-11-08 08:00:00+00:00,-0.1632887735318549,-0.26577693299369465,0.04917609583602201,-0.07861199844080059,-0.11003703961816573,0.31263107523126754,-0.009951396956889005
2025-11-08 09:00:00+00:00,-0.1618359175963737,-0.26577693299369465,0.0604946308818139,-0.08122900747276701,-0.10619047429462555,0.3121934257284088,-0.005978997720216317
2025-11-08 10:00:00+00:00,-0.15976490930178677,-0.27043167038099714,0.0710918310707894,-0.0762218065792805,-0.10619047429462555,0.3113543768162383,-0.0033489403467530086
2025-11-08 11:00:00+00:00,-0.15767596476834297,-0.27043167038099714,0.08018181432804887,-0.0762218065792805,-0.09912545603724003,0.3109529257818682,0.0019269108187460718
2025-11-08 12:00:00+00:00,-0.15919528759394025,-0.27315146265399054,0.09433643537999886,-0.07762423674131652,-0.08911078987371417,0.31094479906171596,0.006661678205649411
2025-11-08 13:00:00+00:00,-0.1534024530847469,-0.27315146265399054,0.11330641961645287,-0.07209823546059428,-0.08160114216063326,0.3090306821166408,0.015035087191602145
2025-11-08 14:00:00+00:00,-0.15145405854535096,-0.27315146265399054,0.13261914852511078,-0.06657057257907167,-0.06676752512423405,0.3071142311412888,0.020622905668955836
2025-11-08 15:00:00+00:00,-0.14744974021782947,-0.28053008240896926,0.15229958705068458,-0.061040951323820924,-0.05073798921975377,0.3061730536088712,0.026219554417896963
2025-11-08 16:00:00+00:00,-0.1534849106575988,-0.2709149288693696,0.12918144045410648,-0.06723929353204687,-0.06938616303431777,0.3073007295621761,0.020022581937063785
2025-11-08 17:00:00+00:00,-0.17341290188017786,-0.2709149288693696,0.1050583946574556,-0.06723929353204687,-0.07853572352311709,0.3073007295621761,0.010672835743012608
