time_utc,5.56x45mm M995,6.8x51mm Hybrid,7.62x39mm AP,7.62x51mm M62,7.62x54R BT,9x19mm PBP,9x39mm BP
2025-09-21 18:00:00+00:00,,,,,,,
2025-09-21 19:00:00+00:00,,,,,,,
2025-09-21 20:00:00+00:00,,,,,,,
2025-09-21 21:00:00+00:00,,,,,,,
2025-09-21 22:00:00+00:00,,,,,,,
2025-09-21 23:00:00+00:00,,,,,,,
2025-09-22 00:00:00+00:00,,,,,,,
2025-09-22 01:00:00+00:00,,,,,,,
2025-09-22 02:00:00+00:00,,,,,,,
2025-09-22 03:00:00+00:00,,,,,,,
2025-09-22 04:00:00+00:00,,,,,,,
2025-09-22 05:00:00+00:00,,,,,,,
2025-09-22 06:00:00+00:00,,,,,,,
2025-09-22 07:00:00+00:00,,,,,,,
2025-09-22 08:00:00+00:00,,,,,,,
2025-09-22 09:00:00+00:00,,,,,,,
2025-09-22 10:00:00+00:00,,,,,,,
2025-09-22 11:00:00+00:00,,,,,,,
2025-09-22 12:00:00+00:00,,,,,,,
2025-09-22 13:00:00+00:00,,,,,,,
2025-09-22 14:00:00+00:00,,,,,,,
2025-09-22 15:00:00+00:00,,,,,,,
2025-09-22 16:00:00+00:00,,,,,,,
2025-09-22 17:00:00+00:00,,,,,,,
2025-09-22 18:00:00+00:00,,,,,,,
2025-09-22 19:00:00+00:00,,,,,,,
2025-09-22 20:00:00+00:00,,,,,,,
2025-09-22 21:00:00+00:00,,,,,,,
2025-09-22 22:00:00+00:00,,,,,,,
2025-09-22 23:00:00+00:00,,,,,,,
2025-09-23 00:00:00+00:00,,,,,,,
2025-09-23 01:00:00+00:00,,,,,,,
2025-09-23 02:00:00+00:00,,,,,,,
2025-09-23 03:00:00+00:00,,,,,,,
2025-09-23 04:00:00+00:00,,,,,,,
2025-09-23 05:00:00+00:00,,,,,,,
2025-09-23 06:00:00+00:00,,,,,,,
2025-09-23 07:00:00+00:00,,,,,,,
2025-09-23 08:00:00+00:00,,,,,,,
2025-09-23 09:00:00+00:00,,,,,,,
2025-09-23 10:00:00+00:00,,,,,,,
2025-09-23 11:00:00+00:00,,,,,,,
2025-09-23 12:00:00+00:00,,,,,,,
2025-09-23 13:00:00+00:00,,,,,,,
2025-09-23 14:00:00+00:00,,,,,,,
2025-09-23 15:00:00+00:00,,,,,,,
2025-09-23 16:00:00+00:00,,,,,,,
2025-09-23 17:00:00+00:00,,,,,,,
2025-09-23 18:00:00+00:00,,,,,,,
2025-09-23 19:00:00+00:00,,,,,,,
2025-09-23 20:00:00+00:00,,,,,,,
2025-09-23 21:00:00+00:00,,,,,,,
2025-09-23 22:00:00+00:00,,,,,,,
2025-09-23 23:00:00+00:00,,,,,,,
2025-09-24 00:00:00+00:00,,,,,,,
2025-09-24 01:00:00+00:00,,,,,,,
2025-09-24 02:00:00+00:00,,,,,,,
2025-09-24 03:00:00+00:00,,,,,,,
2025-09-24 04:00:00+00:00,,,,,,,
2025-09-24 05:00:00+00:00,,,,,,,
2025-09-24 06:00:00+00:00,,,,,,,
2025-09-24 07:00:00+00:00,,,,,,,
2025-09-24 08:00:00+00:00,,,,,,,
2025-09-24 09:00:00+00:00,,,,,,,
2025-09-24 10:00:00+00:00,,,,,,,
2025-09-24 11:00:00+00:00,,,,,,,
2025-09-24 12:00:00+00:00,,,,,,,
2025-09-24 13:00:00+00:00,,,,,,,
2025-09-24 14:00:00+00:00,,,,,,,
2025-09-24 15:00:00+00:00,,,,,,,
2025-09-24 16:00:00+00:00,,,,,,,
2025-09-24 17:00:00+00:00,,,,,,,
2025-09-24 18:00:00+00:00,,,,,,,
2025-09-24 19:00:00+00:00,,,,,,,
2025-09-24 20:00:00+00:00,,,,,,,
2025-09-24 21:00:00+00:00,,,,,,,
2025-09-24 22:00:00+00:00,,,,,,,
2025-09-24 23:00:00+00:00,,,,,,,
2025-09-25 00:00:00+00:00,,,,,,,
2025-09-25 01:00:00+00:00,,,,,,,
2025-09-25 02:00:00+00:00,,,,,,,
2025-09-25 03:00:00+00:00,,,,,,,
2025-09-25 04:00:00+00:00,,,,,,,
2025-09-25 05:00:00+00:00,,,,,,,
2025-09-25 06:00:00+00:00,,,,,,,
2025-09-25 07:00:00+00:00,,,,,,,
2025-09-25 08:00:00+00:00,,,,,,,
2025-09-25 09:00:00+00:00,,,,,,,
2025-09-25 10:00:00+00:00,,,,,,,
2025-09-25 11:00:00+00:00,,,,,,,
2025-09-25 12:00:00+00:00,,,,,,,
2025-09-25 13:00:00+00:00,,,,,,,
2025-09-25 14:00:00+00:00,,,,,,,
2025-09-25 15:00:00+00:00,,,,,,,
2025-09-25 16:00:00+00:00,,,,,,,
2025-09-25 17:00:00+00:00,,,,,,,
2025-09-25 18:00:00+00:00,,,,,,,
2025-09-25 19:00:00+00:00,,,,,,,
2025-09-25 20:00:00+00:00,,,,,,,
2025-09-25 21:00:00+00:00,,,,,,,
2025-09-25 22:00:00+00:00,,,,,,,
2025-09-25 23:00:00+00:00,,,,,,,
2025-09-26 00:00:00+00:00,,,,,,,
2025-09-26 01:00:00+00:00,,,,,,,
2025-09-26 02:00:00+00:00,,,,,,,
2025-09-26 03:00:00+00:00,,,,,,,
2025-09-26 04:00:00+00:00,,,,,,,
2025-09-26 05:00:00+00:00,,,,,,,
2025-09-26 06:00:00+00:00,,,,,,,
2025-09-26 07:00:00+00:00,,,,,,,
2025-09-26 08:00:00+00:00,,,,,,,
2025-09-26 09:00:00+00:00,,,,,,,
2025-09-26 10:00:00+00:00,,,,,,,
2025-09-26 11:00:00+00:00,,,,,,,
2025-09-26 12:00:00+00:00,,,,,,,
2025-09-26 13:00:00+00:00,,,,,,,
2025-09-26 14:00:00+00:00,,,,,,,
2025-09-26 15:00:00+00:00,,,,,,,
2025-09-26 16:00:00+00:00,,,,,,,
2025-09-26 17:00:00+00:00,-0.47579030086793633,-0.1998151513771584,-0.12158570969255801,-0.11708768087613472,-0.1493440134713095,0.48883676473155113,-0.39492362749370963
2025-09-26 18:00:00+00:00,-0.4757784206039923,-0.19785381565657859,-0.12119281765950236,-0.11615257991756424,-0.14937452802947038,0.48884826312614543,-0.3946081056924431
2025-09-26 19:00:00+00:00,-0.47032248924324055,-0.21425280147327241,-0.12637836579036835,-0.1258956978853075,-0.14725562016264448,0.488867478738167,-0.3953070166712246
2025-09-26 20:00:00+00:00,-0.4713586410088547,-0.23183633600508727,-0.13140119992310123,-0.13526903022161468,-0.14520543585672324,0.48676597121751713,-0.39848058684080284
2025-09-26 21:00:00+00:00,-0.4723786375323023,-0.24825686640785025,-0.13626924537133195,-0.144293359557079,-0.14322046145907466,0.48243488487458003,-0.4015628012476201
2025-09-26 22:00:00+00:00,-0.4717602989651943,-0.24368810237970429,-0.1358442517222154,-0.1430684991108422,-0.14327308861815907,0.48246783965249485,-0.40152467115135504
2025-09-26 23:00:00+00:00,-0.4684325720383375,-0.243106703897093,-0.13530808882766354,-0.1418755836106594,-0.14332487377507938,0.48243183572054665,-0.3981196679732753
2025-09-27 00:00:00+00:00,-0.43674332316592407,-0.24343768780745778,-0.14005310686256045,-0.15038856636870723,-0.12766528053518794,0.4731326962102453,-0.37542054297618965
2025-09-27 01:00:00+00:00,-0.43083847880162757,-0.2432729523653586,-0.13971780724648675,-0.15030818768567475,-0.127717540186777,0.47182820182631713,-0.3726639745834232
2025-09-27 02:00:00+00:00,-0.4253237489511492,-0.24311082775919196,-0.1391430808218088,-0.15022906645803008,-0.12776898347256163,0.46975958274861823,-0.37004035217173326
2025-09-27 03:00:00+00:00,-0.4371484971718829,-0.23915527350452678,-0.15378300910215073,-0.13751935711555127,-0.14087491093902857,0.4782038457578938,-0.3807266472370936
2025-09-27 04:00:00+00:00,-0.44830213515638845,-0.23533356196633018,-0.1460604594366863,-0.12529066665014857,-0.140665934698842,0.487372496706155,-0.3908996718999758
2025-09-27 05:00:00+00:00,-0.4429842280569616,-0.23521329784837594,-0.14559001343031674,-0.1243624324929842,-0.14069730926056534,0.48176086747557506,-0.3899174879807217
2025-09-27 06:00:00+00:00,-0.437967441864192,-0.2350948795208707,-0.14496384957185054,-0.12345658929972499,-0.14072820970633093,0.47501297036980533,-0.3894974264737091
2025-09-27 07:00:00+00:00,-0.4332261275098069,-0.2340443203191825,-0.1443698558401428,-0.1225723060775969,-0.14075864670348603,0.4686857105737725,-0.388531737768133
2025-09-27 08:00:00+00:00,-0.4435766403246779,-0.22281204413651123,-0.13684447857558557,-0.10090234489905145,-0.14054545149575148,0.47960961812040115,-0.381425112250878
2025-09-27 09:00:00+00:00,-0.45040362708070963,-0.2119663366871285,-0.1295599398964805,-0.08038509019860583,-0.14034551207271326,0.489902937131422,-0.3713234779373751
2025-09-27 10:00:00+00:00,-0.45696769824795735,-0.2052424006710085,-0.12250417646106233,-0.07032983327252207,-0.1401579371955148,0.4990473588260264,-0.3676769561516964
2025-09-27 11:00:00+00:00,-0.46607137332720905,-0.19872439572729378,-0.11566595455684345,-0.06061545850417983,-0.1399819077950275,0.5070260483362637,-0.3668662799854818
2025-09-27 12:00:00+00:00,-0.463926651801131,-0.19847337739391657,-0.11543622650630357,-0.06030621214235853,-0.13918365852310852,0.5034845280160758,-0.36685105013820135
2025-09-27 13:00:00+00:00,-0.4698552640694076,-0.192195789284082,-0.1088580783046289,-0.051011613999578036,-0.13892194161300914,0.5102231866251042,-0.366066879515088
2025-09-27 14:00:00+00:00,-0.4669657829959492,-0.1825378615350513,-0.12204247701931684,-0.042019132179725666,-0.15023993617042625,0.5132698358877053,-0.36531827182168664
2025-09-27 15:00:00+00:00,-0.46696567297649183,-0.18208634478724464,-0.12188933504518629,-0.0419000951970972,-0.1502382424515517,0.5115222134011221,-0.36528166020859715
2025-09-27 16:00:00+00:00,-0.4669655644953557,-0.1816444075857593,-0.12173889798038447,-0.0417837080956354,-0.14938751318842614,0.5106518609369555,-0.36524557142167496
2025-09-27 17:00:00+00:00,-0.46482336799900337,-0.18121174447330296,-0.12159109445396687,-0.04133078376112485,-0.14197014121090468,0.5084617198817453,-0.3652280185603555
2025-09-27 18:00:00+00:00,-0.46273933431423636,-0.18035921034441146,-0.12054996468821483,-0.04089822966930736,-0.13564077918695236,0.5063291553083136,-0.3650232763484305
2025-09-27 19:00:00+00:00,-0.4724773125321478,-0.19398684880279218,-0.12512668773141314,-0.055944095013688536,-0.15330628542303598,0.5111711023719168,-0.3684920004377035
2025-09-27 20:00:00+00:00,-0.4929137783335297,-0.22447371961068655,-0.1325891468397021,-0.0841635329052842,-0.18689687889345197,0.5134505904903459,-0.37141998538584015
2025-09-27 21:00:00+00:00,-0.5013279949007771,-0.23805389315665806,-0.13681113330209685,-0.10356089159298411,-0.20179988625303488,0.516833883836795,-0.3746693435712505
2025-09-27 22:00:00+00:00,-0.496784741288852,-0.23686132491276213,-0.13651168140208203,-0.10225341695019119,-0.1981286589663461,0.5153188341968012,-0.37449676261670617
2025-09-27 23:00:00+00:00,-0.49679089872180754,-0.23663510350760047,-0.13573836342430662,-0.10187089677649575,-0.19725007378130216,0.5138346761581765,-0.372582753704883
2025-09-28 00:00:00+00:00,-0.4967969744375285,-0.2366148694931947,-0.13544125843384494,-0.10188788135664907,-0.19383985261146144,0.5123804576972486,-0.3697683255093397
2025-09-28 01:00:00+00:00,-0.49680297005282226,-0.2365949025020066,-0.13469753951649643,-0.10190464156198571,-0.19303462157109452,0.5115322214042182,-0.36706363106211776
2025-09-28 02:00:00+00:00,-0.4945052194685552,-0.23457019672056748,-0.14661550938546666,-0.10203623274829131,-0.1828769180120688,0.5020855329388546,-0.3758084541538376
2025-09-28 03:00:00+00:00,-0.4945073741161892,-0.23455504053687531,-0.1463385009264495,-0.10204787908343167,-0.1799948853159191,0.5013145098907243,-0.3731266679258569
2025-09-28 04:00:00+00:00,-0.4922799842315497,-0.23259294568326522,-0.15779876724938813,-0.10217502358254123,-0.15893456960269445,0.49219664768777904,-0.38144885175319726
2025-09-28 05:00:00+00:00,-0.49227828685046665,-0.2324237093576333,-0.15754348925993147,-0.10218181872427844,-0.15668078085009235,0.49149746901367,-0.3796990005191423
2025-09-28 06:00:00+00:00,-0.4922766113423165,-0.23192699701620983,-0.15652279399286825,-0.10218852703892402,-0.15453584712337293,0.4911799021882941,-0.379645523482756
2025-09-28 07:00:00+00:00,-0.49227495728706766,-0.23094326439425703,-0.15626948308732103,-0.10190436731673491,-0.15249151938277744,0.4908668468067366,-0.37935261660125835
2025-09-28 08:00:00+00:00,-0.4849607136113451,-0.21962648534498264,-0.16718224260874484,-0.08654774306476061,-0.12260132020382193,0.4842763118209428,-0.37312593029675223
2025-09-28 09:00:00+00:00,-0.47183231275561843,-0.21192485123030763,-0.1608746760515164,-0.0718050696886941,-0.09499805933116269,0.4798470003391744,-0.3670637428501373
2025-09-28 10:00:00+00:00,-0.4649845329139424,-0.20443100918257198,-0.154731960247344,-0.06508735331496157,-0.07885727390961658,0.4755361094822301,-0.3682145948456502
2025-09-28 11:00:00+00:00,-0.45831396801058105,-0.19713634387040455,-0.12848435068925432,-0.05854798275749185,-0.06339579833646965,0.47133865786513035,-0.3693466167007938
2025-09-28 12:00:00+00:00,-0.4518134292564679,-0.19300902896360414,-0.08370790768400628,-0.05917794612312621,-0.04857082937712723,0.46724995113840523,-0.36834460821769016
2025-09-28 13:00:00+00:00,-0.43982664300694846,-0.18604327276527194,-0.04527849788800469,-0.05287324892615115,-0.03434314650693497,0.4650284090793741,-0.36737473852199853
2025-09-28 14:00:00+00:00,-0.42818245800699195,-0.17925495830280647,-0.011674706673287301,-0.039748432080232446,-0.020676739173321735,0.46286774435215144,-0.36643554728524563
2025-09-28 15:00:00+00:00,-0.42706705568471964,-0.17915100208917029,-0.01203079855332703,-0.039860256567970764,-0.020904531224108416,0.46285980131778137,-0.36615507490878935
2025-09-28 16:00:00+00:00,-0.42597614520889454,-0.17904901380698396,-0.012407263326025129,-0.03993769550524403,-0.021127293022057573,0.4608698343240878,-0.3661114490662856
2025-09-28 17:00:00+00:00,-0.4249089207613618,-0.17894893978550658,-0.012770185167902171,-0.040015265300206326,-0.021313221019460583,0.4589338068266048,-0.3659841407966456
2025-09-28 18:00:00+00:00,-0.416398031261787,-0.18559884118122094,-0.010740753503201146,-0.04165309119046228,-0.03258606144737646,0.44966949395616634,-0.36051426338702325
2025-09-28 19:00:00+00:00,-0.416398031261787,-0.1959552217687314,-0.023482606454760937,-0.04861178012917967,-0.0563014971905678,0.44966949395616634,-0.35498388525200464
2025-09-28 20:00:00+00:00,-0.416398031261787,-0.2056380900193517,-0.04758808294446039,-0.068517598924103,-0.08687649957986512,0.4485484893074708,-0.3531326501878544
2025-09-28 21:00:00+00:00,-0.41433617879929735,-0.21718680079574157,-0.07027184969713421,-0.08782657821021203,-0.10299205870018169,0.4485484893074708,-0.34676747803943325
2025-09-28 22:00:00+00:00,-0.4068563522044839,-0.22395389767225798,-0.06781030090157615,-0.08986561656311666,-0.11533022435938911,0.442683988059781,-0.3446441702449242
2025-09-28 23:00:00+00:00,-0.40601112633018627,-0.22567548036058996,-0.06776103489379702,-0.09059255976301994,-0.11526269595346499,0.442683988059781,-0.34119022569232127
2025-09-29 00:00:00+00:00,-0.40601112633018627,-0.2306277794846212,-0.06776103489379702,-0.09226443900985752,-0.11616666145080333,0.442683988059781,-0.342308208253602
2025-09-29 01:00:00+00:00,-0.4058878651110905,-0.23265177860695613,-0.04327045081172827,-0.08882006042956364,-0.10532964352006174,0.43165594300063775,-0.35309817585047565
2025-09-29 02:00:00+00:00,-0.40586594402563453,-0.23522228194778552,-0.0311069019568748,-0.08562482720065838,-0.09490019519080597,0.42296725420421055,-0.3638149086106451
2025-09-29 03:00:00+00:00,-0.40594380218386206,-0.23838203882393283,-0.009135601665190857,-0.08267876080232571,-0.08486157557440578,0.41439616995499223,-0.3725357859967576
2025-09-29 04:00:00+00:00,-0.4061199847967553,-0.2421819917018231,0.011385037292408364,-0.07998260100326696,-0.0751980873462623,0.4059384038162875,-0.3814170955380567
2025-09-29 05:00:00+00:00,-0.40996558505640496,-0.2449896427970268,0.0306075018929503,-0.07753785454088487,-0.06589500235723428,0.3973376219865117,-0.3878402612550142
2025-09-29 06:00:00+00:00,-0.4102886060488155,-0.24378124847646537,0.048661664082992113,-0.0817402807132589,-0.06403647268014923,0.3908090837674614,-0.38694216945531934
2025-09-29 07:00:00+00:00,-0.40134720208818264,-0.24160401670241033,0.06565901803279295,-0.07852930673916247,-0.05530567483560565,0.3843674961288238,-0.38202623758945303
2025-09-29 08:00:00+00:00,-0.391724700207366,-0.23654753644916546,0.08118113209858951,-0.06799137776368476,-0.046902134670086214,0.37791221297987754,-0.37711692687400433
2025-09-29 09:00:00+00:00,-0.3823808935879137,-0.231822182906159,0.08926767617880023,-0.057827743880639396,-0.039981039411988654,0.3715658438784337,-0.37180423723347483
2025-09-29 10:00:00+00:00,-0.37330711525031307,-0.23056092084732557,0.09711599680220137,-0.04802267682788746,-0.032153647868161356,0.36532519436005423,-0.3725321998457628
2025-09-29 11:00:00+00:00,-0.3692116294566545,-0.22960522518460888,0.11089512195835702,-0.038561400303534374,-0.024621913313427692,0.360947382564296,-0.373203543347177
2025-09-29 12:00:00+00:00,-0.3605711650781751,-0.228960910578806,0.12447236602456188,-0.029430020519041998,-0.017375993461936787,0.3566519182651205,-0.37549996806955427
2025-09-29 13:00:00+00:00,-0.35675959248554506,-0.22863488808077542,0.13736367779434785,-0.020615462862954924,-0.010406633663965987,0.3541816179561852,-0.37609205742522583
2025-09-29 14:00:00+00:00,-0.35285609624269676,-0.2145130114109368,0.1444347415512676,-0.009102476038562396,0.009370547968273368,0.35132365761994494,-0.3845629864589439
2025-09-29 15:00:00+00:00,-0.3446869217614531,-0.21460736939248862,0.1502890256370405,-0.000803374280174255,0.016095712068794808,0.3492244848853501,-0.38342695820575595
2025-09-29 16:00:00+00:00,-0.3474942097941719,-0.24814079772879843,0.16503063773524554,0.0009312413368855969,0.028534399113821718,0.3180611005867695,-0.37563848395162214
2025-09-29 17:00:00+00:00,-0.33466596358619055,-0.24620929314628556,0.17570708132144194,0.014126905144683405,0.03791258890983133,0.30704020849886776,-0.37015753575490107
2025-09-29 18:00:00+00:00,-0.3212039698148964,-0.2502977146862909,0.18709139382232753,0.023497202340736947,0.05379408580710395,0.2866639099840932,-0.35848380557025666
2025-09-29 19:00:00+00:00,-0.29847278155915236,-0.23394520719212522,0.19797625377050806,0.03227233122379238,0.07810792158274325,0.2697769006106139,-0.3391897021539508
2025-09-29 20:00:00+00:00,-0.2687867320037664,-0.21845080044972293,0.20362061639474247,0.04938995200672849,0.10197514009859106,0.252934706059132,-0.3126020206728822
2025-09-29 21:00:00+00:00,-0.23375668106229813,-0.2037588813424184,0.21379357442049352,0.06846790200373981,0.11609765741934068,0.236125095396125,-0.2894319372483699
2025-09-29 22:00:00+00:00,-0.22208385581577836,-0.19948802272202576,0.2228272831740384,0.08172462437418267,0.12611230851953542,0.22574141675167997,-0.2878738219652981
2025-09-29 23:00:00+00:00,-0.21983705406235418,-0.20077914816088668,0.2271452614455435,0.08151633443913253,0.12708226956872246,0.217215864146947,-0.29657757935333573
2025-09-30 00:00:00+00:00,-0.17017815880213566,-0.17459076908100082,0.21105152812845945,0.07014031175122726,0.1506137436787334,0.09884129843077352,-0.3104136033205332
2025-09-30 01:00:00+00:00,-0.12179960868135169,-0.14753918636123628,0.20983181736441295,0.06518342828182681,0.17097456808198766,0.029347998420914564,-0.33048022771462177
2025-09-30 02:00:00+00:00,-0.09337283899720829,-0.13563002050606512,0.21510323208022913,0.06301078827903941,0.1895739272770786,-0.01671635541027354,-0.3428896179891749
2025-09-30 03:00:00+00:00,-0.07249071950144544,-0.12829853921478507,0.2573420150958252,0.061107658881047314,0.20580092907941994,-0.05380294752931252,-0.3556454843455366
2025-09-30 04:00:00+00:00,-0.054295871831252236,-0.11762943533880911,0.293016338939411,0.06599956919911941,0.22043149343348306,-0.07445264043096766,-0.3669576713184454
2025-09-30 05:00:00+00:00,-0.04347133079569978,-0.11915476254572864,0.2936440118430621,0.06420276834740622,0.2344310962312067,-0.0932240310447789,-0.3715012838311274
2025-09-30 06:00:00+00:00,-0.03400502967484625,-0.1211804386824461,0.32257546552551963,0.06236599633578172,0.24745169655412974,-0.10964142069314349,-0.3354755717146551
2025-09-30 07:00:00+00:00,-0.02627062422466203,-0.0971859980339372,0.3479669630650392,0.08356058254931148,0.25847019930380327,-0.11834991210724287,-0.30557538747859053
2025-09-30 08:00:00+00:00,-0.019076148257439692,-0.07308446446214244,0.34676388539925396,0.12412618775885705,0.2917839231604588,-0.12644698006532626,-0.26818853505895934
2025-09-30 09:00:00+00:00,-0.013126413436613433,-0.06514874124843541,0.34638899858249217,0.15915981447207675,0.3209935425462485,-0.1335823945811446,-0.24378182061710124
2025-09-30 10:00:00+00:00,-0.01984021334434928,-0.06724522881922453,0.347526712736466,0.17343266785868636,0.3286237880876419,-0.13533162237513846,-0.2309359004065952
2025-09-30 11:00:00+00:00,-0.0403011847652455,-0.05753661906068835,0.34805127974276423,0.1867432240809811,0.3352952383547087,-0.1368128641342418,-0.22535877180057648
2025-09-30 12:00:00+00:00,-0.05893362250197291,-0.049390426756330326,0.35055664761118344,0.1988651245818622,0.34182272868329083,-0.1335056873991709,-0.22081456264598692
2025-09-30 13:00:00+00:00,-0.08815655822301698,-0.04252332306629559,0.35207344640911326,0.20998688233286078,0.34815848779956726,-0.13083623986451956,-0.21704664824790762
2025-09-30 14:00:00+00:00,-0.09255138528768349,-0.03673152336661687,0.3539096825966431,0.22025136916512056,0.3542773960956353,-0.12405885294836268,-0.22008453897554814
2025-09-30 15:00:00+00:00,-0.09791528477112306,-0.036193839181408186,0.33524312923290167,0.2287307165240674,0.35892347516003914,-0.11502651366847116,-0.20975893740307808
2025-09-30 16:00:00+00:00,-0.10178411766997678,-0.0350419701998884,0.3379341604985156,0.2366078062711469,0.34692488020143697,-0.14260762649882006,-0.19427449254722412
2025-09-30 17:00:00+00:00,-0.09533849046672335,-0.039887529559517396,0.35755145186662773,0.25668365667678683,0.3495372078116243,-0.16925898293694883,-0.16828887072882498
2025-09-30 18:00:00+00:00,-0.0896069035503782,-0.02589186587704924,0.3755230383193089,0.2786595705582691,0.3667858181499157,-0.19546240293160136,-0.13162897836482024
2025-09-30 19:00:00+00:00,-0.05818881512663369,-0.00846061039229891,0.3920585504287141,0.32051713459039743,0.38340109505409337,-0.2149390102714915,-0.08528926269409924
2025-09-30 20:00:00+00:00,-0.016551537986426692,0.027049569741630777,0.4054053470439545,0.36543231228290646,0.39866027943673565,-0.22886353585945685,-0.03494542469565688
2025-09-30 21:00:00+00:00,0.024709832483431077,0.06871897404770726,0.4196209992969712,0.4043321930876367,0.3995169319401548,-0.24224440284963714,0.0010392349207958619
2025-09-30 22:00:00+00:00,0.04885872731000234,0.09502808388613887,0.4329553400148801,0.43190379128920925,0.40187396330004577,-0.2532496320967529,0.015181133103898651
2025-09-30 23:00:00+00:00,0.042832787819665354,0.09251380345790224,0.43233829161009274,0.43112049513024,0.40545367747306654,-0.2638258599744806,-0.006150131040697833
2025-10-01 00:00:00+00:00,0.017743435375084878,0.08042962340398095,0.43129275405360773,0.4316860593029421,0.40764865663713973,-0.27089582742253265,-0.0320818775173043
2025-10-01 01:00:00+00:00,0.0011711734895756439,0.07099506276441074,0.43203190923881696,0.43399318810845783,0.41027063229846816,-0.27732802716979277,-0.05034403776607788
2025-10-01 02:00:00+00:00,-0.016346192840976975,0.061310911884935974,0.43329559277821283,0.4362740514960683,0.41410104169604706,-0.2829190706954675,-0.06815674289436285
2025-10-01 03:00:00+00:00,-0.034973620053819265,0.04952178651653577,0.4335791993359125,0.4382955721435759,0.41642961262797457,-0.2863569441249178,-0.0837686651873144
2025-10-01 04:00:00+00:00,-0.05194704743729913,0.034630878465748575,0.4347142937555989,0.44288837942028264,0.4195945063357807,-0.2892935671742882,-0.10089765113808573
2025-10-01 05:00:00+00:00,-0.06940089899221831,0.023439348593652147,0.4348374779554645,0.44496683308800566,0.42160885398308257,-0.28973907958990924,-0.11092969688663917
2025-10-01 06:00:00+00:00,-0.08631823042267729,0.011911745906651715,0.4348663903934396,0.4451284043738483,0.4234737993103793,-0.29022525298474644,-0.09859556877901098
2025-10-01 07:00:00+00:00,-0.10273189224669975,0.009781639126931646,0.43554382608437753,0.4464931767391532,0.4266630797303273,-0.2878558485283927,-0.085620091455312
2025-10-01 08:00:00+00:00,-0.11805717511418778,0.01609686888001841,0.42442207364261325,0.45436603171996304,0.437399399762741,-0.28502804865350356,-0.06419519244222938
2025-10-01 09:00:00+00:00,-0.13274329985359665,0.02207358302177612,0.4136824899979754,0.4605983481146158,0.4475852980020969,-0.2792452958650267,-0.0475770127837331
2025-10-01 10:00:00+00:00,-0.14645576046468087,0.020636545457305963,0.41461191774095785,0.46126021548062973,0.4495104550150165,-0.27390031481091653,-0.04437502846101055
2025-10-01 11:00:00+00:00,-0.15961619230135435,0.019045571515269345,0.4154955586469149,0.46141947387717913,0.4513192948127329,-0.2687108641731867,-0.04518685665328416
2025-10-01 12:00:00+00:00,-0.17225846136861295,0.01730168379509182,0.4163325937631426,0.46205296025189485,0.4530142494002193,-0.2628972791099466,-0.04590035613352117
2025-10-01 13:00:00+00:00,-0.18696124387812532,0.015441102883200664,0.416844014903485,0.4623035392619204,0.45598152464415603,-0.2562776486087013,-0.04595798202586117
2025-10-01 14:00:00+00:00,-0.1945342073321174,0.012236249810879412,0.41701115230730884,0.4626032118578736,0.46394303102377243,-0.2455608394619117,-0.04510233378552322
2025-10-01 15:00:00+00:00,-0.20189542092727839,0.008872833365769476,0.4171502000426651,0.46292213639206725,0.4714560091507497,-0.23779431514642216,-0.04411573818213071
2025-10-01 16:00:00+00:00,-0.19138442445322354,0.005349153942164519,0.4172585190649215,0.4632559738521958,0.47854916155593624,-0.25501957801313746,-0.038511267495621004
2025-10-01 17:00:00+00:00,-0.17312333044689754,0.010238285510102502,0.416121278701329,0.46360087390664434,0.48524850119817997,-0.27148000095638813,-0.021453531594630086
2025-10-01 18:00:00+00:00,-0.1383913209281384,0.017025327847265504,0.40512567583205594,0.4702411009808392,0.4838459636978327,-0.2895805929404431,-0.0016890606114622277
2025-10-01 19:00:00+00:00,-0.10322034924833563,0.035451768011334386,0.4026375894081697,0.4811010639290498,0.48914629893412437,-0.3045962993786526,0.021353363439203264
2025-10-01 20:00:00+00:00,-0.06737448548893728,0.07010135759644373,0.3917839386167417,0.4943880903789716,0.49000032014650957,-0.31893695841661945,0.04917174304829099
2025-10-01 21:00:00+00:00,-0.03429605907337682,0.1054280410434079,0.3891326958757985,0.5078372220193756,0.4971454492742792,-0.33199302092200633,0.07484524024413568
2025-10-01 22:00:00+00:00,-0.016903448605364996,0.12315720218431536,0.3889806440309196,0.5191368043161216,0.4972693837692001,-0.3444953423440893,0.08449196332277399
2025-10-01 23:00:00+00:00,-0.01110654308295366,0.11815609505673845,0.3887871895278936,0.5221197978183083,0.4973980052889041,-0.3566635222255517,0.06623839741755978
2025-10-02 00:00:00+00:00,-0.020268440060991846,0.10486456331910515,0.3885503544095914,0.5205835575984044,0.49662328977554815,-0.36678548734659977,0.0447154670816759
2025-10-02 01:00:00+00:00,-0.028742963562039016,0.09050550328386321,0.3784082715969714,0.5200791335364413,0.49703189725229285,-0.3759221261391356,0.02209264766779475
2025-10-02 02:00:00+00:00,-0.03789587477285704,0.0796804301314253,0.3785249489607781,0.5203101114904433,0.4961584504416343,-0.3826770902941082,0.006129455574150597
2025-10-02 03:00:00+00:00,-0.047960710666693614,0.06791052456353389,0.3785849592413403,0.5203489527403523,0.49678159990172405,-0.38877567890170933,-0.011161260586731305
2025-10-02 04:00:00+00:00,-0.05748242378817431,0.052983076262121176,0.37887669904441335,0.5199878472310205,0.5006480224194407,-0.39417343833498714,-0.022615480261456638
2025-10-02 05:00:00+00:00,-0.06588984279406852,0.041395251839767666,0.3787845870364768,0.5134449811132084,0.502638827938105,-0.39779351950887804,-0.025540435652206473
2025-10-02 06:00:00+00:00,-0.07516576882940613,0.038328182191661696,0.3786350006898801,0.5152850520495493,0.5029299230384895,-0.4015325809236178,-0.010707933671224851
2025-10-02 07:00:00+00:00,-0.0809004313267361,0.04214189976360152,0.3784152711028551,0.5181398435603777,0.5070613512841525,-0.4030448448387876,0.0053049717470298715
2025-10-02 08:00:00+00:00,-0.07896319069389185,0.04633935187712636,0.37807860938307747,0.5239635691651475,0.5116741005726392,-0.4044326049722918,0.022534668120603583
2025-10-02 09:00:00+00:00,-0.07690452321106049,0.05041636973802081,0.37551891986238134,0.5295003056856701,0.5160861314315135,-0.4043219020403064,0.038156957648521686
2025-10-02 10:00:00+00:00,-0.08087456875800729,0.05224167858422747,0.3753194259071358,0.5322818544220067,0.515022046961958,-0.40330499754682925,0.043220713592081114
2025-10-02 11:00:00+00:00,-0.08098492803872227,0.04927905242106247,0.3750536188199564,0.5341934126966829,0.518311927289885,-0.4023021133854582,0.04475599734701661
2025-10-02 12:00:00+00:00,-0.08469239180221914,0.04625800728992375,0.36536077258494837,0.5359732028866872,0.5214235052522953,-0.40069845989851166,0.04746371713960282
2025-10-02 13:00:00+00:00,-0.08296477209282571,0.043064362171042654,0.36491334587323904,0.5378512381519824,0.5248919651095515,-0.39779786814266105,0.05284133081293782
2025-10-02 14:00:00+00:00,-0.08112254620991056,0.04484098792340146,0.3643995491013965,0.5403400380950438,0.5281715322470433,-0.39258492869571404,0.058176708960576
2025-10-02 15:00:00+00:00,-0.07775059376687661,0.045229055020955165,0.3631872376261095,0.5425501537096296,0.5294940093775043,-0.38683547232103643,0.06442751738701018
2025-10-02 16:00:00+00:00,-0.07494848250203233,0.046030439545662806,0.3621899955673586,0.5446815034873645,0.5314710012409167,-0.3809914669071396,0.0701688720884784
2025-10-02 17:00:00+00:00,-0.0720185111577287,0.0496231871098591,0.3585252113021503,0.5466987579882947,0.5349444291737888,-0.375665179996156,0.08056740677687968
2025-10-02 18:00:00+00:00,-0.06499443192633815,0.053102262071465324,0.35732461573219637,0.5486048626857534,0.5382497589453437,-0.3736767534221467,0.09630475885931562
2025-10-02 19:00:00+00:00,-0.04914652017036011,0.06857550859677151,0.35203361481198653,0.5503629802715011,0.5413559559090317,-0.37333480560451504,0.11501096146161147
2025-10-02 20:00:00+00:00,-0.02959677565875673,0.10080661832962381,0.3464883386208363,0.5546531634674664,0.5443065982155036,-0.3717904013804754,0.13366317334022804
2025-10-02 21:00:00+00:00,-0.010584690540506952,0.13293821906204956,0.34457999842265313,0.5564905385164258,0.5445496814472042,-0.37032464981791435,0.15417313904844523
2025-10-02 22:00:00+00:00,0.009805201020960937,0.1473718510229848,0.34293349787219785,0.5612214244026542,0.5454602852240541,-0.36760646276858155,0.16572792569672362
2025-10-02 23:00:00+00:00,0.023446079055908047,0.15991860689314685,0.3410936160425736,0.5654918624914997,0.5465738159833515,-0.3644300417898805,0.17224613985857976
2025-10-03 00:00:00+00:00,0.036449855351703385,0.1690762318529703,0.33604633351104,0.5696096278233597,0.5475142215512026,-0.36131383392090327,0.17590296542334927
2025-10-03 01:00:00+00:00,0.05339674733945799,0.1836936344078898,0.3338117046176447,0.5782969604321226,0.5498573123686485,-0.3556913167158478,0.18491923463666846
2025-10-03 02:00:00+00:00,0.06735860171677908,0.19572127391584265,0.32924950757050664,0.5865821599284186,0.5520317843046577,-0.3501873951249312,0.19333248225850436
2025-10-03 03:00:00+00:00,0.07996985239209467,0.20745915863919143,0.3264163128559116,0.5930715491735216,0.5530794374916581,-0.3414378425912011,0.19891625383080824
2025-10-03 04:00:00+00:00,0.09239891124283772,0.21939188446180208,0.32396892881126566,0.6006584568853867,0.5549256240763857,-0.3331659819171054,0.2053841321919893
2025-10-03 05:00:00+00:00,0.10358244139927422,0.22752660830944665,0.31753286537463266,0.6065066616126583,0.5556387036981447,-0.32310527667970074,0.21103006260494053
2025-10-03 06:00:00+00:00,0.11662445354206927,0.2369486277640288,0.31443190164552265,0.6114602692811114,0.5561840866918093,-0.31236092370545304,0.2217091047729709
2025-10-03 07:00:00+00:00,0.12904174917730968,0.24804575963613082,0.3112574205926165,0.6172531004778873,0.556563169365095,-0.301316914127551,0.23727062167590918
2025-10-03 08:00:00+00:00,0.1409979137059328,0.26127618072843295,0.30569485587700373,0.6228792727728766,0.5596402125598764,-0.29132049417619366,0.2517044587501154
2025-10-03 09:00:00+00:00,0.1523924613022139,0.2738032873944809,0.2998882306521734,0.6275971865879776,0.5607739849035094,-0.28096901380883244,0.2640373621635001
2025-10-03 10:00:00+00:00,0.16117123535096403,0.2834047323569839,0.29313302531784485,0.6325708365967221,0.5617702708474759,-0.2699973248781525,0.2743961882485671
2025-10-03 11:00:00+00:00,0.16755851938341346,0.29242480314524744,0.3109544354570462,0.637246320904388,0.562631802326641,-0.25852171246306244,0.2829280853171116
2025-10-03 12:00:00+00:00,0.17347614692635727,0.3008981554686292,0.3042886309756489,0.6416415626481342,0.5633610814651371,-0.24648291852084933,0.29107482530896805
2025-10-03 13:00:00+00:00,0.17894189405205474,0.3088562130897589,0.30034544827117154,0.6457728138376629,0.5639604033961044,-0.23381239638886794,0.2988557777965882
2025-10-03 14:00:00+00:00,0.18307505817744868,0.3158411707139221,0.29582052850118346,0.6494714782774842,0.5633230949620047,-0.2174631392110584,0.3062412608280668
2025-10-03 15:00:00+00:00,0.18504043790527958,0.3215149508818048,0.2902801192923656,0.652810529291151,0.5604686853895419,-0.1944493963054209,0.313321714930141
2025-10-03 16:00:00+00:00,0.1901296499318458,0.3271688723488527,0.2850667210573787,0.6559599377299284,0.5583845020678853,-0.18586587869400337,0.32200163631015094
2025-10-03 17:00:00+00:00,0.19788541501760826,0.3355418497435887,0.2802333351088811,0.6578516712651604,0.5571949771733538,-0.176277600686598,0.3320148992158151
2025-10-03 18:00:00+00:00,0.20527825470613031,0.3467226637302553,0.27529424416306864,0.6606834732658317,0.5558340634162973,-0.16968835487171727,0.34379239597696853
2025-10-03 19:00:00+00:00,0.21496602123594774,0.36691521061342847,0.2697318841366103,0.6632199481377041,0.5531460874730124,-0.16669612839979786,0.35608134632258753
2025-10-03 20:00:00+00:00,0.22730593056226306,0.3943268169438254,0.2640356953161287,0.6655742830507495,0.5502269287647951,-0.1617975166309388,0.374392623321381
2025-10-03 21:00:00+00:00,0.23918255316922407,0.42253525382557094,0.25819922267646983,0.6677534007520769,0.5470670896105435,-0.15498129142652775,0.39216165225896527
2025-10-03 22:00:00+00:00,0.25037379241631547,0.44311627477957505,0.2477211979362401,0.6698595857477835,0.5448956601215169,-0.14847624337925508,0.40417986595304106
2025-10-03 23:00:00+00:00,0.25016009536475536,0.4441167275543159,0.24246077658385984,0.6698153658395083,0.5418311282669994,-0.1413919658193225,0.40334001278775916
2025-10-04 00:00:00+00:00,0.2464041623698848,0.4423350297931656,0.23645768130616665,0.6695788076594177,0.5382860079169361,-0.13168355637566923,0.401417081125042
2025-10-04 01:00:00+00:00,0.24343180994059452,0.4410797722206487,0.22529469466603952,0.6680524165522677,0.5347798277028311,-0.11918356050586425,0.40005309046562093
2025-10-04 02:00:00+00:00,0.24839068716935847,0.4509051753588779,0.21770882742116002,0.6699364995209247,0.5317786496721434,-0.10131451287191959,0.4072362950599797
2025-10-04 03:00:00+00:00,0.25398063914136476,0.46066794835350233,0.20570454042049544,0.6730592653497499,0.5336989176944451,-0.0830773963681736,0.41468327828987833
2025-10-04 04:00:00+00:00,0.25899217497422766,0.4696810517641361,0.1984945124355688,0.6759588433699021,0.5322371610589305,-0.06260794058615458,0.4215479152684623
2025-10-04 05:00:00+00:00,0.24410955840203843,0.4601586238045775,0.1940274075870899,0.6736478770830041,0.524952322234508,-0.04310010508983815,0.4131023133410113
2025-10-04 06:00:00+00:00,0.23066206526418748,0.45395980741557873,0.1809522050307639,0.671259884519418,0.5190980935725522,-0.01978377840125791,0.41795212286464706
2025-10-04 07:00:00+00:00,0.2177033047482728,0.45193659210456133,0.17003421129532142,0.6686996963959817,0.5106332127572578,0.005535714811156338,0.42578608266221063
2025-10-04 08:00:00+00:00,0.2071799139638553,0.4511028809976034,0.16621751826366366,0.6693987335004482,0.5065033315307448,0.03405256969217364,0.43093035327556384
2025-10-04 09:00:00+00:00,0.19686649617457413,0.45021515813789387,0.15927357537162892,0.6700695157331015,0.5022008568745641,0.06657170946482587,0.43761879316735897
2025-10-04 10:00:00+00:00,0.18629134443994802,0.4457567922136193,0.15497515438834053,0.668207806584704,0.4977273581284886,0.1006219295347897,0.4391668333598882
2025-10-04 11:00:00+00:00,0.1730627119683971,0.441187517301666,0.14757361651823936,0.6662552747332432,0.4930872929886338,0.13574764861952432,0.4381491606826828
2025-10-04 12:00:00+00:00,0.1607154105329762,0.4361090283691842,0.14189646858078406,0.6639941664885747,0.49126868324379597,0.17600151865630298,0.4374355475332041
2025-10-04 13:00:00+00:00,0.14854127653318389,0.4310123154245962,0.13764989933652977,0.6621863185721726,0.4872905523804112,0.21806842924348374,0.4360928295655231
2025-10-04 14:00:00+00:00,0.14194135296429333,0.4283165144285125,0.12607552374330813,0.6602759813470012,0.49260351695974425,0.24877874711942144,0.43582560196568254
2025-10-04 15:00:00+00:00,0.13491828009092072,0.4255874413553807,0.11630610776912662,0.6580287543771957,0.4869639430108527,0.29152150869118487,0.434845469720782
2025-10-04 16:00:00+00:00,0.1311516014409696,0.4228303051640064,0.1099881507332484,0.655660834910194,0.4793514061303271,0.2807320566873717,0.4364026414705286
2025-10-04 17:00:00+00:00,0.13748044816877256,0.42004402333868507,0.10328478156729913,0.6565140172736763,0.49325383321499594,0.26361501123286524,0.4408412428248681
2025-10-04 18:00:00+00:00,0.14473519609050775,0.42093438416393764,0.0869921673256758,0.6573491557171396,0.5073888938759333,0.24981393923396583,0.44760370107691405
2025-10-04 19:00:00+00:00,0.16144750079364042,0.43387066672949026,0.07812397920740514,0.658166423506915,0.5009131519347203,0.23584568502230666,0.4579439356616813
2025-10-04 20:00:00+00:00,0.1795109484975544,0.45606928575256694,0.06762300141025375,0.6594892094714887,0.4964380785658943,0.22604133836251067,0.4691409649480662
2025-10-04 21:00:00+00:00,0.20162038975134342,0.4763580089617791,0.057656811836543725,0.6659604710759965,0.49205588168750763,0.21656221904338102,0.4795651409345121
2025-10-04 22:00:00+00:00,0.2122254490756461,0.48011061294681306,0.04831822620424448,0.6644322494733509,0.48779412851530546,0.2074231643610181,0.47959566174325846
2025-10-04 23:00:00+00:00,0.20835058842575993,0.47449044011258157,0.02351617309164232,0.6615711600205793,0.4757895375981755,0.19858387722777193,0.46942013007050765
2025-10-05 00:00:00+00:00,0.20065235002309076,0.4602225560582375,0.008724462435144072,0.654889624431955,0.4742537808029912,0.18847163686212184,0.45313265148025894
2025-10-05 01:00:00+00:00,0.19290023472984202,0.4456805412582843,-0.014167922865907701,0.6478883951827614,0.4642176726286286,0.18267413692339762,0.4366145623897965
2025-10-05 02:00:00+00:00,0.18809691790201535,0.43616615545814197,-0.04003703991002346,0.6421976623528243,0.4528445523385826,0.18359731656620543,0.4250807016569714
2025-10-05 03:00:00+00:00,0.18241358712155264,0.4256271823004834,-0.056413143647054194,0.6353752113386901,0.4475852147574836,0.18506913028867944,0.41355467551898534
2025-10-05 04:00:00+00:00,0.17692587477158606,0.4146069056146021,-0.08464509262866991,0.6290165941250594,0.44358520421867603,0.1861652039780401,0.40025131047712437
2025-10-05 05:00:00+00:00,0.17020916360322735,0.4058576935224885,-0.10225176969902942,0.6214008866128333,0.4392546280976172,0.1877998959394471,0.389779255396867
2025-10-05 06:00:00+00:00,0.16428724298232064,0.4033434373297099,-0.13764742672580227,0.6133624607256432,0.4347433674076097,0.1940788688222528,0.3929735578062065
2025-10-05 07:00:00+00:00,0.15829164137303686,0.4054294794539653,-0.15794731805076878,0.6059690882881023,0.4248063684674249,0.201290664683075,0.39858107455601244
2025-10-05 08:00:00+00:00,0.15779019839429628,0.4073822791889749,-0.19520267864372573,0.5994248649212479,0.4307042712315981,0.2079468197314321,0.40341648664319446
2025-10-05 09:00:00+00:00,0.1616130142612631,0.4053161336803937,-0.2184075818116225,0.5946616978610647,0.4387711315412176,0.21905611450901682,0.40922722662260874
2025-10-05 10:00:00+00:00,0.16035797678029665,0.40246906326514936,-0.239785672956639,0.5882608448147619,0.43475272636139056,0.23062575441866343,0.40712414799766095
2025-10-05 11:00:00+00:00,0.15981985171767393,0.3995805105400881,-0.24470427999364563,0.5816100755617012,0.4305530700587129,0.2433846843188782,0.4053642350692965
2025-10-05 12:00:00+00:00,0.15924545519561273,0.39264207689725905,-0.23532532370926126,0.5718721709159656,0.4227573309658721,0.25660559112049613,0.40592771998070293
2025-10-05 13:00:00+00:00,0.16345037840780346,0.38927808546162285,-0.2247849970066566,0.5655321072754088,0.41866504140910177,0.2756335174927263,0.4065654688987021
2025-10-05 14:00:00+00:00,0.16864911227822724,0.3858638049836904,-0.21411205498701696,0.5634418388065219,0.4127197032886172,0.2954976465941587,0.40723968865982013
2025-10-05 15:00:00+00:00,0.17447089417733427,0.38247843214706023,-0.2197170861727825,0.5561228559870003,0.40650484392451514,0.3190602852203857,0.4060638582190554
2025-10-05 16:00:00+00:00,0.17959294971110562,0.37904679462819607,-0.20847219237704062,0.5539453963029248,0.40017544775939834,0.3068118353194623,0.40800615585230343
2025-10-05 17:00:00+00:00,0.18661434858257012,0.37556779300458215,-0.197027053436623,0.5516726548019852,0.41188787695491685,0.2924473315194271,0.4161682422545292
2025-10-05 18:00:00+00:00,0.1937119291800837,0.37873748824980885,-0.18892781126431152,0.5495259681376298,0.4237223520796653,0.27356056175752314,0.4215841327719951
2025-10-05 19:00:00+00:00,0.2076195205904786,0.38999890734729464,-0.18281350053595516,0.539040557852996,0.417240999364821,0.25837552366234634,0.42729234995125803
2025-10-05 20:00:00+00:00,0.2216758145486121,0.40843111031197665,-0.15152349215630118,0.5403954978152266,0.4309758751945698,0.24856857811036948,0.43871078644637934
2025-10-05 21:00:00+00:00,0.23593404277354413,0.43566635990828123,-0.13105309892370787,0.532747312212203,0.4090204352613975,0.23889790157552365,0.4504538140083473
2025-10-05 22:00:00+00:00,0.24911060405424082,0.44699354066718294,-0.11249066436821395,0.5180528551146798,0.40184691101509123,0.22944757271678473,0.45021265459452997
2025-10-05 23:00:00+00:00,0.25678636910674896,0.4459018072455651,-0.11410349465581457,0.5094129859847998,0.41609461386587887,0.21832307851052685,0.43219241175641193
2025-10-06 00:00:00+00:00,0.25294878316498737,0.43564852330944576,-0.1399511167885586,0.5003098166645671,0.4105287279183887,0.2072917725844704,0.4144539564018066
2025-10-06 01:00:00+00:00,0.24672495866041882,0.4227727038278913,-0.1254755735685196,0.49149446675755276,0.4047548366341293,0.19830004828676062,0.39812104284523026
2025-10-06 02:00:00+00:00,0.2417777216121911,0.41550590162102635,-0.1371330912735673,0.47803514640313816,0.3967722817542825,0.19989467005079575,0.3856117357462239
2025-10-06 03:00:00+00:00,0.23725820033282816,0.40817259757833135,-0.1311473254207669,0.4638551879407291,0.38842461620255436,0.20132094241496126,0.3724934993679579
2025-10-06 04:00:00+00:00,0.23189049377562373,0.3994413343130566,-0.1242094957403514,0.4501105282874965,0.38032194786608925,0.20225209703732105,0.35513710162783296
2025-10-06 05:00:00+00:00,0.22065686142523508,0.3905987936549841,-0.11708068390432276,0.43553057334246537,0.3718121989042849,0.20340016031261623,0.3426059119021855
2025-10-06 06:00:00+00:00,0.21474931785131626,0.3884205721155152,-0.10958464227092869,0.4133810782012874,0.3401465502147558,0.2108333926955241,0.34133343318393167
2025-10-06 07:00:00+00:00,0.2211365533767704,0.38628876236806975,-0.10282746778801649,0.3939516155642169,0.3246892583295038,0.21826343290475644,0.3450126425969466
2025-10-06 08:00:00+00:00,0.22718774892957316,0.3908374098987306,-0.09614547093406639,0.378376322599201,0.308664143195362,0.22616062503130413,0.34891327722411214
2025-10-06 09:00:00+00:00,0.23440512734328312,0.39622630974717327,-0.10520928244670404,0.36529787518822615,0.29455125908000473,0.23464297298520295,0.3559363908591956
2025-10-06 10:00:00+00:00,0.24237504663815465,0.39407162010996477,-0.11654931080687492,0.3541379771987487,0.2826497995069126,0.24365275143518678,0.35307788124007183
2025-10-06 11:00:00+00:00,0.2435786806678859,0.3925464698230331,-0.11010782068966543,0.3423779901120657,0.26996386669638245,0.26079254789382195,0.3501871797241023
2025-10-06 12:00:00+00:00,0.2528085791999706,0.3909097333591284,-0.1037870220138438,0.3299478414045077,0.25640193472033446,0.2791560233276041,0.3431869340249463
2025-10-06 13:00:00+00:00,0.2552382160328094,0.3895161883935775,-0.09519925436675082,0.3188092651132929,0.24153896236021485,0.3082722573176588,0.34048425545810523
2025-10-06 14:00:00+00:00,0.25798658056501134,0.38842862234832065,-0.10719699418887813,0.3069198747624056,0.19954899736057463,0.3398625671408297,0.33781947807720836
2025-10-06 15:00:00+00:00,0.2695964153542194,0.3877289529800384,-0.11837674897781356,0.2941814764146271,0.18103151206019447,0.37437091325827976,0.3399223617141479
2025-10-06 16:00:00+00:00,0.28190189469330657,0.3974013441649484,-0.10955627539595732,0.28047374058367264,0.16094180728096233,0.36297101463912484,0.34737145731261915
2025-10-06 17:00:00+00:00,0.30417773155995426,0.408723852362469,-0.10130167440851323,0.2775825772015755,0.138984703240289,0.3478952071873527,0.3609335644884454
2025-10-06 18:00:00+00:00,0.32742570765944234,0.44593861163771115,-0.09167119725866807,0.27062052962842,0.14972039568573112,0.3291421533750121,0.3757426881361762
2025-10-06 19:00:00+00:00,0.36414805824944735,0.49843153602726054,-0.08320579666200663,0.26138980761955205,0.1615063707806975,0.3190739825010913,0.39897144844688576
2025-10-06 20:00:00+00:00,0.40741691102445354,0.5584368033349237,-0.1017111146624234,0.28305496269102876,0.17474049829599017,0.3109061529825827,0.4394211583340092
2025-10-06 21:00:00+00:00,0.4684497213545378,0.6285977580760573,-0.09624905722992516,0.32448339959198697,0.19142431708454105,0.30346324613631287,0.4786273290264702
2025-10-06 22:00:00+00:00,0.5164616975550197,0.6684560586686924,-0.09335808366953244,0.34136397293598075,0.21188246462836124,0.2971254343965389,0.5001033588906815
2025-10-06 23:00:00+00:00,0.5549694728003716,0.7079772445131305,-0.11657386119640921,0.3203056686383132,0.1422712536361645,0.30200803013347577,0.4831969602871348
2025-10-07 00:00:00+00:00,0.5538799485446315,0.6995278723970382,-0.11859843596535809,0.307157374280827,0.13200999468395325,0.2946976086783361,0.4664190695899757
2025-10-07 01:00:00+00:00,0.5543859825629169,0.6905492739670043,-0.12171105166969577,0.2966604124686321,0.12433362380873866,0.28926320398690936,0.45371247517414026
2025-10-07 02:00:00+00:00,0.5512180650031575,0.6905492739670043,-0.1360473903225051,0.28525022936417654,0.09881782071264389,0.2921046858243433,0.4502131705277021
2025-10-07 03:00:00+00:00,0.5472129497896023,0.6915406346100623,-0.1491655595149359,0.27756077912833577,0.07692478283742557,0.29539830140345535,0.45007602729746665
2025-10-07 04:00:00+00:00,0.5451136844111042,0.6915406346100623,-0.1573875922781819,0.2704113988204607,0.0595996590026079,0.2992106549475439,0.4485861048867577
2025-10-07 05:00:00+00:00,0.5430159089272639,0.6906509732033468,-0.17049691361531366,0.26317494382710654,0.04232461476100076,0.30124613361281566,0.44660854819999374
2025-10-07 06:00:00+00:00,0.5383310491179601,0.6879447509307227,-0.1748254071888111,0.24849428048749794,0.025083628982429773,0.30124613361281566,0.4403561195591544
2025-10-07 07:00:00+00:00,0.5270739991427226,0.6879447509307227,-0.17913419716254214,0.22674945217509873,0.007860832928852927,0.303548581442614,0.42783084009822214
2025-10-07 08:00:00+00:00,0.512020860073624,0.6872601628691755,-0.19253946300358196,0.21408599302504933,-0.0007192167799738171,0.3045522483073869,0.41625441049369966
2025-10-07 09:00:00+00:00,0.5052778803343031,0.6852736411387954,-0.19912358781080017,0.20602177210607403,-0.005303258301970932,0.3045522483073869,0.41023224653124796
2025-10-07 10:00:00+00:00,0.5004032632975035,0.6851978920010182,-0.20511859701026275,0.19700353162461173,-0.014486671563664698,0.30608860395299725,0.40635875216037515
2025-10-07 11:00:00+00:00,0.49822766681418296,0.686181214812246,-0.2091123330599619,0.19151701007447916,-0.01965248184735685,0.3056526610904254,0.40418214042842243
2025-10-07 12:00:00+00:00,0.4961818964695841,0.6871955630386187,-0.21302027659063189,0.18618805209129896,-0.024732921656493507,0.3059824346452728,0.4020863318591657
2025-10-07 13:00:00+00:00,0.4957153887871762,0.6882410791726803,-0.21684623169836445,0.18101162210369726,-0.029732684137971258,0.3063021695273266,0.400071056363399
2025-10-07 14:00:00+00:00,0.4963739951844318,0.6891424917637337,-0.21746872370326772,0.18144162119402626,-0.030640799798297914,0.30886541519483685,0.40113700281797354
2025-10-07 15:00:00+00:00,0.49704545060598226,0.6900603322998826,-0.21954953100201807,0.18188819676334705,-0.031574954929227905,0.31150485986843546,0.4013695767874533
2025-10-07 16:00:00+00:00,0.497730133183847,0.6909950547342908,-0.220205340899495,0.18235223275039847,-0.03392306402127709,0.3134011005837135,0.401396346598257
2025-10-07 17:00:00+00:00,0.4992610167549028,0.6943512747277852,-0.22043972329527708,0.18478833390774457,-0.030514303558683332,0.318061618779045,0.4019793939947013
2025-10-07 18:00:00+00:00,0.5008139402439226,0.6955375230813563,-0.22067722166011142,0.1872683963067682,-0.030214715520470427,0.3228397072450743,0.401548753618131
2025-10-07 19:00:00+00:00,0.5004500690055705,0.6967401399256327,-0.2209178986594318,0.18681658241466584,-0.0299111405442444,0.32593357312973675,0.4006755498070195
2025-10-07 20:00:00+00:00,0.4998057302664547,0.6964514652155673,-0.22116181865313458,0.18540581246806856,-0.029603498383645885,0.32758356673744865,0.3997914340052456
2025-10-07 21:00:00+00:00,0.4991513666874755,0.6969111538995426,-0.22140904775365858,0.18397080636016264,-0.026004646054311544,0.3292586335088188,0.39903400885066237
2025-10-07 22:00:00+00:00,0.49876403033938843,0.696618155483517,-0.22165965388639455,0.18348256702202678,-0.022295829339376058,0.33095935035203794,0.39959891184852114
2025-10-07 23:00:00+00:00,0.5020238676476353,0.7000853831512648,-0.22044336104461948,0.18810315957961668,-0.0184711318249714,0.33268631204221955,0.40696086814489224
2025-10-08 00:00:00+00:00,0.5102445726826522,0.7069622138074626,-0.21920693762476195,0.19285381225231293,-0.014524158902076744,0.33321227480793514,0.4163205095196392
2025-10-08 01:00:00+00:00,0.503370428731636,0.7037232417082544,-0.2269969090084335,0.18264152686185894,-0.029968435080724363,0.33394013473323525,0.4068973161631364
2025-10-08 02:00:00+00:00,0.4983845844285145,0.6841916354118905,-0.2050235693390428,0.17853417205764247,-0.031226265653259824,0.3210301730312549,0.3822093523659423
2025-10-08 03:00:00+00:00,0.48423673121830535,0.6834737037665636,-0.2253676807536455,0.16292532489433825,-0.053886579343785206,0.32878932909621933,0.3814977769234956
2025-10-08 04:00:00+00:00,0.47358613571528035,0.6830945527333622,-0.23744030945628955,0.15370115086598643,-0.07315676344251856,0.3332699050278188,0.3789932255580834
2025-10-08 05:00:00+00:00,0.47195072018432577,0.6791676409486657,-0.24944400011953635,0.1443694658674302,-0.09266152450267325,0.3404850125401662,0.37585649213695416
2025-10-08 06:00:00+00:00,0.47032744309428487,0.6756609692376548,-0.26138680058367525,0.13492350029656586,-0.112431014376502,0.3477268179999275,0.37270358198935416
2025-10-08 07:00:00+00:00,0.46701229813462575,0.6707231594818648,-0.2699682084408113,0.12393163737819964,-0.12924360816216288,0.3574750727205826,0.3673428137962393
2025-10-08 08:00:00+00:00,0.4676493201836658,0.6695209533303068,-0.2799153592786993,0.11830990340853927,-0.13389513183388024,0.36264556180117274,0.362091278458127
2025-10-08 09:00:00+00:00,0.4682370652131904,0.6696829972996666,-0.28976054918859206,0.11268588707671827,-0.13852024080013997,0.3703671579129333,0.3575045133913147
2025-10-08 10:00:00+00:00,0.46894880828434155,0.668104381401588,-0.2947305709597372,0.10564580997403546,-0.15007351298166932,0.3793007578634923,0.3524448647844806
2025-10-08 11:00:00+00:00,0.46971036976196134,0.6666004864739391,-0.3007766091837091,0.09853662157766825,-0.16187237513097938,0.3884294486800909,0.34827978536981424
2025-10-08 12:00:00+00:00,0.46914151178437336,0.6612958972228995,-0.30163261098420063,0.09336761021456229,-0.1707421632728527,0.3968773722404438,0.3452937288771754
2025-10-08 13:00:00+00:00,0.47242331588052655,0.6598060868174237,-0.3001210845131733,0.09276645798502908,-0.17406864381443835,0.4008739076642842,0.3449157377784335
2025-10-08 14:00:00+00:00,0.4739522578719175,0.6583339794934662,-0.3004719474992624,0.09218385087297395,-0.17168604153852207,0.4071428363192482,0.34396388270693157
2025-10-08 15:00:00+00:00,0.47718923568033395,0.653508530185109,-0.29381416733989085,0.09344316134770808,-0.1687651110716028,0.41011268982236737,0.3456233989778629
2025-10-08 16:00:00+00:00,0.47774867978716146,0.6487406745335924,-0.29092909849985044,0.09466740506444166,-0.15943481609150184,0.40640320504353183,0.34687641596640184
2025-10-08 17:00:00+00:00,0.4783607415547313,0.6460713824475866,-0.2881851851563109,0.096843863629934,-0.15074629716027424,0.3954161894427354,0.3477381031041711
2025-10-08 18:00:00+00:00,0.48037404717780674,0.6434372734305027,-0.2842110543058589,0.0999578264464069,-0.1452858172640781,0.38670344860216616,0.348578051995162
2025-10-08 19:00:00+00:00,0.4793045479288066,0.6428713504805877,-0.2785589215300282,0.1029448883666309,-0.13756855701708995,0.3782116639139252,0.3495764910743872
2025-10-08 20:00:00+00:00,0.4800597520057288,0.6464146092278801,-0.27513413257499797,0.10623390795790807,-0.13284796856328782,0.36993173463001405,0.3498969375442527
2025-10-08 21:00:00+00:00,0.4808161818795581,0.6500048271627645,-0.2700210425487909,0.10981928356713576,-0.12594663402629808,0.3618551029667868,0.35023111463806
2025-10-08 22:00:00+00:00,0.48045372546022214,0.6489804055413659,-0.262607094227056,0.1130334213851942,-0.11631353782967836,0.35733209651729336,0.35176308176275395
2025-10-08 23:00:00+00:00,0.48285005291099675,0.6464224811477115,-0.25826386052867345,0.1169053993872522,-0.11146846677704678,0.35291095286559476,0.35688001024804583
2025-10-09 00:00:00+00:00,0.48889733895839393,0.6430779829135693,-0.25396707800450063,0.11866335890968169,-0.10978078992271385,0.34435768814582374,0.36271199169916
2025-10-09 01:00:00+00:00,0.4891423394274568,0.6313803357244233,-0.25508778621932326,0.11203139883556211,-0.10819345494705082,0.33082706149514673,0.35805078943619334
2025-10-09 02:00:00+00:00,0.47794745811052664,0.6148478692600468,-0.26451742037172077,0.08811793413221486,-0.12573253028305978,0.3137911650253079,0.3369850193479546
2025-10-09 03:00:00+00:00,0.47238106446712247,0.6175310992158788,-0.279264136004871,0.09269312028885585,-0.1348956062214921,0.3240349012599375,0.33769933475825786
2025-10-09 04:00:00+00:00,0.4676015327723741,0.6175310992158788,-0.292138448314632,0.08966151505098836,-0.14448898943901636,0.33014019193603567,0.33633737083859483
2025-10-09 05:00:00+00:00,0.4585280505729584,0.6171867943227197,-0.3090178730691211,0.07738804050435434,-0.1565673780324255,0.33866628523170506,0.3318109035021603
2025-10-09 06:00:00+00:00,0.44394552095161766,0.6185065605629967,-0.3245803040197676,0.0740546430125124,-0.17857730644477054,0.34587505696984316,0.32595897666590856
2025-10-09 07:00:00+00:00,0.4253938459665873,0.6205780843169577,-0.34009603076928957,0.059752762845399876,-0.19524576244435682,0.3555715844900476,0.32014617975784326
2025-10-09 08:00:00+00:00,0.41069484922220756,0.6197599393588672,-0.35179657067156617,0.05069777490790993,-0.20898435343864422,0.3631625224827628,0.31128125515611965
2025-10-09 09:00:00+00:00,0.4009323386919488,0.6206131062868773,-0.35933768464804644,0.04459003450372406,-0.21662412803511824,0.3695667188008678,0.30776189148122185
2025-10-09 10:00:00+00:00,0.39670700953821775,0.6215835630497153,-0.3669578397909125,0.03874249275395115,-0.23059008856769048,0.3760018196015082,0.30326558735338704
2025-10-09 11:00:00+00:00,0.38994275611347756,0.6217046879426728,-0.3751091386071017,0.03284369792183547,-0.23810251706073204,0.3824706469017031,0.2994393527639755
2025-10-09 12:00:00+00:00,0.3846192154783578,0.6195503135964829,-0.3842673593793806,0.027998248355130987,-0.23987019852527955,0.38648211049337555,0.2967695844613409
2025-10-09 13:00:00+00:00,0.38266590093625336,0.6195503135964829,-0.38284763058165194,0.02723152660604805,-0.23932443422445662,0.3878092089240913,0.29635340189708853
2025-10-09 14:00:00+00:00,0.3808268170616709,0.619238113986413,-0.38166627860281005,0.025985299947483043,-0.23890546579957087,0.39078761082131264,0.2949691723430794
2025-10-09 15:00:00+00:00,0.37910090701504867,0.6189319673692346,-0.380708264087573,0.024729330526260068,-0.23860463368484555,0.39384845925084966,0.29361599564706103
2025-10-09 16:00:00+00:00,0.3809300004703849,0.6168306418341174,-0.35763241404377155,0.024448757195148493,-0.23290424471857507,0.3881382809723751,0.2944503597957651
2025-10-09 17:00:00+00:00,0.3827884364993005,0.6162288782451774,-0.34304817066048116,0.025189875400946197,-0.23278304095017607,0.3828065470061695,0.2951863073646686
2025-10-09 18:00:00+00:00,0.3836371312533255,0.6156322033612881,-0.3298136376596573,0.028685063684710195,-0.23273296363018503,0.37783476052144727,0.2961068384273228
2025-10-09 19:00:00+00:00,0.3839490527914658,0.6162337656807229,-0.31774902031666846,0.03270345760214212,-0.22755325949828867,0.375289602853246,0.29700209876600386
2025-10-09 20:00:00+00:00,0.38277977633447857,0.6199730554912632,-0.3067080543987376,0.03737184751975411,-0.2226610872061675,0.37298042606115345,0.29782661057366705
2025-10-09 21:00:00+00:00,0.37000872042770766,0.6193624479404807,-0.3113382324681076,0.02303761463461937,-0.2254185963650321,0.3787359796051405,0.2930729498972365
2025-10-09 22:00:00+00:00,0.37026252443471114,0.6224949627484171,-0.3051215331489989,0.025840616329019322,-0.22077339447786498,0.37677456517995195,0.2932532718278933
2025-10-09 23:00:00+00:00,0.3705762120662516,0.6212227503210798,-0.296105650563697,0.02682554105026895,-0.21861854937582742,0.3712805593755669,0.28766244649117995
2025-10-10 00:00:00+00:00,0.36980762047309623,0.617856046239422,-0.28740690856958084,0.02472891652153645,-0.21647287539580123,0.36395774003709097,0.2822074996148653
2025-10-10 01:00:00+00:00,0.3686726632512289,0.6058430908766806,-0.26522625067455485,0.021720907725879406,-0.20664162326610794,0.34250068103739295,0.27220550855134906
2025-10-10 02:00:00+00:00,0.36851229497776194,0.5972531515792517,-0.25142552498324805,0.022415055035218005,-0.20040362210635526,0.3261112566496647,0.26781349538519517
2025-10-10 03:00:00+00:00,0.36779010477079754,0.5955731820425091,-0.2518114119242775,0.037740764904140835,-0.19535688090441172,0.32634367803797965,0.27536465763252277
2025-10-10 04:00:00+00:00,0.3679161066462327,0.5930010774547358,-0.25048194425756276,0.04921157170914599,-0.1894384382622012,0.32136194505238674,0.2802028103553927
2025-10-10 05:00:00+00:00,0.36528870826915244,0.5902052219108758,-0.24679579068187155,0.060503019649652996,-0.1831879451430271,0.3145345495967096,0.2826349668848561
2025-10-10 06:00:00+00:00,0.35193828836542357,0.5871765426359589,-0.2445327062268593,0.0627784921131468,-0.17658992944061638,0.30719225704888503,0.27751079389237554
2025-10-10 07:00:00+00:00,0.33485953098925997,0.5801180901684189,-0.241784465500451,0.062087911080684,-0.17635299743092117,0.29930588347411935,0.2706810480641502
2025-10-10 08:00:00+00:00,0.32266361961842543,0.5728032821650548,-0.2385414316831801,0.061639984110669045,-0.17564324734385514,0.28921550310242483,0.26212763590591664
2025-10-10 09:00:00+00:00,0.3160245684307446,0.5663222041258167,-0.2296561625875792,0.0636058458857712,-0.16976491454691015,0.2774226302827023,0.258450544245121
2025-10-10 10:00:00+00:00,0.3120831565076548,0.5605025191401295,-0.22022891591222649,0.06884181582750915,-0.16089530894410148,0.2649269890818087,0.25589379676063667
2025-10-10 11:00:00+00:00,0.3083891790834174,0.5543682364527669,-0.24602301785529368,0.07278771720740876,-0.15414786719642537,0.25167504423057613,0.2542996787844283
2025-10-10 12:00:00+00:00,0.3083590106779119,0.5469062743112616,-0.23238188939895585,0.07755941589110561,-0.1434950031970592,0.23614695033597813,0.2537929129100318
2025-10-10 13:00:00+00:00,0.3076796281794943,0.5390717033550781,-0.21688389604733604,0.08255113217264348,-0.13080583624936523,0.22001008187562154,0.2533487260434418
2025-10-10 14:00:00+00:00,0.30737029908343255,0.5308375697300506,-0.20079776466324958,0.08784618862332012,-0.11759934771727902,0.20305804521093024,0.25290090387461317
2025-10-10 15:00:00+00:00,0.3074409487249315,0.5221741277823476,-0.18517781895208152,0.0934641887501616,-0.10383267249081224,0.18515098417478382,0.252423000039538
2025-10-10 16:00:00+00:00,0.3120821973404494,0.5112198641950347,-0.16484361608794498,0.10143823315104579,-0.09001763665349864,0.1604021877279775,0.2543179563669138
2025-10-10 17:00:00+00:00,0.31734584558772505,0.50178672019679,-0.14101067186907892,0.1113558989623518,-0.07559416751278883,0.13255525433466717,0.25698239339460827
2025-10-10 18:00:00+00:00,0.3230820145529223,0.49398145386558556,-0.11894064096358883,0.12537259901852435,-0.05470003802465831,0.10351116947577219,0.25928258634591983
2025-10-10 19:00:00+00:00,0.3240271440259814,0.4860175320788589,-0.09333196569292529,0.13976384957317814,-0.03887003600457062,0.07494685605461616,0.2624288314207899
2025-10-10 20:00:00+00:00,0.32535764891513036,0.4736968090675356,-0.06673863837911122,0.15531727650261606,-0.01644257802642054,0.04483124501823468,0.2561136114946587
2025-10-10 21:00:00+00:00,0.32708713484655755,0.4566782922855861,-0.04146848408595867,0.17058518042012272,0.001013953511750163,0.013012428064962,0.24969295871679023
2025-10-10 22:00:00+00:00,0.32923189021376786,0.4377328212270123,-0.01490509412826357,0.18550603931582788,0.019346292234230966,-0.020680672187993656,0.23955999886284768
2025-10-10 23:00:00+00:00,0.32923189021376786,0.43354182935180724,-0.005684992673542469,0.18761787098122248,0.02554212560216016,-0.034839357938953056,0.2308872376664716
2025-10-11 00:00:00+00:00,0.32923189021376786,0.4264189486190695,0.0013149931541658602,0.18526431330615795,0.02554212560216016,-0.049251971495436954,0.21923947347477854
2025-10-11 01:00:00+00:00,0.3299073558101056,0.41501166003965007,0.016691753483179958,0.17937212890605536,0.032270418265017115,-0.06766222274602575,0.20451535812781255
2025-10-11 02:00:00+00:00,0.3446767813772241,0.34914826323482184,0.08719701185041934,0.19662075020269434,0.06199088222401674,-0.1604949349438115,0.16981151983243417
2025-10-11 03:00:00+00:00,0.35443053542567393,0.2908589469036597,0.1548640389854295,0.24052255364605982,0.11386490573095569,-0.24872369788754284,0.15819497088676965
2025-10-11 04:00:00+00:00,0.3774230639981562,0.21253029534495133,0.24390436547891525,0.296981500317411,0.18391827050347845,-0.3787820415239504,0.14056052875988811
2025-10-11 05:00:00+00:00,0.36320579119237156,0.21253029534495133,0.22853658989944056,0.2946324709629616,0.1769346604918755,-0.3708142730267662,0.13274798932719123
2025-10-11 06:00:00+00:00,0.3462930363768307,0.21653935848340564,0.2103229958308855,0.2895282954260817,0.1675661728262863,-0.36282934735193356,0.1253418358525041
2025-10-11 07:00:00+00:00,0.32873793079217756,0.21851221735743767,0.1998004801574417,0.2790873776048996,0.15148496379346862,-0.35817299571389055,0.11694518308296871
2025-10-11 08:00:00+00:00,0.3203555232409915,0.2203259157438591,0.1946947423715231,0.27445815133579915,0.144013524925639,-0.3562013254925103,0.11473555402329175
2025-10-11 09:00:00+00:00,0.31431811942253046,0.22353999951646317,0.18924211994151313,0.26986893253357086,0.13661681984299287,-0.3553454220765674,0.11207163703501197
2025-10-11 10:00:00+00:00,0.3127766332595698,0.22587922610099972,0.18415929575589332,0.26697684594119414,0.13383099886804034,-0.3545168346446121,0.11039747590482402
2025-10-11 11:00:00+00:00,0.3100911588357444,0.2272747664955321,0.1786936393273358,0.26540442799145036,0.13102757207685256,-0.3537166052127671,0.10760285798425114
2025-10-11 12:00:00+00:00,0.30937515847754654,0.22746299396373965,0.1784027511366821,0.26385286918744294,0.13066735084777112,-0.35127702494803364,0.10624399742517583
2025-10-11 13:00:00+00:00,0.3166224315497183,0.22463784150299906,0.18412903467498634,0.2673622020102678,0.1368933419708963,-0.3578998608139261,0.10916263797445634
2025-10-11 14:00:00+00:00,0.3240560572891691,0.22345387119291843,0.18947796835910008,0.2709081250282096,0.14316247935641013,-0.3628809612035999,0.1114270518576264
2025-10-11 15:00:00+00:00,0.3316882285010613,0.2222725201794174,0.19724291720169804,0.2749552084995363,0.14731408277607408,-0.36798803616758086,0.11525817623215034
2025-10-11 16:00:00+00:00,0.339850554752687,0.21921984106591588,0.20911758695048346,0.28220362569474505,0.15991245333520782,-0.37357324780772083,0.12037847227112514
2025-10-11 17:00:00+00:00,0.3468182111324256,0.219954107542556,0.22081375442625537,0.29328448039461497,0.1723288929456538,-0.3774438331555632,0.12586216179950954
2025-10-11 18:00:00+00:00,0.35287384517045606,0.22394694951643682,0.23234602232996474,0.305389080828179,0.18457985760815288,-0.37968646871153916,0.13124003459174538
2025-10-11 19:00:00+00:00,0.35876725342147187,0.23228246754346288,0.2437286462767466,0.3155203296025771,0.20408918700833395,-0.3794279000014741,0.13712792281385897
2025-10-11 20:00:00+00:00,0.3645047545018442,0.24227078610670172,0.254975601281388,0.32529563248264287,0.2116001522086746,-0.37918279711452313,0.14635727697110024
2025-10-11 21:00:00+00:00,0.3700923213072772,0.2528872322550344,0.2661006466940297,0.3347395715541546,0.21891202519532774,-0.3789509020644123,0.15558928500848504
2025-10-11 22:00:00+00:00,0.37620045849537254,0.2589031341899085,0.2744952368166752,0.3427275457715611,0.22603260648343607,-0.3787319651730356,0.15952002968418924
2025-10-11 23:00:00+00:00,0.38156656914542625,0.25596413160030873,0.2857996573463889,0.34871515076608584,0.23296927257110864,-0.37852574475385925,0.15788010520509294
2025-10-12 00:00:00+00:00,0.39536134608523466,0.25596413160030873,0.3079885771387418,0.36204443257154667,0.24442614724000167,-0.37852574475385925,0.16553928068234716
2025-10-12 01:00:00+00:00,0.40159969948003477,0.24385791634491055,0.33125195182719874,0.36977650877030804,0.2686244453197647,-0.3771078567319221,0.16775833738554308
2025-10-12 02:00:00+00:00,0.37905353284353455,0.21958391735424423,0.3278136841165379,0.3534291382912789,0.2645629378010494,-0.37240915512212824,0.1295476657648515
2025-10-12 03:00:00+00:00,0.36487744118087306,0.2304883042969196,0.3021677278340417,0.34018285603249315,0.21706098674048907,-0.37240915512212824,0.11887636475550852
2025-10-12 04:00:00+00:00,0.35912450409452606,0.23364975233189783,0.28693512988443004,0.3328244507403169,0.19525351326852902,-0.3696284024883331,0.11111853391696061
2025-10-12 05:00:00+00:00,0.3521618069049315,0.23679453156754193,0.2661986056073488,0.32539958521088924,0.17332272975560206,-0.3696284024883331,0.09906531987347629
2025-10-12 06:00:00+00:00,0.34627888159886794,0.24436337948235448,0.2453926049389602,0.3145775693967133,0.15124060562217595,-0.37195067499975876,0.09138080535183482
2025-10-12 07:00:00+00:00,0.3268073024448414,0.24436337948235448,0.2244938607348406,0.30052099149208333,0.13906160582252505,-0.37195067499975876,0.0854736229920286
2025-10-12 08:00:00+00:00,0.3170458168625048,0.2512178499321826,0.20979667498699373,0.29317630701320907,0.1331558258136047,-0.368133904793725,0.0842087467657038
2025-10-12 09:00:00+00:00,0.3109475976104737,0.25328498350590395,0.20213176172827624,0.2882886084788155,0.1281116633860565,-0.36804248377254634,0.0810413818879429
2025-10-12 10:00:00+00:00,0.3047634689220634,0.25328498350590395,0.19698527758252324,0.28452319584866814,0.11997798034479995,-0.3679595141454227,0.07670421927626513
2025-10-12 11:00:00+00:00,0.3006609362354954,0.2548938437944432,0.1918047311018907,0.2807758576195945,0.11179120836353679,-0.3679595141454227,0.07301528685656446
2025-10-12 12:00:00+00:00,0.29941797469210335,0.25651870291570306,0.1896596460752676,0.27994985375640374,0.11232639364604606,-0.35870345801006165,0.07236468325356696
2025-10-12 13:00:00+00:00,0.30294476453336394,0.25651870291570306,0.19622718467967146,0.2822782659087543,0.11824799448686334,-0.35629610194923117,0.07442683703195342
2025-10-12 14:00:00+00:00,0.3050461289998163,0.25651870291570306,0.20298863332023162,0.2846298373490243,0.12032912123437028,-0.3539220323576174,0.07614187349123368
2025-10-12 15:00:00+00:00,0.3074686741558056,0.25651870291570306,0.2096366450957498,0.2865718709380939,0.12240789692116186,-0.3539220323576174,0.07738444534710492
2025-10-12 16:00:00+00:00,0.31651680318947717,0.2573099086224807,0.22152566331370196,0.2908002004085429,0.12930302467982124,-0.36001449750452236,0.08078695001421023
2025-10-12 17:00:00+00:00,0.32196544818960177,0.2548747763000876,0.2335161880919041,0.29496450143761155,0.13603702674510898,-0.36213479897479545,0.0841356342493947
2025-10-12 18:00:00+00:00,0.3268816901712643,0.2553995571988832,0.2517362871115899,0.3006084580110863,0.14919725086438937,-0.3642252878766817,0.08583733283263512
2025-10-12 19:00:00+00:00,0.3316927033922961,0.2568775816571379,0.2587384860135911,0.30550929224839524,0.161690271771845,-0.3662864616215241,0.08750204279784878
2025-10-12 20:00:00+00:00,0.33640157130259996,0.2647868947512272,0.26637505278561463,0.31113624140860596,0.173579159297979,-0.36831880487894714,0.08955142482228508
2025-10-12 21:00:00+00:00,0.3421090989730763,0.27462901059932737,0.2753304368856405,0.31629479704491387,0.17924521464781978,-0.36821095680845806,0.09308391212043124
2025-10-12 22:00:00+00:00,0.3465925507592153,0.2794918532323846,0.28405272579002483,0.3213759213634726,0.18479047677613492,-0.3681135948245745,0.09352247031032353
2025-10-12 23:00:00+00:00,0.35611402741402304,0.27361746081919874,0.3004851849535086,0.3213759213634726,0.20346833648455948,-0.3681135948245745,0.09529337619609035
2025-10-13 00:00:00+00:00,0.3616667634304679,0.26984898851422173,0.3235481584656293,0.3182766909558026,0.22256978114960696,-0.37187574247929883,0.10066645496541761
2025-10-13 01:00:00+00:00,0.37250143421125465,0.2650529682733949,0.33747673965630415,0.30759273289504196,0.24498344606334396,-0.37702394021117724,0.10132126813616615
2025-10-13 02:00:00+00:00,0.3571002199406441,0.24951103892885812,0.3310000687211935,0.291141149893653,0.23335452513575372,-0.377139012162113,0.07206621309610077
2025-10-13 03:00:00+00:00,0.3362929198579943,0.24951103892885812,0.3037549206345056,0.29565384575934484,0.21790784399092894,-0.3673603125410037,0.05971626090099528
2025-10-13 04:00:00+00:00,0.3170977282195517,0.25105097649236513,0.27548803265148036,0.2970621004670601,0.1913445018308683,-0.3581236683944364,0.05774264093194093
2025-10-13 05:00:00+00:00,0.30182019691817635,0.24715284984738334,0.2533348517268358,0.2970621004670601,0.1700604471470902,-0.3553499154935817,0.05192587519600506
2025-10-13 06:00:00+00:00,0.28794919679887293,0.24715284984738334,0.2308494772060935,0.2995669717886415,0.1580414493666178,-0.35019319431477286,0.056048957427461514
2025-10-13 07:00:00+00:00,0.2679866747332131,0.24715284984738334,0.20866776879951632,0.2995669717886415,0.14607090722010327,-0.34301358349856814,0.05820537392870431
2025-10-13 08:00:00+00:00,0.2570940177102844,0.2547961734207724,0.19929595162687055,0.2994816071209551,0.13861455026542688,-0.33576072609462715,0.06455452137048755
2025-10-13 09:00:00+00:00,0.24949929929525366,0.2592013816505769,0.18965271996659697,0.29781663383624013,0.13349318117629266,-0.33447259135323787,0.06455452137048755
2025-10-13 10:00:00+00:00,0.24348814183549414,0.2592013816505769,0.17911247704651947,0.29651452240682963,0.12521861990902233,-0.33417301621357054,0.06370388303617933
2025-10-13 11:00:00+00:00,0.23538164230440584,0.26115026880791276,0.1685989468931799,0.29651452240682963,0.12198699449998315,-0.33393931882849226,0.0628526284219264
2025-10-13 12:00:00+00:00,0.23245532707056948,0.26062077443061976,0.16509876863982367,0.29582145759974615,0.1155187588701763,-0.330476116953374,0.0613959052719108
2025-10-13 13:00:00+00:00,0.23490156625241923,0.2600569867461215,0.16993346703279738,0.2964509235824165,0.11736810976053286,-0.3348771344112937,0.06175472283120569
2025-10-13 14:00:00+00:00,0.23699565073593504,0.2594961707634943,0.1748976154338325,0.2970831869899615,0.11736810976053286,-0.33941341788366836,0.06211410058469431
2025-10-13 15:00:00+00:00,0.24359581778599898,0.25765664400908866,0.18111563331424738,0.2973700764498547,0.12274373768760144,-0.34119244707013757,0.06098145486881041
2025-10-13 16:00:00+00:00,0.24863882116825287,0.25586702890617635,0.19019544124200843,0.2976414699486669,0.1280127768806208,-0.346000978208452,0.06111559218869582
2025-10-13 17:00:00+00:00,0.2530873241469387,0.2541268017830265,0.19910902851510479,0.29729790100552267,0.1397460255997897,-0.3505169199595154,0.06250978766720401
2025-10-13 18:00:00+00:00,0.2572991156667813,0.25248178063838606,0.20838968349057246,0.2990308028343515,0.14467734460920634,-0.35219173744153665,0.06371389127434683
2025-10-13 19:00:00+00:00,0.26287397994118344,0.25443755359002346,0.2173290402400184,0.3013381384958967,0.15567394219039696,-0.35386766300056727,0.06639075897016106
2025-10-13 20:00:00+00:00,0.2684396440080894,0.2600042109680205,0.22758537391001996,0.3054851982356498,0.16620991717188288,-0.3556745210429107,0.06908128707978589
2025-10-13 21:00:00+00:00,0.27375403768445783,0.26625990650435083,0.2359116138498037,0.31101169313016536,0.17485506107552626,-0.35745427339306,0.07023710212675127
2025-10-13 22:00:00+00:00,0.2777233927047564,0.2677860926588678,0.2437805662018654,0.3145918472814855,0.183707352313446,-0.3592073154642131,0.06773030991404971
2025-10-13 23:00:00+00:00,0.28201578755903667,0.26092627733629503,0.2555564383985274,0.3092878263325127,0.183707352313446,-0.36135574120623776,0.06773030991404971
2025-10-14 00:00:00+00:00,0.29000122765447456,0.25282514379711984,0.26748951737363247,0.3092878263325127,0.183707352313446,-0.36514788844320106,0.06944242701648015
2025-10-14 01:00:00+00:00,0.29652800573272586,0.2415601908345608,0.2865520923015271,0.3023747694294621,0.19440031926494034,-0.3740014556632495,0.06412060049699485
2025-10-14 02:00:00+00:00,0.2783430284777934,0.22095053005237603,0.2714129342217185,0.27697916866399036,0.19145755860924019,-0.3756991593725531,0.02766861588542206
2025-10-14 03:00:00+00:00,0.2641297559904087,0.22095053005237603,0.24736203321242412,0.27697916866399036,0.19145755860924019,-0.3641474257570096,0.02429426645359288
2025-10-14 04:00:00+00:00,0.25505979265438605,0.22905034267762908,0.22805523128904986,0.2803895602335566,0.17477335030791008,-0.35199190979082456,0.032031396331054354
2025-10-14 05:00:00+00:00,0.24302044775532863,0.23358623371303291,0.20655038834477682,0.2803895602335566,0.17477335030791008,-0.3455492506583965,0.032031396331054354
2025-10-14 06:00:00+00:00,0.23342930349810703,0.24321880666451193,0.18104145419557713,0.2860745738600839,0.16244603782973846,-0.33655014577759584,0.04494833156715007
2025-10-14 07:00:00+00:00,0.22202318678843322,0.25286051242245816,0.16134595562893306,0.29315010182318046,0.15010771615974303,-0.33097637267377267,0.051681692132641545
2025-10-14 08:00:00+00:00,0.21419260078753985,0.2579973609125645,0.14406296348490583,0.29315010182318046,0.13775452695722704,-0.3253633544275487,0.05845851072158693
2025-10-14 09:00:00+00:00,0.20879335814571912,0.26359061013671187,0.1361756901111125,0.29315010182318046,0.13230880186356248,-0.32377147677656704,0.062491980978002196
2025-10-14 10:00:00+00:00,0.2060113027872667,0.267939540565661,0.12960731290655733,0.2946091301264168,0.12686125889553723,-0.3222102414873936,0.06627325960633823
2025-10-14 11:00:00+00:00,0.20322614694861071,0.2723044545896165,0.1199357332487167,0.29606960374121183,0.12141021161198204,-0.32068189244045997,0.07088903675306038
2025-10-14 12:00:00+00:00,0.20114549003838866,0.2742701862844138,0.11553608830123563,0.2956203670455273,0.11878715615411772,-0.31614164567953507,0.07036219347085743
2025-10-14 13:00:00+00:00,0.19899656388836723,0.2763315912072875,0.11072550094792186,0.29523764692124516,0.11607499326622828,-0.3114927222467435,0.07026091965320072
2025-10-14 14:00:00+00:00,0.1991146661671381,0.275542774057273,0.11111576293644232,0.29489831737691935,0.11639159665761152,-0.3081339130387017,0.06996658955123283
2025-10-14 15:00:00+00:00,0.20120325233275999,0.26754385134442893,0.11626112841576891,0.29263731751953304,0.11911370621032837,-0.2978926545803234,0.06802846092858092
2025-10-14 16:00:00+00:00,0.20325397052230146,0.26374645671617225,0.12127971119006174,0.2904159021940224,0.12178458434422787,-0.3013007701319452,0.0661240261634368
2025-10-14 17:00:00+00:00,0.2070551513643211,0.26001973398062195,0.12885268528705374,0.28823302282061264,0.11622742819212899,-0.30463326606565344,0.06425239980048833
2025-10-14 18:00:00+00:00,0.21077294531376162,0.25967007075202536,0.13615671723405917,0.2901803603544732,0.11886441060589222,-0.3061714305133637,0.06514900471048006
2025-10-14 19:00:00+00:00,0.2158725886777339,0.2619910371194807,0.14070219670637454,0.2935926577886948,0.12145295634398702,-0.3055173637585966,0.06734023693765875
2025-10-14 20:00:00+00:00,0.22083419060069842,0.2642690474521202,0.14759150231802323,0.29805131170799487,0.12399439199146906,-0.3048748195838755,0.0694933869354644
2025-10-14 21:00:00+00:00,0.22566351755145175,0.266505285500621,0.15187602532002714,0.3023902296926055,0.1323036725626593,-0.30424349219231345,0.0703253648098102
2025-10-14 22:00:00+00:00,0.23036600719678665,0.2661130448629892,0.15838701355947749,0.3055410641992126,0.1346624298661459,-0.3036230866325477,0.06572062765519097
2025-10-14 23:00:00+00:00,0.23360672094535323,0.26253220497832597,0.15968712255769252,0.3033195221070384,0.12929884820970766,-0.30301331831581707,0.05546331592324445
2025-10-15 00:00:00+00:00,0.23113486547885218,0.2552589909098845,0.15777078544931622,0.29590433152374046,0.12405101826648655,-0.3024139125608541,0.04701857979701172
2025-10-15 01:00:00+00:00,0.22990180040870417,0.24205245961370775,0.1537744261154838,0.28244233233978466,0.12825994251404987,-0.3004011780548829,0.029282058895077078
2025-10-15 02:00:00+00:00,0.2497355427168565,0.23406764020371004,0.18377721580288314,0.2814169625632339,0.15344114922771934,-0.31013177022857097,0.03907863276482546
2025-10-15 03:00:00+00:00,0.2394269417960228,0.24812212384934856,0.15826804584922338,0.29085461970218707,0.16997980258995604,-0.31013177022857097,0.04229195814382408
2025-10-15 04:00:00+00:00,0.2311920518521938,0.2600113549028373,0.1405099169514157,0.29640652236239984,0.1542658841515793,-0.3068856539623815,0.05407441756075001
2025-10-15 05:00:00+00:00,0.2146872291797808,0.2536837090610483,0.11902250838353276,0.2990740909892236,0.1542658841515793,-0.3068856539623815,0.05808510340578842
2025-10-15 06:00:00+00:00,0.19758325828027537,0.24308892001396004,0.09727808295502012,0.2990740909892236,0.14211898465526573,-0.3068856539623815,0.06227798255328751
2025-10-15 07:00:00+00:00,0.18325271246896885,0.2374370902487896,0.07667271251927578,0.2958304933420274,0.14577005254229683,-0.30990374245028224,0.06309315091232402
2025-10-15 08:00:00+00:00,0.16440445463757314,0.2328055545282662,0.0645184751247917,0.2890416189411719,0.1374041821726734,-0.31228297661193233,0.06496398553881173
2025-10-15 09:00:00+00:00,0.15379156184758563,0.2307257332377873,0.0544997103403249,0.285731629175691,0.1374041821726734,-0.31228297661193233,0.06805139556235396
2025-10-15 10:00:00+00:00,0.14520498701684909,0.22922156758994866,0.044912077335161345,0.2842390524538118,0.1374041821726734,-0.31290807368879653,0.07290463925557418
2025-10-15 11:00:00+00:00,0.1362779581689874,0.2277128008295527,0.03445590698311291,0.282747588005624,0.13193600874104291,-0.31353580075517806,0.0767154344701387
2025-10-15 12:00:00+00:00,0.13983040218611156,0.22889982712491927,0.035791407318764026,0.2830373171841556,0.13303606840846424,-0.3116408055137735,0.07597228180621902
2025-10-15 13:00:00+00:00,0.1409810716887392,0.22889982712491927,0.03712917050958596,0.2833291074716733,0.13415441670698494,-0.3097768578654812,0.07523562617071955
2025-10-15 14:00:00+00:00,0.14216693016885742,0.22889982712491927,0.03898529164884251,0.28362296810113696,0.13415441670698494,-0.30569790944834435,0.07466849367313724
2025-10-15 15:00:00+00:00,0.15050644059488047,0.22889982712491927,0.04952114701477364,0.2857005600447866,0.14190657290373568,-0.2944943683140638,0.0685130465307278
2025-10-15 16:00:00+00:00,0.1611897973391488,0.22889982712491927,0.06412411634666666,0.2877813188497573,0.14190657290373568,-0.2944943683140638,0.06363577288399407
2025-10-15 17:00:00+00:00,0.17071427348459428,0.22889982712491927,0.08216733345790009,0.2877813188497573,0.14190657290373568,-0.2896551944992279,0.05884587155909021
2025-10-15 18:00:00+00:00,0.17734827703981626,0.23161974670539293,0.09312046335408483,0.2845768851626019,0.14190657290373568,-0.2860052677745291,0.0552683184560048
2025-10-15 19:00:00+00:00,0.17922719141229823,0.23161974670539293,0.10712734254045904,0.2813644169150111,0.14190657290373568,-0.2823458749771042,0.051666734661774516
2025-10-15 20:00:00+00:00,0.18328027295377686,0.2300828526307744,0.12112812170892819,0.2779583191485014,0.14190657290373568,-0.2786765673131802,0.044573082247573864
2025-10-15 21:00:00+00:00,0.18730314731372014,0.2300828526307744,0.1323307542352295,0.2745294238690545,0.13415441670698494,-0.274996885119161,0.03732072650049055
2025-10-15 22:00:00+00:00,0.19378423040799353,0.22734872103345125,0.14366542731114426,0.2719072453973712,0.1264547788053603,-0.2713063573541416,0.03341620870762922
2025-10-15 23:00:00+00:00,0.2059054603378651,0.22734872103345125,0.16016567234856982,0.27402926383699044,0.1264547788053603,-0.26965421487011265,0.03205478817846109
2025-10-16 00:00:00+00:00,0.22292230266493432,0.24647450405142346,0.1721245761138597,0.2942699258754465,0.15262434817060172,-0.2611746030730724,0.059455760428657876
2025-10-16 01:00:00+00:00,0.2565971474281018,0.26827868446933917,0.20047147068161214,0.32195751261573174,0.17953252008172296,-0.2527086418663071,0.08731948970683415
2025-10-16 02:00:00+00:00,0.2884761896814433,0.2902369849356397,0.23866430166625607,0.3536949848714669,0.19718084093767402,-0.24403502584709763,0.11233975540138422
2025-10-16 03:00:00+00:00,0.2678214956999105,0.2867511463198615,0.20792729965326706,0.34113282738199935,0.17878290687061738,-0.26210593170098195,0.10661495321971122
2025-10-16 04:00:00+00:00,0.25520577580243486,0.28242291452728624,0.1930106463160686,0.33514614764937867,0.17497128804055753,-0.2735511544828743,0.10053106095531575
2025-10-16 05:00:00+00:00,0.24193051641423025,0.27807066020046745,0.1772806552120586,0.32840799800243414,0.17113618672089964,-0.28068383609352826,0.10014663315659186
2025-10-16 06:00:00+00:00,0.23705631793176657,0.2744983895484727,0.1620351283141124,0.3236863903304864,0.1672770291959206,-0.2879479005836331,0.10940631474273925
2025-10-16 07:00:00+00:00,0.23155728329154868,0.2756059765211436,0.14981205111554946,0.3280202210636967,0.17546226213643423,-0.29654100982590376,0.1169726299396887
2025-10-16 08:00:00+00:00,0.2229076833480915,0.2822323314232068,0.1335722373333324,0.33133081570887934,0.18377834232346638,-0.30529271887676607,0.1260265617432935
2025-10-16 09:00:00+00:00,0.22178585489956923,0.2825732509723123,0.12639656942768546,0.33215903541037484,0.18631823260818525,-0.30555868621572224,0.1299938374840619
2025-10-16 10:00:00+00:00,0.2179104399706852,0.2801347493593643,0.11916325750889156,0.3314330917631443,0.18205212619965447,-0.3073039642068413,0.13244458985323707
2025-10-16 11:00:00+00:00,0.2150467156134935,0.27769634244544306,0.11327035021299357,0.3303141328511324,0.1832342817989266,-0.30785041345922504,0.1338289661342605
2025-10-16 12:00:00+00:00,0.21553213089706544,0.27769634244544306,0.11620023537916613,0.3303141328511324,0.1818903206740942,-0.3053605654010739,0.13334530109888754
2025-10-16 13:00:00+00:00,0.218773658146279,0.2737334332277344,0.124510798370242,0.3290053373151893,0.18396860613108607,-0.2931081139190135,0.13088170682434208
2025-10-16 14:00:00+00:00,0.22400157768161316,0.2698372605410505,0.13261168343423257,0.3292124784634781,0.18604301200095086,-0.281605446259636,0.1284866723551265
2025-10-16 15:00:00+00:00,0.2270884492864732,0.26600681658684544,0.13684149090183045,0.32940572736043705,0.18016709229423322,-0.27046565671211964,0.12617225241205698
2025-10-16 16:00:00+00:00,0.2183813379656771,0.2629345005595158,0.11976842612556858,0.3266591129108497,0.1686630197396685,-0.25381499179072736,0.12188567245991697
2025-10-16 17:00:00+00:00,0.20230519663192897,0.25721892202166025,0.09432176209194439,0.32183898186178117,0.18387129680229544,-0.23089518977745416,0.11420344226355443
2025-10-16 18:00:00+00:00,0.18710296400139304,0.243662141020179,0.06992958185404839,0.30693083019123785,0.18086114467326597,-0.21442765343126724,0.10204275712582023
2025-10-16 19:00:00+00:00,0.17901889943569949,0.2266343585932538,0.06120332325520458,0.29546380549586265,0.17339893241741117,-0.20361916258036092,0.09236171231639084
2025-10-16 20:00:00+00:00,0.16543533622661633,0.20782338561257074,0.05252858938719369,0.2790522426336554,0.16599937694648312,-0.19276882954446262,0.08378561698907042
2025-10-16 21:00:00+00:00,0.15729590844046282,0.19892371608081882,0.04214220295643485,0.2780025185921717,0.15846166393593075,-0.1951460417511293,0.08671284171271564
2025-10-16 22:00:00+00:00,0.14701356243920538,0.18465333107408885,0.031464621882092474,0.26406130059727645,0.15127151477994216,-0.1879510895251761,0.08614551893424628
2025-10-16 23:00:00+00:00,0.14370213241972596,0.17380088304584423,0.02128427767509895,0.25679734978918584,0.15272723695692625,-0.18062159595423327,0.09498131714913889
2025-10-17 00:00:00+00:00,0.16192390134111123,0.18500591978869046,0.018311677320732023,0.2759986590962606,0.16521302979834265,-0.17132403988704073,0.11659367541826639
2025-10-17 01:00:00+00:00,0.19000190952801518,0.1938727044152722,0.019529233333714535,0.29981578395102393,0.17913227647180321,-0.1568686696864753,0.13662393642781911
2025-10-17 02:00:00+00:00,0.20855128729289027,0.19931994573784156,0.027445775490491802,0.3152257372975326,0.20028936457495736,-0.148358204334084,0.1472453459914806
2025-10-17 03:00:00+00:00,0.18805795050195698,0.1960298008434237,0.01159443207015964,0.30318979967879855,0.19327456512837346,-0.17054025970435,0.13954059758845655
2025-10-17 04:00:00+00:00,0.17594715953255663,0.19409894605810576,0.007416484839254071,0.29662599439118503,0.1894612359427752,-0.18038083696254265,0.13553995809851305
2025-10-17 05:00:00+00:00,0.1636902614633928,0.1896734691532807,-0.001150317551186201,0.286036113935673,0.18125574252323925,-0.1868110811390053,0.12971123667461723
2025-10-17 06:00:00+00:00,0.16323492908877468,0.18522795557058136,-0.00302979337516846,0.28404118576781096,0.17299871765551664,-0.19344112912376277,0.1361942540328715
2025-10-17 07:00:00+00:00,0.16924890502206863,0.18884703587182,-0.005019165851844424,0.2855176348953158,0.17612899423761286,-0.2002768675079802,0.14530572710167625
2025-10-17 08:00:00+00:00,0.17032730255466297,0.1949977582292264,-0.006064999466150685,0.28771115701014727,0.18162267356128084,-0.20226891792319807,0.15700390769279374
2025-10-17 09:00:00+00:00,0.17037138761011356,0.1976514219061616,-0.010772244694859993,0.2884032761675631,0.18412447844264396,-0.20235362828759568,0.16126000423833162
2025-10-17 10:00:00+00:00,0.16050561887947856,0.19415743173456368,-0.017203249528557733,0.2837765996421222,0.17490014498301404,-0.1990335278908678,0.16358859793650143
2025-10-17 11:00:00+00:00,0.1508216942170084,0.19076161695231317,-0.02378387986684554,0.28020678892933853,0.1706294784200706,-0.19585585380063752,0.16181739767896347
2025-10-17 12:00:00+00:00,0.14775664327322446,0.18312996974813245,-0.0196670391787636,0.27803045683826344,0.1658576790661343,-0.1880898096079988,0.15941567577103063
2025-10-17 13:00:00+00:00,0.14054293559964048,0.1697519574480752,-0.004971149481013722,0.2729415722508833,0.1694619296541687,-0.1695417237118056,0.15497358035197686
2025-10-17 14:00:00+00:00,0.13953140085824248,0.15682234138708878,0.009145224880585308,0.267459077478379,0.17303645103992707,-0.1523367427938347,0.15064658386158658
2025-10-17 15:00:00+00:00,0.138548789234866,0.15052322648623492,0.014982430559731159,0.2572591840811752,0.16166804203927881,-0.13045064267397669,0.1465390363903486
2025-10-17 16:00:00+00:00,0.1374462060853406,0.15507518273484097,0.004711525194995873,0.2585217278762378,0.1591146239137585,-0.10741833816782147,0.14377827838167065
2025-10-17 17:00:00+00:00,0.12600583614105024,0.15656185633076591,-0.009566895988100817,0.2522079809221918,0.17478791817232942,-0.08274460447971194,0.13330055435009944
2025-10-17 18:00:00+00:00,0.10729841308822827,0.14611929543808144,-0.018379713175283145,0.23581395812937192,0.16424116636878214,-0.06396078469285034,0.12061459712631585
2025-10-17 19:00:00+00:00,0.09474270782099382,0.1297401230387935,-0.025719744473011296,0.2145615110410662,0.16572464846943316,-0.054723160431409644,0.10971617428553845
2025-10-17 20:00:00+00:00,0.08243014661441161,0.1173665596294423,-0.03268906640689768,0.19195498029500987,0.16942814009490645,-0.04528548588065581,0.09863984391607039
2025-10-17 21:00:00+00:00,0.07035105710678002,0.0970195388008161,-0.028249797085428262,0.17010597689278492,0.18175000386049922,-0.035638872036447736,0.08737611415792479
2025-10-17 22:00:00+00:00,0.05849616083705824,0.08342569072574119,-0.02980485338419108,0.15389373716846366,0.19405983450700903,-0.025774066597053044,0.08360682970593211
2025-10-17 23:00:00+00:00,0.06989944931898448,0.08599249495558212,-0.006838652652513936,0.15461083779893947,0.20636278788876958,-0.015681425146238034,0.09728874742340954
2025-10-18 00:00:00+00:00,0.08887750569798569,0.10043355472104494,0.016041947242327822,0.16512302094886214,0.2317365828135709,-0.005350880461500066,0.11435162925786604
2025-10-18 01:00:00+00:00,0.10584584396313235,0.10977167017658228,0.03303030293115633,0.18142513012798214,0.2462979109242598,0.009484299655886196,0.12935692419646594
2025-10-18 02:00:00+00:00,0.1288726379771797,0.12186015852365147,0.055204430021430724,0.2056461524769146,0.2928330769896667,0.0297984768710445,0.14988052730930682
2025-10-18 03:00:00+00:00,0.12050173905544038,0.12108885260874534,0.026736013868415075,0.19430775761569907,0.28617713679183876,0.012625222783231622,0.14181706228679353
2025-10-18 04:00:00+00:00,0.11661696983406376,0.12174309758251887,0.014658142944126798,0.18838000943245756,0.2824290276429375,0.004598972302039332,0.13754876513063577
2025-10-18 05:00:00+00:00,0.1052417726329519,0.11516405844287857,0.003761774462015705,0.1797750850098498,0.27177734599746195,0.00251594251209118,0.13394337393188174
2025-10-18 06:00:00+00:00,0.09779663396215973,0.11485728820987581,-0.005996299050301306,0.17385026445566343,0.26646924086417234,0.001101011810302467,0.14347787286772326
2025-10-18 07:00:00+00:00,0.10145297936531918,0.11600448071843468,-0.01621175755607759,0.17933883793186237,0.2686086090560118,-0.0004720826638474699,0.15592676979357153
2025-10-18 08:00:00+00:00,0.10404616587948244,0.11900799882847975,-0.019236673938752696,0.1821301302984058,0.2710405804288903,0.000546907783420347,0.1618904628765192
2025-10-18 09:00:00+00:00,0.10391042592581487,0.1168879148839801,-0.022720208700823575,0.18720022591584567,0.2751467930888091,0.009529009728580664,0.16898266963721187
2025-10-18 10:00:00+00:00,0.09780441346007947,0.11511849783638685,-0.02924109945028069,0.18701188125272003,0.26251123797531506,0.011675102012641134,0.17012999886682292
2025-10-18 11:00:00+00:00,0.09117978128692569,0.11310602471000002,-0.03321786592014199,0.18629466424445332,0.25260010345784134,0.02014100798370515,0.17209089757723217
2025-10-18 12:00:00+00:00,0.08952165777067181,0.10629242411887659,-0.02443214851026257,0.1871331866436023,0.24446437454906148,0.03023163750845966,0.17137041533873168
2025-10-18 13:00:00+00:00,0.0867766928712824,0.10047036901913917,-0.015866428406752474,0.18720970163406658,0.24624180962956116,0.039972761438331006,0.17068756644675362
2025-10-18 14:00:00+00:00,0.08404575687878156,0.09769060250230266,-0.006255456970992301,0.1872898951493647,0.24801665105709614,0.04889699411985504,0.17004214307922577
2025-10-18 15:00:00+00:00,0.07840965541244334,0.0928069191286782,-0.0016050983730214016,0.18657582238492196,0.23706101394524995,0.06943605104637848,0.168765332067298
2025-10-18 16:00:00+00:00,0.0844784284017982,0.10217056527175511,-0.011866778445986721,0.18057516036901955,0.22611037862441205,0.09108048487964832,0.16089147040924934
2025-10-18 17:00:00+00:00,0.07399642932771348,0.10116048555409397,-0.021491157360398062,0.17025468915947817,0.21539296167475003,0.11467927259389031,0.14500102196881645
2025-10-18 18:00:00+00:00,0.06368533679914683,0.08993681198349815,-0.018873385960722244,0.15185346384794018,0.2048924181704279,0.13007211303176142,0.12903245632408786
2025-10-18 19:00:00+00:00,0.0521061492155099,0.07415071313219522,-0.022496839337623885,0.13654365574494784,0.20833113739035874,0.13613459243316497,0.11509975920845433
2025-10-18 20:00:00+00:00,0.04072403705840918,0.04946608642646464,-0.02578493136491743,0.11659703306753352,0.20129063998382513,0.14220381087315667,0.09911548423678017
2025-10-18 21:00:00+00:00,0.02953109066425414,0.02236304723841515,-0.021823035754816707,0.09195167887184079,0.20444626082909756,0.14828225011186105,0.07991261897875225
2025-10-18 22:00:00+00:00,0.0185196760062933,0.0010297172437782405,-0.018477740879712996,0.07087604043167886,0.21376039761636947,0.15437239044797732,0.07148832576145232
2025-10-18 23:00:00+00:00,0.022174825454935772,0.001313036807894086,-0.00763739416231035,0.06183133794892162,0.2163420011458931,0.1604767158752211,0.08132785356391829
2025-10-19 00:00:00+00:00,0.036971253014482404,0.010393572938859992,0.010843451868372468,0.06309626594785647,0.23446258265301098,0.16659771921558306,0.09300443375135255
2025-10-19 01:00:00+00:00,0.06669646400674742,0.03265819032523784,0.013002040865071068,0.06954450888414401,0.22610701733784444,0.1728430426652681,0.10842782736972881
2025-10-19 02:00:00+00:00,0.09664809525632098,0.04748317045910164,0.020733763079807295,0.07473224272195113,0.22070124136120117,0.17452499102486468,0.12312144658153712
2025-10-19 03:00:00+00:00,0.07590375587900935,0.032980593101582904,-0.0015150341034340447,0.07221977409136106,0.22732065287230063,0.1745795163889771,0.11853179519268965
2025-10-19 04:00:00+00:00,0.0647707364165999,0.029964385653554443,-0.015683417985472493,0.07085520768416134,0.23036843496887444,0.17378345165330952,0.1160079063697705
2025-10-19 05:00:00+00:00,0.04672416646062939,0.021189833758578688,-0.020058630539124093,0.06667084921492139,0.2358842882952239,0.17862320956510314,0.11899638128671541
2025-10-19 06:00:00+00:00,0.029236114964773536,0.01693334816680174,-0.024684557621198935,0.06842200844948083,0.24144956629679684,0.18694398063334933,0.1304059537159446
2025-10-19 07:00:00+00:00,0.02870513557840027,0.023524077979495482,-0.029566547331259935,0.07954723100633583,0.24706610201946075,0.19553007313085316,0.14456843281806045
2025-10-19 08:00:00+00:00,0.03222452079911037,0.026913937657583802,-0.03219672273228374,0.08681759534112354,0.24954821659491136,0.2014648819016395,0.15130145831163838
2025-10-19 09:00:00+00:00,0.03305747454133398,0.02905413316330596,-0.03264747930880329,0.09165429962915647,0.25203526652066066,0.2072402898975365,0.15820720497332982
2025-10-19 10:00:00+00:00,0.03272287649014516,0.03128644850258657,-0.036452566292459916,0.09399847909003795,0.2511800228723106,0.21294731254091506,0.16314205379582872
2025-10-19 11:00:00+00:00,0.0304307979499443,0.030353382309868063,-0.035555007263576285,0.096983009980005,0.2457251432493415,0.22578949470632817,0.16860793516147685
2025-10-19 12:00:00+00:00,0.033799920113977464,0.02659544303499211,-0.026519446458320505,0.09342254869979563,0.24760979237389288,0.2329600778486972,0.16793412943752636
2025-10-19 13:00:00+00:00,0.036054132233203334,0.022902865201687803,-0.017645173516374447,0.08993291236236499,0.24949062352603654,0.24010017602415867,0.16734892901723689
2025-10-19 14:00:00+00:00,0.04668542385620206,0.010693017439637634,-0.004206015735813993,0.09028192831548237,0.23657565458377955,0.25668845129290924,0.16696244025529597
2025-10-19 15:00:00+00:00,0.04558153392086829,0.006029439005091429,-0.0009458058194029395,0.09141917255335112,0.22409524234888192,0.2728010825463163,0.16348212853586272
2025-10-19 16:00:00+00:00,0.036232947675048366,0.0020773488027111225,-0.005645574369684682,0.08415567875716799,0.22883614851937498,0.2990076556223849,0.1486005075893294
2025-10-19 17:00:00+00:00,0.020184980756426895,-0.00555357454803987,-0.009834244026910422,0.07687304700480647,0.2173403922575434,0.31333494066408246,0.12984424029977376
2025-10-19 18:00:00+00:00,0.004567434560161821,-0.01748386598429402,-0.020524067961672565,0.06358436826462455,0.1997079579850306,0.32348452099227376,0.11102880564188801
2025-10-19 19:00:00+00:00,-0.010643823302190266,-0.029524034625382344,-0.023799271683206752,0.04727562762075085,0.18160134615868107,0.33375884400670847,0.09213153258880813
2025-10-19 20:00:00+00:00,-0.020906542278339383,-0.054190967427492395,-0.029521492083757556,0.027472730998806982,0.1665185179254136,0.34375130492319467,0.07947145230210752
2025-10-19 21:00:00+00:00,-0.034987247380735526,-0.08184736409384363,-0.03503569976309327,0.003871806510644312,0.1678530954436721,0.350207507805839,0.062479591876697646
2025-10-19 22:00:00+00:00,-0.04500324815982804,-0.09938113032771809,-0.03340673825646085,-0.016442295955830025,0.16899093413347224,0.35671226689832436,0.055185941301219316
2025-10-19 23:00:00+00:00,-0.047362145823093615,-0.10153637579653804,-0.03139136530126907,-0.0157589652547965,0.16993351850998703,0.36326827001767165,0.07049209484574889
2025-10-20 00:00:00+00:00,-0.03451714636845132,-0.0937993619036656,-0.022158167799254003,-0.004688229375921208,0.17068205041787343,0.37999738508457714,0.08502485654575934
2025-10-20 01:00:00+00:00,-0.01787010085947205,-0.09011569180906812,0.007049855110920864,0.012549755231209209,0.16598008968749575,0.39547657514228046,0.09189961356032245
2025-10-20 02:00:00+00:00,-0.001994033717902694,-0.0865357918172369,0.024227866914610735,0.024848909782433568,0.16102499012555493,0.40547456767465345,0.09890922174910963
2025-10-20 03:00:00+00:00,-0.014708013262300373,-0.08900278245997122,-0.0013851528682326695,0.01270804439768214,0.1549618333793634,0.403609000706627,0.0975826007643538
2025-10-20 04:00:00+00:00,-0.02120534422549264,-0.09151771686171765,-0.015672947903260105,0.006167979679578827,0.1648889823527129,0.401711499907298,0.09637716990360255
2025-10-20 05:00:00+00:00,-0.02765474108317615,-0.08892873403865516,-0.02504696410189972,-0.0013959986478111084,0.16119058995023605,0.40205378584040186,0.09164553303785969
2025-10-20 06:00:00+00:00,-0.034136508062480954,-0.0818774578459555,-0.0237926322822417,-0.012520926440332576,0.1641253239371849,0.4024259041148103,0.09434376445707467
2025-10-20 07:00:00+00:00,-0.029901254190260424,-0.07267238903974112,-0.022670375126263083,-0.01789494126567746,0.1672555404961209,0.4028283521400619,0.10670706962740259
2025-10-20 08:00:00+00:00,-0.026208902434635566,-0.06897344584163119,-0.020681806107375432,-0.015796114661080767,0.16690327183451809,0.4024898102944975,0.11114213485091995
2025-10-20 09:00:00+00:00,-0.024070499464787926,-0.06644408056274223,-0.018770791707397698,-0.013661298710196721,0.16664717548130284,0.4030083535875708,0.11606936878838674
2025-10-20 10:00:00+00:00,-0.02508274678824141,-0.066384110435845,-0.012666758509675037,-0.011535397430397106,0.162804948590502,0.4052094713513554,0.11491900139865123
2025-10-20 11:00:00+00:00,-0.020765113918090043,-0.06625145058285914,-0.006759519941874721,-0.014211800839784409,0.1559323979980926,0.4074275819960968,0.11388742558912379
2025-10-20 12:00:00+00:00,-0.018590721409031525,-0.06352520706235168,0.007636827161572764,-0.02025252957110945,0.16202370230155735,0.4079935522666218,0.1101483983812336
2025-10-20 13:00:00+00:00,-0.012428944280651794,-0.06081505340652384,0.02140905909701328,-0.01913762273621469,0.16482301280729147,0.41053166109927397,0.10862498576210587
2025-10-20 14:00:00+00:00,-0.002946393335592131,-0.055295602788279295,0.054114080540582414,-0.016882119944112026,0.17303958464641947,0.4179291712456198,0.11005227829472944
2025-10-20 15:00:00+00:00,0.0029754528824024284,-0.06071874348261152,0.08281655642759013,-0.01574779989261323,0.15949176793437492,0.4247384306488911,0.11229582250618124
2025-10-20 16:00:00+00:00,-0.011615146240309947,-0.07046370131318765,0.0752636958823961,-0.019830555597507373,0.1459560112381637,0.4489315968741273,0.09861766989707707
2025-10-20 17:00:00+00:00,-0.025841972912771183,-0.0801277580670182,0.05591306866040436,-0.02956606077495617,0.12495071532835854,0.4711625274497153,0.08310303170288548
2025-10-20 18:00:00+00:00,-0.039725020212351816,-0.08971957087390588,0.019173769654756388,-0.04817186671311279,0.11143999691662426,0.4856545778977138,0.06749381757087265
2025-10-20 19:00:00+00:00,-0.05742771648899075,-0.09924738986247153,-0.014874039137416755,-0.07146251008002091,0.08956123524544345,0.500141148506729,0.046290402340071674
2025-10-20 20:00:00+00:00,-0.07087936866480143,-0.11645523225074109,-0.029885573281936365,-0.09062221870705911,0.07061084157368402,0.5129273686431268,0.029307470693693185
2025-10-20 21:00:00+00:00,-0.08738143529402742,-0.13370193075514789,-0.04967271450311022,-0.1137840533931812,0.06962994240172654,0.5257999960828732,0.014203826573171515
2025-10-20 22:00:00+00:00,-0.09637511508396279,-0.14127913409261264,-0.05145301208318489,-0.12762864863793724,0.07623227576783327,0.5387645998831073,0.013539880779838608
2025-10-20 23:00:00+00:00,-0.097981820486427,-0.13916453742243728,-0.04646325950926449,-0.12347874234884204,0.0853552748791179,0.5518268883448176,0.027686879674809282
2025-10-21 00:00:00+00:00,-0.08866235531660155,-0.12732785400143012,-0.03547564160594658,-0.10947042391694356,0.09450966012880137,0.5707290351326648,0.04591452602772884
2025-10-21 01:00:00+00:00,-0.07232877722507305,-0.11636772910105553,-0.021414212709756537,-0.09365897273664854,0.0869807321196364,0.595991965151555,0.05938111466248661
2025-10-21 02:00:00+00:00,-0.056738410696379665,-0.10523222086237097,-0.006642769359778492,-0.0762993960091103,0.07984440884467284,0.6143774920189896,0.07257233952789896
2025-10-21 03:00:00+00:00,-0.0699491696619025,-0.10750730238285738,-0.021599811193436992,-0.0902044960492334,0.0745297506766911,0.6100155562573907,0.06524288485267511
2025-10-21 04:00:00+00:00,-0.08353549221785547,-0.11798918724603169,-0.037155512695287225,-0.10449524294300351,0.08463226016980371,0.6065113982644743,0.054731054221955025
2025-10-21 05:00:00+00:00,-0.09037335485732256,-0.11980560736008573,-0.0376998882853224,-0.11613708322557205,0.07381471820311403,0.15790834893593178,0.05696716866964541
2025-10-21 06:00:00+00:00,-0.09394629882985722,-0.12163684450505456,-0.0351529139340634,-0.12799563344886203,0.07516157572226012,0.15660877116998526,0.051809828339934534
2025-10-21 07:00:00+00:00,-0.08617481832130454,-0.12348340319539272,-0.03578511333448242,-0.12976747206044084,0.07660960259052468,0.15613608621232444,0.059558291837315834
2025-10-21 08:00:00+00:00,-0.07865117388657991,-0.11857035425915688,-0.03068973630914717,-0.12647936602557822,0.08049142705070987,0.15567229337263305,0.06660597461070719
2025-10-21 09:00:00+00:00,-0.07296407465798568,-0.11817831254758683,-0.027070417383422356,-0.123825904755167,0.08001896099909202,0.15523101676698178,0.06884654907539589
2025-10-21 10:00:00+00:00,-0.07132821902552583,-0.11935279988120022,-0.025873203657342317,-0.12267541401061227,0.07753709083273205,0.1539369893321185,0.06598989967730491
2025-10-21 11:00:00+00:00,-0.06983120683359574,-0.12052855328426959,-0.01606199993093749,-0.1253987008109349,0.07516772831859561,0.15331907920075846,0.06266166017411665
2025-10-21 12:00:00+00:00,-0.06365793670119677,-0.11548875080970951,0.0020737237378670834,-0.12170308623603615,0.07685862315316477,0.15288836099353179,0.06204033649848812
2025-10-21 13:00:00+00:00,-0.05327218476557487,-0.1105341856360136,0.016910017828507748,-0.11807753748086344,0.07854154046742118,0.1531018674720617,0.060539632597498574
2025-10-21 14:00:00+00:00,-0.029732593722417665,-0.10260417727143657,0.04292491528729243,-0.11421435822295876,0.081669018693159,0.15368948839679974,0.05939185926473246
2025-10-21 15:00:00+00:00,-0.017800579094184574,-0.0894671952229113,0.06045371375015248,-0.11521025989780764,0.0831093478328082,0.15429005880456187,0.05352499495476027
2025-10-21 16:00:00+00:00,-0.03138953902511436,-0.09346242955057152,0.03980420421088281,-0.1140355588025874,0.07525997747822862,0.15902401544136846,0.05084004563007906
2025-10-21 17:00:00+00:00,-0.053570635356417325,-0.09728694950324356,0.005431417598542357,-0.11278938841726571,0.0733050233731932,0.16469404684453542,0.04488659766913544
2025-10-21 18:00:00+00:00,-0.07466401208058078,-0.1063643903576233,-0.02611067814402693,-0.11931771175759259,0.07417327969222738,0.16877887565140595,0.031476326329145723
2025-10-21 19:00:00+00:00,-0.10331710756789138,-0.12836622759120794,-0.04948006302187324,-0.14059141499095132,0.06650890617567075,0.17219535408318226,0.015869461557381885
2025-10-21 20:00:00+00:00,-0.12409589616731172,-0.14533603038788528,-0.06552274856623508,-0.16410100710101422,0.06103565461034819,0.17474993576590225,0.0029457420408518756
2025-10-21 21:00:00+00:00,-0.1442261711308781,-0.1623716645307696,-0.07155737514596508,-0.18769669484342838,0.04972901397079215,0.17733538400589222,-0.00789409593081512
2025-10-21 22:00:00+00:00,-0.16178491690441582,-0.16971604835106072,-0.08277808588230733,-0.20433119684631032,0.048788241196772913,0.17995300105858889,-0.0024810837010058656
2025-10-21 23:00:00+00:00,-0.16915998475476596,-0.1713009060199502,-0.08269759433294491,-0.19983986619152816,0.053982985648615776,0.18307911282503703,0.01583781292651098
2025-10-22 00:00:00+00:00,-0.1597314133073474,-0.15387327284989302,-0.07358976738596924,-0.18503178991775548,0.05920372230996176,0.18668365819386015,0.03505695981440167
2025-10-22 01:00:00+00:00,-0.1522878811776344,-0.14287905673288684,-0.050590063438589794,-0.1688827185508894,0.054831347132498195,0.1909246374108633,0.0556945236222069
2025-10-22 02:00:00+00:00,-0.14462695427125538,-0.13169908654988907,-0.04482762428008065,-0.15219188440411302,0.050252402818325964,0.1940781842181639,0.07233583175420563
2025-10-22 03:00:00+00:00,-0.15301004302916305,-0.1422417826183822,-0.051170545226693946,-0.1678715102395841,0.039068900973585965,0.1946572409663272,0.06230835761488262
2025-10-22 04:00:00+00:00,-0.16160087744925578,-0.1530883781598048,-0.06653457950947331,-0.18399279236608232,0.04426755939531154,0.19519461658647397,0.0491438396667683
2025-10-22 05:00:00+00:00,-0.16577236946409185,-0.15996476485034644,-0.06353973236514987,-0.1969579861266693,0.03784611885650634,0.19519536148997432,0.03963524901392718
2025-10-22 06:00:00+00:00,-0.16826794237047052,-0.1595274154566114,-0.05764611943481584,-0.20590637150626767,0.039247122672801796,0.19521909070140792,0.04005441562301966
2025-10-22 07:00:00+00:00,-0.1607896388668602,-0.15499699960310975,-0.04800357854536513,-0.20479729053052612,0.03866248025985652,0.19526596019920203,0.04791309280136855
2025-10-22 08:00:00+00:00,-0.146080770826592,-0.15046343180132393,-0.043277219769227666,-0.1986424139865744,0.04284712602852419,0.19563592345624825,0.05586166974321582
2025-10-22 09:00:00+00:00,-0.13971387317856096,-0.14799075635811246,-0.03611240331354015,-0.19529307549930888,0.041114915586864885,0.19568358821465606,0.05790418904530271
2025-10-22 10:00:00+00:00,-0.13492201055797082,-0.14943429625172222,-0.014932417331757998,-0.1973033972170739,0.03755526351353563,0.1951351635137926,0.05530424345991355
2025-10-22 11:00:00+00:00,-0.13388606260144403,-0.15087873505932992,0.0056038187396792605,-0.1992544962766656,0.0352145362306359,0.19461622357352446,0.05272842828017257
2025-10-22 12:00:00+00:00,-0.12553362160568096,-0.15139670382621084,0.02543938183104664,-0.19788998874407518,0.037163924999203374,0.19418643388125892,0.04900606500280396
2025-10-22 13:00:00+00:00,-0.11499174208282084,-0.14619281979606108,0.04402296582892488,-0.19653929433217832,0.039101924949762876,0.1937693895870785,0.05000551613877408
2025-10-22 14:00:00+00:00,-0.09767766548912472,-0.1379822602177524,0.0741659119904089,-0.19336688184101478,0.04283148365372981,0.19352960256719923,0.04997110353476066
2025-10-22 15:00:00+00:00,-0.07714830676757176,-0.1293765285861781,0.09918852488772122,-0.19156164926737035,0.044615826072658876,0.1926563337387718,0.046267348187542676
2025-10-22 16:00:00+00:00,-0.09154105922524854,-0.1323058139062489,0.07703885031565012,-0.19375220138703056,0.03638684466292253,0.19730050754841721,0.03984628368004592
2025-10-22 17:00:00+00:00,-0.10874547199181603,-0.14075425863492175,0.04551911828807667,-0.20121090145149145,0.028221760032913715,0.20055703809401798,0.031213997076743605
2025-10-22 18:00:00+00:00,-0.12912313711563878,-0.16222030075212496,0.021076909101227156,-0.20853409836111347,0.02011364745595973,0.20382453973937723,0.017167252856583676
2025-10-22 19:00:00+00:00,-0.14160840472299432,-0.178951305709237,0.006279292937726191,-0.2174510540342325,0.014119925476452052,0.20642472823164032,0.006047059831427202
2025-10-22 20:00:00+00:00,-0.1550607088939872,-0.2033852793054621,-0.007361212464179635,-0.2305925863807788,0.008105647045279028,0.20906384010424245,-0.005205665482426951
2025-10-22 21:00:00+00:00,-0.16796186243705916,-0.23777899243729178,-0.015860766515898735,-0.2419902887508528,0.008562031932244736,0.2117433995194891,-0.016597292422312712
2025-10-22 22:00:00+00:00,-0.1792227861000567,-0.24540252593277598,-0.01833805836536175,-0.253311473761105,0.009152266996332523,0.2144650010235046,-0.015740619927412353
2025-10-22 23:00:00+00:00,-0.18079852343986583,-0.24671042255205627,-0.02306074023646933,-0.2526602221192174,0.014220901919548098,0.21843472559323954,-0.0009406241899358486
2025-10-23 00:00:00+00:00,-0.18980759375317116,-0.2522739229903811,-0.0445538483007825,-0.2644833729680185,0.012594240572366907,0.21909710698746357,-0.005872485682536479
2025-10-23 01:00:00+00:00,-0.19714091134397768,-0.25881820734636846,-0.04936348162146735,-0.27832193882963047,0.006544391487864497,0.21879294446253933,-0.012753638516384534
2025-10-23 02:00:00+00:00,-0.2022768093780641,-0.2654874829993561,-0.05715589080678397,-0.287550232706935,0.0048300323448506955,0.21844682791471082,-0.019380213555462447
2025-10-23 03:00:00+00:00,-0.2075100199100309,-0.2722847863117454,-0.06209479735043877,-0.2924528002321712,0.0038651626617015266,0.21857518777550528,-0.024653094312107972
2025-10-23 04:00:00+00:00,-0.2085889736761435,-0.27498937030869236,-0.0587337831949153,-0.29865660732178273,0.0021644004720702188,0.2180625902247743,-0.02986668417911302
2025-10-23 05:00:00+00:00,-0.2097275405813478,-0.2777695981818064,-0.0535234060642338,-0.3028263335305234,0.00046625460675309003,0.21755434306727653,-0.034079792235411736
2025-10-23 06:00:00+00:00,-0.21092627510323442,-0.27816967809475923,-0.04589491810283213,-0.3069948197325417,-0.0012293641764983656,0.21705040355804892,-0.03378430264197973
2025-10-23 07:00:00+00:00,-0.20922107047789198,-0.2756441614293859,-0.0393150432546059,-0.3085055173808572,-0.002922544361476404,0.21663988896092212,-0.031830781781664895
2025-10-23 08:00:00+00:00,-0.2054374823829669,-0.273126698571397,-0.03247237547636678,-0.30859079674693585,-0.004613373698415094,0.2165506383539082,-0.028499754785383413
2025-10-23 09:00:00+00:00,-0.2021195987062069,-0.273126698571397,-0.022826408010619737,-0.3062236927471436,-0.007425232845633663,0.2162517207707038,-0.028499754785383413
2025-10-23 10:00:00+00:00,-0.19690701835790686,-0.2733810973513202,-0.007884057779502397,-0.30883446066353165,-0.009066424685963461,0.21560058243054284,-0.03053019370278954
2025-10-23 11:00:00+00:00,-0.1930179563527352,-0.2786401476266205,0.006639907467948671,-0.30572540021270583,-0.010697070759865007,0.21466729945967253,-0.03253102329005474
2025-10-23 12:00:00+00:00,-0.1856719069331044,-0.27886451341723206,0.022614814392686113,-0.3026748984526582,-0.012317399843744128,0.2144391597687455,-0.034502719976270024
2025-10-23 13:00:00+00:00,-0.1752179263588974,-0.272654756952837,0.0395910859550887,-0.2986386180941336,-0.012317399843744128,0.2144391597687455,-0.034502719976270024
2025-10-23 14:00:00+00:00,-0.15637999855479506,-0.26267224931253247,0.058991195039165306,-0.296486226340564,-0.010259857399949565,0.212999529992993,-0.03771117105066404
2025-10-23 15:00:00+00:00,-0.1456621742915388,-0.25287592471138376,0.08131479757811005,-0.2943725485203234,-0.011837708411273429,0.2126496738981121,-0.03718385215193618
2025-10-23 16:00:00+00:00,-0.15686459374007838,-0.24535780976270222,0.05443542749587828,-0.2943725485203234,-0.011837708411273429,0.2126496738981121,-0.034137688302826416
2025-10-23 17:00:00+00:00,-0.16407976036139588,-0.24535780976270222,0.03234378328577414,-0.2943725485203234,-0.02002342262956273,0.2126496738981121,-0.03111092268255177
2025-10-23 18:00:00+00:00,-0.17448541602073175,-0.23892729926636405,0.01076166982162973,-0.2943725485203234,-0.02002342262956273,0.21350258598853403,-0.025053144308332175
2025-10-23 19:00:00+00:00,-0.1853472142866997,-0.24166686728400041,-0.010906231677305924,-0.2958978189261964,-0.021879299367590622,0.21451168440745522,-0.026338478631206343
2025-10-23 20:00:00+00:00,-0.19028274087737418,-0.23979734623774596,-0.024684371024676622,-0.2940052673478905,-0.021879299367590622,0.21451168440745522,-0.024678906523564987
2025-10-23 21:00:00+00:00,-0.19516379180931212,-0.23722972711679416,-0.0358842210081691,-0.29088725377015234,-0.021879299367590622,0.21497756499596937,-0.024678906523564987
2025-10-23 22:00:00+00:00,-0.1999928675439395,-0.23535929083859833,-0.04687881556961309,-0.28897648116400876,-0.021879299367590622,0.21544339613862676,-0.026357761147703954
2025-10-23 23:00:00+00:00,-0.20477232583233512,-0.2334839009372581,-0.057682847040114185,-0.2870590306208079,-0.021879299367590622,0.21590917836199888,-0.028032447887698007
2025-10-24 00:00:00+00:00,-0.2072609096908286,-0.2334839009372581,-0.06873754925578232,-0.2917745435953739,-0.01725850881444689,0.2168272393766235,-0.031670148358953924
2025-10-24 01:00:00+00:00,-0.20870604949008587,-0.2334839009372581,-0.07063987363108208,-0.29407186139545105,-0.01725850881444689,0.21695889808247232,-0.032615270711533355
2025-10-24 02:00:00+00:00,-0.20955055033235367,-0.23155891173529447,-0.07326448762750491,-0.29640919265484444,-0.01725850881444689,0.21709081008789374,-0.032615270711533355
2025-10-24 03:00:00+00:00,-0.21040055419728929,-0.23155891173529447,-0.07519912900337346,-0.29878780395806137,-0.01725850881444689,0.21716353891685147,-0.03308124829032989
2025-10-24 04:00:00+00:00,-0.2112561334074341,-0.2296610111674936,-0.07714657424284596,-0.30445993814535244,-0.01725850881444689,0.21723633123627423,-0.03308124829032989
2025-10-24 05:00:00+00:00,-0.20841497887815752,-0.22876726910841347,-0.07540006928106877,-0.2999819955589666,-0.015647486711253884,0.2178172325822094,-0.028853265143844644
2025-10-24 06:00:00+00:00,-0.2065120678304543,-0.22876726910841347,-0.06865154176369993,-0.3008498304062245,-0.015647486711253884,0.21750833212539178,-0.030957187085783676
2025-10-24 07:00:00+00:00,-0.20521054169801567,-0.22701069942331528,-0.06193584268037982,-0.30171984228994736,-0.018222530918665058,0.21719955925081835,-0.033119957564230126
2025-10-24 08:00:00+00:00,-0.20063975464415054,-0.22701069942331528,-0.05490473358275013,-0.30171984228994736,-0.02087871856846001,0.21659569902894193,-0.034220335930494714
2025-10-24 09:00:00+00:00,-0.09376759676886948,-0.13150760478240728,-0.10550397207598035,-0.11903121993389582,0.08631738900211408,0.08425782643747669,-0.046127312019930373
2025-10-24 10:00:00+00:00,-0.09038758101397439,-0.13118935019175984,-0.1005106455094629,-0.11745409606776228,0.08691878174777903,0.08410697508741831,-0.04788649567257071
2025-10-24 11:00:00+00:00,-0.0871278086825773,-0.13118935019175984,-0.0927631877498524,-0.11745409606776228,0.08691878174777903,0.08410697508741831,-0.049842838633941795
2025-10-24 12:00:00+00:00,-0.08483785243142254,-0.12899829210047972,-0.08601427023967997,-0.11745409606776228,0.08386284900052586,0.0835191944358093,-0.05087571257117243
2025-10-24 13:00:00+00:00,-0.08111351926955788,-0.12515902611269056,-0.0778888940901984,-0.11497436005842457,0.08055661012069479,0.08297190546650816,-0.052106629669820055
2025-10-24 14:00:00+00:00,-0.08031477367510542,-0.12352051893429865,-0.07143286992518336,-0.1124770912776635,0.07987276917283175,0.08242208106902725,-0.05334572282512108
2025-10-24 15:00:00+00:00,-0.07698225572723562,-0.12322054818774829,-0.06314574159259673,-0.10746867282173071,0.08313574270184163,0.08144100470760152,-0.054593037453219154
2025-10-24 16:00:00+00:00,-0.07947234141342628,-0.12322054818774829,-0.06898043374749648,-0.10746867282173071,0.08313574270184163,0.081697163840342,-0.054593037453219154
2025-10-24 17:00:00+00:00,-0.08067279671442475,-0.12567119875367597,-0.07476353086974824,-0.10746867282173071,0.08061722593985454,0.0814359969976341,-0.053692416432794425
2025-10-24 18:00:00+00:00,-0.08278480064132088,-0.12744588360633988,-0.08049931657378123,-0.10585074984842256,0.08061722593985454,0.081697163840342,-0.05283010433110611
2025-10-24 19:00:00+00:00,-0.08519288033368044,-0.12962632663535573,-0.08509737519922156,-0.10771145076965216,0.07984086335034965,0.08242218079626679,-0.05363754311025445
2025-10-24 20:00:00+00:00,-0.08629953981240583,-0.13004297525775332,-0.08757874299939351,-0.10771145076965216,0.07984086335034965,0.08265949178665004,-0.052893085103060504
2025-10-24 21:00:00+00:00,-0.08764534687468914,-0.13004297525775332,-0.09086741802258087,-0.10771145076965216,0.078627743522793,0.08278067803416793,-0.05253991388651841
2025-10-24 22:00:00+00:00,-0.08890818123449316,-0.13004297525775332,-0.09306557021705784,-0.10771145076965216,0.078627743522793,0.08290186423764807,-0.05253991388651841
2025-10-24 23:00:00+00:00,-0.09086570786210592,-0.13004297525775332,-0.09813879323086168,-0.10771145076965216,0.0794478691914777,0.08302305052363744,-0.05314103572805878
2025-10-25 00:00:00+00:00,-0.09345576407276034,-0.13251812090602205,-0.1022379749525468,-0.10771145076965216,0.0794478691914777,0.08302305052363744,-0.05314103572805878
2025-10-25 01:00:00+00:00,-0.09251078239227033,-0.13189392764600702,-0.10391730823722328,-0.10568165401571358,0.07998872782094074,0.08324417501330136,-0.05125645092928388
2025-10-25 02:00:00+00:00,-0.09315097320747745,-0.13310089043128828,-0.10387625447593173,-0.10568165401571358,0.07998872782094074,0.08322585142741573,-0.05117539625882026
2025-10-25 03:00:00+00:00,-0.09381045557135036,-0.134350740834393,-0.10385474465920813,-0.10568165401571358,0.07998872782094074,0.08321266371919933,-0.05109528267799227
2025-10-25 04:00:00+00:00,-0.09449012379489044,-0.1356459207245888,-0.10411158624107664,-0.1059688688964905,0.07998872782094074,0.08319950656345454,-0.050898750117537
2025-10-25 05:00:00+00:00,-0.09228162502369744,-0.13370341464777488,-0.10182546286979792,-0.10520456941740818,0.07927048146534582,0.08314478419429788,-0.0495714080679285
2025-10-25 06:00:00+00:00,-0.09002790882598394,-0.13182248284860257,-0.09992047704709534,-0.10444017929610053,0.07855210983655175,0.08294984282151292,-0.05099474056533258
2025-10-25 07:00:00+00:00,-0.08955480429415244,-0.13182248284860257,-0.09607766787592596,-0.10322304641569426,0.07994032924239008,0.08294984282151292,-0.05166991297028499
2025-10-25 08:00:00+00:00,-0.08886165334378428,-0.13182248284860257,-0.09227498164987388,-0.10322304641569426,0.07994032924239008,0.08280143614927711,-0.05234860385837659
2025-10-25 09:00:00+00:00,-0.0865728731217982,-0.12972988679019243,-0.08709942148004314,-0.10559701419349804,0.07785986859444427,0.08249853081315071,-0.0554534593374062
2025-10-25 10:00:00+00:00,-0.0861946835635006,-0.12972988679019243,-0.08350767195222028,-0.10464696954513703,0.07964852835429552,0.08249853081315071,-0.05606158578472469
2025-10-25 11:00:00+00:00,-0.08403199382321487,-0.12928980478304505,-0.07820262515650452,-0.10485562019395346,0.08025483645696949,0.082195487079371,-0.05852295881948145
2025-10-25 12:00:00+00:00,-0.08123961757348597,-0.1265132227834345,-0.07301551829133834,-0.10506474021345595,0.08086199037346409,0.08160191174781657,-0.06048201881122081
2025-10-25 13:00:00+00:00,-0.07744125784781537,-0.12416060144550435,-0.0659699628231639,-0.10506474021345595,0.08086199037346409,0.08160191174781657,-0.06161850459006947
2025-10-25 14:00:00+00:00,-0.07361536214861962,-0.12416060144550435,-0.06051256706413508,-0.10506474021345595,0.08086199037346409,0.08160191174781657,-0.0627570042449354
2025-10-25 15:00:00+00:00,-0.06802266658252147,-0.1237372695383242,-0.051744108663017194,-0.10530999102706451,0.08422325216349291,0.08074993141140208,-0.06470770123002782
2025-10-25 16:00:00+00:00,-0.07209167667528107,-0.1237372695383242,-0.05676309206577917,-0.10530999102706451,0.08422325216349291,0.08100529595499056,-0.06378637952809398
2025-10-25 17:00:00+00:00,-0.0733622668062037,-0.1237372695383242,-0.06286735889410885,-0.10530999102706451,0.08422325216349291,0.08100529595499056,-0.061161641177550095
2025-10-25 18:00:00+00:00,-0.07580860956704777,-0.1237372695383242,-0.07046125259742228,-0.10530999102706451,0.08422325216349291,0.08100529595499056,-0.06033034890558242
2025-10-25 19:00:00+00:00,-0.0791279446424826,-0.12456850901600876,-0.07497546388567626,-0.10765655000831563,0.082310712957701,0.08145256736095775,-0.061291188915200204
2025-10-25 20:00:00+00:00,-0.08032146849673814,-0.12456850901600876,-0.07779903943136109,-0.10773064492531254,0.082310712957701,0.08156772057801931,-0.061291188915200204
2025-10-25 21:00:00+00:00,-0.0815802789236991,-0.12456850901600876,-0.08151705494480613,-0.10773064492531254,0.082310712957701,0.08156772057801931,-0.06098415094529523
2025-10-25 22:00:00+00:00,-0.08307759196183168,-0.12417028625662169,-0.08438060845747555,-0.10781038358566056,0.08156848636986598,0.08156772057801931,-0.06098415094529523
2025-10-25 23:00:00+00:00,-0.08512770122421258,-0.12417028625662169,-0.08782793198921136,-0.10781038358566056,0.08156848636986598,0.08156772057801931,-0.06204613055371268
2025-10-26 00:00:00+00:00,-0.08652075811172788,-0.12417028625662169,-0.09242300933037145,-0.10871844018261145,0.08082345308935275,0.08156772057801931,-0.06143965807577631
2025-10-26 01:00:00+00:00,-0.08792902281524495,-0.12417028625662169,-0.09505732579268805,-0.10962992767115438,0.08082345308935275,0.08156772057801931,-0.060836783291181584
2025-10-26 02:00:00+00:00,-0.08839700060745614,-0.12541489909100995,-0.09468283749620499,-0.10961376258650568,0.0806721289342025,0.08156772057801931,-0.06075802921739846
2025-10-26 03:00:00+00:00,-0.08924884392599051,-0.1267105951304682,-0.09497021760522929,-0.10959934066612231,0.0806721289342025,0.08156772057801931,-0.060965872452514745
2025-10-26 04:00:00+00:00,-0.09007383568481717,-0.12806070694352448,-0.094957986276883,-0.10958667145504176,0.0806721289342025,0.08156772057801931,-0.060965872452514745
2025-10-26 05:00:00+00:00,-0.08810871761903595,-0.12603060040219624,-0.0928054472528518,-0.10811005160168204,0.07997435053169709,0.08136196785825561,-0.061308251220392636
2025-10-26 06:00:00+00:00,-0.08645817927883694,-0.12451231960949381,-0.09062439933550029,-0.10823379348771717,0.07927643670646774,0.08117021281176215,-0.06356103026751904
2025-10-26 07:00:00+00:00,-0.08525033114058042,-0.12364836967009624,-0.08797726470731375,-0.11083293301908466,0.07857838315678708,0.08083434836245951,-0.06566130740766458
2025-10-26 08:00:00+00:00,-0.08265262908551438,-0.12544587895036705,-0.08150323820848551,-0.11238785223832781,0.07857838315678708,0.08083434836245951,-0.06643112957046081
2025-10-26 09:00:00+00:00,-0.08036740321276806,-0.12364836967009624,-0.07669331874900762,-0.11238785223832781,0.07857838315678708,0.08068353462329415,-0.06720554018817428
2025-10-26 10:00:00+00:00,-0.07836744193210056,-0.12364836967009624,-0.07391334548221948,-0.11112356571164239,0.08006119899867617,0.08053269825418122,-0.06787165172153987
2025-10-26 11:00:00+00:00,-0.07506952468947355,-0.12312229870201717,-0.06716838791627917,-0.11002783039990204,0.08219960767804446,0.08007781839641567,-0.06939635113685022
2025-10-26 12:00:00+00:00,-0.07296218023180745,-0.12259592476265067,-0.06039642825133191,-0.10700510316939699,0.08154554862550471,0.07962261494960214,-0.07093223064877832
2025-10-26 13:00:00+00:00,-0.06878270484003778,-0.1250870812968649,-0.04977277216517946,-0.10700510316939699,0.08154554862550471,0.07962261494960214,-0.07214388244778805
2025-10-26 14:00:00+00:00,-0.06434605141620794,-0.12061592402302862,-0.03890020541105462,-0.10498708166431413,0.0850510459160472,0.07875570561605366,-0.07425607772013934
2025-10-26 15:00:00+00:00,-0.05908292870277928,-0.12012888240918751,-0.025922943353243917,-0.10516669661339278,0.08858030214338918,0.07788529882370836,-0.07462211692037872
2025-10-26 16:00:00+00:00,-0.0634584502847289,-0.12012888240918751,-0.033492257767497126,-0.10672761933554996,0.08617435683980078,0.07763503685200131,-0.07286055756131309
2025-10-26 17:00:00+00:00,-0.06660919095862532,-0.12012888240918751,-0.04214847564861445,-0.10828571020491237,0.08617435683980078,0.07763503685200131,-0.07121205347518779
2025-10-26 18:00:00+00:00,-0.06973776866064364,-0.12012888240918751,-0.05076356784133228,-0.10828571020491237,0.08858030214338918,0.07789008566621752,-0.0704134175125588
2025-10-26 19:00:00+00:00,-0.07371073530109654,-0.12198857698661257,-0.059348321476308356,-0.10828571020491237,0.08858030214338918,0.07814510072974035,-0.06961141354040576
2025-10-26 20:00:00+00:00,-0.07884175641346343,-0.12430218927997541,-0.06565761238280646,-0.11018818663542325,0.087854850884838,0.07858339403410179,-0.07098158552142601
2025-10-26 21:00:00+00:00,-0.08515225659479568,-0.12693210971313493,-0.07097835371471027,-0.1120738987109526,0.08324810060540755,0.07876671580979884,-0.07210121941969191
2025-10-26 22:00:00+00:00,-0.08665719213348513,-0.12693210971313493,-0.07547233095702018,-0.1120738987109526,0.08324810060540755,0.07876671580979884,-0.07172721747247679
2025-10-26 23:00:00+00:00,-0.08832997068934877,-0.12693210971313493,-0.07874950652517618,-0.1120738987109526,0.08218040627265157,0.07876671580979884,-0.07291497159208492
2025-10-27 00:00:00+00:00,-0.09023815036349736,-0.12693210971313493,-0.08267567728449596,-0.1120738987109526,0.08218040627265157,0.07876671580979884,-0.07361014707630344
2025-10-27 01:00:00+00:00,-0.08985272096911107,-0.12483964535800063,-0.08406782984070402,-0.11025035814971422,0.08175869010939461,0.07901401379375327,-0.0717402335028379
2025-10-27 02:00:00+00:00,-0.09000726013140914,-0.12483964535800063,-0.08489698132185289,-0.1107777723564644,0.08200640810581822,0.07901401379375327,-0.0717402335028379
2025-10-27 03:00:00+00:00,-0.09023198417488172,-0.12439948433940844,-0.08556060233589832,-0.11131842198671224,0.08266997739058188,0.07898175608082247,-0.07182059280556732
2025-10-27 04:00:00+00:00,-0.09046338536835082,-0.12397299937080505,-0.08601126630425963,-0.11187278952735694,0.08292395512469647,0.07894953156729755,-0.07190221820031589
2025-10-27 05:00:00+00:00,-0.08863096243806887,-0.12342102522496856,-0.08261499087531506,-0.1100342790647475,0.0858981585344671,0.07900825150244246,-0.07055400155333648
2025-10-27 06:00:00+00:00,-0.08676182057476504,-0.12250111544264193,-0.0789265185837404,-0.10836555663808725,0.0866170896393173,0.07909937035421039,-0.07143219651628205
2025-10-27 07:00:00+00:00,-0.08276487046143531,-0.12250111544264193,-0.07263854683920443,-0.10482407830564283,0.0882136597085575,0.07909937035421039,-0.07143219651628205
2025-10-27 08:00:00+00:00,-0.07733150338860215,-0.12250111544264193,-0.06636034747558926,-0.10349408805243068,0.08981350013336592,0.07909937035421039,-0.07143219651628205
2025-10-27 09:00:00+00:00,-0.0734902122818912,-0.12432665920859502,-0.0600826131901181,-0.1021699592353164,0.09141676032879571,0.07892569545032353,-0.07143219651628205
2025-10-27 10:00:00+00:00,-0.06937363671487981,-0.1238172145553923,-0.05206674695938269,-0.10224674631307148,0.09219273852439232,0.07872373475564698,-0.07123424509190741
2025-10-27 11:00:00+00:00,-0.06553817002507917,-0.1238172145553923,-0.040226814597993064,-0.10022624025937933,0.09512738979782676,0.07840444337213992,-0.07123424509190741
2025-10-27 12:00:00+00:00,-0.060303401453751466,-0.12711851514618747,-0.02985560198496729,-0.09644689701607288,0.09512738979782676,0.07840444337213992,-0.07001507575362806
2025-10-27 13:00:00+00:00,-0.053390115182502876,-0.13042902557001118,-0.017694866633909765,-0.09644689701607288,0.09512738979782676,0.07840444337213992,-0.07001507575362806
2025-10-27 14:00:00+00:00,-0.04475506288187261,-0.13144589380166283,-0.005892719204054928,-0.09422338790780288,0.097082188554404,0.07780144586794359,-0.0709392478119066
2025-10-27 15:00:00+00:00,-0.03732892380152143,-0.12766762204009308,0.006554458124445553,-0.09199256550721002,0.10329240463669538,0.07719569018249785,-0.07377649846735107
2025-10-27 16:00:00+00:00,-0.04206051821432404,-0.12766762204009308,-0.0030084403472500714,-0.09361567320970181,0.1004957967613482,0.07767922634843388,-0.07377649846735107
2025-10-27 17:00:00+00:00,-0.04672624609999185,-0.12766762204009308,-0.01124537132890115,-0.09199256550721002,0.09772971861209331,0.07743511548220626,-0.07377649846735107
2025-10-27 18:00:00+00:00,-0.052103132154149315,-0.12766762204009308,-0.019297506779809702,-0.09199256550721002,0.0949932776375693,0.07743511548220626,-0.07377649846735107
2025-10-27 19:00:00+00:00,-0.057374753544545354,-0.12766762204009308,-0.02835318661488193,-0.09088309372347855,0.09228561516592107,0.07743511548220626,-0.07299223591931998
2025-10-27 20:00:00+00:00,-0.06267563651275587,-0.12996061605992676,-0.03624747094585846,-0.09380682079403653,0.08905718673926845,0.0777584133279937,-0.07416010493098632
2025-10-27 21:00:00+00:00,-0.06793757731332326,-0.13225190048935673,-0.04216423352622772,-0.09672820809041345,0.08494321659837117,0.07808160232978187,-0.07611408545423332
2025-10-27 22:00:00+00:00,-0.06983753076244892,-0.13225190048935673,-0.04684732157017351,-0.09707544531240854,0.08347575460319878,0.0779795903949384,-0.07653612525247899
2025-10-27 23:00:00+00:00,-0.07112398928501876,-0.13225190048935673,-0.051285419818025584,-0.09707544531240854,0.08254061555176756,0.07787758342193513,-0.07508485580563742
2025-10-28 00:00:00+00:00,-0.07227070238232128,-0.13225190048935673,-0.056019138471504686,-0.09707544531240854,0.08254061555176756,0.07778036256854762,-0.07508485580563742
2025-10-28 01:00:00+00:00,-0.07192293162506412,-0.13020531357738693,-0.056992941939865,-0.09508476431976114,0.08334323401265945,0.07813298526176597,-0.07351522655472374
2025-10-28 02:00:00+00:00,-0.07200577769960304,-0.13020531357738693,-0.05703672004481585,-0.09553671626067298,0.0844707703735097,0.07817681898026978,-0.07364561796027592
2025-10-28 03:00:00+00:00,-0.07209587072489297,-0.12983122113566525,-0.056813437080827714,-0.09553671626067298,0.08483682439431946,0.07822069320554004,-0.07364561796027592
2025-10-28 04:00:00+00:00,-0.07219349889311372,-0.12946983323053038,-0.05662136171739841,-0.09553671626067298,0.08520592662378403,0.07822069320554004,-0.07332139852006074
2025-10-28 05:00:00+00:00,-0.0700693109649594,-0.12861431822299893,-0.05232240764467577,-0.09372928037894188,0.11228038012292076,0.27755756496687595,-0.08508368389372038
2025-10-28 06:00:00+00:00,-0.06817235734995881,-0.12861431822299893,-0.04647554863784871,-0.09180344248790533,0.1151213660493544,0.27755756496687595,-0.08581827246799789
2025-10-28 07:00:00+00:00,-0.06224412888280496,-0.1267346489958935,-0.03875333213122726,-0.09043462606850348,0.11797949577362106,0.27755756496687595,-0.08581827246799789
2025-10-28 08:00:00+00:00,-0.05657290236028813,-0.1267346489958935,-0.03249537324274432,-0.09043462606850348,0.1151213660493544,0.27755756496687595,-0.08491663363885889
2025-10-28 09:00:00+00:00,-0.05201758955318495,-0.12486229731220556,-0.02425289541811565,-0.09043462606850348,0.11921282784015523,0.27755756496687595,-0.08491663363885889
2025-10-28 10:00:00+00:00,-0.04761781157404561,-0.12438115090322428,-0.012475289634774607,-0.089076752152486,0.12345582352006965,0.2775384312438888,-0.084770801448794
2025-10-28 11:00:00+00:00,-0.041809163280204224,-0.12438115090322428,0.0004627119093534752,-0.08460288193827072,0.1284975944579169,0.2775384312438888,-0.084770801448794
2025-10-28 12:00:00+00:00,-0.0358735874246551,-0.12770004156198822,0.011563012282178913,-0.08224664240175583,0.1317825035472345,0.2775384312438888,-0.084770801448794
2025-10-28 13:00:00+00:00,-0.028628684364002305,-0.13102836611306318,0.024292321498929337,-0.07989793877663719,0.1350198562039912,0.2775384312438888,-0.08345542992082712
2025-10-28 14:00:00+00:00,-0.02297870656560772,-0.13540225404120493,0.03763254387168277,-0.07755247240829648,0.13758557008078795,0.27497573755776883,-0.08391366757161023
2025-10-28 15:00:00+00:00,-0.015373492763608236,-0.1398137175509253,0.052465994085689284,-0.0720672174190228,0.13695804709019094,0.2728659159362945,-0.08246886746918351
2025-10-28 16:00:00+00:00,-0.019562535730792988,-0.1398137175509253,0.04210594013176021,-0.07371871960180999,0.13189679166001533,0.2731927409725712,-0.08338448890758648
2025-10-28 17:00:00+00:00,-0.02284146031996519,-0.1398137175509253,0.03317469373545748,-0.07536771922392978,0.12696652649996626,0.2731927409725712,-0.08338448890758648
2025-10-28 18:00:00+00:00,-0.02683458934103544,-0.14135543876633072,0.024461836017417974,-0.07843279003266597,0.1188655207158202,0.2731927409725712,-0.08338448890758648
2025-10-28 19:00:00+00:00,-0.029935010014770162,-0.14135543876633072,0.015946230178559152,-0.07843279003266597,0.1142051484673555,0.2731927409725712,-0.08338448890758648
2025-10-28 20:00:00+00:00,-0.03372984327815103,-0.1436324198632948,0.010684736906056046,-0.08126260879274906,0.11348826982851347,0.2743471138514831,-0.08562172087875752
2025-10-28 21:00:00+00:00,-0.03718626151980597,-0.14590779316265753,0.004966925511228548,-0.08409021345158744,0.11277224981706309,0.27549124078066767,-0.08783787511512058
2025-10-28 22:00:00+00:00,-0.037859694838972946,-0.14590779316265753,0.0009436460304915305,-0.08409021345158744,0.10902198812422888,0.27549124078066767,-0.08873970323887621
2025-10-28 23:00:00+00:00,-0.038819011121020146,-0.1432025219075811,-0.0019272274154314738,-0.08559131072038098,0.1078007087608855,0.2754779057997618,-0.08799113354210521
2025-10-29 00:00:00+00:00,-0.04000628400323423,-0.14585867103837366,-0.004881695872289219,-0.08671932931347362,0.10658214163092324,0.2758895420677377,-0.08958305253446071
2025-10-29 01:00:00+00:00,-0.03945942828624513,-0.14388186963579416,-0.00444484611640425,-0.08571493561226383,0.1067522711071879,0.2771251361945859,-0.08841083538168652
2025-10-29 02:00:00+00:00,-0.03923445297671917,-0.14388186963579416,-0.003366938085415426,-0.08571493561226383,0.1075605812131115,0.2771251361945859,-0.08887592958731466
2025-10-29 03:00:00+00:00,-0.038883285232037296,-0.14353623890297112,-0.0017933810903029118,-0.08584905429071465,0.1075605812131115,0.2771251361945859,-0.08906917904214494
2025-10-29 04:00:00+00:00,-0.038532158123293185,-0.14320303215556265,-0.0003737970017885212,-0.08598802897075368,0.10838089413756426,0.27682305573076993,-0.08906917904214494
2025-10-29 05:00:00+00:00,-0.03690821809404782,-0.14242974796507957,0.0040705069151069,-0.08396494632582083,0.11494651177083913,0.27670279596937497,-0.08765176044234489
2025-10-29 06:00:00+00:00,-0.03508188581090267,-0.14438806419910308,0.009676306759953197,-0.08192916978149063,0.1178973336246433,0.27670279596937497,-0.0884231415245082
2025-10-29 07:00:00+00:00,-0.03171772683403651,-0.14438806419910308,0.016290912178030914,-0.08053335631994314,0.11940801136188837,0.27670279596937497,-0.08937993351282662
2025-10-29 08:00:00+00:00,-0.028960159726677592,-0.14438806419910308,0.022824288222279786,-0.07890214615229521,0.12090960497595318,0.27670279596937497,-0.08937993351282662
2025-10-29 09:00:00+00:00,-0.025723400163036775,-0.14635529453600674,0.028367274635467506,-0.07728659305240888,0.12532783782317303,0.27670279596937497,-0.08937993351282662
2025-10-29 10:00:00+00:00,-0.02244777528558026,-0.14597041021845333,0.03404095585033298,-0.07359655833022079,0.12987828439143742,0.2759517112504776,-0.08841203356857257
2025-10-29 11:00:00+00:00,-0.01603390281120272,-0.14597041021845333,0.04176268306078843,-0.06902593772898863,0.12987828439143742,0.2759517112504776,-0.08841203356857257
2025-10-29 12:00:00+00:00,-0.010642593738236387,-0.1485053142002543,0.051083604027050915,-0.06663778167334597,0.13332419631122153,0.2759517112504776,-0.08841203356857257
2025-10-29 13:00:00+00:00,-0.005287592939527645,-0.1519068631911646,0.06169447632925698,-0.06425497098504508,0.13332419631122153,0.27644340451039107,-0.08841203356857257
2025-10-29 14:00:00+00:00,-1.808447937722796e-06,-0.15644320426676714,0.07347084128502863,-0.06170701929212288,0.13640269153938747,0.27434753573254655,-0.08884529159634619
2025-10-29 15:00:00+00:00,0.005242250061199105,-0.16102090362375648,0.08682920223137693,-0.059147679688781894,0.13948067730028985,0.2722484470826819,-0.08868192510478093
2025-10-29 16:00:00+00:00,0.0013746710285436146,-0.16102090362375648,0.07929006175585371,-0.06082446848710106,0.1350586553493006,0.2722484470826819,-0.08776593934832555
2025-10-29 17:00:00+00:00,-0.0031887018600603267,-0.16102090362375648,0.07307760547174978,-0.062314013742218025,0.13072340672476193,0.2722484470826819,-0.0885901535123084
2025-10-29 18:00:00+00:00,-0.006913075221655598,-0.16102090362375648,0.0651965961106774,-0.06507600573498418,0.12647090034767366,0.2722484470826819,-0.08776593934832555
2025-10-29 19:00:00+00:00,-0.010921421449939428,-0.16336149816640733,0.05822412398488216,-0.06779498541590954,0.12186190445860559,0.27338264888367303,-0.08845904012615549
2025-10-29 20:00:00+00:00,-0.014541755803557292,-0.1657005340374374,0.05316333478425563,-0.07152743905219777,0.12142708118475719,0.2737998702464991,-0.09069604383845668
2025-10-29 21:00:00+00:00,-0.015604352854338855,-0.1657005340374374,0.04980818650170691,-0.071776442930886,0.11924866740125183,0.2737998702464991,-0.09081567242964846
2025-10-29 22:00:00+00:00,-0.016933528631733648,-0.1657005340374374,0.04582383062949702,-0.071776442930886,0.11924866740125183,0.2737998702464991,-0.09121653654152222
2025-10-29 23:00:00+00:00,-0.01807706887655599,-0.16491213853999592,0.0443621360938664,-0.07260204320248284,0.1183297939985929,0.2738178591578675,-0.09199760519598114
2025-10-30 00:00:00+00:00,-0.01958039798014909,-0.16222072389598247,0.043459659763923346,-0.07260204320248284,0.11741357487528088,0.27383937932050756,-0.09368438409254451
2025-10-30 01:00:00+00:00,-0.01928196664960379,-0.16009900174301003,0.04287952359258651,-0.07138766888909324,0.11805885963693519,0.27511903951692557,-0.09081514160409049
2025-10-30 02:00:00+00:00,-0.018926399574916132,-0.1586785886917849,0.0435023971389808,-0.07143272724470488,0.11805885963693519,0.27511903951692557,-0.09099954421671907
2025-10-30 03:00:00+00:00,-0.01843007984732873,-0.15843836231890654,0.04399214262161772,-0.07148131021724925,0.12142098725080024,0.2754585699659688,-0.09099954421671907
2025-10-30 04:00:00+00:00,-0.016459450093718762,-0.15788558809624395,0.04776484732995669,-0.06921987061546787,0.12416422579106455,0.27535912696908704,-0.08894909615565809
2025-10-30 05:00:00+00:00,-0.014455853233529475,-0.15736198965457332,0.0503877672615935,-0.06697392444160687,0.12696287395104383,0.2752602141483106,-0.08736837770090404
2025-10-30 06:00:00+00:00,-0.01217881334367721,-0.15736198965457332,0.05413128673023147,-0.06598994979250741,0.131740065132077,0.2752602141483106,-0.08646584223285571
2025-10-30 07:00:00+00:00,-0.009274213574432954,-0.15736198965457332,0.05910047520757885,-0.06306409394311094,0.13652304051627503,0.27591517814524363,-0.08547543422136215
2025-10-30 08:00:00+00:00,-0.005169423370246837,-0.15736198965457332,0.06338526975065249,-0.060166506807575106,0.14131529556124067,0.27591517814524363,-0.08547543422136215
2025-10-30 09:00:00+00:00,-0.002281887504582482,-0.15736198965457332,0.06875754075466174,-0.058643925719792385,0.14612028959327789,0.27591517814524363,-0.08646584223285571
2025-10-30 10:00:00+00:00,0.0022855121631793593,-0.1571034247767086,0.07444124316723912,-0.054801647460089614,0.15118170698436004,0.2754307958394019,-0.08542997571336691
2025-10-30 11:00:00+00:00,0.008324605802615693,-0.1571034247767086,0.08285906175721655,-0.052453123023310455,0.1599374352702403,0.27639842356919153,-0.08401222823536988
2025-10-30 12:00:00+00:00,0.013328978826515857,-0.1571034247767086,0.09167356016152002,-0.052453123023310455,0.1687011838997807,0.27639842356919153,-0.0825951013713808
2025-10-30 13:00:00+00:00,0.01826342439162226,-0.16051006911975943,0.10027021852175641,-0.050107427018614106,0.17215647140237142,0.27639842356919153,-0.0825951013713808
2025-10-30 14:00:00+00:00,0.022995808218015768,-0.165121393855829,0.1113888299639724,-0.049795196448293694,0.17563393932204313,0.27577115259862284,-0.08096618332720523
2025-10-30 15:00:00+00:00,0.029630238140686098,-0.1723124678433332,0.12008701222409987,-0.04712332016191765,0.18636940313996422,0.2739144216379077,-0.08135994954937109
2025-10-30 16:00:00+00:00,0.02601787431670417,-0.1723124678433332,0.1150020473185312,-0.050230881013230096,0.1821526602669865,0.2739144216379077,-0.08135994954937109
2025-10-30 17:00:00+00:00,0.022439674846982293,-0.1723124678433332,0.108330950482215,-0.0533206429606622,0.17800116314477762,0.2736619521054205,-0.08218492615419205
2025-10-30 18:00:00+00:00,0.01884662048328366,-0.17339416398505972,0.10007614604196186,-0.056079725534945356,0.17800116314477762,0.27275942734802205,-0.08218492615419205
2025-10-30 19:00:00+00:00,0.015303421199453595,-0.17339416398505972,0.09207312094502922,-0.059900884811077415,0.1739123662691428,0.2718648976190419,-0.08218492615419205
2025-10-30 20:00:00+00:00,0.011763934736017334,-0.1757139220068,0.08531302694184577,-0.064126220804369,0.16976071695602604,0.27243184104014845,-0.08367147173970672
2025-10-30 21:00:00+00:00,0.010372675349629053,-0.1757139220068,0.08262627924095735,-0.06487490269959192,0.167664158078213,0.2725161613909982,-0.08379502876194382
2025-10-30 22:00:00+00:00,0.008999706891123633,-0.17602659422230565,0.0799905746558422,-0.06557226679693617,0.16560399512193866,0.27260443631053594,-0.0835831618740928
2025-10-30 23:00:00+00:00,0.008196039084307421,-0.1741481151583427,0.07873527369037381,-0.06557226679693617,0.16560399512193866,0.272696715893292,-0.08164842006063963
2025-10-31 00:00:00+00:00,0.006666097948990663,-0.1741481151583427,0.0772679470724023,-0.06648300373421138,0.1665105450325789,0.2733178547235048,-0.08092207484876843
2025-10-31 01:00:00+00:00,0.007551190004774818,-0.17228408497345776,0.07867979304099144,-0.06509931876659117,0.16803748323774578,0.2760697469927111,-0.07884081237178295
2025-10-31 02:00:00+00:00,0.008192024564836666,-0.17228408497345776,0.08037642399943024,-0.06508621678590801,0.1696150555696392,0.2786904305234476,-0.07884081237178295
2025-10-31 03:00:00+00:00,0.008993759961148646,-0.17211655284945548,0.08228293799758979,-0.06507558270492977,0.17122504817401082,0.27957969379455955,-0.07884081237178295
2025-10-31 04:00:00+00:00,0.009806915709948422,-0.17211655284945548,0.0840809448999188,-0.06506749228981344,0.17286869294933496,0.28092862171615784,-0.07884081237178295
2025-10-31 05:00:00+00:00,0.010476681330972536,-0.1719582845944274,0.08544920231649819,-0.06506202459539122,0.17435353915177942,0.2822986493923914,-0.07886749007272223
2025-10-31 06:00:00+00:00,0.012819956494811614,-0.1719582845944274,0.09038067676010451,-0.06169341291092459,0.1780062362014201,0.2835113727402334,-0.07886749007272223
2025-10-31 07:00:00+00:00,0.014580400838146374,-0.16983952836644,0.09594477804106426,-0.05683234968175041,0.18933822609637552,0.284728636318556,-0.07787863604351895
2025-10-31 08:00:00+00:00,0.016299845335039347,-0.16983952836644,0.10067844363837421,-0.05409919087977509,0.19498463511640673,0.28595049263770317,-0.07787863604351895
2025-10-31 09:00:00+00:00,-0.15127431374619013,-0.3394433426383476,0.0022171417597693973,-0.23404500374901085,-0.031072198312467977,0.8470316962796053,-0.08794005081112886
2025-10-31 10:00:00+00:00,-0.14672900053406826,-0.3394433426383476,0.010911831477284285,-0.23404500374901085,-0.018640322548480644,0.8485797730970516,-0.08794005081112886
2025-10-31 11:00:00+00:00,-0.1396557790495842,-0.346334883241877,0.027961604384963847,-0.22325936107979644,0.005732940861971457,0.8485797730970516,-0.08094043394053776
2025-10-31 12:00:00+00:00,-0.12999912722860926,-0.3581462124579626,0.04520299036858146,-0.2124226164398423,0.04332317912234748,0.8546970190699102,-0.08094043394053776
2025-10-31 13:00:00+00:00,-0.12025720455056217,-0.3581462124579626,0.06228227834895816,-0.20670885815029022,0.06852008032510673,0.855697617189754,-0.08094043394053776
2025-10-31 14:00:00+00:00,-0.10810211905645867,-0.3513460248250717,0.08394878987830058,-0.20099513267813504,0.08068453848192343,0.8567122391769783,-0.08094043394053776
2025-10-31 15:00:00+00:00,-0.10055920882574995,-0.3513460248250717,0.1058020522457109,-0.19528116992166894,0.09274913501834996,0.857740529524762,-0.08094043394053776
2025-10-31 16:00:00+00:00,-0.10835852390254708,-0.3513460248250717,0.09379815661089329,-0.20692032436542965,0.0806353198263715,0.8574051085955436,-0.08094043394053776
2025-10-31 17:00:00+00:00,-0.11621112343287712,-0.34424771573376783,0.07747813396709786,-0.2124896237482745,0.05606091639034724,0.8574051085955436,-0.0842073954902749
2025-10-31 18:00:00+00:00,-0.1237033816152864,-0.33892008341142,0.05685542574923532,-0.22741694633703607,0.03246502119729304,0.8565839965769854,-0.0842073954902749
2025-10-31 19:00:00+00:00,-0.13354739470366836,-0.3335447995728365,0.03635967724560199,-0.23848024798147857,-0.0012880936288438673,0.8557784743859143,-0.0842073954902749
2025-10-31 20:00:00+00:00,-0.13793813914608075,-0.3321461125221535,0.026403097048399868,-0.2396746347855223,-0.021596619277678485,0.8571979100338819,-0.08709329281915164
2025-10-31 21:00:00+00:00,-0.14087022365695795,-0.3307554932131945,0.018529555567978508,-0.24090683481867287,-0.03556352449870333,0.8572339198293379,-0.08848092252997086
2025-10-31 22:00:00+00:00,-0.14490292441583583,-0.3293733955710637,0.010702505276691362,-0.24238653920541386,-0.04558237356801478,0.8572839011225215,-0.08700289961277836
2025-10-31 23:00:00+00:00,-0.15019347212216067,-0.324320578092004,0.004768848618305911,-0.24500715781851945,-0.06166926616365777,0.8573480661351838,-0.08700289961277836
2025-11-01 00:00:00+00:00,-0.15621432865317106,-0.324320578092004,0.0007621765400111217,-0.250859279205532,-0.07211890557522531,0.8573480661351838,-0.08700289961277836
2025-11-01 01:00:00+00:00,-0.1641317649327308,-0.324320578092004,-0.0012629544737354848,-0.26068375549517436,-0.08270051729813287,0.8559936491478164,-0.0849900770928012
2025-11-01 02:00:00+00:00,-0.165716573022709,-0.3215997441924734,-0.0010406675063644477,-0.2613368384265686,-0.08224807776916894,0.8563344664153347,-0.08440255135940306
2025-11-01 03:00:00+00:00,-0.1672364552635108,-0.3215997441924734,-0.0008152721405539481,-0.26201336317265067,-0.08093112741514852,0.8558031687947093,-0.08440255135940306
2025-11-01 04:00:00+00:00,-0.16881994617915094,-0.3215997441924734,-0.0004722231189182205,-0.2627139455343254,-0.07967173736257174,0.8552816481740536,-0.08481573403207054
2025-11-01 05:00:00+00:00,-0.17047110892498482,-0.3215997441924734,-0.00023713334166638008,-0.2634392306347055,-0.07812858624872145,0.8547698461087454,-0.08488907750060733
2025-11-01 06:00:00+00:00,-0.17219437903353754,-0.3215997441924734,0.0,-0.2641411453984462,-0.07665081767318066,0.8547698461087454,-0.08488907750060733
2025-11-01 07:00:00+00:00,-0.16800752538511526,-0.3215997441924734,0.009389920754650923,-0.2608086200113677,-0.06498279609123182,0.8536588845770628,-0.08488907750060733
2025-11-01 08:00:00+00:00,-0.16567786282424554,-0.32649492054249446,0.018826328192808186,-0.2535652112755205,-0.04739297248910959,0.8525788677663418,-0.08488907750060733
2025-11-01 09:00:00+00:00,-0.16333618812853246,-0.3314216976097817,0.026136184701745453,-0.2437882390587942,-0.031572378480182524,0.8525788677663418,-0.08488907750060733
2025-11-01 10:00:00+00:00,-0.15946486431566842,-0.3314216976097817,0.031145659071507036,-0.24114619956478306,-0.02125277933024703,0.8501500739047128,-0.08488907750060733
2025-11-01 11:00:00+00:00,-0.15635932718118048,-0.3345313565009324,0.038723144779391636,-0.23528409097099715,-0.01079272858196223,0.8477821135757433,-0.08488907750060733
2025-11-01 12:00:00+00:00,-0.15416191114971936,-0.3376345709079626,0.04378719195593778,-0.229444616294689,-0.00018122831243538333,0.8454731555011369,-0.08488907750060733
2025-11-01 13:00:00+00:00,-0.1515688030238036,-0.3447411143649301,0.05354893060458922,-0.21824964586588563,0.01023438609997475,0.8440578540743312,-0.08848369505510444
2025-11-01 14:00:00+00:00,-0.14624855783352986,-0.3518155158516347,0.06858348716955984,-0.20708165150217736,0.01023438609997475,0.8427093320144636,-0.08848369505510444
2025-11-01 15:00:00+00:00,-0.14089076200727205,-0.3518155158516347,0.08396618020857644,-0.19593861155539397,0.02064087333577606,0.8414250574275272,-0.08848369505510444
2025-11-01 16:00:00+00:00,-0.147114235864248,-0.3607789149085127,0.07092242355344427,-0.20629121603668343,0.010768930099234084,0.8406297335711578,-0.08848369505510444
2025-11-01 17:00:00+00:00,-0.1533933398774915,-0.3607789149085127,0.05724814999080089,-0.21664620980327048,-0.008877202427284528,0.8398492348722206,-0.09179565256877312
2025-11-01 18:00:00+00:00,-0.16239061451591127,-0.3607789149085127,0.038615446145527185,-0.22155708785301037,-0.037243318499102805,0.8398492348722206,-0.09179565256877312
2025-11-01 19:00:00+00:00,-0.17041545120927806,-0.35877150937429025,0.025785501275076676,-0.22134105394440914,-0.052592206124811684,0.83898624532103,-0.08780342413701712
2025-11-01 20:00:00+00:00,-0.172546964266613,-0.35877150937429025,0.016528014632392913,-0.22134105394440914,-0.06485387751666838,0.8390546797466945,-0.08920125364719807
2025-11-01 21:00:00+00:00,-0.17512258624229235,-0.35877150937429025,0.007185434539107979,-0.22252803919677458,-0.08163655595005052,0.8390546797466945,-0.09059192521554858
2025-11-01 22:00:00+00:00,-0.179176710162056,-0.35877150937429025,0.00011861188466778611,-0.22252803919677458,-0.09499040380643857,0.8390546797466945,-0.09059192521554858
2025-11-01 23:00:00+00:00,-0.18450538555703544,-0.35877150937429025,-0.009500455960653933,-0.2247662151805064,-0.10468929985556204,0.8390546797466945,-0.08700154958598952
2025-11-02 00:00:00+00:00,-0.19135082281374646,-0.35877150937429025,-0.016951760765746816,-0.22753865708159315,-0.1145789941348964,0.8378242347686143,-0.08892888112107138
2025-11-02 01:00:00+00:00,-0.19677195921153226,-0.3658188818854892,-0.027110894428360482,-0.2303204272047004,-0.12556117258574365,0.8378242347686143,-0.09086939639321265
2025-11-02 02:00:00+00:00,-0.1979977849970042,-0.3658188818854892,-0.026960226775405768,-0.23044247604588383,-0.12334541160008392,0.8378242347686143,-0.0910672037791842
2025-11-02 03:00:00+00:00,-0.19897211128420783,-0.3658188818854892,-0.026889952054949106,-0.23056832892181683,-0.12053765576574077,0.8378242347686143,-0.09086939639321265
2025-11-02 04:00:00+00:00,-0.20068407370887245,-0.3658188818854892,-0.026858952230983193,-0.23069801587849267,-0.11955403561924532,0.8361517945676276,-0.09086939639321265
2025-11-02 05:00:00+00:00,-0.2020219595824699,-0.3658188818854892,-0.02671923772113363,-0.23152497048548565,-0.11698348432428542,0.8344978555672248,-0.09078741141264451
2025-11-02 06:00:00+00:00,-0.20340081360319148,-0.3647770628379535,-0.026405591689044338,-0.23166798987504894,-0.11456279899757822,0.8315798014421921,-0.09052103238380563
2025-11-02 07:00:00+00:00,-0.20639366873742598,-0.3655889394225837,-0.02277756022161273,-0.2245731768033502,-0.10234769798631964,0.8363256339099837,-0.08398334491147447
2025-11-02 08:00:00+00:00,-0.20334757077470375,-0.3655889394225837,-0.01416374259535817,-0.2179691525129441,-0.08778467665312532,0.8342799302441828,-0.08192608004984983
2025-11-02 09:00:00+00:00,-0.1990032877454431,-0.37061518732623244,-0.005679699188633893,-0.21144370131527015,-0.07877985555428856,0.8342799302441828,-0.08192608004984983
2025-11-02 10:00:00+00:00,-0.1950900743652496,-0.37061518732623244,0.00578766292361922,-0.20845330058960435,-0.06984082678299693,0.8322839186971348,-0.08004256012149724
2025-11-02 11:00:00+00:00,-0.1895560404483477,-0.37061518732623244,0.014511726726853608,-0.20547263782557956,-0.060962958128896086,0.8322839186971348,-0.08004256012149724
2025-11-02 12:00:00+00:00,-0.18399703903605708,-0.37061518732623244,0.023290740080754893,-0.20250153584579567,-0.052141774100271335,0.8322839186971348,-0.07816321448803115
2025-11-02 13:00:00+00:00,-0.17184104466478653,-0.36354029656062137,0.0290279330917856,-0.1870543137619904,-0.035078515568225006,0.3363632343600771,-0.0745590844921608
2025-11-02 14:00:00+00:00,-0.16253344647826173,-0.36354029656062137,0.04064830962306962,-0.18145713128062405,-0.02665654072167319,0.3374257364209542,-0.07096228386723107
2025-11-02 15:00:00+00:00,-0.1539433252984161,-0.36354029656062137,0.05238625279954367,-0.17070413607226656,-0.018206554570570743,0.3384875828541654,-0.06737271680992614
2025-11-02 16:00:00+00:00,-0.16276268205413433,-0.35437645707342025,0.035915349439578796,-0.17571735147654072,-0.03442981196087826,0.3362920507210009,-0.07068653586395553
2025-11-02 17:00:00+00:00,-0.1715819861315083,-0.34719662138493557,0.024804383726656293,-0.18072340404903167,-0.05058897969413822,0.3362920507210009,-0.07392134475604038
2025-11-02 18:00:00+00:00,-0.19014498679985117,-0.33999773455960214,0.013699275993869922,-0.1902722418717578,-0.07537217762761429,0.33521387957749943,-0.07392134475604038
2025-11-02 19:00:00+00:00,-0.2107739808046201,-0.3273838102495468,0.0025978890850685762,-0.20377461400871302,-0.09153874860927366,0.33413540515254914,-0.07706849793673584
2025-11-02 20:00:00+00:00,-0.22657382521011732,-0.3219334842785796,-0.013995559663787025,-0.21218278041656086,-0.11472632972585553,0.33305662490458243,-0.080198698176185
2025-11-02 21:00:00+00:00,-0.22288192794952283,-0.31388463005853295,-0.03068501278819079,-0.21408933622816564,-0.11828356557202419,0.3334962027415305,-0.07784411732692559
2025-11-02 22:00:00+00:00,-0.22671987848760497,-0.3106268418860554,-0.03905668406831963,-0.2159300315953627,-0.12750777529876917,0.3334962027415305,-0.07784411732692559
2025-11-02 23:00:00+00:00,-0.23174799031060753,-0.3106268418860554,-0.05062202069060948,-0.21871763516577503,-0.13182035496155728,0.3334962027415305,-0.07603693765661433
2025-11-03 00:00:00+00:00,-0.2370671449840859,-0.3106268418860554,-0.06320154279971046,-0.22249746997761108,-0.1413474812815823,0.33300692807679455,-0.07409475688198254
2025-11-03 01:00:00+00:00,-0.24292763161271344,-0.3106268418860554,-0.07340808392677485,-0.22633296332726457,-0.14576765131510144,0.33300692807679455,-0.075963269908505
2025-11-03 02:00:00+00:00,-0.2456417265713007,-0.3106268418860554,-0.0741484751108334,-0.22760861298251023,-0.14598004515725999,0.33300692807679455,-0.07637490794637052
2025-11-03 03:00:00+00:00,-0.24781232553833019,-0.3106268418860554,-0.0757474283542911,-0.22891140332126458,-0.14731513974745167,0.33307661102972624,-0.07620484304195894
2025-11-03 04:00:00+00:00,-0.25006521239840196,-0.3106268418860554,-0.0766701242034275,-0.22891140332126458,-0.14755565052844918,0.33314655693874806,-0.07620484304195894
2025-11-03 05:00:00+00:00,-0.25155203180051516,-0.3097614882037058,-0.07685711701596054,-0.23105770216265398,-0.14780392643660994,0.3332167661780156,-0.0761508858979087
2025-11-03 06:00:00+00:00,-0.2508133792785522,-0.3137623237722651,-0.07039479225885892,-0.2285904009742696,-0.1528780061915646,0.33224328611769927,-0.07173698717188787
2025-11-03 07:00:00+00:00,-0.23963297066276798,-0.3189453923607223,-0.06032647478727183,-0.22228900372311566,-0.14386781611427946,0.33224328611769927,-0.06978075583606974
2025-11-03 08:00:00+00:00,-0.23169752606351185,-0.3189453923607223,-0.04669425244719063,-0.21604897672000634,-0.12920056053517007,0.3328682124091715,-0.06783636255748061
2025-11-03 09:00:00+00:00,-0.22512318707633697,-0.3189453923607223,-0.036843556601325544,-0.20986821626439253,-0.12033957658073356,0.33349341050891346,-0.06596675658765674
2025-11-03 10:00:00+00:00,-0.2180733843783335,-0.3189453923607223,-0.02394889260432701,-0.20468253613762152,-0.1080816605753815,0.3341188817905106,-0.06057391209164958
2025-11-03 11:00:00+00:00,-0.20392824057364559,-0.3189453923607223,-0.004678519986502107,-0.19422503315149794,-0.09050957948688951,0.335342388434645,-0.050145131099732856
2025-11-03 12:00:00+00:00,-0.18913214791902586,-0.3189453923607223,0.0207623042508618,-0.1837531576026837,-0.07294051818066438,0.33652618391131967,-0.04318110714107416
2025-11-03 13:00:00+00:00,-0.1766464185234756,-0.3264609169504591,0.045193652221132155,-0.17326511233114628,-0.046143533065620516,0.33652618391131967,-0.03625315183926302
2025-11-03 14:00:00+00:00,-0.16388443566189784,-0.3359041746484051,0.0686703927200624,-0.16200576768756386,-0.02836296157426856,0.3376698694379671,-0.0327870654695706
2025-11-03 15:00:00+00:00,-0.1422978304080634,-0.342897026010558,0.09099109892847236,-0.1452929820927063,-0.028426297185455435,0.337588178823233,-0.030360999289636287
2025-11-03 16:00:00+00:00,-0.15242975037126452,-0.33559105893275715,0.06698806573419612,-0.15510491314637928,-0.044604947978442416,0.33554630630387555,-0.03356267807525183
2025-11-03 17:00:00+00:00,-0.16247252112432786,-0.328257276746987,0.04943447215194887,-0.17030660404542183,-0.06044743512710737,0.33554630630387555,-0.03674809130208077
2025-11-03 18:00:00+00:00,-0.17200020917558204,-0.328257276746987,0.02562336327815716,-0.17497357145436526,-0.07597575203085766,0.33554630630387555,-0.039917479183027495
2025-11-03 19:00:00+00:00,-0.18140872231376187,-0.328257276746987,0.00828360754354391,-0.18383437620991103,-0.09121008209247822,0.334464683168365,-0.046167006189846656
2025-11-03 20:00:00+00:00,-0.18821885468425562,-0.328257276746987,-0.00848333836806984,-0.18801552207501576,-0.10616899375417796,0.334464683168365,-0.06107857467096321
2025-11-03 21:00:00+00:00,-0.18691242342641448,-0.3212723618634331,-0.023145732693135686,-0.18751824021221178,-0.11086851568947295,0.3342717025529051,-0.06011576680816761
2025-11-03 22:00:00+00:00,-0.188664784604468,-0.31806768186199674,-0.031010467181137393,-0.19117292828329663,-0.11893300523817461,0.3347659676205756,-0.06311656608272143
2025-11-03 23:00:00+00:00,-0.19661511208962687,-0.31806768186199674,-0.03646504898370858,-0.1964532250705556,-0.1270381572884879,0.33526022536476613,-0.06855792484517283
2025-11-04 00:00:00+00:00,-0.2068297306655315,-0.3111093963553158,-0.04522551387054682,-0.2035140880744176,-0.13668681403109045,0.33571456267278954,-0.06855792484517283
2025-11-04 01:00:00+00:00,-0.2157742194184032,-0.3157451848729013,-0.05280827274411012,-0.21473808673207975,-0.14758402236619578,0.3345448746897742,-0.07477694573403622
2025-11-04 02:00:00+00:00,-0.21745522834405162,-0.3157451848729013,-0.05359893541480526,-0.21703731348183794,-0.14758402236619578,0.3345448746897742,-0.07497266605422732
2025-11-04 03:00:00+00:00,-0.21919159979736796,-0.3157451848729013,-0.05400446288933365,-0.2194269600973313,-0.14811387908645937,0.3345448746897742,-0.07517053217829625
2025-11-04 04:00:00+00:00,-0.22098610362720678,-0.31304530684072657,-0.05441024795053301,-0.22191280493179957,-0.14865536796258313,0.3345448746897742,-0.0761210483443437
2025-11-04 05:00:00+00:00,-0.22284170958660338,-0.31304530684072657,-0.054370831355284616,-0.22292518922318602,-0.14920880099670228,0.3345448746897742,-0.07655387224923373
2025-11-04 06:00:00+00:00,-0.21631712434153672,-0.3163763984009342,-0.03920198105066232,-0.22072378492553058,-0.14106343746149844,0.3345448746897742,-0.0695723988533677
2025-11-04 07:00:00+00:00,-0.21030177341224204,-0.3215566649248109,-0.030032050114492306,-0.21473724257056362,-0.1328986669984248,0.3345448746897742,-0.06774524514310433
2025-11-04 08:00:00+00:00,-0.20440436634377276,-0.3215566649248109,-0.015343902309474423,-0.20879403149800385,-0.11649637466955211,0.3345448746897742,-0.06215364605774476
2025-11-04 09:00:00+00:00,-0.19899848299731443,-0.32678276239199755,-0.006855444270515276,-0.20289261395079589,-0.10697019083228185,0.33389059740515353,-0.05854088459205644
2025-11-04 10:00:00+00:00,-0.19312347955555006,-0.32678276239199755,0.0014216676504028962,-0.20019502559962418,-0.09878137729696188,0.33389059740515353,-0.05354647109883157
2025-11-04 11:00:00+00:00,-0.1817738880692515,-0.32678276239199755,0.022987921391288413,-0.19482991269439898,-0.09072643446715559,0.3314300742284513,-0.043727861916257445
2025-11-04 12:00:00+00:00,-0.17003897210211885,-0.32678276239199755,0.044064833252168596,-0.1836694333210654,-0.0821082758083053,0.3314300742284513,-0.033939400548746806
2025-11-04 13:00:00+00:00,-0.1608542587895961,-0.33429224444147376,0.06410435260817743,-0.1725698634743367,-0.06456622094602482,0.3314300742284513,-0.027406019948821993
2025-11-04 14:00:00+00:00,-0.15178228808614563,-0.33429224444147376,0.08861163138139681,-0.16152870212766354,-0.04732632813459666,0.3314300742284513,-0.017627294349987
2025-11-04 15:00:00+00:00,-0.13735768250000566,-0.33166089351625766,0.12048929689180687,-0.1456559142393493,-0.02766032679655369,0.32858290428857323,-0.0031407247924931467
2025-11-04 16:00:00+00:00,-0.14716797525288983,-0.32441665218667354,0.10437112975851634,-0.15582248282662348,-0.04381908788983456,0.326435766906428,-0.009428238485208601
2025-11-04 17:00:00+00:00,-0.15687659139086105,-0.32441665218667354,0.08306914339885461,-0.16595830129246225,-0.05973974877535411,0.32745114903538125,-0.01875854040929581
2025-11-04 18:00:00+00:00,-0.16609743786147346,-0.31902733850295456,0.06250954571212369,-0.17081744882526223,-0.0754365101772122,0.32745114903538125,-0.02790745922068347
2025-11-04 19:00:00+00:00,-0.17519208229822777,-0.30617025601432096,0.04262730875130643,-0.18007203330916327,-0.09092265550362114,0.3285048334479558,-0.036906101619333345
2025-11-04 20:00:00+00:00,-0.17632445240761602,-0.2987418369147202,0.028172429583349555,-0.18049871809522025,-0.111450344899904,0.3283279939038296,-0.036808517167369284
2025-11-04 21:00:00+00:00,-0.17870462076884583,-0.2912580898964224,0.013863542412953303,-0.17958837561566685,-0.12934878451623388,0.3281619843157971,-0.03539081268134458
2025-11-04 22:00:00+00:00,-0.18214919113293745,-0.2912580898964224,0.006788739988360058,-0.18183214737956757,-0.13652854195991326,0.3286749433637752,-0.038418633493429326
2025-11-04 23:00:00+00:00,-0.18713516229897226,-0.29637597501711427,0.002151967413714372,-0.18447640249774297,-0.14120119434825665,0.32966171415275236,-0.045013364492234184
2025-11-05 00:00:00+00:00,-0.19195619994339458,-0.29637597501711427,-0.004883511903133328,-0.18447640249774297,-0.1459275453957967,0.33013546162141805,-0.04670244672020353
2025-11-05 01:00:00+00:00,-0.19939958353885257,-0.3009045689577487,-0.012272634142035183,-0.1925023480129461,-0.15269222464409207,0.32952801390892045,-0.05339325492716121
2025-11-05 02:00:00+00:00,-0.20052201426667074,-0.3009045689577487,-0.012468656347789315,-0.194879321500129,-0.15351991430828035,0.32944849763102146,-0.05339325492716121
2025-11-05 03:00:00+00:00,-0.20133203453398682,-0.3009045689577487,-0.012578682635600346,-0.19587794540330877,-0.15610714648053123,0.32936927780657843,-0.05379609379546851
2025-11-05 04:00:00+00:00,-0.20215727076105425,-0.3009045689577487,-0.012710431287345827,-0.19689416036254462,-0.15702783847103866,0.3292903538190553,-0.05420891509280144
2025-11-05 05:00:00+00:00,-0.20299811711464621,-0.3009045689577487,-0.012743188003850164,-0.19851003162317793,-0.15798432775385912,0.3292506337270816,-0.054495631636625054
2025-11-05 06:00:00+00:00,-0.195168573676256,-0.3009045689577487,-0.0009532320707887457,-0.19386322129798378,-0.15475138145059758,0.3286145628033055,-0.04811584992203286
2025-11-05 07:00:00+00:00,-0.1868336462275935,-0.3009045689577487,0.008247041353491023,-0.18829818025068124,-0.14562634573941513,0.32797890897606885,-0.041499782889302846
2025-11-05 08:00:00+00:00,-0.18011280450057796,-0.3009045689577487,0.017218672965250963,-0.18190038384991392,-0.13107181926487596,0.3273823349654307,-0.036574962166297964
2025-11-05 09:00:00+00:00,-0.1739046700822427,-0.3009045689577487,0.02825741636442521,-0.17559599662940897,-0.12234058523128753,0.32678601695766685,-0.031804692898232234
2025-11-05 10:00:00+00:00,-0.16738706253286995,-0.3009045689577487,0.037055502182047936,-0.17016286916249637,-0.11497702789077058,0.3261899536632562,-0.02872125926893489
2025-11-05 11:00:00+00:00,-0.15968940212586025,-0.3009045689577487,0.05477775727457758,-0.159480414319906,-0.08345357883136571,0.3249976770687317,-0.01951251377633748
2025-11-05 12:00:00+00:00,-0.151766610057692,-0.29315714981967966,0.07187293095008519,-0.14883153631928053,-0.06664502919697415,0.3238439247063747,-0.007258430922837447
2025-11-05 13:00:00+00:00,-0.14082398937999657,-0.29315714981967966,0.08805574022958139,-0.1382143026944758,-0.03352841160912895,0.32157442755667687,-0.0011197840535435643
2025-11-05 14:00:00+00:00,-0.1300289541817028,-0.29315714981967966,0.10374445730353092,-0.13306969907453967,-0.00901599837372835,0.3204584339980915,0.008055641845046653
2025-11-05 15:00:00+00:00,-0.12411154130421684,-0.3027214542557892,0.11465646922308564,-0.11842360461934863,0.0005001542945183718,0.3177872851013518,0.024051240832292965
2025-11-05 16:00:00+00:00,-0.13111765105456602,-0.2951107860057129,0.09651607984574033,-0.12377371184281438,-0.015585750672937914,0.3177872851013518,0.01169575177814965
2025-11-05 17:00:00+00:00,-0.13786671579445517,-0.2951107860057129,0.07873623917052966,-0.13358100311195797,-0.03917798165040661,0.318864868381742,0.0055551087950724675
2025-11-05 18:00:00+00:00,-0.14662234539556734,-0.2892721065935281,0.06094225186664584,-0.13829271699362314,-0.062172371794543185,0.318864868381742,-0.003569716345380515
2025-11-05 19:00:00+00:00,-0.1552589818265733,-0.2833563372274721,0.04367538577336748,-0.14729437540849621,-0.07758398917110465,0.318864868381742,-0.015581821181140428
2025-11-05 20:00:00+00:00,-0.15825225316271876,-0.2755429357577631,0.027420127742146572,-0.14415765704551067,-0.09978986592963496,0.31987368242856423,-0.017777530862237472
2025-11-05 21:00:00+00:00,-0.1627224698923564,-0.2755429357577631,0.01693149880585489,-0.14737436294453968,-0.11037045582621698,0.32040248869099724,-0.02352655811363551
2025-11-05 22:00:00+00:00,-0.16713085413838594,-0.2755429357577631,0.00884536706245403,-0.15352323724280095,-0.1190407830516687,0.3209312758349874,-0.027952180374383073
2025-11-05 23:00:00+00:00,-0.17171420149567967,-0.2755429357577631,-0.001009004924191366,-0.1615726600310523,-0.13133486560131574,0.32146004490460234,-0.032638624640333576
2025-11-06 00:00:00+00:00,-0.17305897338145282,-0.2826615134022315,-0.006981192317082599,-0.17461787155737052,-0.1403066323781918,0.32247952451499245,-0.03423978071635934
2025-11-06 01:00:00+00:00,-0.1776280278673777,-0.28725943178546814,-0.010271723496771681,-0.18422234591507566,-0.14848813556828783,0.3219801455621123,-0.043012531893363404
2025-11-06 02:00:00+00:00,-0.17853006613600642,-0.290143593231686,-0.010452106933818954,-0.18622204514670757,-0.15185891799145598,0.3219801455621123,-0.0433305711623147
2025-11-06 03:00:00+00:00,-0.17909255965193846,-0.290143593231686,-0.010674056157345374,-0.1883012655232702,-0.15303716336489742,0.32195674834927723,-0.04376834457668434
2025-11-06 04:00:00+00:00,-0.1796636692035373,-0.290143593231686,-0.010857138128583336,-0.19211228196566452,-0.15462524230446342,0.3219335879444397,-0.04421630202122653
2025-11-06 05:00:00+00:00,-0.1804173816481437,-0.2939485912405419,-0.0066284455393996085,-0.19132467441639556,-0.15080626158895508,0.3205280001636046,-0.04521138328720938
2025-11-06 06:00:00+00:00,-0.1774372807575072,-0.2939485912405419,0.002760272822908128,-0.18274654763003767,-0.14267413291973335,0.3199152639553533,-0.04220383070391323
2025-11-06 07:00:00+00:00,-0.17261845156264988,-0.2939485912405419,0.011805432790828681,-0.17991585995681178,-0.1345901165079776,0.3193404781553093,-0.03758933097157984
2025-11-06 08:00:00+00:00,-0.16841644415851284,-0.2939485912405419,0.022232700165732838,-0.17385633866656847,-0.12154942406423583,0.3187659237566678,-0.033036392757428944
2025-11-06 09:00:00+00:00,-0.16188811064005015,-0.2939485912405419,0.029072924693096875,-0.1678667173843257,-0.11363758812129257,0.3187659237566678,-0.030100777872134034
2025-11-06 10:00:00+00:00,-0.15203427481228662,-0.2924046898220436,0.03981770836703109,-0.1537488748061724,-0.09778519913574706,0.3171137836415292,-0.02811204457468523
2025-11-06 11:00:00+00:00,-0.14491936778520487,-0.28451916507124614,0.053809623064997036,-0.13764109981244696,-0.08193369679271241,0.3159916214163768,-0.022294851488625627
2025-11-06 12:00:00+00:00,-0.13534475907220583,-0.28451916507124614,0.06708826063837728,-0.11689270703366696,-0.06612368292324168,0.3148694308279992,-0.01648286823407781
2025-11-06 13:00:00+00:00,-0.1255991078943791,-0.28451916507124614,0.08301130572536225,-0.10095608677589789,-0.04213133603881892,0.31378416561107464,-0.010675778421967203
2025-11-06 14:00:00+00:00,-0.11229411807353674,-0.2822289726822003,0.11126267065798075,-0.07479369799611353,-0.010447511506282304,0.3119355524462742,0.0013281198016867532
2025-11-06 15:00:00+00:00,-0.10060589852901804,-0.27223579036626827,0.14064463431986876,-0.06188835081086849,0.008818717838626278,0.3101421432985485,0.013070521899175878
2025-11-06 16:00:00+00:00,-0.10735896278721026,-0.27223579036626827,0.12252912488098944,-0.0723961185554275,-0.00715040461754216,0.3112297323698893,0.004099237516415396
2025-11-06 17:00:00+00:00,-0.11621072791520233,-0.27223579036626827,0.10419259439376666,-0.08282799132961663,-0.030855054083621977,0.3123168075088136,-0.0018620334247155985
2025-11-06 18:00:00+00:00,-0.12272340913206164,-0.265964529100169,0.08967549175666009,-0.0879133172928934,-0.06255193865176595,0.3145264272662844,-0.013672038785052335
2025-11-06 19:00:00+00:00,-0.12578871043372328,-0.2559650066443451,0.08370786498894313,-0.08592328809381468,-0.07855436139689669,0.3156220727026651,-0.016547996632277732
2025-11-06 20:00:00+00:00,-0.1297950818379039,-0.24774871935634518,0.07775930061533291,-0.08609808867709536,-0.09464877338847046,0.31674714017558475,-0.020933722413703313
2025-11-06 21:00:00+00:00,-0.135485033226686,-0.24774871935634518,0.06847033509563079,-0.08819263408867926,-0.10289702182505812,0.3172996442969212,-0.025318216781993894
2025-11-06 22:00:00+00:00,-0.140299618305777,-0.24774871935634518,0.05744034459593715,-0.09291373532756983,-0.10289702182505812,0.31836723304954195,-0.026820771329724713
2025-11-06 23:00:00+00:00,-0.14470245789112826,-0.2534019364157813,0.050776279942409394,-0.10085651031119004,-0.11230485675126986,0.3194345840316398,-0.029966580351147076
2025-11-07 00:00:00+00:00,-0.14958562873730716,-0.2534019364157813,0.044105081271744284,-0.11290959627158437,-0.12195227111219324,0.32050170592931687,-0.033231637740505256
2025-11-07 01:00:00+00:00,-0.1561725649369129,-0.25816173497329653,0.03857628402360843,-0.12355348234596347,-0.1325033009768484,0.3200951618556373,-0.040970862119558665
2025-11-07 02:00:00+00:00,-0.157065744433948,-0.25816173497329653,0.038143668634777736,-0.12567803665302346,-0.1346932348074794,0.3200058067495971,-0.041588606593924965
2025-11-07 03:00:00+00:00,-0.15777227774788583,-0.25816173497329653,0.03773424329121435,-0.1278943933587841,-0.13620293829347252,0.31997652519797476,-0.04221965277780041
2025-11-07 04:00:00+00:00,-0.15848805038290084,-0.2552260846404568,0.03730589103307017,-0.13020971826567562,-0.1385519682473781,0.31995603700212766,-0.04286458331581609
2025-11-07 05:00:00+00:00,-0.1604046362868281,-0.2591656222377842,0.039393017494606664,-0.13090907438726754,-0.1397752256253885,0.3181428588196059,-0.04619773655760733
2025-11-07 06:00:00+00:00,-0.15778351408458846,-0.2591656222377842,0.04519771337340122,-0.1261079559247617,-0.13395286149571456,0.31696085630278087,-0.04203726919685462
2025-11-07 07:00:00+00:00,-0.15305575439492777,-0.2591656222377842,0.05679217564246584,-0.12354553795235182,-0.12647376182885733,0.31638890693922744,-0.037718512349978355
2025-11-07 08:00:00+00:00,-0.14887028379544515,-0.26438304859056216,0.06199369428109024,-0.12098640448828328,-0.11898333770373612,0.3158172948101428,-0.03344934545629488
2025-11-07 09:00:00+00:00,-0.1446914144395608,-0.26438304859056216,0.0715078090951596,-0.11843043440787879,-0.11147831973556022,0.3147117192474086,-0.029291894430833507
2025-11-07 10:00:00+00:00,-0.14044523738644782,-0.26298952248267726,0.08070675592441624,-0.10958739517293348,-0.1084249400379066,0.31267757419847925,-0.021026176378139482
2025-11-07 11:00:00+00:00,-0.13248443888733988,-0.26298952248267726,0.09257254360470078,-0.099283489131654,-0.0925118973786615,0.31156651275186603,-0.015460386135847779
2025-11-07 12:00:00+00:00,-0.12637904102375197,-0.2569202437227399,0.10726522418964875,-0.0889396473772607,-0.07653172429575562,0.31049178743196443,-0.007070308007761848
2025-11-07 13:00:00+00:00,-0.12023621788541457,-0.2708475359787013,0.11884961024603925,-0.07855354549182703,-0.06872595627485388,0.3083780609522771,0.001342812863752081
2025-11-07 14:00:00+00:00,-0.1118844931654939,-0.2708475359787013,0.1330432508297845,-0.0681228020730783,-0.05258158166371282,0.3073388371050991,0.009780119481664412
2025-11-07 15:00:00+00:00,-0.10289770083829892,-0.26864036900039234,0.15107730544421727,-0.05581474576742779,-0.03291118727140719,0.30514960704364147,0.019305441396965006
2025-11-07 16:00:00+00:00,-0.11290643399968583,-0.26864036900039234,0.13203094587253583,-0.06751685335952355,-0.05081929254788835,0.30837192671195884,0.016265491421530987
2025-11-07 17:00:00+00:00,-0.12539338283659587,-0.26864036900039234,0.11598239377253051,-0.07928538707542356,-0.06799586918916717,0.30948067771053633,0.010138875681838919
2025-11-07 18:00:00+00:00,-0.13275202169444458,-0.26864036900039234,0.09965060372267265,-0.07928538707542356,-0.08488141194397296,0.31058895904569955,0.0010087966102833206
2025-11-07 19:00:00+00:00,-0.13850777873882444,-0.26505422444110827,0.09011053269448979,-0.06714047672650908,-0.0862406805698379,0.3107017955537238,-0.0026202453043566794
2025-11-07 20:00:00+00:00,-0.14094638494435632,-0.26505422444110827,0.08145652313656493,-0.06149556489153063,-0.0862406805698379,0.3107017955537238,-0.005769198289397755
2025-11-07 21:00:00+00:00,-0.143250820901116,-0.26505422444110827,0.07138514805506091,-0.0557635925939059,-0.09016148131106144,0.3112740433503306,-0.010435722752024104
2025-11-07 22:00:00+00:00,-0.1465962609552297,-0.26505422444110827,0.05992941420148654,-0.058722597604633726,-0.09959500984166883,0.31184628475474874,-0.013559349364899593
2025-11-07 23:00:00+00:00,-0.1494329687717912,-0.26505422444110827,0.0505092421782595,-0.06513675789766861,-0.10465672674854218,0.31241852088929134,-0.015167029152928517
2025-11-08 00:00:00+00:00,-0.15256612544304682,-0.26505422444110827,0.04120116483107133,-0.07159105671074263,-0.10977463401267809,0.31299075287496414,-0.0167955151327654
2025-11-08 01:00:00+00:00,-0.15572836797410217,-0.26505422444110827,0.030216769719331852,-0.07808732855073687,-0.11944848710612006,0.3135993637523136,-0.01844871667447575
2025-11-08 02:00:00+00:00,-0.15658083337978487,-0.26817867151049596,0.029647038744077783,-0.07886676347374312,-0.12075422432153367,0.3136927534703197,-0.01910281936268227
2025-11-08 03:00:00+00:00,-0.1579939255190366,-0.26505422444110827,0.029073877652050488,-0.07965697221280478,-0.12075422432153367,0.31375797074501005,-0.019688640486578687
2025-11-08 04:00:00+00:00,-0.15903004779755475,-0.257373094240907,0.028496948721097797,-0.08017192446421303,-0.12104403473544773,0.31382340922544577,-0.02007084504941337
2025-11-08 05:00:00+00:00,-0.16008297404804675,-0.257373094240907,0.02795386443369832,-0.08098084563054096,-0.12104403473544773,0.31388906908984326,-0.02007084504941337
2025-11-08 06:00:00+00:00,-0.16617175318734437,-0.2610901991946709,0.032642191395169703,-0.08122900747276232,-0.11848321822277337,0.31398048106280524,-0.018038506241454595
2025-11-08 07:00:00+00:00,-0.16473399649427584,-0.26577693299362826,0.040934945818241,-0.07861199844079605,-0.11003703961817378,0.3130687288787247,-0.013975206073244801
2025-11-08 08:00:00+00:00,-0.16328877353185708,-0.26577693299362826,0.04917609583601632,-0.07861199844079605,-0.11003703961817378,0.31263107523125794,-0.009951396956888703
2025-11-08 09:00:00+00:00,-0.16183591759637594,-0.26577693299362826,0.06049463088180682,-0.08122900747276232,-0.1061904742946333,0.31219342572839925,-0.00597899772021614
2025-11-08 10:00:00+00:00,-0.1597649093017891,-0.2704316703809303,0.0710918310707809,-0.07622180657927607,-0.1061904742946333,0.3113543768162288,-0.003348940346752911
2025-11-08 11:00:00+00:00,-0.1576759647683454,-0.2704316703809303,0.08018181432803914,-0.07622180657927607,-0.0991254560372474,0.3109529257818587,0.0019269108187460172
2025-11-08 12:00:00+00:00,-0.15919528759394297,-0.27315146265392326,0.09433643537998732,-0.07762423674131207,-0.08911078987372095,0.31094479906170663,0.00666167820564923
2025-11-08 13:00:00+00:00,-0.15340245308474962,-0.27315146265392326,0.11330641961643875,-0.07209823546059013,-0.08160114216063959,0.30903068211663154,0.01503508719160175
2025-11-08 14:00:00+00:00,-0.15145405854535374,-0.27315146265392326,0.13261914852509402,-0.06657057257906784,-0.0667675251242395,0.3071142311412796,0.0206229056689553
2025-11-08 15:00:00+00:00,-0.14744974021783225,-0.28053008240890015,0.15229958705066496,-0.06104095132381741,-0.05073798921975797,0.30617305360886204,0.026219554417896293
2025-11-08 16:00:00+00:00,-0.15348491065760178,-0.27091492886930285,0.12918144045408955,-0.067239293532043,-0.06938616303432361,0.30730072956216686,0.020022581937063286
2025-11-08 17:00:00+00:00,-0.17341290188018144,-0.27091492886930285,0.10505839465744178,-0.067239293532043,-0.07853572352312373,0.30730072956216686,0.010672835743012346
2025-11-08 18:00:00+00:00,-0.19217471723088814,-0.2630022477068007,0.08412217192511728,-0.067239293532043,-0.07853572352312373,0.30730072956216686,0.004459161573819028
