time_utc,6.8x51mm Hybrid,7.62x51mm M62,7.62x54R BT,5.8x42mm DVC12,5.7x28mm SS190,7.62x39mm AP,9x39mm BP,4.6x30mm AP SX,12.7x55mm PS12B,5.56x45mm M995
2025-11-20 19:00:00+00:00,,,,,,,,,,
2025-11-20 20:00:00+00:00,,,,,,,,,,
2025-11-20 21:00:00+00:00,,,,,,,,,,
2025-11-20 22:00:00+00:00,,,,,,,,,,
2025-11-20 23:00:00+00:00,,,,,,,,,,
2025-11-21 00:00:00+00:00,,,,,,,,,,
2025-11-21 01:00:00+00:00,,,,,,,,,,
2025-11-21 02:00:00+00:00,,,,,,,,,,
2025-11-21 03:00:00+00:00,,,,,,,,,,
2025-11-21 04:00:00+00:00,,,,,,,,,,
2025-11-21 05:00:00+00:00,,,,,,,,,,
2025-11-21 06:00:00+00:00,,,,,,,,,,
2025-11-21 07:00:00+00:00,,,,,,,,,,
2025-11-21 08:00:00+00:00,,,,,,,,,,
2025-11-21 09:00:00+00:00,,,,,,,,,,
2025-11-21 10:00:00+00:00,,,,,,,,,,
2025-11-21 11:00:00+00:00,,,,,,,,,,
2025-11-21 12:00:00+00:00,,,,,,,,,,
2025-11-21 13:00:00+00:00,,,,,,,,,,
2025-11-21 14:00:00+00:00,,,,,,,,,,
2025-11-21 15:00:00+00:00,,,,,,,,,,
2025-11-21 16:00:00+00:00,,,,,,,,,,
2025-11-21 17:00:00+00:00,,,,,,,,,,
2025-11-21 18:00:00+00:00,,,,,,,,,,
2025-11-21 19:00:00+00:00,,,,,,,,,,
2025-11-21 20:00:00+00:00,,,,,,,,,,
2025-11-21 21:00:00+00:00,,,,,,,,,,
2025-11-21 22:00:00+00:00,,,,,,,,,,
2025-11-21 23:00:00+00:00,,,,,,,,,,
2025-11-22 00:00:00+00:00,,,,,,,,,,
2025-11-22 01:00:00+00:00,,,,,,,,,,
2025-11-22 02:00:00+00:00,,,,,,,,,,
2025-11-22 03:00:00+00:00,,,,,,,,,,
2025-11-22 04:00:00+00:00,,,,,,,,,,
2025-11-22 05:00:00+00:00,,,,,,,,,,
2025-11-22 06:00:00+00:00,,,,,,,,,,
2025-11-22 07:00:00+00:00,,,,,,,,,,
2025-11-22 08:00:00+00:00,,,,,,,,,,
2025-11-22 09:00:00+00:00,,,,,,,,,,
2025-11-22 10:00:00+00:00,,,,,,,,,,
2025-11-22 11:00:00+00:00,,,,,,,,,,
2025-11-22 12:00:00+00:00,,,,,,,,,,
2025-11-22 13:00:00+00:00,,,,,,,,,,
2025-11-22 14:00:00+00:00,,,,,,,,,,
2025-11-22 15:00:00+00:00,,,,,,,,,,
2025-11-22 16:00:00+00:00,,,,,,,,,,
2025-11-22 17:00:00+00:00,,,,,,,,,,
2025-11-22 18:00:00+00:00,,,,,,,,,,
2025-11-22 19:00:00+00:00,,,,,,,,,,
2025-11-22 20:00:00+00:00,,,,,,,,,,
2025-11-22 21:00:00+00:00,,,,,,,,,,
2025-11-22 22:00:00+00:00,,,,,,,,,,
2025-11-22 23:00:00+00:00,,,,,,,,,,
2025-11-23 00:00:00+00:00,,,,,,,,,,
2025-11-23 01:00:00+00:00,,,,,,,,,,
2025-11-23 02:00:00+00:00,,,,,,,,,,
2025-11-23 03:00:00+00:00,,,,,,,,,,
2025-11-23 04:00:00+00:00,,,,,,,,,,
2025-11-23 05:00:00+00:00,,,,,,,,,,
2025-11-23 06:00:00+00:00,,,,,,,,,,
2025-11-23 07:00:00+00:00,,,,,,,,,,
2025-11-23 08:00:00+00:00,,,,,,,,,,
2025-11-23 09:00:00+00:00,,,,,,,,,,
2025-11-23 10:00:00+00:00,,,,,,,,,,
2025-11-23 11:00:00+00:00,,,,,,,,,,
2025-11-23 12:00:00+00:00,,,,,,,,,,
2025-11-23 13:00:00+00:00,,,,,,,,,,
2025-11-23 14:00:00+00:00,,,,,,,,,,
2025-11-23 15:00:00+00:00,,,,,,,,,,
2025-11-23 16:00:00+00:00,,,,,,,,,,
2025-11-23 17:00:00+00:00,,,,,,,,,,
2025-11-23 18:00:00+00:00,,,,,,,,,,
2025-11-23 19:00:00+00:00,,,,,,,,,,
2025-11-23 20:00:00+00:00,,,,,,,,,,
2025-11-23 21:00:00+00:00,,,,,,,,,,
2025-11-23 22:00:00+00:00,,,,,,,,,,
2025-11-23 23:00:00+00:00,,,,,,,,,,
2025-11-24 00:00:00+00:00,,,,,,,,,,
2025-11-24 01:00:00+00:00,,,,,,,,,,
2025-11-24 02:00:00+00:00,,,,,,,,,,
2025-11-24 03:00:00+00:00,,,,,,,,,,
2025-11-24 04:00:00+00:00,,,,,,,,,,
2025-11-24 05:00:00+00:00,,,,,,,,,,
2025-11-24 06:00:00+00:00,,,,,,,,,,
2025-11-24 07:00:00+00:00,,,,,,,,,,
2025-11-24 08:00:00+00:00,,,,,,,,,,
2025-11-24 09:00:00+00:00,,,,,,,,,,
2025-11-24 10:00:00+00:00,,,,,,,,,,
2025-11-24 11:00:00+00:00,,,,,,,,,,
2025-11-24 12:00:00+00:00,,,,,,,,,,
2025-11-24 13:00:00+00:00,,,,,,,,,,
2025-11-24 14:00:00+00:00,,,,,,,,,,
2025-11-24 15:00:00+00:00,,,,,,,,,,
2025-11-24 16:00:00+00:00,,,,,,,,,,
2025-11-24 17:00:00+00:00,,,,,,,,,,
2025-11-24 18:00:00+00:00,,,,,,,,,,
2025-11-24 19:00:00+00:00,,,,,,,,,,
2025-11-24 20:00:00+00:00,,,,,,,,,,
2025-11-24 21:00:00+00:00,,,,,,,,,,
2025-11-24 22:00:00+00:00,,,,,,,,,,
2025-11-24 23:00:00+00:00,,,,,,,,,,
2025-11-25 00:00:00+00:00,,,,,,,,,,
2025-11-25 01:00:00+00:00,,,,,,,,,,
2025-11-25 02:00:00+00:00,,,,,,,,,,
2025-11-25 03:00:00+00:00,,,,,,,,,,
2025-11-25 04:00:00+00:00,,,,,,,,,,
2025-11-25 05:00:00+00:00,,,,,,,,,,
2025-11-25 06:00:00+00:00,,,,,,,,,,
2025-11-25 07:00:00+00:00,,,,,,,,,,
2025-11-25 08:00:00+00:00,,,,,,,,,,
2025-11-25 09:00:00+00:00,,,,,,,,,,
2025-11-25 10:00:00+00:00,,,,,,,,,,
2025-11-25 11:00:00+00:00,,,,,,,,,,
2025-11-25 12:00:00+00:00,,,,,,,,,,
2025-11-25 13:00:00+00:00,,,,,,,,,,
2025-11-25 14:00:00+00:00,,,,,,,,,,
2025-11-25 15:00:00+00:00,,,,,,,,,,
2025-11-25 16:00:00+00:00,,,,,,,,,,
2025-11-25 17:00:00+00:00,,,,,,,,,,
2025-11-25 18:00:00+00:00,-0.22406869327022508,-0.07333039563813432,-0.0714817746765254,0.03241676936472396,-0.13201686394492848,0.22237920971098665,-0.029057698093047802,0.044581462757933295,-0.04760974461620511,-0.14213957967266064
2025-11-25 19:00:00+00:00,-0.22406869327022508,-0.07333039563813432,-0.0714817746765254,0.03241676936472396,-0.13201686394492848,0.22237920971098665,-0.029057698093047802,0.044581462757933295,-0.04760974461620511,-0.14213957967266064
2025-11-25 20:00:00+00:00,-0.22406869327022508,-0.07333039563813432,-0.0714817746765254,0.03241676936472396,-0.13201686394492848,0.22237920971098665,-0.029057698093047802,0.044581462757933295,-0.04760974461620511,-0.14213957967266064
2025-11-25 21:00:00+00:00,-0.22406869327022508,-0.07333039563813432,-0.0714817746765254,0.03241676936472396,-0.13201686394492848,0.22237920971098665,-0.029057698093047802,0.044581462757933295,-0.04760974461620511,-0.14213957967266064
2025-11-25 22:00:00+00:00,-0.22406869327022508,-0.07333039563813432,-0.0714817746765254,0.03241676936472396,-0.13201686394492848,0.22237920971098665,-0.029057698093047802,0.044581462757933295,-0.04760974461620511,-0.14213957967266064
2025-11-25 23:00:00+00:00,-0.22406869327022508,-0.07333039563813432,-0.0714817746765254,0.03241676936472396,-0.13201686394492848,0.22237920971098665,-0.029057698093047802,0.044581462757933295,-0.04760974461620511,-0.14213957967266064
2025-11-26 00:00:00+00:00,-0.21836454513737064,-0.06777199857902952,-0.06669389422150808,0.03748261251578571,-0.13497267612442407,0.22421802351871253,-0.022868867406120593,0.05125428849580101,-0.036794478167101276,-0.13611217866160188
2025-11-26 01:00:00+00:00,-0.22039852482536998,-0.07118485326189965,-0.06974552039130645,0.03270910328455334,-0.12276810923479844,0.2216418575821955,-0.027324795719464237,0.04513336052312323,-0.048307188299460804,-0.13891156355019277
2025-11-26 02:00:00+00:00,-0.22238054193559936,-0.07449041344188362,-0.07271072138651682,0.029283818158678896,-0.12400960265481581,0.2191207008360739,-0.03161135608844816,0.03929455200256495,-0.050673594447502135,-0.14162829099118307
2025-11-26 03:00:00+00:00,-0.22431269121027503,-0.07769414922993877,-0.07559336821190485,0.02595299464505206,-0.12665448843815996,0.21665279392658124,-0.03573931735282206,0.033715879766683374,-0.0529847838503111,-0.14466389738727933
2025-11-26 04:00:00+00:00,-0.23234317361106982,-0.08875073133672776,-0.08536452998569012,0.015658458358467665,-0.13435719999688098,0.20899584223783368,-0.04930802903362993,0.019659446234888543,-0.052782834579820845,-0.15464484981820548
2025-11-26 05:00:00+00:00,-0.2400853940128384,-0.09937184099127731,-0.08219735952178639,0.012352674520349789,-0.13572769150037994,0.2118830827359955,-0.0622723103978353,0.0108422133467222,-0.06734304305860106,-0.16423984811804782
2025-11-26 06:00:00+00:00,-0.2373711706281759,-0.10458138111243792,-0.0791140039039066,0.015646599498573055,-0.1349261737615223,0.2189403864935676,-0.06138237792252139,0.013667776016356761,-0.06696193359637176,-0.17347094093101567
2025-11-26 07:00:00+00:00,-0.23065394179971951,-0.09872513610945388,-0.07611100836096196,0.022032058536403477,-0.13196839766379054,0.2293057873286692,-0.05583041508996496,0.016420944148892735,-0.058898977361464606,-0.18235852264733246
2025-11-26 08:00:00+00:00,-0.22412299820639325,-0.0872228588416237,-0.0731851132830098,0.028233028571196684,-0.13123813697138415,0.23922626156237614,-0.05043064486351374,0.019104606747356968,-0.05863210804732048,-0.18240682952375434
2025-11-26 09:00:00+00:00,-0.21777052006000372,-0.07613286047053747,-0.07033324019482172,0.031191310713121166,-0.1365055141905523,0.24873058172918877,-0.04517674266998868,0.02172149455507218,-0.05837285724644226,-0.17922243786757452
2025-11-26 10:00:00+00:00,-0.212701796980139,-0.06690282132961352,-0.06521736120572212,0.03071391302821926,-0.14475005362757928,0.2581985652169547,-0.04004524574242419,0.018600766476995354,-0.05763149882836717,-0.17843107140993686
2025-11-26 11:00:00+00:00,-0.2078665852743576,-0.05806902815314975,-0.06031656510497455,0.030260108128510262,-0.1493835564209677,0.2672473646339121,-0.0351263210409565,0.015607120606268761,-0.05692830621871181,-0.17769830209283474
2025-11-26 12:00:00+00:00,-0.20324738419046015,-0.04960351099681624,-0.055615622045857876,0.034887539060206724,-0.15057303057682944,0.28191102683601293,-0.030405077788418063,0.01273170966547768,-0.05626025880554928,-0.17701885998928038
2025-11-26 13:00:00+00:00,-0.19882849834173913,-0.04148106813319959,-0.030940902939780406,0.04424695262800687,-0.1381664607305255,0.29578705795863725,-0.025868101594399222,0.009966561825652382,-0.05562465631087459,-0.17638806647979435
2025-11-26 14:00:00+00:00,-0.19153094338531373,-0.030170389803373984,0.002003122138612379,0.05672908998954938,-0.12529991541656765,0.3135094369105302,-0.01951506383023338,0.0061281006720954176,-0.03805724637528011,-0.16728016719989142
2025-11-26 15:00:00+00:00,-0.18473241694542367,-0.019535825084156824,0.032375490356331284,0.06847900542985871,-0.11779407523521868,0.3300201686721673,-0.013533427119638492,0.0072223486267174505,-0.03738321382766456,-0.15876494184696427
2025-11-26 16:00:00+00:00,-0.18512196018193605,-0.02462108558383922,0.0160590105286886,0.06112426282974382,-0.11963449483549553,0.3123677008465188,-0.016368574707413635,0.006540394224846684,-0.04527773424105226,-0.16042048875347564
2025-11-26 17:00:00+00:00,-0.1893714659420479,-0.03529852815892988,0.0005006280911018856,0.05398777914630384,-0.1214301601276364,0.29542815905379516,-0.019129436336116596,0.005876159756740925,-0.04490479339106947,-0.16203722988979474
2025-11-26 18:00:00+00:00,-0.2055980324620738,-0.045595985165273134,-0.014352370084507345,0.047059712601348176,-0.1253865519724461,0.27915904331033237,-0.02181911340776687,0.005228903404416607,-0.0524612972505448,-0.16361662787795514
2025-11-26 19:00:00+00:00,-0.22288271623851622,-0.055533387551728965,-0.028547831483731047,0.040330818841007296,-0.12483315752574956,0.26352117819425497,-0.024440526941806533,0.0022020687594765873,-0.05978793970434368,-0.16516006728159813
2025-11-26 20:00:00+00:00,-0.2389588016295585,-0.0651292962420602,-0.042129295632249195,0.033792405335129956,-0.12864761087887033,0.24847839288555057,-0.026996431058568714,-0.0007480008386281529,-0.05925361576009094,-0.16666886005515838
2025-11-26 21:00:00+00:00,-0.24192932225903474,-0.07053364283473502,-0.042721328930904995,0.031210949548638088,-0.13024065934167053,0.24190973080926,-0.028982216281816887,-0.0019188075915373944,-0.05911464039413697,-0.16744574729258643
2025-11-26 22:00:00+00:00,-0.24411548258456348,-0.0757408023283005,-0.043303996151222136,0.030044737489639872,-0.13015218184186544,0.24070767521594272,-0.029998227523961692,-0.0011872419050516741,-0.05897787712533606,-0.16821012825366685
2025-11-26 23:00:00+00:00,-0.2426167586121293,-0.07519321860182411,-0.043877518658998534,0.033985093446861826,-0.13170498223880547,0.24136214634016032,-0.0271270076977809,0.002327719309065459,-0.05202043382354903,-0.16253617189443006
2025-11-27 00:00:00+00:00,-0.24335573002188038,-0.07700898585249341,-0.04573065482999966,0.03101921982807341,-0.13307283686930246,0.23939966374428234,-0.02962131198393434,-0.0003245713263643058,-0.053392053239193764,-0.16369273481745178
2025-11-27 01:00:00+00:00,-0.24408247322884613,-0.07877808317751399,-0.04753892539167496,0.028887503949086516,-0.13377285710412898,0.23885914796717467,-0.03203686732424092,-0.0028948867814319068,-0.05473683822816721,-0.16484691447242225
2025-11-27 02:00:00+00:00,-0.2447972803396562,-0.08050249977460802,-0.04930408292790622,0.026806754631524134,-0.1349439569024342,0.23832645015178067,-0.034377915476191186,-0.005387474308189222,-0.05605559714507563,-0.16597693634089267
2025-11-27 03:00:00+00:00,-0.2455004350593176,-0.0821841032646864,-0.04895447840898268,0.024775035595373803,-0.136233933302075,0.23780140189564872,-0.03664836939284572,-0.007806267771382853,-0.05734910514618536,-0.16708361851011855
2025-11-27 04:00:00+00:00,-0.2511171786398008,-0.09024708209229719,-0.0474567865940964,0.0169883344569975,-0.14046576090331434,0.23530018681860643,-0.04648295830174315,-0.017535036790256607,-0.06286198665517148,-0.17388841842164354
2025-11-27 05:00:00+00:00,-0.2545707796912092,-0.09444662385571531,-0.04598905903386633,0.011914834318825026,-0.14307015348940086,0.23285068491419827,-0.05596785064859448,-0.023582481053261203,-0.06823838297057121,-0.18049037381148653
2025-11-27 06:00:00+00:00,-0.253085504075221,-0.09063326703980894,-0.044550368634253074,0.014300466218629453,-0.14067872003367285,0.23698023260987044,-0.056940806736916316,-0.022697361975652353,-0.06787777739673408,-0.18689851551476158
2025-11-27 07:00:00+00:00,-0.24878327971965447,-0.08265091499780305,-0.04313982747957652,0.019029719812651995,-0.14003163344458608,0.24348236756007421,-0.05443176862692572,-0.020119297394280575,-0.06752464208843965,-0.19312134085742358
2025-11-27 08:00:00+00:00,-0.24457094793782622,-0.07488917940365199,-0.04175658472330337,0.023651916065254772,-0.13597490947766874,0.2497835481556748,-0.051972572152877136,-0.017592596076273857,-0.06130864231469569,-0.192832396672097
2025-11-27 09:00:00+00:00,-0.2364857068790558,-0.061485749442645156,-0.039196619156247565,0.031590893498494886,-0.13149096607194796,0.26080810564886203,-0.04752062653927726,-0.016103770557753007,-0.06056481669093166,-0.18722731761588177
2025-11-27 10:00:00+00:00,-0.22867368583823644,-0.04859992966754011,-0.03671763526937449,0.0352036932430089,-0.14083961995593378,0.26659034918326885,-0.04617063999769826,-0.014661324127319632,-0.059848153015389836,-0.18609308788501633
2025-11-27 11:00:00+00:00,-0.22111993703168786,-0.036201575039083826,-0.03431533140261989,0.038708668093928686,-0.1392583995859148,0.2721883840990758,-0.044864061117126396,-0.01612491843791398,-0.05915707688966657,-0.185005987281161
2025-11-27 12:00:00+00:00,-0.21381065180880302,-0.0242628873517659,-0.01664904429343925,0.04211122002822041,-0.13212224784666482,0.28217725391150766,-0.04359857493763164,-0.01754684609396592,-0.05849013859779083,-0.18396314708083422
2025-11-27 13:00:00+00:00,-0.20263473113717675,-0.007646151959607266,0.028129144370681303,0.052236769248066126,-0.11756872453450606,0.29525045635543345,-0.04161512012332304,-0.015449224242284842,-0.04366427637808123,-0.17572780660659731
2025-11-27 14:00:00+00:00,-0.1920176577248873,0.008110448628738394,0.08543411603445522,0.061890809218245114,-0.10374233448511735,0.3076375166054009,-0.03973010792888298,-0.013448439472938443,-0.042809304695541985,-0.16790577911870777
2025-11-27 15:00:00+00:00,-0.18191209036039419,0.023078313270462843,0.12019233952991785,0.07111089187888935,-0.10185060861056472,0.3193946065863672,-0.037935139972475364,-0.01153653758934946,-0.029054182954581013,-0.16046177749753307
2025-11-27 16:00:00+00:00,-0.1848834334700666,0.01427671240167908,0.09557498294059744,0.06478677795651121,-0.10566743236098028,0.3058638492888281,-0.03842788091567192,-0.012454031954780872,-0.028956154763414378,-0.16236885412008267
2025-11-27 17:00:00+00:00,-0.18778773629396986,0.005732592692198911,0.07259815084626052,0.05862373430457229,-0.11135789022803409,0.2927699803750566,-0.0389106637864218,-0.015517917474219472,-0.028860976526957346,-0.1642358215732654
2025-11-27 18:00:00+00:00,-0.19062737631034854,-0.0025652158519394205,0.05108466498609766,0.05261550735944826,-0.11690194387568252,0.2800921714995434,-0.039383817880355075,-0.024849811863575825,-0.035879464327925895,-0.16606403267797787
2025-11-27 19:00:00+00:00,-0.19062737631034854,0.00707523210564357,0.04090361549461109,0.049539543396849774,-0.11298385531066052,0.2664247468644193,-0.03299116124918639,-0.03679291634197537,-0.035879464327925895,-0.15788652293416772
2025-11-27 20:00:00+00:00,-0.19354649789744283,0.016982911458084546,0.02162249398578984,0.04647194288852164,-0.11104523484729051,0.2529121917740386,-0.026544848401796564,-0.04454264566671795,-0.02861088407959953,-0.152538003577879
2025-11-27 21:00:00+00:00,-0.1907488021243528,0.036279675237629413,0.02195521670988673,0.05238686123541863,-0.07421206914958096,0.25544076302074137,-0.01712301645818974,-0.033844720736936416,-0.03605053822248138,-0.14203072235891545
2025-11-27 22:00:00+00:00,-0.18788757495563882,0.045661842711596144,0.01289323147785242,0.05530052529057453,-0.06711626874757824,0.24701744852402788,-0.009644442948047418,-0.029009396091195662,-0.028956154763414378,-0.13111424191519117
2025-11-27 23:00:00+00:00,-0.19168628888961028,0.03962425422222354,0.003545014268892937,0.04011198643524307,-0.0693838612924094,0.23829013951945277,-0.015704718382705884,-0.037011518076082606,-0.029054182954581013,-0.13199441195986217
2025-11-28 00:00:00+00:00,-0.1971158441822846,0.03178679469915728,-0.000825197032520829,0.029528909294797522,-0.07442398368513319,0.23380825360662533,-0.022753607433384993,-0.04347378657243436,-0.02961262119955648,-0.13401928206607827
2025-11-28 01:00:00+00:00,-0.20256043874749047,0.02367119499657678,-0.0053114602174542695,0.019425620498826922,-0.08202839000531942,0.2297750382941214,-0.02981742237753245,-0.050036904022104284,-0.030120650706422232,-0.13774632728251263
2025-11-28 02:00:00+00:00,-0.2080204547146418,0.014761954586482318,-0.009917008984475709,0.009330274271322804,-0.08632395788724624,0.22564132891670277,-0.036896630386747994,-0.056617196877919065,-0.03412393784477275,-0.14144383585525108
2025-11-28 03:00:00+00:00,-0.21349627930030715,0.006093579267544948,-0.014645231070041334,-0.0011687688165152317,-0.0927671057134496,0.22140377931565833,-0.04399170422815042,-0.06191963373406561,-0.038136460834049916,-0.1451124049235075
2025-11-28 04:00:00+00:00,-0.21833214646920762,0.0031202552223980793,-0.014050262314245306,-0.0066857867725381,-0.09758867453629937,0.22129700220782456,-0.050977674831839084,-0.0609814703296469,-0.03733186204605789,-0.15008637258830188
2025-11-28 05:00:00+00:00,-0.2216658308391454,0.0,-0.013520932802952988,-0.010275735584558347,-0.10361398303304464,0.2240632197061223,-0.05788594412203774,-0.05917013681975403,-0.04171300831602318,-0.15499684101943212
2025-11-28 06:00:00+00:00,-0.2213151196651307,-0.0036097968151923517,-0.00695467612911835,-0.008263161950445796,-0.0932215293922251,0.23124658252486033,-0.06406829381563463,-0.05539187212073499,-0.04158512887149451,-0.15984505192200402
2025-11-28 07:00:00+00:00,-0.2182825853685747,0.0022399619188882562,0.004763961707455065,-0.004846332790997153,-0.09284181315688118,0.23695606684901716,-0.06404144241056353,-0.04897256753908593,-0.04145862908974026,-0.16457116835910424
2025-11-28 08:00:00+00:00,-0.21532018385818968,0.007627267583435782,0.01589985426552395,-0.001474797767417767,-0.08988850265384705,0.2416233242908279,-0.06397270080797213,-0.042577552881859375,-0.04133348821100497,-0.1700322292847063
2025-11-28 09:00:00+00:00,-0.2094673210007238,0.017849365945011644,0.025850936521854818,0.0010961087604875867,-0.09145546269452455,0.24584111546219917,-0.06297928325119871,-0.03233648024703128,-0.04096744722728278,-0.17964466564453593
2025-11-28 10:00:00+00:00,-0.20771933282037927,0.027797613814180184,0.025534431308285227,-0.003703400438222491,-0.09807616834664816,0.24992026170863404,-0.06426713005968598,-0.027022778138677903,-0.040396238854371644,-0.18892238804155234
2025-11-28 11:00:00+00:00,-0.2060157500174931,0.03748288676727002,0.035569602692475805,-0.004676563915860769,-0.10210048821685104,0.25009063623803834,-0.0654618507524725,-0.021564184576292965,-0.04009913241890379,-0.1978807877740668
2025-11-28 12:00:00+00:00,-0.20489116728956705,0.04509804901270389,0.045287643657850186,0.0004545757637375023,-0.0948107119968195,0.255224609676985,-0.06975044367044504,-0.020046711931120943,-0.03989730158763268,-0.21049418975823966
2025-11-28 13:00:00+00:00,-0.20213545823874357,0.05690163854611345,0.0731986872427194,0.012126853907477112,-0.08954078734238642,0.26559073345806655,-0.07399669306417687,-0.015701836059583998,-0.03155476932463325,-0.22601898846101967
2025-11-28 14:00:00+00:00,-0.19948038461736312,0.06830107680205602,0.09942042390970639,0.021531976030473274,-0.08063938533824697,0.2757058114603392,-0.07809202033624206,-0.011416751717275232,-0.039652377094981504,-0.24101412501368694
2025-11-28 15:00:00+00:00,-0.19691987908677228,0.07931825631097318,0.12410506026617667,0.030621775904178174,-0.07575947637727949,0.28558661523432,-0.08204335222135013,-0.0071867597006192155,-0.04759349002298335,-0.2555131613231066
2025-11-28 16:00:00+00:00,-0.19691987908677228,0.07357256090061282,0.10414039824514502,0.02366563234657835,-0.07575947637727949,0.27255903694400363,-0.07516550618738532,-0.004931731371677487,-0.03996635354935719,-0.2429048193837372
2025-11-28 17:00:00+00:00,-0.19691987908677228,0.06786673621848888,0.08476167641656564,0.0201836637485212,-0.08053679919048844,0.25404077346574144,-0.06826575419919356,-0.00267035232354586,-0.03996635354935719,-0.2401162395302684
2025-11-28 18:00:00+00:00,-0.20023419084786026,0.062199879085364077,0.06592222017811644,0.016710851323831353,-0.08285610154982356,0.23942895046621968,-0.059094262963440336,-0.00040256073519479707,-0.024718771134364402,-0.2373199192575304
2025-11-28 19:00:00+00:00,-0.2024003308770446,0.06122619320491416,0.05586661634605455,0.016098682384314028,-0.0877579131854733,0.230339038989494,-0.05044646743355012,0.004589172418008237,-0.008869347292166698,-0.23545095005281266
2025-11-28 20:00:00+00:00,-0.20374169591585367,0.06022172057394556,0.050742385601075024,0.01897331636330922,-0.054819711522058404,0.2211791760835666,-0.04160989141434519,0.009649387680606797,0.003462979096849143,-0.23361433578554516
2025-11-28 21:00:00+00:00,-0.20293564491396937,0.05918613652965086,0.045550573663772395,0.021871530100787472,-0.05068277309487683,0.21194382360339173,-0.030218352980036386,0.014779603023321026,0.01198201790402914,-0.23180989800674007
2025-11-28 22:00:00+00:00,-0.1983508613205298,0.058119100080299455,0.04486619708624449,0.026598784395474192,-0.03902194277888169,0.1985767326800714,-0.01609656517121603,0.01879645599682624,0.016444732859164955,-0.22777757782550556
2025-11-28 23:00:00+00:00,-0.19869314678196268,0.05440238400473474,0.026577979948386656,0.020699748766705953,-0.04903779425877993,0.18546736480517567,-0.011389116410345802,0.013417325661550376,0.016873523963796874,-0.22581052187460976
2025-11-29 00:00:00+00:00,-0.19869314678196268,0.04892838778314396,0.017402833055187784,0.01899047963215052,-0.05043655591926255,0.1812831504112754,-0.008838428645476494,0.013417325661550376,0.020974066103956523,-0.22085979079394985
2025-11-29 01:00:00+00:00,-0.2041033392648299,0.04508982156289764,0.016326308558149736,0.011152050655770138,-0.057008252950965295,0.17430367402017935,-0.015107474126881074,0.006761681013898252,0.017266597406027925,-0.22395073219739406
2025-11-29 02:00:00+00:00,-0.2095327043183865,0.041186391088217346,0.015195128972196797,0.004932954948475209,-0.059393233537097724,0.16702353011024357,-0.021281332757831985,3.7221619508338964e-05,0.01767822463194795,-0.22699138650271772
2025-11-29 03:00:00+00:00,-0.21498165420950754,0.03721686231430207,0.01376260422379058,0.0004121526275167261,-0.06765824192488065,0.15941801347220474,-0.02736324133083114,-0.005516737888267044,0.018091371261332256,-0.2299833141683695
2025-11-29 04:00:00+00:00,-0.21984220496438167,0.03591193808702548,0.017006660621304466,-0.0005163419001303171,-0.07324292070995492,0.15902116168528782,-0.03566436501141079,-0.009923591176289737,0.018454996027533404,-0.23548289910307946
2025-11-29 05:00:00+00:00,-0.22469436160868053,0.0345696750878409,0.024303155366094835,0.0002760092034021124,-0.07164268123809606,0.16004698045577043,-0.043433860474074416,-0.014209722659611027,0.018818030714477758,-0.24087120810658025
2025-11-29 06:00:00+00:00,-0.2284796525585005,0.035895024766158884,0.03132228426360497,0.0030782180494293774,-0.0673962136694011,0.1638701920256379,-0.04566602635625334,-0.011370146738014118,0.019180496724836373,-0.2461518090566657
2025-11-29 07:00:00+00:00,-0.2287107060481958,0.03976056796098304,0.038079398061023374,0.005873481620565767,-0.06330507086893929,0.170296591946931,-0.04564961577061656,-0.008514738441443674,0.019542415211688185,-0.24772967996247935
2025-11-29 08:00:00+00:00,-0.22852291760343477,0.04606983275291091,0.047955819042452795,0.008661981577795463,-0.059132104138224804,0.17687888473868807,-0.04561711222690014,-0.0056432477552812565,0.02401298016250687,-0.24842755505510253
2025-11-29 09:00:00+00:00,-0.2283636425825889,0.052194219954366836,0.05408755558131978,0.013127830119081765,-0.057527083681315316,0.18312968560463197,-0.04551650027710849,-0.0038762727501223757,0.025227796249587497,-0.24909607039603052
2025-11-29 10:00:00+00:00,-0.22823279554979992,0.05814143079925141,0.05654041694238209,0.015738029423042293,-0.0572038113384017,0.1875178295299117,-0.046428919683622,-0.0032658790409050204,0.025418140056854617,-0.24973536511013286
2025-11-29 11:00:00+00:00,-0.22717973045215295,0.0703319013784473,0.06150627305645889,0.020970632661853745,-0.053821199921480406,0.19737134216294044,-0.048215702290395776,-0.0022342118946880687,0.026120623683425468,-0.250317255152688
2025-11-29 12:00:00+00:00,-0.22620319381584794,0.08208853553736414,0.07369435029534069,0.026095938189750145,-0.04793408561735963,0.20684434145624647,-0.04986104330053038,-0.0011823926875095655,0.026818581538387207,-0.2508467404649609
2025-11-29 13:00:00+00:00,-0.22530158659181965,0.09343253597403704,0.08537760119123707,0.03111721206574684,-0.04212321875413124,0.21595570005991607,-0.0513663756325006,-0.00011037422273376523,0.02805693320282328,-0.25132437457999807
2025-11-29 14:00:00+00:00,-0.22447339846984254,0.10438370746057976,0.09658343136315048,0.03603757197113688,-0.03637057999041148,0.22472298977440808,-0.05273293909782089,0.0009818958088077887,0.02940132894617157,-0.251750673458507
2025-11-29 15:00:00+00:00,-0.22371720281703497,0.11496057063348349,0.10733716557559383,0.040859995963945295,-0.03080612150155797,0.23316259152653274,-0.0539617838637666,-8.757025493403073e-05,0.03085224302019518,-0.2521261169666656
2025-11-29 16:00:00+00:00,-0.2275228801940367,0.10324851398037618,0.08971916896767763,0.037047452913597664,-0.03343332774458963,0.2168468016143961,-0.04136119387542743,0.0024020587065865236,0.03978906092000237,-0.24575892429030416
2025-11-29 17:00:00+00:00,-0.2275228801940367,0.09171235601548841,0.07237457637758718,0.037047452913597664,-0.028190678696692145,0.20076604118049765,-0.028642368836440408,0.0048941414098988,0.057509662687563676,-0.23938657378904554
2025-11-29 18:00:00+00:00,-0.21223220043436733,0.0803444078756748,0.06361253767660889,0.03320429490422504,-0.028190678696692145,0.18490809466895522,-0.0157992829234029,0.009891019005043926,0.07530468197603571,-0.23300861128598352
2025-11-29 19:00:00+00:00,-0.19726476517156988,0.07537235733689786,0.06134451190475185,0.033852166009701416,-0.022884013977653793,0.17556716608332365,-0.0036758722665270983,0.015511396414902392,0.08552889053250741,-0.228357396664745
2025-11-29 20:00:00+00:00,-0.1816395350025201,0.07037530716968501,0.06387727129508829,0.03620864674161152,-0.01586406829348477,0.16620614881073414,0.008758545119080164,0.021227859726384385,0.09598989217701778,-0.22362997183603048
2025-11-29 21:00:00+00:00,-0.16249679809635598,0.06535036742374015,0.061544494160724904,0.04198797659743348,-0.01563149993166912,0.15681822628141412,0.021517215170799155,0.029651488059054387,0.10669584374344929,-0.21882442495144552
2025-11-29 22:00:00+00:00,-0.14728149385462588,0.06029469155448468,0.051993926296244164,0.04207909144415362,-0.012650749857231622,0.1473967185302165,0.03461414231254938,0.03964105623884175,0.10788949213874155,-0.2139387782042038
2025-11-29 23:00:00+00:00,-0.15185219449269088,0.05295468962221172,0.04591250108874821,0.03577540333258333,-0.007903108431965516,0.13075676518140827,0.04105903247840278,0.04203994402348828,0.10881363284623828,-0.20794945127497932
2025-11-30 00:00:00+00:00,-0.15185219449269088,0.04727921184263554,0.03691947646707425,0.03383844984492593,-0.004905321678132235,0.12426525069539593,0.04499859155424574,0.04329962981321856,0.10881363284623828,-0.2033552350028196
2025-11-30 01:00:00+00:00,-0.15760591700875898,0.04237148837439454,0.03364169579482772,0.026833418650559358,-0.005172791866633083,0.11621893500513919,0.0395895350525209,0.03691443464067851,0.1102389330532194,-0.20673018676876198
2025-11-30 02:00:00+00:00,-0.1633837633096498,0.037352560668248116,0.030301603645795178,0.021365380271864916,-0.004584662552197251,0.10785936963164072,0.034325527772695104,0.03056271195248858,0.11121356754480195,-0.21008856821390073
2025-11-30 03:00:00+00:00,-0.16918623731512036,0.03221949044434089,0.026897653828513463,0.017863864688288968,-0.007289901116265845,0.09916516358461418,0.029199813062304167,0.024243482483302208,0.11273119424485303,-0.213430872242827
2025-11-30 04:00:00+00:00,-0.1745355084612467,0.03201845942920452,0.031152350370741225,0.01787550027137026,-0.009410972612882132,0.09713135175495823,0.020507597116086143,0.016717875015977775,0.10974573910675273,-0.2177315651257613
2025-11-30 05:00:00+00:00,-0.17889498096174614,0.033766218118279075,0.03526162668275093,0.019953709812166244,-0.0067093122645291246,0.09707932113923615,0.012462185278972417,0.011646706245449476,0.11047624728427777,-0.22198867542645082
2025-11-30 06:00:00+00:00,-0.18038395023102755,0.03732650499361684,0.03923029336323252,0.026864674094590018,-0.0025237750382830935,0.10196675581588754,0.011963757465850686,0.012812838567685253,0.11120749402907419,-0.22553918739064135
2025-11-30 07:00:00+00:00,-0.1799356278102862,0.041639190476006185,0.04561918559380341,0.03699441923477251,0.0016548914122303166,0.10771846766846348,0.012772313433141252,0.014278962407468848,0.111939511440265,-0.22521649108527428
2025-11-30 08:00:00+00:00,-0.17924319907033398,0.045837481837754636,0.0524670630668062,0.046825770227140406,0.005826924588386595,0.11317632646320665,0.013666082718847368,0.015798027632460392,0.11052879288153447,-0.2240944846279477
2025-11-30 09:00:00+00:00,-0.17853145371949264,0.049924747115114174,0.055921672258372676,0.055765872635423736,0.008449325031137486,0.11836295317847816,0.014646749814672087,0.017370730648489794,0.11131935337139184,-0.22294046218068095
2025-11-30 10:00:00+00:00,-0.17780031482919578,0.052171719090259236,0.056663833545815036,0.060811595486069805,0.006592713838293953,0.12238327000105963,0.01540571389381885,0.017770889760979576,0.1086126813119789,-0.22167770849910134
2025-11-30 11:00:00+00:00,-0.17609758180363466,0.05707097105313076,0.05871207829268357,0.07061755022914318,0.00043684274832794036,0.13285078909237732,0.015857020519363732,0.017775306562621763,0.10233106923394375,-0.21866533832199647
2025-11-30 12:00:00+00:00,-0.17437509049742045,0.06185875542573119,0.060660370871461644,0.08017176551230723,0.005898443139801365,0.14287133450434333,0.016432764975403264,0.017871413265452222,0.09623986976321709,-0.21565398406829367
2025-11-30 13:00:00+00:00,-0.17503676640643293,0.06622642962702315,0.0707948294404152,0.08744814038703672,0.007511170166538664,0.15754696563277168,0.01253071830393238,0.01483534815519066,0.09686067238607733,-0.21691255774352475
2025-11-30 14:00:00+00:00,-0.17567898520852634,0.07450457710990335,0.08070150261632972,0.09457126209009849,0.006069603732065808,0.17164907074643623,0.008685507009527835,0.011852989258844846,0.09009626363716677,-0.2181487664513147
2025-11-30 15:00:00+00:00,-0.17489390297540228,0.08721548044185773,0.09478693033176765,0.10622725677627189,-0.002291443705322055,0.18794377163445544,0.004670481731058681,0.008584440260056855,0.07984532352113774,-0.21705498687732772
2025-11-30 16:00:00+00:00,-0.17073569710161574,0.07588219435445173,0.07822640277074579,0.10233721000453216,0.0004887979635450735,0.1673478810173073,0.01577658838148527,0.016672108988834373,0.07984532352113774,-0.210674499066351
2025-11-30 17:00:00+00:00,-0.16657082076006371,0.06466604886983296,0.061794370545319284,0.09450481155152882,-0.018610637766987796,0.14706052289359725,0.0269795861146618,0.024793984447997595,0.07984532352113774,-0.20426068354391272
2025-11-30 18:00:00+00:00,-0.16239913590776556,0.05356261862582314,0.04548277276310991,0.08674693257591808,-0.015881787600010765,0.12158964049440052,0.03828335800958903,0.032951141223225296,0.07984532352113774,-0.1978126399651925
2025-11-30 19:00:00+00:00,-0.16080022993093088,0.04767224003280125,0.03411542430680748,0.08456694689632785,-0.0176868557408054,0.10520230356229615,0.04984379775270345,0.041132849540882574,0.09619250878396915,-0.18597348473440634
2025-11-30 20:00:00+00:00,-0.159192531259127,0.041729865245308605,0.022632012238055596,0.0823558454502406,-0.010382474160162991,0.0889559812404301,0.06168570974162332,0.049474405207625735,0.10286615141044804,-0.17393924481017306
2025-11-30 21:00:00+00:00,-0.16321919099247018,0.03573266086340961,0.011025132326542411,0.08011277338376728,-0.002216710731920741,0.0758645612883707,0.07381978506063362,0.057980490079859955,0.11455763334020712,-0.15543182712539994
2025-11-30 22:00:00+00:00,-0.16379781031303606,0.029677766680005466,-0.004317464720863169,0.07705657170013193,-0.007014968334883257,0.05516566187993582,0.08477524626683122,0.06400090275691625,0.11621257631084013,-0.13998670961427956
2025-11-30 23:00:00+00:00,-0.16379781031303606,0.020480262552260008,-0.00904806882373209,0.07325040523687489,-0.010178191242169513,0.04755949512290329,0.08933841388485687,0.0667882459253785,0.11621257631084013,-0.13518901757840449
2025-12-01 00:00:00+00:00,-0.16379781031303606,0.014410824403949873,-0.013836046195752714,0.07143991372772615,-0.0007207402667489115,0.04262902036714963,0.09208647002118271,0.06939765005499213,0.11621257631084013,-0.13518901757840449
2025-12-01 01:00:00+00:00,-0.16953306679741004,0.0026458324216272365,-0.021408371074041692,0.06338473085896543,-0.011956618628976587,0.03486511738582745,0.08755137132453755,0.062370297994395904,0.11335119101685968,-0.1418762246092952
2025-12-01 02:00:00+00:00,-0.16953306679741004,0.0004045323752431746,-0.022673477220975687,0.06338473085896543,-0.01113233721486917,0.03382939587469101,0.08781343287393051,0.062370297994395904,0.11371748184034948,-0.1409369546556315
2025-12-01 03:00:00+00:00,-0.16953306679741004,-0.00113095124374081,-0.023956205840457486,0.06309528098904801,-0.012342941819621636,0.03278106622659928,0.08807663170942359,0.06276491683541163,0.11371748184034948,-0.1409369546556315
2025-12-01 04:00:00+00:00,-0.17482550403350036,-0.005390207205225246,-0.025511673913843697,0.05799043112950759,-0.016388388022531425,0.02887027794175431,0.08101157652896554,0.05621139211027235,0.10801536858142935,-0.14461079475670968
2025-12-01 05:00:00+00:00,-0.17937614278605124,-0.008061997802378429,-0.02719025437240372,0.05410460769072272,-0.018427967428994805,0.026369976876598474,0.074316586547356,0.05214215903755978,0.1049845590667585,-0.1482833995449169
2025-12-01 06:00:00+00:00,-0.18084283543245092,-0.00913386588069863,-0.028996010653245783,0.054256010037947264,-0.01843641396144376,0.02802650804897118,0.07220597926882075,0.051729075792844366,0.10316194477398315,-0.15045861149892972
2025-12-01 07:00:00+00:00,-0.18121233322564181,-0.007202361297866826,-0.027039469239500027,0.053069083132557114,-0.019542890332937025,0.030127349539569075,0.06913574215616995,0.04946460635579611,0.10539954331627137,-0.15621046891826396
2025-12-01 08:00:00+00:00,-0.18308205256066457,-0.007005896418408283,-0.025049088383879564,0.05186409133403496,-0.022399870035041968,0.03071539882653631,0.06599332877036161,0.04715777134944263,0.10767586131895968,-0.16214655574488634
2025-12-01 09:00:00+00:00,-0.18498179845925516,-0.00680667498712482,-0.023023975597243576,0.050640619059236655,-0.02269850032636321,0.031311848826672935,0.06277597993628183,0.044807347812061894,0.10697457370438337,-0.16643613532936383
2025-12-01 10:00:00+00:00,-0.1853875902669823,-0.006604638349029141,-0.018437918307043465,0.050525747836402894,-0.025637158964179573,0.03191688131220272,0.0602146095536468,0.043177590523378453,0.10626304735553162,-0.17082999240585167
2025-12-01 11:00:00+00:00,-0.186816979296284,-0.006117208591430349,-0.013194796523378573,0.050356166215298585,-0.011870418285135482,0.033489730818637,0.053674725590913755,0.03914208139311065,0.10469825094373095,-0.1810620028933867
2025-12-01 12:00:00+00:00,-0.17991717133864502,0.014475342332471658,-0.00584548038488957,0.054747687398329,-0.01998181464045574,0.05544805411817221,0.04411886410289836,0.02859952483535834,0.10525753235219862,-0.1800961460258608
2025-12-01 13:00:00+00:00,-0.1731452813626168,0.03432494607808665,0.01172413420246606,0.06342396462719617,-0.014820609317907553,0.07657446593921612,0.034688661003894075,0.018238965431291883,0.10581570586190231,-0.16303705233472765
2025-12-01 14:00:00+00:00,-0.16649760654833606,0.053476064853194456,0.0289297317671605,0.07341473188140667,-0.01184266010242484,0.09836201031279036,0.02537865924448668,0.006083259574298052,0.09996686972174003,-0.14997279693601342
2025-12-01 15:00:00+00:00,-0.15997059894462926,0.07196961687768096,0.04578849247562175,0.08316841226785227,-0.004760027251043728,0.11911514156878572,0.016183555521052294,-0.002763333373692667,0.0941958092082553,-0.14245409162607756
2025-12-01 16:00:00+00:00,-0.16420534153085659,0.054378375314235346,0.028163551838013057,0.0753039712264496,-0.004760027251043728,0.09862908477162309,0.027812753268462685,0.008159871788794766,0.1043243096802833,-0.13902615929544665
2025-12-01 17:00:00+00:00,-0.16420534153085659,0.037106003315566,0.010592747127008393,0.067508317032943,-0.010443870257644986,0.07880374193683344,0.039522644585288084,0.019141560666956655,0.1043243096802833,-0.13902615929544665
2025-12-01 18:00:00+00:00,-0.16420534153085659,0.020133486756097867,-0.0069317221560598755,0.0597795557214644,-0.010443870257644986,0.05958584834425474,0.05436151630552523,0.030184279315325333,0.1043243096802833,-0.1422944318289027
2025-12-01 19:00:00+00:00,-0.1443747209528811,0.009963590704585513,-0.011569918177373394,0.057232897650999384,-0.010506480987467618,0.04962127551498646,0.06738829237205564,0.03909211789917757,0.10608470024858682,-0.13787582037698773
2025-12-01 20:00:00+00:00,-0.12322581183307749,-0.00022993345785317403,-0.016272510994894192,0.05464764181081936,-0.005234717036962329,0.03975874592964076,0.08077520258531905,0.04818736696982764,0.1133113365150167,-0.13014844016894905
2025-12-01 21:00:00+00:00,-0.10307755087267609,-0.010456131345730351,-0.00713257542075062,0.05202276029166631,0.009266371230216728,0.02998050135401759,0.09789565540841746,0.057475893792353884,0.12065521791167598,-0.11903864164717758
2025-12-01 22:00:00+00:00,-0.10057982362828789,-0.019847649695974946,-0.012343300176485704,0.04988826962410775,0.007612101349325908,0.019762946640912403,0.10531621206062192,0.060616319581901924,0.1261356730629869,-0.11903864164717758
2025-12-01 23:00:00+00:00,-0.10057982362828789,-0.026196527708371605,-0.022887385062906808,0.047891861445086385,-0.0058967056441793595,0.009742101308375096,0.10835519624788002,0.06347002646111773,0.1261356730629869,-0.11903864164717758
2025-12-02 00:00:00+00:00,-0.10988227905512186,-0.035175846404520664,-0.032032475105449605,0.039077585988634034,-0.01415709325203921,0.0006394344147572114,0.1044664680486006,0.057269971473511344,0.12357552229360114,-0.12293348972063453
2025-12-02 01:00:00+00:00,-0.10988227905512186,-0.03835621810223511,-0.03367679375006613,0.03824800422896272,-0.011504188986952501,-0.0014049958709539008,0.10485967090862576,0.0576977738094131,0.12357552229360114,-0.12293348972063453
2025-12-02 02:00:00+00:00,-0.10988227905512186,-0.04167716830264148,-0.035352560495929955,0.03740836567128539,-0.011038266887533038,-0.003489456735787058,0.10518903038087445,0.05792591779740359,0.1253991337560339,-0.12293348972063453
2025-12-02 03:00:00+00:00,-0.11463063381026042,-0.04715126677609357,-0.04292732611823443,0.03143257730338702,-0.015463030340844484,-0.007162768106847744,0.09865934213831663,0.05128607894654175,0.12258345419663959,-0.12650876156867183
2025-12-02 04:00:00+00:00,-0.11944293482636216,-0.0530495970895848,-0.048725647596989274,0.025319835008744088,-0.019693835118922677,-0.00970255232635604,0.09224143350899615,0.044652292903172325,0.11977209779516539,-0.13008345887319217
2025-12-02 05:00:00+00:00,-0.11853847190406189,-0.04714566826056862,-0.04652936233696203,0.026496822060764598,-0.01815422570242194,-0.003280359656534564,0.08920290708579282,0.04218302028664161,0.11699264362070026,-0.13008345887319217
2025-12-02 06:00:00+00:00,-0.11743149935860893,-0.04212218189622696,-0.04652936233696203,0.02756485208440104,-0.017339478613922283,0.003199915140295145,0.08364981606802821,0.0392936801266317,0.1142238476086163,-0.12920787165076267
2025-12-02 07:00:00+00:00,-0.11295825431137513,-0.0302491301354854,-0.0368580031436688,0.031729309380254006,-0.02038573042770062,0.016376726730680254,0.07961144710765442,0.03758958354263532,0.10643429969677749,-0.12050562297495211
2025-12-02 08:00:00+00:00,-0.11000786922868555,-0.018728661203982557,-0.034189957287404864,0.038461796795102324,-0.028474273143255163,0.03202077514517125,0.07768938291775536,0.03593408037596291,0.10078446139131708,-0.11194617332281595
2025-12-02 09:00:00+00:00,-0.10707783513342245,-0.0075436918371728804,-0.02478504025469435,0.04247848172766669,-0.033449840736038745,0.04690277926793978,0.07583201659914039,0.03241487674867489,0.09523740586787872,-0.10220467595913908
2025-12-02 10:00:00+00:00,-0.10768434011292397,0.0033217175624149185,-0.019926013895422503,0.04483011403895641,-0.03813457915572042,0.059622311796220885,0.07258008348021137,0.027717907939430842,0.09238422021069025,-0.10161252159048492
2025-12-02 11:00:00+00:00,-0.11007719237508529,0.021290060714931325,-0.013248138571758045,0.04867291306855945,-0.037458449241041344,0.08096229929435254,0.06411901888925753,0.018346319645369914,0.0826784370193824,-0.10243102196630208
2025-12-02 12:00:00+00:00,-0.11243126264570948,0.0387401266305299,-0.006651831030982677,0.05245230335011648,-0.041068961748368174,0.10156458486216847,0.05574855533449947,0.009116174204335957,0.08378082330040416,-0.09409379398837947
2025-12-02 13:00:00+00:00,-0.11331671425342735,0.06099310156963984,0.014460663766054819,0.05458849257549595,-0.04389371885737193,0.1408561580312512,0.04698326632824772,-0.0015723491251918896,0.07983455021038331,-0.0743213505072259
2025-12-02 14:00:00+00:00,-0.11416035636637122,0.08224712856707972,0.028364234820016657,0.062302732501053414,-0.037569065279315056,0.17677608969572123,0.03850720994269984,-0.007820961267726141,0.07608340408107218,-0.04939403943206234
2025-12-02 15:00:00+00:00,-0.11811261058457279,0.10460989311315379,0.042156547681648816,0.06876322336860301,-0.04337498552290005,0.2067730490188935,0.0255013272706766,-0.016940906818673857,0.06726925545366158,-0.02873616060984216
2025-12-02 16:00:00+00:00,-0.11334584863068461,0.08712123233319294,0.03233401704671551,0.06482582071120845,-0.04039278710342515,0.17967373041483964,0.03785506669249649,-0.00866645308319426,0.06726925545366158,-0.03618886795796266
2025-12-02 17:00:00+00:00,-0.11334584863068461,0.06983906346353673,0.02257067617364017,0.05692681952740805,-0.04337498552290005,0.1536257537542618,0.050342682616415585,-0.0003605744753997825,0.06726925545366158,-0.04714085401286566
2025-12-02 18:00:00+00:00,-0.12633068579889464,0.05275165557190435,0.012864505564276834,0.04909000748166995,-0.04629052764873697,0.1285290866010032,0.06297004028058192,0.00797779191555188,0.06726925545366158,-0.05788432021039587
2025-12-02 19:00:00+00:00,-0.13781822737625707,0.04493863518895806,0.0019537065005673,0.04251222359904371,-0.04672295033757436,0.11387195370681755,0.06274728260021634,0.00841878400279634,0.07043208545332265,-0.06741458682251926
2025-12-02 20:00:00+00:00,-0.15006362174029014,0.03395907066066592,0.0024083194644828033,0.03610124167655596,-0.05691947774369755,0.09993148510733933,0.062528781830831,0.008852093147152226,0.07353233422993856,-0.07658138782297402
2025-12-02 21:00:00+00:00,-0.16024503670180995,0.023411277232012695,-0.0026020164075193654,0.029850750049439215,-0.0754519042013885,0.0891264002655043,0.06231441431894979,0.009277925485963507,0.07657185419975542,-0.08540691530611812
2025-12-02 22:00:00+00:00,-0.16487161985572626,0.01326804106889966,-0.0021172413202090214,0.030269089354449955,-0.08800355316603385,0.07871671302522007,0.06384040532716981,0.012839649294263481,0.0844599859944732,-0.0922238743870335
2025-12-02 23:00:00+00:00,-0.1622416312181138,0.009573172854674844,-0.0016407458899390971,0.03686026328867364,-0.0938134853644667,0.07939397397420606,0.06864057210296357,0.02237692132579427,0.08731336617592958,-0.09334710261128695
2025-12-03 00:00:00+00:00,-0.16909656429622838,-0.00128544874562424,-0.011359066968948037,0.02802869654563587,-0.08592215782340261,0.07145698810305268,0.06599796587122488,0.015845370170181818,0.0803562590576404,-0.09770288277197212
2025-12-03 01:00:00+00:00,-0.1704012757826081,-0.003063316494564623,-0.011359066968948037,0.027048713014791358,-0.08293822104504076,0.0697784787524219,0.06688602252478149,0.01661405684772446,0.09575071441730168,-0.09844665793815474
2025-12-03 02:00:00+00:00,-0.1704012757826081,-0.004885319058079039,-0.013034263110190956,0.02653962044297738,-0.08237388063839583,0.06808120235061765,0.06751689879305128,0.0173737479362821,0.09575071441730168,-0.09844665793815474
2025-12-03 03:00:00+00:00,-0.1751366824638191,-0.009663870108316054,-0.019159666903427554,0.020949570578348974,-0.08685998101960635,0.06555498139561595,0.06218374791559431,0.011657597667069511,0.09233296014705354,-0.1020215236791651
2025-12-03 04:00:00+00:00,-0.17463228034721892,-0.005613112448560966,-0.016951071228470397,0.02197358729913338,-0.08632511488420694,0.06987354870866355,0.0604249451301254,0.010971225152577641,0.08893791064250149,-0.10131227187182605
2025-12-03 05:00:00+00:00,-0.17412809268047888,0.0,-0.014592017836048016,0.02197358729913338,-0.08696057747583319,0.07284981372785512,0.058685477017041125,0.009623303976344472,0.09351676438265868,-0.10060144690096869
2025-12-03 06:00:00+00:00,-0.17590963933221596,0.007180455549332299,-0.012213339703137224,0.022909372323979778,-0.0882807981112387,0.07824018799283804,0.05517720857085004,0.0076705745799479285,0.09007463427500759,-0.09988902625638486
2025-12-03 07:00:00+00:00,-0.17336068633283686,0.01627261216693817,-0.010324531788972375,0.028898282959037336,-0.08850634201886858,0.09214363015064968,0.05211208099403435,0.0055447900651545605,0.08970600379408286,-0.08871885946408961
2025-12-03 08:00:00+00:00,-0.17082835791490114,0.027327249195593872,-0.0019872883496927164,0.03477630205320716,-0.08799941927829205,0.10539370216025164,0.049098618851016435,0.0034623359654625684,0.09162055899176776,-0.0801788117600215
2025-12-03 09:00:00+00:00,-0.16831234171400386,0.03800921206247023,0.006239884578741395,0.039085999383214526,-0.08925421530970942,0.11804798848463574,0.046135854021417205,0.0014227515048598725,0.08468689685171218,-0.07275002567212747
2025-12-03 10:00:00+00:00,-0.16831234171400386,0.05217253040973211,0.025388350538473575,0.04399537583423106,-0.08925421530970942,0.13067081162293656,0.0366056533676013,-0.0020381669736659167,0.07587813883977837,-0.06797141716776044
2025-12-03 11:00:00+00:00,-0.1672691601922207,0.07247593005148437,0.051298946073978176,0.049727021124245985,-0.08500128405890553,0.1483162200895436,0.026014147559196333,-0.0066429664834706335,0.06353395511199735,-0.05929495212041969
2025-12-03 12:00:00+00:00,-0.166241969113555,0.09215225911087897,0.07650930492212485,0.05292821085761493,-0.07654924806988485,0.1660571057992027,0.015475940636062063,-0.011176771049218982,0.06544474822975417,-0.04699842201057058
2025-12-03 13:00:00+00:00,-0.16523034655113486,0.11123992169408743,0.09448540702357038,0.05754547334921258,-0.09015041391312732,0.18581710820719455,0.004983711194713186,-0.01564124934278743,0.06734006164351769,-0.03128693067109683
2025-12-03 14:00:00+00:00,-0.1638697255828377,0.13818154850552528,0.11926289575991211,0.06868053605667218,-0.08699241288286798,0.213551945656152,-0.0116865349780436,-0.022136229933165615,0.0559893938756475,-0.014043902825093742
2025-12-03 15:00:00+00:00,-0.1625371148838871,0.16428784336935354,0.14314633339208951,0.07955771825601862,-0.08500872668090241,0.2401070312940465,-0.02828239770838356,-0.03125579710865598,0.05784456493078549,0.002656515156984811
2025-12-03 16:00:00+00:00,-0.1625371148838871,0.14227711865727605,0.12350079123791613,0.07201104543878617,-0.08500872668090241,0.21912862629502597,-0.01311231963290715,-0.02344645232565452,0.0719761647798149,-0.007302114334513713
2025-12-03 17:00:00+00:00,-0.1625371148838871,0.12560582988466432,0.10425139344551701,0.06451658287306965,-0.08768050594337465,0.19468700236824615,-0.0008215542166023575,-0.015625621237851165,0.0719761647798149,-0.01711628519420146
2025-12-03 18:00:00+00:00,-0.14622101846404656,0.11556804368718664,0.09204111080866872,0.06118324495854909,-0.0855279152169183,0.17903529527002623,0.012396948862180145,-0.010421630133102794,0.08922403089076908,-0.021033703629792004
2025-12-03 19:00:00+00:00,-0.13220792957384367,0.10555273212766757,0.07987827384321387,0.05781123825238798,-0.08725330121903574,0.1635993212053699,0.025998775219001933,-0.0024830560501807705,0.11534491762886409,-0.024983799679930516
2025-12-03 20:00:00+00:00,-0.1211725016881861,0.09555104153869651,0.06774953532212248,0.05439945998205105,-0.08811354805907891,0.14834948843507945,0.03804601138057576,0.005604884082010404,0.12658298603935716,-0.028968477881077842
2025-12-03 21:00:00+00:00,-0.11948293770449053,0.08880846607750426,0.057245382241631136,0.04987807428346233,-0.09517476573334718,0.13418908134085303,0.04624872240972797,0.010420534453095221,0.13482413812204733,-0.034604642315478544
2025-12-03 22:00:00+00:00,-0.11948293770449053,0.08216385164431148,0.0466686454246534,0.04769834309781484,-0.10263890184161575,0.12148198363530642,0.05644122601929248,0.013622966092570195,0.14306562562305283,-0.0401695958883985
2025-12-03 23:00:00+00:00,-0.12233868831672827,0.07340308779050256,0.04147697823950469,0.04569847006774822,-0.09074175896309031,0.1184134787670127,0.06401099648349706,0.021379692271650156,0.136804040528702,-0.0460885515100043
2025-12-04 00:00:00+00:00,-0.1236962135862388,0.07164963522844174,0.03685733342712635,0.04469806166532337,-0.08996324393850713,0.11664516982296301,0.06491796712054014,0.022706627224904918,0.13739263922907802,-0.04752426577891185
2025-12-04 01:00:00+00:00,-0.1250671344071856,0.06986511004880677,0.03210792392437161,0.04469806166532337,-0.08933500345814852,0.11506283015871785,0.06619039395545782,0.024014201343113235,0.13800638214044816,-0.048228454145794734
2025-12-04 02:00:00+00:00,-0.13000150002596209,0.06511410152503884,0.029544585790672297,0.038007370753271666,-0.09386415778661031,0.11298700026956804,0.060582176273451575,0.01874878860068944,0.13499317076871323,-0.05123168298773377
2025-12-04 03:00:00+00:00,-0.1350030251347587,0.06013608023839165,0.028289318900922414,0.03222485461307095,-0.0991159631610441,0.11148328807278082,0.055991783946187784,0.01414272034437093,0.1319821897453283,-0.05426290287573118
2025-12-04 04:00:00+00:00,-0.13453013363181285,0.0648305725046796,0.03253076343340655,0.03313977728785056,-0.0998510665109504,0.11555612356304222,0.05438646872208714,0.013567893670863404,0.1319821897453283,-0.053667762538016014
2025-12-04 05:00:00+00:00,-0.13453013363181285,0.07042976747402636,0.036828966307305276,0.03488599278179584,-0.1006900748815851,0.11970536445061049,0.05279876759971587,0.012444030456436396,0.1319821897453283,-0.053070938982054304
2025-12-04 06:00:00+00:00,-0.13615093083792074,0.07395395836394397,0.041187808261007236,0.035674177952309115,-0.10234877327201089,0.12341925148674016,0.050947562147875665,0.01082544058030899,0.12902085715364878,-0.05247241089966375
2025-12-04 07:00:00+00:00,-0.13668965384701035,0.08257221015507601,0.04765590794444906,0.03862501076951155,-0.10183065817504686,0.13338375897896612,0.04960679913977777,0.009452017772388391,0.1313408982114025,-0.04598937036965676
2025-12-04 08:00:00+00:00,-0.13415580042890837,0.09095659685531765,0.054093290427486465,0.04153842011828529,-0.09177391060796794,0.1430410573088974,0.048324608843109386,0.008117680431091213,0.12411233977685215,-0.03731036361842183
2025-12-04 09:00:00+00:00,-0.13415580042890837,0.10041260597256917,0.06665335796869393,0.04153842011828529,-0.09504159602262019,0.15343257387093895,0.04084663977819365,0.004963403938265206,0.11559629098377282,-0.033208846123900314
2025-12-04 10:00:00+00:00,-0.13720788875944293,0.10975712956916253,0.07941069029663833,0.04153842011828529,-0.08721929496550196,0.16441316268888598,0.03313770100664661,0.0002169101162099414,0.10709361177277851,-0.02714208145604394
2025-12-04 11:00:00+00:00,-0.13932380736397315,0.12391231001328562,0.09396239420130646,0.04060283509697888,-0.08927463824019738,0.17866523060073314,0.025097310376518765,-0.003665717050382939,0.10938985683320097,-0.016941412749184655
2025-12-04 12:00:00+00:00,-0.14140953845273965,0.13769993448819312,0.10162252424442621,0.04341067402926625,-0.09462301025135673,0.1931287625490166,0.017102127364422588,-0.007490732886982072,0.11166957176862383,-0.006955977639667151
2025-12-04 13:00:00+00:00,-0.14635310720273914,0.15299225915806686,0.10162252424442621,0.04709654605317024,-0.09743766560195964,0.21268461010509065,0.003927872663963759,-0.015313364458159565,0.09916394974939163,-0.0005073362831915947
2025-12-04 14:00:00+00:00,-0.14997366591644776,0.17220280398694204,0.09355743720597487,0.057706740155524086,-0.09720232795882494,0.2366461854887926,-0.009386266862328654,-0.023675200311968028,0.10133763358766465,0.014221582493018132
2025-12-04 15:00:00+00:00,-0.15354468304676128,0.19089082686640796,0.09493392425195692,0.06808461926547708,-0.09257881008517904,0.25988788036725463,-0.022637859454557516,-0.03191492820939577,0.07120300251833667,0.028547009931082373
2025-12-04 16:00:00+00:00,-0.14894104143279344,0.17401938648362125,0.03967461313322504,0.06432531281624007,-0.08466317163760459,0.24107142975373458,-0.009284089712553515,-0.024136345941144513,0.07120300251833667,0.02214595351975326
2025-12-04 17:00:00+00:00,-0.14432824630798993,0.1573570625967758,-0.00578655913822737,0.05677264955563992,-0.0630679787576385,0.22245092653566936,0.0008517812803555433,-0.013747086636939,0.08552775217036393,0.012604074971934514
2025-12-04 18:00:00+00:00,-0.14264898088357822,0.14638966518979588,-0.0279924374455956,0.053038609511880254,-0.05670536295356209,0.20957484942969407,0.012618569112357205,0.004056125683416717,0.10490152229346916,0.00818527612376922
2025-12-04 19:00:00+00:00,-0.14775482592928252,0.13539338125854408,-0.047929814587833984,0.04926158091466245,-0.05226654002857932,0.19431003376380762,0.0261484191531181,0.04308307601415428,0.12518239233650036,0.0037308664340911625
2025-12-04 20:00:00+00:00,-0.15030082419930013,0.12436075862907442,-0.06300075944189586,0.045440338653806,-0.048368692560849726,0.17906751853978906,0.03786943640890438,0.07989590531423156,0.12295156682846259,0.0023943696257791866
2025-12-04 21:00:00+00:00,-0.16124525746569154,0.11235402987672145,-0.07905810654304964,0.03982484422013878,-0.042104739528193304,0.16864388180643636,0.02882773461294645,0.08035238611844588,0.12665973457413082,-0.005141963578295993
2025-12-04 22:00:00+00:00,-0.16382020934457964,0.10443030237809157,-0.0909941296755292,0.043229978299049815,-0.05592673579386431,0.1607059799913754,0.026500124827325017,0.08417081404327056,0.13029094379287623,-0.010633334962446365
2025-12-04 23:00:00+00:00,-0.1578777960690053,0.10331417093076797,-0.0992265300834285,0.0526599674852818,-0.048158744829571665,0.15878648640683282,0.03242230022418027,0.09246410618733628,0.13384757208258508,-0.00865402826374639
2025-12-05 00:00:00+00:00,-0.1578777960690053,0.10232239460996283,-0.10431063636365304,0.05213243146889169,-0.04562772345694513,0.15767029436662394,0.034213993034681776,0.09428882943103611,0.13384757208258508,-0.00865402826374639
2025-12-05 01:00:00+00:00,-0.1578777960690053,0.10132596649667513,-0.10977200580924719,0.0511184097095479,-0.0450800893891472,0.15655578056266625,0.035978721498609034,0.09609324757775004,0.13384757208258508,-0.00865402826374639
2025-12-05 02:00:00+00:00,-0.1578777960690053,0.10013310653361743,-0.11517616300101045,0.05058141643200622,-0.04721446954054443,0.15491911559317445,0.037717708453306936,0.09840001297742121,0.1347868530252469,-0.009293511409862738
2025-12-05 03:00:00+00:00,-0.16305296503935396,0.09532465754433982,-0.1123914116855791,0.04386648155529437,-0.05100010899076543,0.15234408061807075,0.03300471004690167,0.09675363831253567,0.1321662364592808,-0.01246659404866362
2025-12-05 04:00:00+00:00,-0.16305296503935396,0.09857384908480323,-0.10510464350374325,0.044757342950125685,-0.05139686370498106,0.1559413923633104,0.030824886398537463,0.09278104226713023,0.12946344720111172,-0.01189289771177199
2025-12-05 05:00:00+00:00,-0.16305296503935396,0.10192319688541712,-0.09801318182545186,0.044757342950125685,-0.05139686370498106,0.15919857908863227,0.028683133099996184,0.0884819038451263,0.12946344720111172,-0.011317216541127237
2025-12-05 06:00:00+00:00,-0.16503434407233145,0.11121063186399863,-0.0840785060187755,0.03932658276596919,-0.05897325920034829,0.1616744957013374,0.027567963690576926,0.08423337194054929,0.12394978218009914,-0.013278997005727572
2025-12-05 07:00:00+00:00,-0.1654392715748623,0.11838327525161177,-0.07176712712399384,0.03984345145045498,-0.05841615050652056,0.16994239260620836,0.027391663033306965,0.08131589608194861,0.11853459863193615,-0.015255267643054455
2025-12-05 08:00:00+00:00,-0.16582650126861107,0.12539953764476353,-0.05993496640189456,0.04035887127914063,-0.05736390797925426,0.1780259387605011,0.027265771137685052,0.0784673525357013,0.11321573636118648,-0.011845110590745014
2025-12-05 09:00:00+00:00,-0.16863630621835146,0.13447751259992222,-0.04909012558868127,0.04035887127914063,-0.052716869229481336,0.19003312366376965,0.019702406188616226,0.06779586350871522,0.10488341112681808,-0.004628889039765891
2025-12-05 10:00:00+00:00,-0.16863630621835146,0.14350007508084575,-0.03497345292144104,0.04257921860932514,-0.0541543863249579,0.19927762835958246,0.011988471030803428,0.05629762996889616,0.0965412778869582,0.0008148514004605352
2025-12-05 11:00:00+00:00,-0.16763989573446889,0.15631134344590647,-0.019476319641022047,0.04008851428632524,-0.06525874710001894,0.211784252147842,0.003262655300011547,0.04231666583788285,0.08545248471399317,0.006058703197313773
2025-12-05 12:00:00+00:00,-0.16665669180657966,0.16886319492129012,0.0014867282051081023,0.03548002078734094,-0.07502069743245031,0.22430620066106974,-0.005401404056639342,0.02835340754834455,0.07450652668219367,0.011252690241601988
2025-12-05 13:00:00+00:00,-0.16665669180657966,0.1839576812784816,0.018596038669539534,0.03193548351563311,-0.08495105635037348,0.2396920727312901,-0.018540277136451178,0.008218859612651723,0.06147850578494203,0.020459552704653824
2025-12-05 14:00:00+00:00,-0.16534392020868363,0.20201767248316005,0.04178203672072416,0.03233867709752043,-0.08548650534358793,0.255309749164964,-0.03244327086883115,-0.01419398398407527,0.06459842714090955,0.029274122538372752
2025-12-05 15:00:00+00:00,-0.1640552048445695,0.21969052052838012,0.06412468521196979,0.03273858999966752,-0.09724748871354573,0.27083721231819,-0.0462503719118259,-0.036624598555459485,0.067683788446751,0.038008556780735586
2025-12-05 16:00:00+00:00,-0.1640552048445695,0.20299213835289023,0.04638588589805742,0.03273858999966752,-0.09471889507845228,0.2567225044639464,-0.03277698051110231,-0.015426653387969029,0.08260974355339151,0.03172731035518478
2025-12-05 17:00:00+00:00,-0.1640552048445695,0.1864220971830922,0.029010615064512777,0.03273858999966752,-0.09471889507845228,0.2450303879937795,-0.019171727391557276,0.006167359866869533,0.11456294492981184,0.03491032531887983
2025-12-05 18:00:00+00:00,-0.1600729554355932,0.1747415594687721,0.01825551327597716,0.033474422233098745,-0.08794820107639727,0.23367072040030562,-0.006167775398403113,0.026427199560553356,0.1187249190865797,0.03599151444510794
2025-12-05 19:00:00+00:00,-0.1574593214090585,0.16451666784276417,0.007890768261499525,0.033474422233098745,-0.08939816735738519,0.2245033294344275,0.0023462871925396442,0.04032985012155585,0.1282785561206997,0.03999992005264392
2025-12-05 20:00:00+00:00,-0.150293056188938,0.15436663108867923,-0.002300966911090857,0.033474422233098745,-0.10496551462249772,0.2130670244038842,0.010953604942089164,0.05454481141904782,0.1282785561206997,0.044030876754852295
2025-12-05 21:00:00+00:00,-0.14104389913979495,0.14428700212419635,-0.009092579087465155,0.033474422233098745,-0.10496551462249772,0.20168343953369677,0.019658864390091565,0.06909799302536505,0.13788775707696171,0.04808489151009844
2025-12-05 22:00:00+00:00,-0.1336385764879221,0.1342734759882482,-0.02271752229924359,0.033474422233098745,-0.116442592826967,0.19256742251063436,0.026291958605239404,0.08166646987581386,0.13788775707696171,0.04607262476170491
2025-12-05 23:00:00+00:00,-0.13678497122107602,0.1250957286516122,-0.03309219576904415,0.035605157230682596,-0.11020091830362422,0.1871080811530708,0.032635245161547644,0.09102583671903829,0.15893943344230996,0.04607262476170491
2025-12-06 00:00:00+00:00,-0.13678497122107602,0.11919496294528387,-0.04327763644200207,0.033507825451278415,-0.11992073710873802,0.1831563285699847,0.036659459609170976,0.09797124542490929,0.15893943344230996,0.04241858853801655
2025-12-06 01:00:00+00:00,-0.13678497122107602,0.11691070083727732,-0.046900374450788235,0.033507825451278415,-0.11223128356437523,0.18248171134738836,0.037903319605035055,0.09980580482416151,0.15893943344230996,0.04126416241611335
2025-12-06 02:00:00+00:00,-0.13678497122107602,0.11460433811360365,-0.05148772105215462,0.034211695247758654,-0.11156262033413249,0.18182966498735323,0.03913086637413496,0.10162137344157447,0.1625588826398252,0.04009685658562329
2025-12-06 03:00:00+00:00,-0.14188120327415785,0.1118284638084735,-0.048990274310103867,0.03058045857965029,-0.11387041901934393,0.1787281026022731,0.03316085550847397,0.09703155194192697,0.15971394856023777,0.03470255320319728
2025-12-06 04:00:00+00:00,-0.14188120327415785,0.115951499454786,-0.04617370419875466,0.029212884573131325,-0.11366199267895143,0.18318780027705808,0.031770325210829085,0.09348552668977106,0.1577039980553184,0.036061114010668374
2025-12-06 05:00:00+00:00,-0.14188120327415785,0.12020594082714216,-0.04308097103318691,0.028576229016445655,-0.11456741978789185,0.18640978781292153,0.030402858599319273,0.0900259279683056,0.15569939831960503,0.037441424726083285
2025-12-06 06:00:00+00:00,-0.14138726772237922,0.12282625104659822,-0.04004177153455257,0.028576229016445655,-0.11617977192892631,0.18977267281255106,0.028715537970193102,0.08680839433785685,0.15369970224151933,0.03884430344444206
2025-12-06 07:00:00+00:00,-0.1421139324940768,0.12488898708011438,-0.03705319752862988,0.029156232346023346,-0.11677635086606873,0.19144028824957157,0.02660107622374323,0.08417926551611842,0.15369970224151933,0.038220148708243584
2025-12-06 08:00:00+00:00,-0.14141610157406356,0.12989565714369555,-0.029573374392613396,0.033649591402792695,-0.11462605177433621,0.1970678469742563,0.02594225901644843,0.08007463295650127,0.1579219531394548,0.04202748604910347
2025-12-06 09:00:00+00:00,-0.14072318846270804,0.13480542359230277,-0.02443888227256892,0.037517949797156065,-0.1171106002343939,0.20256626290005375,0.025330657112173947,0.07622389019045904,0.15392332555957003,0.04577132177647467
2025-12-06 10:00:00+00:00,-0.1425523124737374,0.13962082446280993,-0.018589121077559532,0.039984552621329494,-0.11774107995926364,0.20811511170621294,0.023361640973814813,0.06894422069757952,0.15000649882259828,0.04945278484878987
2025-12-06 11:00:00+00:00,-0.14506881344157235,0.14531823550800393,-0.009837147158242725,0.04191771702620443,-0.12323352909102356,0.2167387762189385,0.015844682447961857,0.056762957902943834,0.14227670957039368,0.054966276155192555
2025-12-06 12:00:00+00:00,-0.1483759921709878,0.15399936107294385,-0.0008567958038682697,0.04563758782867056,-0.1320975989742272,0.22797215925381203,0.006650560954052799,0.040746131906215975,0.13233840624590007,0.062336581910834674
2025-12-06 13:00:00+00:00,-0.15163800422694348,0.16251932831816435,0.007965831642085761,0.04930681297052861,-0.13631395518210995,0.23905096107514695,-0.0024588052877074014,0.024862548496517516,0.12249786880027928,0.06960320146357761
2025-12-06 14:00:00+00:00,-0.15485572475125728,0.17088319090672444,0.016635276942088485,0.05292638634909441,-0.13812474324108817,0.2499821875803922,-0.011487617358237976,0.009097882638298213,0.11275020008435913,0.076768955126707
2025-12-06 15:00:00+00:00,-0.15803000390268152,0.17909580659322535,0.02515592042791869,0.05649727321963973,-0.13991095397465067,0.26077263153396546,-0.020440043510270678,-0.00480925612545269,0.08797416097729907,0.08383658163279908
2025-12-06 16:00:00+00:00,-0.15328019458806846,0.16755628103256245,0.0145795022541457,0.052874289969188304,-0.1350071369686128,0.24447368155831267,-0.006467463886123647,0.018141383242902643,0.10349767071517145,0.07374930835407116
2025-12-06 17:00:00+00:00,-0.1485354116397588,0.1560911039140994,0.004044863693061105,0.049257736999610696,-0.1350071369686128,0.22822266055442922,0.007596887505747544,0.04130163663888805,0.10349767071517145,0.06366715376647601
2025-12-06 18:00:00+00:00,-0.1456818951477894,0.14865694943361776,-0.003559907455410371,0.05135953249297651,-0.1329375983036083,0.21611156517293104,0.018235462432821058,0.06163030143200218,0.10246791908403975,0.055746110847881704
2025-12-06 19:00:00+00:00,-0.1456818951477894,0.14145710130238773,-0.010068279726915638,0.05135953249297651,-0.1329375983036083,0.20353906925004275,0.022718316437141273,0.07645564863126487,0.112382823388943,0.049476197746597644
2025-12-06 20:00:00+00:00,-0.1456818951477894,0.13430271141616526,-0.019849344621245754,0.05367845636227831,-0.13128812725266661,0.19106598264799982,0.02723489480874097,0.09146068876364032,0.12239895576876883,0.04320789543287281
2025-12-06 21:00:00+00:00,-0.1456818951477894,0.12324735541981803,-0.02311223037453071,0.06316531482221151,-0.1356459789818507,0.17868480155231772,0.03178608020771929,0.10666143135094117,0.12239895576876883,0.036940335321845
2025-12-06 22:00:00+00:00,-0.14294903811976664,0.11236283942962381,-0.03311320342277193,0.07030137114297609,-0.13998145736456355,0.16638826878978075,0.03637278394188836,0.11955478878202487,0.13252167806272536,0.03067264861533356
2025-12-06 23:00:00+00:00,-0.13679433943444644,0.1058767148772066,-0.039776966220496326,0.068179526054084,-0.13636970826974903,0.1576938483246903,0.040761234317329524,0.12691618317106268,0.13252167806272536,0.028655352622741225
2025-12-07 00:00:00+00:00,-0.13679433943444644,0.09980361750735979,-0.04647734765328996,0.068179526054084,-0.14169455372797382,0.15136681935725585,0.04479578832838019,0.13188462119450003,0.14551881727666055,0.026650465148299832
2025-12-07 01:00:00+00:00,-0.13679433943444644,0.09786286580260548,-0.04775266430721333,0.068179526054084,-0.14169455372797382,0.14998629902258104,0.046059248935172124,0.13272845720057594,0.14551881727666055,0.0259356698114298
2025-12-07 02:00:00+00:00,-0.13679433943444644,0.09590572667310414,-0.05020271287012265,0.06897331485240592,-0.14102873900085244,0.14860584882715733,0.04730470877526424,0.13356967230911287,0.14971068758001066,0.02521631310357333
2025-12-07 03:00:00+00:00,-0.14167542186130885,0.09281707898190213,-0.04994398127301405,0.06819293824900648,-0.1460307173749799,0.14570622169918776,0.04065481018722325,0.12895549578832152,0.14472989674786163,0.01976136880004715
2025-12-07 04:00:00+00:00,-0.14167542186130885,0.09508202466071716,-0.04835698388694822,0.06819293824900648,-0.1462661085383396,0.15018555249142487,0.03931939303573991,0.12734117547152562,0.14472989674786163,0.02032525588204223
2025-12-07 05:00:00+00:00,-0.1418444878220499,0.09611860864813426,-0.04677678472411268,0.06766554874063699,-0.14723812542391193,0.15480932909382816,0.03867833445855582,0.1245622472905021,0.14329672175795205,0.02089357505027955
2025-12-07 06:00:00+00:00,-0.1418444878220499,0.09752869913218833,-0.045203099228736526,0.0664782337112558,-0.14783463276204886,0.15679403269006695,0.03776773333874408,0.12055019728897497,0.14186725265593458,0.021985136975222294
2025-12-07 07:00:00+00:00,-0.14247334082468688,0.09930224794877575,-0.04437306479864073,0.06527845656222533,-0.14783463276204886,0.15811346118963976,0.03644477316401525,0.1180954928188685,0.14044127055942818,0.022964909683933325
2025-12-07 08:00:00+00:00,-0.14406320943384432,0.10597166868945684,-0.04087687521189706,0.06612250771755421,-0.14555354279895377,0.16456093999754276,0.03521450489435072,0.11268355892432064,0.13911443876194377,0.0256824149458829
2025-12-07 09:00:00+00:00,-0.1432357087488157,0.1124768165228588,-0.0395170238433126,0.06516718471065708,-0.1456090002348361,0.17287961929920642,0.03403012071582314,0.1073574637695542,0.12722262108249213,0.02835574938899142
2025-12-07 10:00:00+00:00,-0.1447909114359749,0.11986781116552614,-0.040277429963146996,0.0630291049736821,-0.14787805026630146,0.17960227455526334,0.031080322413010036,0.100271382575223,0.12600264852166668,0.03098549918451177
2025-12-07 11:00:00+00:00,-0.147168797172965,0.13080312430618476,-0.03764368582042823,0.05726293771389874,-0.14787805026630146,0.1889825662798937,0.02397610031436557,0.0884927809145981,0.12600264852166668,0.034542305544781646
2025-12-07 12:00:00+00:00,-0.15016922033000574,0.14596433449194962,-0.03163378477763804,0.050668312256631404,-0.15414816620324306,0.20260222071357628,0.015703488946074352,0.07257552553043499,0.12454425190105022,0.03965666058573602
2025-12-07 13:00:00+00:00,-0.15312977135737024,0.16086758917197194,-0.028317201522584542,0.047577846010972855,-0.1543165312272315,0.21615353466765708,0.007485695354774931,0.05681699055264072,0.10186952634498302,0.04469849554685242
2025-12-07 14:00:00+00:00,-0.15605117729500442,0.17233015958648235,-0.025046646678585683,0.04452786601033085,-0.15307896240878296,0.23120722633143093,-0.0006812403337195326,0.04120293938606149,0.08669112965606762,0.049669345733923835
2025-12-07 15:00:00+00:00,-0.16013308939827717,0.18572799747389088,-0.020372862881565628,0.03778593347094356,-0.15093117516552873,0.24928266000016075,-0.013252718337356823,0.020609127750898338,0.08669112965606762,0.0557293894232276
2025-12-07 16:00:00+00:00,-0.1554092606312477,0.16872088595818374,-0.025726280260474573,0.0417719350875533,-0.14827101195675949,0.22513027895380427,0.0010690692043510848,0.04438899469594675,0.1018747220223481,0.04877860100915589
2025-12-07 17:00:00+00:00,-0.15068897494916556,0.15189324620492675,-0.031086002089576344,0.04983272979693913,-0.12728698841867075,0.20137262064698147,0.015534015663918004,0.06836217720298296,0.11723893288254579,0.04183485259766204
2025-12-07 18:00:00+00:00,-0.1476810735983057,0.14020781567816396,-0.03615997793728467,0.05918229008405827,-0.12806127816986976,0.18731089656082897,0.029401841906697895,0.08937688965443104,0.13255931681968985,0.03663766777133005
2025-12-07 19:00:00+00:00,-0.14493700388951186,0.1295927318812662,-0.03954935337586146,0.06442316261772596,-0.12073973315035351,0.17410197179885317,0.03646071831552053,0.10293012594957467,0.13255931681968985,0.03663766777133005
2025-12-07 20:00:00+00:00,-0.1421868147675348,0.11908239391466868,-0.04294330387969585,0.07223944553185521,-0.1255356420591305,0.15859044715758594,0.04360086138125419,0.11668717679085974,0.14048054953032588,0.041154009415263065
2025-12-07 21:00:00+00:00,-0.13242801267272172,0.10867125590757444,-0.046341973482563095,0.07758104655974074,-0.1255356420591305,0.14171138297367783,0.05082553669440887,0.1306626165798665,0.1583743231378249,0.04806316078050517
2025-12-07 22:00:00+00:00,-0.12398762629176158,0.09835400960950268,-0.04985040754679835,0.08462724159450656,-0.12374529444023562,0.13156394741651967,0.05796280648591773,0.14333139456233338,0.17619366840209616,0.04806316078050517
2025-12-07 23:00:00+00:00,-0.12075260100848001,0.09208049759255973,-0.053492900517545586,0.09284336346529551,-0.11839627887507365,0.12124097619771636,0.06456007115283695,0.14866872049366964,0.17619366840209616,0.04599492781171662
2025-12-08 00:00:00+00:00,-0.12566022715966935,0.08283110210910183,-0.06102885597951741,0.0872929303138884,-0.12487836072041877,0.11018373129635879,0.06322700367132936,0.14468594293188453,0.1780337554076006,0.041118963765718816
2025-12-08 01:00:00+00:00,-0.12566022715966935,0.08109991727765575,-0.06272698055682412,0.0872929303138884,-0.12593251796887822,0.1083941754583225,0.06464423521415531,0.14517530040929605,0.18007514692890006,0.04185429135344233
2025-12-08 02:00:00+00:00,-0.12566022715966935,0.0803110071572153,-0.06444479202575983,0.08675822170085175,-0.12813228900633566,0.10592447282858974,0.0660469566159763,0.14627563784970318,0.18007514692890006,0.041118963765718816
2025-12-08 03:00:00+00:00,-0.1303370041838939,0.07347263568313708,-0.07002739014050356,0.08026378154173323,-0.1315230428834889,0.10149959842981861,0.06140168823208121,0.1428506753115351,0.1796052240260398,0.03615037638274431
2025-12-08 04:00:00+00:00,-0.1303370041838939,0.07577597236114218,-0.06956960516020182,0.07765803179724808,-0.1317265021171288,0.1051935264390657,0.060152259750839564,0.14142438384440334,0.18299986188626668,0.03615037638274431
2025-12-08 05:00:00+00:00,-0.13046577838699283,0.0768695641794814,-0.0691106525035714,0.07538610642242438,-0.13241275479093234,0.1085989890929958,0.058922488000580864,0.13949021165246175,0.18299986188626668,0.03615037638274431
2025-12-08 06:00:00+00:00,-0.13528942359402402,0.07851081205548682,-0.07033105838278872,0.06471903915845564,-0.1383423957980378,0.11623027806790841,0.058208765778050106,0.1320651956789253,0.18213845854278224,0.03295432948437926
2025-12-08 07:00:00+00:00,-0.13629237962127544,0.08113716026327235,-0.07248636006336219,0.05647238913155372,-0.14071613271622874,0.1234225797332455,0.05902872701264432,0.12740429025573716,0.17237701572187542,0.03331280361272324
2025-12-08 08:00:00+00:00,-0.13727970933477723,0.08371684223577583,-0.07195236495969339,0.05045782339933355,-0.14414104536745653,0.1303566222507697,0.059836004653120584,0.12466608936549163,0.17139904945797738,0.03536015611091029
2025-12-08 09:00:00+00:00,-0.13825178071184227,0.08625109222666397,-0.0714267298099827,0.03876596608766252,-0.14849915407191835,0.1370478301789518,0.05892734889941151,0.12197451417449093,0.16204877639566836,0.03737353585054896
2025-12-08 10:00:00+00:00,-0.14346312552846374,0.09054797521705574,-0.0750227467786562,0.016428633965418115,-0.1580390231960417,0.14706838669804498,0.057220613773321834,0.11409027984664823,0.14677710977873376,0.03485416121344296
2025-12-08 11:00:00+00:00,-0.15041905567808347,0.09632560467607516,-0.07985215012537827,-0.013372316985945574,-0.1763717691405208,0.1608973772894308,0.05465995159951313,0.10287083439453494,0.12583359190289475,0.0269615192695502
2025-12-08 12:00:00+00:00,-0.1622557072774638,0.10085948292720118,-0.07086278222186496,-0.035650752132140376,-0.18458721946974757,0.17606810723209498,0.04597530210612081,0.08903383715128363,0.10228717037800486,0.0269615192695502
2025-12-08 13:00:00+00:00,-0.17410725439046768,0.10538460064559535,-0.06626864725479521,-0.05491930191478161,-0.1974357065102784,0.1931153043814718,0.037243116999854914,0.07519691010635764,0.09121156174876693,0.02118814354704764
2025-12-08 14:00:00+00:00,-0.18756394380935787,0.1113578756884416,-0.06107146803460534,-0.08240868905650846,-0.21197784567917252,0.2118960286555885,0.027778977409416462,0.058169165412875534,0.07931808732289898,0.01693330135658409
2025-12-08 15:00:00+00:00,-0.20085136697318984,0.11723787432696237,-0.055946467207318426,-0.11601267487257823,-0.2315743161439838,0.23011298245521267,0.018404304777046458,0.03873919071399389,0.06747131973131132,0.015600118607202928
2025-12-08 16:00:00+00:00,-0.18659109265994478,0.11152127035320211,-0.061632287451588566,-0.08176244496338267,-0.21258225076342513,0.21325646552900127,0.029281708333828926,0.05915795249610678,0.08238424839220779,0.019191150033240335
2025-12-08 17:00:00+00:00,-0.17233637148750927,0.105818477455873,-0.06732872655487847,-0.048472230529968706,-0.18925154519824136,0.192897183758224,0.0402296240362306,0.07973437758097522,0.09751486750327566,0.026413348522481263
2025-12-08 18:00:00+00:00,-0.16115852523738503,0.1025069389580331,-0.0731079300385439,-0.02380903782639969,-0.1757185481408125,0.17915186390644383,0.051015747460680674,0.09611759843972748,0.12161329695203273,0.0355779349301254
2025-12-08 19:00:00+00:00,-0.1553364111850182,0.09882373186168922,-0.07680250188041472,-0.0033310114598401603,-0.16016589752704846,0.16601747432740502,0.06072247995811607,0.1102609060232105,0.13191134322616402,0.04037867078571222
2025-12-08 20:00:00+00:00,-0.14949704380810225,0.09514945425964015,-0.07680250188041472,0.0166908920402635,-0.14786499831987543,0.15311413818564604,0.07056342545266632,0.12470045986479991,0.13191134322616402,0.04522294799387405
2025-12-08 21:00:00+00:00,-0.14105632441047158,0.0914839176589006,-0.08069043788004185,0.03810106961665518,-0.13493286715712677,0.14042845968934295,0.0805454330147349,0.13945782746069352,0.14623162400989273,0.050111973423871116
2025-12-08 22:00:00+00:00,-0.13186700546106828,0.08782693577354413,-0.08069043788004185,0.05288226120879534,-0.12468179799404064,0.1289421799701798,0.09031629973093745,0.15033500323657922,0.15423535993902066,0.05956691448869145
2025-12-08 23:00:00+00:00,-0.12145685233916569,0.08782693577354413,-0.08460551549220789,0.06157728967958811,-0.10734127361112945,0.11687992593576037,0.09466514371860334,0.15562149254647326,0.17238121330720332,0.061728440024635484
2025-12-09 00:00:00+00:00,-0.1195768506114544,0.08631084479953453,-0.08667121421711124,0.0647083695633059,-0.09688436637029436,0.11480933395381789,0.09717463887181574,0.15645773517524175,0.17536140851949578,0.06249454995811259
2025-12-09 01:00:00+00:00,-0.11771759385288252,0.08544454728149643,-0.08667121421711124,0.06825057206821411,-0.09071142014118401,0.11271319538994522,0.09888909532234123,0.15729305525126272,0.178037261887998,0.06249454995811259
2025-12-09 02:00:00+00:00,-0.11587858455140362,0.08544454728149643,-0.08876446029079811,0.07211696486290639,-0.08450086786443745,0.11059011404972122,0.10132115314719889,0.15874034620667535,0.178037261887998,0.06249454995811259
2025-12-09 03:00:00+00:00,-0.11585339259907908,0.08544454728149643,-0.08877713565896708,0.068876878185067,-0.0847862596672544,0.11310021985655003,0.09863557301530121,0.15763105089219157,0.17131128354757658,0.06249454995811259
2025-12-09 04:00:00+00:00,-0.115838834448541,0.08544454728149643,-0.0887942661166264,0.06634601381919758,-0.08534703255487751,0.11491369184380111,0.09605472163427262,0.15579995265930824,0.1650553220007947,0.06249454995811259
2025-12-09 05:00:00+00:00,-0.11583446567319278,0.0844430927831626,-0.08881601020104771,0.06341445925225637,-0.08542686009263982,0.1160599240322539,0.09430050790171571,0.15437416313910382,0.15921176263569908,0.06249454995811259
2025-12-09 06:00:00+00:00,-0.12135465107168882,0.07630650682108144,-0.09056689591078868,0.05246333550350264,-0.09041246131309194,0.12103855789538945,0.090830386846623,0.14904241856061973,0.15283782207288096,0.05713708574338043
2025-12-09 07:00:00+00:00,-0.1309237214486974,0.07369443725523035,-0.09056689591078868,0.03911773597106044,-0.09422760895324317,0.12881914685357335,0.08656710347021364,0.13977500605460788,0.1464545038673586,0.04723706552915146
2025-12-09 08:00:00+00:00,-0.1372443103345178,0.07369443725523035,-0.08823709818946407,0.025042973981478128,-0.09887557976195749,0.13499564323290225,0.08097923332943484,0.1320618775331378,0.14014543679225613,0.04083139695044399
2025-12-09 09:00:00+00:00,-0.14359378965695505,0.07369443725523035,-0.08823709818946407,0.011221394041870605,-0.1032952510981582,0.14110368454363062,0.07532723585838703,0.1235823471235481,0.1339076998169427,0.034408587036003635
2025-12-09 10:00:00+00:00,-0.15239134146736466,0.06873445582914825,-0.09215997276164377,-0.008917250949694798,-0.11584308551571763,0.14892932119560093,0.06788992087309938,0.11060192951042791,0.12325993493172667,0.030635523568040997
2025-12-09 11:00:00+00:00,-0.16296900569049014,0.06412994498480365,-0.09215997276164377,-0.03025882462257894,-0.1255820390640679,0.15891245549372301,0.056893537077400594,0.09400858634183852,0.1127388236574711,0.027688806770599542
2025-12-09 12:00:00+00:00,-0.17350107517713378,0.05953758986447324,-0.08769063073866223,-0.05098505321792961,-0.14057288303791582,0.16888124404616459,0.04582412117845626,0.07738797964333052,0.10344845492702365,0.018936475602490923
2025-12-09 13:00:00+00:00,-0.1864001279234867,0.05529481265222272,-0.08129971361577915,-0.07187057983036954,-0.1563790324565856,0.1747013765886271,0.03092936941309804,0.05682752366662775,0.08943584993319083,0.009904297308002751
2025-12-09 14:00:00+00:00,-0.20186160355692967,0.04865736597420237,-0.07436111395301646,-0.10149929059644228,-0.17934279928074662,0.18463502571369966,0.01447080550508214,0.028402517378256713,0.07520259830873305,0.0013742371187677412
2025-12-09 15:00:00+00:00,-0.2172613209134961,0.04203613827775027,-0.06740703967599762,-0.13064299489709894,-0.19444020138006837,0.1948645457975414,-0.0021148402456244828,-0.00031909226203401546,0.04561312652464494,-0.011558268486584703
2025-12-09 16:00:00+00:00,-0.2031481759668437,0.04203613827775027,-0.07352984368073497,-0.10407584123135748,-0.17395595704272793,0.1847819888737654,0.012186772908405948,0.02455270278157406,0.05880438479951555,-0.0004780643734340718
2025-12-09 17:00:00+00:00,-0.1849926113593953,0.04203613827775027,-0.07966908642463298,-0.07578438178596719,-0.15653907817560522,0.1747850103007867,0.026608097686228023,0.049730623431648406,0.08479843378249752,0.010700998041995279
2025-12-09 18:00:00+00:00,-0.15963556171830917,0.0421776284886067,-0.08617531419929571,-0.054117642002162,-0.1371083123097798,0.1692855109338876,0.037958482973333256,0.07016201980473383,0.09959903486741492,0.022904419900605568
2025-12-09 19:00:00+00:00,-0.14275127455981504,0.038518538670182824,-0.08617531419929571,-0.036234185151463864,-0.12845050326394128,0.16034071418385246,0.045137644991434044,0.08480951690889212,0.1075270965857988,0.03033439364010312
2025-12-09 20:00:00+00:00,-0.12330538649259473,0.038518538670182824,-0.09445844769564231,-0.01855256767773409,-0.11996450265179844,0.15386607319658302,0.052388356198453404,0.09974044854644502,0.12181520773197095,0.040311148715557445
2025-12-09 21:00:00+00:00,-0.10781211380586307,0.038518538670182824,-0.09018806925103487,-0.001051749518873431,-0.10712089765501348,0.1431911957614835,0.05971329524302669,0.11268644735485814,0.12951082571449948,0.05042639448919649
2025-12-09 22:00:00+00:00,-0.09552778768399263,0.0421776284886067,-0.08573337985298013,0.013314188289918556,-0.0851235830576511,0.1371203075553843,0.06692395546003142,0.12253601805192484,0.1356502246689408,0.058017545233189194
2025-12-09 23:00:00+00:00,-0.08500107206023133,0.0421776284886067,-0.08133992748593602,0.021745028907963933,-0.07814476988865292,0.13059254267308887,0.07374897079616412,0.13042302411660164,0.1431846351759162,0.06278454040048374
2025-12-10 00:00:00+00:00,-0.08160418602397132,0.0421776284886067,-0.08556726080192194,0.025815959054083733,-0.07063934297097337,0.12969910598780157,0.07527608927418322,0.13165890790986248,0.14618622395054026,0.0636740489079598
2025-12-10 01:00:00+00:00,-0.07640107895415865,0.04092149876753532,-0.09247215667844572,0.02980776050514123,-0.06389920562119417,0.1288015871481324,0.07678748611869367,0.13288751797730983,0.1431846351759162,0.06455934926886289
2025-12-10 02:00:00+00:00,-0.07970261914823111,0.03266598207204917,-0.09927707723773262,0.027385246345825964,-0.06482087810818346,0.12361219181784844,0.0730948641304321,0.12858313668754584,0.13970901322675922,0.060021267294581696
2025-12-10 03:00:00+00:00,-0.07995727787075604,0.03266598207204917,-0.09927707723773262,0.025699769853913493,-0.06547506694919283,0.1254957129109584,0.07162549882439948,0.12710351592283173,0.13153786310528698,0.05954674546995255
2025-12-10 04:00:00+00:00,-0.0802236325563076,0.03266598207204917,-0.09927707723773262,0.02428982088523641,-0.0661310338005905,0.12790164339214072,0.07018904765656878,0.12564702435450464,0.12419929615425404,0.0590757550117768
2025-12-10 05:00:00+00:00,-0.08050089146315903,0.03203076766575508,-0.09927707723773262,0.02274250624620558,-0.06694969588711709,0.12961577080158465,0.06878400098069877,0.12454534746536436,0.12074594530710221,0.05860823919815826
2025-12-10 06:00:00+00:00,-0.087034113297907,0.024266140654180163,-0.10365620882560586,0.015035674282737202,-0.0725302085435639,0.12657251577108827,0.06579723211984585,0.1223170169558058,0.11642273809558505,0.053584695792644604
2025-12-10 07:00:00+00:00,-0.09555682396306825,0.02178690430169745,-0.10135518423052908,0.003238536510134279,-0.07922805111969909,0.13007545057013256,0.061494347272230646,0.11396595638749132,0.10709371025256714,0.04357735100966866
2025-12-10 08:00:00+00:00,-0.10412922216616695,0.01935564132118659,-0.10135518423052908,-0.008461126691714558,-0.08322226659956693,0.1335483572260253,0.05715309801515,0.10715501587444785,0.1028642908204487,0.03876240749494776
2025-12-10 09:00:00+00:00,-0.11520554193215304,0.0169014950971958,-0.10782468295270335,-0.024536031963392678,-0.0939328458985189,0.13674829014764503,0.05316762015120587,0.09675183102399333,0.09445916151182496,0.033512456668141746
2025-12-10 10:00:00+00:00,-0.1271101653226412,0.014481974086293089,-0.11668084737961389,-0.039331675176497966,-0.10493743601812237,0.1426416947852452,0.04781004836605479,0.08446484068184597,0.08619428239613944,0.026856770681345104
2025-12-10 11:00:00+00:00,-0.1416354337996807,0.010057949783015873,-0.12138618783944247,-0.056632984481515644,-0.11997913750085323,0.1476578812560046,0.03946930445927703,0.06708007112123524,0.07713095442082032,0.017856467551757998
2025-12-10 12:00:00+00:00,-0.15607738049917103,0.00562370857609468,-0.12138618783944247,-0.07375541962155743,-0.13725188694548704,0.15246035497681598,0.031087058927009394,0.049507248156464206,0.06871557302796834,0.005841823903478452
2025-12-10 13:00:00+00:00,-0.1738698779466574,0.0012570045160388106,-0.12078733637241047,-0.09494060079069977,-0.1460153410787259,0.15967539110930165,0.021924276227658888,0.0289219929601861,0.06112742192550191,-0.006430243743053528
2025-12-10 14:00:00+00:00,-0.1947529427559265,-0.00517793660666603,-0.12078733637241047,-0.12229460408158206,-0.16870153490036208,0.16962315940037614,0.009661474640829596,0.0028158176555227797,0.03524422928645562,-0.01975636720601441
2025-12-10 15:00:00+00:00,-0.21553489752491076,-0.011628648430838499,-0.12078733637241047,-0.14966263372428856,-0.19094921116308367,0.1763250390851054,-0.0026696157714681933,-0.023644007439264376,0.009066546440196605,-0.03776330732244398
2025-12-10 16:00:00+00:00,-0.19620994967112748,-0.005983762870413181,-0.12078733637241047,-0.12565117045926127,-0.16881119911748954,0.1663800581208881,0.008193640216195957,-0.0004221704242214643,0.032414643793161085,-0.02229360344704976
2025-12-10 17:00:00+00:00,-0.17810786380474208,-0.0003248295278216987,-0.12078733637241047,-0.10166024827314402,-0.1496577216797944,0.15967885037506122,0.019174297289294113,0.02314532003018852,0.04441565610437119,-0.0065654130850966415
2025-12-10 18:00:00+00:00,-0.16989415126428892,0.0033247172023283143,-0.12078733637241047,-0.08624903766075812,-0.13422356868401905,0.15287824660530797,0.026361793053742935,0.038868824513205,0.05239701399007183,0.0037080603610201578
2025-12-10 19:00:00+00:00,-0.15858114758132472,0.0069836959429371735,-0.1166731427398804,-0.07223373070733898,-0.12470848709973585,0.14615398226198656,0.031231531852766805,0.05508462261510016,0.05992616052001768,0.011554173515870599
2025-12-10 20:00:00+00:00,-0.143759676573688,0.01065230924905843,-0.11257168974660282,-0.06088364686788861,-0.11597751677897332,0.14180659946001511,0.03868604516974752,0.07184027175200085,0.05992616052001768,0.01953770219329997
2025-12-10 21:00:00+00:00,-0.12939196113006288,0.014330762480273701,-0.11257168974660282,-0.04943705925906224,-0.0993614931676914,0.13519891649355423,0.04377664125912537,0.08651716824339976,0.067437951433487,0.027665665035168308
2025-12-10 22:00:00+00:00,-0.11371914315644165,0.02166875272820446,-0.10819905198613673,-0.037691208579298786,-0.08297213556551433,0.12699435972738726,0.05117443365751594,0.10612688733146321,0.07493378712992677,0.0386469391722751
2025-12-10 23:00:00+00:00,-0.09972930894829472,0.02166875272820446,-0.10359532118512017,-0.0270425080751653,-0.08445742270006516,0.11708510779881892,0.05586070291134114,0.10855214724781725,0.08902801906783375,0.046438090225060326
2025-12-11 00:00:00+00:00,-0.0941570603456073,0.02166875272820446,-0.10146861118770062,-0.022873977509096862,-0.08445742270006516,0.11526843986365033,0.05938936964550954,0.11025317585024204,0.09140573968110227,0.047487507321366876
2025-12-11 01:00:00+00:00,-0.08871678682983346,0.02166875272820446,-0.09702722178569,-0.01872022569918813,-0.07851348382510803,0.11412741798990131,0.06190059078534008,0.11194034175793277,0.09521671407159286,0.04951237871943281
2025-12-11 02:00:00+00:00,-0.08894537391833734,0.02166875272820446,-0.09709348882533182,-0.019444629245355935,-0.07876039744479238,0.11472435836143575,0.06049443718587029,0.11024252526188233,0.08734763430112756,0.04908701875609812
2025-12-11 03:00:00+00:00,-0.08918658257496148,0.02166875272820446,-0.09699485213864394,-0.020400792832353614,-0.07901481020971478,0.11524567496959419,0.05928607491129842,0.10896439332084372,0.08509674295263171,0.04818997958071481
2025-12-11 04:00:00+00:00,-0.08943972290252221,0.02166875272820446,-0.0970691276729233,-0.021346424351277114,-0.07929912979727051,0.11577099002420896,0.05810164811823994,0.10770411431159824,0.08290690046458518,0.04730821103222095
2025-12-11 05:00:00+00:00,-0.08970416430035687,0.020693466181595833,-0.09714545591086467,-0.022477326418329557,-0.07972449308567002,0.11630036262105511,0.05737531627104928,0.1068327482132002,0.08214396962641766,0.046441163162529026
2025-12-11 06:00:00+00:00,-0.09544995150400144,0.013581831662853565,-0.1011113000398116,-0.02814944925858694,-0.08351577324828383,0.11876574853094253,0.05494733461055465,0.10578347746558815,0.07926990759983299,0.040066418080005696
2025-12-11 07:00:00+00:00,-0.10547597225742848,0.006443283247150177,-0.10324432931970196,-0.037962100320161195,-0.09169883273126764,0.1211702691139437,0.05072652906889868,0.0970307644958187,0.06595011537825464,0.031562013111963494
2025-12-11 08:00:00+00:00,-0.11462468974523049,0.0017067255837054948,-0.10536566698668605,-0.04777592747909617,-0.1061395601439477,0.12462871955404682,0.04645709057416422,0.08981515253078826,0.0615201504954334,0.023351095279777818
2025-12-11 09:00:00+00:00,-0.12391521836614243,-0.0006646891300743596,-0.10747556376436868,-0.05669754505549363,-0.11178584065915334,0.12832983120239264,0.04213703046763058,0.08051470709283703,0.05709416072278887,0.016634705714320523
2025-12-11 10:00:00+00:00,-0.13564460395785716,-0.007034227928034451,-0.11696717817578509,-0.06855902301412506,-0.1289489587779493,0.1314586632057875,0.0373821860843725,0.07146261237511527,0.042235053516601354,0.0024354356224224817
2025-12-11 11:00:00+00:00,-0.15123689589954903,-0.01573907977873247,-0.12103786548410227,-0.08328478211418165,-0.14078789168213324,0.13642257318146922,0.02900969812004238,0.05503804225855774,0.02638926837603129,-0.016413626438807352
2025-12-11 12:00:00+00:00,-0.1668520149866687,-0.024459325742450837,-0.12508564712400153,-0.09956336770406299,-0.15691230343258833,0.141195690210794,0.02057346351352707,0.038124455741159746,0.010302052787367377,-0.03227672328300944
2025-12-11 13:00:00+00:00,-0.18511363211085738,-0.03459633753267421,-0.1322614696769428,-0.12080894556384689,-0.17660111460751352,0.14803688173165203,0.01191986030196118,0.020124491246309887,-0.007752855413043514,-0.045900099289713225
2025-12-11 14:00:00+00:00,-0.2077987186747239,-0.047261340348306737,-0.1322614696769428,-0.14726071056742407,-0.20217977198555104,0.15476468028328685,-0.0005142917932077859,-0.006166580158389875,-0.01981117088437613,-0.06502660171523152
2025-12-11 15:00:00+00:00,-0.23053798030905348,-0.059954174069501105,-0.1322614696769428,-0.1739698675074159,-0.2251049344378555,0.161465029557101,-0.013052228885752927,-0.03340951678027597,-0.031816990500129795,-0.0846102666780598
2025-12-11 16:00:00+00:00,-0.2105890503574393,-0.04878317718490744,-0.10586453002612495,-0.15317276918484013,-0.20968186219568558,0.15506751187726112,-0.001933235697362661,-0.00950757515684701,-0.01060970935809158,-0.06837595341656796
2025-12-11 17:00:00+00:00,-0.19064548774312295,-0.043237457693030654,-0.0784995965171718,-0.1305913357706375,-0.2001969562641276,0.148683822615044,0.009309806590095539,0.015343524964871088,0.0001360908575792996,-0.0521848210564937
2025-12-11 18:00:00+00:00,-0.17911563501811043,-0.0396716203738767,-0.05665188833129741,-0.11612568794282847,-0.18638292870134468,0.14230593099260935,0.01670184156315034,0.03218712199837392,0.014149140709151554,-0.04171390207477415
2025-12-11 19:00:00+00:00,-0.1652500755832385,-0.03609428855911937,-0.03810767437710546,-0.10153815126948364,-0.17649260173734296,0.13797957423340526,0.024282943695787068,0.0498072140779112,0.028436439998810615,-0.03098085911665041
2025-12-11 20:00:00+00:00,-0.15255178992675753,-0.03250523188052805,-0.022545947233592083,-0.08681575350229909,-0.1703057017884027,0.13367479823532297,0.03473205759927912,0.06830319696225474,0.035538514317016094,-0.019965721957643588
2025-12-11 21:00:00+00:00,-0.138941151594993,-0.025348380046286607,-0.006556652828210323,-0.07194479194861009,-0.1518671946021246,0.12939117837147165,0.04576278465126352,0.08779338724989195,0.035538514317016094,-0.008646359397984457
2025-12-11 22:00:00+00:00,-0.12925282278049835,-0.0217146781710778,0.005715962161836804,-0.060307224476366134,-0.1365913320519492,0.12529643638400786,0.05392346860063362,0.10283973916968059,0.04265382651479939,0.0029844672057554576
2025-12-11 23:00:00+00:00,-0.11670321005356278,-0.0217146781710778,0.02581998324046206,-0.05244326649857912,-0.13039426173004875,0.12529643638400786,0.061396944409320364,0.11248480365999408,0.05645169357183214,0.011669135283297348
2025-12-12 00:00:00+00:00,-0.1098172301712021,-0.0217146781710778,0.03287516165351231,-0.047626036665738274,-0.126111246109672,0.12481081065354713,0.06416017119521604,0.11472042027530355,0.059684068508266956,0.01292513019227665
2025-12-12 01:00:00+00:00,-0.10561038354970602,-0.0217146781710778,0.041854009127108,-0.042856842330749316,-0.11878888126935022,0.12375061417361825,0.06687458612904644,0.11693284452664995,0.06562911026340473,0.015386317889979885
2025-12-12 02:00:00+00:00,-0.10650715542717763,-0.02720123080904231,0.045204234131499064,-0.04225762597587417,-0.1204913834331362,0.1193982919462888,0.06297370615676517,0.11357301450000945,0.06313382909678435,0.012243816464350934
2025-12-12 03:00:00+00:00,-0.1064133115652337,-0.02720123080904231,0.04254923402152013,-0.04290098104854887,-0.12079933784680427,0.12052640177090947,0.06162622641561703,0.11141551609550542,0.06145892173435367,0.01130826989903665
2025-12-12 04:00:00+00:00,-0.10595127823813694,-0.027351007461545684,0.04065818367118272,-0.04368020209631671,-0.12074663934069789,0.12167542927297126,0.06031555785897636,0.10931674649422704,0.05981650686840047,0.01039585147138282
2025-12-12 05:00:00+00:00,-0.10620504844170137,-0.027351007461545684,0.03878344132520902,-0.04445842674853375,-0.12096420200122053,0.12221458877329804,0.05903972458964176,0.10727336946112653,0.05820474897830047,0.009505209136181934
2025-12-12 06:00:00+00:00,-0.11478353790962317,-0.03413623471893942,0.026028824674522676,-0.051519512372574114,-0.1261389737845624,0.12221458877329804,0.05448467170192582,0.09792529857651604,0.05387424640019462,0.0077243012617207035
2025-12-12 07:00:00+00:00,-0.12608315730560535,-0.038859913948264393,0.013266372119542066,-0.060447376908875416,-0.13447831606915245,0.12221458877329804,0.050212855173081626,0.08924545057845869,0.04953415672180551,0.0077243012617207035
2025-12-12 08:00:00+00:00,-0.13571321803631847,-0.041273503257851646,0.0030568816978833423,-0.06870032242007938,-0.1440458077505856,0.12344962635116426,0.04587549196297664,0.08016484297376578,0.045183808412146836,0.0042132622299523945
2025-12-12 09:00:00+00:00,-0.14545005246778936,-0.04369675184262854,-0.004668074933953496,-0.07682252504111434,-0.1556690642988232,0.12344962635116426,0.04134056625752197,0.06816314300921936,0.04082251961837787,-0.001074276977677359
2025-12-12 10:00:00+00:00,-0.16130256642920993,-0.04961591506591393,-0.01534799531404149,-0.0882543644117123,-0.16509487009120935,0.12027179845507247,0.03560305865504532,0.05283646440160596,0.026872260428612328,-0.0064932822323218575
2025-12-12 11:00:00+00:00,-0.18251648353132593,-0.058367219318729416,-0.029636144462241353,-0.10293316132452209,-0.17251942843105794,0.12027179845507247,0.026828027959155443,0.030680348931114657,0.010576326920006764,-0.012977804686166454
2025-12-12 12:00:00+00:00,-0.20381293233197117,-0.06715042876959464,-0.049019903541783094,-0.11759477624490698,-0.18223432198256614,0.12027179845507247,0.01800873250763045,0.008099961619277675,0.0024929036554635626,-0.01945417615753433
2025-12-12 13:00:00+00:00,-0.22521264747382377,-0.07596720986482788,-0.06402657535195352,-0.1325918025799841,-0.19047754474189393,0.12027179845507247,0.009143154095950541,-0.014949869054042665,-0.013871322532793162,-0.025923000834626626
2025-12-12 14:00:00+00:00,-0.25652791479790227,-0.0888423107548908,-0.07893078375400275,-0.1569296557006619,-0.215685226198841,0.12027179845507247,-0.003896692263368996,-0.049318723355232096,-0.038291417599894254,-0.03537425200225073
2025-12-12 15:00:00+00:00,-0.2880225811057427,-0.10176925403476075,-0.0941427450899236,-0.18147659547815526,-0.23215474956298138,0.12027179845507247,-0.017010680322975414,-0.0845218416665786,-0.06333574281986504,-0.04481585225994009
2025-12-12 16:00:00+00:00,-0.2607623402670595,-0.09052173153090182,-0.08206820555664021,-0.16067283663302698,-0.2132812427575609,0.11725371450291776,-0.005302647004683451,-0.054236642060495374,-0.052466362410007995,-0.03633167728377465
2025-12-12 17:00:00+00:00,-0.233467770919607,-0.0792358932091091,-0.06975625057096434,-0.13973293716818605,-0.19491007039565914,0.10791976236764593,0.006474861748139743,-0.023183917343876235,-0.030327347196588122,-0.027857184141229986
2025-12-12 18:00:00+00:00,-0.220453967707593,-0.07196385853803118,-0.06189372101275882,-0.12630405693791694,-0.18388808338809096,0.09724569848951688,0.014149565621196696,-0.0026549778952609125,-0.016349181796842673,-0.019672773815488844
2025-12-12 19:00:00+00:00,-0.21132465242924922,-0.06839736986312202,-0.049555935216890924,-0.11278044799769822,-0.16870126692913429,0.08203730533853808,0.02187337088291438,0.018481860934539126,-0.001955074645708047,-0.011469543331920604
2025-12-12 20:00:00+00:00,-0.20564165855446775,-0.06481638606424711,-0.04103943296635549,-0.09915220945737979,-0.15299420697853083,0.06910185740813535,0.029648351688267384,0.03609940196272197,0.012341853772363146,-0.0032457281004725936
2025-12-12 21:00:00+00:00,-0.19989030904530874,-0.06122061665593718,-0.03223190195913038,-0.08540895967325131,-0.14849538355710384,0.05643150691627387,0.037476651419438636,0.05443962905322148,0.026551688263480703,0.005000462921186334
2025-12-12 22:00:00+00:00,-0.19406737051655976,-0.05760976520001423,-0.019157943352747734,-0.07270324092226878,-0.12858237145271673,0.046292780107630285,0.04810893982026814,0.0735889470566902,0.04068416469360465,0.016074165070613627
2025-12-12 23:00:00+00:00,-0.17873306813901968,-0.0538566297350375,-0.005948511840183887,-0.05941444572940768,-0.11173895996268288,0.038689118693382284,0.05552639939701679,0.08991517120537447,0.04068416469360465,0.021431523164562705
2025-12-13 00:00:00+00:00,-0.16921992643535763,-0.05125392327140426,0.006419091925045026,-0.05102918197151641,-0.09761806726428059,0.02890356956691087,0.05659755726307411,0.09448631341565981,0.050429197067044455,0.02071666804717474
2025-12-13 01:00:00+00:00,-0.159426860488077,-0.047506905341846935,0.010472873471995067,-0.04558530033080647,-0.09678834514847356,0.027212237003616576,0.060807620554977446,0.09954276925460816,0.056795845084933114,0.023039377002784217
2025-12-13 02:00:00+00:00,-0.15007438712761342,-0.043815651387161265,0.016723893924517275,-0.04082051424038593,-0.09115986420377835,0.025499826895502595,0.06418574504883758,0.10443093397643499,0.06022357786044763,0.025329665199677227
2025-12-13 03:00:00+00:00,-0.15631427847171983,-0.049048549944952016,0.015535800771334454,-0.04550069906237935,-0.09606073981315708,0.02172235169746056,0.05403697884534884,0.09113825440355278,0.054886044503656355,0.018786054832441997
2025-12-13 04:00:00+00:00,-0.15492548720165628,-0.049343761846346104,0.01486758095826928,-0.04636818932694942,-0.09654678512073492,0.02222815526588166,0.052395980990819074,0.08890785640123773,0.05358797692660184,0.018206323662693095
2025-12-13 05:00:00+00:00,-0.15364856866398893,-0.049639789785944105,0.013925739863342609,-0.04752867770412037,-0.09787134585190681,0.0231961339920382,0.050822577271448,0.0876897271610147,0.05316485743075813,0.017636109569397873
2025-12-13 06:00:00+00:00,-0.15360675968646176,-0.04993661320944015,0.013333187783172114,-0.04909932044583034,-0.09953650719690475,0.023547755087962283,0.049684357938666775,0.08705290888762575,0.05274217531254172,0.01707505741311625
2025-12-13 07:00:00+00:00,-0.1605823848558312,-0.05317323479794279,0.01519996258539688,-0.053081616610228505,-0.10318660988820011,0.02760526596650624,0.048903457082590626,0.08681744882522874,0.051933495457878426,0.010645826802342818
2025-12-13 08:00:00+00:00,-0.17180563773027968,-0.05779316597070776,0.00941306043527669,-0.06367653005383166,-0.1138582769935189,0.03145665517261283,0.04342669624126665,0.07834741292060846,0.04361267373927878,0.004188685845264973
2025-12-13 09:00:00+00:00,-0.1832008089772051,-0.06243956471350958,0.006442012390452892,-0.07458748425198088,-0.12071689037325399,0.03403461288381427,0.037885613083214635,0.06685543527688208,0.039179786169423095,-0.0023287526490689157
2025-12-13 10:00:00+00:00,-0.1917323390359918,-0.06711346431484141,0.0003948988632208381,-0.08628412219623874,-0.12706645297698121,0.03792851600924952,0.03215977810167934,0.05638180348219383,0.02994537737103916,-0.008909923433696034
2025-12-13 11:00:00+00:00,-0.20031474548635336,-0.07181592755679715,-0.00574796011723499,-0.09825028760288204,-0.13368761579643135,0.04181348048771533,0.02780699591656922,0.04595211688506412,0.02073711591817705,-0.015558430151104917
2025-12-13 12:00:00+00:00,-0.21625485390504798,-0.08049648915893709,-0.01738576990287803,-0.11877568552255552,-0.14447603902113382,0.049111163371530674,0.01962914915521822,0.026547540847639797,0.003564504215367089,-0.028056080977622338
2025-12-13 13:00:00+00:00,-0.23227658486421085,-0.08922993247989582,-0.02922158941591994,-0.13985109028163864,-0.1594121719789622,0.056392411715392,0.011436063304665307,0.007181739031319103,-0.005035160298650521,-0.0406915354097312
2025-12-13 14:00:00+00:00,-0.24838915554430666,-0.09801832552668627,-0.041266676633048394,-0.1615267847451744,-0.17673760191580368,0.06365816400477955,0.0032264684686714802,-0.012161140427755625,-0.013708464150262799,-0.0534725351042218
2025-12-13 15:00:00+00:00,-0.26460201557106316,-0.10686379943172707,-0.05353312327616245,-0.18385893256303215,-0.19437420607261283,0.07090934639752511,-0.005000920535748614,-0.0314968420375615,-0.022254918447282907,-0.06640724619207002
2025-12-13 16:00:00+00:00,-0.24416548731550888,-0.09579615836362627,-0.0380971432088234,-0.1594012425198574,-0.1767578624711567,0.06112170515718808,0.005927471971369231,-0.005839490337816744,-0.010876960306241587,-0.04995075678908678
2025-12-13 17:00:00+00:00,-0.22368913189496534,-0.0846670588335658,-0.022377570668925744,-0.13430270180102502,-0.15434530674108077,0.0513579640157201,0.016882329811273883,0.019830174936889426,0.0006016440761968363,-0.03330192418706552
2025-12-13 18:00:00+00:00,-0.2105468197732978,-0.0774932838346637,-0.017279039942960473,-0.11989163620775757,-0.14073608516075256,0.0450147191855155,0.026453576550102862,0.03652298043855626,0.015570548689914206,-0.022434338017429434
2025-12-13 19:00:00+00:00,-0.19502397256313925,-0.0702786543206497,-0.012108228340954305,-0.10505375248604132,-0.1250163680254423,0.040764778518962035,0.03860987306622857,0.05325292050273983,0.030546126770904406,-0.01142965654659233
2025-12-13 20:00:00+00:00,-0.17931236113288815,-0.06673189517596899,-0.0015311446098407668,-0.08974349877110618,-0.11228734410199809,0.036527292729273506,0.048556686235096846,0.07003383216163837,0.04553821088651779,-0.0002797779844997132
2025-12-13 21:00:00+00:00,-0.16339148297009773,-0.059721311220386736,0.009178890605934785,-0.07682929300948732,-0.09634420063158859,0.03230196763015472,0.05866609584927435,0.08301914884780642,0.06903901643212218,0.011023909715320981
2025-12-13 22:00:00+00:00,-0.15110820159006005,-0.05260382286847943,0.014576930916767645,-0.0635314165992848,-0.07613755852512216,0.02808851335193342,0.06894687258472346,0.09616425025513872,0.07704479843980303,0.022490576143772197
2025-12-13 23:00:00+00:00,-0.1404180218214683,-0.04882869673978919,0.02534961033962407,-0.04602889026693434,-0.06564998652784973,0.019808686482581602,0.07847165158283814,0.10758641329365003,0.07704479843980303,0.025299717042622075
2025-12-14 00:00:00+00:00,-0.13409446151475984,-0.045660409759794386,0.033740219097056226,-0.03508016894415791,-0.05486268493347107,0.010286874398677317,0.07788843371797188,0.10963389173603129,0.07331435833986262,0.025332961198563583
2025-12-14 01:00:00+00:00,-0.12600731300909332,-0.041906619236905716,0.03879363932696719,-0.027748939815156373,-0.04921579223580203,0.006427186525721129,0.08087173161230807,0.11498848576890314,0.08050104057888224,0.02776569184138862
2025-12-14 02:00:00+00:00,-0.11815259543165865,-0.03819891576866952,0.04429168184538995,-0.020295672341098265,-0.043032797530340124,0.002495559184101334,0.08378324221237124,0.12021320205944952,0.08772433318052902,0.030168190510121366
2025-12-14 03:00:00+00:00,-0.11788095323654858,-0.03856465887069458,0.04395294445510388,-0.021994406583048437,-0.044166344519154695,0.003013090462081456,0.08231595406346795,0.11692561220282495,0.08678211664530497,0.029544293444814258
2025-12-14 04:00:00+00:00,-0.11765055355662016,-0.03892964599700461,0.043617571209596966,-0.023750828943244363,-0.045246221275837266,0.003537310171645482,0.08089461058437916,0.11380925797051401,0.08403615876808393,0.02893049446429464
2025-12-14 05:00:00+00:00,-0.11745875603608139,-0.039293927710251704,0.04328583599350424,-0.025570731199368105,-0.047169086196053575,0.003537310171645482,0.07919577189748267,0.1108482282775624,0.08303501397273971,0.02832643364699586
2025-12-14 06:00:00+00:00,-0.11849810731447838,-0.040236731245867935,0.04295805007058165,-0.027614758594903224,-0.04979855608959734,0.003367023009172834,0.07882576798537304,0.10992159407192358,0.08204853866906453,0.027276699883883777
2025-12-14 07:00:00+00:00,-0.12400572239306475,-0.041708588672860994,0.043295574351812444,-0.028264427700928078,-0.05094369709250647,0.005794360082640722,0.07889314785320259,0.10821187213323516,0.07743808511955357,0.025859795957835774
2025-12-14 08:00:00+00:00,-0.13281245136767791,-0.04668346066157492,0.03666204685395299,-0.03947103100015828,-0.06406756431662194,0.00844437591888846,0.07506931127561457,0.10187615786505692,0.07321175565948174,0.019282859874681067
2025-12-14 09:00:00+00:00,-0.14465121114814702,-0.05175106154406358,0.029509840986843765,-0.04994463941092824,-0.0735779985894997,0.00844437591888846,0.07121572312732005,0.09548018170800412,0.06828214692340075,0.012609070431171848
2025-12-14 10:00:00+00:00,-0.1537750633649661,-0.056916056192310396,0.022069468959421957,-0.06310514574713523,-0.08237607630925863,0.009767782784645393,0.06715914172522944,0.08838494903400558,0.05909031959049184,0.0058326267884875995
2025-12-14 11:00:00+00:00,-0.16303259181172863,-0.06461927390255702,0.014755609895628404,-0.07692399318573827,-0.09128750304416153,0.011088668500925424,0.06308875328619222,0.08131177829267021,0.04985589164477699,-0.0010526819985252607
2025-12-14 12:00:00+00:00,-0.17985427676436888,-0.0788293269328484,-0.005341424990632054,-0.10262336785023812,-0.10828498141073208,0.013576095358281255,0.05528895184782203,0.06809420200773308,0.032254567061867204,-0.014203477369511679
2025-12-14 13:00:00+00:00,-0.19691923502593983,-0.09336611146994843,-0.01876552845345162,-0.13073415072929628,-0.12922221399879638,0.016046571208256775,0.04745721817393458,0.054898642678610145,0.02329746584938935,-0.027584549194988667
2025-12-14 14:00:00+00:00,-0.21424426755969905,-0.10825241341447893,-0.032282429018662906,-0.1611153921609381,-0.1534682945512367,0.016046571208256775,0.0395921474993185,0.04172004572149205,0.014395111488346093,-0.037857722473258734
2025-12-14 15:00:00+00:00,-0.2318473058052655,-0.12351317864678486,-0.04589896581393565,-0.19423594634905253,-0.17227378490761022,0.018508704705110852,0.03169230130686288,0.028553387363992867,-0.003285483033365157,-0.04832090941801372
2025-12-14 16:00:00+00:00,-0.211654484200195,-0.10603869923731946,-0.027914309364880104,-0.1657891584284244,-0.15482731433768934,0.015147342501227649,0.042505231066958526,0.04618099510121806,0.020563843230863726,-0.03508336031934928
2025-12-14 17:00:00+00:00,-0.1912244749706128,-0.08816099491665806,-0.009795886188550785,-0.1350472851698066,-0.1343020747388009,0.011797467156102338,0.05337357825810436,0.06381443825468402,0.0446235372328448,-0.021601259179855725
2025-12-14 18:00:00+00:00,-0.17827017545048832,-0.07664781434355407,0.0020737032884676257,-0.11843434674770144,-0.12140170630723843,0.009618084183589531,0.060530826285498704,0.07530138305115552,0.06050387311400384,-0.015731775001316676
