time_utc,5.56x45mm M995,6.8x51mm Hybrid,7.62x39mm AP,7.62x51mm M62,7.62x54R BT,9x19mm PBP,9x39mm BP
2025-09-21 18:00:00+00:00,,,,,,,
2025-09-21 19:00:00+00:00,,,,,,,
2025-09-21 20:00:00+00:00,,,,,,,
2025-09-21 21:00:00+00:00,,,,,,,
2025-09-21 22:00:00+00:00,,,,,,,
2025-09-21 23:00:00+00:00,,,,,,,
2025-09-22 00:00:00+00:00,,,,,,,
2025-09-22 01:00:00+00:00,,,,,,,
2025-09-22 02:00:00+00:00,,,,,,,
2025-09-22 03:00:00+00:00,,,,,,,
2025-09-22 04:00:00+00:00,,,,,,,
2025-09-22 05:00:00+00:00,,,,,,,
2025-09-22 06:00:00+00:00,,,,,,,
2025-09-22 07:00:00+00:00,,,,,,,
2025-09-22 08:00:00+00:00,,,,,,,
2025-09-22 09:00:00+00:00,,,,,,,
2025-09-22 10:00:00+00:00,,,,,,,
2025-09-22 11:00:00+00:00,,,,,,,
2025-09-22 12:00:00+00:00,,,,,,,
2025-09-22 13:00:00+00:00,,,,,,,
2025-09-22 14:00:00+00:00,,,,,,,
2025-09-22 15:00:00+00:00,,,,,,,
2025-09-22 16:00:00+00:00,,,,,,,
2025-09-22 17:00:00+00:00,,,,,,,
2025-09-22 18:00:00+00:00,,,,,,,
2025-09-22 19:00:00+00:00,,,,,,,
2025-09-22 20:00:00+00:00,,,,,,,
2025-09-22 21:00:00+00:00,,,,,,,
2025-09-22 22:00:00+00:00,,,,,,,
2025-09-22 23:00:00+00:00,,,,,,,
2025-09-23 00:00:00+00:00,,,,,,,
2025-09-23 01:00:00+00:00,,,,,,,
2025-09-23 02:00:00+00:00,,,,,,,
2025-09-23 03:00:00+00:00,,,,,,,
2025-09-23 04:00:00+00:00,,,,,,,
2025-09-23 05:00:00+00:00,-0.6563110782201218,-0.6079559440649852,-0.20638882935897865,-0.46054919623686913,-0.24197614188047573,0.7258908187691886,-0.5493797386333338
2025-09-23 06:00:00+00:00,-0.6580513877127394,-0.6081201936135819,-0.19968329354712863,-0.46382049131320574,-0.22605833832772082,0.7268597033945714,-0.5402083680253635
2025-09-23 07:00:00+00:00,-0.6596911511814683,-0.603391541116753,-0.19339990346395755,-0.4485381202063763,-0.22370106484309135,0.723607553504668,-0.5266113089699894
2025-09-23 08:00:00+00:00,-0.6612384217763119,-0.5915137587916544,-0.1875000000014178,-0.43441073486610565,-0.20958459583479996,0.7208856167085896,-0.5139711592656186
2025-09-23 09:00:00+00:00,-0.662700484164038,-0.5804121123638317,-0.19752807658776647,-0.42131014063178074,-0.19659758038917485,0.7116292686961021,-0.5067241528221618
2025-09-23 10:00:00+00:00,-0.680990739848157,-0.5148663507122542,-0.1618889317040669,-0.35520111838391805,-0.1809056686211169,0.7316658281998681,-0.4829299718298268
2025-09-23 11:00:00+00:00,-0.6791628914940644,-0.45987488252824926,-0.13167179386873784,-0.2996835347567283,-0.16779352353208554,0.7550260284568634,-0.4635239442928493
2025-09-23 12:00:00+00:00,-0.6784556713396488,-0.4128699345199477,-0.20411872180709395,-0.2522101825879432,-0.1566196440754735,0.7764959178183798,-0.4473594203185834
2025-09-23 13:00:00+00:00,-0.678499567350761,-0.37209119391899387,-0.17608578696735896,-0.2110264864081821,-0.14694737520692316,0.7861879630971923,-0.4336646933762431
2025-09-23 14:00:00+00:00,-0.6924778956991062,-0.33628371646337596,-0.15135137865054266,-0.17487629269837746,-0.1384675033443711,0.7857263710132336,-0.41153745761388405
2025-09-23 15:00:00+00:00,-0.6910689413293923,-0.33566226735891563,-0.1507519663514339,-0.1715847071667397,-0.13812340985125837,0.7171892510757323,-0.40889738170539786
2025-09-23 16:00:00+00:00,-0.6910091971007194,-0.33257668472660495,-0.14879296737317552,-0.16847730674557274,-0.13779416049340623,0.7173111966192707,-0.406386231262062
2025-09-23 17:00:00+00:00,-0.633914606097667,-0.33851545200203254,-0.16584403661926897,-0.19515519529145706,-0.1324057340642499,0.6840718796116659,-0.4146367917126455
2025-09-23 18:00:00+00:00,-0.5748945131327364,-0.39494955321432973,-0.17141822045955757,-0.25583516053288285,-0.15239675754440585,0.6630183221557115,-0.4136005136513932
2025-09-23 19:00:00+00:00,-0.5720925600788562,-0.40447066040875146,-0.17141822045955757,-0.2746055275648692,-0.1771818991930897,0.6595145466005453,-0.4175589361904215
2025-09-23 20:00:00+00:00,-0.5720925600788562,-0.40962301378147836,-0.10808372251388972,-0.2927466001234083,-0.20248432598485103,0.6511491067501859,-0.4293160988449359
2025-09-23 21:00:00+00:00,-0.5720925600788562,-0.41501933066070146,-0.10808372251388972,-0.31033783905792905,-0.20248432598485103,0.6462753646358783,-0.42609785657685156
2025-09-23 22:00:00+00:00,-0.5411821949450616,-0.3951635110008194,-0.09397134026398102,-0.2887156900797063,-0.23103989714487472,0.6384360894432223,-0.4256489651328429
2025-09-23 23:00:00+00:00,-0.5361546767220178,-0.38933756350846493,-0.09397134026398102,-0.2850163902169378,-0.22393097723272476,0.6454002687288606,-0.42400448024882736
2025-09-24 00:00:00+00:00,-0.5361546767220178,-0.39200021774892985,-0.0995037190209993,-0.2850163902169378,-0.22280642585162397,0.6526227877332635,-0.43084631532679113
2025-09-24 01:00:00+00:00,-0.5361859903134599,-0.3957356321705065,-0.10503585970805933,-0.2850163902169378,-0.22178299259778458,0.6555950918073377,-0.4341063662426649
2025-09-24 02:00:00+00:00,-0.5361859903134599,-0.40074801604146887,-0.10503585970805933,-0.2850163902169378,-0.21527924763353054,0.6601943917511317,-0.4374914549341413
2025-09-24 03:00:00+00:00,-0.5361859903134599,-0.40892428067126557,-0.11059220057575851,-0.2850163902169378,-0.21448554244658163,0.6649594832417336,-0.43483667327724385
2025-09-24 04:00:00+00:00,-0.5422929563383583,-0.40180706250632586,-0.08999570602232562,-0.31898282202925776,-0.21306324396623688,0.6555238638156137,-0.46294415397185473
2025-09-24 05:00:00+00:00,-0.5422929563383583,-0.4073401004427539,-0.09455530256325993,-0.31898282202925776,-0.21321644163539993,0.6570888917846667,-0.4649521421707658
2025-09-24 06:00:00+00:00,-0.5422929563383583,-0.4095363931165028,-0.09917043797009789,-0.31971836404193765,-0.21353327738815361,0.6587785581035612,-0.4625782834359232
2025-09-24 07:00:00+00:00,-0.5422929563383583,-0.4021922238490828,-0.09917043797009789,-0.30804326816698374,-0.2093566316852009,0.6592788398260021,-0.45948591447948123
2025-09-24 08:00:00+00:00,-0.5422929563383583,-0.3896844845976209,-0.09455530256325993,-0.299649126894769,-0.20554802139985798,0.658276685704843,-0.4564501331233006
2025-09-24 09:00:00+00:00,-0.5422929563383583,-0.3784377327564288,-0.09455530256325993,-0.299649126894769,-0.20903747332618197,0.6548518428045466,-0.4542002578650716
2025-09-24 10:00:00+00:00,-0.5305272566163478,-0.3413941234113356,-0.07400304898842909,-0.24914137664029606,-0.21794534004425006,0.6628263349855769,-0.44100488934990745
2025-09-24 11:00:00+00:00,-0.5198710681819244,-0.3087048013982297,-0.051764821882084006,-0.23405319022036258,-0.2291169505001938,0.6699725646332522,-0.4363560727813998
2025-09-24 12:00:00+00:00,-0.5101871535038541,-0.2798879245306198,-0.03386704735659504,-0.1906246064432315,-0.24272843675350583,0.6849023223253099,-0.4323586514485252
2025-09-24 13:00:00+00:00,-0.5166734396021123,-0.254552225111671,-0.07343151116057804,-0.15123965909092604,-0.2847189330057277,0.6992795528915139,-0.4217223300400268
2025-09-24 14:00:00+00:00,-0.5261331672319831,-0.23082196150531673,-0.09251556027712754,-0.15913160135184293,-0.22948113819779276,0.6626944234261037,-0.4406827880595232
2025-09-24 15:00:00+00:00,-0.5261331672319831,-0.23056892576629967,-0.09192484282388923,-0.15596444926563977,-0.23757337183314703,0.6448320137568734,-0.44168224236574644
2025-09-24 16:00:00+00:00,-0.5635894299943506,-0.314617154289337,-0.062277399325195125,-0.14954117630996225,-0.20995712063671992,0.6015118879049811,-0.4504070396599745
2025-09-24 17:00:00+00:00,-0.5609681940050766,-0.31542561888657866,-0.062277399325195125,-0.14768927820036692,-0.22217651159287694,0.6015118879049811,-0.4489743448107115
2025-09-24 18:00:00+00:00,-0.5779306233296343,-0.3746239048820128,-0.062277399325195125,-0.17027648939389448,-0.17879606250707147,0.604167193416131,-0.45469397842622616
2025-09-24 19:00:00+00:00,-0.5855689900597257,-0.39481107695040457,0.0,-0.1924245721520689,-0.09607689228305326,0.604167193416131,-0.4454069651614968
2025-09-24 20:00:00+00:00,-0.6185474644779728,-0.462527332727926,-0.018076947411291847,-0.23010375984216216,-0.0828596482539141,0.5893037746137142,-0.43691107141499974
2025-09-24 21:00:00+00:00,-0.6185474644779728,-0.47969151158674656,0.03791852478606867,-0.24962284019974723,-0.0828596482539141,0.585063223544268,-0.42860021733319437
2025-09-24 22:00:00+00:00,-0.6185474644779728,-0.4728873949707248,0.03791852478606867,-0.24962284019974723,-0.08084256647432353,0.5886834541189363,-0.42985646720054554
2025-09-24 23:00:00+00:00,-0.6095033351072248,-0.47484196931010825,0.03791852478606867,-0.25032695879619177,-0.08084256647432353,0.5886834541189363,-0.4195469298838527
2025-09-25 00:00:00+00:00,-0.6095033351072248,-0.48684604643915746,0.03976928430484207,-0.25032695879619177,-0.07954330065343204,0.5886834541189363,-0.4195469298838527
2025-09-25 01:00:00+00:00,-0.6001061054875114,-0.4892610203340364,0.021349744679337132,-0.17882951541343547,-0.11074754046715864,0.596236205421461,-0.3728086073427856
2025-09-25 02:00:00+00:00,-0.6024460779102846,-0.5035476515816987,0.021349744679337132,-0.17882951541343547,-0.11423794457774146,0.5991063485946145,-0.3728086073427856
2025-09-25 03:00:00+00:00,-0.6123462822124156,-0.5200691071997698,0.02419074811069916,-0.17882951541343547,-0.11423794457774146,0.5991063485946145,-0.3728086073427856
2025-09-25 04:00:00+00:00,-0.5988022372198774,-0.4923328851546443,0.02419074811069916,-0.15949149235267737,-0.16522121576675872,0.5991063485946145,-0.3728086073427856
2025-09-25 05:00:00+00:00,-0.6098094042615212,-0.5129683484304339,0.027216969244193652,-0.1616896747796988,-0.17016855033929082,0.5991063485946145,-0.3713526793450746
2025-09-25 06:00:00+00:00,-0.6131348373481331,-0.524829638002045,0.027216969244193652,-0.16409341271572722,-0.17016855033929082,0.5991063485946145,-0.3713526793450746
2025-09-25 07:00:00+00:00,-0.6166421475740017,-0.5260101968096556,0.027216969244193652,-0.16163502574907498,-0.16522121576675872,0.5991063485946145,-0.3713526793450746
2025-09-25 08:00:00+00:00,-0.6120613895906197,-0.5228305031994298,0.027216969244193652,-0.15928438840850678,-0.16522121576675872,0.5991063485946145,-0.3713526793450746
2025-09-25 09:00:00+00:00,-0.6084929747962251,-0.5205019463290722,0.027216969244193652,-0.15703432759476518,-0.16522121576675872,0.5994993041873464,-0.3713526793450746
2025-09-25 10:00:00+00:00,-0.5700964376922556,-0.4846832683395752,0.027216969244193652,-0.13301317356138395,-0.16522121576675872,0.5994993041873464,-0.3713526793450746
2025-09-25 11:00:00+00:00,-0.5391433931125638,-0.4487296650950395,0.027216969244193652,-0.13301317356138395,-0.16522121576675872,0.5931765010251724,-0.37868103989846547
2025-09-25 12:00:00+00:00,-0.5080396611315461,-0.4125396265611271,0.027216969244193652,-0.13301317356138395,-0.16522121576675872,0.5879327974830955,-0.37868103989846547
2025-09-25 13:00:00+00:00,-0.454430754857583,-0.37600368077252017,0.027216969244193652,-0.13301317356138395,-0.16522121576675872,0.5829564794431313,-0.37868103989846547
2025-09-25 14:00:00+00:00,-0.3909617356245534,-0.3390020700558919,0.027216969244193652,-0.10940875579876046,-0.16522121576675872,0.5828355517433422,-0.38665468883556153
2025-09-25 15:00:00+00:00,-0.40776143695482303,-0.35000083852050173,0.015012578303701568,-0.12738595105969683,-0.15117301096006497,0.5675344787365115,-0.381059710722622
2025-09-25 16:00:00+00:00,-0.40399520049902876,-0.3532173347372125,0.015012578303701568,-0.1252104868943464,-0.15117301096006497,0.5534723605631943,-0.3830434621989055
2025-09-25 17:00:00+00:00,-0.4615890954781952,-0.45507825003476593,0.04559607525911826,-0.1334256549587597,-0.1824835579237272,0.5382260805497849,-0.36737968107393776
2025-09-25 18:00:00+00:00,-0.5361949422796879,-0.4766028162935426,0.08610658798817875,-0.09806683702904638,-0.22440513206795976,0.5162771752676548,-0.3491136944998088
2025-09-25 19:00:00+00:00,-0.5361949422796879,-0.4847186804847624,0.15181037483186413,-0.09806683702904638,-0.2743920619063243,0.49464096240902733,-0.3359755941569793
2025-09-25 20:00:00+00:00,-0.523344118638091,-0.5008037856022769,0.15181037483186413,-0.09806683702904638,-0.3236240837726755,0.4693346751106359,-0.31666756343348607
2025-09-25 21:00:00+00:00,-0.5026055376980507,-0.5171866262791583,0.15181037483186413,-0.07376666974932329,-0.3963898304782668,0.4437243623020989,-0.30283003961249944
2025-09-25 22:00:00+00:00,-0.49416222635503276,-0.5156963636328612,0.15181037483186413,-0.07376666974932329,-0.3963898304782668,0.44529255706077414,-0.3033066717434052
2025-09-25 23:00:00+00:00,-0.49179313016500664,-0.5199206905186013,0.15181037483186413,-0.07376666974932329,-0.39945565862777344,0.44708896113740354,-0.3005594218025097
2025-09-26 00:00:00+00:00,-0.49179313016500664,-0.5293902933110624,0.15181037483186413,-0.07588468286728081,-0.39945565862777344,0.4491234679948778,-0.29366171768307625
2025-09-26 01:00:00+00:00,-0.5000747246342597,-0.5414412672414578,0.16880417677820667,-0.10319169978678996,-0.409345994451621,0.4569162700895709,-0.33521790168631693
2025-09-26 02:00:00+00:00,-0.5293613978339213,-0.5655369908226272,0.1195317154625434,-0.1320894053634558,-0.42120229262319797,0.4621549503179932,-0.3744268907112757
2025-09-26 03:00:00+00:00,-0.5293613978339213,-0.5902756803668721,0.11818372480465687,-0.13713893793655127,-0.42120229262319797,0.44338195572309863,-0.36598891688807605
2025-09-26 04:00:00+00:00,-0.5293613978339213,-0.5750319830614284,0.11818372480465687,-0.11607937198300122,-0.42120229262319797,0.4953031593013417,-0.37431403436551897
2025-09-26 05:00:00+00:00,-0.5293613978339213,-0.5843734144903322,0.11818372480465687,-0.12125230861146671,-0.42120229262319797,0.4667047995671791,-0.3620412424620461
2025-09-26 06:00:00+00:00,-0.538532819553556,-0.6008168348121066,0.11710664308664992,-0.12125230861146671,-0.42120229262319797,0.43663038469151516,-0.3623693617226553
2025-09-26 07:00:00+00:00,-0.5482341256588621,-0.6039290709857357,0.11710664308664992,-0.12125230861146671,-0.4237870562105494,0.4117894294335077,-0.36625464651164014
2025-09-26 08:00:00+00:00,-0.5578329839626092,-0.5794040388942242,0.0694532049716856,-0.09626964858421401,-0.4586824722944226,0.44199027760666115,-0.3507523300254467
2025-09-26 09:00:00+00:00,-0.5677156805281661,-0.5570560326584213,0.02828436475036475,-0.09863852041930884,-0.4670886805154217,0.46822647330468153,-0.3413319210405734
2025-09-26 10:00:00+00:00,-0.5772544333989424,-0.5455582784362518,-0.07280402817599048,-0.09863852041930884,-0.4670886805154217,0.49789966665948066,-0.35669227295634043
2025-09-26 11:00:00+00:00,-0.5901874085372212,-0.5340476242043305,-0.07280402817599048,-0.07447049108434928,-0.4670886805154217,0.5268715094358937,-0.37090163697075096
2025-09-26 12:00:00+00:00,-0.6034618410699458,-0.5225198144265266,-0.12024498681761096,-0.07447049108434928,-0.4670886805154217,0.541051475221811,-0.3851460945643396
2025-09-26 13:00:00+00:00,-0.6074326116774048,-0.5109704732599537,-0.07280402817599048,-0.07447049108434928,-0.4446621011410987,0.5516386635904674,-0.4076461246741898
2025-09-26 14:00:00+00:00,-0.5853224393936602,-0.5149303896919194,-0.07280402817599048,-0.07447049108434928,-0.4446621011410987,0.5313387353964828,-0.40606506945163146
2025-09-26 15:00:00+00:00,-0.43726734458139305,-0.47389484765881157,-0.10123608840844385,-0.10964472655556996,-0.38722782608731154,0.37631266970965666,-0.3606441918045062
2025-09-26 16:00:00+00:00,-0.39843034057729804,-0.4649500641471582,-0.11604778363106649,-0.12768170320894986,-0.368197489730273,0.37288016186223344,-0.356689390303337
2025-09-26 17:00:00+00:00,-0.39728525713480173,-0.4648832757930064,-0.11980687166653832,-0.12748838731467035,-0.368197489730273,0.3782192309868283,-0.36086496666683165
2025-09-26 18:00:00+00:00,-0.3715627151848243,-0.46019362126913627,-0.10589058976827233,-0.1088082461155634,-0.38722782608731154,0.34811832802718334,-0.33284427914563397
2025-09-26 19:00:00+00:00,-0.31776928553141387,-0.4661237029883257,-0.1630831748857247,-0.1088082461155634,-0.38722782608731154,0.33581321150848364,-0.3146118479613483
2025-09-26 20:00:00+00:00,-0.2258719328031182,-0.44224364571436764,-0.1560421251818633,-0.09272475679391064,-0.31842407166321945,0.30514795451847826,-0.27346538140568233
2025-09-26 21:00:00+00:00,-0.1750222703265278,-0.44224364571436764,-0.21977739039176203,-0.09272475679391064,-0.2661895076624891,0.2841331900965308,-0.2594591208093108
2025-09-26 22:00:00+00:00,-0.17566173761037354,-0.43020255140442737,-0.2111158164222955,-0.09428263572034369,-0.26849480967795664,0.2867997101751883,-0.2594591208093108
2025-09-26 23:00:00+00:00,-0.1662194839279852,-0.4335656148967853,-0.2111158164222955,-0.09586083439635883,-0.2716526839980637,0.2897538269376308,-0.2594591208093108
2025-09-27 00:00:00+00:00,-0.08797802875796368,-0.41027881006326467,-0.22261585175745385,-0.1239133362797234,-0.19964719424324065,0.28928907891438665,-0.2143867610553393
2025-09-27 01:00:00+00:00,-0.08464333655712403,-0.46003458833453964,-0.2031794251005079,-0.24703339316492542,-0.1554729685577036,0.2616379949847077,-0.24775873085280528
2025-09-27 02:00:00+00:00,-0.0766019047460649,-0.46660254022651726,-0.2031794251005079,-0.2705558816316387,-0.1554729685577036,0.2611949326999222,-0.24493236351180347
2025-09-27 03:00:00+00:00,-0.11907776940579419,-0.48876792902569316,-0.22815358014959775,-0.2780945473517381,-0.20380669895508516,0.27637102627613763,-0.27725277446790464
2025-09-27 04:00:00+00:00,-0.15855343913091002,-0.4816693359911483,-0.22815358014959775,-0.22313633034910105,-0.20380669895508516,0.3384460166798111,-0.2825041508778805
2025-09-27 05:00:00+00:00,-0.14880956169246615,-0.4894462238998264,-0.22815358014959775,-0.23887078900605274,-0.20380669895508516,0.3323764097013063,-0.28049375689966516
2025-09-27 06:00:00+00:00,-0.13993914317487607,-0.48467197911389154,-0.21997217922011766,-0.2570399750456192,-0.20592098192801173,0.3244292729191117,-0.28129790457490306
2025-09-27 07:00:00+00:00,-0.13179470569704232,-0.48467197911389154,-0.212350053700214,-0.2570399750456192,-0.20909453563588232,0.3161345685941076,-0.28270913318894264
2025-09-27 08:00:00+00:00,-0.16046002598236123,-0.4715414986361927,-0.19048482943986658,-0.1956142545161204,-0.21357442517239833,0.34054553048006525,-0.2595943515923643
2025-09-27 09:00:00+00:00,-0.1757547352998935,-0.4591521831533389,-0.1784893402717802,-0.14178380816588487,-0.21748241494730805,0.36237922722912286,-0.22658972474530015
2025-09-27 10:00:00+00:00,-0.21281606073491754,-0.4591521831533389,-0.1784893402717802,-0.14178380816588487,-0.21748241494730805,0.4097171525742284,-0.22658972474530015
2025-09-27 11:00:00+00:00,-0.25933554613047005,-0.4591521831533389,-0.1784893402717802,-0.11250683395981075,-0.21748241494730805,0.4545095252483249,-0.22658972474530015
2025-09-27 12:00:00+00:00,-0.28029666917788104,-0.4569200568181502,-0.15585730003984077,-0.0974061785326986,-0.19611613513818615,0.48000061440118524,-0.24212827790466407
2025-09-27 13:00:00+00:00,-0.33687764705090384,-0.4569200568181502,-0.15585730003984077,-0.06674581975677915,-0.19611613513818615,0.5016998746736668,-0.25014031156226957
2025-09-27 14:00:00+00:00,-0.37111628743703534,-0.44427101363012733,-0.1988773694806291,-0.06674581975677915,-0.23910615472513214,0.49596573343055356,-0.25820241688563644
2025-09-27 15:00:00+00:00,-0.34053511262549274,-0.4650536622697728,-0.1847586051948907,-0.05535412238069821,-0.2431616529757412,0.4947896355777628,-0.24915014062577376
2025-09-27 16:00:00+00:00,-0.3448299885498312,-0.46751013366240524,-0.1847586051948907,-0.05535412238069821,-0.23913470222492805,0.4846928212233882,-0.24849034773529136
2025-09-27 17:00:00+00:00,-0.3448299885498312,-0.46751013366240524,-0.19477036218204083,-0.058849498156139435,-0.19168140692919983,0.46933006178896935,-0.24849034773529136
2025-09-27 18:00:00+00:00,-0.3448299885498312,-0.4671071178552859,-0.1847586051948907,-0.06223715754616891,-0.17103276648669366,0.45917967781056535,-0.2489191563643255
2025-09-27 19:00:00+00:00,-0.36220530497797115,-0.47578761548985166,-0.24788955186796796,-0.09899675414367241,-0.20295998878374666,0.46884087474833563,-0.24101830436202668
2025-09-27 20:00:00+00:00,-0.4247494805318084,-0.5104766405029674,-0.31225396405981415,-0.1661751724167194,-0.2800000000000024,0.49778250521466755,-0.2522192564974355
2025-09-27 21:00:00+00:00,-0.43925896697233724,-0.5104766405029674,-0.31225396405981415,-0.2541955637206444,-0.33420399113761295,0.5067822653483937,-0.2450055379493812
2025-09-27 22:00:00+00:00,-0.43925896697233724,-0.5096383279310106,-0.31225396405981415,-0.2532083478258779,-0.32682286764115626,0.4990147764236059,-0.2440777907091777
2025-09-27 23:00:00+00:00,-0.43925896697233724,-0.5096383279310106,-0.30157481397002334,-0.2589101828021074,-0.3280300011369604,0.49188324264367606,-0.2440777907091777
2025-09-28 00:00:00+00:00,-0.43925896697233724,-0.5096383279310106,-0.31225396405981415,-0.2721336910450953,-0.3228887690946146,0.4853195903889826,-0.24788466776030726
2025-09-28 01:00:00+00:00,-0.4538057006307157,-0.4927974309616399,-0.32232918560985957,-0.23166725642169736,-0.32057270236460966,0.5007695942860069,-0.21356988552692208
2025-09-28 02:00:00+00:00,-0.4416326644964497,-0.48662539594889676,-0.32232918560985957,-0.2125768967870417,-0.29412425122473956,0.476404625362859,-0.21356988552692208
2025-09-28 03:00:00+00:00,-0.4426365131776324,-0.48662539594889676,-0.32232918560985957,-0.22670749698590092,-0.29089888650110574,0.473198982074949,-0.21694263621353235
2025-09-28 04:00:00+00:00,-0.430589559428641,-0.48662539594889676,-0.36346557892501674,-0.20681622334080618,-0.23603855349542127,0.42927661776298265,-0.21142177854593122
2025-09-28 05:00:00+00:00,-0.43169534807409415,-0.5000781894112655,-0.37322326754830504,-0.22408601989079618,-0.23579068185983482,0.4303736967298916,-0.21438822959294412
2025-09-28 06:00:00+00:00,-0.43169534807409415,-0.5079467667234853,-0.36346557892501674,-0.22408601989079618,-0.23605820686660203,0.4349464341120925,-0.21555979068806952
2025-09-28 07:00:00+00:00,-0.43169534807409415,-0.5096102200309692,-0.36346557892501674,-0.22408601989079618,-0.2367800215951497,0.44012389375597566,-0.21555979068806952
2025-09-28 08:00:00+00:00,-0.4175903943771927,-0.49443905156553136,-0.36346557892501674,-0.18499412780687016,-0.143846675589524,0.39640828519112226,-0.21555979068806952
2025-09-28 09:00:00+00:00,-0.38805843136457174,-0.49443905156553136,-0.32232918560985957,-0.1172941491195926,-0.0762709057109068,0.35797577340329634,-0.20633474725146933
2025-09-28 10:00:00+00:00,-0.3632182242979171,-0.4825350186078903,-0.2612346940365765,-0.1172941491195926,-0.034928656324955336,0.31656471055807733,-0.21448729168353697
2025-09-28 11:00:00+00:00,-0.3291201660355261,-0.47064389361243214,-0.19491267696241477,-0.1172941491195926,0.005616707217863294,0.27426942315015485,-0.21448729168353697
2025-09-28 12:00:00+00:00,-0.2952651922130231,-0.47064389361243214,-0.04350999058614594,-0.14789477332866224,0.045549716178835076,0.2307823228508699,-0.20633474725146933
2025-09-28 13:00:00+00:00,-0.2478755523543387,-0.4587612459768173,0.03320335679045192,-0.14789477332866224,0.08503949466451323,0.1906826665716309,-0.19819793270975672
2025-09-28 14:00:00+00:00,-0.22127257856922344,-0.4545647008348988,0.0978987150877974,-0.11185001275991042,0.1036149577983513,0.19537856508879453,-0.19142647619556152
2025-09-28 15:00:00+00:00,-0.2959313975205998,-0.5247845014920788,0.10662551658433077,-0.12269560645323338,0.06277648205777661,0.35030559199376793,-0.21525722519207843
2025-09-28 16:00:00+00:00,-0.32084522889071504,-0.5583667522696834,0.09175566465261556,-0.13177004231506956,0.033162479654050364,0.3593989287090103,-0.21516929494796921
2025-09-28 17:00:00+00:00,-0.3228042806587894,-0.5583667522696834,0.07351497468761048,-0.14712247158309943,0.019168600283322852,0.36112349631278434,-0.21591824761972436
2025-09-28 18:00:00+00:00,-0.32487931645390183,-0.5583667522696834,0.05770244555659725,-0.15209008055936693,0.005789445619099044,0.3597837947136388,-0.21591824761972436
2025-09-28 19:00:00+00:00,-0.36554911995764683,-0.5485102681696186,0.019662347323387706,-0.15209008055936693,-0.04935005029246625,0.38150640857092444,-0.21591824761972436
2025-09-28 20:00:00+00:00,-0.3903864356266824,-0.5423951713252891,-0.052637530726077145,-0.2291522324369152,-0.1302627844499478,0.40408011950432854,-0.21591824761972436
2025-09-28 21:00:00+00:00,-0.41467779294018875,-0.5423951713252891,-0.11927667558259995,-0.29917388707646897,-0.1589402878928261,0.43268465115182486,-0.21591824761972436
2025-09-28 22:00:00+00:00,-0.41333352455576655,-0.549543857043135,-0.13267687999528852,-0.30289650335705365,-0.16865881950129372,0.43329927579125216,-0.21283709346545943
2025-09-28 23:00:00+00:00,-0.42446502460368735,-0.5544350018154082,-0.1371463682408238,-0.30289650335705365,-0.18013229161948918,0.43529119857224136,-0.2084893054515224
2025-09-29 00:00:00+00:00,-0.4986641418914428,-0.6145649086836917,-0.14712127346507142,-0.3189248390016652,-0.2641485615558031,0.4634383339812565,-0.2583878495296634
2025-09-29 01:00:00+00:00,-0.5191199548416188,-0.6351494230963157,-0.1120928886760412,-0.3376557961620908,-0.2600379709920098,0.44155993004820093,-0.29879540910858193
2025-09-29 02:00:00+00:00,-0.5434772669347087,-0.6574587758993033,-0.09715041043243869,-0.3592106040538565,-0.25865547523155047,0.4315507165546039,-0.33860570432022397
2025-09-29 03:00:00+00:00,-0.5278070408677846,-0.6518573715061401,-0.0343468922191238,-0.3592106040538565,-0.2130510752866405,0.3951763955016148,-0.33860570432022397
2025-09-29 04:00:00+00:00,-0.5121632161508841,-0.6463290193010779,0.006712820584170995,-0.3592106040538565,-0.17755090628978945,0.3564293447993487,-0.34198361335526145
2025-09-29 05:00:00+00:00,-0.5537699239417537,-0.6723924059673,0.03419761567181572,-0.3647122986650376,-0.18230437293987636,0.36481158755150345,-0.3659429176201222
2025-09-29 06:00:00+00:00,-0.5934731236519716,-0.6908794342481034,0.051585355448746956,-0.3863216327470648,-0.2086182629552916,0.38866375696465627,-0.3537927651895167
2025-09-29 07:00:00+00:00,-0.6169894226987842,-0.687200464436126,0.0657009943506456,-0.39124392899470134,-0.2191027173498679,0.4205378694025148,-0.324996032402065
2025-09-29 08:00:00+00:00,-0.5897237322270596,-0.6720766110727896,0.09953070323802192,-0.39124392899470134,-0.1865784696949635,0.39365081764856236,-0.324996032402065
2025-09-29 09:00:00+00:00,-0.5599457048670546,-0.6571912126347176,0.11713495179132898,-0.39124392899470134,-0.1525709990093744,0.366737951014517,-0.33415875286181096
2025-09-29 10:00:00+00:00,-0.5302955649208807,-0.6482443496820202,0.13485547108655122,-0.36481311074700107,-0.11668023113289913,0.33857469250972616,-0.3486912698552005
2025-09-29 11:00:00+00:00,-0.5190835611612208,-0.6393366837036795,0.16787231252574147,-0.33902952181535917,-0.07837735167424076,0.31503546733225035,-0.3555906937092835
2025-09-29 12:00:00+00:00,-0.550538630347876,-0.648259313254733,0.18111443854880074,-0.32142954642854576,-0.11692108443899145,0.3910175054606501,-0.35792613314066546
2025-09-29 13:00:00+00:00,-0.5419411566159257,-0.6400108589820391,0.21232450140727283,-0.29753082220827476,-0.07479575920108571,0.39366221755455066,-0.364643674301637
2025-09-29 14:00:00+00:00,-0.5331528566032011,-0.6400108589820391,0.2514447191453679,-0.27408063103382413,-0.029633694887841185,0.39009138764103257,-0.37139257984320456
2025-09-29 15:00:00+00:00,-0.5354262562390645,-0.6401544401545036,0.2471671723586237,-0.26109616759234294,-0.06736185330191939,0.5316102952895029,-0.360680908915589
2025-09-29 16:00:00+00:00,-0.5405483080355373,-0.6276481261789029,0.2550917626623062,-0.25005692630584697,-0.08986429733434778,0.490884712982939,-0.34326570300118475
2025-09-29 17:00:00+00:00,-0.5066096312506565,-0.6166784172861913,0.26136944019791614,-0.20319188445223998,-0.0739108814432899,0.4470656853318606,-0.31662904818284865
2025-09-29 18:00:00+00:00,-0.47516716393872394,-0.5621222242768465,0.2623567857248451,-0.16099317145550107,-0.021988061085133497,0.389569001204472,-0.2888850063392351
2025-09-29 19:00:00+00:00,-0.3832218002272141,-0.4595739096251316,0.2482999445058024,-0.1101197893270879,0.004387948985835166,0.340635578495491,-0.22406041652508002
2025-09-29 20:00:00+00:00,-0.25242658113800304,-0.29964308308131127,0.20818330912717734,-0.015222445908986705,0.025431688224129192,0.3345036580487329,-0.11486476649827516
2025-09-29 21:00:00+00:00,-0.08627254880572041,-0.15934157975404223,0.18260295353174183,0.10659759111957218,0.04489629708118067,0.3133395040589349,-0.029586710246550182
2025-09-29 22:00:00+00:00,-0.04705712800162947,-0.1452081672150632,0.17604319456292422,0.13739749379520336,0.06349173219514875,0.28624738886644785,-0.02733336058354941
2025-09-29 23:00:00+00:00,-0.0755835734613622,-0.16693698349827024,0.14001263531054303,0.12171508040637419,-0.001227526220272047,0.2712148098825512,-0.07184602547719661
2025-09-30 00:00:00+00:00,-0.18989093679678998,-0.277646114707145,0.023642251654467268,-0.026936051043800046,-0.025750453396301828,0.013692236248442497,-0.26131201344345595
2025-09-30 01:00:00+00:00,-0.18559999230088617,-0.3024222551728907,-0.025812857702076693,-0.08436453166055173,-0.05828034010205786,-0.05906070036377424,-0.36288341535518276
2025-09-30 02:00:00+00:00,-0.1885185910413978,-0.3276823288470687,-0.048160619770517894,-0.11656237036197482,-0.07322674342808619,-0.10369742847941485,-0.40798380687765595
2025-09-30 03:00:00+00:00,-0.20650850070624002,-0.36961986768961247,0.003979707471210349,-0.15796001862554268,-0.0856493570627207,-0.1346905346285949,-0.4608294445987982
2025-09-30 04:00:00+00:00,-0.2201419030068354,-0.4037025978621686,0.044702105433249664,-0.18801545388333527,-0.0951006871544204,-0.12851676893630712,-0.5019175431928837
2025-09-30 05:00:00+00:00,-0.2454685594519958,-0.43630713108050867,-0.004328198109962771,-0.22838357375847995,-0.10593543298008869,-0.12221535231422527,-0.5292124106621185
2025-09-30 06:00:00+00:00,-0.2731667920525225,-0.4566057094597147,-0.00030662891182069976,-0.26981837622669325,-0.11627523649013376,-0.11154328588481417,-0.4551392766582039
2025-09-30 07:00:00+00:00,-0.30324726584035794,-0.4061864868413658,0.010825458504714185,-0.25336131894089653,-0.1262806510308481,-0.07603247285819505,-0.3914777448010557
2025-09-30 08:00:00+00:00,-0.3149852752684666,-0.358550877818829,-0.062481908619624306,-0.18037220256634978,-0.02759085497217121,-0.04483401059174095,-0.31526266592014224
2025-09-30 09:00:00+00:00,-0.31938548566896174,-0.3547916538060998,-0.13039380756670269,-0.11967512432016626,0.06028839355886109,-0.011350769857838897,-0.2650935006305872
2025-09-30 10:00:00+00:00,-0.3614554831696784,-0.3785113145328134,-0.20743946322023882,-0.11497756711197833,0.04354336349660848,0.044475478695807626,-0.2414840334163752
2025-09-30 11:00:00+00:00,-0.4240865666600003,-0.374674840971343,-0.25704489613924403,-0.11155866772010398,0.026955894567691527,0.10195557455369926,-0.23262814314934013
2025-09-30 12:00:00+00:00,-0.47543338064080093,-0.3833360323863763,-0.28148029796780294,-0.12353382369331865,0.011870188126852943,0.17726094032261192,-0.22222285249843007
2025-09-30 13:00:00+00:00,-0.5214621888371453,-0.3835883168879924,-0.30150285400546467,-0.1261170179630396,-0.0020849472175814747,0.25921606184322493,-0.2127794935963981
2025-09-30 14:00:00+00:00,-0.5329582112350394,-0.38514762026678395,-0.3178251681702111,-0.11869633778521008,-0.015175826583844091,0.35417891367679993,-0.21539095346187634
2025-09-30 15:00:00+00:00,-0.5425041600136624,-0.38978999657657676,-0.3959213329632866,-0.12837727540009464,-0.02866177194393665,0.45394080453306757,-0.1998982235128482
2025-09-30 16:00:00+00:00,-0.5505727644836989,-0.3954166065324584,-0.40147798851283806,-0.12297325601686944,-0.0978044187933061,0.3412048386146219,-0.16995376052839437
2025-09-30 17:00:00+00:00,-0.5376586551342487,-0.4006656486122675,-0.34519264231522057,-0.08487145296343289,-0.07688981161881074,0.25648148496128076,-0.11728319325260109
2025-09-30 18:00:00+00:00,-0.5255513339024334,-0.3724488728560086,-0.29223179550761413,-0.05117750013383213,0.008748929555298043,0.1718716012435305,-0.045515270483264404
2025-09-30 19:00:00+00:00,-0.45305414410437617,-0.33399882288298477,-0.2798980540047687,0.012796045201056136,0.05356729307196452,0.11351469377967001,0.041582996517674435
2025-09-30 20:00:00+00:00,-0.35476851618161864,-0.23546330763738604,-0.23075752613746667,0.11892773905214063,0.13688156154897865,0.08432357265898004,0.13325611799324838
2025-09-30 21:00:00+00:00,-0.26460121934109604,-0.10277501227967827,-0.18299217286047126,0.2030578061649601,0.08299617969291846,0.05579380839713169,0.20333406551553992
2025-09-30 22:00:00+00:00,-0.20591392169196376,-0.028312626725068412,-0.13850252160242846,0.24337255151474801,0.06894286719087313,0.029294870435799526,0.21925268104957948
2025-09-30 23:00:00+00:00,-0.21525108148063585,-0.04124389163929808,-0.18104743967135078,0.21932876650721322,0.10184356874601165,0.003151300160862423,0.1593866502753069
2025-10-01 00:00:00+00:00,-0.2781472159031079,-0.08711187219577736,-0.2852229152536728,0.19423489621851145,0.08986040164532035,-0.010069369737985072,0.09568485465555955
2025-10-01 01:00:00+00:00,-0.30916529024408435,-0.11871497179809054,-0.2783653083592859,0.17507474693627528,0.08266126116286616,-0.022376684607510647,0.053828323512845964
2025-10-01 02:00:00+00:00,-0.33807465783497226,-0.151031563317566,-0.31227136931459853,0.15449028210133758,0.07543208439413547,-0.023678188117511895,0.011281721011416923
2025-10-01 03:00:00+00:00,-0.37067099420344063,-0.18700388188520312,-0.3052211507057475,0.13120973175819403,0.06720900417228226,-0.018223778891784535,-0.03282588589242132
2025-10-01 04:00:00+00:00,-0.4015369441864054,-0.22842440132305752,-0.29599703578561093,0.1061220093003299,0.058924512644277,-0.013525750303826694,-0.09014307030626835
2025-10-01 05:00:00+00:00,-0.4497738752946631,-0.2655477458786541,-0.28442908911793935,0.07898939073640067,0.05054102315586331,-0.0034278490044805567,-0.1302116591498011
2025-10-01 06:00:00+00:00,-0.47859933379640973,-0.2840318241078711,-0.2702938307472862,0.03004891037940844,-0.01090008235101944,0.019003506150225922,-0.11889503042564342
2025-10-01 07:00:00+00:00,-0.47698030720792445,-0.2976789881899248,-0.2533025032284645,-0.0039589542056086835,-0.02260321385565737,0.04582384249529973,-0.09236917790940269
2025-10-01 08:00:00+00:00,-0.47858170881084294,-0.2842687289424649,-0.24556614703989765,-0.008905966028513646,-0.008284989693033942,0.07583408550312719,-0.05376603425856611
2025-10-01 09:00:00+00:00,-0.47881581558808106,-0.27102562153875337,-0.28595362606248076,-0.01545344730772195,0.0022055786059643604,0.1088841384144698,-0.019740603128480368
2025-10-01 10:00:00+00:00,-0.47768852710789966,-0.28734730501931727,-0.3179511825679156,-0.033014335171879496,-0.013971925444322913,0.1392379848040074,-0.02426647018829579
2025-10-01 11:00:00+00:00,-0.4902501685635706,-0.30520880258225225,-0.2958815814171424,-0.051493255156362036,-0.03095116145250032,0.1839261550406691,-0.03293885864837431
2025-10-01 12:00:00+00:00,-0.48697896756586534,-0.3249449616518186,-0.2697290470575561,-0.07112848501061911,-0.04894437318746586,0.22819191682530118,-0.05289090611963019
2025-10-01 13:00:00+00:00,-0.5024027452176888,-0.3470989318666675,-0.24005581633886627,-0.09356333365118445,-0.0695284626749724,0.2975395293378381,-0.06409927345032211
2025-10-01 14:00:00+00:00,-0.5162750825742263,-0.37215023467736735,-0.27508050206451695,-0.11788293345884691,-0.15030271815171078,0.37054459818498686,-0.07631985921013604
2025-10-01 15:00:00+00:00,-0.5130366798153746,-0.4009276995841891,-0.3141600719338248,-0.1446737564717363,-0.1539436482500192,0.44708343079328466,-0.0769949042239687
2025-10-01 16:00:00+00:00,-0.48984547068873063,-0.4039313632778151,-0.2778107656796676,-0.17477069256940375,-0.1639765524172253,0.36133416206452645,-0.06016281170561505
2025-10-01 17:00:00+00:00,-0.43657887890634667,-0.4000947536578616,-0.23306658482163028,-0.16970799212331447,-0.18145582946956565,0.304831483601201,-0.015704974180630844
2025-10-01 18:00:00+00:00,-0.35693577353767486,-0.33444335457549307,-0.18841070594453457,-0.15480749366479768,-0.12657837325574411,0.23638874435862803,0.033325536921456955
2025-10-01 19:00:00+00:00,-0.2533032716074755,-0.20344936028304053,-0.11859438924744872,-0.12964155169427652,-0.03456551407746178,0.1823262545681415,0.11070422517797608
2025-10-01 20:00:00+00:00,-0.1382409339905831,-0.0056884146617755945,-0.1688834521807934,0.012082530060617235,0.05904580320596797,0.12233352999977945,0.25085409465469743
2025-10-01 21:00:00+00:00,0.03995877676716417,0.25212542712775954,-0.07028024811366507,0.270583254610252,0.21023510230493267,0.050692190995672286,0.41254672099550865
2025-10-01 22:00:00+00:00,0.2044435914292572,0.4010376694288196,0.08664316388488959,0.4935412394032809,0.42931011941380764,-0.06003158201152841,0.5411296051073495
2025-10-01 23:00:00+00:00,0.3914137906363489,0.612946042291686,0.10041467588046588,0.6116205411105282,0.24396426167267438,-0.22287529241828258,0.5620281442681009
2025-10-02 00:00:00+00:00,0.38366715828753795,0.5451755364734562,0.09019085640127351,0.5758756878573987,0.21408744751955994,-0.28171450580250934,0.469977852158726
2025-10-02 01:00:00+00:00,0.40251341726680956,0.5195082114826894,0.06454892671988517,0.5511994763574305,0.19554718663700585,-0.3178674236896138,0.403660018591899
2025-10-02 02:00:00+00:00,0.45371749742062906,0.5195082114826894,0.06454892671988517,0.5265497671425128,0.19554718663700585,-0.3012617378863539,0.41194376001737715
2025-10-02 03:00:00+00:00,0.48206691321559986,0.5195082114826894,0.11106546888233401,0.5147156709495591,0.19554718663700585,-0.3012617378863539,0.4153526636987323
2025-10-02 04:00:00+00:00,0.5103199777215515,0.5272889882380395,0.16068161997001632,0.5027808206160205,0.1406664531345458,-0.29173473298007785,0.41125775827574246
2025-10-02 05:00:00+00:00,0.539490637513338,0.5281147142655169,0.15778141555698447,0.5115533196159482,0.06238116300092261,-0.28289603750469144,0.38830919790497465
2025-10-02 06:00:00+00:00,0.5664534480914138,0.5159168006125286,0.2092066584016955,0.48257660055327956,0.06238116300092261,-0.28289603750469144,0.3629798683483022
2025-10-02 07:00:00+00:00,0.586685993245677,0.5159168006125286,0.26523385337703614,0.46475115763383734,0.014319720013289261,-0.28289603750469144,0.33847615698447703
2025-10-02 08:00:00+00:00,0.5909220577932286,0.5159168006125286,0.26523385337703614,0.4542129739080177,0.014319720013289261,-0.28289603750469144,0.33119634403882015
2025-10-02 09:00:00+00:00,0.5952241679309218,0.5100671727133494,0.26523385337703614,0.4440535023419195,0.014319720013289261,-0.2845247496542788,0.32141313798410714
2025-10-02 10:00:00+00:00,0.5973082994076747,0.5036360317135374,0.26523385337703614,0.43992870452583155,0.014319720013289261,-0.2845247496542788,0.3192147943744295
2025-10-02 11:00:00+00:00,0.6026049062069901,0.5084054457251299,0.26548932464006353,0.447082781085133,0.010767013884773923,-0.29534690553322157,0.3227275450733555
2025-10-02 12:00:00+00:00,0.6101687889958395,0.5133261600963888,0.26824204773297744,0.45511974825653806,0.008652969281946851,-0.31179341051112014,0.32654283006131934
2025-10-02 13:00:00+00:00,0.6234417055142808,0.5133261600963888,0.26824204773297744,0.46531476507525726,0.027668560543030792,-0.3174112348574058,0.33215028909407196
2025-10-02 14:00:00+00:00,0.6234417055142808,0.5196494882213767,0.26824204773297744,0.4757503162915662,0.0463737313083426,-0.3240370150187311,0.3414500746538275
2025-10-02 15:00:00+00:00,0.6234417055142808,0.5260669819567179,0.29904623436830885,0.4864418776584267,0.06486552138900649,-0.3308355133521066,0.34404793803841227
2025-10-02 16:00:00+00:00,0.6234417055142808,0.5325820438645963,0.29904623436830885,0.49740611864266315,0.10975514947166978,-0.30929352978266933,0.34404793803841227
2025-10-02 17:00:00+00:00,0.622268681873871,0.5526459044661928,0.26005997784804147,0.5037678495042284,0.14769334927211872,-0.271038514020577,0.3427461624481378
2025-10-02 18:00:00+00:00,0.6245858385131133,0.5550480926059431,0.2151597443946554,0.5105945092293033,0.13217573657476495,-0.23007948218781893,0.3306596020868178
2025-10-02 19:00:00+00:00,0.6122751460442005,0.5601714113415954,0.16260632832956903,0.4856180410558456,0.1162231009836822,-0.19516603385612236,0.3071007462243895
2025-10-02 20:00:00+00:00,0.5922472572262462,0.5327425111206298,0.09978873721393249,0.4569318727726621,0.09978873721393641,-0.1682004267082325,0.2761825936109321
2025-10-02 21:00:00+00:00,0.5718716674226199,0.5008940684857209,0.022522407331126627,0.42341944987632885,0.14443162893487735,-0.13959335908009202,0.25639837953863004
2025-10-02 22:00:00+00:00,0.5573043067517974,0.4764167897592344,-0.07653481916622812,0.39186791606827653,0.1926882330995642,-0.10910638768390833,0.25886738130461107
2025-10-02 23:00:00+00:00,0.5942183043381933,0.5325491828155482,-0.07653481916622812,0.46688286046138217,0.2570773696469432,-0.06082749064575951,0.33799332048250313
2025-10-03 00:00:00+00:00,0.6613313910177283,0.6103360065290896,-0.07653481916622812,0.5388316198739005,0.32237393527594393,-0.02457190862744286,0.4302400249746848
2025-10-03 01:00:00+00:00,0.658771087323871,0.6326913557016982,-0.024761275912095922,0.572758863954442,0.31006021843507164,0.017935942108382136,0.41809538617431413
2025-10-03 02:00:00+00:00,0.660086434948822,0.6504686921970888,0.017080505103059765,0.5988500797707766,0.29840467872270576,0.047921686000499904,0.4066719787491279
2025-10-03 03:00:00+00:00,0.6626504569439606,0.6661894414882026,0.04717735415466075,0.6194324312411258,0.2972162525863613,0.08330569455106128,0.41322378776442237
2025-10-03 04:00:00+00:00,0.6656147058735749,0.6771818216178253,0.07369161408162518,0.6357396990043463,0.2938582448042658,0.11207446966028678,0.4145794547860315
2025-10-03 05:00:00+00:00,0.6681023500321118,0.6874361066865523,0.09794601397569126,0.6485760862435181,0.2879489066906779,0.14507250701283872,0.41566340977608784
2025-10-03 06:00:00+00:00,0.6697093846580832,0.6952487431326084,0.12074646332641104,0.6585246468062991,0.27920062033392595,0.1748416239304097,0.4448149777164148
2025-10-03 07:00:00+00:00,0.6702267860261146,0.7060646045366992,0.14263278913747449,0.6660022090176191,0.267313661495586,0.21214833383772141,0.4713439592873683
2025-10-03 08:00:00+00:00,0.676192649914083,0.7194848603400642,0.12462616997262449,0.6799791695732648,0.2926475600627093,0.23885188294577425,0.5005595201968941
2025-10-03 09:00:00+00:00,0.6811480036946815,0.7311185710636332,0.09959816867887694,0.6920250217616154,0.31746502200578836,0.27191063946660243,0.5227690574872603
2025-10-03 10:00:00+00:00,0.6851504552092502,0.7379052366201767,0.11248242599381408,0.6991176796523854,0.3148094958743817,0.3053631864375255,0.5312794713480965
2025-10-03 11:00:00+00:00,0.6882546702220602,0.7433948510587004,0.26464823824643813,0.7048192438971559,0.3096240224123491,0.3394763796781455,0.5359461678856375
2025-10-03 12:00:00+00:00,0.6905093836928929,0.7477307151359656,0.2573874316250297,0.7092752942437864,0.30176439115037373,0.3744894642582699,0.539097796196524
2025-10-03 13:00:00+00:00,0.7030833593302523,0.7559699256209597,0.25000571540807126,0.721368458663937,0.30816570982134267,0.39783861814207044,0.5469071176760455
2025-10-03 14:00:00+00:00,0.7102078301546781,0.7633278072125111,0.2434238170251391,0.732749972720829,0.3213591335957517,0.4296550311801394,0.5534930620155445
2025-10-03 15:00:00+00:00,0.7167699787042189,0.7699350821521805,0.23752898489932553,0.7436486469230481,0.3346227111592556,0.4554282618545067,0.5589614295201518
2025-10-03 16:00:00+00:00,0.7221603620278066,0.7759025221180271,0.2322311573317105,0.7542912762987125,0.3479897409356719,0.4801517630786594,0.5629931848418396
2025-10-03 17:00:00+00:00,0.732460204828154,0.7792337340498234,0.22745759341650673,0.7649170186986999,0.3614925158455738,0.4940100486623193,0.5713990985797134
2025-10-03 18:00:00+00:00,0.7617571314428279,0.7820231399287225,0.2139178938399797,0.7678461759070239,0.3627431557748299,0.5028649866107359,0.5794909466333967
2025-10-03 19:00:00+00:00,0.7958003366586903,0.7866301139904235,0.20923942368084103,0.7740285495458834,0.3756028239476713,0.5119941904348588,0.591419279196528
2025-10-03 20:00:00+00:00,0.8301990871424779,0.8108037058918948,0.19396579287421228,0.7953596960731345,0.37487417834299663,0.5220822017880222,0.616678986653718
2025-10-03 21:00:00+00:00,0.8650468550953474,0.8321627245335298,0.18919743721261806,0.8462489016594071,0.3872015463310799,0.5342241126741415,0.6403213612210609
2025-10-03 22:00:00+00:00,0.8713808555412137,0.8365832644029865,0.18484250564577098,0.8593727654184531,0.40396335648746334,0.5744337753295518,0.6498550452405978
2025-10-03 23:00:00+00:00,0.8542306380966643,0.8128979430597303,0.18484250564577098,0.8518198319907041,0.41761571352396487,0.6214527708263442,0.648840769582206
2025-10-04 00:00:00+00:00,0.8481160205434859,0.8018397747851687,0.18484250564577098,0.8620780502486588,0.4375208245559265,0.6630651825637658,0.6594304055388139
2025-10-04 01:00:00+00:00,0.8350662138435994,0.7817488084478359,0.1718691821676563,0.862908053123455,0.4406274856237958,0.6976646799212897,0.6644440048369871
2025-10-04 02:00:00+00:00,0.801710813440477,0.7675206567173074,0.15137837896449405,0.8157947495959803,0.34916817480934226,0.6435673458182317,0.6444351250354093
2025-10-04 03:00:00+00:00,0.7785488756044896,0.7603110028124395,0.13357841609887816,0.7813617424808766,0.27227164627235656,0.6082598184220891,0.654251431788589
2025-10-04 04:00:00+00:00,0.7590805153312875,0.7576620327287874,0.11858876135096635,0.7519292938985925,0.27827126572306743,0.5883113259862448,0.6627056483110068
2025-10-04 05:00:00+00:00,0.7522355452071153,0.7508361771630251,0.07902329807227385,0.7511748064196038,0.3664380625415939,0.5685863456399939,0.6475701170961315
2025-10-04 06:00:00+00:00,0.7519306268184004,0.745984570310525,0.07902329807227385,0.7511748064196038,0.28339948744955706,0.5685863456399939,0.6583649174631525
2025-10-04 07:00:00+00:00,0.7459487259829694,0.7445622646444557,0.04804304555863238,0.7471401121593548,0.340862094598424,0.5473779143016145,0.6634402485201817
2025-10-04 08:00:00+00:00,0.7425831772953738,0.7392864697506621,0.018004923280369865,0.7471401121593548,0.340862094598424,0.5473779143016145,0.6532667565742054
2025-10-04 09:00:00+00:00,0.7425831772953738,0.7340705547756706,0.018004923280369865,0.7471401121593548,0.340862094598424,0.5579675651914903,0.6610818664783865
2025-10-04 10:00:00+00:00,0.7428392850907158,0.7340705547756706,-0.011428168790127577,0.7365101064302696,0.28792711099130497,0.5688388891994476,0.6610818664783865
2025-10-04 11:00:00+00:00,0.7428392850907158,0.7333101154684246,-0.011428168790127577,0.7262555676232384,0.28792711099130497,0.5799259178138662,0.6610818664783865
2025-10-04 12:00:00+00:00,0.743388915322634,0.7328453152026982,-0.07076727719845927,0.7164434842159224,0.28792711099130497,0.5799259178138662,0.6610818664783865
2025-10-04 13:00:00+00:00,0.743388915322634,0.7369483245416855,-0.09066718198731019,0.7167717766162875,0.28792711099130497,0.5799259178138662,0.6588513640496555
2025-10-04 14:00:00+00:00,0.743388915322634,0.7369483245416855,-0.1103321396285405,0.7184003878253586,0.28792711099130497,0.5981083789795616,0.6588513640496555
2025-10-04 15:00:00+00:00,0.743388915322634,0.7369483245416855,-0.1103321396285405,0.7216175292469236,0.28792711099130497,0.6165436632707614,0.6568552584164625
2025-10-04 16:00:00+00:00,0.7414237201995763,0.7369483245416855,-0.12980350078150385,0.7268098239280101,0.28792711099130497,0.5192324267231582,0.6541548188497519
2025-10-04 17:00:00+00:00,0.7231667110313449,0.7369483245416855,-0.1491199530423087,0.7345085707789727,0.28792711099130497,0.5011319195057444,0.6425636819686972
2025-10-04 18:00:00+00:00,0.6902532193993742,0.7369483245416855,-0.16831799591211866,0.745465346372374,0.28792711099130497,0.5131908399237284,0.6356893667575358
2025-10-04 19:00:00+00:00,0.6669209869598324,0.7369483245416855,-0.18743235609726028,0.7360383263721673,0.30951845371581027,0.5294651314944765,0.6089126318017577
2025-10-04 20:00:00+00:00,0.6537924106238264,0.7369483245416855,-0.20649635554701068,0.7119076920103049,0.20141766115630638,0.5482741534303615,0.570725627308099
2025-10-04 21:00:00+00:00,0.6409318668184584,0.7223115146724517,-0.2255422424057966,0.6883289717233219,0.12465504384451236,0.5687919621998133,0.5524019772912167
2025-10-04 22:00:00+00:00,0.6409318668184584,0.7223115146724517,-0.24460149337277573,0.6285976681890105,0.06437857179655065,0.5905845970862623,0.5587434735426331
2025-10-04 23:00:00+00:00,0.650441269145805,0.7321068683999113,-0.23991592708990814,0.6436187181233752,0.014437556909887479,0.605585892458919,0.56289516906386
2025-10-05 00:00:00+00:00,0.6534173978096443,0.7183601989395904,-0.23991592708990814,0.6336909505255954,0.014437556909887479,0.6100080825630695,0.5412438719314203
2025-10-05 01:00:00+00:00,0.649153249410228,0.7020503179702493,-0.23976339149644907,0.6163384035285551,0.01570867669587098,0.6016917849541443,0.5245510947822811
2025-10-05 02:00:00+00:00,0.6650283192713792,0.722640661938584,-0.24920005969272702,0.6427999355653953,0.01804343591891644,0.615490612353397,0.5669741543385041
2025-10-05 03:00:00+00:00,0.684347559280732,0.7394310529383231,-0.25669578931700204,0.6640156652551987,0.1050639333451096,0.6268684557916582,0.5984436251525993
2025-10-05 04:00:00+00:00,0.6931617888474381,0.7488108182482998,-0.261073073908337,0.6752790577998035,0.10376751374719813,0.6289160551108982,0.6160323374919927
2025-10-05 05:00:00+00:00,0.7028267039460014,0.7567427656435718,-0.2640218172086937,0.6845414199726586,0.10269797953223171,0.6300230345293841,0.630344214985032
2025-10-05 06:00:00+00:00,0.7088559306904805,0.7580150647144555,-0.2655960711799189,0.6920916679715409,0.10183641238601181,0.6302094939637188,0.6225680209875093
2025-10-05 07:00:00+00:00,0.7138531207033875,0.7589045021483314,-0.26582989937115725,0.6553708547504807,0.04111503468614239,0.6226478933256272,0.6024172334157545
2025-10-05 08:00:00+00:00,0.6970441769640412,0.7528996766465094,-0.2647391851233826,0.5735768563623822,-0.008791909539000673,0.6145456589059376,0.5835372704946076
2025-10-05 09:00:00+00:00,0.692863320139869,0.7498231075373823,-0.24319673775717318,0.5165890596967978,-0.037096052661160256,0.6077205857817615,0.5764902249308942
2025-10-05 10:00:00+00:00,0.6921447803816008,0.7498631348843523,-0.2385714306382475,0.4951499186714346,-0.0327075280254117,0.6000890764554089,0.5785771291802503
2025-10-05 11:00:00+00:00,0.6872818732863689,0.7494926254559219,-0.645102655680705,0.4741093441816487,-0.028316863728506166,0.5858656778121222,0.5780993009668313
2025-10-05 12:00:00+00:00,0.6821115925783545,0.7487078544493608,-0.641241672095028,0.45340541216379127,-0.049573960208160066,0.5708416448693195,0.5773740165510495
2025-10-05 13:00:00+00:00,0.6777739111157531,0.745763149012188,-0.6317573373651261,0.43913064452285333,-0.04535071202972814,0.55828843775399,0.5760838378867759
2025-10-05 14:00:00+00:00,0.6701745100972598,0.7424075806007591,-0.6212586838463694,0.42493563928885797,-0.04963970209110383,0.5447414842658286,0.5745279329933386
2025-10-05 15:00:00+00:00,0.6624264598047109,0.7386102543419081,-0.6095968988064724,0.4107971952005216,-0.05168819609348804,0.5257256451545289,0.571978202156688
2025-10-05 16:00:00+00:00,0.6570328997842317,0.7343346729206189,-0.5965951393637448,0.3966911525915834,-0.05162294084835161,0.510252953039622,0.5658607143835525
2025-10-05 17:00:00+00:00,0.6363206846530939,0.7295377364032971,-0.5820406043708235,0.382592037845501,-0.0495128935983819,0.4893176515614993,0.5601834423476425
2025-10-05 18:00:00+00:00,0.6079243451343052,0.7244223840057064,-0.5529411764706169,0.3728370348303573,-0.045378151260508946,0.4666418082029122,0.5302125792116655
2025-10-05 19:00:00+00:00,0.5750701118528538,0.7109447464208783,-0.44633856599354527,0.34521239658368275,-0.0391943188031963,0.4417986536091831,0.5003551936161914
2025-10-05 20:00:00+00:00,0.5434503438375132,0.6838593768197213,-0.3372113705095296,0.3042043811132601,-0.030893333769349083,0.414289303019495,0.4694573165665786
2025-10-05 21:00:00+00:00,0.5129599596244566,0.6521260913394713,-0.29308882419430776,0.2402953408947571,-0.020361105087795206,0.38351218149230737,0.4396792699630533
2025-10-05 22:00:00+00:00,0.48349907948680343,0.6251570178014662,-0.25195545659814145,0.20344924954070487,-0.007431808154915937,0.3487220853074272,0.4205154385175019
2025-10-05 23:00:00+00:00,0.4826653855320549,0.634534022016645,-0.23211249258822905,0.2072591919971549,-0.007431808154915937,0.33205911707682795,0.4011127910256979
2025-10-06 00:00:00+00:00,0.4820294661919049,0.633800338316123,-0.22571873493812994,0.2110631104312262,-0.007431808154915937,0.31602454658162143,0.378616272492134
2025-10-06 01:00:00+00:00,0.47409961398201933,0.6250442361113318,-0.20658680430129261,0.2110631104312262,-0.007431808154915937,0.306561377357638,0.3612265630913282
2025-10-06 02:00:00+00:00,0.459601630639086,0.5780727272099079,-0.16514483439334324,0.212949557029033,0.04272248696961447,0.21591671211911403,0.33923725993321385
2025-10-06 03:00:00+00:00,0.46121209989158723,0.5087359132018464,-0.06594275964977185,0.2269186954018612,0.11639638045129262,0.05699052687713011,0.31744389630219877
2025-10-06 04:00:00+00:00,0.5192210773603423,0.3828118513826962,0.13157185691290524,0.3045793118276834,0.27526565503311945,-0.2903097369324732,0.28964830880084536
2025-10-06 05:00:00+00:00,0.5098925380456609,0.3828118513826962,0.13157185691290524,0.2728663979050423,0.24609915474641744,-0.2783713445381708,0.2854519565273931
2025-10-06 06:00:00+00:00,0.4962037139231656,0.3828118513826962,0.040037595545114,0.24046393322809076,0.20125072957167606,-0.2783713445381708,0.27288189465470275
2025-10-06 07:00:00+00:00,0.4889490379286431,0.3796454904246617,-0.013003164575153141,0.2094507236503285,0.16554898342102933,-0.2955429653051657,0.2352493361687437
2025-10-06 08:00:00+00:00,0.4703421207768048,0.3659309337931117,-0.07951829595606237,0.16102104718025018,0.13257859815823994,-0.3119922657615677,0.20218112593290952
2025-10-06 09:00:00+00:00,0.4672577260561535,0.3659309337931117,-0.09336848567713996,0.14690591206956305,0.12295355620129246,-0.3099540133082834,0.1955390024843751
2025-10-06 10:00:00+00:00,0.46755530414572183,0.3670757087097728,-0.09798954227989222,0.1395319204597492,0.12295355620129246,-0.30807466586464516,0.19350089817522514
2025-10-06 11:00:00+00:00,0.46809608463921076,0.3670757087097728,-0.10961827681815178,0.13230100305605463,0.12295355620129246,-0.30634164849099155,0.1907669898815067
2025-10-06 12:00:00+00:00,0.4695851340933669,0.36827388377276166,-0.1143823252625703,0.1251926717168988,0.12295355620129246,-0.30634164849099155,0.18805580080237033
2025-10-06 13:00:00+00:00,0.4940361605365848,0.36827388377276166,-0.10060437003886213,0.14469680061024914,0.14533744911356883,-0.30634164849099155,0.1976106002640375
2025-10-06 14:00:00+00:00,0.5195919908644709,0.36827388377276166,-0.08692279374308917,0.164408961761609,0.16768069500445873,-0.30634164849099155,0.20382333030945948
2025-10-06 15:00:00+00:00,0.5400844534353749,0.36827388377276166,-0.0462642455568835,0.1843873159903216,0.19007066382500562,-0.30634164849099155,0.21892829828675064
2025-10-06 16:00:00+00:00,0.550735848699775,0.36827388377276166,-0.018887299158303218,0.20469329043752954,0.21259324053914752,-0.30634164849099155,0.2266235778532142
2025-10-06 17:00:00+00:00,0.5499819917859278,0.36827388377276166,0.007420627697288211,0.23192317596539963,0.23533453484035258,-0.3070840012375334,0.23101417300021923
2025-10-06 18:00:00+00:00,0.5448488704272535,0.3750907036161871,0.044081269244179426,0.26350180424640823,0.2583825538855367,-0.30985737155201637,0.23718741640074376
2025-10-06 19:00:00+00:00,0.5407260957224681,0.37974623249951206,0.07769573295876023,0.28150244922496387,0.3271598207547597,-0.312638798962898,0.23899093388261353
2025-10-06 20:00:00+00:00,0.5400979842096972,0.3790704523859855,0.10043833193777592,0.299656489113012,0.3271598207547597,-0.312638798962898,0.23899093388261353
2025-10-06 21:00:00+00:00,0.537138060508381,0.3790704523859855,0.13103883505379196,0.31783233655221177,0.30140051998097045,-0.312638798962898,0.24233972044499152
2025-10-06 22:00:00+00:00,0.5388578894159315,0.3790704523859855,0.15290910658530857,0.32873573187194227,0.2762482963914288,-0.312638798962898,0.2448422810062578
2025-10-06 23:00:00+00:00,0.55740904104047,0.36975353709155145,0.20324607428777983,0.35615117270214175,0.2868776959961294,-0.32261852467168356,0.22866184640657267
2025-10-07 00:00:00+00:00,0.6043883555102565,0.39078116908027766,0.2885126881861702,0.3775376661267122,0.34392483348698905,-0.32261852467168356,0.236814150636337
2025-10-07 01:00:00+00:00,0.6392873749756577,0.39078116908027766,0.31802169777062866,0.3996645745154136,0.40183520516743176,-0.3102317017377593,0.25323001937257483
2025-10-07 02:00:00+00:00,0.6130508072574253,0.39078116908027766,0.2840081177750803,0.38305248463228014,0.3276210829420092,-0.3102317017377593,0.23082288931601314
2025-10-07 03:00:00+00:00,0.5764792977915774,0.39078116908027766,0.21079818778766318,0.3660673571624329,0.1927904084568286,-0.3102317017377593,0.21519685256598475
2025-10-07 04:00:00+00:00,0.5653237777374143,0.39078116908027766,0.16978959527537155,0.3588835027772544,0.1471397642710638,-0.2987192043122095,0.20392399571642045
2025-10-07 05:00:00+00:00,0.5524613983192819,0.38237018537802636,0.12873259454225358,0.35160988863788856,0.10056729103062202,-0.2987192043122095,0.19550513568538996
2025-10-07 06:00:00+00:00,0.5317904449477752,0.38237018537802636,0.10908054242494217,0.3216152773458828,0.05273793233485306,-0.30876819267357924,0.18426741336119956
2025-10-07 07:00:00+00:00,0.4839275530456552,0.38237018537802636,0.08901623177721617,0.2771364178591056,0.05273793233485306,-0.30876819267357924,0.1660608148278876
2025-10-07 08:00:00+00:00,0.4413430189556095,0.39592324768523307,0.024471253305452398,0.26260368862511974,0.05273793233485306,-0.30876819267357924,0.14829744316766058
2025-10-07 09:00:00+00:00,0.4326218143823327,0.39592324768523307,0.0055528997110703025,0.25874576683403344,0.05273793233485306,-0.3089241721980517,0.1436974862398528
2025-10-07 10:00:00+00:00,0.4307312957472324,0.39592324768523307,-0.004219709794375934,0.2530595879725946,0.04237226013424118,-0.30912403921518006,0.1392431895918023
2025-10-07 11:00:00+00:00,0.42751760002534034,0.39592324768523307,-0.0142795957693928,0.24750560694329565,0.03167084573425616,-0.30912403921518006,0.1356941609957086
2025-10-07 12:00:00+00:00,0.4263444131097022,0.3955211142625507,-0.021964816728658895,0.24522952058853828,0.035060052926123374,-0.30727474205825056,0.13397113400985203
2025-10-07 13:00:00+00:00,0.44006368523975264,0.3989756576239144,-0.003903475382561346,0.2569226940021875,0.05779997549211929,-0.32467321057058024,0.13970750855846623
2025-10-07 14:00:00+00:00,0.44560517884369655,0.40261958640346285,0.01600596859301062,0.2693768721910502,0.050251890763836286,-0.34341479758007487,0.1457670712692377
2025-10-07 15:00:00+00:00,0.45146089014944635,0.4064690709056476,0.03809068413222932,0.2826689968080148,0.0422302993622258,-0.3754908285504962,0.1488133105862359
2025-10-07 16:00:00+00:00,0.46725462032389153,0.41054219458298497,0.06276668918627243,0.2968867661779025,0.03368920210015652,-0.37269000010150916,0.14564515137907535
2025-10-07 17:00:00+00:00,0.46179066234814403,0.4148592483306187,0.09057335046966679,0.3121305875027058,0.024576442175171232,-0.3650233245941278,0.14229136852451957
2025-10-07 18:00:00+00:00,0.4533824539245162,0.41174080202595004,0.14886683617673102,0.34298595261278864,0.014832639141865514,-0.35677123522754073,0.12184286047253375
2025-10-07 19:00:00+00:00,0.4442155646900773,0.4008911539599047,0.1439157490092975,0.3490547475346517,0.004389893456166294,-0.34786366529524165,0.09597970455883283
2025-10-07 20:00:00+00:00,0.4341782220451055,0.3895091941726502,0.12251406702306511,0.3458452843716652,-0.006829798119628099,-0.3382188380640769,0.07244817806356656
2025-10-07 21:00:00+00:00,0.42313452473305735,0.3770877753668433,0.11606747016910342,0.33113653794616726,-0.018916494490864428,-0.327740698675616,0.045723931413397756
2025-10-07 22:00:00+00:00,0.4109172239262777,0.3620340605083321,0.10915620233672343,0.3146412450006158,-0.03197473291667046,-0.31631563471065105,0.03703056675336451
2025-10-07 23:00:00+00:00,0.428850303599116,0.3480606385255587,0.1438686406509149,0.33180009062719357,0.029576198048943684,-0.29003527787295635,0.08987067038365282
2025-10-08 00:00:00+00:00,,,,,,,
2025-10-08 01:00:00+00:00,,,,,,,
2025-10-08 02:00:00+00:00,,,,,,,
2025-10-08 03:00:00+00:00,,,,,,,
2025-10-08 04:00:00+00:00,,,,,,,
2025-10-08 05:00:00+00:00,,,,,,,
2025-10-08 06:00:00+00:00,,,,,,,
2025-10-08 07:00:00+00:00,,,,,,,
2025-10-08 08:00:00+00:00,,,,,,,
2025-10-08 09:00:00+00:00,,,,,,,
2025-10-08 10:00:00+00:00,,,,,,,
2025-10-08 11:00:00+00:00,,,,,,,
2025-10-08 12:00:00+00:00,,,,,,,
2025-10-08 13:00:00+00:00,,,,,,,
2025-10-08 14:00:00+00:00,,,,,,,
2025-10-08 15:00:00+00:00,,,,,,,
2025-10-08 16:00:00+00:00,,,,,,,
2025-10-08 17:00:00+00:00,,,,,,,
2025-10-08 18:00:00+00:00,,,,,,,
2025-10-08 19:00:00+00:00,,,,,,,
2025-10-08 20:00:00+00:00,,,,,,,
2025-10-08 21:00:00+00:00,,,,,,,
2025-10-08 22:00:00+00:00,,,,,,,
2025-10-08 23:00:00+00:00,,,,,,,
2025-10-09 00:00:00+00:00,,,,,,,
2025-10-09 01:00:00+00:00,,,,,,,
2025-10-09 02:00:00+00:00,,,,,,,
2025-10-09 03:00:00+00:00,,,,,,,
2025-10-09 04:00:00+00:00,,,,,,,
2025-10-09 05:00:00+00:00,,,,,,,
2025-10-09 06:00:00+00:00,,,,,,,
2025-10-09 07:00:00+00:00,,,,,,,
2025-10-09 08:00:00+00:00,,,,,,,
2025-10-09 09:00:00+00:00,,,,,,,
2025-10-09 10:00:00+00:00,,,,,,,
2025-10-09 11:00:00+00:00,,,,,,,
2025-10-09 12:00:00+00:00,,,,,,,
2025-10-09 13:00:00+00:00,0.26922034461248723,0.30709789170095775,0.02604661305376253,0.26923678010201924,0.21541010921407094,-0.26098171412649385,0.0812713303301633
2025-10-09 14:00:00+00:00,0.2711252368744003,0.3088517976455312,0.03680866382612433,0.26921902932429004,0.2180336602010712,-0.2565462679016848,0.08450275742858182
2025-10-09 15:00:00+00:00,0.27292333449699446,0.3105011512588543,0.04592514741696935,0.26920232382528103,0.2204891343155852,-0.25238601099022306,0.08752857973992562
2025-10-09 16:00:00+00:00,0.2882689511802618,0.31862926395614427,0.12761262740665869,0.2672182936773796,0.23865702671846523,-0.27513311959524334,0.10001470584967516
2025-10-09 17:00:00+00:00,0.3022549879235436,0.33525929978245894,0.1733025908967501,0.27469715506333253,0.22153597459432364,-0.29532413546667935,0.11154921443941232
2025-10-09 18:00:00+00:00,0.31505467134883297,0.35029479859093604,0.20928050304031054,0.2981063429877414,0.20569605455958673,-0.3133807552427662,0.12694988042982908
2025-10-09 19:00:00+00:00,0.326812967591087,0.3681746068572214,0.23887440220278922,0.3203389567790023,0.22203653687511962,-0.3244475579140479,0.14112810358264383
2025-10-09 20:00:00+00:00,0.3443598327363001,0.38456801035373644,0.2639199151325896,0.33989261536421184,0.2369753486596636,-0.3346720426303697,0.14998595327825656
2025-10-09 21:00:00+00:00,0.31260470158266107,0.3368067617000135,0.22282271687150054,0.2894383154554129,0.24354592907852057,-0.32069060697246227,0.13780177180055203
2025-10-09 22:00:00+00:00,0.32619970658705927,0.3470765950083643,0.24055396727066686,0.3020033678049778,0.2574418979150602,-0.3302061505614326,0.13193721558905183
2025-10-09 23:00:00+00:00,0.3294983017028853,0.3491878044954002,0.2566687375905982,0.2963748699401625,0.24266180214229308,-0.33906182326482504,0.09487604267794106
2025-10-10 00:00:00+00:00,0.3191001295700163,0.3413060136371818,0.27138495248059585,0.26553260667596823,0.2288346876926036,-0.35165671490318884,0.06238513160258687
2025-10-10 01:00:00+00:00,0.29821083776747925,0.32432341953591876,0.29791313521896445,0.21501576639938708,0.20322723472461435,-0.37475413636200516,0.009477459765835819
2025-10-10 02:00:00+00:00,0.3173825996216736,0.327460519997398,0.33847501666951096,0.21495594834666565,0.20871856085413998,-0.47181319432410596,0.07531748386697108
2025-10-10 03:00:00+00:00,0.33477595120019105,0.3543879040467012,0.3082314898079332,0.262382189825016,0.20871856085413998,-0.383118081734467,0.07531748386697108
2025-10-10 04:00:00+00:00,0.3458664481414427,0.37202271142805343,0.24911873233701956,0.2807129978077962,0.20871856085413998,-0.33231350996855347,0.07531748386697108
2025-10-10 05:00:00+00:00,0.30802885928496954,0.33541196867070716,0.2123161751040082,0.29868198706040483,0.20871856085413998,-0.29588054767637934,0.06836088262793967
2025-10-10 06:00:00+00:00,0.2275277763458778,0.29629285617194456,0.15443829859362754,0.2884468711403807,0.20871856085413998,-0.25825424589486584,0.053545123652044405
2025-10-10 07:00:00+00:00,0.15748511364249626,0.24843176826865168,0.11007347036834517,0.2742827898968492,0.1663208123922227,-0.23991204837050126,0.043470068025326214
2025-10-10 08:00:00+00:00,0.10400979555674393,0.20646253928831754,0.07608156706889732,0.2609176342147098,0.1270139841370208,-0.23541997290346883,0.02989066602784679
2025-10-10 09:00:00+00:00,0.06338028168987157,0.18815012987131916,0.060436140019172094,0.2560453713117669,0.10596104860496222,-0.22645254369348494,0.02989066602784679
2025-10-10 10:00:00+00:00,0.029727660102918864,0.1737042606514407,0.03701291762104241,0.260148908848851,0.10596104860496222,-0.21878656841318406,0.02989066602784679
2025-10-10 11:00:00+00:00,-0.007929518496408234,0.158962790636006,0.020428380434534415,0.260148908848851,0.08523286029712787,-0.21098791250468135,0.02989066602784679
2025-10-10 12:00:00+00:00,-0.002711271901848597,0.16571853580591583,0.022160403717130572,0.260148908848851,0.08523286029712787,-0.23183642019426062,0.029291307243364064
2025-10-10 13:00:00+00:00,0.0013459242770609819,0.1683142117013713,0.02540253846364087,0.260148908848851,0.08903162103816471,-0.2513848282375377,0.02869131947905645
2025-10-10 14:00:00+00:00,0.0053517847947745535,0.17097870522571718,0.0306804711865746,0.26086226161541287,0.08903162103816471,-0.2643518295071386,0.02812974955518122
2025-10-10 15:00:00+00:00,0.019615665601171093,0.18567482866016494,0.04066423832261326,0.26488338078874774,0.105286918810493,-0.30376492163176205,0.018835089561607413
2025-10-10 16:00:00+00:00,0.04811239353070505,0.20003165622675245,0.06624409382871613,0.2713499218637518,0.07642782529909246,-0.30376492163176205,0.018835089561607413
2025-10-10 17:00:00+00:00,0.07515845985780858,0.21209696928258673,0.10474533729518934,0.2770154526461392,0.04752360307967051,-0.30376492163176205,0.018835089561607413
2025-10-10 18:00:00+00:00,0.09215810424564097,0.23987473482866922,0.11781900321785496,0.2842417856509268,0.04752360307967051,-0.3128808807458585,0.014306337739661659
2025-10-10 19:00:00+00:00,0.09215810424564097,0.25874720294051234,0.14286168417780093,0.2913596784997205,0.0184720052531927,-0.3128808807458585,0.014306337739661659
2025-10-10 20:00:00+00:00,0.1001887264233507,0.26254366880572605,0.1679640927902445,0.2937250445260264,0.0184720052531927,-0.3128808807458585,0.0004955351295206809
2025-10-10 21:00:00+00:00,0.10806641070776148,0.26819500159701115,0.18151607082108634,0.2937250445260264,-0.010832976052652684,-0.3128808807458585,-0.013941918132459317
2025-10-10 22:00:00+00:00,0.12403487734935871,0.2761974969022015,0.19525864404236554,0.2937250445260264,-0.040503159579401406,-0.3128808807458585,-0.01876151722359846
2025-10-10 23:00:00+00:00,0.14399509454502465,0.28837238952306893,0.21152012737181466,0.2937250445260264,-0.040503159579401406,-0.3128808807458585,-0.01876151722359846
2025-10-11 00:00:00+00:00,0.1769251864790504,0.30305878792770596,0.21152012737181466,0.30230242135065927,-0.040503159579401406,-0.30376492163176205,-0.023369160570800983
2025-10-11 01:00:00+00:00,0.23716522071071286,0.32749701867541536,0.29930671893712146,0.31641699694527103,-0.040503159579401406,-0.30376492163176205,-0.014704972958939789
2025-10-11 02:00:00+00:00,0.2886620436423375,0.33127485687218494,0.38722014947699734,0.32368867848521254,-0.1193951389996585,-0.3027020614181562,-0.035504500992191705
2025-10-11 03:00:00+00:00,0.2293462728644471,0.3100589437398262,0.3619836271884871,0.2994507776220537,-0.1939144662255424,-0.3027020614181562,-0.04710951899897297
2025-10-11 04:00:00+00:00,0.19199644744520303,0.29771350002222946,0.3290240208900821,0.2920846227843002,-0.1939144662255424,-0.3234378223452173,-0.05491776333494348
2025-10-11 05:00:00+00:00,0.15098556551652667,0.2850990845007412,0.29434721487894133,0.28462669473857577,-0.14250387558027,-0.3403162296803062,-0.0625772891973059
2025-10-11 06:00:00+00:00,0.13368886049735162,0.2696882842695511,0.273749109475142,0.27622542723556376,-0.14250387558027,-0.35699676380353745,-0.0625772891973059
2025-10-11 07:00:00+00:00,0.09598832852871883,0.2696882842695511,0.25271824871509907,0.26529645007782193,-0.14250387558027,-0.37349759773224456,-0.06963793036710648
2025-10-11 08:00:00+00:00,0.07929753969525596,0.2795414960457375,0.2297303751328655,0.26569463927899506,-0.12935331984139345,-0.38206569236461974,-0.05617942105040957
2025-10-11 09:00:00+00:00,0.07085066069473799,0.2795414960457375,0.21717332514642534,0.2602258688326851,-0.12935331984139345,-0.39011345603239783,-0.05617942105040957
2025-10-11 10:00:00+00:00,0.070850660694738,0.2795414960457375,0.20425259624726755,0.2555678278133623,-0.12935331984139345,-0.39833942880891243,-0.049309064125068455
2025-10-11 11:00:00+00:00,0.070850660694738,0.2734250368710983,0.19513677090608425,0.2555678278133623,-0.11025160167441064,-0.40672623536417346,-0.049309064125068455
2025-10-11 12:00:00+00:00,0.0691298122789656,0.277208198057722,0.2046219659418963,0.2555678278133623,-0.11025160167441064,-0.38861288736425187,-0.049309064125068455
2025-10-11 13:00:00+00:00,0.0691298122789656,0.2734250368710983,0.20698064084695067,0.2582698173713761,-0.11025160167441064,-0.37256040369461835,-0.049309064125068455
2025-10-11 14:00:00+00:00,0.0691298122789656,0.2734250368710983,0.20698064084695067,0.25926130914278517,-0.11025160167441064,-0.352771459350078,-0.05076024534358095
2025-10-11 15:00:00+00:00,0.0691298122789656,0.2734250368710983,0.20698064084695067,0.26050643087988745,-0.11479115779112457,-0.3355770209738924,-0.05076024534358095
2025-10-11 16:00:00+00:00,0.07968574531738713,0.2734250368710983,0.18444105225743476,0.27302981624219885,-0.11479115779112457,-0.3355770209738924,-0.05076024534358095
2025-10-11 17:00:00+00:00,0.09977495182485893,0.2734250368710983,0.1694183056087949,0.2880190744978758,-0.08662625845842879,-0.3294559491593027,-0.0458302911183777
2025-10-11 18:00:00+00:00,0.11936470693213408,0.28185284290875673,0.15362979568405719,0.2912812927857698,-0.05906321396540779,-0.314748154085323,-0.0458302911183777
2025-10-11 19:00:00+00:00,0.13852306461524772,0.2908990578017209,0.13691815122830417,0.2912812927857698,-0.05906321396540779,-0.2954098683474222,-0.04088699618735662
2025-10-11 20:00:00+00:00,0.13852306461524772,0.2953955308465301,0.11907554028679047,0.28886681459317964,-0.05906321396540779,-0.27615937608513885,-0.016993980846146495
2025-10-11 21:00:00+00:00,0.17087178286889076,0.3407673637856198,0.17272559843246482,0.34339483180049307,-0.04930906819622712,-0.27820188837962695,0.026500960291855717
2025-10-11 22:00:00+00:00,0.17901302370425679,0.35246774161190586,0.14929894943130662,0.34921859923903703,-0.04930906819622712,-0.259896784474113,0.03886605407910756
2025-10-11 23:00:00+00:00,0.18992917314098917,0.35246774161190586,0.12565262418413037,0.3611915960774412,-0.023547938022909116,-0.24159888028891957,0.05245367271229011
2025-10-12 00:00:00+00:00,0.2042493521977625,0.35246774161190586,0.10170620197493623,0.3946999015278438,-0.023547938022909116,-0.21659662750213463,0.06196670292831209
2025-10-12 01:00:00+00:00,0.2042493521977625,0.33075447359011007,0.10170620197493623,0.4406828401397655,0.024870238838751803,-0.16327864080663407,0.07978918919552379
2025-10-12 02:00:00+00:00,0.17160347511515733,0.29257207280107966,0.1389067535605211,0.45753561788440084,0.09071372730760918,-0.10915522636839788,0.0557590892422974
2025-10-12 03:00:00+00:00,0.17160347511515733,0.32841974936439666,0.1389067535605211,0.4180935107372261,0.021654676149064796,-0.22119422806955374,0.04471107254541875
2025-10-12 04:00:00+00:00,0.17160347511515733,0.3391578893789266,0.18329960766307915,0.3954549229431971,-0.023609608232500853,-0.2764628981428395,0.03746146327822472
2025-10-12 05:00:00+00:00,0.1848422103153574,0.3497392743174492,0.1389067535605211,0.37203739488723836,-0.06890124229285258,-0.32411575830791484,0.014754258769190101
2025-10-12 06:00:00+00:00,0.2437424366358409,0.3497392743174492,0.1389067535605211,0.36105044062216957,-0.11437817790954953,-0.379736704566398,0.0070239986867609815
2025-10-12 07:00:00+00:00,0.2626976789716954,0.3497392743174492,0.1389067535605211,0.3348141653757172,-0.11437817790954953,-0.4328567043439449,-0.0006662278410302704
2025-10-12 08:00:00+00:00,0.26335192799754414,0.35896144706575694,0.15644280327879376,0.3149167690003831,-0.10504701906393168,-0.4451498673521242,0.011660606132635082
2025-10-12 09:00:00+00:00,0.26335192799754414,0.35896144706575694,0.13413753322318692,0.301722647215184,-0.10504701906393168,-0.45327618906338285,0.00782674682067043
2025-10-12 10:00:00+00:00,0.2546069535568226,0.35179688951882715,0.13413753322318692,0.2873513612257572,-0.12792952484340903,-0.46246593286364596,0.004030006295879667
2025-10-12 11:00:00+00:00,0.2546069535568226,0.35179688951882715,0.13413753322318692,0.2765894105701293,-0.12792952484340903,-0.4724781023975179,-0.0035154475660418905
2025-10-12 12:00:00+00:00,0.2545542765331908,0.35224998459371964,0.13452156694919445,0.2788087891781048,-0.12694519832191425,-0.44599341654245395,-0.0030044503834056754
2025-10-12 13:00:00+00:00,0.25274114025994154,0.3527438528821305,0.13452156694919445,0.2811548713071596,-0.12694519832191425,-0.42454012291862664,-0.0024967684639583595
2025-10-12 14:00:00+00:00,0.2510182487739524,0.35327868009394553,0.13452156694919445,0.28179319141730486,-0.12694519832191425,-0.4081164911738532,-0.0024967684639583595
2025-10-12 15:00:00+00:00,0.2510182487739524,0.3538546947746465,0.13452156694919445,0.28179319141730486,-0.12694519832191425,-0.39357064829382593,-0.00275234292555569
2025-10-12 16:00:00+00:00,0.2577630934809345,0.3620544611586668,0.15708679678712315,0.2889973625828515,-0.10179553770996941,-0.39571782050985604,-0.00275234292555569
2025-10-12 17:00:00+00:00,0.2577630934809345,0.3538546947746465,0.15708679678712315,0.2889973625828515,-0.07646976480062137,-0.3900108016252227,-0.007032268935487042
2025-10-12 18:00:00+00:00,0.2577630934809345,0.3433643533183539,0.1932446450710755,0.2743631113950052,-0.04811601702405568,-0.3843483358658096,-0.007032268935487042
2025-10-12 19:00:00+00:00,0.2577630934809345,0.33046579320393976,0.1932446450710755,0.26562138985423467,0.0014093946241334795,-0.3807928009219458,-0.011344988987898376
2025-10-12 20:00:00+00:00,0.2577630934809345,0.32822591410387064,0.20629239099520458,0.25918402496333526,0.02442303060436868,-0.3772352942005522,-0.0156914992228057
2025-10-12 21:00:00+00:00,0.26269731171070043,0.32827114334589463,0.23897363441017255,0.2553150270947669,0.0479704320713335,-0.36860541453482315,-0.0156914992228057
2025-10-12 22:00:00+00:00,0.26269731171070043,0.32827114334589463,0.2703089605793405,0.2553150270947669,0.07207887441282274,-0.3599311678040455,-0.011398986265850144
2025-10-12 23:00:00+00:00,0.28133034601401574,0.32827114334589463,0.3215922298475048,0.2553150270947669,0.09685170048579646,-0.35120477433883496,-0.015568410649982803
2025-10-13 00:00:00+00:00,0.28133034601401574,0.32827114334589463,0.43818948577460515,0.26701348960056137,0.15724311233814636,-0.35120477433883496,-0.007168024990604349
2025-10-13 01:00:00+00:00,0.28133034601401574,0.32827114334589463,0.43818948577460515,0.26701348960056137,0.21160641687279588,-0.34084047526053096,0.009893459821116142
2025-10-13 02:00:00+00:00,0.3003003599404092,0.34953576553119114,0.5149774455570927,0.32184745827204425,0.41605844687729887,-0.3069191219035864,0.055188503643648815
2025-10-13 03:00:00+00:00,0.3003003599404092,0.34953576553119114,0.4754355487756003,0.32184745827204425,0.41605844687729887,-0.35408664799183864,0.030325269590504668
2025-10-13 04:00:00+00:00,0.28111016188702737,0.3525754951625309,0.4148524220168956,0.32433240659933277,0.3596466511295286,-0.3544807545225568,0.03197110378024014
2025-10-13 05:00:00+00:00,0.2667988443845494,0.3388260870880837,0.37381111559407854,0.31551986838940016,0.29793977179780773,-0.36856191605977695,0.040051338251530295
2025-10-13 06:00:00+00:00,0.2667988443845494,0.32272681196438796,0.27443803072993694,0.32433240659933277,0.24574710550480225,-0.3827406861309225,0.07315874380238509
2025-10-13 07:00:00+00:00,0.2667988443845494,0.30668282545600334,0.18155032315193567,0.35054470121916526,0.24574710550480225,-0.39702241540099176,0.0818071565116669
2025-10-13 08:00:00+00:00,0.2667988443845494,0.30668282545600334,0.1381015282239381,0.35054470121916526,0.24574710550480225,-0.40431930092963314,0.09031642639520276
2025-10-13 09:00:00+00:00,0.25729599405554304,0.30668282545600334,0.09662328940601127,0.35054470121916526,0.24574710550480225,-0.40431930092963314,0.09031642639520276
2025-10-13 10:00:00+00:00,0.23929932269728826,0.3011829170118029,0.0565024949322426,0.35054470121916526,0.22720958136849626,-0.40970118544360823,0.09031642639520276
2025-10-13 11:00:00+00:00,0.21634265869866626,0.3011829170118029,0.017216241108762947,0.35054470121916526,0.22720958136849626,-0.415101543528511,0.09417747748397294
2025-10-13 12:00:00+00:00,0.2191366303194636,0.3011829170118029,0.019025816723397204,0.35341108748768274,0.209563482608351,-0.415101543528511,0.09361985618041066
2025-10-13 13:00:00+00:00,0.21963625342011103,0.30420877841566946,0.020781534251326027,0.35341108748768274,0.209563482608351,-0.41151025126605123,0.09306712958873709
2025-10-13 14:00:00+00:00,0.2184140010990995,0.30420877841566946,0.02515472993450428,0.35341108748768274,0.19505409520575903,-0.41151025126605123,0.09251920544868673
2025-10-13 15:00:00+00:00,0.22077660694879345,0.2979307676199961,0.02648197610088193,0.34594351248945193,0.20978403361118605,-0.40584517736214076,0.08674078465177186
2025-10-13 16:00:00+00:00,0.22850164274193735,0.2979307676199961,0.04853276733696402,0.3377208547688759,0.20978403361118605,-0.40584517736214076,0.07754207729330068
2025-10-13 17:00:00+00:00,0.22850164274193735,0.28870982403753204,0.06987649509087375,0.31854156279975954,0.23356386166678564,-0.40584517736214076,0.06854269136659652
2025-10-13 18:00:00+00:00,0.22850164274193735,0.27231665827191903,0.10680780406276091,0.30450181832980444,0.23356386166678564,-0.40584517736214076,0.05940876549282601
2025-10-13 19:00:00+00:00,0.2346599337930543,0.2466781118302216,0.1401424314232059,0.29017161618067616,0.2559863477589212,-0.4104357658038284,0.05033229083952075
2025-10-13 20:00:00+00:00,0.24074069487493124,0.22777613259367704,0.17088901721840766,0.28238674362274285,0.2773878153484615,-0.4150220592009269,0.027070269613254892
2025-10-13 21:00:00+00:00,0.24674909100908726,0.20803188200534656,0.19971864476212475,0.2795044294039188,0.2773878153484615,-0.4196048770353363,-0.004237831443102371
2025-10-13 22:00:00+00:00,0.24674909100908726,0.18090056142831912,0.23928397062007514,0.2717483777346833,0.2773878153484615,-0.4241850191050466,-0.02640829691833867
2025-10-13 23:00:00+00:00,0.2557920829962143,0.16693429808175309,0.2635162198231229,0.23821494704471424,0.23368249513486816,-0.4287632668583232,-0.036661727849734725
2025-10-14 00:00:00+00:00,0.2793472653683454,0.15133163065426927,0.289262382247298,0.20169740226141988,0.23368249513486816,-0.4360129519602587,-0.04628986012088625
2025-10-14 01:00:00+00:00,0.3254919344235239,0.15133163065426927,0.289262382247298,0.1612384933867484,0.23368249513486816,-0.45641780381291075,-0.05581505219130332
2025-10-14 02:00:00+00:00,0.3762509556309994,0.15133163065426927,0.289262382247298,0.12322712653767826,0.23368249513486816,-0.480395501944469,-0.05581505219130332
2025-10-14 03:00:00+00:00,0.34035181157039013,0.09044479032494154,0.24436307122849785,0.166093080331321,0.30661504579621085,-0.4395236529648217,-0.041309619238696374
2025-10-14 04:00:00+00:00,0.3326889482025171,0.11328031380901254,0.2179471596195527,0.20951959540556128,0.29875780106510846,-0.391542008583467,0.006631417213402812
2025-10-14 05:00:00+00:00,0.3005604497824652,0.09338042197739126,0.1828739963797603,0.23278551800075006,0.3387206925396456,-0.36860276573558093,0.048351956749623885
2025-10-14 06:00:00+00:00,0.2655246105605467,0.09338042197739126,0.1481270324054066,0.26837710551511584,0.3387206925396456,-0.3362783646838977,0.11341108881384988
2025-10-14 07:00:00+00:00,0.2430725872342034,0.13799561302503885,0.1481270324054066,0.3124849381878938,0.3387206925396456,-0.3158400331767894,0.14017794697716185
2025-10-14 08:00:00+00:00,0.2304231646862781,0.14871031761295106,0.12029182652481542,0.33525967529843437,0.33314363489113913,-0.30529972720302595,0.1474952719231833
2025-10-14 09:00:00+00:00,0.21979791544983923,0.15996881387532663,0.104589247998024,0.353323700824186,0.33314363489113913,-0.29629182275387306,0.16974440936706517
2025-10-14 10:00:00+00:00,0.22752388488662006,0.18037261851290856,0.09210430640069062,0.3677650012035678,0.33314363489113913,-0.2872727432590674,0.19402335626353728
2025-10-14 11:00:00+00:00,0.22752388488662006,0.1892473031582568,0.06222755498565169,0.3825092404899815,0.33314363489113913,-0.2782403869470341,0.22134935013571033
2025-10-14 12:00:00+00:00,0.22790884848691836,0.1863132364430498,0.0647511804735297,0.3790459434717209,0.33314363489113913,-0.29657129864541354,0.21757631168582708
2025-10-14 13:00:00+00:00,0.22790884848691836,0.18360111131490134,0.06740547594568373,0.3760142563243339,0.33314363489113913,-0.3185792790141982,0.21611067240488213
2025-10-14 14:00:00+00:00,0.22790884848691836,0.18110266402310654,0.07002239518725098,0.37647576620073037,0.33314363489113913,-0.3385072934518882,0.21622287109604532
2025-10-14 15:00:00+00:00,0.22479124114457816,0.1517875726921624,0.08455407508923747,0.3701807186873032,0.33229759602288766,-0.3344971746682291,0.21461602699998006
2025-10-14 16:00:00+00:00,0.21379029299348132,0.12700529500476415,0.106869096764303,0.3560752430747604,0.33229759602288766,-0.33216708582270976,0.19773624420102198
2025-10-14 17:00:00+00:00,0.21379029299348132,0.11375151810230393,0.14679115756656635,0.34196213421856075,0.2942897394034611,-0.33738705276390774,0.1804508953897308
2025-10-14 18:00:00+00:00,0.21379029299348132,0.10208247378846717,0.1631901152573162,0.34196213421856075,0.2774334688932481,-0.33738705276390774,0.1724905643081746
2025-10-14 19:00:00+00:00,0.22205534317310127,0.10208247378846717,0.18558181805620177,0.34196213421856075,0.26004292654679917,-0.3292399092055784,0.1686615684067836
2025-10-14 20:00:00+00:00,0.23016987277380552,0.0818996916654727,0.20099275564878663,0.34196213421856075,0.24197819491453398,-0.32107105889065557,0.16478498199840655
2025-10-14 21:00:00+00:00,0.23016987277380552,0.04773414452601733,0.20099275564878663,0.34196213421856075,0.26004292654679917,-0.32107105889065557,0.15284548057509798
2025-10-14 22:00:00+00:00,0.23814746393464267,0.016159486566489,0.21591289200990896,0.3402666271560948,0.26004292654679917,-0.32107105889065557,0.1307202463250052
2025-10-14 23:00:00+00:00,0.24876505026354037,-0.0013158544028428626,0.21591289200990896,0.3402666271560948,0.22296903527443557,-0.32107105889065557,0.11646854856890716
2025-10-15 00:00:00+00:00,0.24876505026354037,-0.018238603063909238,0.18797644025481094,0.3278213269587018,0.18845654566110884,-0.3074600254622436,0.10351744165554613
2025-10-15 01:00:00+00:00,0.27592275844560166,-0.0492708617623793,0.18797644025481094,0.3278213269587018,0.18845654566110884,-0.28976716885149095,0.06031352005153239
2025-10-15 02:00:00+00:00,0.3044116553592587,-0.0788501832451666,0.22622214191795637,0.3081270947650255,0.18845654566110884,-0.26934792761237847,0.02996193794323694
2025-10-15 03:00:00+00:00,0.2795004196777982,-0.03572142463776373,0.13320927975843855,0.3081270947650255,0.24133587649305696,-0.2958162787050321,0.06863783596072794
2025-10-15 04:00:00+00:00,0.2795004196777982,0.005538009437173226,0.13320927975843855,0.32660803025828994,0.24133587649305696,-0.3222305450165491,0.11756400631294162
2025-10-15 05:00:00+00:00,0.2795004196777982,0.057498078159164606,0.09978445588298071,0.3373206351841426,0.2809474608374427,-0.33620478235278556,0.14012464743757824
2025-10-15 06:00:00+00:00,0.2795004196777982,0.1122208802379309,0.09978445588298071,0.32660803025828994,0.2809474608374427,-0.3499826708288149,0.148373500920915
2025-10-15 07:00:00+00:00,0.2795004196777982,0.14226415568325834,0.06317994934707474,0.31191374296305174,0.3195748815354655,-0.36357928920793187,0.16725987277521034
2025-10-15 08:00:00+00:00,0.24420739300672648,0.14775946629436354,0.06050613551772285,0.2952442193209609,0.3107873750767583,-0.37771912116715145,0.15798334863856303
2025-10-15 09:00:00+00:00,0.24420739300672648,0.14775946629436354,0.06050613551772285,0.2952442193209609,0.3254947294695269,-0.3828449834106853,0.17304078780338888
2025-10-15 10:00:00+00:00,0.24420739300672648,0.16111560441555456,0.07518224189770144,0.2952442193209609,0.34020772819847267,-0.3839894128332684,0.18518929064852907
2025-10-15 11:00:00+00:00,0.25417580669298045,0.17465802802855826,0.07518224189770144,0.2884013130057747,0.3254947294695269,-0.3852575689679154,0.1974812169763776
2025-10-15 12:00:00+00:00,0.25417580669298045,0.1736336018308279,0.07581685934738608,0.2884013130057747,0.33339009326415886,-0.36932009335617955,0.19646232074721023
2025-10-15 13:00:00+00:00,0.2517675543868089,0.17269001507423565,0.07650690187143348,0.2884013130057747,0.33339009326415886,-0.3607987845158446,0.19552009946984236
2025-10-15 14:00:00+00:00,0.2517675543868089,0.17182849615935536,0.07650690187143348,0.2884013130057747,0.3420316995303352,-0.3431516731302606,0.19537144985274052
2025-10-15 15:00:00+00:00,0.2517675543868089,0.156013292020306,0.09695011658193937,0.2884013130057747,0.3420316995303352,-0.3019161941525795,0.18615466688644916
2025-10-15 16:00:00+00:00,0.2517675543868089,0.14007282132610277,0.09695011658193937,0.2884013130057747,0.3420316995303352,-0.2991563927742494,0.17769498612721626
2025-10-15 17:00:00+00:00,0.25993996426734267,0.14007282132610277,0.11431001613426851,0.2884013130057747,0.3297356579610887,-0.2884013130057483,0.16991709749295383
2025-10-15 18:00:00+00:00,0.26800195066638677,0.15229631261468876,0.09695011658193937,0.28209453729371775,0.3297356579610887,-0.2820945372938855,0.16616659334703107
2025-10-15 19:00:00+00:00,0.26800195066638677,0.16401397743876922,0.09695011658193937,0.2757456441526738,0.3174306660460864,-0.27574564415264563,0.15892345323051818
2025-10-15 20:00:00+00:00,0.26800195066638677,0.1717154908668698,0.09695011658193937,0.27106147923644863,0.30515145240836516,-0.26935129510234374,0.15146761010763884
2025-10-15 21:00:00+00:00,0.26800195066638677,0.18324941050569857,0.07904372799363196,0.2633470615355375,0.2703621310082686,-0.26290795175588333,0.14745267595277023
2025-10-15 22:00:00+00:00,0.27596351715892353,0.18324941050569857,0.07904372799363196,0.25854856022920747,0.23722660704936394,-0.2564118559137584,0.14220242689206064
2025-10-15 23:00:00+00:00,0.27596351715892353,0.18324941050569857,0.10025852998573351,0.27747638183703743,0.23722660704936394,-0.2564118559137584,0.14220242689206064
2025-10-16 00:00:00+00:00,0.3219839693462933,0.24069068433963905,0.16222129464249058,0.33925433260208515,0.3008473578166684,-0.2121867128214235,0.21859706415078167
2025-10-16 01:00:00+00:00,0.4190144176463154,0.3061320158696595,0.20244819376063153,0.4181931842250143,0.328949470597621,-0.15681076148137824,0.28130621069810613
2025-10-16 02:00:00+00:00,0.5140131574700725,0.37387155319645093,0.2736453378384036,0.49250571037838026,0.3365020228172344,-0.11260295843204488,0.3425757767250888
2025-10-16 03:00:00+00:00,0.4930283187371328,0.3926727221305113,0.23538760109424717,0.4770449279107442,0.3279997342438995,-0.15992294381383723,0.3428282818947463
2025-10-16 04:00:00+00:00,0.4591160789732691,0.3727319010692812,0.2054396824862558,0.45534960285460835,0.36960943397804263,-0.21374320063008337,0.3199278559762764
2025-10-16 05:00:00+00:00,0.44823044938939144,0.3778773676943974,0.21836308953071445,0.441439832792394,0.35889644815686045,-0.23224162032846396,0.3128414646259871
2025-10-16 06:00:00+00:00,0.43723843901832066,0.36855765566543114,0.22193988756752245,0.4266165339032691,0.388086689555037,-0.25183510652836844,0.2956716111208605
2025-10-16 07:00:00+00:00,0.44964035375667094,0.3588176661740475,0.20607060412738318,0.43410453432701535,0.4194016547678542,-0.2613002461544202,0.32373732314248993
2025-10-16 08:00:00+00:00,0.4473696927241705,0.37279443610247887,0.20975059572890678,0.4546351693535049,0.45303971108773994,-0.2715185836370354,0.3466319986328
2025-10-16 09:00:00+00:00,0.45515672627777626,0.3829994397311468,0.20383442599023596,0.4630133688946968,0.4653864596773485,-0.2653259144804773,0.35502483302839444
2025-10-16 10:00:00+00:00,0.44710438631922944,0.3801693704372024,0.1927581877793192,0.4633161758548186,0.47184812139681226,-0.2646867863002216,0.35459561247410126
2025-10-16 11:00:00+00:00,0.44063706876094805,0.3774131022226632,0.19429640797816036,0.4627321785829671,0.4800446344290782,-0.2604148251661772,0.35057322533772506
2025-10-16 12:00:00+00:00,0.44063706876094805,0.3774131022226632,0.1939892321406075,0.4668428114402019,0.4755948656058164,-0.2564304686890707,0.35334778537071104
2025-10-16 13:00:00+00:00,0.4432067395290496,0.3705423741687214,0.212560496720179,0.4649824358982136,0.4845374790976367,-0.2212093882005885,0.35370451765178895
2025-10-16 14:00:00+00:00,0.45362796569195457,0.36387376416205175,0.2293528716324367,0.4685796857055806,0.49348880679855156,-0.19168035626193766,0.35331276987340376
2025-10-16 15:00:00+00:00,0.4672824237106181,0.3834981418889524,0.2293528716324367,0.47811170691178206,0.4659998153115662,-0.17945418246630013,0.3482220312756761
2025-10-16 16:00:00+00:00,0.44530649258791954,0.35072235819168224,0.22140748992696516,0.44832894259906014,0.4002033456652512,-0.0914780979480187,0.3075136085645785
2025-10-16 17:00:00+00:00,0.3791621800705693,0.32378478662300075,0.14328039031424386,0.4238623342388961,0.43282039436751374,0.016691339866310963,0.2561895005908349
2025-10-16 18:00:00+00:00,0.3210723977511938,0.24976663509394031,0.06986966181037524,0.35991396469678694,0.37511648651775337,0.08790566040364009,0.18516083117039372
2025-10-16 19:00:00+00:00,0.27657869610857966,0.16863729027946345,0.06969048301239997,0.31216185931526746,0.33898961312840764,0.12854070367340242,0.1307301878033081
2025-10-16 20:00:00+00:00,0.23270978955296437,0.09433169228978713,0.04427929726479499,0.2391038202325909,0.3035656635435448,0.16740811720767101,0.07504546518321656
2025-10-16 21:00:00+00:00,0.18923805523214068,0.009762467623704675,0.017422620753099926,0.145294059547612,0.24816249986921357,0.19611080290569746,0.03235010447680546
2025-10-16 22:00:00+00:00,0.14594199897773685,-0.034040197486606326,-0.03493483090518737,0.07711815181474174,0.20983178233887118,0.22524827147814855,0.026864263103768948
2025-10-16 23:00:00+00:00,0.11932591346546785,-0.05648696403626776,-0.02854680273817532,0.05080237198797876,0.21182771266286143,0.25497789615904853,0.05729426366955256
2025-10-17 00:00:00+00:00,0.19619378337148174,-0.009883887422573602,0.03816395469282676,0.11171089159031984,0.2478876630838075,0.2854696936781951,0.12354859278323954
2025-10-17 01:00:00+00:00,0.2602139076725525,0.036973920208874266,0.17142301845670424,0.1788534579994507,0.22322372129559515,0.32634414819404295,0.19836307735852796
2025-10-17 02:00:00+00:00,0.3304807903962027,0.09041095890412591,0.1849176116195733,0.2522071408213085,0.19415354240690813,0.34613994514031365,0.2646995392703435
2025-10-17 03:00:00+00:00,0.2987370198694221,0.05503976029992021,0.1850242614622181,0.2139019770831844,0.12477524704648196,0.3510973240880407,0.2305870356738205
2025-10-17 04:00:00+00:00,0.2657524085277637,0.015824374561540393,0.13781682535254347,0.17211572728873556,0.16722463064217208,0.3577550427766392,0.18694495049842597
2025-10-17 05:00:00+00:00,0.22549380840087077,-0.015125910281150939,0.13256861311141946,0.13704576251326817,0.1420087009548228,0.3681661781268462,0.15256428831472058
2025-10-17 06:00:00+00:00,0.18497684470855297,-0.0319789826712495,0.12739757333527932,0.11860828019082527,0.15633652770842282,0.3799242614542019,0.16433445694930052
2025-10-17 07:00:00+00:00,0.19491525423708245,-0.040297281574416206,0.15779049256292194,0.12454849853569427,0.1321585978966299,0.3931131592694691,0.2031282291920088
2025-10-17 08:00:00+00:00,0.22531440926756743,-0.0320237688598714,0.16660002475007274,0.1526178474003628,0.16927083807695012,0.41247927644391524,0.24281784636660797
2025-10-17 09:00:00+00:00,0.22135476008422955,-0.02766210139277663,0.1442693354277767,0.16404050202482828,0.17385724511642472,0.42704101521977367,0.2556095799571597
2025-10-17 10:00:00+00:00,0.15602654584693446,-0.04275744979847038,0.09000865900278474,0.1591304732657238,0.14494363200708452,0.44471414391874065,0.2611439714813249
2025-10-17 11:00:00+00:00,0.09948801603647507,-0.057485102856659406,0.04729753050364398,0.1553909148019813,0.13195066183722268,0.4637282425157112,0.2493130517619561
2025-10-17 12:00:00+00:00,0.06825236327900197,-0.08084520834535563,0.03426613922601019,0.14585120007404148,0.10401521705345691,0.47872243023680494,0.2505898344734267
2025-10-17 13:00:00+00:00,0.017884728818223193,-0.11807030427238666,0.07451903751833687,0.13140976937586593,0.1352432444434227,0.5143581414687329,0.24726177551373488
2025-10-17 14:00:00+00:00,-0.0009006944103020998,-0.1514168988678419,0.11909096068576246,0.11887978878324224,0.16476511280033276,0.5586542090758788,0.24186770411518643
2025-10-17 15:00:00+00:00,-0.005078781909127198,-0.15453013466593932,0.11506915936630314,0.08004229636475643,0.1136187336463144,0.5816861514905274,0.23824278903650428
2025-10-17 16:00:00+00:00,-0.003892727374341682,-0.1275058181873052,0.06730927088423337,0.07282178077564158,0.04377964744862805,0.6694766786600718,0.22198248401942014
2025-10-17 17:00:00+00:00,-0.04582433660817341,-0.11745646020807965,-0.0036497943880351904,0.04355452489509869,0.041769767991230965,0.7104887446746235,0.17454248186888238
2025-10-17 18:00:00+00:00,-0.11217241853291066,-0.15057877504522707,-0.040142786299404994,-0.004546192425063971,-0.026897425191754108,0.7420002731082527,0.1099858439061161
2025-10-17 19:00:00+00:00,-0.1632105154179378,-0.19483084238481377,-0.09016357924019176,-0.054462596367494134,-0.078323471380004,0.7679744386814065,0.06375544947341691
2025-10-17 20:00:00+00:00,-0.21511906632946354,-0.2536551525120648,-0.14091530444724276,-0.112318437658162,-0.09891612377712523,0.7955905117011889,0.01710698061212152
2025-10-17 21:00:00+00:00,-0.2681998093300653,-0.36301276236822994,-0.13488168632892364,-0.165592108860036,-0.07254762501082301,0.8250566372664432,-0.030216014343493677
2025-10-17 22:00:00+00:00,-0.3227875583261777,-0.39214618708338944,-0.1483560337862054,-0.21087105111745408,-0.04581447652325889,0.8566210374202813,-0.04459261037947384
2025-10-17 23:00:00+00:00,-0.3015604620558357,-0.3809206060827291,-0.09344899205606107,-0.22786693006848838,-0.018554743903283835,0.9154382709685746,0.002058724082706534
2025-10-18 00:00:00+00:00,-0.2833874557541644,-0.3820767643845617,-0.11502543997160979,-0.27098446244118274,-0.028265904376918897,0.9215812094875433,-0.027581917287679534
2025-10-18 01:00:00+00:00,-0.29924459284554245,-0.3905058875754958,-0.11388276110325665,-0.3132863693128001,-0.07380042793646385,0.9187989673041137,-0.05331200047369325
2025-10-18 02:00:00+00:00,-0.2989834427555159,-0.3987002247548753,-0.13869079842584148,-0.3445117210366574,-0.08726594901581357,0.9184030096068668,-0.08145881736903596
2025-10-18 03:00:00+00:00,-0.2988531706536243,-0.40668530515303786,-0.14151608696449447,-0.36339380567549157,-0.09928293506786387,0.9201693971789091,-0.10427199759551868
2025-10-18 04:00:00+00:00,-0.28647110755984057,-0.39742404775305135,-0.14682711827373887,-0.369856208659318,-0.09928293506786387,0.9161956337991467,-0.1059450174492242
2025-10-18 05:00:00+00:00,-0.30124070430346095,-0.4111754577784033,-0.1547795633197405,-0.3775584829084814,-0.08347698124693094,0.9167559548375517,-0.12331125331760012
2025-10-18 06:00:00+00:00,-0.31478307902600056,-0.4172971097482097,-0.13930748645266208,-0.38588632042181853,-0.06948083337820114,0.9156530725420028,-0.11278357438131013
2025-10-18 07:00:00+00:00,-0.319307428507046,-0.41797213161983776,-0.13190358733255242,-0.3880722680895233,-0.08161593946319691,0.9183276145191008,-0.09643766285970541
2025-10-18 08:00:00+00:00,-0.31159621079487915,-0.4095899861883873,-0.11914443351412012,-0.3766824487986738,-0.06983359387988311,0.9138549112111777,-0.08011640170664393
2025-10-18 09:00:00+00:00,-0.31512450296636957,-0.4157261608933081,-0.11039463053576544,-0.35165445397616646,-0.052610095750072784,0.9173109951009725,-0.058798827495003626
2025-10-18 10:00:00+00:00,-0.32367647327758575,-0.4157261608933081,-0.1218993666866717,-0.3577712463943708,-0.06971257657002475,0.9099177845302929,-0.054691960889125694
2025-10-18 11:00:00+00:00,-0.33989903938173033,-0.41325646349543116,-0.12462969204034301,-0.34484115854826386,-0.07995973412427847,0.9132224037159328,-0.0451392756156666
2025-10-18 12:00:00+00:00,-0.35542734347600047,-0.42453286607905133,-0.10909219390804921,-0.33271921952628464,-0.08998869725134265,0.9129051139924926,-0.03606713523374001
2025-10-18 13:00:00+00:00,-0.3841756562641246,-0.43798869478760166,-0.10909219390804921,-0.31871887990493164,-0.08998869725134265,0.9099273579703132,-0.027232273198322825
2025-10-18 14:00:00+00:00,-0.4325432734636636,-0.43798869478760166,-0.10909219390804921,-0.31871887990493164,-0.08998869725134265,0.9073760460348116,-0.018418054921437606
2025-10-18 15:00:00+00:00,-0.4589580142502299,-0.4311949636913426,-0.11096336371425564,-0.3101513475934719,-0.09890392112389333,0.9108287619471162,-0.0051794706499409295
2025-10-18 16:00:00+00:00,-0.4238972361991499,-0.3868855510398975,-0.15055256254734084,-0.3101513475934719,-0.09890392112389333,0.9108287619471162,-0.0051794706499409295
2025-10-18 17:00:00+00:00,-0.4108342286345029,-0.36671171244461964,-0.15055256254734084,-0.3101513475934719,-0.15719479901626862,0.9108287619471162,-0.01646973821349311
2025-10-18 18:00:00+00:00,-0.39755017148736715,-0.3498670274260405,-0.11096336371425564,-0.3101513475934719,-0.15719479901626862,0.9108287619471162,-0.01646973821349311
2025-10-18 19:00:00+00:00,-0.39755017148736715,-0.3381383787794125,-0.13284049636530074,-0.3101513475934719,-0.12470494402572976,0.9104056545694273,-0.01646973821349311
2025-10-18 20:00:00+00:00,-0.39755017148736715,-0.33408312442877125,-0.1544478395214146,-0.3101513475934719,-0.12470494402572976,0.9101370835311743,-0.010151762473796377
2025-10-18 21:00:00+00:00,-0.39755017148736715,-0.3304744291273966,-0.13284049636530074,-0.3101513475934719,-0.09201198238299617,0.9101370835311743,-0.01646973821349311
2025-10-18 22:00:00+00:00,-0.39755017148736715,-0.32704902487846754,-0.13284049636530074,-0.3101513475934719,-0.023617884426091754,0.9101370835311743,-0.01646973821349311
2025-10-18 23:00:00+00:00,-0.3843051620323124,-0.30323530204794896,-0.11096336371425564,-0.30351266089314005,0.008301971911188956,0.9101370835311743,0.008950917289125216
2025-10-19 00:00:00+00:00,-0.3843051620323124,-0.30323530204794896,-0.08573978488829641,-0.33433015765144064,0.038376143394425626,0.9101370835311743,-0.010350568701296765
2025-10-19 01:00:00+00:00,-0.37667398912307953,-0.2638561367265228,-0.10257517301870961,-0.3401184025660497,0.015466338439913673,0.9087171845568351,0.0015301593363417746
2025-10-19 02:00:00+00:00,-0.3712297140944045,-0.251057819673338,-0.11374927626778969,-0.3564151800129345,0.009098238582195144,0.9111032329642706,0.00011056594748277854
2025-10-19 03:00:00+00:00,-0.358153601053222,-0.2393094268698269,-0.11374927626778969,-0.37459560861907143,0.0028504839926991824,0.9117814611843756,0.00011056594748277854
2025-10-19 04:00:00+00:00,-0.3460575310793539,-0.22845339647768495,-0.11374927626778969,-0.4134018556994901,-0.0033036922468640388,0.9128628251973113,-0.0013426504365966255
2025-10-19 05:00:00+00:00,-0.34948429163216205,-0.23542886110907132,-0.10028826094806974,-0.4134018556994901,0.013144456385787012,0.918610810113888,0.010589078056978854
2025-10-19 06:00:00+00:00,-0.34948429163216205,-0.2424214243192474,-0.08708779635997242,-0.4081843643588409,0.02945371068791258,0.9247017080730594,0.014469695934196997
2025-10-19 07:00:00+00:00,-0.35794491867379696,-0.23542886110907132,-0.07411258381036714,-0.3792111388219243,0.04568350052501297,0.9277907820338251,0.014469695934196997
2025-10-19 08:00:00+00:00,-0.34704741617993534,-0.23542886110907132,-0.08708779635997242,-0.35694727756942607,0.04568350052501297,0.9260095101472529,0.014469695934196997
2025-10-19 09:00:00+00:00,-0.33887112684605347,-0.24554957207209688,-0.06341106724095026,-0.34819440980180544,0.04568350052501297,0.9181494915061083,0.01829721163864606
2025-10-19 10:00:00+00:00,-0.32129414243920673,-0.2510552019077258,-0.013703964828583203,-0.33590395821811075,0.05657155972525111,0.9212498051593351,0.014984934401289628
2025-10-19 11:00:00+00:00,-0.29558802642723947,-0.2510552019077258,0.05184470532294425,-0.3205970319004245,0.05657155972525111,0.9349859079833786,0.03413963870207049
2025-10-19 12:00:00+00:00,-0.2658789639945782,-0.23274165159017976,0.08466612692667479,-0.3205970319004245,0.0960043478663137,0.9407094110649958,0.04368541994076119
2025-10-19 13:00:00+00:00,-0.2364762442209267,-0.21006402556576145,0.07606904116566668,-0.31564195534033745,0.0860423303975927,0.9497621360992358,0.05680801910140178
2025-10-19 14:00:00+00:00,-0.18802213011787905,-0.21006402556576145,0.07606904116566668,-0.28918128273864674,0.022149969746799926,0.9614294504169224,0.07224664748130277
2025-10-19 15:00:00+00:00,-0.18802213011787905,-0.21006402556576145,0.07606904116566668,-0.23806940036104682,0.022149969746799926,0.9656144272463671,0.07224664748130277
2025-10-19 16:00:00+00:00,-0.20472074155380746,-0.21006402556576145,0.07606904116566668,-0.2641485574495581,0.07388782876744344,0.9656144272463671,0.04723057456069812
2025-10-19 17:00:00+00:00,-0.21985183501371744,-0.23296201598382085,0.07606904116566668,-0.2641485574495581,0.022149969746799926,0.9649454525741391,0.03462262500780532
2025-10-19 18:00:00+00:00,-0.21985183501371744,-0.23296201598382085,0.07606904116566668,-0.2641485574495581,0.022149969746799926,0.9608657991745838,0.03462262500780532
2025-10-19 19:00:00+00:00,-0.23385292471277774,-0.2341946810806243,0.06460539379144985,-0.2537367129251137,0.009475800096146242,0.9577425785441721,0.02059849418311333
2025-10-19 20:00:00+00:00,-0.23385292471277774,-0.2422223201236641,0.06460539379144985,-0.24810786845195243,-0.017972699741278735,0.9577425785441721,0.02733662506352955
2025-10-19 21:00:00+00:00,-0.23385292471277774,-0.2341946810806243,0.04170688539735798,-0.24810786845195243,-0.017972699741278735,0.9577425785441721,0.02733662506352955
2025-10-19 22:00:00+00:00,-0.23385292471277774,-0.22598273352441856,0.06460539379144985,-0.24810786845195243,-0.017972699741278735,0.9577425785441721,0.03405415400661428
2025-10-19 23:00:00+00:00,-0.2517015509083591,-0.22598273352441856,-0.004486687446329927,-0.24810786845195243,-0.017972699741278735,0.9577425785441721,0.03405415400661428
2025-10-20 00:00:00+00:00,-0.2767094481182797,-0.24432056998852109,-0.03221772032797899,-0.22896614478047211,-0.017972699741278735,0.9556678725164506,0.0400412707030378
2025-10-20 01:00:00+00:00,-0.2827848325743094,-0.2516252981792236,-0.03221772032797899,-0.22178466917190864,-0.017972699741278735,0.9479945159906101,0.0400412707030378
2025-10-20 02:00:00+00:00,-0.2937484667161374,-0.259415642950238,-0.026022787187514516,-0.206274486910098,-0.013266120135000423,0.9439775254625882,0.04115742907432768
2025-10-20 03:00:00+00:00,-0.3057384425872261,-0.2720012017100189,-0.026022787187514516,-0.19286751230937652,-0.00810993487575924,0.943453654758055,0.04176876224916593
2025-10-20 04:00:00+00:00,-0.3189388859958576,-0.28599505313198503,-0.026022787187514516,-0.18585469046265454,-0.00810993487575924,0.9430047317203277,0.04237420086298287
2025-10-20 05:00:00+00:00,-0.3155523054393506,-0.2749907248146018,-0.026022787187514516,-0.19062754226064377,-0.040675569393612686,0.9368967028338876,0.04237420086298287
2025-10-20 06:00:00+00:00,-0.3125623857423795,-0.2668343527612953,-0.026022787187514516,-0.195341033997582,-0.05742605273782272,0.9282308350572714,0.038432424037193075
2025-10-20 07:00:00+00:00,-0.29810471965755975,-0.2536341150756675,-0.026022787187514516,-0.20917160390919665,-0.05742605273782272,0.9198298762745885,0.03456725056905368
2025-10-20 08:00:00+00:00,-0.2868980521639993,-0.2536341150756675,-0.026022787187514516,-0.21745845430737465,-0.07443364832593251,0.9126082265943053,0.03065664741512339
2025-10-20 09:00:00+00:00,-0.2808512566812635,-0.24348963780061073,0.0027293656674628763,-0.23905090234351029,-0.10717532907819227,0.9094740848008172,0.00833768936985122
2025-10-20 10:00:00+00:00,-0.2697296809391679,-0.2408093651026728,0.049621573690099424,-0.2285762611458875,-0.10035347721491546,0.89882158910223,-0.0067986338877027395
2025-10-20 11:00:00+00:00,-0.23686363216505027,-0.2408093651026728,0.09113973063072336,-0.24413470182572997,-0.10035347721491546,0.8863325569994249,-0.02562745543820847
2025-10-20 12:00:00+00:00,-0.20392740197375173,-0.19372392090061352,0.12615608892361616,-0.27268250970663604,-0.06033552078956669,0.872992589100168,-0.044420593899661374
2025-10-20 13:00:00+00:00,-0.15198029568323942,-0.1467225633995419,0.15849988643527482,-0.27268250970663604,-0.06033552078956669,0.8679448054619576,-0.05388839029573313
2025-10-20 14:00:00+00:00,-0.08386597027038081,-0.10821537396730865,0.2470025151806157,-0.26562728633274396,-0.045667529965559776,0.8646129832974899,-0.04827817427192742
2025-10-20 15:00:00+00:00,-0.03318421873081309,-0.10821537396730865,0.3413809758154429,-0.26562728633274396,-0.045667529965559776,0.8560753895050677,-0.0338717015773239
2025-10-20 16:00:00+00:00,-0.09497219392049762,-0.16673835541632734,0.3413809758154429,-0.26562728633274396,-0.045667529965559776,0.8560753895050677,-0.045125679404715464
2025-10-20 17:00:00+00:00,-0.1144777369052691,-0.19451204087435245,0.293278190032017,-0.2836371539590046,-0.045667529965559776,0.8560753895050677,-0.03397236687733394
2025-10-20 18:00:00+00:00,-0.1336509794028388,-0.19451204087435245,0.16438653265483943,-0.2989678877967536,-0.045667529965559776,0.8560753895050677,-0.022665435536878286
2025-10-20 19:00:00+00:00,-0.14487566148429704,-0.2019418207985477,0.08226486632273142,-0.33018252972398704,-0.08330177104395599,0.8587913050414152,-0.0369987559139934
2025-10-20 20:00:00+00:00,-0.14487566148429704,-0.2019418207985477,0.06300806718420146,-0.3334614151804894,-0.08330177104395599,0.8587300029971033,-0.0428603467187649
2025-10-20 21:00:00+00:00,-0.15291310772902242,-0.2019418207985477,0.008872005062448994,-0.3334614151804894,-0.08330177104395599,0.8588099570443513,-0.0428603467187649
2025-10-20 22:00:00+00:00,-0.15291310772902242,-0.19138033620226325,0.008872005062448994,-0.3276262394270773,-0.08330177104395599,0.8590241554922762,-0.030591778681423237
2025-10-20 23:00:00+00:00,-0.16359806419456444,-0.19138033620226325,-0.008368555149218514,-0.3192354201539054,-0.08330177104395599,0.8593661191114967,-0.024216150122522522
2025-10-21 00:00:00+00:00,-0.16359806419456444,-0.19138033620226325,-0.026654343903653236,-0.30605139117692653,-0.11417215384194336,0.8569784430721371,-0.011831582350958339
2025-10-21 01:00:00+00:00,-0.1732559268006299,-0.231841664568788,-0.026509295336521087,-0.31002893758351335,-0.09733778455588493,0.8536803807638974,-0.02266664395031164
2025-10-21 02:00:00+00:00,-0.17843257011014085,-0.24387031583550173,-0.026509295336521087,-0.29827385613413837,-0.0835792692440482,0.8477281491015817,-0.020082344315888043
2025-10-21 03:00:00+00:00,-0.1915493759012024,-0.2656457206722193,-0.030323195621689978,-0.29377752117904604,-0.07931855880522927,0.8443758712463647,-0.021386998964790228
2025-10-21 04:00:00+00:00,-0.20679212736345362,-0.29221357260207964,-0.03426105646345064,-0.28942681537240117,-0.07507678355934992,0.8456787381090723,-0.020132386055058748
2025-10-21 05:00:00+00:00,-0.20413586056723093,-0.2867052929824701,-0.03426105646345064,-0.28942681537240117,0.038548414406140846,0.18204729686930796,0.014329725081082705
2025-10-21 06:00:00+00:00,-0.191724652029909,-0.28128866611454423,-0.022134947570598886,-0.29829294116388555,0.03274357401557156,0.18023601800863884,0.004711853881255238
2025-10-21 07:00:00+00:00,-0.16373876282175742,-0.28128866611454423,0.0012065939549816091,-0.31558002723968537,0.026944885347982967,0.1784628808764956,0.0014730633477882077
2025-10-21 08:00:00+00:00,-0.15313333667111326,-0.28128866611454423,0.0337652426692693,-0.3257178823941904,0.026944885347982967,0.17669267258124977,-0.005092316459399286
2025-10-21 09:00:00+00:00,-0.13466851589883677,-0.28128866611454423,0.04428405169382526,-0.3257178823941904,0.021149999703301177,0.1743592323786783,-0.008424792391453433
2025-10-21 10:00:00+00:00,-0.12503582384494047,-0.2838067394001892,0.04149889683565995,-0.3195915791978726,0.01734004319514275,0.16839114759881144,-0.018944785713749662
2025-10-21 11:00:00+00:00,-0.10893624904167058,-0.2838067394001892,0.06523665233245754,-0.3328631499174515,0.01734004319514275,0.1645056213809353,-0.03380260511295097
2025-10-21 12:00:00+00:00,-0.09176877047154784,-0.2533039996011782,0.10954270089285473,-0.3195915791978726,0.01734004319514275,0.16062182805853772,-0.04867668704332837
2025-10-21 13:00:00+00:00,-0.057547954837036945,-0.22326252226058393,0.1514011527079463,-0.3063363608884343,0.01734004319514275,0.15804367914765616,-0.06357491635960642
2025-10-21 14:00:00+00:00,-0.006641965129230401,-0.13578840285033933,0.21639452657218577,-0.3063363608884343,0.03779278974245464,0.1540034464694522,-0.0753649449113504
2025-10-21 15:00:00+00:00,0.04206577915167401,-0.08889292040527298,0.2889587891140991,-0.3273864957637438,0.058251230525442586,0.14996216473004143,-0.08700820402634375
2025-10-21 16:00:00+00:00,0.002176047975132926,-0.12676861083973873,0.22651917612861025,-0.3273864957637438,0.04152405071793462,0.14833849588115877,-0.06823191267860784
2025-10-21 17:00:00+00:00,-0.03579645516968937,-0.12676861083973873,0.13511424090137764,-0.3273864957637438,0.04152405071793462,0.14996216473004143,-0.04948247966848288
2025-10-21 18:00:00+00:00,-0.07150649371940454,-0.12676861083973873,0.05326142240193444,-0.3117233612348612,0.058251230525442586,0.15159482103169653,-0.040016925561341794
2025-10-21 19:00:00+00:00,-0.12028793416522919,-0.15939625504942245,-0.02154277052351084,-0.325083631334487,0.058251230525442586,0.15322692771047033,-0.03043660228389511
2025-10-21 20:00:00+00:00,-0.15230075792635242,-0.15939625504942245,-0.05981617528451431,-0.3283252647586837,0.058251230525442586,0.15322692771047033,-0.03043660228389511
2025-10-21 21:00:00+00:00,-0.18322787280214953,-0.17440554785680135,-0.08510781584127475,-0.3283252647586837,0.04896397021946826,0.15322692771047033,-0.02513462084554667
2025-10-21 22:00:00+00:00,-0.20844071785348456,-0.17440554785680135,-0.12481729588287696,-0.3283252647586837,0.04896397021946826,0.15322692771047033,-0.008636425991442294
2025-10-21 23:00:00+00:00,-0.2223363052023898,-0.19428389248526293,-0.14995342538703882,-0.31845608925954827,0.04896397021946826,0.1541176307167149,-0.008636425991442294
2025-10-22 00:00:00+00:00,-0.23160045595366122,-0.16497113257762497,-0.17949514236201106,-0.31845608925954827,0.04896397021946826,0.15499818926475237,-0.00310816441734166
2025-10-22 01:00:00+00:00,-0.23973393969843132,-0.16497113257762497,-0.1983015885085217,-0.31845608925954827,0.04896397021946826,0.15499818926475237,0.0001456181673792971
2025-10-22 02:00:00+00:00,-0.24348636187378428,-0.16497113257762497,-0.22095558085306552,-0.3251485392715108,0.04896397021946826,0.15499818926475237,0.0011851216866779327
2025-10-22 03:00:00+00:00,-0.24735385473531502,-0.16497113257762497,-0.22964145746684633,-0.33217066361366354,0.047428955697394776,0.1551579313187031,0.0022083939448214692
2025-10-22 04:00:00+00:00,-0.2513431954303745,-0.16497113257762497,-0.24450359078885223,-0.339552498053283,0.047428955697394776,0.1551579313187031,0.0022083939448214692
2025-10-22 05:00:00+00:00,-0.24589655605372812,-0.16497113257762497,-0.22300956145057274,-0.339552498053283,0.047428955697394776,0.1551579313187031,0.0022083939448214692
2025-10-22 06:00:00+00:00,-0.2359672157090126,-0.15376525715369033,-0.1891404566115538,-0.339552498053283,0.047428955697394776,0.1551579313187031,-0.0008915856285694716
2025-10-22 07:00:00+00:00,-0.2194460688886255,-0.15376525715369033,-0.15738218294315257,-0.33105376048725293,0.053073593373940055,0.1551579313187031,-0.0008915856285694716
2025-10-22 08:00:00+00:00,-0.19289882427215033,-0.15376525715369033,-0.12722309892154762,-0.32316472409057,0.05873187481179295,0.15572883839992388,-0.0008915856285694716
2025-10-22 09:00:00+00:00,-0.1779289166427348,-0.15376525715369033,-0.09825015015782704,-0.31542003094028526,0.05873187481179295,0.15572883839992388,-0.0008915856285694716
2025-10-22 10:00:00+00:00,-0.15807049370343498,-0.15376525715369033,-0.011772856008640125,-0.32876202539384564,0.05873187481179295,0.15572883839992388,-0.0008915856285694716
2025-10-22 11:00:00+00:00,-0.15807049370343498,-0.15376525715369033,0.06827887419990078,-0.32876202539384564,0.05873187481179295,0.15572883839992388,-0.0008915856285694716
2025-10-22 12:00:00+00:00,-0.13668566035051555,-0.17996850826635014,0.1227324965769509,-0.30441335897633587,0.05873187481179295,0.15703066193103907,-0.008120623708076884
2025-10-22 13:00:00+00:00,-0.11430470132927062,-0.17996850826635014,0.17355685402282592,-0.30441335897633587,0.05873187481179295,0.15703066193103907,-0.008120623708076884
2025-10-22 14:00:00+00:00,-0.08019622834739115,-0.17996850826635014,0.22369925456510437,-0.30441335897633587,0.05873187481179295,0.15703066193103907,-0.019525806978704045
2025-10-22 15:00:00+00:00,-0.030153875843915236,-0.13876376865062995,0.2775336521354676,-0.30441335897633587,0.07941708331660706,0.15703066193103907,-0.05405837224021998
2025-10-22 16:00:00+00:00,-0.056940102047409354,-0.13876376865062995,0.18451857327170346,-0.30441335897633587,0.07941708331660706,0.15703066193103907,-0.044876205341355176
2025-10-22 17:00:00+00:00,-0.0834309393581129,-0.13876376865062995,0.08999081442584117,-0.30441335897633587,0.07941708331660706,0.15541009017758098,-0.03561409534843032
2025-10-22 18:00:00+00:00,-0.1219427114989905,-0.16827816818422375,0.024833230691239206,-0.28980104003976903,0.07941708331660706,0.15541009017758098,-0.03561409534843032
2025-10-22 19:00:00+00:00,-0.14703201451944167,-0.17874549586508007,-0.008792036965565474,-0.26763867686488413,0.08348035376231083,0.15379443031379345,-0.014996769127763555
2025-10-22 20:00:00+00:00,-0.17293909222381895,-0.17874549586508007,-0.05177233351988699,-0.26763867686488413,0.08348035376231083,0.15287394375988342,-0.009596948910170312
2025-10-22 21:00:00+00:00,-0.19078264618213353,-0.17874549586508007,-0.08148120240208394,-0.26265630757251485,0.07386238798349067,0.15195323877212277,-0.004122835149942306
2025-10-22 22:00:00+00:00,-0.21031091895804951,-0.17874549586508007,-0.11467928542026744,-0.2698116923167785,0.054962429458551225,0.15103231149288457,-0.004122835149942306
2025-10-22 23:00:00+00:00,-0.2256023523886427,-0.19753948184663309,-0.15846828942218183,-0.2583611781045626,0.054962429458551225,0.15103231149288457,0.0014072853295381356
2025-10-23 00:00:00+00:00,-0.2446819371274501,-0.19753948184663309,-0.2196626118428556,-0.2583611781045626,0.054962429458551225,0.15012082107442518,0.006836828118292182
2025-10-23 01:00:00+00:00,-0.2550354976389903,-0.20698475064888358,-0.2326793319290246,-0.2583611781045626,0.054962429458551225,0.15012082107442518,0.004598009370579201
2025-10-23 02:00:00+00:00,-0.2641443750699209,-0.21725373373834062,-0.24503431200907308,-0.26570396632936977,0.053309840465672255,0.14995274338596834,0.004598009370579201
2025-10-23 03:00:00+00:00,-0.2739298920846471,-0.21725373373834062,-0.2586369533964792,-0.26570396632936977,0.054962429458551225,0.14978479483303625,0.004598009370579201
2025-10-23 04:00:00+00:00,-0.29605974130793206,-0.22643066785663127,-0.2723389566807595,-0.280961501447873,0.049558474926451455,0.1476110629624263,-0.009468479045795094
2025-10-23 05:00:00+00:00,-0.2951052732602303,-0.22643066785663127,-0.2541187593803221,-0.280961501447873,-0.0500685519116751,0.910802788080406,-0.057346652247295314
2025-10-23 06:00:00+00:00,-0.2951052732602303,-0.22643066785663127,-0.22595292618745547,-0.280961501447873,-0.0500685519116751,0.9181212826192584,-0.057346652247295314
2025-10-23 07:00:00+00:00,-0.2990642483750897,-0.21634480189624344,-0.20240300506251818,-0.280961501447873,-0.0500685519116751,0.9181212826192584,-0.06135638845925987
2025-10-23 08:00:00+00:00,-0.2990642483750897,-0.21634480189624344,-0.1799908294195682,-0.2887057909159426,-0.06706805860059589,0.9181209661092394,-0.057346652247295314
2025-10-23 09:00:00+00:00,-0.2990642483750897,-0.20630482589201296,-0.1631815803253381,-0.2887057909159426,-0.06706805860059589,0.9183113047598638,-0.057346652247295314
2025-10-23 10:00:00+00:00,-0.29000573011182784,-0.20630482589201296,-0.1041766020426383,-0.30270501676019645,-0.06706805860059589,0.9269992283834759,-0.057346652247295314
2025-10-23 11:00:00+00:00,-0.2808621763756259,-0.22572832080546645,-0.05524709271251785,-0.2887057909159426,-0.06706805860059589,0.9269992283834759,-0.057346652247295314
2025-10-23 12:00:00+00:00,-0.2702803905098412,-0.2504963179640412,-0.0037387510143910034,-0.2887057909159426,-0.10815530684413123,0.9285689882477257,-0.057346652247295314
2025-10-23 13:00:00+00:00,-0.25839320226571294,-0.2504963179640412,0.04710812979457492,-0.2887057909159426,-0.10815530684413123,0.9235342970846531,-0.04869129154410171
2025-10-23 14:00:00+00:00,-0.23886025425731516,-0.2504963179640412,0.10173437081157807,-0.2887057909159426,-0.10815530684413123,0.9203666858119716,-0.06236971667765203
2025-10-23 15:00:00+00:00,-0.2217723713336212,-0.2504963179640412,0.18928138043181772,-0.2660109679925106,-0.17394399904705127,0.9203666858119716,-0.04869129154410171
2025-10-23 16:00:00+00:00,-0.23628322755194422,-0.2155959559798164,0.11818423570138982,-0.2660109679925106,-0.17394399904705127,0.9203666858119716,-0.04869129154410171
2025-10-23 17:00:00+00:00,-0.23628322755194422,-0.2155959559798164,0.06999431033101743,-0.2660109679925106,-0.17394399904705127,0.9203666858119716,-0.04869129154410171
2025-10-23 18:00:00+00:00,-0.24955455075081293,-0.2155959559798164,0.022831880883810884,-0.2842948191555641,-0.22722536942501623,0.9233045338857936,-0.03747041601939913
2025-10-23 19:00:00+00:00,-0.24955455075081293,-0.2155959559798164,-0.023483190673485962,-0.26832080267144354,-0.22722536942501623,0.9265386701347222,-0.03747041601939913
2025-10-23 20:00:00+00:00,-0.23959179238423722,-0.2155959559798164,-0.04912940726918915,-0.2556659361460659,-0.22722536942501623,0.9287060376820053,-0.03747041601939913
2025-10-23 21:00:00+00:00,-0.22599561372649096,-0.2155959559798164,-0.08857717625398726,-0.24258317673836913,-0.22722536942501623,0.9310387895086875,-0.03747041601939913
2025-10-23 22:00:00+00:00,-0.19965176964600329,-0.20980713522969807,-0.11511216324637388,-0.22196534763144943,-0.24273076788378822,0.9325149774723788,-0.04424941990597493
2025-10-23 23:00:00+00:00,-0.20039331404749983,-0.2036535568891074,-0.14437962803471818,-0.23378441639135805,-0.25934123628909406,0.9314232840720312,-0.06611277448522228
2025-10-24 00:00:00+00:00,-0.20039331404749983,-0.23722191939369508,-0.19795184832602455,-0.23378441639135805,-0.21400821349911675,0.9314232840720312,-0.08217629746120932
2025-10-24 01:00:00+00:00,-0.20616708768818584,-0.25099170244809754,-0.21787458362622536,-0.23378441639135805,-0.21400821349911675,0.9197763273083263,-0.09184613043204387
2025-10-24 02:00:00+00:00,-0.20616708768818584,-0.25099170244809754,-0.24160540578278808,-0.23378441639135805,-0.21400821349911675,0.9044032002355544,-0.098615231423425
2025-10-24 03:00:00+00:00,-0.20616708768818584,-0.25099170244809754,-0.2985842728096914,-0.23378441639135805,-0.21400821349911675,0.9002297279973359,-0.10201087613456557
2025-10-24 04:00:00+00:00,-0.20616708768818584,-0.23722191939369508,-0.3464069643331123,-0.23378441639135805,-0.21400821349911675,0.8982525210400911,-0.10201087613456557
2025-10-24 05:00:00+00:00,-0.1862611467463346,-0.22776165483993524,-0.347682099221081,-0.21700413623996195,-0.20064818532896475,0.8948977001918583,-0.0864195349022643
2025-10-24 06:00:00+00:00,-0.1896852844077609,-0.23795913256171805,-0.34379007198945705,-0.21700413623996195,-0.20064818532896475,0.8895059140813767,-0.0864195349022643
2025-10-24 07:00:00+00:00,-0.2000843731061724,-0.24825457250084437,-0.34021081382586754,-0.22701248710980146,-0.22243935417875865,0.8842384159500374,-0.0911000569510379
2025-10-24 08:00:00+00:00,-0.21605919922096453,-0.24825457250084437,-0.32020787375926596,-0.2357387461243753,-0.24018574878249435,0.8796001008714359,-0.0911000569510379
2025-10-24 09:00:00+00:00,0.015654089025754596,-0.12391945648695137,-0.009773741754158028,-0.08870862810821581,0.2630523774512698,0.1353229344865258,-0.13074343727233667
2025-10-24 10:00:00+00:00,0.013888154131760744,-0.12218147627728487,-0.015607579618616661,-0.08392310757675141,0.2647678122550249,0.13109687306691012,-0.13065042363675824
2025-10-24 11:00:00+00:00,0.013888154131760744,-0.12218147627728487,-0.015607579618616661,-0.08392310757675141,0.2647678122550249,0.13109687306691012,-0.13618229342281976
2025-10-24 12:00:00+00:00,0.00504572790460393,-0.12218147627728487,-0.015607579618616661,-0.08953857764964088,0.23139350948409876,0.1248687201321891,-0.13317422596184725
2025-10-24 13:00:00+00:00,-0.0080027760922564,-0.13119093362187428,-0.0044750289466974165,-0.08953857764964088,0.2215764305175697,0.1248687201321891,-0.1366872025052417
2025-10-24 14:00:00+00:00,-0.027257631839432823,-0.14713206974021467,-0.0034644202782177017,-0.09040488044307964,0.21854931466783692,0.11720216392720419,-0.1414541510960347
2025-10-24 15:00:00+00:00,-0.03845104598606001,-0.1580508755811985,0.013032261758716301,-0.09127425840969663,0.21551669530130402,0.10916577269915242,-0.14150447436425095
2025-10-24 16:00:00+00:00,-0.035202568513388495,-0.1545769027202347,0.008384331933614956,-0.0888378560497687,0.21551669530130402,0.10925867999207126,-0.14089402218477876
2025-10-24 17:00:00+00:00,-0.03193045322915687,-0.1545769027202347,0.008384331933614956,-0.08739268275598987,0.21551669530130402,0.10925867999207126,-0.14089402218477876
2025-10-24 18:00:00+00:00,-0.030579200905758545,-0.1545769027202347,0.008384331933614956,-0.08594839455874626,0.21551669530130402,0.10974045449660948,-0.14089402218477876
2025-10-24 19:00:00+00:00,-0.03338823224792627,-0.15944764475579062,0.005605765386118251,-0.09398481545120868,0.2121568032354716,0.11183865533813356,-0.14433641856647103
2025-10-24 20:00:00+00:00,-0.03393093970233481,-0.15944764475579062,0.005605765386118251,-0.09398481545120868,0.2155418609061964,0.11044674859538817,-0.14553446747587012
2025-10-24 21:00:00+00:00,-0.03316596368694935,-0.15944764475579062,0.005605765386118251,-0.09099557931224257,0.2155418609061964,0.11014484744617922,-0.14553446747587012
2025-10-24 22:00:00+00:00,-0.0326769974320595,-0.15557378460117055,0.005337441203878681,-0.09099557931224257,0.21932781588230685,0.10986251639697103,-0.14364766642691182
2025-10-24 23:00:00+00:00,-0.0325248803984391,-0.15534942197238247,0.005337441203878681,-0.09131238987918978,0.21162509910673266,0.10986251639697103,-0.14741118232172973
2025-10-25 00:00:00+00:00,-0.03197088445057761,-0.15534942197238247,0.005337441203878681,-0.09272527198392698,0.21162509910673266,0.11014484744617922,-0.1527679870213831
2025-10-25 01:00:00+00:00,-0.027742527254614815,-0.15011314495531983,0.006687106991994564,-0.08934456715263987,0.2125244494531815,0.11231789105877951,-0.14875007877496937
2025-10-25 02:00:00+00:00,-0.02967029306279159,-0.14955174484993428,0.002956903453444436,-0.08860444245107917,0.2133201877599649,0.11231789105877951,-0.1499596037554794
2025-10-25 03:00:00+00:00,-0.03153410250624589,-0.1491531359132446,-0.0008378991704358552,-0.08788420663526314,0.22573545420643304,0.11351425586305497,-0.1499596037554794
2025-10-25 04:00:00+00:00,-0.03168624809110187,-0.14792614680442556,0.004566557843721838,-0.08354646183061182,0.22694245993902493,0.11236293895823135,-0.144786957955204
2025-10-25 05:00:00+00:00,-0.031981952609339434,-0.14698663111581575,0.009678098511505058,-0.07901631475665157,0.22937349782552155,0.11121133331480165,-0.14207807757271632
2025-10-25 06:00:00+00:00,-0.03241115140536206,-0.14631140074750343,0.006776778493476225,-0.07427909345086497,0.23224182387612594,0.11067998515966687,-0.14314141790082516
2025-10-25 07:00:00+00:00,-0.037326647982501224,-0.15230403496581027,0.006776778493476225,-0.06906723445883377,0.23845057933002964,0.11429775382293944,-0.13934565200742607
2025-10-25 08:00:00+00:00,-0.04003238320931142,-0.15230403496581027,0.006776778493476225,-0.06398720736110795,0.2448208265701466,0.11575272778952213,-0.13934565200742607
2025-10-25 09:00:00+00:00,-0.0427539533502483,-0.15230403496581027,0.006776778493476225,-0.06906723445883377,0.2448208265701466,0.11799987579303829,-0.14314141790082516
2025-10-25 10:00:00+00:00,-0.04972892204997355,-0.15160630984293189,0.008056053196044341,-0.0631826274074655,0.24646995913718975,0.11812698694801878,-0.1403321679428514
2025-10-25 11:00:00+00:00,-0.05465900209498205,-0.14495589001964546,0.009337831264841008,-0.06378415043077512,0.24812448493066092,0.11850990067192083,-0.14227325858896134
2025-10-25 12:00:00+00:00,-0.06148655656635433,-0.14417713866502,0.0064318179880277025,-0.06438741543122234,0.2497844715608922,0.11616968465661973,-0.14213732253282843
2025-10-25 13:00:00+00:00,-0.07011842467270354,-0.15332525728637356,0.0064318179880277025,-0.06438741543122234,0.2497844715608922,0.1180203764705565,-0.14213732253282843
2025-10-25 14:00:00+00:00,-0.08856555327957007,-0.1648823475868591,0.007717600518065574,-0.06501731716055768,0.24718339232295677,0.11917785840826027,-0.1380520834282422
2025-10-25 15:00:00+00:00,-0.09486182163565204,-0.17678173368349684,0.00900697048108456,-0.06564960044534081,0.2603076712458228,0.11684465894595608,-0.13919862166086533
2025-10-25 16:00:00+00:00,-0.09352797834896723,-0.1714322624730621,0.012989506674051575,-0.06564960044534081,0.2603076712458228,0.11701806930903003,-0.13919862166086533
2025-10-25 17:00:00+00:00,-0.09221551652755262,-0.16980212795533794,0.012989506674051575,-0.06564960044534081,0.2603076712458228,0.11701806930903003,-0.1387731048756259
2025-10-25 18:00:00+00:00,-0.0918824913139673,-0.16980212795533794,0.012989506674051575,-0.06564960044534081,0.2603076712458228,0.11684465894595608,-0.13862782797497095
2025-10-25 19:00:00+00:00,-0.0918824913139673,-0.1719148475963881,0.012989506674051575,-0.066214486218001,0.2603076712458228,0.1166875529112844,-0.13862782797497095
2025-10-25 20:00:00+00:00,-0.07980289482236559,-0.1719148475963881,0.012989506674051575,-0.06242358749503736,0.2603076712458228,0.1166875529112844,-0.13862782797497095
2025-10-25 21:00:00+00:00,-0.07145040751577678,-0.1719148475963881,0.012989506674051575,-0.05920685781211837,0.26205291424594923,0.11732967935144079,-0.13862782797497095
2025-10-25 22:00:00+00:00,-0.06691684871729264,-0.17053796805342603,0.01307924507509914,-0.05595383758341625,0.2612634931569839,0.1171846185302231,-0.13759947668672273
2025-10-25 23:00:00+00:00,-0.06635215836986307,-0.17050358244633365,0.012955699621505164,-0.05550176238838208,0.2605123907141998,0.11704585578746034,-0.13760544908698638
2025-10-26 00:00:00+00:00,-0.06656090977815096,-0.17050358244633365,0.012955699621505164,-0.05625361888773237,0.272109430168182,0.11886739531556804,-0.13760544908698638
2025-10-26 01:00:00+00:00,-0.06549583467632941,-0.16232345476038598,0.019507443627922106,-0.05307448953848215,0.2718660529562508,0.12454301428836612,-0.133562374531301
2025-10-26 02:00:00+00:00,-0.06462204188180427,-0.16232345476038598,0.030068520728049254,-0.04981448862401059,0.2718660529562508,0.13104443424837534,-0.133562374531301
2025-10-26 03:00:00+00:00,-0.06374560075110353,-0.16324828349644527,0.03672520229715309,-0.04647264546349305,0.27485564201991763,0.13596512176087314,-0.1337044596312148
2025-10-26 04:00:00+00:00,-0.06374560075110353,-0.16324828349644527,0.049419022923079564,-0.04303262192579664,0.2781139409279667,0.1410498613391509,-0.13387953352387041
2025-10-26 05:00:00+00:00,-0.06286632931608842,-0.16423997028978427,0.05460680000341201,-0.04152276023369735,0.28164157327427,0.14631668218050156,-0.1328225833725889
2025-10-26 06:00:00+00:00,-0.06174236451248921,-0.16400569912141014,0.0621158188242026,-0.03291471817515672,0.2875455546088374,0.15102614511064977,-0.13160850550717018
2025-10-26 07:00:00+00:00,-0.06280912954305684,-0.15961624648351297,0.07111768405661302,-0.020889035037886184,0.31924802099160365,0.1557422172770647,-0.13109276438987594
2025-10-26 08:00:00+00:00,-0.060079746867318,-0.1664611490234397,0.07887379441944095,-0.015892572741260526,0.3289630544640476,0.16442882374272427,-0.13109276438987594
2025-10-26 09:00:00+00:00,-0.34359564473175613,-0.2473841754350038,-0.13395698049715632,-0.28023677658381874,-0.11907540416245822,0.8634999912072597,-0.1321410830070226
2025-10-26 10:00:00+00:00,-0.3314229551071816,-0.2473841754350038,-0.11624836085261929,-0.2661309853282587,-0.09045356438019966,0.8721442372061874,-0.1246005276659359
2025-10-26 11:00:00+00:00,-0.31816828161329574,-0.2502083064333443,-0.053506354694129454,-0.22795697482602462,-0.04659486236077167,0.882944979449549,-0.08695371242348471
2025-10-26 12:00:00+00:00,-0.3041156040359962,-0.2533053200677121,0.009627639262577814,-0.1866072463862053,0.06589823820301101,0.911325838429994,-0.07661667364420095
2025-10-26 13:00:00+00:00,-0.26501853651248874,-0.2826115865395457,0.0934705548639167,-0.2122346684476577,0.1325116935557047,0.922857858790155,-0.0609659433193736
2025-10-26 14:00:00+00:00,-0.20043333506742192,-0.2533053200677121,0.1753751527706045,-0.1839903631522349,0.1325116935557047,0.9345507469711202,-0.045312230308455964
2025-10-26 15:00:00+00:00,-0.18758102906584465,-0.2533053200677121,0.25547328879686204,-0.1839903631522349,0.1325116935557047,0.9463874012779616,-0.02965127047384116
2025-10-26 16:00:00+00:00,-0.2202326227669648,-0.2533053200677121,0.21408701092985855,-0.23754937763299758,0.1325116935557047,0.9444544505142496,-0.02965127047384116
2025-10-26 17:00:00+00:00,-0.2524619882673297,-0.2533053200677121,0.13288164711054193,-0.26309245889613836,0.1325116935557047,0.9444544505142496,-0.02965127047384116
2025-10-26 18:00:00+00:00,-0.26238991545221635,-0.23004366996033257,0.06121177844319994,-0.2887138589689944,0.18994198070279644,0.9420793954477794,-0.02965127047384116
2025-10-26 19:00:00+00:00,-0.28123627923486516,-0.23004366996033257,-0.0033973342066712935,-0.2669334278914835,0.18994198070279644,0.9398414085844884,-0.02965127047384116
2025-10-26 20:00:00+00:00,-0.31296068113496855,-0.2556898777141145,-0.061538461538472,-0.2791289710713514,0.1501203369628436,0.946469279395378,-0.05266420050363575
2025-10-26 21:00:00+00:00,-0.35070444437272424,-0.2806186217159774,-0.08776608795362908,-0.2931093695591024,0.07598314073637262,0.943983142243466,-0.06877080872996423
2025-10-26 22:00:00+00:00,-0.3529162458297463,-0.2752782307173886,-0.11355630278178759,-0.2931093695591024,0.07598314073637262,0.9461454434530361,-0.05725413456148204
2025-10-26 23:00:00+00:00,-0.3644050302219735,-0.2752782307173886,-0.12777595207419096,-0.2931093695591024,0.030293776586384692,0.9484920783567458,-0.06402307900478127
2025-10-27 00:00:00+00:00,-0.3761577787343336,-0.2752782307173886,-0.12777595207419096,-0.27235292277497175,0.030293776586384692,0.9461454434530361,-0.06402307900478127
2025-10-27 01:00:00+00:00,-0.38995132925643144,-0.2752782307173886,-0.12777595207419096,-0.27235292277497175,0.003354963547412695,0.9461454434530361,-0.06402307900478127
2025-10-27 02:00:00+00:00,-0.3922733085978807,-0.2752782307173886,-0.12703032248695648,-0.26641742385629275,0.003354963547412695,0.9461454434530361,-0.06392709600256609
2025-10-27 03:00:00+00:00,-0.3962291101848859,-0.2752782307173886,-0.12703032248695648,-0.2610973546997367,0.003354963547412695,0.9408406260971818,-0.06373850422889085
2025-10-27 04:00:00+00:00,-0.4004591866716314,-0.2752782307173886,-0.12840774175425845,-0.25630588902647894,0.008225416267150907,0.9356779501359248,-0.06370119875734094
2025-10-27 05:00:00+00:00,-0.40583263984525947,-0.2764383845222108,-0.12512884524426618,-0.2519723806316424,0.008225416267150907,0.9306527469619202,-0.06250547554304244
2025-10-27 06:00:00+00:00,-0.41178215384979105,-0.2732436280152354,-0.11648198543970865,-0.2529662559435621,0.003354963547412695,0.9292675435439041,-0.06115254518935117
2025-10-27 07:00:00+00:00,-0.37484057597253234,-0.2529200063452011,-0.07869290687474191,-0.2529662559435621,0.003354963547412695,0.9167656012519403,-0.06115254518935117
2025-10-27 08:00:00+00:00,-0.3279243236369663,-0.2529200063452011,-0.04317085893630411,-0.2529662559435621,0.003354963547412695,0.9044829181219037,-0.06115254518935117
2025-10-27 09:00:00+00:00,-0.30127477021277765,-0.2732436280152354,0.006926961464740533,-0.23838680487083555,0.04112708133575453,0.8916766528894697,-0.06115254518935117
2025-10-27 10:00:00+00:00,-0.2773382770577747,-0.2732436280152354,0.04059379541922838,-0.23838680487083555,0.04112708133575453,0.8793550101270172,-0.06979893575615577
2025-10-27 11:00:00+00:00,-0.24976730677824874,-0.2703754868487812,0.11095537552855429,-0.23869013885158163,0.0868126904993268,0.8488176903658381,-0.06559926502399796
2025-10-27 12:00:00+00:00,-0.21574948192507212,-0.2677678609651661,0.1587484697354834,-0.23911971466969711,0.13214636152599488,0.834876887047434,-0.054199988806689026
2025-10-27 13:00:00+00:00,-0.15620014962125317,-0.2677678609651661,0.23442164093173046,-0.23911971466969711,0.13214636152599488,0.8254411657440479,-0.054199988806689026
2025-10-27 14:00:00+00:00,-0.08561668154840918,-0.2334062362128031,0.3369305002672561,-0.2137300487032131,0.18949517641413707,0.8163599661355786,-0.038548552674893904
2025-10-27 15:00:00+00:00,-0.04031006276178717,-0.19964758400733823,0.4213741383379552,-0.18845235029036317,0.2412344691391421,0.8076998767843465,-0.023015652647090653
2025-10-27 16:00:00+00:00,-0.09098931351243283,-0.2598985292067664,0.35158284489932357,-0.21090564787411545,0.17632354988887913,0.8071938021672874,-0.05017254210360999
2025-10-27 17:00:00+00:00,-0.14140888837292465,-0.28752661208618147,0.3000087583979904,-0.21090564787411545,0.11777926492970503,0.8037046344285614,-0.07675130439634804
2025-10-27 18:00:00+00:00,-0.18934861536841943,-0.28752661208618147,0.21950308499995694,-0.23045474400815974,0.0642042541127962,0.8037046344285614,-0.07675130439634804
2025-10-27 19:00:00+00:00,-0.21601386986853152,-0.28752661208618147,0.11661841705978729,-0.23045474400815974,0.014590332545956066,0.8037046344285614,-0.07675130439634804
2025-10-27 20:00:00+00:00,-0.2343200284256833,-0.3096567218390764,0.03630949687474291,-0.25619486557416005,-0.03282880100696343,0.8074346753165986,-0.09072289220733762
2025-10-27 21:00:00+00:00,-0.259250274275412,-0.3312780025490657,-0.013790486846720846,-0.28129795987824113,-0.09713702131489771,0.810931321422194,-0.11580135853206926
2025-10-27 22:00:00+00:00,-0.26210944755778415,-0.3312780025490657,-0.04109266177125248,-0.2787197948272568,-0.12029435956282877,0.810931321422194,-0.11025691551467752
2025-10-27 23:00:00+00:00,-0.26210944755778415,-0.3312780025490657,-0.0702025524509838,-0.2688977603829431,-0.14501683066358392,0.810931321422194,-0.07540308567079969
2025-10-28 00:00:00+00:00,-0.26210944755778415,-0.3312780025490657,-0.0812288814603424,-0.240060756252834,-0.14501683066358392,0.8105957149893813,-0.06877861370094229
2025-10-28 01:00:00+00:00,-0.2683133157815803,-0.3576524591282394,-0.1035913632456065,-0.2136496791022585,-0.12029435956282877,0.8141034470203956,-0.06877861370094229
2025-10-28 02:00:00+00:00,-0.2695707248101104,-0.3576524591282394,-0.1035913632456065,-0.21048470148687662,-0.12024527240073465,0.8109136484332514,-0.06877861370094229
2025-10-28 03:00:00+00:00,-0.27087631715405697,-0.3576524591282394,-0.10377577523542827,-0.20784600655819813,-0.12024527240073465,0.8085687628314441,-0.06885671175553361
2025-10-28 04:00:00+00:00,-0.2743500282496338,-0.3576524591282394,-0.10323527882645464,-0.20565305926631183,-0.12024527240073465,0.8065382762520357,-0.06845473669824129
2025-10-28 05:00:00+00:00,-0.2758295727227829,-0.3576524591282394,-0.10077204463868868,-0.20565305926631183,-0.12024527240073465,0.8048198260617726,-0.06957324556565937
2025-10-28 06:00:00+00:00,-0.2801429554282196,-0.35947294420777276,-0.09081599423808126,-0.20660049590760501,-0.11996971561020563,0.7971004327894353,-0.07416314204551816
2025-10-28 07:00:00+00:00,-0.24125919123807926,-0.3460792161174266,-0.05271381783641204,-0.19763401256034718,-0.11972814580161278,0.8100938452354258,-0.05948894546632652
2025-10-28 08:00:00+00:00,-0.20582462092054815,-0.32756118557958536,-0.03925788708928055,-0.19763401256034718,-0.14250917153970116,0.8075229404680189,-0.05948894546632652
2025-10-28 09:00:00+00:00,-0.17503391581321168,-0.32756118557958536,-0.0009292319989824306,-0.19763401256034718,-0.1132441751064152,0.8062519799279256,-0.05948894546632652
2025-10-28 10:00:00+00:00,-0.15944180697641616,-0.32756118557958536,0.04987083324200825,-0.19763401256034718,-0.1132441751064152,0.8065262246329573,-0.06586459056440001
2025-10-28 11:00:00+00:00,-0.137638990829906,-0.3267503552113273,0.08801204919237425,-0.18695933360172853,-0.1119290721099407,0.8230387032070607,-0.073946439586464
2025-10-28 12:00:00+00:00,-0.10674043076863353,-0.3261084519404106,0.12363243894584174,-0.1766946113858288,-0.06292496484675997,0.8480220066677295,-0.08158446845861672
2025-10-28 13:00:00+00:00,-0.056201411780244896,-0.3012618694656452,0.16393982691108921,-0.13756592998423636,-0.01739621250747124,0.8596428931812455,-0.08158446845861672
2025-10-28 14:00:00+00:00,-0.016703746571103153,-0.3012618694656452,0.2070007125614017,-0.13756592998423636,0.02623055151810138,0.8765785336629883,-0.08158446845861672
2025-10-28 15:00:00+00:00,0.03166060517699533,-0.3012618694656452,0.22983003968720184,-0.1173147452324676,0.02623055151810138,0.8922445513807236,-0.08158446845861672
2025-10-28 16:00:00+00:00,0.004370617310896026,-0.3289817325053259,0.16430726676591675,-0.1173147452324676,-0.014163678457117588,0.894279849282295,-0.09213331360717875
2025-10-28 17:00:00+00:00,-0.02260046395577471,-0.3289817325053259,0.12098455881792819,-0.1173147452324676,-0.05317546412040531,0.8967232224001519,-0.09213331360717875
2025-10-28 18:00:00+00:00,-0.057881100818021676,-0.3486314392955276,0.07975314727395594,-0.13448932642312358,-0.13335613120193082,0.8967232224001519,-0.09213331360717875
2025-10-28 19:00:00+00:00,-0.08360769550867857,-0.3486314392955276,0.040308667745412495,-0.15132095757134206,-0.17069186410048567,0.8967232224001519,-0.09213331360717875
2025-10-28 20:00:00+00:00,-0.09984348585787518,-0.3486314392955276,0.021280622577298836,-0.16631623475024074,-0.17069186410048567,0.8967232224001519,-0.10196067372803931
2025-10-28 21:00:00+00:00,-0.09206963520562281,-0.3486314392955276,-0.016443688049408683,-0.18083401725460216,-0.13335613120193082,0.9079257454292164,-0.11161804956811813
2025-10-28 22:00:00+00:00,-0.0992324481102911,-0.3486314392955276,-0.04338016933049011,-0.18083401725460216,-0.17473947417964175,0.9079257454292164,-0.11161804956811813
2025-10-28 23:00:00+00:00,-0.10350579064696883,-0.3288651894068227,-0.06292820427408906,-0.1891759354903385,-0.17473947417964175,0.9079257454292164,-0.09358874488018629
2025-10-29 00:00:00+00:00,-0.10847461671173257,-0.3288651894068227,-0.08541859137241344,-0.20104392070272098,-0.20100349345410193,0.9079257454292164,-0.09358874488018629
2025-10-29 01:00:00+00:00,-0.11892807426727922,-0.3288651894068227,-0.11062921005911042,-0.21342512479097486,-0.20100349345410193,0.9079257454292164,-0.09358874488018629
2025-10-29 02:00:00+00:00,-0.12175584264559156,-0.3288651894068227,-0.11251269120577043,-0.21342512479097486,-0.20100349345410193,0.9079257454292164,-0.09438317590541882
2025-10-29 03:00:00+00:00,-0.1240300125371174,-0.3288651894068227,-0.1194098922123488,-0.21679009924422524,-0.20100349345410193,0.9079257454292164,-0.0938685499115012
2025-10-29 04:00:00+00:00,-0.12657890589371285,-0.3288651894068227,-0.12329123065406775,-0.22040727387762968,-0.20100349345410193,0.9079257454292164,-0.09337623439516851
2025-10-29 05:00:00+00:00,-0.12810837048516438,-0.3240933260945495,-0.12353568250171279,-0.22430572670796156,-0.20100349345410193,0.9071889247781852,-0.09325305462217912
2025-10-29 06:00:00+00:00,-0.13605725391877466,-0.32869993809032627,-0.11537995238716846,-0.22809200733033816,-0.21177010529830442,0.9085150818107647,-0.09571399499769037
2025-10-29 07:00:00+00:00,-0.11878936596348362,-0.32869993809032627,-0.08730173271741655,-0.22809200733033816,-0.18621619879056425,0.9085150818107647,-0.1018124980188757
2025-10-29 08:00:00+00:00,-0.10663289443396208,-0.32869993809032627,-0.06024962016526159,-0.21555115314454537,-0.16147982901995073,0.9087070365074602,-0.1018124980188757
2025-10-29 09:00:00+00:00,-0.09014718350322583,-0.32869993809032627,-0.047431755269321245,-0.20332526858300148,-0.1374410130801885,0.9091620583472273,-0.1018124980188757
2025-10-29 10:00:00+00:00,-0.08039000011844108,-0.32869993809032627,-0.02209081400448822,-0.19330029567575008,-0.11994528744125404,0.9098647870952676,-0.09627660965954837
2025-10-29 11:00:00+00:00,-0.050031291032935105,-0.32869993809032627,0.0036902461009287774,-0.17357029765914972,-0.15900038768100236,0.919830383992181,-0.09627660965954837
2025-10-29 12:00:00+00:00,-0.019013768996514573,-0.3516710579851667,0.05473841775927969,-0.1538437107784558,-0.11399383336776589,0.9220687026855989,-0.11757272260911728
2025-10-29 13:00:00+00:00,0.001677785043496999,-0.3516710579851667,0.10156663687759904,-0.1341081860254016,-0.11399383336776589,0.917283540261017,-0.11757272260911728
2025-10-29 14:00:00+00:00,0.01189616938839246,-0.3817266680768065,0.14515858344857513,-0.1341081860254016,-0.11399383336776589,0.9133866035908502,-0.1287666656216516
2025-10-29 15:00:00+00:00,0.04231304556144411,-0.4122638628935486,0.19129193966131064,-0.1341081860254016,-0.11399383336776589,0.910265847032127,-0.15097134769565856
2025-10-29 16:00:00+00:00,0.0226700523874373,-0.4122638628935486,0.14554692626398053,-0.1341081860254016,-0.11399383336776589,0.9121135052075399,-0.13157336613550877
2025-10-29 17:00:00+00:00,-0.006307135062753324,-0.4122638628935486,0.10034193359353008,-0.17109196668671228,-0.11399383336776589,0.9121135052075399,-0.13157336613550877
2025-10-29 18:00:00+00:00,-0.02516335475055499,-0.42859126295476396,0.05404761293354478,-0.18670645632658964,-0.11399383336776589,0.9121135052075399,-0.1219240120757999
2025-10-29 19:00:00+00:00,-0.04363895088206413,-0.4445594389336507,0.03170194918349632,-0.2018794461527097,-0.11399383336776589,0.9121135052075399,-0.11215117937454837
2025-10-29 20:00:00+00:00,-0.052679712606992356,-0.4445594389336507,0.03170194918349632,-0.2147321066970737,-0.07276288927774684,0.9028935840934901,-0.12154934073026612
2025-10-29 21:00:00+00:00,-0.03876381704083412,-0.4275546792125448,0.010751911238093787,-0.2009934237452899,-0.05876139497225817,0.9010315261239954,-0.10257400873274308
2025-10-29 22:00:00+00:00,-0.03876381704083412,-0.4275546792125448,-0.010071781626668191,-0.2009934237452899,-0.05876139497225817,0.9010315261239954,-0.10257400873274308
2025-10-29 23:00:00+00:00,-0.05349880711120348,-0.4275546792125448,-0.010071781626668191,-0.2009934237452899,-0.05876139497225817,0.9010315261239954,-0.11632261981483756
2025-10-30 00:00:00+00:00,-0.08097279664295717,-0.4013589997884824,-0.020980656662660566,-0.2009934237452899,-0.08363024281873484,0.9005137183185378,-0.12332176489968896
2025-10-30 01:00:00+00:00,-0.09890654356718126,-0.4013589997884824,-0.043335966933596606,-0.21394183367150865,-0.11110427082436651,0.9002207010733446,-0.11632261981483756
2025-10-30 02:00:00+00:00,-0.1011403217290552,-0.3899075746058619,-0.045585730249294666,-0.21814109667901646,-0.10643849086025309,0.9002207010733446,-0.11632261981483756
2025-10-30 03:00:00+00:00,-0.10438572747756161,-0.3899075746058619,-0.04648758783289208,-0.22265850007287877,-0.10643849086025309,0.9015937146868067,-0.11632261981483756
2025-10-30 04:00:00+00:00,-0.10808709488180097,-0.3899075746058619,-0.04778149695548737,-0.22265850007287877,-0.10643849086025309,0.9031309019198402,-0.11943758537683229
2025-10-30 05:00:00+00:00,-0.1123518937606773,-0.3899075746058619,-0.048109470316666764,-0.22265850007287877,-0.10643849086025309,0.9048345462824425,-0.12137260423740338
2025-10-30 06:00:00+00:00,-0.10736967283604759,-0.3899075746058619,-0.022120561624705257,-0.2296391564912158,-0.08246763782740826,0.9157989176070852,-0.10888673141634196
2025-10-30 07:00:00+00:00,-0.12771577516794363,-0.3899075746058619,0.004084734384124633,-0.21854673717145529,-0.058957526419195355,0.9191497018469589,-0.10888673141634196
2025-10-30 08:00:00+00:00,-0.12771577516794363,-0.3899075746058619,0.02853926493264631,-0.20764299744875792,-0.013676179742709396,0.922654733355248,-0.10888673141634196
2025-10-30 09:00:00+00:00,-0.13464207224830702,-0.3899075746058619,0.04014619410378491,-0.19691622555584357,-0.013676179742709396,0.9263098010662685,-0.11572798407216206
2025-10-30 10:00:00+00:00,-0.12230847667213243,-0.3899075746058619,0.04014619410378491,-0.19691622555584357,-0.013676179742709396,0.9266518933128487,-0.10966317490016987
2025-10-30 11:00:00+00:00,-0.09741886678934823,-0.4106624749975782,0.06395064194748432,-0.19691622555584357,0.033563769364087184,0.9322349201544444,-0.0977184997581322
2025-10-30 12:00:00+00:00,-0.08475094915525727,-0.4106624749975782,0.12977421543023276,-0.2150755987198982,0.033563769364087184,0.9379735518297604,-0.08578822772766435
2025-10-30 13:00:00+00:00,-0.08475094915525727,-0.4106624749975782,0.16892292744572654,-0.2150755987198982,0.033563769364087184,0.93701600219937,-0.08578822772766435
2025-10-30 14:00:00+00:00,-0.07151989854608115,-0.4106624749975782,0.21056940538311045,-0.23316935224773486,0.033563769364087184,0.9303161818881642,-0.08578822772766435
2025-10-30 15:00:00+00:00,-0.05873974548639315,-0.4311374955670795,0.23535390940998852,-0.23316935224773486,0.0805125454244219,0.9249962178400973,-0.08578822772766435
2025-10-30 16:00:00+00:00,-0.07070227110761106,-0.40871633183164063,0.23535390940998852,-0.2500017642925664,0.0805125454244219,0.9240365542968441,-0.07441476958448517
2025-10-30 17:00:00+00:00,-0.08258038255544145,-0.40871633183164063,0.21143878132705113,-0.26669311168530163,0.0805125454244219,0.9234200649819121,-0.08548326972108933
2025-10-30 18:00:00+00:00,-0.0940171528561707,-0.40871633183164063,0.16344808854559836,-0.28087008112912926,0.1269586058554602,0.9167930513751529,-0.07441476958448517
2025-10-30 19:00:00+00:00,-0.10529841164129562,-0.40871633183164063,0.11859388841126443,-0.3059760287363182,0.1269586058554602,0.9102606565767071,-0.07441476958448517
2025-10-30 20:00:00+00:00,-0.10529841164129562,-0.40871633183164063,0.05694761769644481,-0.3169133602418537,0.0805125454244219,0.9038285093942654,-0.06342107581508695
2025-10-30 21:00:00+00:00,-0.0920285810168022,-0.3916006432958696,0.030012507817934207,-0.3072903517082256,0.04716775613705449,0.9014729960758046,-0.04248442906803416
2025-10-30 22:00:00+00:00,-0.0920285810168022,-0.3916006432958696,0.019870028021419562,-0.312358075880126,0.04716775613705449,0.9014729960758046,-0.04835919198494896
2025-10-30 23:00:00+00:00,-0.10477670373152226,-0.3916006432958696,0.010067340828212005,-0.312358075880126,0.04716775613705449,0.9014729960758046,-0.062027308365182734
2025-10-31 00:00:00+00:00,-0.12795496777571352,-0.3916006432958696,-0.010468478451805943,-0.312358075880126,0.04716775613705449,0.9035653027479185,-0.05499549148807729
2025-10-31 01:00:00+00:00,-0.13672249752017657,-0.3916006432958696,-0.021506723302111664,-0.312358075880126,0.04716775613705449,0.9035653027479185,-0.05499549148807729
2025-10-31 02:00:00+00:00,-0.139235019643481,-0.3916006432958696,-0.02213133340690294,-0.3177951140568353,0.04716775613705449,0.9077864233819093,-0.05499549148807729
2025-10-31 03:00:00+00:00,-0.141261286739232,-0.3916006432958696,-0.02252850868144953,-0.3177951140568353,0.05000000000001346,0.9077864233819093,-0.05499549148807729
2025-10-31 04:00:00+00:00,-0.14339259949894648,-0.3916006432958696,-0.02252850868144953,-0.3177951140568353,0.05000000000001346,0.9122134370335766,-0.05499549148807729
2025-10-31 05:00:00+00:00,-0.14339259949894648,-0.3916006432958696,-0.02252850868144953,-0.3177951140568353,0.050032583907023476,0.9122134370335766,-0.05499549148807729
2025-10-31 06:00:00+00:00,-0.14339259949894648,-0.3916006432958696,-0.011328823680742138,-0.31058825099471654,0.050032583907023476,0.9122134370335766,-0.04887537711716247
2025-10-31 07:00:00+00:00,-0.1684303842132213,-0.3916006432958696,0.0,-0.3012446827118353,0.050032583907023476,0.9122134370335766,-0.04244535992405158
2025-10-31 08:00:00+00:00,-0.19084748944539615,-0.3916006432958696,0.021955607643718723,-0.3012446827118353,0.050032583907023476,0.9059869640952781,-0.04244535992405158
2025-10-31 09:00:00+00:00,-0.20523568127252692,-0.3916006432958696,0.021955607643718723,-0.3012446827118353,0.050032583907023476,0.9059869640952781,-0.04244535992405158
2025-10-31 10:00:00+00:00,-0.21004884312761302,-0.3916006432958696,0.010783277320345534,-0.3084225888956727,0.07519607876600454,0.9059869640952781,-0.04851455734096511
2025-10-31 11:00:00+00:00,-0.24397077515636637,-0.41256715506765723,0.010783277320345534,-0.3084225888956727,0.1893506232802141,0.9059869640952781,-0.04851455734096511
2025-10-31 12:00:00+00:00,-0.2800174164436114,-0.4267975325949566,-0.010722409238612176,-0.3084225888956727,0.1893506232802141,0.9059869640952781,-0.0365162459999823
2025-10-31 13:00:00+00:00,-0.3299059550097815,-0.4267975325949566,-0.03236551672896957,-0.3084225888956727,0.2451381971527076,0.9059869640952781,-0.04869396463673333
2025-10-31 14:00:00+00:00,-0.3796751536876653,-0.4267975325949566,-0.05429252897979878,-0.3084225888956727,0.2451381971527076,0.9059869640952781,-0.06087920422870114
2025-10-31 15:00:00+00:00,-0.4295291001559301,-0.4267975325949566,-0.05429252897979878,-0.3084225888956727,0.2451381971527076,0.9059869640952781,-0.06087920422870114
2025-10-31 16:00:00+00:00,-0.3773384692937145,-0.4047353674234782,-0.03241270827295797,-0.3084225888956727,0.2451381971527076,0.9059869640952781,-0.06087920422870114
2025-10-31 17:00:00+00:00,-0.3162936399402079,-0.3825508824525023,-0.03241270827295797,-0.29270602610497415,0.17925163190610346,0.9059869640952781,-0.06087920422870114
2025-10-31 18:00:00+00:00,-0.2830341198947606,-0.36591057276854194,-0.03241270827295797,-0.29270602610497415,0.12134218714188383,0.9059869640952781,-0.0725056778406908
2025-10-31 19:00:00+00:00,-0.2614688353669721,-0.34881081505739703,-0.03241270827295797,-0.313445179418377,0.021170244961003865,0.9059869640952781,-0.08396956654704636
2025-10-31 20:00:00+00:00,-0.24026753884185362,-0.32314005852701133,-0.04291313187796848,-0.2961619759857527,-0.05374172320447394,0.9077886970629028,-0.0638236150270078
2025-10-31 21:00:00+00:00,-0.24026753884185362,-0.31782769052455384,-0.0319993856179539,-0.298098740615333,-0.0861268593351782,0.9077886970629028,-0.0638236150270078
2025-10-31 22:00:00+00:00,-0.24026753884185362,-0.31782769052455384,-0.009623247049639279,-0.303598650303267,-0.1054787247109031,0.9077886970629028,-0.06978781493293426
2025-10-31 23:00:00+00:00,-0.23284419227428832,-0.3010044539409245,-0.009623247049639279,-0.3126823774634601,-0.1253026038820416,0.9077886970629028,-0.07681309078024559
2025-11-01 00:00:00+00:00,-0.2152117269687429,-0.3238820953165505,-0.009623247049639279,-0.34696161157238653,-0.14566362396980864,0.9077886970629028,-0.07681309078024559
2025-11-01 01:00:00+00:00,-0.2062095362245988,-0.3238820953165505,0.022289836376042173,-0.3690740499456767,-0.166634991068614,0.9029812692552253,-0.07681309078024559
2025-11-01 02:00:00+00:00,-0.2062095362245988,-0.3238820953165505,0.021936684773185007,-0.3756246803370309,-0.17872222907053573,0.9046244669741634,-0.07416012082049647
2025-11-01 03:00:00+00:00,-0.20113950400400463,-0.3238820953165505,0.021686117410291892,-0.3827314865984767,-0.17868924865928593,0.9022125060817999,-0.07416012082049647
2025-11-01 04:00:00+00:00,-0.1964665286079166,-0.3238820953165505,0.021430121183349204,-0.3989973631621173,-0.17923243766335717,0.8999599168002674,-0.07505640732206119
2025-11-01 05:00:00+00:00,-0.19214313274985773,-0.3238820953165505,0.021408544493677163,-0.4081206215463415,-0.18035147422791908,0.8978634916283216,-0.07505640732206119
2025-11-01 06:00:00+00:00,-0.17905328618180463,-0.32250738071746876,0.018406813254410462,-0.3942466192269906,-0.17739371879677004,0.9026902148912931,-0.0847908870957979
2025-11-01 07:00:00+00:00,-0.1952453978805453,-0.3399556198020872,0.0,-0.3942466192269906,-0.155230105141306,0.8973523360471448,-0.0847908870957979
2025-11-01 08:00:00+00:00,-0.234380428999594,-0.35794731632287824,-0.009489870225015726,-0.3819128827039062,-0.10954451150106055,0.8933148177639813,-0.0847908870957979
2025-11-01 09:00:00+00:00,-0.2575669419735519,-0.3765348901360506,-0.03790830645415558,-0.36986501619954343,-0.09024035946057665,0.8904056300198047,-0.0847908870957979
2025-11-01 10:00:00+00:00,-0.2841448646265333,-0.3765348901360506,-0.055446329670727414,-0.36986501619954343,-0.07372097807746703,0.8775602636250112,-0.0847908870957979
2025-11-01 11:00:00+00:00,-0.32685155311392927,-0.36911349026340085,-0.0798041568124426,-0.3619141082343167,-0.07178777196342517,0.8686304704296057,-0.10159970739382068
2025-11-01 12:00:00+00:00,-0.37219336906692707,-0.3890121949629901,-0.14784248775174594,-0.33729500852296834,-0.06982614160296909,0.8629665617035074,-0.1133510022824815
2025-11-01 13:00:00+00:00,-0.4472270551436177,-0.41615145554485633,-0.23223035436394648,-0.3182838776803969,-0.06982614160296909,0.8626828198851098,-0.12613139162792497
2025-11-01 14:00:00+00:00,-0.5345976880687376,-0.4430863933120859,-0.29490329456636266,-0.28260081290759903,-0.10645244846678746,0.8609811247706841,-0.12613139162792497
2025-11-01 15:00:00+00:00,-0.6066679929615303,-0.41615145554485633,-0.31330802875350555,-0.2634963061268863,-0.10645244846678746,0.8597383601595695,-0.12613139162792497
2025-11-01 16:00:00+00:00,-0.5532720536001121,-0.41615145554485633,-0.2737017445504708,-0.2634963061268863,-0.10645244846678746,0.8597383601595695,-0.12613139162792497
2025-11-01 17:00:00+00:00,-0.49927429832284786,-0.3921963187152956,-0.2387066798973938,-0.2634963061268863,-0.1414601360702062,0.8597383601595695,-0.11476157605635445
2025-11-01 18:00:00+00:00,-0.46677176771327816,-0.37564543510741705,-0.20671123333820435,-0.2466131669958073,-0.24320563858074107,0.8655104002259928,-0.12613139162792497
2025-11-01 19:00:00+00:00,-0.4425528965176683,-0.3451957724478095,-0.15483048979701156,-0.22155378662159547,-0.27548828158680844,0.8686522847062349,-0.11171735379192395
2025-11-01 20:00:00+00:00,-0.4087359312536591,-0.3149976631578199,-0.10594102165490596,-0.1944452756645304,-0.30932355733596445,0.8723704865280609,-0.10222025039992894
2025-11-01 21:00:00+00:00,-0.3988880332560695,-0.3149976631578199,-0.09591850389284749,-0.18914649749739323,-0.33285980723233555,0.8723704865280609,-0.10222025039992894
2025-11-01 22:00:00+00:00,-0.39597504013703144,-0.3149976631578199,-0.07389829458817884,-0.18914649749739323,-0.34840677840286044,0.8723704865280609,-0.10222025039992894
2025-11-01 23:00:00+00:00,-0.39597504013703144,-0.33407655239072814,-0.07389829458817884,-0.1997898055119063,-0.3727074092958679,0.8723704865280609,-0.10222025039992894
2025-11-02 00:00:00+00:00,-0.3901351026099279,-0.33407655239072814,-0.061281688911332906,-0.22771001702133256,-0.39845138398837,0.869270028232389,-0.11780821235496135
2025-11-02 01:00:00+00:00,-0.3901351026099279,-0.33407655239072814,-0.07389829458817884,-0.25792274980954827,-0.4486594671928641,0.866244712614162,-0.12570314354711654
2025-11-02 02:00:00+00:00,-0.3901351026099279,-0.33407655239072814,-0.07428382773628149,-0.26764096444610613,-0.4490105767813799,0.866244712614162,-0.1271080744288844
2025-11-02 03:00:00+00:00,-0.3868071904978867,-0.33407655239072814,-0.07428382773628149,-0.2788339708569917,-0.4514916434538603,0.871361886469858,-0.1271080744288844
2025-11-02 04:00:00+00:00,-0.38364846824437576,-0.33407655239072814,-0.07428382773628149,-0.2918885143607272,-0.4665037561770351,0.8686214786640938,-0.12857149217053368
2025-11-02 05:00:00+00:00,-0.38364846824437576,-0.33407655239072814,-0.07428382773628149,-0.3073504281991504,-0.4583143538228155,0.8662447126141617,-0.1301614137042016
2025-11-02 06:00:00+00:00,-0.38227101409964415,-0.3367374192762889,-0.08823396830951492,-0.29803103128055697,-0.43764940905406413,0.8685245481744249,-0.13209847200828478
2025-11-02 07:00:00+00:00,-0.38227101409964415,-0.35960741369576493,-0.10308759909651433,-0.28154793874327555,-0.3959281288906416,0.8831053052514204,-0.12377823098481273
2025-11-02 08:00:00+00:00,-0.38227101409964415,-0.3835507761526157,-0.12037559581703644,-0.2654859031030332,-0.35602559274268664,0.8955473116953481,-0.11565919550415135
2025-11-02 09:00:00+00:00,-0.38227101409964415,-0.3835507761526157,-0.10597256571644714,-0.24981193512069555,-0.3410491911352653,0.9021931328141167,-0.1081217810530997
2025-11-02 10:00:00+00:00,-0.3764811082958196,-0.3835507761526157,-0.09316239171620155,-0.22915496354382925,-0.32600956491732747,0.9070363477590316,-0.09438879012016255
2025-11-02 11:00:00+00:00,-0.35703510594435617,-0.36148395401469163,-0.08142025324887368,-0.20781698008532615,-0.30019069388940317,0.9307378504287034,-0.08431891034960093
2025-11-02 12:00:00+00:00,-0.34759022323042854,-0.31090827334577,-0.06895458432463082,-0.18489419863205472,-0.2722498522564989,0.9442623483681629,-0.06611436342161753
2025-11-02 13:00:00+00:00,-0.3091360139871963,-0.31090827334577,-0.09745563239222166,-0.15688692398077708,-0.23568452747636703,0.4017149656624333,-0.0377283941519955
2025-11-02 14:00:00+00:00,-0.2713449269239232,-0.31090827334577,-0.12644837918430576,-0.1284995627238586,-0.23568452747636703,0.40695035661688,-0.009422170756782845
2025-11-02 15:00:00+00:00,-0.25955034293124524,-0.31090827334577,-0.15597802204025984,-0.09969031505824301,-0.23568452747636703,0.41218736936725436,0.018830197293943692
2025-11-02 16:00:00+00:00,-0.29164244350057367,-0.272014975310562,-0.1811287593721137,-0.1289397284012937,-0.27673616919308897,0.4075922954482453,0.005552023545392362
2025-11-02 17:00:00+00:00,-0.32354497970585827,-0.272014975310562,-0.1811287593721137,-0.15879127139956645,-0.27673616919308897,0.4075922954482453,0.005552023545392362
2025-11-02 18:00:00+00:00,-0.3630871808579186,-0.24036289415762982,-0.15830690516068377,-0.15879127139956645,-0.27673616919308897,0.4053191682556654,0.005552023545392362
2025-11-02 19:00:00+00:00,-0.40338752881498646,-0.20767384188444682,-0.13450086004013145,-0.13581363544809916,-0.2427610561296047,0.4030445847258683,-0.007618002811182985
2025-11-02 20:00:00+00:00,-0.44037480968532083,-0.2273725790448576,-0.16200531104380572,-0.1559335800798508,-0.25915398704598824,0.4000497926792615,-0.027704798217997394
2025-11-02 21:00:00+00:00,-0.43718477541402206,-0.2273725790448576,-0.17061763425773604,-0.14895617307171435,-0.24555058376536137,0.4000497926792615,-0.027704798217997394
2025-11-02 22:00:00+00:00,-0.43925197815367695,-0.21453462331839857,-0.18159881986546317,-0.14895617307171435,-0.24555058376536137,0.4000497926792615,-0.02165188627980176
2025-11-02 23:00:00+00:00,-0.4489246412679297,-0.23426857152061104,-0.20618811937239254,-0.14895617307171435,-0.24555058376536137,0.4000497926792615,-0.02165188627980176
2025-11-03 00:00:00+00:00,-0.45407086695036886,-0.23426857152061104,-0.23807873772277563,-0.10903019658959628,-0.24555058376536137,0.4000497926792615,-0.015307175553383966
2025-11-03 01:00:00+00:00,-0.45407086695036886,-0.23426857152061104,-0.2821748045657026,-0.07542660347189016,-0.24555058376536137,0.4010315370031983,-0.028103568442560057
2025-11-03 02:00:00+00:00,-0.45407086695036886,-0.24238859089201636,-0.2890643845495725,-0.0733355501154568,-0.24555058376536137,0.40050030729524233,-0.02780973076032725
2025-11-03 03:00:00+00:00,-0.4566873243875264,-0.24238859089201636,-0.2990251527685471,-0.07176422027631107,-0.2440980220739509,0.40026256936028987,-0.02780973076032725
2025-11-03 04:00:00+00:00,-0.4594230354174821,-0.24238859089201636,-0.3111352423792429,-0.06892207936275878,-0.24287111413077347,0.4000261066576102,-0.02780973076032725
2025-11-03 05:00:00+00:00,-0.46228404239545673,-0.24238859089201636,-0.31068330731574656,-0.06893135660683966,-0.24185274241380733,0.3997909148653741,-0.027276296363147132
2025-11-03 06:00:00+00:00,-0.456082773781103,-0.256764816884138,-0.26946839604070083,-0.06547486773854459,-0.26519754111788874,0.39296181747330744,-0.012271168768913338
2025-11-03 07:00:00+00:00,-0.4137332341704021,-0.256764816884138,-0.2451858912512291,-0.052571384913978836,-0.26519754111788874,0.388719350822978,-0.0047753739326353
2025-11-03 08:00:00+00:00,-0.37329004926046,-0.22985481354169413,-0.19716831975405869,-0.052571384913978836,-0.26519754111788874,0.3859485721676256,0.0025808564367160347
2025-11-03 09:00:00+00:00,-0.34695444522769997,-0.22985481354169413,-0.14778545465219353,-0.052571384913978836,-0.26519754111788874,0.38318318811753044,0.009842008946360272
2025-11-03 10:00:00+00:00,-0.3237055245090583,-0.22985481354169413,-0.08684200770295436,-0.04031182429273614,-0.2480040551886945,0.37911815132601817,0.024238512730530445
2025-11-03 11:00:00+00:00,-0.2882528462663746,-0.20369625315932383,-0.014510347918789688,-0.03788094058329244,-0.22369749041167739,0.3659561091029659,0.06392708558030542
2025-11-03 12:00:00+00:00,-0.2456480342911483,-0.17910424667329325,0.08067490392426484,-0.03555961951098471,-0.2009152202374019,0.3561512673537513,0.09411421268829924
2025-11-03 13:00:00+00:00,-0.17918787036272235,-0.17910424667329325,0.21067617671723474,-0.03555961951098471,-0.12717413634370722,0.3488960843925648,0.13371768599837314
2025-11-03 14:00:00+00:00,-0.11038230115991805,-0.14125840958024713,0.32774767300295105,-0.012627822382404952,-0.019060196896365282,0.34410553426058416,0.15952109441769272
2025-11-03 15:00:00+00:00,-0.03731002013134504,-0.1349401507919552,0.41343775843211494,0.021682738302537696,-0.036309163467359545,0.330503402042041,0.17133851538552589
2025-11-03 16:00:00+00:00,-0.0960704663798775,-0.1349401507919552,0.3117135904826911,0.0,-0.10892749040207862,0.330503402042041,0.13179144859583555
2025-11-03 17:00:00+00:00,-0.15599726272229467,-0.1349401507919552,0.261683512796637,-0.021414270433176837,-0.14321532462097739,0.330503402042041,0.10557835265114202
2025-11-03 18:00:00+00:00,-0.20550161968250105,-0.1349401507919552,0.17615695452345959,-0.04258131202246239,-0.14321532462097739,0.330503402042041,0.09252680409992159
2025-11-03 19:00:00+00:00,-0.2229302565033788,-0.1541509682766895,0.0901414888297588,-0.07241067394004036,-0.1578361428429387,0.329370931174944,0.057476671185684655
2025-11-03 20:00:00+00:00,-0.23101729322562986,-0.19152815270567242,0.02520096125059995,-0.10006255865493945,-0.17208016883177626,0.3304996713155509,-0.0032455354403660543
2025-11-03 21:00:00+00:00,-0.2265354292375921,-0.19152815270567242,-0.01378145603194188,-0.10706970133082895,-0.15764458921223712,0.3314288379306046,-0.018615376050924073
2025-11-03 22:00:00+00:00,-0.22408604815890323,-0.17752025922723308,-0.04154568571111724,-0.11486684863511208,-0.15764458921223712,0.33235802999834435,-0.02372552360688846
2025-11-03 23:00:00+00:00,-0.23164392837134745,-0.17752025922723308,-0.05123094214555266,-0.11486684863511208,-0.17738979878892186,0.333287254175554,-0.02372552360688846
2025-11-04 00:00:00+00:00,-0.2416480954307878,-0.15207476616873972,-0.06167657591946768,-0.10418783485294429,-0.17738979878892186,0.3360751856637775,-0.013081492076290342
2025-11-04 01:00:00+00:00,-0.26504289341333837,-0.16808885886566358,-0.0759077191001027,-0.11313918017925452,-0.16155793605540827,0.3346422793161802,-0.03260247883279241
2025-11-04 02:00:00+00:00,-0.2682914174500668,-0.16808885886566358,-0.0759077191001027,-0.1119076795111828,-0.15597004208914203,0.3344980778401153,-0.03260247883279241
2025-11-04 03:00:00+00:00,-0.2742640771112797,-0.16808885886566358,-0.0759077191001027,-0.11074288595882056,-0.1574427240523456,0.3342554036778114,-0.032861423884085875
2025-11-04 04:00:00+00:00,-0.2807850419834146,-0.16164211150841806,-0.07764776937860242,-0.10964000868585684,-0.15606808032984548,0.3339625681483702,-0.0330419813217739
2025-11-04 05:00:00+00:00,-0.2848950918472333,-0.16164211150841806,-0.07795397278282265,-0.10859473568349808,-0.15809428575778636,0.333678224831924,-0.0330419813217739
2025-11-04 06:00:00+00:00,-0.2896079260153174,-0.17501825480890557,-0.050030444450054105,-0.11622285907109352,-0.15751642932818705,0.3281781022252535,-0.021008498014831022
2025-11-04 07:00:00+00:00,-0.2522391613682884,-0.17501825480890557,-0.01948744096572274,-0.11622285907109352,-0.17880439857082928,0.324697231482455,-0.021008498014831022
2025-11-04 08:00:00+00:00,-0.22179518383183258,-0.15440929116920266,0.009273049765885518,-0.11622285907109352,-0.17880439857082928,0.3201514065728219,-0.010327771986754232
2025-11-04 09:00:00+00:00,-0.19819535555015486,-0.15440929116920266,0.036362196429140424,-0.11622285907109352,-0.15751642932818705,0.3154584444480393,0.0
2025-11-04 10:00:00+00:00,-0.18182073400418208,-0.15440929116920266,0.06404031539507182,-0.11622285907109352,-0.15751642932818705,0.3109405785759597,0.005098925396729515
2025-11-04 11:00:00+00:00,-0.16382585363155605,-0.1492975516579572,0.10768669805239103,-0.1137616287517209,-0.18440217942076131,0.2977202316035052,0.02039787063531758
2025-11-04 12:00:00+00:00,-0.1376080301927293,-0.1443954296238225,0.14788672699173117,-0.09399562876447688,-0.1782679579139713,0.28969892834961486,0.030067466254984177
2025-11-04 13:00:00+00:00,-0.10140974662141178,-0.17539697638546375,0.22762348274122518,-0.07674100693171994,-0.14238107494810098,0.7545722728609275,0.03969322344926309
2025-11-04 14:00:00+00:00,-0.06551913124864349,-0.17539697638546375,0.30550416664508834,-0.05964327936402224,-0.07700147563668835,0.7692369863458219,0.05872904541519601
2025-11-04 15:00:00+00:00,-0.0154776301699405,-0.16838091363791402,0.37856124597326857,-0.03337594964327983,-0.0423848209480074,0.8003753551369436,0.0850812797275279
2025-11-04 16:00:00+00:00,-0.05255635526542403,-0.20352350650449225,0.32620973996211977,-0.050398841530586644,-0.07440111295693165,0.8191293229800244,0.0650827045768394
2025-11-04 17:00:00+00:00,-0.08960568221820667,-0.23273998073965274,0.25427796300803346,-0.06730799597133917,-0.10543523836608303,0.8170177821733696,0.04505498100638371
2025-11-04 18:00:00+00:00,-0.09833415060103844,-0.26113141447626154,0.18552643840079697,-0.06730799597133917,-0.13560444544812764,0.8278385761966381,0.015640649435363144
2025-11-04 19:00:00+00:00,-0.08133096604788323,-0.26113141447626154,0.1192632373533989,-0.06730799597133917,-0.16501093977698894,0.8423197776658758,-0.003431544293614958
2025-11-04 20:00:00+00:00,-0.04568731034800182,-0.25356367935101637,0.08981950483870806,-0.05986248136783145,-0.16199143422961,0.8525337999906224,-0.01022427832184207
2025-11-04 21:00:00+00:00,-0.04568731034800182,-0.2600821763584567,0.06374653322517905,-0.05986248136783145,-0.17598915418784902,0.8551313817759271,-0.01984032785719923
2025-11-04 22:00:00+00:00,-0.05038430967473084,-0.27247877730317627,0.039258154763835776,-0.05986248136783145,-0.20796200074023846,0.8578871829721126,-0.029620726824376557
2025-11-04 23:00:00+00:00,-0.05551955208133666,-0.27247877730317627,0.039258154763835776,-0.06909320708934853,-0.20796200074023846,0.8571603308882748,-0.039957731311355604
2025-11-05 00:00:00+00:00,-0.061242251172696466,-0.27247877730317627,0.0314553014372486,-0.06909320708934853,-0.20796200074023846,0.8574054204390826,-0.051096322551837714
2025-11-05 01:00:00+00:00,-0.09333667891090178,-0.2877240300201053,0.0019773313101556747,-0.09792537653428617,-0.22451847731560481,0.8545406185936354,-0.07246978116042779
2025-11-05 02:00:00+00:00,-0.09682066228787779,-0.2877240300201053,0.0003421820372073183,-0.1008205856993069,-0.2289527990290584,0.8501904705324167,-0.0711655453927168
2025-11-05 03:00:00+00:00,-0.1000338880038916,-0.2877240300201053,-0.0005218072756153763,-0.10389854757145443,-0.2289527990290584,0.8481072913750705,-0.07467038876401631
2025-11-05 04:00:00+00:00,-0.10347067202506892,-0.2877240300201053,-0.002324076347245551,-0.1117026872639686,-0.2336583218416918,0.8465593763138206,-0.07698317335115795
2025-11-05 05:00:00+00:00,-0.10716104489354751,-0.2877240300201053,-0.005050835035637763,-0.11446945070211369,-0.23866261991267862,0.8489870752318103,-0.07698317335115795
2025-11-05 06:00:00+00:00,-0.09332551025268124,-0.2774187212857342,0.017987225319149865,-0.11446945070211369,-0.2344325363311145,0.8432826257598914,-0.07245565272349475
2025-11-05 07:00:00+00:00,-0.08227028687049057,-0.261054614270078,0.04050927151801623,-0.11446945070211369,-0.21794986863342197,0.8376838533564054,-0.06301292527660848
2025-11-05 08:00:00+00:00,-0.07160486612488572,-0.261054614270078,0.05489295328279427,-0.10469465847033256,-0.1968816937165303,0.8382567719841122,-0.05380451558508778
2025-11-05 09:00:00+00:00,-0.056970161571139065,-0.261054614270078,0.07666060136474107,-0.09518040008735444,-0.18170120028455855,0.8390506564378054,-0.04502121898886797
2025-11-05 10:00:00+00:00,-0.04778547594864078,-0.261054614270078,0.09169452198149695,-0.08667490949371268,-0.18170120028455855,0.8400792143930169,-0.04502121898886797
2025-11-05 11:00:00+00:00,-0.038026997775693204,-0.261054614270078,0.12349268174408631,-0.06897306984848062,-0.15173912709000992,0.8327264091057943,-0.04502121898886797
2025-11-05 12:00:00+00:00,-0.028137479872295257,-0.261054614270078,0.15336303744227342,-0.05135008026434468,-0.12227359348585058,0.8320960071692312,-0.04502121898886797
2025-11-05 13:00:00+00:00,-0.008294796990860684,-0.23598195483018636,0.18024811769939703,-0.03379549856121801,-0.09115046960389198,0.8319079053521914,-0.04502121898886797
2025-11-05 14:00:00+00:00,0.0014999184826404572,-0.23598195483018636,0.20612609800072337,-0.05135008026434468,-0.061821374238060355,0.8396218949719048,-0.036010575431161096
2025-11-05 15:00:00+00:00,-0.01339097310223711,-0.27564206652253886,0.23017112608193682,-0.05135008026434468,-0.021055074199811567,0.8392703442610071,-0.008722707782468187
2025-11-05 16:00:00+00:00,-0.024146343740965415,-0.27564206652253886,0.19537872868926973,-0.03198192624272371,-0.021055074199811567,0.8392703442610071,-0.018547944025233173
2025-11-05 17:00:00+00:00,-0.04537143715814297,-0.30291831258018276,0.14573439878086472,-0.05089889014253008,-0.05014299464722963,0.8472582018596316,-0.028297633748651747
2025-11-05 18:00:00+00:00,-0.06593585883150879,-0.30291831258018276,0.11066043672709025,-0.06944137896980628,-0.07788461008977578,0.8472582018596316,-0.03797445673184189
2025-11-05 19:00:00+00:00,-0.08601587093886118,-0.30291831258018276,0.07693795135585665,-0.08690834125985404,-0.07788461008977578,0.8631627424862873,-0.047474666560233345
2025-11-05 20:00:00+00:00,-0.09562246228134885,-0.27840508876700637,0.04451557291929797,-0.08214012312821706,-0.08362882900164333,0.8674976041985917,-0.024063979282461352
2025-11-05 21:00:00+00:00,-0.11007039991354865,-0.27840508876700637,0.027485283064862014,-0.08992120499185892,-0.11174351676077192,0.8674976041985917,-0.029047291585655513
2025-11-05 22:00:00+00:00,-0.12406007995046761,-0.29180028966747484,0.0035048905437590435,-0.09812140249621955,-0.11174351676077192,0.8674976041985917,-0.03422982711687856
2025-11-05 23:00:00+00:00,-0.129510232070839,-0.29180028966747484,-0.02054993083032523,-0.10766238566543106,-0.12654018968391503,0.8674976041985917,-0.045456216648681595
2025-11-06 00:00:00+00:00,-0.129510232070839,-0.3186740749876423,-0.029095718698137627,-0.12966494624380548,-0.14394276419645133,0.8674976041985917,-0.05765538652745745
2025-11-06 01:00:00+00:00,-0.13142916736892482,-0.3186740749876423,-0.030557323970387688,-0.13499681148592052,-0.14394276419645133,0.8674976041985917,-0.06032663787453105
2025-11-06 02:00:00+00:00,-0.13512271134086418,-0.3186740749876423,-0.034745409204167126,-0.14077382871739513,-0.15602902669636837,0.8674976041985917,-0.06165278126865357
2025-11-06 03:00:00+00:00,-0.13903799687225712,-0.3186740749876423,-0.03804987803176618,-0.14707052857022354,-0.15602902669636837,0.8674976041985917,-0.0642643794302214
2025-11-06 04:00:00+00:00,-0.14320045616504312,-0.3325155870335056,-0.041124067233207544,-0.1539801213410246,-0.161181893496785,0.8674976041985917,-0.06554042077032513
2025-11-06 05:00:00+00:00,-0.16298867067539471,-0.34779404145945675,-0.043986565054916965,-0.15969947653149402,-0.16125682638143427,0.8645882902593779,-0.07618996979924329
2025-11-06 06:00:00+00:00,-0.1662580880762946,-0.3393516266763059,-0.029400274753232463,-0.14477625299776378,-0.14866967588663968,0.8645882902593779,-0.07618996979924329
2025-11-06 07:00:00+00:00,-0.17598783351076147,-0.32263414846185906,-0.0013020573952315048,-0.14477625299776378,-0.13611766862421934,0.8645882902593779,-0.06667443525417621
2025-11-06 08:00:00+00:00,-0.17598783351076147,-0.32263414846185906,0.01796094092449339,-0.135050822762124,-0.1208353153181822,0.8645882902593779,-0.06667443525417621
2025-11-06 09:00:00+00:00,-0.17087254583670614,-0.30643575076550733,0.03050672372182482,-0.12550794369728413,-0.1208353153181822,0.8650605037573071,-0.07130894829155587
2025-11-06 10:00:00+00:00,-0.15523613691079446,-0.30437839492273067,0.03439133944230249,-0.09512338980130317,-0.10171489416973943,0.8685273587930354,-0.08018943706745443
2025-11-06 11:00:00+00:00,-0.1461321826387317,-0.30437839492273067,0.047848420736034916,-0.058868340876154585,-0.04988043027934615,0.887573272308748,-0.08018943706745443
2025-11-06 12:00:00+00:00,-0.13663562879422217,-0.30437839492273067,0.08664730467281574,-0.04062997446068657,-0.022539938117023872,0.887573272308748,-0.08018943706745443
2025-11-06 13:00:00+00:00,-0.12682433121785086,-0.2808369075936966,0.12224008575350427,-0.022619515396496093,0.004916543251138166,0.8875732723087478,-0.08018943706745443
2025-11-06 14:00:00+00:00,-0.10540853517889884,-0.27701026044546645,0.1757435088012966,0.005305968331200335,0.048753022365571844,0.8935180283769374,-0.07402731734249801
2025-11-06 15:00:00+00:00,-0.09141433130194077,-0.27701026044546645,0.22852849842446074,0.005305968331200335,0.08911254500292408,0.8938245655136932,-0.07402731734249801
2025-11-06 16:00:00+00:00,-0.09141433130194077,-0.27701026044546645,0.1991367061785749,-0.015246699759539354,0.08911254500292408,0.9150335919074664,-0.07402731734249801
2025-11-06 17:00:00+00:00,-0.10186441633735277,-0.27701026044546645,0.16849362006779725,-0.035589622254017746,0.05699402048081906,0.9145988818524481,-0.07402731734249801
2025-11-06 18:00:00+00:00,-0.10186441633735277,-0.27701026044546645,0.13868077494264802,-0.05573954308497985,0.025907353996995754,0.9217536351253414,-0.07402731734249801
2025-11-06 19:00:00+00:00,-0.09985489024975519,-0.2996603736379473,0.12586697409424885,-0.05778580039832674,0.012107302420031751,0.9198235096040004,-0.060625237824335154
2025-11-06 20:00:00+00:00,-0.10496478956880163,-0.2996603736379473,0.10925926121613748,-0.06752008402679027,0.012107302420031751,0.9198235096040004,-0.060625237824335154
2025-11-06 21:00:00+00:00,-0.10496478956880163,-0.2996603736379473,0.09304325873567722,-0.08662291695306511,0.012107302420031751,0.9198235096040004,-0.06611057451525533
2025-11-06 22:00:00+00:00,-0.11000231324189792,-0.2996603736379473,0.061650676105650094,-0.10635675276343096,0.04415096824776269,0.9190337905622988,-0.06611057451525533
2025-11-06 23:00:00+00:00,-0.12198477006174847,-0.2996603736379473,0.04059270711175978,-0.1276362675736192,0.028651926090811006,0.9190337905622988,-0.06611057451525533
2025-11-07 00:00:00+00:00,-0.15084256737241292,-0.2996603736379473,0.01824759960749892,-0.18317262544010024,0.01236055445767096,0.9190337905622988,-0.06611057451525533
2025-11-07 01:00:00+00:00,-0.1567537919759987,-0.2996603736379473,0.01357519917377774,-0.19557178173428558,0.009692477842565633,0.9102784815517131,-0.06973111817904569
2025-11-07 02:00:00+00:00,-0.16010852595030547,-0.2996603736379473,0.009638680140185147,-0.20981968808721335,0.009692477842565633,0.9019673638184019,-0.07593048778103598
2025-11-07 03:00:00+00:00,-0.1631128348808218,-0.2996603736379473,0.005366610535618971,-0.22648336727905963,0.009692477842565633,0.9019673638184019,-0.07593048778103598
2025-11-07 04:00:00+00:00,-0.16622353056681785,-0.2851018192901675,0.002272838324912174,-0.24640970150234381,0.009692477842565633,0.9019673638184019,-0.07593048778103598
2025-11-07 05:00:00+00:00,-0.18808026670967562,-0.3010920124678061,-0.007610062028275256,-0.26718067922861505,-0.0024167106502570334,0.8896481062933598,-0.0908904604535815
2025-11-07 06:00:00+00:00,-0.19703811105669344,-0.3010920124678061,-0.007610062028275256,-0.2618359751783847,0.009036651462847812,0.8802639780039859,-0.0908904604535815
2025-11-07 07:00:00+00:00,-0.21513346111814605,-0.3010920124678061,0.026301491227756477,-0.2618359751783847,0.009036651462847812,0.8802639780039859,-0.0908904604535815
2025-11-07 08:00:00+00:00,-0.23013337820628363,-0.31497838051543414,0.03695106837031727,-0.27146155010261946,-0.002532778085304779,0.877153522906318,-0.0908904604535815
2025-11-07 09:00:00+00:00,-0.23964786640066046,-0.31497838051543414,0.04749366311655421,-0.2811916405448903,-0.002532778085304779,0.8741602971145908,-0.0908904604535815
2025-11-07 10:00:00+00:00,-0.2551665328351107,-0.3131353910607165,0.03673214353072366,-0.2832510665235648,-0.015019914589001192,0.8723681240315594,-0.08175645227276583
2025-11-07 11:00:00+00:00,-0.2702741540175647,-0.33391150825347826,0.03673214353072366,-0.2832510665235648,-0.015019914589001192,0.8723681240315594,-0.09064934372071319
2025-11-07 12:00:00+00:00,-0.2937177467954178,-0.35434564821866377,0.03673214353072366,-0.2832510665235648,-0.015019914589001192,0.8723681240315594,-0.09064934372071319
2025-11-07 13:00:00+00:00,-0.3366565392342043,-0.3863748263346269,0.024675579594859668,-0.2832510665235648,-0.06822163619732939,0.8723681240315594,-0.09064934372071319
2025-11-07 14:00:00+00:00,-0.37309372272156155,-0.3863748263346269,0.024675579594859668,-0.2660427257581347,-0.09650591646372242,0.8723681240315594,-0.09980249256892167
2025-11-07 15:00:00+00:00,-0.3857593551840863,-0.35301930759606753,0.0828258515928863,-0.2660427257581347,-0.05444270813062984,0.8723681240315594,-0.11416805735568573
2025-11-07 16:00:00+00:00,-0.34981596129242415,-0.35301930759606753,0.06708483547409018,-0.2987544483587538,-0.05444270813062984,0.8824689282056213,-0.0793945375041371
2025-11-07 17:00:00+00:00,-0.3170120459481952,-0.32517063116109324,0.05134390779754601,-0.27059728302064795,-0.05444270813062984,0.8824689282056213,-0.0793945375041371
2025-11-07 18:00:00+00:00,-0.2745362561941088,-0.3251706311610933,0.03540879108711503,-0.24249713380924803,-0.05444270813062984,0.8918357904647087,-0.09047311153707742
2025-11-07 19:00:00+00:00,-0.24513893881251708,-0.31707308566284725,0.029784612089845817,-0.1979907332090643,-0.0708523404970581,0.8998468303968715,-0.07686121701942396
2025-11-07 20:00:00+00:00,-0.2243805751771684,-0.30881291668063643,0.03913931548620516,-0.16860802095669303,-0.052049603949193564,0.8998468303968715,-0.0649960972215293
2025-11-07 21:00:00+00:00,-0.20933013783527973,-0.3004844521982949,0.03913931548620516,-0.12632889348760146,-0.052049603949193564,0.8998468303968715,-0.058962393529067576
2025-11-07 22:00:00+00:00,-0.1996891206485783,-0.3004844521982949,0.029942085899224796,-0.11105599657884292,-0.07272644487118461,0.8998468303968715,-0.058962393529067576
2025-11-07 23:00:00+00:00,-0.17533188628398141,-0.2781673249489015,0.021057915064717304,-0.11105599657884292,-0.052049603949193564,0.8998468303968715,-0.05146211259571439
2025-11-08 00:00:00+00:00,-0.1655650723350476,-0.2781673249489015,-0.006468792015714866,-0.13221919207483596,-0.052049603949193564,0.8978869899277693,-0.05146211259571439
2025-11-08 01:00:00+00:00,-0.13608859731487796,-0.2617444448970509,0.0006354405339900174,-0.13322824229078306,-0.0656768114769741,0.8910624418136656,-0.015591622688851163
2025-11-08 02:00:00+00:00,-0.13031629220070426,-0.2617444448970509,-0.001371421478821844,-0.13992079155172224,-0.07048402221125245,0.8910624418136656,-0.014110401525746991
2025-11-08 03:00:00+00:00,-0.12488386066682694,-0.24966690838123154,-0.005628455285866815,-0.14705211794334908,-0.07782078621009922,0.8858709617464997,-0.014110401525746991
2025-11-08 04:00:00+00:00,-0.11677185974563511,-0.224338970154516,-0.007868001721191177,-0.14705211794334908,-0.08317641089595972,0.8808452438705373,-0.014110401525746991
2025-11-08 05:00:00+00:00,-0.09878828852954932,-0.2127607097972119,0.007849118544137638,-0.1417671980485886,-0.08017784965824333,0.8779596943352947,-0.002766934062506296
2025-11-08 06:00:00+00:00,-0.10741974452287142,-0.22128895327829315,0.014384087985529802,-0.1417671980485886,-0.08017784965824333,0.8788217387271936,-0.002766934062506296
2025-11-08 07:00:00+00:00,-0.12408544601668331,-0.24674617828731082,0.007911275966324596,-0.1417671980485886,-0.06553838425411183,0.8768067729328486,-0.002766934062506296
2025-11-08 08:00:00+00:00,-0.14929045898794735,-0.2597925750158877,0.0012675305361774163,-0.15470655171851125,-0.08017784965824333,0.8683564772370824,-0.002766934062506296
2025-11-08 09:00:00+00:00,-0.17460377675713654,-0.273307347908445,0.007974933848706458,-0.17639799366440362,-0.08017784965824333,0.8621609032197259,0.001165677131515317
2025-11-08 10:00:00+00:00,-0.2093425049596928,-0.29234958828601887,0.031582797982068374,-0.20363434636848646,-0.10551973703289505,0.8532893406488841,0.010311767364245281
2025-11-08 11:00:00+00:00,-0.23616926741932906,-0.3087696602342763,0.03971807522968249,-0.24124188584240347,-0.10967958493276511,0.836682247453364,0.010443454869294322
2025-11-08 12:00:00+00:00,-0.28713098741263443,-0.33126286646632086,0.0234810083161357,-0.2961108753742526,-0.10967958493276511,0.8386032173859359,0.010443454869294322
2025-11-08 13:00:00+00:00,-0.3495283475877622,-0.3537178101516846,-0.026342099271348337,-0.3275321814311013,-0.17272568917842165,0.83790481089468,0.010443454869294322
2025-11-08 14:00:00+00:00,-0.44843367790277483,-0.3895178274878413,-0.10209011484413025,-0.3823424006215407,-0.26558033692375793,0.8314923207070138,-0.004461072829003321
2025-11-08 15:00:00+00:00,-0.5315438679883705,-0.42796045382040176,-0.15497684696864653,-0.38949652714208743,-0.27680130829662497,0.822378938427962,-0.020381354865176497
2025-11-08 16:00:00+00:00,-0.4676828621877956,-0.39791376476942547,-0.15497684696864653,-0.3566306050148854,-0.27680130829662497,0.822378938427962,-0.008600852674986757
2025-11-08 17:00:00+00:00,-0.4529856747499428,-0.3744849626370107,-0.15497684696864653,-0.28173999380161124,-0.2435303311541997,0.8138370918778236,-0.008600852674986757
2025-11-08 18:00:00+00:00,-0.4529856747499428,-0.350544297071732,-0.15497684696864653,-0.2081378018701885,-0.20890227531675126,0.8052880033137902,0.0032342604803164096
