time_utc,6.8x51mm Hybrid,7.62x51mm M62,7.62x54R BT,5.8x42mm DVC12,5.7x28mm SS190,7.62x39mm AP,9x39mm BP,4.6x30mm AP SX,12.7x55mm PS12B,5.56x45mm M995
2025-11-20 19:00:00+00:00,,,,,,,,,,
2025-11-20 20:00:00+00:00,,,,,,,,,,
2025-11-20 21:00:00+00:00,,,,,,,,,,
2025-11-20 22:00:00+00:00,,,,,,,,,,
2025-11-20 23:00:00+00:00,,,,,,,,,,
2025-11-21 00:00:00+00:00,,,,,,,,,,
2025-11-21 01:00:00+00:00,,,,,,,,,,
2025-11-21 02:00:00+00:00,,,,,,,,,,
2025-11-21 03:00:00+00:00,,,,,,,,,,
2025-11-21 04:00:00+00:00,,,,,,,,,,
2025-11-21 05:00:00+00:00,,,,,,,,,,
2025-11-21 06:00:00+00:00,,,,,,,,,,
2025-11-21 07:00:00+00:00,,,,,,,,,,
2025-11-21 08:00:00+00:00,,,,,,,,,,
2025-11-21 09:00:00+00:00,,,,,,,,,,
2025-11-21 10:00:00+00:00,,,,,,,,,,
2025-11-21 11:00:00+00:00,,,,,,,,,,
2025-11-21 12:00:00+00:00,,,,,,,,,,
2025-11-21 13:00:00+00:00,,,,,,,,,,
2025-11-21 14:00:00+00:00,,,,,,,,,,
2025-11-21 15:00:00+00:00,,,,,,,,,,
2025-11-21 16:00:00+00:00,,,,,,,,,,
2025-11-21 17:00:00+00:00,,,,,,,,,,
2025-11-21 18:00:00+00:00,,,,,,,,,,
2025-11-21 19:00:00+00:00,,,,,,,,,,
2025-11-21 20:00:00+00:00,,,,,,,,,,
2025-11-21 21:00:00+00:00,,,,,,,,,,
2025-11-21 22:00:00+00:00,,,,,,,,,,
2025-11-21 23:00:00+00:00,,,,,,,,,,
2025-11-22 00:00:00+00:00,,,,,,,,,,
2025-11-22 01:00:00+00:00,,,,,,,,,,
2025-11-22 02:00:00+00:00,,,,,,,,,,
2025-11-22 03:00:00+00:00,,,,,,,,,,
2025-11-22 04:00:00+00:00,,,,,,,,,,
2025-11-22 05:00:00+00:00,,,,,,,,,,
2025-11-22 06:00:00+00:00,-0.3328751429679091,-0.2661545059483701,0.007607918181523181,-0.15999493568384549,-0.26832685654954835,-0.09666642177823705,-0.12197940862989526,0.05696658939845598,-0.09709195467247096,-0.24973852982546768
2025-11-22 07:00:00+00:00,-0.34071501892034806,-0.26418780681695136,0.020687450775404143,-0.1302919873224809,-0.24573689042377564,-0.0702784857718982,-0.1024843372778606,0.06967247457760599,-0.1013844415212339,-0.27003290006221087
2025-11-22 08:00:00+00:00,-0.337682119558881,-0.2507235371219508,0.032754385731086105,-0.10362537871936593,-0.22995858934584262,-0.02811808731528064,-0.079080075541667,0.08138951953113552,-0.0820567470650095,-0.26073330105774173
2025-11-22 09:00:00+00:00,-0.3348684838725855,-0.2382346726676609,0.04392226107342847,-0.07954591508210036,-0.22410063394966034,0.00782228397419254,-0.05781208969424273,0.09222911128940321,-0.04130656482712108,-0.25208054599605306
2025-11-22 10:00:00+00:00,-0.3322509088773437,-0.22661832657938782,0.05428820849841844,-0.06487072425131278,-0.22253748559356873,0.03892937125164399,-0.04323673898195032,0.09805599221388593,-0.06513310524049246,-0.24400855337322724
2025-11-22 11:00:00+00:00,-0.3298093823845438,-0.2157856650923299,0.06393582051007897,-0.051277024738010886,-0.21328619612736374,0.06618578984964266,-0.029740321777420475,0.09926501713143697,-0.069381756816852,-0.2364600473102211
2025-11-22 12:00:00+00:00,-0.3275265488703265,-0.20565957623634393,0.07293743528637231,-0.03864951106225258,-0.20056861923095892,0.09031183032381901,-0.01720731213763157,0.10040534075967217,-0.07337222548565198,-0.22938512386672213
2025-11-22 13:00:00+00:00,-0.32538727978600934,-0.19617278966339777,0.08135597298181967,-0.02688870696922655,-0.19258397579951836,0.1118502933900752,-0.005538108935436121,0.10148275620038953,-0.05890805891617834,-0.22274009096054487
2025-11-22 14:00:00+00:00,-0.3233783251125703,-0.1872663485730328,0.08924642315814564,-0.01590833919022667,-0.18507734785714955,0.1312197227819849,0.005353616708775377,0.10250241242883225,-0.04546440967173487,-0.21648652243162345
2025-11-22 15:00:00+00:00,-0.32148802871510707,-0.17888835885023002,0.09665705842430647,-0.005633217287891002,-0.1814817926647087,0.14874915525410834,0.015543060886237805,0.1034689027680343,-0.03293681861385876,-0.21059048118205906
2025-11-22 16:00:00+00:00,-0.31571940270636645,-0.18810927467496621,0.07924819959211729,-0.024387323099334193,-0.182778814926039,0.10430963130547899,-0.0039576966790067945,0.09864183072488057,-0.05441712725633624,-0.21489416701411154
2025-11-22 17:00:00+00:00,-0.3264751662931517,-0.19662638052513332,0.06330432690143417,-0.051486998598663916,-0.19528586622524743,0.06486845113458337,-0.021777798544959648,0.09422261553855256,-0.07398623983912397,-0.21892103216505918
2025-11-22 18:00:00+00:00,-0.3683454790815239,-0.20452260940176323,0.0,-0.07604554870902616,-0.20154527452919252,0.029627191278011968,-0.03813388156139998,0.08311726982806737,-0.09189536012895326,-0.22269879971353596
2025-11-22 19:00:00+00:00,-0.38873990688208276,-0.16775764278242025,0.0,-0.08526448642361577,-0.20154527452919252,0.01096500700449433,-0.03145845033207363,0.10526653615480375,-0.09189536012895326,-0.19272821926989783
2025-11-22 20:00:00+00:00,-0.40919149274001515,-0.12752826755650906,-0.04398902639992248,-0.10309875341514609,-0.1962593291163615,-0.007218445037712975,-0.024726798859948582,0.1280686785737855,-0.12012820516476909,-0.16122185505325795
2025-11-22 21:00:00+00:00,-0.43015436040523614,-0.0826349675787368,-0.08437491760265936,-0.12742872994954552,-0.09862139995445313,-0.007218445037712975,-0.017937200877995378,0.14389695786176535,-0.1808459134461143,-0.12786587901513735
2025-11-22 22:00:00+00:00,-0.4503618201463645,-0.06563982809000125,-0.08437491760265936,-0.14401558821780594,-0.08319606148356061,-0.06102657455346973,-0.017937200877995378,0.13626271124686914,-0.1521430709535352,-0.0922537999909896
2025-11-22 23:00:00+00:00,-0.4503618201463645,-0.08436008440809503,-0.12875180745559436,-0.17566074080775218,-0.09141414530048761,-0.06102657455346973,-0.03197860651649575,0.12333654524666364,-0.12012820516476909,-0.0922537999909896
2025-11-23 00:00:00+00:00,-0.45036182014636444,-0.09601215759883089,-0.12875180745559436,-0.19327972500117793,-0.09370341301910806,-0.0658691382315287,-0.03197860651649575,0.12333654524666364,-0.11200893717628146,-0.08871747776790402
2025-11-23 01:00:00+00:00,-0.45036182014636444,-0.10919844096296773,-0.13997084244475244,-0.20740327436669734,-0.10581273037501446,-0.0658691382315287,-0.03197860651649575,0.12333654524666364,-0.11200893717628146,-0.08479189145662663
2025-11-23 02:00:00+00:00,-0.45036182014636444,-0.12440395423276396,-0.15188462971770827,-0.22738585673637982,-0.11475525002459563,-0.0658691382315287,-0.03197860651649575,0.12333654524666364,-0.12012820516476909,-0.08100292403903864
2025-11-23 03:00:00+00:00,-0.45036182014636444,-0.14236419058385316,-0.16461884562800846,-0.25469605637351045,-0.12057748457826235,-0.0658691382315287,-0.03197860651649575,0.12355930740085509,-0.1287364446529913,-0.07734048254692469
2025-11-23 04:00:00+00:00,-0.45036182014636444,-0.12444178250408784,-0.14078663996091473,-0.23930167200035313,-0.11166042911036923,-0.05540842579632612,-0.03582264174157201,0.11810192249160166,-0.10154552190155809,-0.08397417786213063
2025-11-23 05:00:00+00:00,-0.45036182014636444,-0.10431847427488852,-0.11592895302866951,-0.20801007347866735,-0.08651060562206114,-0.03354544608978509,-0.03193025021775535,0.09947324524317958,-0.10154552190155809,-0.09046254146532262
2025-11-23 06:00:00+00:00,-0.4423204915058046,-0.09189536012855404,-0.08979818088465982,-0.16776237313012143,-0.0639294199668821,0.0,-0.027726621999566572,0.0917998824594667,-0.10154552190155809,-0.09681513572912903
2025-11-23 07:00:00+00:00,-0.43589722987541435,-0.07436507938791366,-0.08979818088465982,-0.12970277757002222,-0.04706531893584037,0.022111687301467658,-0.027726621999566572,0.08428711908264824,-0.10154552190155809,-0.10353037768123145
2025-11-23 08:00:00+00:00,-0.42160515520153735,-0.07436507938791366,-0.057441478063984606,-0.09576172543896293,-0.041410353054342736,0.03283774998677957,-0.027726621999566572,0.07661992204300948,-0.0823164099044734,-0.10353037768123145
2025-11-23 09:00:00+00:00,-0.4137939025999669,-0.07436507938791366,-0.057441478063984606,-0.07286591006426792,-0.030672681602165474,0.04336606654424229,-0.027726621999566572,0.06878702718011598,-0.0823164099044734,-0.10353037768123145
2025-11-23 10:00:00+00:00,-0.40606819845790526,-0.07436507938791366,-0.02973992156095012,-0.04520554222567923,-0.025386380475486643,0.0537114848328455,-0.027726621999566572,0.06056773144632898,-0.06529581807171447,-0.11175477543014804
2025-11-23 11:00:00+00:00,-0.3984249392847055,-0.07436507938791366,0.0,-0.024897351419573496,-0.020048450977213774,0.07463548721710915,-0.027726621999566572,0.05635633863391887,-0.06529581807171447,-0.12012218636581239
2025-11-23 12:00:00+00:00,-0.4042286398578775,-0.09152820127852898,0.0,0.011256535043644142,0.0020326055637149096,0.10785330648262793,-0.03653468018646068,0.03630969083756867,-0.05475188435965866,-0.15388082350934543
2025-11-23 13:00:00+00:00,-0.3876523344600741,-0.09152820127852898,0.0,0.060923356915754213,0.015323972582305723,0.15831196886146717,-0.03653468018646068,0.025583993674170344,-0.10241922558427649,-0.15388082350934543
2025-11-23 14:00:00+00:00,-0.37120199310926705,-0.09152820127852898,0.0,0.09385419587933326,0.041810692020773685,0.2083759171141978,-0.03653468018646068,0.014771588944419874,-0.20577969655556239,-0.15388082350934543
2025-11-23 15:00:00+00:00,-0.35487231830327104,-0.09152820127852898,0.0,0.1267170866002774,0.02847033246871821,0.25817175818443033,-0.03653468018646068,0.0038696588026736756,-0.3197733834876022,-0.15388082350934543
2025-11-23 16:00:00+00:00,-0.36454288431377896,-0.09152820127852898,0.0,0.10371423952030849,0.03764421062373391,0.22233158482765011,-0.03653468018646068,0.011529093142730013,-0.28549094898667166,-0.15388082350934543
2025-11-23 17:00:00+00:00,-0.3741920447441938,-0.09152820127852898,0.0,0.09205688333630405,0.019345245561778707,0.18686442705715825,-0.03653468018646068,0.019255417515398925,-0.25099773940311254,-0.15388082350934543
2025-11-23 18:00:00+00:00,-0.3838220035867899,-0.09152820127852898,0.0,0.08046204431961122,0.028544413797316672,0.16845542090320012,-0.029622293033877232,0.02705083807206708,-0.18923557273544644,-0.15388082350934543
2025-11-23 19:00:00+00:00,-0.3934349203081255,-0.09152820127852898,0.0,0.068926174030839,0.0009365689700229712,0.15028220793189034,-0.022670383347678416,0.034917647696150335,-0.15984079932713643,-0.1825679935487248
2025-11-23 20:00:00+00:00,-0.3934349203081255,-0.09152820127852898,0.0,0.068926174030839,0.11435210272293915,0.13232858673702516,-0.015677760748062767,0.04285823075893252,-0.12013653714801803,-0.2159346726299232
2025-11-23 21:00:00+00:00,-0.38514363276097285,-0.09152820127852898,0.0,0.068926174030839,0.10341064322764122,0.11457924655085071,-0.001567878775450378,0.05087506819615624,-0.12013653714801803,-0.25915769467431804
2025-11-23 22:00:00+00:00,-0.36969568947593223,-0.09152820127852898,0.05004471302282396,0.0916903647607969,0.15747447650456686,0.09789770954296985,0.0273351317758203,0.06676527262793187,-0.12013653714801803,-0.2806946700884488
2025-11-23 23:00:00+00:00,-0.3823922121003311,-0.09350491644203004,-0.04714045207910311,0.0672231682811512,0.12926442825678358,0.05168198455880658,0.022254482550592047,0.04342963765075303,-0.11691048441780523,-0.29524513743851616
2025-11-24 00:00:00+00:00,-0.3823922121003311,-0.08397729560848613,-0.04714045207910311,0.0672231682811512,0.12483475192084638,0.04923924515825105,0.022254482550592047,0.0456511805066115,-0.10494455393423695,-0.29524513743851616
2025-11-24 01:00:00+00:00,-0.3823922121003311,-0.06624983308898709,-0.03374196088105531,0.0672231682811512,0.12016154214294349,0.0435818764451192,0.022254482550592047,0.046696354231070235,-0.10494455393423695,-0.2901576395490439
2025-11-24 02:00:00+00:00,-0.4046985881393078,-0.11216743688185996,-0.06264308793927977,0.023810263500855113,0.06969238465772819,0.018307959611808887,-0.015372872186513165,0.005487567573177611,-0.1297742955616634,-0.3139860918476086
2025-11-24 03:00:00+00:00,-0.4269759389494444,-0.14389959250837073,-0.08761063312019908,-0.00854422443653689,0.012022816911841809,-0.010922247413547317,-0.05263014078002842,-0.024131598962897113,-0.15193992548353608,-0.3377265949142786
2025-11-24 04:00:00+00:00,-0.4269759389494444,-0.15288615044480458,-0.11310484100869568,-0.014681423105232565,-0.004852363726973106,0.014780515072862013,-0.05263014078002842,-0.01996255904862639,-0.15193992548353608,-0.3377265949142786
2025-11-24 05:00:00+00:00,-0.4269759389494444,-0.1615786520558345,-0.13735697694877347,-0.02067764985894387,-0.03716057373028407,0.02881907762730563,-0.06013270373213299,-0.006961178660245841,-0.16886979534728008,-0.3377265949142786
2025-11-24 06:00:00+00:00,-0.41982934980336617,-0.17000956709409115,-0.1606086130799327,-0.0269101157370158,-0.05356010178517404,0.015022917546623115,-0.06435717513166433,-0.011395806909398433,-0.16886979534728008,-0.33085684895397344
2025-11-24 07:00:00+00:00,-0.39789112636621565,-0.16814757298068303,-0.1519704940739246,-0.0159533458548438,-0.06140729143207787,0.04144649838379732,-0.057159031244088984,-0.002663451624693101,-0.21143821095631227,-0.271213853475014
2025-11-24 08:00:00+00:00,-0.36679416270959364,-0.15042788417772696,-0.14390103012520633,-0.005538955019339527,-0.03718679995791609,0.08228676822091135,-0.05408541997054674,0.005972802055943538,-0.2713127345451881,-0.23285355090192672
2025-11-24 09:00:00+00:00,-0.33828051006528664,-0.13364519452983992,-0.13632773636896747,0.004401085575728325,-0.04067423681818366,0.11915857002524956,-0.05072124063780746,0.014550272897985547,-0.3254134999944925,-0.21086006039518754
2025-11-24 10:00:00+00:00,-0.3259869403011572,-0.11768644492543755,-0.18089862429075937,0.005967265842971168,-0.004401288514912908,0.1526001798881803,-0.05234392416004278,0.017293771436275432,-0.3089264343951563,-0.19038583102874274
2025-11-24 11:00:00+00:00,-0.3035823539084449,-0.08643797874826388,-0.161937074365937,0.008786214807157947,-0.1250503032150626,0.20197899022842858,-0.04704671952128678,0.02910101202245646,-0.2946792923077061,-0.15523069438269774
2025-11-24 12:00:00+00:00,-0.28515631106212164,-0.05858341545426041,-0.14545255486602923,0.011362252533971287,-0.06475205903098336,0.24442812629662325,-0.0415985007982087,0.03986144161699842,-0.28295320467743007,-0.1247925275897277
2025-11-24 13:00:00+00:00,-0.2698362792282951,-0.03334086675073428,-0.13086381913744244,0.013749737271442165,-0.05154920446044467,0.2814169052212567,-0.035924889163879405,0.049810252284033185,-0.2918689286022027,-0.09803996415390874
2025-11-24 14:00:00+00:00,-0.2570136457398678,-0.010159595468619255,-0.11776449883814627,0.03217204584703641,-0.025261438678479985,0.33627552441488645,-0.02997239836800818,0.07068323322545976,-0.2330297898287336,-0.05947264004247389
2025-11-24 15:00:00+00:00,-0.24624924027150838,0.011362090439499074,-0.10586042038457802,0.048753110385280546,-0.024441617829366328,0.3821732494195011,-0.02369993341071684,0.08973345213633285,-0.17887930357238596,-0.025233259167909108
2025-11-24 16:00:00+00:00,-0.25727437501613903,0.011362090439499074,-0.10586042038457802,0.03859688723210502,-0.024441617829366328,0.33431155961511366,-0.009473901593358829,0.08220697412724065,-0.17887930357238596,-0.04267976825573062
2025-11-24 17:00:00+00:00,-0.26735582330514623,0.011362090439499074,-0.10586042038457802,0.03859688723210502,-0.007638889609117439,0.2900345413538271,0.0049639444502765995,0.07472768835339977,-0.14495403806638288,-0.05989242067702688
2025-11-24 18:00:00+00:00,-0.2361376841693651,0.011362090439499074,-0.06582716325907151,0.03859688723210502,0.0009027068754052454,0.24874946533682668,0.012277739195276383,0.07472768835339977,-0.10953429553549184,-0.07688942601258796
2025-11-24 19:00:00+00:00,-0.24171205787445207,0.011362090439499074,-0.06582716325907151,0.03859688723210502,0.01826771229487957,0.20998966316659412,0.019663474949883852,0.07472768835339977,-0.07232078470829319,-0.09368782864968175
2025-11-24 20:00:00+00:00,-0.2471805360261831,0.011362090439499074,-0.06582716325907151,0.04892288377331035,0.0008982036328078647,0.1733815015522682,0.027123610094543178,0.07472768835339977,-0.03293729503716818,-0.11810459518592653
2025-11-24 21:00:00+00:00,-0.2471805360261831,0.011362090439499074,-0.09979893308218589,0.0815703222828118,-0.07527287533310092,0.1386213745660776,0.027123610094543178,0.08235563622200227,0.009098808179678487,-0.14914294009726106
2025-11-24 22:00:00+00:00,-0.21342263759991353,0.022235217032639837,-0.12314602935230104,0.11046482841750765,-0.04883617553810487,0.1433169775083646,0.04868414556880726,0.11261917517168667,0.011521563139357255,-0.15643619181905666
2025-11-24 23:00:00+00:00,-0.22329938683939907,0.02068208970746858,-0.10271051820261831,0.0966412146694556,-0.029597727885989352,0.1180577879941091,0.05662887389679991,0.11441519233277446,-0.0324284847198699,-0.1556718552692904
2025-11-25 00:00:00+00:00,-0.21579224112066067,0.028039560225447298,-0.10271051820261831,0.09933085091061704,-0.020454985692273664,0.11386962914393087,0.05662887389679991,0.11606207428041294,-0.0324284847198699,-0.15113374342348182
2025-11-25 01:00:00+00:00,-0.236947984233962,0.004945211377753799,-0.10588853019238714,0.07177107629061019,-0.016542826395611658,0.09147073728364666,0.029937398536618975,0.08766037440940018,-0.039773400382430234,-0.17219080959187882
2025-11-25 02:00:00+00:00,-0.2582419336568758,-0.015158095614464778,-0.10811021088568044,0.04899988764895014,-0.019479380119333787,0.06770365587787351,0.0031574032349712114,0.059960994007420505,-0.0375062271366827,-0.19336882217095164
2025-11-25 03:00:00+00:00,-0.2796920311657588,-0.0328256256618176,-0.11051929836204145,0.03187355949122141,-0.033678972705403966,0.04241676378118357,-0.023732680690135524,0.032911191226365835,-0.04294976880960372,-0.21468543258398265
2025-11-25 04:00:00+00:00,-0.2796920311657588,-0.0382357008494841,-0.11658216720581568,0.025341778755251843,-0.03839392693765093,0.04241676378118357,-0.023732680690135524,0.031212883414263315,-0.050375010521031,-0.21468543258398265
2025-11-25 05:00:00+00:00,-0.2976157484501536,-0.06057970417328503,-0.1374374702947205,-0.002701130168654803,-0.06906918645682567,0.019183981908083247,-0.04645443227275351,0.020888477090727452,-0.04655403867984487,-0.23325810978071593
2025-11-25 06:00:00+00:00,-0.3084685193374175,-0.05682739032474943,-0.12961766114668885,-0.0023325280583919535,-0.08039848103067243,0.03468027526176513,-0.04114852484922278,0.031038099468522512,-0.04282227765635109,-0.2515554778331963
2025-11-25 07:00:00+00:00,-0.305270125442075,-0.045730865053759395,-0.12198400870940197,0.003004050689222282,-0.08575718984642378,0.061311799768159585,-0.03117667205177003,0.040116759551490556,-0.006307966156506546,-0.24061025924426127
2025-11-25 08:00:00+00:00,-0.29546236749610655,-0.03484315464035172,-0.12378539454194291,0.009341688803255631,-0.05767355711750143,0.08565385818203612,-0.02109900539113931,0.049317892040503256,-0.009709144619264427,-0.23335791616905266
2025-11-25 09:00:00+00:00,-0.28591011062338856,-0.02414835272529726,-0.11571353097777232,0.017842730963157274,-0.059827475008583576,0.10796976115656522,-0.010902009062117262,0.05865202890951023,-0.006419627845701917,-0.23279025125937436
2025-11-25 10:00:00+00:00,-0.27659623735179173,-0.013631791686746917,-0.1333525418729995,0.020654716033499877,-0.0739640556888415,0.11875603380222244,-0.005142185834087928,0.06373318182095149,-0.03275355240344402,-0.23085755457511378
2025-11-25 11:00:00+00:00,-0.25585523657533993,0.00684586373783845,-0.11555509636777636,0.02977460430982788,-0.10541933152630441,0.13629590496610586,0.007360761508501952,0.0739430791066854,-0.02483443412327751,-0.22484528169437298
2025-11-25 12:00:00+00:00,-0.23647372598647873,0.026357107279984304,-0.09877357423599369,0.03909648432125591,-0.07941751356990098,0.15229604390229973,0.019734374703427503,0.08419444393306191,-0.017328854105598607,-0.2194453487700878
2025-11-25 13:00:00+00:00,-0.22610983181108085,0.035619978997995023,-0.0902690716900753,0.04966582154646069,-0.0627465370768766,0.1841154354820251,0.02130220027131916,0.08483208794977308,0.033906784013364895,-0.22133985720214225
2025-11-25 14:00:00+00:00,-0.21616361795473119,0.044614337241311974,-0.03838136021770835,0.05993275058644472,-0.05093723694210635,0.21348091110730133,0.02302528735140765,0.08567158997992527,0.07959198734086537,-0.22310117828363035
2025-11-25 15:00:00+00:00,-0.19563080148487047,0.06133557085583278,0.03157067445639202,0.07895052750954497,-0.017207812212219446,0.2504875850794287,0.030809302334060405,0.09079357469708053,0.13979821037722512,-0.2192605818744823
2025-11-25 16:00:00+00:00,-0.19563080148487047,0.06133557085583278,-0.004860726132305462,0.07895052750954497,-0.030958896666663814,0.21586005975644368,0.03916556998985968,0.09880846587478313,0.13979821037722512,-0.21052942436467786
2025-11-25 17:00:00+00:00,-0.19563080148487047,0.06133557085583278,-0.03930830667193145,0.07895052750954497,-0.030958896666663814,0.18222699242366422,0.04759242086064674,0.10688536686992321,0.13979821037722512,-0.2017841508150536
2025-11-25 18:00:00+00:00,-0.19563080148487047,0.06133557085583278,-0.0720699254187781,0.07895052750954497,-0.051228810042193255,0.14947664785124404,0.05609223119348531,0.11502618629599319,0.13979821037722512,-0.19302339803728516
2025-11-25 19:00:00+00:00,-0.19563080148487047,0.06133557085583278,-0.10338727274417331,0.07895052750954497,-0.0578268033026486,0.11750956530654805,0.06466746850903189,0.12323289846382213,0.18494019614139065,-0.1601212839100329
2025-11-25 20:00:00+00:00,-0.18667672334757757,0.0817466473925642,-0.09819586729070194,0.102897742163904,-0.03942425001648966,0.11538673769966065,0.08942042101386731,0.1478010366500165,0.1928130594946488,-0.1167946379640774
2025-11-25 21:00:00+00:00,-0.17698283252363414,0.10409951028682778,-0.09259680524381231,0.1292095173464449,-0.03405039157452918,0.11312684223987984,0.11665151829791057,0.174787855870337,0.25382628222403564,-0.03596284777812612
2025-11-25 22:00:00+00:00,-0.16644427318238222,0.12870114872832986,-0.12504253871133497,0.13170794003009886,-0.05165911762033698,0.0939773511347657,0.13645689498053695,0.18542189781377724,0.26566431038245875,0.018401450998720866
2025-11-25 23:00:00+00:00,-0.17403321754972875,0.12030759833975016,-0.14369353819372524,0.11369557354021635,-0.06147872311150862,0.0742576129707783,0.12653164866066546,0.16898405159862576,0.24983027146380424,0.009230520370556388
2025-11-26 00:00:00+00:00,-0.17403321754972875,0.12030759833975016,-0.14369353819372524,0.11369557354021635,-0.07727241226542152,0.06603742913338136,0.12653164866066546,0.17174319186858586,0.2578416172376239,0.009230520370556388
2025-11-26 01:00:00+00:00,-0.193690177839921,0.09357310871479343,-0.15960414063397338,0.08907576091715554,-0.11600896865965402,0.0458230838522628,0.10305081321895794,0.1458213137105359,0.12513101954630973,-0.018430329281144527
2025-11-26 02:00:00+00:00,-0.193690177839921,0.09422531087152769,-0.15960414063397338,0.08930859388632666,-0.12059931687895324,0.0458230838522628,0.10305081321895794,0.1458213137105359,0.12513101954630973,-0.018430329281144527
2025-11-26 03:00:00+00:00,-0.193690177839921,0.09422531087152769,-0.15960414063397338,0.08930859388632666,-0.12365663635362423,0.0458230838522628,0.10305081321895794,0.1444604542862627,0.12513101954630973,-0.01721641618187398
2025-11-26 04:00:00+00:00,-0.2114885166114736,0.07421155497366276,-0.17398228055826911,0.06949856789044277,-0.1391919153836288,0.025088873467693413,0.07847171216169062,0.12165763016479313,0.1279571576233063,-0.03758582510940196
2025-11-26 05:00:00+00:00,-0.22922308923831147,0.05434448890487062,-0.17576265851681702,0.06078436337766854,-0.1460191236837062,0.018559560089291886,0.054471653038477806,0.1105604824170844,0.11121334798429329,-0.05783312180147939
2025-11-26 06:00:00+00:00,-0.22965909090366296,0.04298513681205543,-0.1786282054792809,0.06593781499950718,-0.14663881941897824,0.01791298729811601,0.05901604889352939,0.11936025010912929,0.11431177489122366,-0.07402672738162593
2025-11-26 07:00:00+00:00,-0.22421783044291274,0.050576642464593834,-0.1786282054792809,0.06593781499950718,-0.14663881941897824,0.03151509235014372,0.05901604889352939,0.11666479492931293,0.12897714196683963,-0.1005792181969855
2025-11-26 08:00:00+00:00,-0.22421783044291274,0.057525744833799214,-0.1786282054792809,0.06593781499950718,-0.15621875225629525,0.038101641392370614,0.05901604889352939,0.11395354856940007,0.13696315554168328,-0.11562109314041594
2025-11-26 09:00:00+00:00,-0.22421783044291274,0.06429927371761808,-0.1786282054792809,0.061375910475867636,-0.16390136221574253,0.04460220496766585,0.05901604889352939,0.11122593646913667,0.13696315554168328,-0.12075008501663775
2025-11-26 10:00:00+00:00,-0.22100710828490827,0.07276169917785767,-0.16228339254384644,0.05512238550249462,-0.1893163406704875,0.047588168390649284,0.06636136098402605,0.10395619398453598,0.13795036049396972,-0.12964227941746673
2025-11-26 11:00:00+00:00,-0.22100710828490827,0.07276169917785767,-0.16228339254384644,0.044169252743226826,-0.16207355335092696,0.047588168390649284,0.06636136098402605,0.08987270668500288,0.13795036049396972,-0.1512715111289413
2025-11-26 12:00:00+00:00,-0.22100710828490827,0.07276169917785767,-0.16228339254384644,0.044169252743226826,-0.19768819635462087,0.062303174763057675,0.06636136098402605,0.07569932737257198,0.13795036049396972,-0.17325710690297796
2025-11-26 13:00:00+00:00,-0.22100710828490827,0.07276169917785767,-0.127160996970163,0.05490005578884592,-0.18304115945952684,0.0768358703277773,0.06636136098402605,0.061427744023998074,0.13795036049396972,-0.19563337460760616
2025-11-26 14:00:00+00:00,-0.21590333617829668,0.08028340523782725,-0.07294308570468064,0.0653208551682694,-0.1710170160579945,0.08660194064375103,0.07286113282089064,0.040013397591824824,0.1473008839600162,-0.2089064173165017
2025-11-26 15:00:00+00:00,-0.21114562799690323,0.08754843736446366,-0.023659703847558937,0.07535686459587525,-0.1568604491056435,0.0960235362849815,0.07914131958937426,0.03066361505857114,0.13183352202920362,-0.22190775031377385
2025-11-26 16:00:00+00:00,-0.21114562799690323,0.08754843736446366,-0.06118642328024073,0.07535686459587525,-0.1568604491056435,0.0960235362849815,0.07914131958937426,0.049741390151733594,0.13183352202920362,-0.19794725007974637
2025-11-26 17:00:00+00:00,-0.21114562799690323,0.06528941595111971,-0.09759763607613037,0.07535686459587525,-0.1568604491056435,0.0960235362849815,0.07914131958937426,0.06916473639039834,0.13183352202920362,-0.17325471970234257
2025-11-26 18:00:00+00:00,-0.25428657026668816,0.04364488765774093,-0.13303769849314412,0.07535686459587525,-0.1648448038889026,0.0960235362849815,0.0894744589999538,0.08895803542982211,0.10911011286450127,-0.14774154817154295
2025-11-26 19:00:00+00:00,-0.25428657026668816,0.022565927691938808,-0.13303769849314412,0.07535686459587525,-0.15662819606710823,0.0960235362849815,0.09991458542150504,0.09909845096081461,0.08676360354515275,-0.12130478041048019
2025-11-26 20:00:00+00:00,-0.25428657026668816,0.002008551008889408,-0.13303769849314412,0.07535686459587525,-0.14121507114780726,0.0960235362849815,0.11046564232072292,0.10936367271957977,0.08676360354515275,-0.08024206794437358
2025-11-26 21:00:00+00:00,-0.22363800984980362,-0.013462062514043673,-0.06378884206689159,0.08815296875512786,-0.07152490893607318,0.10897501589537274,0.13635892002250244,0.1324477789180794,0.09059326608707392,-0.009664619595116915
2025-11-26 22:00:00+00:00,-0.22363800984980362,-0.035404092993738596,-0.08802648234949838,0.07996788354760771,-0.10678341656224263,0.10897501589537274,0.13635892002250244,0.1267660910518567,0.09059326608707392,0.009956707852254228
2025-11-26 23:00:00+00:00,-0.22363800984980362,-0.035404092993738596,-0.11317938652241388,0.07996788354760771,-0.15531889336868185,0.09069758842408684,0.12626154081751434,0.11707134741648116,0.1141219382983167,0.019677471277512362
2025-11-27 00:00:00+00:00,-0.25436438419934376,-0.05468406248450751,-0.13252599534947027,0.05512712620620518,-0.18580150777391435,0.06795791200839439,0.10360935556838427,0.09278152291881508,0.10833577140877625,0.003864461505026372
2025-11-27 01:00:00+00:00,-0.25436438419934376,-0.05884852163128336,-0.13252599534947027,0.05382212290897008,-0.17942384833204156,0.0661624332090956,0.10360935556838427,0.09226261365283839,0.10833577140877625,0.003864461505026372
2025-11-27 02:00:00+00:00,-0.25436438419934376,-0.06324215418467675,-0.13252599534947027,0.052494666354680156,-0.1767060407145272,0.06433518670907482,0.10360935556838427,0.09174808529043771,0.11136207101883333,0.003864461505026372
2025-11-27 03:00:00+00:00,-0.25436438419934376,-0.06789383401516559,-0.1565726762370184,0.05114317343492725,-0.1767060407145272,0.062473301392392606,0.10360935556838427,0.09123836470547424,0.11136207101883333,0.003864461505026372
2025-11-27 04:00:00+00:00,-0.2721345158335522,-0.09442982505341266,-0.1687620736816185,0.028568108774329644,-0.19895622064222873,0.04375814442462532,0.07986050459461166,0.06867102562701113,0.10476646719491835,-0.014094035912427959
2025-11-27 05:00:00+00:00,-0.27096544055184485,-0.0900194391735709,-0.16019481276796452,0.033150074612298415,-0.19418476945182622,0.050875392253938966,0.07616608319161802,0.06537359165266499,0.09859617327933395,-0.014094035912427959
2025-11-27 06:00:00+00:00,-0.26554817341033365,-0.08384130008184568,-0.16019481276796452,0.033150074612298415,-0.18594108403952328,0.050875392253938966,0.07067554364841862,0.060115607148656644,0.09859617327933395,-0.014094035912427959
2025-11-27 07:00:00+00:00,-0.26130981020799954,-0.07696424347841316,-0.16019481276796452,0.033150074612298415,-0.1832000572847042,0.050875392253938966,0.06814536466653448,0.05751865514524068,0.09334907637964313,-0.03772077921171693
2025-11-27 08:00:00+00:00,-0.26130981020799954,-0.07025426884915242,-0.16019481276796452,0.033150074612298415,-0.19698297687249663,0.050875392253938966,0.065593185871014,0.05489178718875889,0.09859617327933395,-0.048116886973892894
2025-11-27 09:00:00+00:00,-0.2534127716723677,-0.04872769228909523,-0.1608281781607565,0.04428585028309554,-0.18435982538808857,0.06184596275831848,0.07140318543670635,0.0558302996463233,0.1007494180217178,-0.03469096388286448
2025-11-27 10:00:00+00:00,-0.24575540590196843,-0.028468327762219702,-0.15398932055615044,0.04871378797677513,-0.20155685965987222,0.06316016392382352,0.07268319017048391,0.05963041955884654,0.10852462936763406,-0.033587000017948274
2025-11-27 11:00:00+00:00,-0.24575540590196843,-0.014105562693258763,-0.15398932055615044,0.04871378797677513,-0.16961203355679375,0.06316016392382352,0.06568320741019926,0.04489685254364138,0.10852462936763406,-0.045818791777262176
2025-11-27 12:00:00+00:00,-0.24575540590196843,-2.1027192798329458e-13,-0.11916021485805416,0.04871378797677513,-0.16961203355679375,0.07766789832066925,0.05863829153053456,0.029948438816635503,0.10852462936763406,-0.05825662531935379
2025-11-27 13:00:00+00:00,-0.23623611991681662,0.026253471674009533,-0.016493093170216154,0.05898192891978227,-0.14457376480822473,0.08714051070596295,0.05541880491119249,0.029558622532141705,0.11851603201137671,-0.043824299970823426
2025-11-27 14:00:00+00:00,-0.22717529006558446,0.05079782413891725,0.08074164911211561,0.06891674235074839,-0.12097760098794635,0.09632243212850235,0.05253198065147037,0.029415204162260507,0.10633197128701657,-0.029925577851742293
2025-11-27 15:00:00+00:00,-0.22717529006558446,0.07147139274795988,0.11742012514994543,0.06891674235074839,-0.1451916529242116,0.09632243212850235,0.04137344134277532,0.017576537270722493,0.10633197128701657,-0.029925577851742293
2025-11-27 16:00:00+00:00,-0.22717529006558446,0.05077925364581806,0.07658703776139555,0.06891674235074839,-0.1451916529242116,0.09632243212850235,0.05252768695876139,0.029318306800681676,0.10633197128701657,-0.029925577851742293
2025-11-27 17:00:00+00:00,-0.22717529006558446,0.03039873072894038,0.038445852678623084,0.06891674235074839,-0.16649619136222318,0.09632243212850235,0.06377302877646314,0.029318306800681676,0.10633197128701657,-0.029925577851742293
2025-11-27 18:00:00+00:00,-0.22717529006558446,0.010308954133058646,0.002576282311681246,0.06891674235074839,-0.16649619136222318,0.09632243212850235,0.07511297647647812,-0.005428185510747471,0.08358286294269353,-0.029925577851742293
2025-11-27 19:00:00+00:00,-0.22717529006558446,-0.009509580488130408,-0.031355808401809335,0.06891674235074839,-0.1451916529242116,0.09632243212850235,0.07511297647647812,-0.1007682943273131,0.061206686267381266,-0.029925577851742293
2025-11-27 20:00:00+00:00,-0.24510168033459523,-0.03432765333843071,-0.08112626284867641,0.04129783459057275,-0.16111771063346542,0.06849459714070712,0.049960342706448446,-0.1772230212971927,0.07419853802577796,-0.07530743560965764
2025-11-27 21:00:00+00:00,-0.2613313150988542,-0.05670826171831785,-0.12415617594714949,0.016422407656812823,-0.17559786549655046,0.04342277271325951,0.027253081658453065,-0.23726844612436757,0.08604249655782611,-0.11491301882132181
2025-11-27 22:00:00+00:00,-0.2613313150988542,-0.05670826171831785,-0.12415617594714949,0.016422407656812823,-0.17559786549655046,0.04342277271325951,0.027253081658453065,-0.23726844612436757,0.08604249655782611,-0.11491301882132181
2025-11-27 23:00:00+00:00,-0.2613313150988542,-0.05670826171831785,-0.12415617594714949,0.016422407656812823,-0.17559786549655046,0.04342277271325951,0.027253081658453065,-0.23726844612436757,0.08604249655782611,-0.11491301882132181
2025-11-28 00:00:00+00:00,-0.28052820695255587,-0.0820322533224565,-0.15054692934327038,-0.011568935838175198,-0.14948779043579244,0.016250001706094874,0.006345345796666968,-0.273909036895018,0.07006377469024,-0.13130517375427564
2025-11-28 01:00:00+00:00,-0.28052820695255587,-0.08642402339203623,-0.1585461966721635,-0.011568935838175198,-0.15619602513360326,0.013322478987219036,0.006345345796666968,-0.28323856268131536,0.08507737406186205,-0.13130517375427564
2025-11-28 02:00:00+00:00,-0.28052820695255587,-0.08642402339203623,-0.1670501114923379,-0.011568935838175198,-0.12111319257603237,0.010255112002321272,0.006345345796666968,-0.29571632663023106,0.08507737406186205,-0.13130517375427564
2025-11-28 03:00:00+00:00,-0.28052820695255587,-0.09102301329915102,-0.17613067155889478,-0.011568935838175198,-0.12427270643641258,0.007028666198540753,0.006345345796666968,-0.3133476416086314,0.08507737406186205,-0.13604950962142162
2025-11-28 04:00:00+00:00,-0.28052820695255587,-0.08764054295693915,-0.17183513255633542,-0.011568935838175198,-0.12427270643641258,0.013414666505001501,0.006345345796666968,-0.3075756258211189,0.08507737406186205,-0.13604950962142162
2025-11-28 05:00:00+00:00,-0.28001796378260746,-0.08417262934877105,-0.17183513255633542,-0.015250121167194977,-0.1322241290364309,0.013414666505001501,0.006345345796666968,-0.2989912817216172,0.10020963040139619,-0.13604950962142162
2025-11-28 06:00:00+00:00,-0.28001796378260746,-0.08417262934877105,-0.16320915392788518,-0.015250121167194977,-0.10923469020164077,0.019467243214097683,-0.007072131246222344,-0.29198855281090275,0.10020963040139619,-0.13604950962142162
2025-11-28 07:00:00+00:00,-0.28001796378260746,-0.07842037593313189,-0.14251775513415613,-0.015250121167194977,-0.11218348382512204,0.019467243214097683,-0.012527494587772954,-0.27663018660650945,0.09157664244359187,-0.13604950962142162
2025-11-28 08:00:00+00:00,-0.28001796378260746,-0.07842037593313189,-0.12295291924748006,-0.015250121167194977,-0.1060478583794818,0.019467243214097683,-0.018102689234315333,-0.26218319297945225,0.09157664244359187,-0.14682930351742593
2025-11-28 09:00:00+00:00,-0.27347729777207597,-0.06823067521514047,-0.109487442241215,-0.011113246124585419,-0.1039725183437598,0.013510591213412975,-0.017866697287329775,-0.23643809539615027,0.0930601248591009,-0.17608219186677182
2025-11-28 10:00:00+00:00,-0.27347729777207597,-0.05463154178086757,-0.109487442241215,-0.0205982508668281,-0.1039725183437598,0.013510591213412975,-0.03199595743441414,-0.21930659131963054,0.0930601248591009,-0.2057740916652034
2025-11-28 11:00:00+00:00,-0.27347729777207597,-0.04119517153047609,-0.08821209952132636,-0.0205982508668281,-0.1039725183437598,-0.002098949894734838,-0.046327237055910325,-0.20231489434055352,0.0930601248591009,-0.23508639142891471
2025-11-28 12:00:00+00:00,-0.27347729777207597,-0.02790993269661692,-0.06678438009376134,-0.0205982508668281,-0.08272682634438872,-0.0332163427763508,-0.060876575418982844,-0.18544623387354142,0.0930601248591009,-0.26412613691527476
2025-11-28 13:00:00+00:00,-0.27047861286638514,-0.0060557674649606655,-0.02684627067514596,-0.01039145259562654,-0.09094056642556295,-0.047323393629575425,-0.07228700562830268,-0.16011520937297255,0.1348770898212253,-0.3005849397931
2025-11-28 14:00:00+00:00,-0.27047861286638514,0.014465352190390765,0.007018237690663111,-0.01039145259562654,-0.09094056642556295,-0.07269365089014568,-0.09571272483429809,-0.1338380189661293,0.09383851198751249,-0.36656355949449937
2025-11-28 15:00:00+00:00,-0.27047861286638514,0.034801092686410795,0.03977743320537047,-0.01039145259562654,-0.09094056642556295,-0.09849585153705262,-0.119551387273299,-0.11619245325301325,0.09383851198751249,-0.4336693163445687
2025-11-28 16:00:00+00:00,-0.27047861286638514,0.01570463527551802,0.00897829028895597,-0.01039145259562654,-0.09094056642556295,-0.0756301354972535,-0.09891777580500881,-0.13214159752558333,0.1387466582637747,-0.39277332281145316
2025-11-28 17:00:00+00:00,-0.2578367618934835,0.01570463527551802,-0.02092031740482309,-0.01039145259562654,-0.09094056642556295,-0.0756301354972535,-0.07794537121264285,-0.14804976934766917,0.09383851198751249,-0.39277332281145316
2025-11-28 18:00:00+00:00,-0.21580882605324145,0.01570463527551802,-0.0500139174433262,-0.01039145259562654,-0.09094056642556295,-0.0756301354972535,-0.056605035230250865,-0.16392350791360547,0.1387466582637747,-0.39277332281145316
2025-11-28 19:00:00+00:00,-0.15657194070888683,0.023899624536418834,-0.06574240212205429,-0.0005142737580142808,-0.10325874079489697,-0.06502566997591878,-0.03180441023439573,-0.16914393152199172,0.19231444206203852,-0.38823513637831075
2025-11-28 20:00:00+00:00,-0.10135113492587124,0.03234911646135128,-0.0651241191541866,0.009658255745519916,-0.04972639659631388,-0.05412916111791401,-0.005332764790632021,-0.1747327322685578,0.2225258567927025,-0.38554000640974995
2025-11-28 21:00:00+00:00,-0.08700694018853972,0.04469473480696936,-0.08377897612961328,0.009658255745519916,-0.0059448971847172,-0.05412916111791401,0.01601915492612697,-0.17946730809254394,0.2225258567927025,-0.39155293457049567
2025-11-28 22:00:00+00:00,-0.09582339858767654,0.05738199136812799,-0.08377897612961328,0.009658255745519916,0.024158268273402027,-0.08328393899600889,0.03068864035003919,-0.18976257170750907,0.2462030631431469,-0.39155293457049567
2025-11-28 23:00:00+00:00,-0.08482668119589454,0.04547906237063978,-0.08377897612961328,-0.008003894896124372,0.024158268273402027,-0.08328393899600889,0.04459237815456007,-0.19596567861511374,0.2078768133445498,-0.39155293457049567
2025-11-29 00:00:00+00:00,-0.06405520547171695,0.035633146445604294,-0.09892265573993496,0.00998561510154469,0.0365504757979501,-0.07052230705866205,0.07564415383619807,-0.1784674625335738,0.22235365564532544,-0.35794805188077017
2025-11-29 01:00:00+00:00,-0.06405520547171695,0.02932104475821242,-0.11489666083033884,0.007393677102799878,0.03483285674003149,-0.07052230705866205,0.07755474604894971,-0.18170474051862234,0.22235365564532544,-0.3444447701983513
2025-11-29 02:00:00+00:00,-0.06405520547171695,0.022517840732043305,-0.13289667179654077,0.0019661689583279555,0.03159211344911393,-0.07052230705866205,0.07943792127980538,-0.18502897120802972,0.21751718015805888,-0.33186640292458264
2025-11-29 03:00:00+00:00,-0.06405520547171695,0.015093791593056223,-0.14547010473761318,-0.006676420720850795,0.02670274386310746,-0.07052230705866205,0.08129527991259154,-0.18844479422463004,0.2128179275078329,-0.32010065747936556
2025-11-29 04:00:00+00:00,-0.06405520547171695,0.027911718885563076,-0.13957852038407162,0.004816843605533649,0.021523412794807736,-0.07052230705866205,0.07459285176549406,-0.18797780214753101,0.2287303496946369,-0.31978284893667014
2025-11-29 05:00:00+00:00,-0.06697668236858395,0.03473064375547488,-0.12409601222041211,0.01690669516916314,0.028651970765745355,-0.06597216767768188,0.06824125923674827,-0.18797780214753101,0.24571420559079252,-0.31969916271538934
2025-11-29 06:00:00+00:00,-0.07391370981036757,0.03473064375547488,-0.10869308592558627,0.020787767513610337,0.033042054568922036,-0.05952603181202607,0.06359101051362004,-0.1837245098699357,0.24571420559079252,-0.31982429396261863
2025-11-29 07:00:00+00:00,-0.07803177562615284,0.03473064375547488,-0.09326501573641842,0.020787767513610337,0.039605729649665085,-0.04517530734115083,0.059483471710518536,-0.18145639940110056,0.24571420559079252,-0.31521432925864923
2025-11-29 08:00:00+00:00,-0.0821942515976204,0.04008401185447765,-0.06696427108527,0.020787767513610337,0.041674260789899116,-0.026040335653035603,0.05530652607413891,-0.1792005777600903,0.24571420559079252,-0.31917621298783816
2025-11-29 09:00:00+00:00,-0.09551564788334682,0.03812172509943305,-0.03240378536726261,0.015388425542396498,0.03683934776520254,-0.01758636338243603,0.03672067888429769,-0.17565466408504302,0.24594951154590766,-0.3443468074290394
2025-11-29 10:00:00+00:00,-0.10951893169431112,0.03668839498633498,-0.003976905558522243,0.017432513244235667,0.06376350180253813,-0.0062496988585876035,0.021339905893288436,-0.1740685223672568,0.24624943229322696,-0.35980222533703643
2025-11-29 11:00:00+00:00,-0.12129860426921805,0.05260869971709208,0.021079730771170226,0.028608347676034002,0.07043938342572356,0.020652259313744835,0.007164474711119438,-0.16853206589715886,0.24624943229322696,-0.3697907408300224
2025-11-29 12:00:00+00:00,-0.13320780041232874,0.06807224122866194,0.046071348906548265,0.03968201796797764,0.07043938342572356,0.03368215160172898,-0.007218346635766288,-0.16297689553411066,0.24624943229322696,-0.3798880323441437
2025-11-29 13:00:00+00:00,-0.15717566346478593,0.07818114772115156,0.037222909645068664,0.03143526809124915,0.05149396690548064,0.040937824391396205,-0.034007822698863495,-0.16245820632766617,0.19851011124374096,-0.4233246163537897
2025-11-29 14:00:00+00:00,-0.18265340529376758,0.08892043649304592,-0.015267148338604817,0.02290780140646702,0.03145847268260741,0.0487094732709657,-0.06263611231481675,-0.16200221629541955,0.1996447201197369,-0.4701394480408196
2025-11-29 15:00:00+00:00,-0.2097909312547275,0.10034625996327556,-0.026301995680142243,0.014071323392396685,0.045988366632214325,0.057037721393280866,-0.09329948796293273,-0.16775993687288518,0.14421252373288831,-0.520734673330462
2025-11-29 16:00:00+00:00,-0.1932902049042785,0.07558977015683425,-0.026301995680142243,0.014071323392396685,0.045988366632214325,0.03705874503215765,-0.07134740498868444,-0.16775993687288518,0.14421252373288831,-0.4998882418627391
2025-11-29 17:00:00+00:00,-0.17663637641626234,0.05146007627013657,-0.026301995680142243,0.014071323392396685,0.06745586948121364,0.01745987343385517,-0.04901381887219852,-0.15859727417291936,0.19596315485799123,-0.47873048213565494
2025-11-29 18:00:00+00:00,-0.15981857623611426,0.027906599587173533,-0.026301995680142243,-0.0030063831190222223,0.07844921161522123,-0.0017841094228193567,-0.026266480510293365,-0.12336377477190079,0.3129387842651295,-0.45722339448243504
2025-11-29 19:00:00+00:00,-0.141807671766854,0.019862773198376822,-0.015820309919746794,-0.003822298090665028,0.07885334340529525,-0.007554318997553917,0.01328317271586117,-0.02807436078520147,0.3997497615935802,-0.4372210245889571
2025-11-29 20:00:00+00:00,-0.10499325883672189,0.01130534590375697,0.019253853514825364,-0.014859058294467417,0.11032618799018089,-0.01379605745615182,0.05663046798891581,0.07080331217612552,0.3579014888586223,-0.4062361053388613
2025-11-29 21:00:00+00:00,-0.06458415892879053,0.0021921305900281115,0.03137472035535281,-0.04465807896749907,0.13736449374032345,-0.020542249680364923,0.10435384435403242,0.19797907978326076,0.31196786348099625,-0.3715205763905308
2025-11-29 22:00:00+00:00,-0.08074980859316376,-0.01745771977588707,0.062100203179860355,-0.07941460219298513,0.13409868675907302,-0.03807972220187679,0.09584483780239998,0.20421884092577253,0.30215056831450915,-0.3765476068897547
2025-11-29 23:00:00+00:00,-0.08536985437189917,-0.02284533978458542,0.06878132130011701,-0.06069577263174263,0.1487526302821693,-0.03283209063823248,0.10928254736783885,0.2305466722053742,0.326669418414392,-0.36263556706030253
2025-11-30 00:00:00+00:00,-0.06404218827349994,-0.02385322079721393,0.07005425833236345,-0.04382987481036795,0.16935145115951217,-0.02374309376002671,0.14028710430326957,0.25812690724107085,0.343376231822878,-0.3411946039695632
2025-11-30 01:00:00+00:00,-0.06404218827349994,-0.03125381539617187,0.06052275326687929,-0.05515478081112008,0.17128561921133104,-0.0267078784996956,0.1399338562311445,0.25226197047637366,0.343376231822878,-0.3365891551186626
2025-11-30 02:00:00+00:00,-0.06404218827349994,-0.04454985452139242,0.050706321944972745,-0.06679140852108206,0.1773921313244735,-0.02977173898031423,0.1398402927655449,0.24693153987194985,0.3423395493993986,-0.33210108249645104
2025-11-30 03:00:00+00:00,-0.06404218827349994,-0.054271013070173256,0.04048342030396488,-0.07990887063791628,0.17609806328187413,-0.03294339254688568,0.13995884168666525,0.24370439123869203,0.3423395493993986,-0.32772481678609444
2025-11-30 04:00:00+00:00,-0.06404218827349994,-0.040140697351670286,0.06928995160692354,-0.06249876553609133,0.18550243833421334,-0.027448986661351617,0.12654196580079163,0.21364033557810266,0.3190664101009043,-0.3300901250487376
2025-11-30 05:00:00+00:00,-0.06404218827349994,-0.015240998561974155,0.10099391395546568,-0.04176249837565837,0.2148703720594097,-0.021597396119300807,0.11400152103057226,0.19331631453899847,0.3423395493993986,-0.33247066560601024
2025-11-30 06:00:00+00:00,-0.0696727162809039,0.023781898172934916,0.11551147681801917,-0.01768096923291894,0.2127762625868403,-0.009199219050645574,0.120446479495133,0.1870057453724655,0.3423395493993986,-0.33247066560601024
2025-11-30 07:00:00+00:00,-0.07585748288488349,0.03344135556071418,0.12460036222673543,0.009199402338107126,0.22049702102203889,0.008296148810517155,0.11546862508572985,0.17806205843613004,0.3423395493993986,-0.3163732387553647
2025-11-30 08:00:00+00:00,-0.08215019172127032,0.04289929680585388,0.13329633875281133,0.03196228037810975,0.22240957634594416,0.024457867867836436,0.1104208643092486,0.1689027132407585,0.3190664101009043,-0.3007972876526981
2025-11-30 09:00:00+00:00,-0.10282312557560601,0.053074206127180355,0.16105738878028839,0.06235112156359974,0.2397319178156538,0.051815734940075506,0.09040268843233107,0.13974178303351045,0.31760094634302893,-0.28188515363833294
2025-11-30 10:00:00+00:00,-0.10887778244373715,0.05400956669817859,0.21959424861221225,0.10628057855082597,0.264099507421588,0.07524236373452371,0.07680539336850037,0.11865539151061415,0.292934510092843,-0.2622959071321322
2025-11-30 11:00:00+00:00,-0.10887778244373715,0.05400956669817859,0.21959424861221225,0.15187460812207046,0.2530162063252947,0.12904614687126692,0.06893444946387214,0.09529620692162077,0.2467805675005576,-0.2272270793758485
2025-11-30 12:00:00+00:00,-0.10887778244373715,0.05400956669817859,0.21959424861221225,0.1849814758185931,0.2530162063252947,0.1830049891398046,0.06099572389752056,0.07147679060815873,0.20231741285486887,-0.19261238623745583
2025-11-30 13:00:00+00:00,-0.11630052328881517,0.05555111062851364,0.21710551750547716,0.2114296264022216,0.25312175260792913,0.24584441577928745,0.041720879750790474,0.03228365100743822,0.1399750920482304,-0.15309989220988676
2025-11-30 14:00:00+00:00,-0.1241658011000307,0.08324825639076422,0.21466600840038713,0.2396036094564378,0.22951421402945357,0.31131941914100925,0.021151734444342544,-0.01041012246050049,0.08850350913495922,-0.11129672838888245
2025-11-30 15:00:00+00:00,-0.1241658011000307,0.12372121572636148,0.21466600840038713,0.2751798766633651,0.16566569402209272,0.3748297455370772,0.007191069461874069,-0.053951761896240326,0.01698096677783847,-0.0546755965471485
2025-11-30 16:00:00+00:00,-0.1241658011000307,0.0897608906904416,0.21466600840038713,0.25986770382483676,0.1906269614535226,0.32155606776171225,0.01859945554861333,-0.01930964999036583,0.01698096677783847,-0.08461201889279853
2025-11-30 17:00:00+00:00,-0.1241658011000307,0.05640952579059985,0.21466600840038713,0.22847331612249078,0.0954120735636587,0.284820383943418,0.03012540967878329,0.016356947239806248,0.07780504935668991,-0.07012279789313812
2025-11-30 18:00:00+00:00,-0.1049720503145213,0.023603938620411,0.21466600840038713,0.19755083266128276,0.13011613116535029,0.2290566724918847,0.04177344775170726,0.05317553908719654,0.07780504935668991,-0.05539060020905959
2025-11-30 19:00:00+00:00,-0.1049720503145213,0.00570920652489214,0.21466600840038713,0.18024443192610184,0.10840208632044096,0.19784407797281323,0.048366201739152334,0.0746097456449789,0.10984165736841058,-0.047781344786625976
2025-11-30 20:00:00+00:00,-0.08617276845633666,-0.011940675167524898,0.18929376548867324,0.16318795511731052,0.08623470783942136,0.16781840966295156,0.055034218051130984,0.09688988488861587,0.10984165736841058,-0.05514915801266534
2025-11-30 21:00:00+00:00,-0.08617276845633666,-0.029373620469091016,0.16373099768679408,0.14635830766153435,0.08623470783942136,0.1491132718295436,0.0617804492240275,0.1201297858272609,0.10984165736841058,-0.06878077655965557
2025-11-30 22:00:00+00:00,-0.07657137404575626,-0.046615718064367456,0.14465876245705137,0.14635830766153435,0.06909827769560986,0.12055676298053977,0.07532470300936213,0.1499323404412545,0.07780504935668991,-0.06878077655965557
2025-11-30 23:00:00+00:00,-0.08916446620663687,-0.06489378081547409,0.14465876245705137,0.14635830766153435,0.08888205253516712,0.10555662402818398,0.08145667689779808,0.1718893109322514,0.10984165736841058,-0.06878077655965557
2025-12-01 00:00:00+00:00,-0.08916446620663687,-0.04577446306158567,0.16373099768679408,0.14635830766153435,0.09936242189990369,0.10555662402818398,0.08145667689779808,0.18862417467316347,0.10984165736841058,-0.08663518329964931
2025-12-01 01:00:00+00:00,-0.08916446620663687,-0.04577446306158567,0.16052009015004617,0.14507521147192676,0.10077989275206271,0.10560356900135268,0.08145667689779808,0.18583456148788924,0.10984165736841058,-0.09166233183132559
2025-12-01 02:00:00+00:00,-0.08916446620663687,-0.04577446306158567,0.15807447687330084,0.14183003199856362,0.1012572325460813,0.1056951840831461,0.08145667689779808,0.18466202755980107,0.113391939103251,-0.09449849638010362
2025-12-01 03:00:00+00:00,-0.08916446620663687,-0.04577446306158567,0.16000132538121814,0.14144947617278977,0.10228698612016415,0.1058363328395755,0.08145667689779808,0.1836291983217352,0.11857314797432836,-0.10002931388894858
2025-12-01 04:00:00+00:00,-0.08916446620663687,-0.04577446306158567,0.16000132538121814,0.12954263299011598,0.11090739431907107,0.11400999710412496,0.08145667689779808,0.16839879371290922,0.07609353783225623,-0.09139167814710088
2025-12-01 05:00:00+00:00,-0.08302625326817195,-0.03618501142259658,0.1447784145738401,0.11891631640398674,0.1038969134219062,0.12182102777960936,0.08145667689779808,0.15902397049359912,0.0581303659529246,-0.08239016578584063
2025-12-01 06:00:00+00:00,-0.0759971942215854,-0.02548185304670157,0.12974342646557063,0.11424695628409369,0.09422809003897559,0.13401960707022118,0.06891895174936542,0.14330052706625676,0.04022779388584242,-0.07296953201989337
2025-12-01 07:00:00+00:00,-0.08379517960765799,-0.02548185304670157,0.1148624843687461,0.10960476302698174,0.08438473522135886,0.13401960707022118,0.048984661233932913,0.12716378318847776,0.022329876083948225,-0.08414821595460296
2025-12-01 08:00:00+00:00,-0.08901233056639107,-0.034385646423327206,0.09692765845349931,0.1107236670772361,0.0727172029025469,0.12252990481875717,0.037365772778623865,0.11284175583616957,-0.0063694805862008165,-0.08607634661859655
2025-12-01 09:00:00+00:00,-0.09451294405206524,-0.04384924470410156,0.08983707392015708,0.10737875648667297,0.06726699762692426,0.11011103881422467,0.024871018498376387,0.10029196319434862,-0.018134515360046982,-0.08810365726911139
2025-12-01 10:00:00+00:00,-0.10032081531934431,-0.05392735485552727,0.09886212721379248,0.10849772473403815,0.06536148807300811,0.10888054476070913,0.015813718422791667,0.09031975379182591,-0.030762085464820052,-0.09023807112296459
2025-12-01 11:00:00+00:00,-0.11496102167721528,-0.07825427909092045,0.12090800275366821,0.11230425192578768,0.05239571186090938,0.10709940029369269,-0.005869610779731746,0.06621249057365927,-0.06124797350129375,-0.09623745249554834
2025-12-01 12:00:00+00:00,-0.07568028113090887,-0.020883386740908755,0.07026849141826227,0.10847774110061113,0.03633094623505797,0.15146602943032061,-0.009489763101474131,0.03413182937372502,-0.043867233269831774,-0.0472707129172119
2025-12-01 13:00:00+00:00,-0.03961930031424911,0.03029390386583975,0.07834516390100213,0.12060745418770058,0.04797836589858908,0.1917994320553328,-0.012728695362191542,0.003817711451661838,-0.027389230737262925,0.05587527497362632
2025-12-01 14:00:00+00:00,-0.006387439633420879,0.07622617408948619,0.0861049606889589,0.14670121271157602,0.05911721495004972,0.24620951882526163,-0.015619025865314448,-0.024984547868615873,-0.011706345803550096,0.14163043916471008
2025-12-01 15:00:00+00:00,0.024342964740020286,0.11767766852614718,0.0935824923602375,0.17104209474643825,0.06980420399521302,0.29480300457554026,-0.018188021444450087,-0.02893137724767933,0.003271615436895482,0.2014231840696083
2025-12-01 16:00:00+00:00,0.004088459148574517,0.08761631669828913,0.0935824923602375,0.14682035372071986,0.08030104588751749,0.24126721524658812,-0.006647339099832688,-0.006317238666283014,0.003271615436895482,0.1584812799120788
2025-12-01 17:00:00+00:00,-0.015805797248500952,0.058782414977100676,0.0935824923602375,0.12283396154205632,0.05928170206295381,0.19046048723126716,0.005011357030115291,0.016801326864505705,-0.04985542625938483,0.10271502256139997
2025-12-01 18:00:00+00:00,-0.03536501050165214,0.031042800269129943,0.0935824923602375,0.11076055549178677,0.06965235050893086,0.14197006662184003,0.01679317771322307,0.040469106155639076,-0.10247349029387928,0.036770217643200764
2025-12-01 19:00:00+00:00,-0.0458425973612481,0.016060932985575045,0.0935824923602375,0.10399701040381996,0.06965235050893086,0.11520396000243144,0.01679317771322307,0.04729392650638482,-0.10247349029387928,0.002452465309225243
2025-12-01 20:00:00+00:00,-0.05616621072141803,0.0015802311164654533,0.07064198196875165,0.10399701040381996,0.04091829834672461,0.08948296139893416,0.01679317771322307,0.05423101556729499,-0.0736993257749908,-0.029758638070221537
2025-12-01 21:00:00+00:00,-0.07580674238437515,-0.012448527958166575,0.0935824923602375,0.11862105883919298,-0.007409341304714168,0.06466077084773332,0.01679317771322307,0.061285916561016826,-0.04471207763704013,-0.06028063143611878
2025-12-01 22:00:00+00:00,-0.07580674238437515,-0.02606852012671365,0.0935824923602375,0.1458478562434634,0.017277815696289084,0.056806898073882714,0.023396955676935487,0.0816491538157742,-0.015385024121140362,-0.08415002072150594
2025-12-01 23:00:00+00:00,-0.06532421255516285,-0.02606852012671365,0.0935824923602375,0.15070665916407788,-0.007282578054573988,0.056806898073882714,0.03607228850562743,0.09866828325196662,-0.07857350411612415,-0.09088121323687046
2025-12-02 00:00:00+00:00,-0.08777877340142902,-0.03464114659196065,0.0864224996784292,0.12913822373061834,-0.027423205816533486,0.034143190289382494,0.010715206747511601,0.08006021738735643,-0.0896011156226584,-0.1131627301792939
2025-12-02 01:00:00+00:00,-0.08777877340142902,-0.03128914517742642,0.09265694185872925,0.12935559365593194,-0.02859756824197616,0.032947705717211236,0.010715206747511601,0.08058080990485224,-0.0896011156226584,-0.11551444868077904
2025-12-02 02:00:00+00:00,-0.08777877340142902,-0.028097593791006188,0.0988881300467319,0.13033515255252037,-0.025246157788363435,0.03172921323088516,0.009494386841264291,0.08096156495651724,-0.07304147997151354,-0.11792847304973794
2025-12-02 03:00:00+00:00,-0.104990461134077,-0.04170272164181853,0.08240597348931812,0.11078573877447583,-0.04006934226967367,0.013518451760798737,-0.011964256337969903,0.06281390291789271,-0.08170816991714883,-0.13537531192190574
2025-12-02 04:00:00+00:00,-0.10035529256220606,-0.04170272164181853,0.05693013266929043,0.0979622074143333,-0.04006934226967367,0.023935014683200577,-0.008083629307264723,0.06281390291789271,-0.08170816991714883,-0.13285976413305348
2025-12-02 05:00:00+00:00,-0.10035529256220606,-0.04170272164181853,0.03245981895710429,0.08211564554296977,-0.05764071963903805,0.03456225275779027,-0.004098085329891836,0.058879264902387554,-0.10029463034255802,-0.13031552320547582
2025-12-02 06:00:00+00:00,-0.10035529256220606,-0.04170272164181853,0.008743717709342156,0.07249226522688104,-0.07026080486059122,0.04417164301770917,-0.016360841907054,0.05234372062471363,-0.11941299055473721,-0.12734607246536878
2025-12-02 07:00:00+00:00,-0.08038295532175156,-0.017193443679851084,0.010459125852930627,0.0658130320705079,-0.09084379502260748,0.06412500575880291,-0.012714293539989265,0.060884203081625905,-0.14492034452717809,-0.09685485552830647
2025-12-02 08:00:00+00:00,-0.06154431160217861,0.00574927805246644,-0.015554620386131873,0.0681748645823481,-0.11060004867861166,0.09294705536365334,0.0005030018181123539,0.06963341133103561,-0.15058347950433268,-0.06860897710390182
2025-12-02 09:00:00+00:00,-0.043757659746982425,0.02725905290143177,-0.0007695520897548285,0.06329103425709687,-0.1325101647765908,0.11944135837974783,0.013438225363643733,0.0707703110027785,-0.17468361593407375,-0.042385918785469476
2025-12-02 10:00:00+00:00,-0.04067898467245357,0.05335611996727792,-0.0030471098843094747,0.0587070674464438,-0.14794193087266844,0.1389089341026318,0.01735339736924733,0.06705126965639419,-0.17956954900546807,-0.04275364855779568
2025-12-02 11:00:00+00:00,-0.037353560249688125,0.09506846645400509,-0.0052358891494397285,0.043868733485575184,-0.15360236757896273,0.16790368412308984,0.015925075571235695,0.05342788107635076,-0.1828484309195377,-0.04276105295109838
2025-12-02 12:00:00+00:00,-0.034163554314893645,0.13384667651802035,-0.007350501481921341,0.029796204487571493,-0.16098340918205575,0.1948919136000188,0.014784661647865542,0.040540594628468506,-0.12334369941125248,-0.01769161625874105
2025-12-02 13:00:00+00:00,-0.027929133985933136,0.17792346538230067,0.019770028225023446,0.018975288611069334,-0.15385930927263597,0.26656188096707645,0.021096918896384355,0.031125638375944818,-0.08708870806598375,0.02989323927537845
2025-12-02 14:00:00+00:00,-0.0222136918522007,0.204782948458255,0.044926493002638755,0.026535159820095515,-0.11519439708083243,0.3257144821759848,0.027536596360472433,0.03923273091636,-0.021209492099038142,0.0864610760954995
2025-12-02 15:00:00+00:00,-0.019455250548914844,0.22918957542098195,0.0566872667833396,0.022071827015196104,-0.08373397149995661,0.3766273470318991,0.022232390249279536,0.03539352152946635,0.0443811620549904,0.13972341899498433
2025-12-02 16:00:00+00:00,-0.019455250548914844,0.2078971959337746,0.0566872667833396,0.022071827015196104,-0.10128198353847329,0.32107651795233094,0.03495258974057463,0.047215207872370886,0.0443811620549904,0.10736181058809496
2025-12-02 17:00:00+00:00,-0.037519781996247434,0.18697615076704047,0.0566872667833396,0.022071827015196104,-0.05134166502091828,0.2684901686687824,0.04786906239495893,0.05921404247888457,0.0443811620549904,0.06472049519999969
2025-12-02 18:00:00+00:00,-0.10330202378247691,0.16640133530567766,0.0566872667833396,0.022071827015196104,-0.09665328853390487,0.2296922674396232,0.06099200500292193,0.07139862590379424,0.0443811620549904,0.023303449804614795
2025-12-02 19:00:00+00:00,-0.13343453096557267,0.15373260941256847,0.03294671013217328,0.022071827015196104,-0.07102313150413345,0.20564033700902773,0.06923787095019066,0.07908823634984284,0.0443811620549904,0.010938600430925692
2025-12-02 20:00:00+00:00,-0.16474275356396215,0.12792710546173336,0.054952334310929885,0.022071827015196104,-0.10648050322526856,0.18258506981651182,0.07762886712297892,0.08690862367824417,0.0443811620549904,0.010938600430925692
2025-12-02 21:00:00+00:00,-0.16976814503279217,0.10328770515144738,0.054952334310929885,0.022071827015196104,-0.17924169040569804,0.1617127821593475,0.08617286308919353,0.09486641611830943,0.07650690187139367,0.017148226101632306
2025-12-02 22:00:00+00:00,-0.16976814503279217,0.07966114984373053,0.054952334310929885,0.022071827015196104,-0.21919052788946528,0.14762491333342276,0.09449477053214755,0.10226772973630656,0.13476169223270099,0.004896268549413505
2025-12-02 23:00:00+00:00,-0.16976814503279217,0.0689661380245087,0.033964250958007904,0.029042557410905764,-0.23946629731867328,0.1423854971520181,0.09449477053214755,0.10823571547020111,0.13476169223270099,-0.01355298804788702
2025-12-03 00:00:00+00:00,-0.1932143831385543,0.04550239047332323,0.01726727613570788,0.006122137804494946,-0.26575555437265563,0.115951743678089,0.07929313769633892,0.08503762260890275,0.13020532892207645,-0.03182960753857996
2025-12-03 01:00:00+00:00,-0.19871811578664017,0.04550239047332323,0.024025776915081284,0.0035453762924330086,-0.28282322160148743,0.1136198065891098,0.08091179559911618,0.08634052634978948,0.1351892846448007,-0.03436674502320967
2025-12-03 02:00:00+00:00,-0.19871811578664017,0.04550239047332323,0.024025776915081284,-0.0018299196064796195,-0.3039557287466992,0.11127204688146969,0.08091179559911618,0.08917901179397782,0.13020532892207645,-0.03704808155032856
2025-12-03 03:00:00+00:00,-0.2166458824074184,0.02781975671200107,0.008222525471798144,-0.019107177164800475,-0.3184328792831198,0.09511365135488371,0.06417632055225414,0.07562402078404616,0.12475195338382775,-0.0521417862707296
2025-12-03 04:00:00+00:00,-0.21695422700408706,0.03171054145718555,0.0021754476482032017,-0.019107177164800475,-0.3184328792831198,0.1019798478853176,0.06417632055225414,0.07562402078404616,0.14019981151222918,-0.05077420420257427
2025-12-03 05:00:00+00:00,-0.21695422700408706,0.035472478453127586,0.0021754476482032017,-0.019107177164800475,-0.3189529894532278,0.10854240472665277,0.06417632055225414,0.07562402078404616,0.14019981151222918,-0.04938852928568269
2025-12-03 06:00:00+00:00,-0.21772838049677265,0.04217871816086521,0.0021754476482032017,-0.016929728468579718,-0.3205208411851131,0.11556741732914458,0.06657778211089015,0.07723882304057798,0.14019981151222918,-0.0479838253634973
2025-12-03 07:00:00+00:00,-0.20658400375029212,0.055816950839711145,0.0006176953899777866,0.0020235264829890636,-0.3192633817465174,0.14086192135753434,0.08078182400648348,0.08724395847058106,0.1607540754561358,-0.02889703735552848
2025-12-03 08:00:00+00:00,-0.198014989707719,0.07468057770080526,0.016924288899715065,0.01858230160219374,-0.3181903172134658,0.1611946329160144,0.0910029815276168,0.09828343835437281,0.17656786274248326,-0.01736241877311695
2025-12-03 09:00:00+00:00,-0.18995407188931884,0.09196521343460784,0.03201837990487694,0.027634028629508645,-0.3245807978705583,0.17958136512968265,0.10056705055642934,0.10859543356539955,0.16582948123575925,-0.006571040613416016
2025-12-03 10:00:00+00:00,-0.19014617914937992,0.10786457533300692,0.06106966322510158,0.02993742746570425,-0.3334056190432538,0.18759294977417146,0.10346012810731388,0.11296999028104446,0.15573796924643943,-0.002099114520137605
2025-12-03 11:00:00+00:00,-0.18912772148566603,0.13363359841548586,0.10661191220027412,0.033523390081766254,-0.32859605994017915,0.19990068844638645,0.1075277818721494,0.11945038007725975,0.13846697981594547,0.005268302230496928
2025-12-03 12:00:00+00:00,-0.20216825818026377,0.14815356298525162,0.15538172433845693,0.033523390081766254,-0.3137720533855299,0.22767631678718867,0.09691689989469462,0.11945038007725975,0.13846697981594547,0.024309577844071516
2025-12-03 13:00:00+00:00,-0.21527680764601603,0.16243224781334015,0.17699182250334536,0.033523390081766254,-0.3471155180001014,0.26260505123667405,0.08623166848555149,0.11945038007725975,0.13846697981594547,0.024309577844071516
2025-12-03 14:00:00+00:00,-0.22517915083522452,0.18500071477681432,0.21257999386678814,0.04394370534076502,-0.33536868190172026,0.2961576698590991,0.07700231988035926,0.12103084128383182,0.14938241219676585,0.03507541280066589
2025-12-03 15:00:00+00:00,-0.23469666631473982,0.20622651561586308,0.24515465295928604,0.05403970905185247,-0.334429822562874,0.3272787711200305,0.06824818094446444,0.11383047360373208,0.15999922041721568,0.0542179578831523
2025-12-03 16:00:00+00:00,-0.22007856017124058,0.18644704373493967,0.2120147089813474,0.05403970905185247,-0.334429822562874,0.30290189571089277,0.08177437463121981,0.1258671929952354,0.15999922041721568,0.03156760332323699
2025-12-03 17:00:00+00:00,-0.22007856017124058,0.16703857054760085,0.18034253953577783,0.05403970905185247,-0.3274372117988024,0.2660494059995649,0.08177437463121981,0.138014202835994,0.15999922041721568,0.020371592566385467
2025-12-03 18:00:00+00:00,-0.21789598143997765,0.16053986038771784,0.1679090770600699,0.0657332186356175,-0.33354779112625743,0.24586898030966786,0.09075667434150517,0.14804495671982643,0.17539919821914535,0.031226511143507746
2025-12-03 19:00:00+00:00,-0.23902849325040135,0.14777295155288606,0.14756694237651533,0.0657332186356175,-0.3288913838898073,0.22199791647991368,0.10026475380350856,0.1568044800783256,0.21243153243222282,0.031226511143507746
2025-12-03 20:00:00+00:00,-0.26667096983377137,0.135227876351323,0.12799546705746767,0.0657332186356175,-0.3288913838898073,0.19882193084447303,0.10026475380350856,0.16571355151469075,0.21243153243222282,0.031226511143507746
2025-12-03 21:00:00+00:00,-0.28234920775349315,0.12289173579542596,0.11076203555432847,0.0657332186356175,-0.32607891918713056,0.17627231025346354,0.10026475380350856,0.17477926355512413,0.21243153243222282,0.031226511143507746
2025-12-03 22:00:00+00:00,-0.28959975589780146,0.11075248793396342,0.0776345415985786,0.05749601007713329,-0.3818785329808485,0.15650514842010543,0.10951163123335755,0.1667463128064815,0.21243153243222282,0.02387189338062769
2025-12-03 23:00:00+00:00,-0.29904873090203166,0.10010770223809527,0.0776345415985786,0.05749601007713329,-0.3371153622245174,0.15650514842010543,0.10951163123335755,0.17210237617335772,0.25076666398358183,0.009640273077961161
2025-12-04 00:00:00+00:00,-0.3061337702017725,0.09459364109384329,0.0633083053334902,0.05749601007713329,-0.32730772409649533,0.15355485814821956,0.10951163123335755,0.17210237617335772,0.2541934179587697,0.006497351867596587
2025-12-04 01:00:00+00:00,-0.3134392633724989,0.09138337392790437,0.048577577397357845,0.060275095100219694,-0.32730772409649533,0.15057993777968778,0.10951163123335755,0.17210237617335772,0.258105155918162,0.0032853092458885002
2025-12-04 02:00:00+00:00,-0.3334105152573489,0.07033488797476495,0.03726210785304485,0.042415130718725436,-0.33817119304869053,0.1346934533634255,0.09103763244001675,0.15517492213475553,0.24994161444322668,-0.014719807973303056
2025-12-04 03:00:00+00:00,-0.3334105152573489,0.07033488797476495,0.042077104619765646,0.042415130718725436,-0.3354269562398331,0.14143253013720825,0.09103763244001675,0.15517492213475553,0.24994161444322668,-0.014097540525889553
2025-12-04 04:00:00+00:00,-0.3334105152573489,0.07033488797476495,0.047224982993246414,0.042415130718725436,-0.3322696570437123,0.14586404067678124,0.09103763244001675,0.15517492213475553,0.24994161444322668,-0.013463063366015457
2025-12-04 05:00:00+00:00,-0.3334105152573489,0.07227451960266773,0.05277675971738613,0.04489454306842992,-0.3322696570437123,0.1479541808986098,0.09103763244001675,0.15517492213475553,0.24994161444322668,-0.012815617627313355
2025-12-04 06:00:00+00:00,-0.33181911146047993,0.07365338982413468,0.058824175201892974,0.04489454306842992,-0.3321917854900789,0.14870329547394084,0.09309290604951782,0.15507466579348997,0.24994161444322668,-0.012815617627313355
2025-12-04 07:00:00+00:00,-0.3378280084582231,0.08144166629293721,0.058824175201892974,0.04489454306842992,-0.3260773823496063,0.16247341383128736,0.09309290604951782,0.15112765481670196,0.26858316585306874,-0.01805031714308077
2025-12-04 08:00:00+00:00,-0.3378280084582231,0.08913786324747383,0.07293559534980618,0.03971855411207389,-0.29185942173965296,0.17105300606798998,0.08807358668393389,0.1471374336815511,0.26858316585306874,-0.01277548249605556
2025-12-04 09:00:00+00:00,-0.3378280084582231,0.09674845042904058,0.07293559534980618,0.03435686735498155,-0.2866906377123788,0.17556457912640436,0.0829812856710945,0.1471374336815511,0.26858316585306874,-0.01277548249605556
2025-12-04 10:00:00+00:00,-0.3378280084582231,0.10427950494248422,0.08728038327628743,0.028861773744153555,-0.2727428818542658,0.18059383009651125,0.07749491342658624,0.1471374336815511,0.26858316585306874,0.0027205813558333685
2025-12-04 11:00:00+00:00,-0.3378280084582231,0.11856036614034789,0.1136149209627659,0.018755332484942062,-0.2616936469313792,0.1898658283984223,0.06697839356867094,0.1471374336815511,0.305478184020795,0.03133272478804137
2025-12-04 12:00:00+00:00,-0.3378280084582231,0.1326914795508631,0.14043899584176994,0.018755332484942062,-0.2677894217830367,0.20783894217489168,0.05636261757871007,0.1471374336815511,0.305478184020795,0.04076617800693681
2025-12-04 13:00:00+00:00,-0.3417123073194808,0.1474231800507988,0.14128561499101233,0.02729230060176431,-0.25804576950628144,0.20094709886674839,0.03733831540033757,0.14496473895206302,0.2973559615729552,0.03573758413793139
2025-12-04 14:00:00+00:00,-0.3417123073194808,0.1684880417340276,0.14128561499101233,0.04202357260872014,-0.25804576950628144,0.20094709886674839,0.02102270799372442,0.131337565349363,0.2973559615729552,0.03573758413793139
2025-12-04 15:00:00+00:00,-0.3417123073194808,0.18935655297628673,0.14128561499101233,0.05656792051043697,-0.24850130011759516,0.21351810238826574,0.00452993723923612,0.11758564561537713,0.24037061330279338,0.03573758413793139
2025-12-04 16:00:00+00:00,-0.3417123073194808,0.16955248877616444,-0.021026103208612035,0.05656792051043697,-0.2318799180525656,0.21351810238826574,0.01909115247522284,0.1308055645331265,0.24037061330279338,0.03573758413793139
2025-12-04 17:00:00+00:00,-0.3279818522349048,0.14997561298800477,-0.13209339031545422,0.05656792051043697,-0.17156989305053122,0.21351810238826574,0.01909115247522284,0.14417715799842415,0.2972763589796288,0.03573758413793139
2025-12-04 18:00:00+00:00,-0.29451853613085627,0.14030498576972147,-0.18752522290629087,0.06852888396994457,-0.14803948823394664,0.22270319469538702,0.029058089991276875,0.1653359797288476,0.31624647937992517,0.04654429614146629
2025-12-04 19:00:00+00:00,-0.29031078970093915,0.12743523579005384,-0.2212380711529281,0.06852888396994457,-0.14255307901555572,0.21368605796196738,0.0192888495129605,0.17470031439809536,0.27709483475729413,0.04654429614146629
2025-12-04 20:00:00+00:00,-0.2873791177402829,0.12743523579005384,-0.27158348043166025,0.06852888396994457,-0.11855919661227234,0.20478473385928203,0.00031943809228991444,0.18418835610949424,0.27709483475729413,0.04654429614146629
2025-12-04 21:00:00+00:00,-0.2873791177402829,0.113903441245278,-0.30631764063216393,0.06852888396994457,-0.028268213664151207,0.187836806833138,-0.02644858756284088,0.19380550744479383,0.27709483475729413,0.04654429614146629
2025-12-04 22:00:00+00:00,-0.2791817545759146,0.113903441245278,-0.3475411601977003,0.07673069428617965,-0.028268213664151207,0.17972791864126547,-0.035209041272884045,0.20215107454916037,0.25392304708129854,0.04654429614146629
2025-12-04 23:00:00+00:00,-0.26719118284168186,0.113903441245278,-0.38170921713865225,0.08403517377123125,0.028510797598752878,0.16110103162473197,-0.026155158097714876,0.20215107454916037,0.25392304708129854,0.054303719767366476
2025-12-05 00:00:00+00:00,-0.2596385723715461,0.113903441245278,-0.4082061890688515,0.08403517377123125,0.036029981239988046,0.1595888417317569,-0.026155158097714876,0.20215107454916037,0.25392304708129854,0.05719202893978591
2025-12-05 01:00:00+00:00,-0.2523231525338277,0.11113113800679571,-0.4516093207617237,0.08403517377123125,0.036029981239988046,0.15807436626133048,-0.026155158097714876,0.20215107454916037,0.25054218837203635,0.06002126762404595
2025-12-05 02:00:00+00:00,-0.2523231525338277,0.10830515857264973,-0.48372248613488333,0.08403517377123125,0.045684305829083206,0.154532435232314,-0.02189903372639134,0.20215107454916037,0.25392304708129854,0.05719202893978591
2025-12-05 03:00:00+00:00,-0.2504613780268579,0.10830515857264973,-0.48523256313554386,0.08207821334115109,0.044863614375132796,0.15765769291808168,-0.022498287180478325,0.20215107454916037,0.25392304708129854,0.05719202893978591
2025-12-05 04:00:00+00:00,-0.24869349333196128,0.10830515857264973,-0.48873906153128605,0.08207821334115109,0.04318054273068703,0.1609222465884425,-0.023087484437321087,0.20215107454916037,0.25392304708129854,0.05719202893978591
2025-12-05 05:00:00+00:00,-0.24869349333196128,0.10505822554923343,-0.48597138534276485,0.08044261816734449,0.04083592964534148,0.16375314266857527,-0.023667213063693567,0.19972016025882114,0.25392304708129854,0.05719202893978591
2025-12-05 06:00:00+00:00,-0.25415851707433196,0.10517480079024427,-0.47056682545798234,0.06584031691762715,0.03340033726293194,0.1509213130631976,-0.024522620786672278,0.20019988421478743,0.24698245724618584,0.040883101182533195
2025-12-05 07:00:00+00:00,-0.2606336586298167,0.11270229326360334,-0.44295342443434776,0.05601911249998463,0.03340033726293194,0.1509213130631976,-0.024522620786672278,0.19594746103980584,0.22675739675707698,0.015080610097351822
2025-12-05 08:00:00+00:00,-0.26715424843797986,0.11270229326360334,-0.4178483876781339,0.04602309074491206,0.03702781258948777,0.1509213130631976,-0.024522620786672278,0.19166310307991907,0.20628424925175168,0.005040326422012675
2025-12-05 09:00:00+00:00,-0.2737224355194765,0.11270229326360334,-0.40451365271868855,0.03560358311253511,0.051554960612315966,0.14624561482466517,-0.03001667809889325,0.18734513680308693,0.20628424925175168,-0.005055130080587149
2025-12-05 10:00:00+00:00,-0.2737224355194765,0.11270229326360334,-0.39636891555052667,0.024944497108014645,0.04767520667183869,0.1405203423613368,-0.03544254522682057,0.1766597172187316,0.20628424925175168,-0.01512466528734685
2025-12-05 11:00:00+00:00,-0.2737224355194765,0.11270229326360334,-0.3813323545687184,0.005281338282117244,0.006682658717934055,0.13006005106443658,-0.04551132808507171,0.1563464724523616,0.20628424925175168,-0.03376821510781866
2025-12-05 12:00:00+00:00,-0.2737224355194765,0.11270229326360334,-0.3487825384751367,-0.014312105044096498,-0.026837087772209983,0.10961913593564293,-0.055607326155711304,0.1359528707320302,0.16446993558771847,-0.061861859357778055
2025-12-05 13:00:00+00:00,-0.2737224355194765,0.11270229326360334,-0.31688666124536313,-0.03407016416592314,-0.026837087772209983,0.07930405173373098,-0.06573282283962929,0.1154592324532009,0.16446993558771847,-0.1000978118776079
2025-12-05 14:00:00+00:00,-0.2737224355194765,0.11270229326360334,-0.27191369974393087,-0.06359896517052109,-0.036786564850464734,0.033956652087655095,-0.0805364727180457,0.08511747151736969,0.16446993558771847,-0.15670361402740204
2025-12-05 15:00:00+00:00,-0.2737224355194765,0.11270229326360334,-0.22757564893062246,-0.09388982521961926,-0.0762310896999475,-0.012250787508484667,-0.09538775172525989,0.0545494366655388,0.16446993558771847,-0.21463940626109818
2025-12-05 16:00:00+00:00,-0.2737224355194765,0.11270229326360334,-0.2649559265560052,-0.0684038684498762,-0.06758953632759204,0.015571455973733774,-0.08232925897692563,0.08261824337979219,0.2284403460833621,-0.16629143504145427
2025-12-05 17:00:00+00:00,-0.2594454918724155,0.11270229326360334,-0.30220856373985744,-0.04225230744917033,-0.05899594956176259,0.058038848097535435,-0.056298126880406606,0.1109902228086294,0.2956076415360145,-0.11690711565699471
2025-12-05 18:00:00+00:00,-0.25037087146307335,0.11270229326360334,-0.32595912787447695,-0.025075764957183548,-0.042110337701173874,0.07722100098286591,-0.03937410692557475,0.14008758211664415,0.2956076415360145,-0.093336791495996
2025-12-05 19:00:00+00:00,-0.21974781375028687,0.11270229326360334,-0.3497779871071279,-0.007392306217533679,-0.05315009304420366,0.0969305755142127,-0.02221522684245553,0.1701897779388458,0.2956076415360145,-0.06905731956022111
2025-12-05 20:00:00+00:00,-0.1760063884586197,0.11270229326360334,-0.36300384900026117,0.010851197882437883,-0.05837114425878603,0.1072212119621284,0.004037036099747726,0.2014421426544028,0.2956076415360145,-0.04396508799559806
2025-12-05 21:00:00+00:00,-0.13180065464659013,0.11270229326360334,-0.3790644305156693,0.029715245964132525,0.010260527768790325,0.11771472960790581,0.03126529113922196,0.23401411143783668,0.2956076415360145,-0.017939022008795068
2025-12-05 22:00:00+00:00,-0.10994987428328333,0.11270229326360334,-0.4094148423347894,0.039158935473002844,0.028802566098926098,0.11771472960790581,0.03126529113922196,0.2554261116469026,0.2956076415360145,0.0
2025-12-05 23:00:00+00:00,-0.09775130506076099,0.10050941902991241,-0.44785086945390246,0.039158935473002844,0.010634420434631782,0.10251690783927067,0.03996914859904091,0.2496181567073674,0.3234542735751061,0.026751205334012016
2025-12-06 00:00:00+00:00,-0.07327887398307271,0.0980388310671178,-0.463039536170379,0.0531835067670241,-0.022883485759630773,0.12719588381895497,0.06876823590935306,0.26912934886325784,0.32020981744338367,0.047100249809666685
2025-12-06 01:00:00+00:00,-0.06711285178692555,0.08953245791631699,-0.48290009223985814,0.0497527762057899,-0.003556940420634186,0.12719588381895497,0.07154076942354458,0.26912934886325784,0.3176184789122394,0.0504246264916248
2025-12-06 02:00:00+00:00,-0.05110822945790407,0.10351855508944068,-0.49168158017950436,0.0663013619544651,0.0026515193896135343,0.1445607373818378,0.09099647040730258,0.28452877357586476,0.3208069872624733,0.06523564000433757
2025-12-06 03:00:00+00:00,-0.05174452829072227,0.11089781000281146,-0.495617750613896,0.0663013619544651,0.0026515193896135343,0.1417028709738285,0.0869763262117954,0.275161783049858,0.30346273249878103,0.06360798096388451
2025-12-06 04:00:00+00:00,-0.05237960416256689,0.11920267866210851,-0.5035484523228961,0.0663013619544651,0.0033311260759549812,0.13894709496596644,0.08320822461696437,0.26651179549810056,0.30346273249878103,0.06202391755952441
2025-12-06 05:00:00+00:00,-0.05301349407204251,0.11920267866210851,-0.509800571502683,0.0663013619544651,0.005359741834157048,0.13628676211739854,0.07966277793860388,0.25612260086856875,0.30346273249878103,0.060481048264012176
2025-12-06 06:00:00+00:00,-0.052070425244175496,0.11670323137049175,-0.5175984697226225,0.0663013619544651,0.0066927630412553125,0.13667203356613344,0.07809031566652772,0.2549876293000759,0.30346273249878103,0.05897715224393958
2025-12-06 07:00:00+00:00,-0.05648522152105028,0.10886172432456534,-0.50955894857388,0.05550114957219896,0.004003928981177274,0.1236879692517988,0.06637689904664414,0.24192144479065728,0.288621242527225,0.04776582293134827
2025-12-06 08:00:00+00:00,-0.06435000259698126,0.10886172432456534,-0.4945527068201117,0.06123341720351916,-0.012171227736613588,0.1236879692517988,0.06140877610726555,0.22834698251870328,0.30665295782127266,0.03740172531654756
2025-12-06 09:00:00+00:00,-0.07231931071058038,0.10886172432456534,-0.49093216337687506,0.0726628814434966,-0.016246922907761037,0.12877604656254565,0.05638504324091983,0.21444553297233984,0.30665295782127266,0.03203569662087332
2025-12-06 10:00:00+00:00,-0.0799131133738594,0.10886172432456534,-0.4882988251557293,0.08442810644927537,-0.02452293332921348,0.13432490331121644,0.0511444458243236,0.1900375088764811,0.30665295782127266,0.02659320903026605
2025-12-06 11:00:00+00:00,-0.0920062939638888,0.10287543195548758,-0.46689870731474065,0.09721258818767856,-0.03448990754922761,0.13825599413429637,0.03361041277444276,0.1536682164728417,0.27544685102925054,0.00824735530060608
2025-12-06 12:00:00+00:00,-0.10608781514055625,0.10287543195548758,-0.4448663126450375,0.10795016876574241,-0.049537725910841886,0.13825599413429637,0.013498548983972711,0.10626466310955063,0.2360994385056395,-0.0023751137793981414
2025-12-06 13:00:00+00:00,-0.12019688761671879,0.10287543195548758,-0.4223339174866425,0.10795016876574241,-0.0729811854297785,0.12801966808944643,-0.006778586475430042,0.05793498420808006,0.1953992238714862,-0.013169592275281628
2025-12-06 14:00:00+00:00,-0.14077392230245933,0.09742493739154288,-0.3741586696451893,0.08400412761230475,-0.10320650529467143,0.10589196654597993,-0.035829372296102606,-0.007362314549629123,0.1365829486520207,-0.05527522402308918
2025-12-06 15:00:00+00:00,-0.16251488008616224,0.09181643502482832,-0.31717106706886267,0.05846145040771327,-0.12298428990179963,0.08233256951571755,-0.06668489115673228,-0.07824582382929342,0.0877495526144303,-0.10131955713114789
2025-12-06 16:00:00+00:00,-0.14507586046990326,0.09181643502482832,-0.22370335894026677,0.05846145040771327,-0.13238534530254187,0.08233256951571755,-0.0412537337349354,-0.014541354433504485,0.14890283794456735,-0.0881014135651266
2025-12-06 17:00:00+00:00,-0.12762002281673082,0.09181643502482832,-0.11918777548621201,0.07361043113153802,-0.19127357878933673,0.08233256951571755,-0.0026134822393321386,0.05173375933529893,0.14890283794456735,-0.06118583348525692
2025-12-06 18:00:00+00:00,-0.10632234927092561,0.09181643502482832,-0.046618402799734296,0.08366727509027165,-0.19632566981317348,0.08233256951571755,0.014053217515794567,0.09602521419984104,0.19179303001503964,-0.04397142328048881
2025-12-06 19:00:00+00:00,-0.06620955786099132,0.09181643502482832,0.042737313354249164,0.09396051141181529,-0.21237261228047202,0.08233256951571755,0.03139961141346636,0.14291047908783938,0.2381259694712444,-0.02588097743532288
2025-12-06 20:00:00+00:00,-0.0067576268143003295,0.09181643502482832,0.11221967342610205,0.10450520953409824,-0.19525927829469897,0.08233256951571755,0.05925760185744814,0.19303960145016402,0.2381259694712444,-0.006781242718647199
2025-12-06 21:00:00+00:00,0.07626749685833618,0.09181643502482832,0.2148469798335453,0.12583300759161753,-0.23506222698452175,0.08233256951571755,0.1013619421343387,0.24726487638561642,0.19179303001503964,0.013491716941968719
2025-12-06 22:00:00+00:00,0.09524747476464136,0.07614231480693172,0.27073471802051613,0.1064083439037805,-0.21676298102999178,0.07253570287351956,0.11217031763887587,0.2723849189167837,0.19179303001503964,0.02406589169117098
2025-12-06 23:00:00+00:00,0.09524747476464136,0.0621738138767167,0.29042758924658196,0.08020535730519751,-0.21676298102999178,0.06368696201942768,0.11217031763887587,0.28025065654911935,0.2216594949102947,0.034208555336542705
2025-12-07 00:00:00+00:00,0.11410968551543058,0.06282153536113422,0.3125632835387996,0.09683332187138742,-0.233573273948698,0.07282321063117775,0.1411337320369384,0.30070017074062644,0.2597435948460282,0.05089098106151561
2025-12-07 01:00:00+00:00,0.11410968551543058,0.05348273197241832,0.3275296871031311,0.09065907450444866,-0.22650710602306506,0.06999799171206021,0.143976657325344,0.30070017074062644,0.2597435948460282,0.05089098106151561
2025-12-07 02:00:00+00:00,0.11410968551543058,0.0432560625371001,0.3422969227863826,0.08430264457866964,-0.2488027627299025,0.06999799171206021,0.14682671083589738,0.30070017074062644,0.25331819465096855,0.05434900743473844
2025-12-07 03:00:00+00:00,0.11410968551543058,0.05307062743705388,0.3404571555886752,0.09630475429381848,-0.2488835419611365,0.07494745093608508,0.13980292935426136,0.29084346105454845,0.24076689385271108,0.051892326893979504
2025-12-07 04:00:00+00:00,0.11410968551543058,0.06495833377037379,0.33892966877672914,0.10541736184520252,-0.24972219476217533,0.0801824667960812,0.1332745902151427,0.2815991937017206,0.24076689385271108,0.04950343504623818
2025-12-07 05:00:00+00:00,0.10868199568072257,0.08004697467487334,0.3377329839196445,0.11537497365077101,-0.24750805264430498,0.0881090615890897,0.1303916810841843,0.2728992921046564,0.24076689385271108,0.0471780612598848
2025-12-07 06:00:00+00:00,0.10868096455154826,0.09000377702358286,0.3241686926549627,0.14055299539199215,-0.23228818529916614,0.10444523602965207,0.12454479518635206,0.2484603585731257,0.24173499983311145,0.05978855844709425
2025-12-07 07:00:00+00:00,0.09602132573879958,0.08570877685451823,0.3096695658604616,0.13810769569004805,-0.22910541586283042,0.09156915027062233,0.10732347410842634,0.2266113575468182,0.24275741437449588,0.07840741967297697
2025-12-07 08:00:00+00:00,0.08316493341389344,0.10046587970016294,0.289615973123414,0.14632299192131784,-0.22222857891068612,0.0980289646598691,0.09567377869940641,0.19988425463308362,0.24275741437449588,0.08558984400384051
2025-12-07 09:00:00+00:00,0.08316493341389344,0.11467443415483365,0.2562551537201717,0.15547365142470754,-0.23550489060509303,0.12155196333329651,0.0895564932143437,0.17127302591297902,0.2115988684630498,0.09267600039760565
2025-12-07 10:00:00+00:00,0.07011164831051188,0.12840017033622753,0.18845957401489868,0.16574444441007716,-0.2313645214425882,0.1476090623662873,0.08306020954628958,0.1426942186068446,0.2115988684630498,0.10706566061809761
2025-12-07 11:00:00+00:00,0.0456433006479012,0.13819326074936666,0.13556695764087034,0.188605126394304,-0.20107889142540866,0.18005031220176587,0.06975577028721122,0.09926444074196045,0.21362230315548988,0.12272311500920946
2025-12-07 12:00:00+00:00,0.02107619247951977,0.1631733651572679,0.061887332234338115,0.20662017390296866,-0.1916136908175737,0.22608441344401164,0.05781453096299215,0.045000135043027016,0.21362230315548988,0.14835489064648577
2025-12-07 13:00:00+00:00,-0.003993824110383969,0.18740826242445183,-0.011620024940646019,0.22334853309469643,-0.16148068991078302,0.2797521364344594,0.0457867403997203,-0.010946270738750681,0.12420823092746262,0.17361294163856858
2025-12-07 14:00:00+00:00,-0.043541344605396555,0.21096985655948577,-0.10461759353983914,0.2243685592765503,-0.18420245967561277,0.3516411370023269,0.026011588626071946,-0.08912272808462704,0.01232985323475832,0.20337249933682144
2025-12-07 15:00:00+00:00,-0.08630152845655267,0.23570615536694814,-0.20455416096156143,0.2255777345537169,-0.1679016492372458,0.41845310390559187,0.004979175758667915,-0.17547614742620546,-0.06087840416044997,0.23474265742344716
2025-12-07 16:00:00+00:00,-0.05761097681259561,0.20306155692787398,-0.12121994097814733,0.2255777345537169,-0.14391771611040477,0.34860753859406485,0.019091721689600532,-0.1110467865829639,-0.06087840416044997,0.20367952665715142
2025-12-07 17:00:00+00:00,-0.028211278005723,0.17142711647642053,-0.03629289078464785,0.2255777345537169,-0.12066912120481517,0.28159475407169965,0.03332728492539686,-0.043403474351281654,-0.06087840416044997,0.17311118541208287
2025-12-07 18:00:00+00:00,-0.009863007361503999,0.1517456472809608,0.017032537676920208,0.2255777345537169,-0.12066912120481517,0.24721764130536686,0.04218884038547836,0.0,-0.028905174941195457,0.16330924147746279
2025-12-07 19:00:00+00:00,-0.009863007361503999,0.1326280032902617,0.07243699526223553,0.2255777345537169,-0.10068258494508563,0.21418486855165286,0.04218884038547836,0.030965454231805935,-0.028905174941195457,0.15362388716459494
2025-12-07 20:00:00+00:00,-0.009863007361503999,0.11402467943804903,0.09920830472908787,0.23730765798001852,-0.08141516556512832,0.1803946217138863,0.04218884038547836,0.06443788617761209,0.00531766967105026,0.14404999170129335
2025-12-07 21:00:00+00:00,-0.009863007361503999,0.09589129956741796,0.09920830472908787,0.23730765798001852,-0.08141516556512832,0.14838280785809652,0.04218884038547836,0.10103572374983165,0.03833311113217188,0.13458266679206143
2025-12-07 22:00:00+00:00,0.00900684329688337,0.07818791294875693,0.1465955629892532,0.26202794958335096,-0.04290072754877144,0.12677908700300616,0.06040806103597299,0.17527764776173838,0.07034328726867684,0.14404999170129335
2025-12-07 23:00:00+00:00,0.02793037257696787,0.07818791294875693,0.1795400291129725,0.27136619405713164,-0.02690816624919087,0.10191183139229329,0.06875250357049792,0.20243718797539953,0.005654291551402049,0.13675076270188122
2025-12-08 00:00:00+00:00,0.008049365192608751,0.06442635669895777,0.1970623674303011,0.2484180073184152,0.009091485223397052,0.06942332134022312,0.05367115341538721,0.19246078925985252,0.02330863780940436,0.11909561882764172
2025-12-08 01:00:00+00:00,0.008049365192608751,0.06863445590951069,0.20755160366988423,0.24761915977215138,-0.003015449021992673,0.0674339175899483,0.05367115341538721,0.19246078925985252,0.03619365296654859,0.12068349653479123
2025-12-08 02:00:00+00:00,0.008049365192608751,0.07573732857681856,0.23044057843187776,0.24695165058092383,0.006475092478243191,0.06314493225481119,0.05367115341538721,0.19246078925985252,0.04871606985282753,0.12068349653479123
2025-12-08 03:00:00+00:00,0.008049365192608751,0.06459255824731383,0.20516987715721274,0.23323352133807757,0.004362807066240067,0.0688422732386599,0.05367115341538721,0.19246078925985252,0.05818473325002116,0.12068349653479123
2025-12-08 04:00:00+00:00,0.008049365192608751,0.059824053659364176,0.19351279588868092,0.21383852232543948,0.0023167348944037355,0.07492809711037621,0.05367115341538721,0.19246078925985252,0.05818473325002116,0.12068349653479123
2025-12-08 05:00:00+00:00,0.008049365192608751,0.05527994436196806,0.18185945140210166,0.1960253024718832,-0.0074346658853186465,0.08444946959368821,0.05367115341538721,0.19246078925985252,0.05818473325002116,0.12068349653479123
2025-12-08 06:00:00+00:00,-0.02050318865058759,0.05349983854850608,0.15523435267157631,0.1502206995797085,-0.03957286020167493,0.10320227321908824,0.05739611926070785,0.16872668892487597,0.06278289395301155,0.11040315354437343
2025-12-08 07:00:00+00:00,-0.016001296377816745,0.05941473727488452,0.1301476937768571,0.11697186088970225,-0.05541110976375802,0.12459699049129824,0.06651175863284693,0.16454231388290622,0.031239206491680757,0.12067572470619486
2025-12-08 08:00:00+00:00,-0.03226304177192599,0.05941473727488452,0.10016489197127613,0.07742248538414624,-0.09529831019088264,0.14261520717910217,0.05967437728519534,0.1434622829796308,0.000983470556582081,0.12067572470619486
2025-12-08 09:00:00+00:00,-0.04907979499346962,0.05941473727488452,0.0834244046758143,0.01676292920627281,-0.11316194451045862,0.16006680702024903,0.04547623315782459,0.12016906052341086,-0.030547929448762938,0.12067572470619486
2025-12-08 10:00:00+00:00,-0.07101151157854613,0.06155607386943574,0.0345209009031273,-0.06749265951787832,-0.1587015180236614,0.1878168508327078,0.04221014910189325,0.10240712232214405,-0.07556699035939785,0.10260122704080438
2025-12-08 11:00:00+00:00,-0.09621923716813739,0.06526491264502608,-0.023511751589288275,-0.16407249113376574,-0.22508964032952328,0.22051164934550102,0.04968339781392306,0.08396382811118717,-0.12923027493879907,0.0639623812575674
2025-12-08 12:00:00+00:00,-0.1223466529630339,0.06526491264502608,-0.052929408036666674,-0.24215011383568502,-0.23390086181069616,0.25068905571196903,0.04968339781392306,0.05594525246180462,-0.17733821214032883,0.05180035443337232
2025-12-08 13:00:00+00:00,-0.1485011344675239,0.06526491264502608,-0.08317939578011042,-0.3052240094459484,-0.2619894033928525,0.2888027616934216,0.04968339781392306,0.027261951385611036,-0.17733821214032883,0.05180035443337232
2025-12-08 14:00:00+00:00,-0.1767568351384194,0.06684191226197993,-0.11058132510646727,-0.3757418142243913,-0.3026189316571658,0.3336808355240317,0.05308898971395598,-0.0010630630842976487,-0.16605436765583803,0.06017457227537612
2025-12-08 15:00:00+00:00,-0.2036875552841312,0.06839316980086993,-0.1374503595282205,-0.45902605471828495,-0.36308188419836335,0.37547409054051434,0.05639468606264685,-0.028590451981597625,-0.10966543395287666,0.0682689878193248
2025-12-08 16:00:00+00:00,-0.17357743177226362,0.06839316980086993,-0.10401019349846938,-0.3594635185335026,-0.29437571016493347,0.33878208323292847,0.05639468606264685,0.006452150045055771,-0.10966543395287666,0.08315391701454154
2025-12-08 17:00:00+00:00,-0.14346478976322527,0.06839316980086993,-0.06948425633204688,-0.2641299398709982,-0.21809432986728503,0.2889774496071781,0.05639468606264685,0.04263486870801311,-0.10966543395287666,0.09821097732499345
2025-12-08 18:00:00+00:00,-0.12436967269453184,0.06839316980086993,-0.047214382805228536,-0.2045044732510059,-0.16470645871421438,0.257123628764073,0.06572268634161475,0.04263486870801311,-0.0724581776385247,0.09821097732499345
2025-12-08 19:00:00+00:00,-0.10728301127499094,0.06839316980086993,-0.024094279996195095,-0.14644026289134715,-0.1022189195253223,0.23283131915317942,0.08507117419268898,0.04263486870801311,-0.0724581776385247,0.09821097732499345
2025-12-08 20:00:00+00:00,-0.0895262289135715,0.06839316980086993,0.02445147224937805,-0.08930723451593595,-0.08803156778586857,0.2091393783779991,0.10509733947375066,0.04263486870801311,-0.0724581776385247,0.09821097732499345
2025-12-08 21:00:00+00:00,-0.07100716024966522,0.08274324166238262,0.0485865147903508,-0.03194865834426313,-0.0622621683605453,0.18598742335685559,0.12587662722715456,0.04263486870801311,0.03557886290768963,0.09821097732499345
2025-12-08 22:00:00+00:00,-0.03049857925666205,0.09735626675333207,0.11050470673249302,0.023659782341616056,0.0334134825962034,0.1788307627712081,0.15753491874643452,0.08933690099841479,0.07092449763695385,0.12661164476042994
2025-12-08 23:00:00+00:00,0.011549315477813666,0.12150914173700085,0.13216960960863866,0.06526089164787065,0.054001931223620056,0.1666719591336874,0.17535102127570787,0.12425098176715368,0.07092449763695385,0.13440940202931673
2025-12-09 00:00:00+00:00,0.005860937868737857,0.11706164020811786,0.15317638404796113,0.07746104293135332,0.08703103709672803,0.14408029389571475,0.15629900672401828,0.10772227183214074,0.04001495813730461,0.1211706443694415
2025-12-09 01:00:00+00:00,0.01408126352820731,0.12349183111163284,0.16984215138335088,0.09598558056550197,0.10000795410771882,0.14274669951610108,0.15745460045488885,0.11764668561036987,0.05565636086648311,0.1211706443694415
2025-12-09 02:00:00+00:00,0.021831453618380924,0.13137332496372417,0.19663059318836038,0.11533818683605968,0.11921262296559047,0.14141141497931806,0.15863517571154087,0.12700592543078004,0.07132961242922145,0.1211706443694415
2025-12-09 03:00:00+00:00,0.018879259185630798,0.12432770816767551,0.1895304712036467,0.10566162939308578,0.1106143645424585,0.14141141497931806,0.15470885085378067,0.12700592543078004,0.06288331773959155,0.1211706443694415
2025-12-09 04:00:00+00:00,0.016099333096215886,0.11787025110615049,0.18307228995806882,0.09822420243323812,0.10573532938633538,0.14141141497931806,0.15097229241275428,0.12240795361764924,0.05150918787629987,0.1211706443694415
2025-12-09 05:00:00+00:00,0.01346959757045182,0.11191247819570992,0.177213955914889,0.0897530028124038,0.09565803965740478,0.13507951654368722,0.1479586069736357,0.12240795361764924,0.04140857672561683,0.1211706443694415
2025-12-09 06:00:00+00:00,-0.0130736548585133,0.08379991635605992,0.17386086901112283,0.06809225743216044,0.08355023425174381,0.14225982930981804,0.14141083304070404,0.11532717984329677,0.030800365499837567,0.10053849170299013
2025-12-09 07:00:00+00:00,-0.037056501259776775,0.07331167412292801,0.17198659998998142,0.04779482299242923,0.07692839705579675,0.1531866280955981,0.14715398522150974,0.1180521535008848,0.020938748423276414,0.07888273465715885
2025-12-09 08:00:00+00:00,-0.048383693942588464,0.05974132084653582,0.14825081644992696,0.007654163876719745,0.042337656964723525,0.1618066681898484,0.1421945277217357,0.1180521535008848,0.0,0.0613106286963103
2025-12-09 09:00:00+00:00,-0.07258078170165387,0.045932504101233174,0.13398096780433838,-0.03355667738933588,0.008969950765462177,0.1618066681898484,0.1371832242368925,0.10750872704979386,0.0,0.04353327663231006
2025-12-09 10:00:00+00:00,-0.10309638194163327,0.01817014231920677,0.10088938551933115,-0.08547883208608355,-0.04376555958107967,0.16167176158206442,0.13195968310414719,0.08817359635264058,-0.026590179450462038,0.021290189567108483
2025-12-09 11:00:00+00:00,-0.13251276880903032,-0.008695935578453938,0.07008885870866899,-0.13557127963581034,-0.0788217339440088,0.16157908437508,0.12707401509377475,0.06976428162011321,-0.0524091437627226,-0.0002126800892799004
2025-12-09 12:00:00+00:00,-0.17390422801801098,-0.04814329205189051,0.04362396969410762,-0.20377045494218354,-0.1298889602048206,0.16157908437508,0.11674346854776632,0.04814498987197662,-0.0524091437627226,-0.03341740767804531
2025-12-09 13:00:00+00:00,-0.2159621052121146,-0.08854704471208777,0.04362396969410762,-0.2784229508995219,-0.19309075838509934,0.16937558991895535,0.10634925292613423,0.0265710001671982,-0.014253120781497547,-0.044842159379946726
2025-12-09 14:00:00+00:00,-0.2616053957489596,-0.13263836618401645,0.054628781610057256,-0.3629476836953712,-0.2534323271571072,0.17599289297692883,0.09652570744120002,0.0,0.03422347020451977,-0.03197189754276799
2025-12-09 15:00:00+00:00,-0.3062558428892753,-0.17610026393399575,0.06530966820393623,-0.45185701110386406,-0.28383200935296027,0.17859674811000636,0.08719852456366929,-0.025334378365302137,-0.007434653135830132,-0.03544027624866039
2025-12-09 16:00:00+00:00,-0.25435434725404643,-0.14288297932795588,0.06530966820393623,-0.37174833568688187,-0.22529065392113254,0.17859674811000636,0.1018667913771474,0.0028388821068753532,-0.007434653135830132,-0.006106677050087145
2025-12-09 17:00:00+00:00,-0.20166798911668601,-0.10856411381380512,0.06530966820393623,-0.2857712170751513,-0.1785558735403617,0.17859674811000636,0.11666584389784347,0.03105105654348495,0.04218876239652987,0.008863224187299108
2025-12-09 18:00:00+00:00,-0.16743216763642876,-0.08603645549941415,0.06530966820393623,-0.23076941294658448,-0.14099142695650357,0.17859674811000636,0.11666584389784347,0.03105105654348495,0.04218876239652987,0.018870502406222327
2025-12-09 19:00:00+00:00,-0.13712633355469406,-0.07473173702844424,0.06530966820393623,-0.16948666640644142,-0.10280114100477206,0.1704456827158043,0.12715639782127983,0.050401915735146206,0.07555865265673556,0.029068149505690297
2025-12-09 20:00:00+00:00,-0.10404699117302864,-0.06311938714744249,0.06530966820393623,-0.10390219908288267,-0.08492351725691813,0.17859674811000636,0.1378507629707115,0.07050382533591525,0.10445631795965889,0.04983467183929684
2025-12-09 21:00:00+00:00,-0.0871243705364733,-0.05117293588239868,0.1116833076378074,-0.01727043234411499,-0.12381885486799142,0.17859674811000636,0.14876037057499253,0.07050382533591525,0.10445631795965889,0.07127152149217626
2025-12-09 22:00:00+00:00,-0.06725557520271422,-0.02593602010072009,0.15065541962452278,0.05667630087369797,-0.09512412874853793,0.17859674811000636,0.15918102472447304,0.05126848780590001,0.13158602247768914,0.08205437779260741
2025-12-09 23:00:00+00:00,-0.022950311834147284,-0.012682103501368667,0.16718460292095255,0.08880912188359279,-0.11440267246683324,0.18447471587931805,0.15918102472447304,0.08288702659769584,0.16427931857319808,0.08205437779260741
2025-12-10 00:00:00+00:00,-0.012534758155464027,-0.006313198647054898,0.15868768961775737,0.11464729853368788,-0.08215046701325486,0.18555326351848805,0.15918102472447304,0.08882403549215735,0.16427931857319808,0.08205437779260741
2025-12-10 01:00:00+00:00,0.0070356652488669045,-0.00014131995740864297,0.15010022980858667,0.14910479003739563,-0.06405455069921381,0.18555326351848805,0.16168132271355365,0.10137205445418927,0.14773980528824945,0.07832029161383967
2025-12-10 02:00:00+00:00,0.0016813135249273633,-0.016626779449917167,0.1334762120401277,0.17179828348301843,-0.062132906493971615,0.1661974273146117,0.14765866449850293,0.09426464619519562,0.13866792920273696,0.06503587983968277
2025-12-10 03:00:00+00:00,0.0,-0.016626779449917167,0.1285837378720415,0.16933552526414902,-0.06250097886665555,0.1661974273146117,0.14548072156437986,0.09269480073003558,0.12457770536328204,0.06503587983968277
2025-12-10 04:00:00+00:00,-0.00155260973354409,-0.016945520924722356,0.12226332858638558,0.16811053974679585,-0.06360675530189765,0.16815771926428444,0.14338638681238502,0.09118365054221099,0.11368922732374655,0.06503587983968277
2025-12-10 05:00:00+00:00,-0.00300201502832521,-0.017261354440263225,0.12048141583350858,0.16969547906740615,-0.06429889849856688,0.16815771926428444,0.14137031419988996,0.09118365054221099,0.11097823202825724,0.06503587983968277
2025-12-10 06:00:00+00:00,-0.021836976202447133,-0.03765983704908108,0.10844883576649887,0.1404999501977494,-0.07555569896288493,0.1457885770046132,0.13163964691853994,0.0999248533088825,0.09770224662935152,0.058412676595884706
2025-12-10 07:00:00+00:00,-0.04174197634883148,-0.05198960780274681,0.10844883576649887,0.10612654782984077,-0.09247889033728757,0.1457885770046132,0.12752403387192082,0.0999248533088825,0.09770224662935152,0.034245836324060586
2025-12-10 08:00:00+00:00,-0.06273992354582383,-0.059494723467475905,0.09839790361812326,0.06272311194635789,-0.09247889033728757,0.1457885770046132,0.12335391831397158,0.0999248533088825,0.09770224662935152,0.022773817557269482
2025-12-10 09:00:00+00:00,-0.08427193483296536,-0.06126526988676973,0.06706796689605846,0.020604894549040187,-0.11331030057613616,0.1395291566874119,0.13091264173393094,0.09789531658628278,0.09652415730856488,0.015134018201484845
2025-12-10 10:00:00+00:00,-0.12297423140006236,-0.07538417888213356,0.04532407646430923,-0.028256772903484148,-0.14181421160936772,0.13215959326665327,0.12144404649474276,0.08089599587679713,0.09652415730856488,0.0035249762564252144
2025-12-10 11:00:00+00:00,-0.1747211919853884,-0.10363690296570498,0.04382317870331951,-0.09514980702428062,-0.1488489619655165,0.1126170914751477,0.10446534357262487,0.057809837780764976,0.09828323636842617,0.004771546318181294
2025-12-10 12:00:00+00:00,-0.2151141084632996,-0.11887743002419676,0.04382317870331951,-0.14836321214648648,-0.18092736136661516,0.10495549896648464,0.09450968663198744,0.040126969344341464,0.12530814760573208,-0.019258994654539
2025-12-10 13:00:00+00:00,-0.2601386485666747,-0.12640205407377714,0.05568386537043705,-0.2367290199895737,-0.20128539164358286,0.10235365315239806,0.08746864446329022,0.020733308533609114,0.13633227798726813,-0.03851084216884227
2025-12-10 14:00:00+00:00,-0.31993934957618736,-0.1487802750834153,0.05568386537043705,-0.39797378801742433,-0.23790312476285028,0.10235365315239806,0.07253845995041582,-0.005340633866530332,0.09652415730856488,-0.05711421241135656
2025-12-10 15:00:00+00:00,-0.3809599155372555,-0.17172242465731802,0.05568386537043705,-0.48272907839943985,-0.2611469510658749,0.09123873324278242,0.057435842377921285,-0.03166410821296748,0.05555354627670258,-0.09544883254852106
2025-12-10 16:00:00+00:00,-0.3274823841779223,-0.1532402628667716,0.05568386537043705,-0.4412703720748596,-0.22898999509313067,0.09123873324278242,0.07280766323244521,-0.006473756405979003,0.09803304068433984,-0.0784356302371874
2025-12-10 17:00:00+00:00,-0.30303582532100826,-0.1343462322159668,0.05568386537043705,-0.3972535215390524,-0.21878945927879,0.10300509768259962,0.07280766323244521,0.018986483451303226,0.09803304068433984,-0.06111860311677891
2025-12-10 18:00:00+00:00,-0.30303582532100826,-0.12219468988926446,0.05568386537043705,-0.3757917581784218,-0.19766827434605713,0.10300509768259962,0.07280766323244521,0.03649767415077618,0.06944193284587823,-0.03830111133773492
2025-12-10 19:00:00+00:00,-0.30303582532100826,-0.10975839358265456,0.07678649381923464,-0.3708881018824846,-0.20422434955735178,0.10300509768259962,0.06223641066699675,0.054739235418562536,0.09803304068433984,-0.0265278254546306
2025-12-10 20:00:00+00:00,-0.30303582532100826,-0.09701292149311712,0.07678649381923464,-0.3652963703470425,-0.20928782581358113,0.11105835852484607,0.051899079866375236,0.07379857129067284,0.09803304068433984,-0.014331623945609358
2025-12-10 21:00:00+00:00,-0.30303582532100826,-0.08393102211830733,0.07678649381923464,-0.37012250693235677,-0.18321304559770318,0.11105835852484607,0.03174100824235042,0.07379857129067284,0.07187922934665751,-0.001670083782739223
2025-12-10 22:00:00+00:00,-0.28801474015629736,-0.05605393687843965,0.05787194836454522,-0.37012250693235677,-0.2066824229047051,0.10326758720826457,0.03174100824235042,0.09101869270745055,0.07187922934665751,-0.014549091070378108
2025-12-10 23:00:00+00:00,-0.28801474015629736,-0.07120016063141862,0.0966531964827018,-0.3006580228534852,-0.23251262738446743,0.11021267948409055,0.03174100824235042,0.07490838651808614,0.09803304068433984,-0.014549091070378108
2025-12-11 00:00:00+00:00,-0.2733682290601042,-0.07120016063141862,0.0966531964827018,-0.2841248386899925,-0.2744040325374708,0.10766091832322854,0.03174100824235042,0.07490838651808614,0.09803304068433984,-0.02118462769798609
2025-12-11 01:00:00+00:00,-0.25944894283864217,-0.07120016063141862,0.0966531964827018,-0.2561698354807747,-0.26847735169380144,0.10766091832322854,0.03174100824235042,0.07490838651808614,0.11702856860306897,-0.014549091070378108
2025-12-11 02:00:00+00:00,-0.2619413306748407,-0.0959885697876427,0.08904755510570889,-0.2632803246087564,-0.2828460031513363,0.09005773703275695,0.011423856313994228,0.05632747605847481,0.10390515286275606,-0.02750681705947635
2025-12-11 03:00:00+00:00,-0.25805889791060976,-0.0959885697876427,0.08660856455847549,-0.25799733500545063,-0.28078600302676204,0.09005773703275695,0.01180815714164534,0.05552594196678032,0.10390515286275606,-0.027283067033992685
2025-12-11 04:00:00+00:00,-0.25444228663601437,-0.0959885697876427,0.08660856455847549,-0.2534445494215258,-0.2790378281436558,0.09005773703275695,0.012208708334315197,0.05552594196678032,0.10390515286275606,-0.02707978300571046
2025-12-11 05:00:00+00:00,-0.25106709363484375,-0.0959885697876427,0.08660856455847549,-0.2534445494215258,-0.281020912405055,0.09005773703275695,0.01257005287164329,0.05552594196678032,0.10538928085144342,-0.026895019813250143
2025-12-11 06:00:00+00:00,-0.2567792076751714,-0.0959885697876427,0.07564480933664204,-0.2644108948107022,-0.2852193279697265,0.08634257158652402,0.01257005287164329,0.0647417735968173,0.10538928085144342,-0.03295474991077597
2025-12-11 07:00:00+00:00,-0.2624553727112185,-0.10375865115376576,0.0647916133065612,-0.2754832058936825,-0.2979301981564317,0.0828205408836369,0.01257005287164329,0.0647417735968173,0.09203027824986966,-0.03295474991077597
2025-12-11 08:00:00+00:00,-0.27525253196821914,-0.11268398379344849,0.054035093046585075,-0.2866749356289623,-0.30220822374440676,0.0828205408836369,0.01257005287164329,0.0647417735968173,0.09203027824986966,-0.03295474991077597
2025-12-11 09:00:00+00:00,-0.2885397941773681,-0.11268398379344849,0.04336196408402981,-0.2866749356289623,-0.2979301981564317,0.079264564872418,0.01257005287164329,0.0647417735968173,0.09203027824986966,-0.03295474991077597
2025-12-11 10:00:00+00:00,-0.30712392266896515,-0.11268398379344849,0.022293556121555258,-0.2866749356289623,-0.3029223406439572,0.07139401524683342,0.01257005287164329,0.0830291380647104,0.06719445377978883,-0.057746212231843265
2025-12-11 11:00:00+00:00,-0.3258298660716929,-0.11268398379344849,0.022293556121555258,-0.2866749356289623,-0.2955581833879866,0.0635145985297001,0.01257005287164329,0.10109299112199219,0.06719445377978883,-0.08205480681782654
2025-12-11 12:00:00+00:00,-0.34467466539538605,-0.11268398379344849,0.0020602377193169354,-0.2866749356289623,-0.3078621385438767,0.0635145985297001,0.01257005287164329,0.11895572754179466,0.04385237825257688,-0.0943458672565001
2025-12-11 13:00:00+00:00,-0.36177609503475744,-0.11024639687896448,-0.04386987713654069,-0.30871861074988666,-0.3044612130672029,0.06226148849797879,0.01627364033219883,0.14280926614528797,0.021729593948996585,-0.11765380174519356
2025-12-11 14:00:00+00:00,-0.38941822143226773,-0.11024639687896448,-0.07497389597500723,-0.30871861074988666,-0.31619241456357244,0.0509304940084965,0.01627364033219883,0.1686787716318234,0.021729593948996585,-0.15942998583047907
2025-12-11 15:00:00+00:00,-0.4172904108586939,-0.11024639687896448,-0.10721426853093637,-0.30871861074988666,-0.34063765313970695,0.0509304940084965,0.01627364033219883,0.19432039828589137,0.021729593948996585,-0.18079273022666947
2025-12-11 16:00:00+00:00,-0.39163351476620495,-0.0875432186808501,-0.07818051350901983,-0.30871861074988666,-0.34063765313970695,0.06272290871371243,0.01627364033219883,0.16732409457796768,0.05849388277472924,-0.1628128960584804
2025-12-11 17:00:00+00:00,-0.36595854455309085,-0.0875432186808501,-0.048068759913128326,-0.30871861074988666,-0.30712606149199706,0.07460845001762544,0.0012528171121292655,0.1406358457149686,0.05849388277472924,-0.14571337273672538
2025-12-11 18:00:00+00:00,-0.36595854455309085,-0.0875432186808501,-0.006114919267532766,-0.30871861074988666,-0.29171110926579824,0.07460845001762544,0.0012528171121292655,0.1406358457149686,0.08426720635521352,-0.13477507807873496
2025-12-11 19:00:00+00:00,-0.36595854455309085,-0.07329465212770997,0.01575821226551342,-0.30871861074988666,-0.27783190540891295,0.0828922618014001,-0.008580333138850052,0.1406358457149686,0.08426720635521352,-0.12356033135523917
2025-12-11 20:00:00+00:00,-0.37222771998695675,-0.058546360330533176,0.03871191791935844,-0.30871861074988666,-0.2667133861936365,0.0828922618014001,-0.01822582133852103,0.1406358457149686,0.06010042092380147,-0.12356033135523917
2025-12-11 21:00:00+00:00,-0.37222771998695675,-0.04324325531754689,0.016115047202712857,-0.30871861074988666,-0.14689602064670376,0.0912960184364094,-0.03684326465817221,0.16077274895026392,0.03461021394894874,-0.12356033135523917
2025-12-11 22:00:00+00:00,-0.37222771998695675,-0.04324325531754689,-0.02950965627232113,-0.30871861074988666,-0.1614308556224975,0.0912960184364094,-0.046136911677034154,0.17921831169433938,0.01034479683477526,-0.1111373199742597
2025-12-11 23:00:00+00:00,-0.3511993339781196,-0.04324325531754689,-0.0062469705401209845,-0.28845658196838386,-0.10391614850577291,0.0981793137234123,-0.03639965064775167,0.16792386892133648,0.03461021394894874,-0.08240949710983889
2025-12-12 00:00:00+00:00,-0.3236444205985221,-0.04324325531754689,0.015227231434553904,-0.27346155015165013,-0.11015122495601255,0.0981793137234123,-0.03127735438030215,0.16792386892133648,0.03461021394894874,-0.07481767099889193
2025-12-12 01:00:00+00:00,-0.3236444205985221,-0.04324325531754689,0.0360261514046274,-0.2591413160305498,-0.10431214669586714,0.09552400825466772,-0.02631330946830325,0.16792386892133648,0.05937597001644276,-0.059939353894945716
2025-12-12 02:00:00+00:00,-0.31708029403690763,-0.04435535708282003,0.0360261514046274,-0.2591413160305498,-0.10463654038828997,0.09684643843615512,-0.02604163572414308,0.16792386892133648,0.05937597001644276,-0.05827387510872715
2025-12-12 03:00:00+00:00,-0.31708029403690763,-0.04435535708282003,0.034526277456794284,-0.2591413160305498,-0.1053835699203296,0.09684643843615512,-0.02578419706806456,0.1637220045947227,0.06184704356226835,-0.05679533091616457
2025-12-12 04:00:00+00:00,-0.31098665965254324,-0.04324325531754689,0.034526277456794284,-0.2553863587063916,-0.10352462630300814,0.09579202096259243,-0.02553996109448,0.15984934847104074,0.06464736054673019,-0.05547435365616564
2025-12-12 05:00:00+00:00,-0.31098665965254324,-0.04324325531754689,0.03378663321240383,-0.2518910234574457,-0.10352462630300814,0.09477333150884983,-0.025307996894763297,0.15491762741020512,0.06464736054673019,-0.05428766746778509
2025-12-12 06:00:00+00:00,-0.31098665965254324,-0.04324325531754689,0.023036671947532616,-0.25831115072082134,-0.10352462630300814,0.08988058720377269,-0.025307996894763297,0.14702203438804848,0.06464736054673019,-0.05428766746778509
2025-12-12 07:00:00+00:00,-0.32596695090732725,-0.04324325531754689,0.002489095203483244,-0.25831115072082134,-0.11334517778636462,0.07889851698316333,-0.025307996894763297,0.14702203438804848,0.06464736054673019,-0.0488020733497289
2025-12-12 08:00:00+00:00,-0.33541903445251325,-0.04324325531754689,-0.0077100159000269225,-0.2477041774628737,-0.14261357418089257,0.07165130868203722,-0.025307996894763297,0.14096931179388167,0.05210896850738412,-0.05489602264238255
2025-12-12 09:00:00+00:00,-0.3551605648597276,-0.05360816364268135,-0.005465342319268924,-0.24663043528222214,-0.14647053553370062,0.0594476077601734,-0.03818767488180949,0.12510975855228923,0.049677531425751716,-0.07773734942244374
2025-12-12 10:00:00+00:00,-0.36914359500232397,-0.07139221321936208,-0.005465342319268924,-0.26296378277431964,-0.15518093161010657,0.026199068387700145,-0.04727934937923402,0.10614525960126492,0.02117475219126209,-0.0896022999521295
2025-12-12 11:00:00+00:00,-0.383040355856907,-0.0895188896659415,-0.02619625499545843,-0.279007449363995,-0.17296114310631172,0.001651684378334968,-0.05639518994778495,0.08746291084102728,-0.006809552239334734,-0.10151812331270459
2025-12-12 12:00:00+00:00,-0.39686197685413793,-0.10801748192712991,-0.06965787527040151,-0.294790535886082,-0.18281148384334303,-0.030499861683758244,-0.0655372858752952,0.06903874324934772,-0.03549689701305578,-0.11348955755622614
2025-12-12 13:00:00+00:00,-0.41644598154426055,-0.14008275984452487,-0.11499260591709978,-0.32696524896292395,-0.20475309875264583,-0.08155792363904985,-0.07987422495804261,0.05087603327418659,-0.08558029706826613,-0.15159931349009256
2025-12-12 14:00:00+00:00,-0.4385042096105982,-0.16897150514196224,-0.11499260591709978,-0.3576369147909196,-0.2358914606461926,-0.15625646814516478,-0.0938353632210934,0.023652366428966645,-0.08558029706826613,-0.21128711347020893
2025-12-12 15:00:00+00:00,-0.46042804187006536,-0.19855377335503502,-0.11499260591709978,-0.38868982828152787,-0.26535290392969374,-0.21837083545930122,-0.107843680061107,-0.003283822868166194,-0.08558029706826613,-0.25147684721765634
2025-12-12 16:00:00+00:00,-0.43484997313198404,-0.17395783623657252,-0.11499260591709978,-0.3621260834747759,-0.26535290392969374,-0.17239173850748712,-0.09468709237417244,0.022334296556419116,-0.08558029706826613,-0.21818477013175638
2025-12-12 17:00:00+00:00,-0.3887940857136278,-0.1488510382441595,-0.11499260591709978,-0.3354273700157987,-0.252376954772251,-0.15001798268530753,-0.06850618582649248,0.047727096493057855,0.0,-0.18415134312512987
2025-12-12 18:00:00+00:00,-0.36664133633424584,-0.13256839898658845,-0.11499260591709978,-0.31834099805502497,-0.252376954772251,-0.15001798268530753,-0.051178003538704206,0.08174360621793646,0.029836675951136708,-0.16208026040628287
2025-12-12 19:00:00+00:00,-0.3522406674011666,-0.13256839898658845,-0.11499260591709978,-0.28872860628376107,-0.22770358633511995,-0.1615690922920758,-0.024861637648081823,0.11621661317347225,0.05935245874899374,-0.1293308867802641
2025-12-12 20:00:00+00:00,-0.34720942389944326,-0.13256839898658845,-0.11499260591709978,-0.24580659356923845,-0.1939925788031339,-0.17875588551190796,0.0023835537747286,0.13454589186687568,0.1226114009670299,-0.09442206524464583
2025-12-12 21:00:00+00:00,-0.34234923180941756,-0.13256839898658845,-0.09459184263956671,-0.19601599755879343,-0.1766465435657617,-0.18929808236630105,0.04073319825419621,0.17496907103722933,0.15279421734899468,-0.05678774551355228
2025-12-12 22:00:00+00:00,-0.3518288210642938,-0.1488510382441595,-0.09459184263956671,-0.1511728780582381,-0.12211802953133838,-0.19513357119729358,0.05045747186959102,0.15762965390393924,0.1829533370801547,-0.02953313277403094
2025-12-12 23:00:00+00:00,-0.33313376754503177,-0.1488510382441595,-0.09459184263956671,-0.07643410611141291,-0.028166592937941784,-0.19513357119729358,0.06868484831661659,0.18459235194700965,0.1829533370801547,-0.0008961634871580758
2025-12-13 00:00:00+00:00,-0.3024417153940855,-0.1488510382441595,-0.08327731984932692,-0.032810430722467615,-0.0018037094344368198,-0.19034248708896206,0.0777221650358192,0.18848469195948828,0.1829533370801547,0.012210963780094425
2025-12-13 01:00:00+00:00,-0.2751148393289546,-0.1488510382441595,-0.10410573198411993,-0.02041388665675304,-0.0018037094344368198,-0.19034248708896206,0.08608724354833903,0.19275236690760508,0.17612504002764326,0.018440991855744663
2025-12-13 02:00:00+00:00,-0.2444614761354332,-0.13326239727521189,-0.11145024016806561,-0.01198974117015242,0.007196653700780145,-0.17884727465929434,0.10633196917378622,0.20815791503816466,0.20642206267037155,0.033970163271212425
2025-12-13 03:00:00+00:00,-0.25682778637625625,-0.14797704294163214,-0.1015286622005564,-0.032635637514503164,-0.007800215994117112,-0.19071118260893957,0.07902453862985705,0.17070413044111873,0.19348279743988678,0.01640252581594397
2025-12-13 04:00:00+00:00,-0.2500010183160774,-0.14797704294163214,-0.10028832384609908,-0.032463313673237196,-0.008370521377926729,-0.19071118260893957,0.07576447978824846,0.16584710617878162,0.19348279743988678,0.015763516221122695
2025-12-13 05:00:00+00:00,-0.24395786217730342,-0.14797704294163214,-0.09910528623053898,-0.03302698567681542,-0.008370521377926729,-0.19242001921160073,0.07224055237750523,0.16391230212354044,0.19348279743988678,0.015147754004450802
2025-12-13 06:00:00+00:00,-0.23576105613747628,-0.13326239727521189,-0.09235594110022045,-0.03746080372733031,-0.0173576155686068,-0.19923548692796114,0.06849786522718086,0.15394087751860053,0.18676281860652666,0.023679766887276004
2025-12-13 07:00:00+00:00,-0.24487178526831685,-0.13326239727521189,-0.0679902508969077,-0.03746080372733031,-0.011198318288027784,-0.1936560316862124,0.06078400880959577,0.14787582258407864,0.20993284173428597,0.009811815537436444
2025-12-13 08:00:00+00:00,-0.2618009870238835,-0.13326239727521189,-0.044881780002807604,-0.024851608233211173,-0.011198318288027784,-0.1936560316862124,0.052948336509766034,0.1366706891103255,0.20993284173428597,0.0031212176123311553
2025-12-13 09:00:00+00:00,-0.2792321265618626,-0.14510664135497145,-0.022811470629315406,-0.01267726993044551,-0.023716699429756603,-0.1936560316862124,0.044980911609057726,0.12277542207846293,0.20993284173428597,-0.003669067992010795
2025-12-13 10:00:00+00:00,-0.2940806863225866,-0.1500332935227965,0.012932922744706995,-0.027999222939195552,0.021913817294271404,-0.18797438359026655,0.029422982805367707,0.0876923017382372,0.22486597933662764,0.005550996282214835
2025-12-13 11:00:00+00:00,-0.30965262186060627,-0.15508886798156132,0.029054341730809542,-0.04398172206228125,0.0007292430513879657,-0.18206766948316247,0.0130845485607774,0.05054363298825773,0.1954083415652892,0.015203608751260044
2025-12-13 12:00:00+00:00,-0.32506331106757047,-0.15508886798156132,0.05052051675882124,-0.04398172206228125,0.02567853945887282,-0.17321654158775085,-0.0040470409974894565,0.002839838434955006,0.1516838924599179,0.015203608751260044
2025-12-13 13:00:00+00:00,-0.3511524642045013,-0.16129302993481687,0.07854611404534642,-0.048435191556816894,0.00474885551543677,-0.18565213838172237,-0.03016302875886534,-0.062412762842455734,0.14618894768372803,-0.009015195251447105
2025-12-13 14:00:00+00:00,-0.3787100163635463,-0.16777632039940693,0.07489362982728967,-0.09058760965499675,-0.01738508971565785,-0.1985894582442986,-0.05784259971427679,-0.1330009185013664,0.08027272715757987,-0.05686578571726483
2025-12-13 15:00:00+00:00,-0.4078716869113507,-0.17456568180377305,0.0711449013224006,-0.13634232605723348,-0.040834696610161716,-0.21207628575525572,-0.08723929779857739,-0.20991402954205224,0.02355445137885848,-0.10946568754004195
2025-12-13 16:00:00+00:00,-0.3876125847872943,-0.17456568180377305,0.0711449013224006,-0.10461032115773987,-0.040834696610161716,-0.22220413676492592,-0.06325821614301363,-0.14233167695083634,0.02355445137885848,-0.09026674941821508
2025-12-13 17:00:00+00:00,-0.36733812255186066,-0.148273850767884,0.0711449013224006,-0.07169238432782381,-0.040834696610161716,-0.2322555741213062,-0.02683449264579615,-0.0720508560793579,0.02355445137885848,-0.05123123910522842
2025-12-13 18:00:00+00:00,-0.3446879324547884,-0.13165408181977103,0.03209357838505221,-0.07169238432782381,-0.05192341344180596,-0.2322555741213062,-0.0028095996579133365,-0.025236361954273964,0.06349659494635079,-0.02519787644161757
2025-12-13 19:00:00+00:00,-0.3143186665005619,-0.11461992280385502,0.012907262923506318,-0.07169238432782381,-0.040834696610161716,-0.2322555741213062,0.03064539808938998,0.024294606677856805,0.1032953661457746,0.0024551329189346485
2025-12-13 20:00:00+00:00,-0.2773699354278405,-0.11461992280385502,0.012907262923506318,-0.07169238432782381,0.030329414689010858,-0.2322555741213062,0.0573974579446858,0.0773187759905832,0.1431296267935449,0.03204667487202815
2025-12-13 21:00:00+00:00,-0.23684873448430221,-0.11461992280385502,0.03158663905740154,-0.0904261506640755,-0.06415036321668494,-0.2322555741213062,0.09648301747852661,0.1167922178768664,0.24165614115349493,0.06399009997058158
2025-12-13 22:00:00+00:00,-0.2146974793585243,-0.11461992280385502,0.03158663905740154,-0.12663702138667124,0.006384824008612548,-0.23832251214813585,0.11679683998376607,0.13691215325799372,0.24165614115349493,0.08056647143100241
2025-12-13 23:00:00+00:00,-0.2146974793585243,-0.11461992280385502,-0.006112902871492589,-0.08365282717570377,0.03693395070839648,-0.2772691309529521,0.1255821138322162,0.1530165421377753,0.19787847500636563,0.06538419360949509
2025-12-14 00:00:00+00:00,-0.2146974793585243,-0.11461992280385502,-0.015241115598086734,-0.07323548275446234,0.0239275031048828,-0.29769183159955137,0.13222826189535866,0.16242936661602786,0.21778886795314972,0.07120224396051113
2025-12-14 01:00:00+00:00,-0.1937368680227666,-0.11461992280385502,-0.02476142876279902,-0.07323548275446234,0.01723243440168779,-0.3128515032962235,0.13864879291267074,0.1715497202858022,0.21778886795314972,0.07120224396051113
2025-12-14 02:00:00+00:00,-0.17411519191370983,-0.0980448002954972,-0.024632723380688157,-0.06676971058924618,0.01924764552845045,-0.3118507698825376,0.15463144672790738,0.18321916008953917,0.2282604362361082,0.08837895788321017
2025-12-14 03:00:00+00:00,-0.17426396245866224,-0.0980448002954972,-0.01880825375821322,-0.06676971058924618,0.017215741855129998,-0.31522012442903385,0.1498872178135242,0.17412190146862788,0.2282604362361082,0.08837895788321017
2025-12-14 04:00:00+00:00,-0.1733642498473622,-0.0992522724977404,-0.014098613888760768,-0.06676971058924618,0.021589631333417025,-0.31901615288399837,0.14540082527838766,0.16583913865213018,0.20740851173445923,0.08837895788321017
2025-12-14 05:00:00+00:00,-0.17390681160235652,-0.0992522724977404,-0.009052415301427048,-0.06676971058924618,0.019713381719018833,-0.3232959832076621,0.1411469488063436,0.1582425167017613,0.20740851173445923,0.08837895788321017
2025-12-14 06:00:00+00:00,-0.17807664292782038,-0.08157941246490262,0.023284644420575238,-0.05835105654964329,0.014476447837503327,-0.3107778666016287,0.13322250774045372,0.14291256668538718,0.19183893173823183,0.0834639687701202
2025-12-14 07:00:00+00:00,-0.18848427243324686,-0.08157941246490262,0.061943041736486446,-0.016618347515983824,0.04492370416773594,-0.2979100581307564,0.12463710962082368,0.12720900830846638,0.16550610420738784,0.0834639687701202
2025-12-14 08:00:00+00:00,-0.2011748476379626,-0.08157941246490262,0.08177499785619922,0.007410358972231931,0.05481378725199575,-0.2835425754220061,0.11582603679679333,0.1105012663064999,0.16550610420738784,0.07435989207451935
2025-12-14 09:00:00+00:00,-0.21417955715797246,-0.08157941246490262,0.08177499785619922,0.039344930314878485,0.08342172013411961,-0.2589948088734461,0.11116451642581718,0.10105639376362853,0.13903054449392954,0.07435989207451935
2025-12-14 10:00:00+00:00,-0.21998217427161973,-0.07183855571021029,0.07430205242440602,0.05797085838778456,0.10889310129594136,-0.22161603461740806,0.09809676037444279,0.08242187354715864,0.149326676319786,0.06649967248206362
2025-12-14 11:00:00+00:00,-0.22599443983239056,-0.07693612081250414,0.06699317693911286,0.07759034818977718,0.13596678967510042,-0.18166786892244965,0.08441478518158428,0.06275069732022388,0.15992269187888283,0.058464526344658055
2025-12-14 12:00:00+00:00,-0.22599443983239056,-0.07693612081250414,0.03294927047855972,0.09853292781654488,0.13596678967510042,-0.13023688621792476,0.07422666202821304,0.041216522699795234,0.10821138601231392,0.058464526344658055
2025-12-14 13:00:00+00:00,-0.22599443983239056,-0.07693612081250414,0.0014312034659874624,0.11829457112095358,0.13596678967510042,-0.06571800120446199,0.06394662882200144,0.01942533546395825,0.0555125199630281,0.058464526344658055
2025-12-14 14:00:00+00:00,-0.23396022553654788,-0.08280049740298848,-0.07957525466852083,0.13949171568555666,0.1352973993033181,0.01994971845448561,0.044458535296909955,-0.012890294276957592,-0.015391805978737294,0.06983282862551721
2025-12-14 15:00:00+00:00,-0.24240653472189697,-0.08896467962951343,-0.1671760922523259,0.16183611386414162,0.16449324169521623,0.11381454777326956,0.02375064496315858,-0.04749042616493721,-0.09270350014843837,0.0818117930740312
2025-12-14 16:00:00+00:00,-0.24240653472189697,-0.08896467962951343,-0.08985258230357193,0.13600404254338264,0.13920260382196928,0.043707663601854393,0.03720708142933233,-0.020044916730677487,-0.024427645698159257,0.0573731632916709
2025-12-14 17:00:00+00:00,-0.24240653472189697,-0.08896467962951343,-0.010361247270771168,0.1105349470396858,0.13920260382196928,0.0009892451516164162,0.05080942468369993,0.007821106098778422,-0.024427645698159257,0.033633730767825526
2025-12-14 18:00:00+00:00,-0.2285836760696961,-0.08896467962951343,0.04131370563812583,0.07787913340093587,0.12318298057277104,0.0009892451516164162,0.05954930110420535,0.025631838663997358,0.019963212857638413,0.004641141545865293
