time_utc,6.8x51mm Hybrid,7.62x51mm M62,7.62x54R BT,5.8x42mm DVC12,5.7x28mm SS190,7.62x39mm AP,9x39mm BP,4.6x30mm AP SX,12.7x55mm PS12B,5.56x45mm M995
2025-09-21 18:00:00+00:00,,,,,,,,,,
2025-09-21 19:00:00+00:00,,,,,,,,,,
2025-09-21 20:00:00+00:00,,,,,,,,,,
2025-09-21 21:00:00+00:00,,,,,,,,,,
2025-09-21 22:00:00+00:00,,,,,,,,,,
2025-09-21 23:00:00+00:00,,,,,,,,,,
2025-09-22 00:00:00+00:00,,,,,,,,,,
2025-09-22 01:00:00+00:00,,,,,,,,,,
2025-09-22 02:00:00+00:00,,,,,,,,,,
2025-09-22 03:00:00+00:00,,,,,,,,,,
2025-09-22 04:00:00+00:00,,,,,,,,,,
2025-09-22 05:00:00+00:00,,,,,,,,,,
2025-09-22 06:00:00+00:00,,,,,,,,,,
2025-09-22 07:00:00+00:00,,,,,,,,,,
2025-09-22 08:00:00+00:00,,,,,,,,,,
2025-09-22 09:00:00+00:00,,,,,,,,,,
2025-09-22 10:00:00+00:00,,,,,,,,,,
2025-09-22 11:00:00+00:00,,,,,,,,,,
2025-09-22 12:00:00+00:00,,,,,,,,,,
2025-09-22 13:00:00+00:00,,,,,,,,,,
2025-09-22 14:00:00+00:00,,,,,,,,,,
2025-09-22 15:00:00+00:00,,,,,,,,,,
2025-09-22 16:00:00+00:00,,,,,,,,,,
2025-09-22 17:00:00+00:00,,,,,,,,,,
2025-09-22 18:00:00+00:00,,,,,,,,,,
2025-09-22 19:00:00+00:00,,,,,,,,,,
2025-09-22 20:00:00+00:00,,,,,,,,,,
2025-09-22 21:00:00+00:00,,,,,,,,,,
2025-09-22 22:00:00+00:00,,,,,,,,,,
2025-09-22 23:00:00+00:00,,,,,,,,,,
2025-09-23 00:00:00+00:00,,,,,,,,,,
2025-09-23 01:00:00+00:00,,,,,,,,,,
2025-09-23 02:00:00+00:00,,,,,,,,,,
2025-09-23 03:00:00+00:00,,,,,,,,,,
2025-09-23 04:00:00+00:00,,,,,,,,,,
2025-09-23 05:00:00+00:00,,,,,,,,,,
2025-09-23 06:00:00+00:00,,,,,,,,,,
2025-09-23 07:00:00+00:00,,,,,,,,,,
2025-09-23 08:00:00+00:00,,,,,,,,,,
2025-09-23 09:00:00+00:00,,,,,,,,,,
2025-09-23 10:00:00+00:00,,,,,,,,,,
2025-09-23 11:00:00+00:00,,,,,,,,,,
2025-09-23 12:00:00+00:00,,,,,,,,,,
2025-09-23 13:00:00+00:00,,,,,,,,,,
2025-09-23 14:00:00+00:00,,,,,,,,,,
2025-09-23 15:00:00+00:00,,,,,,,,,,
2025-09-23 16:00:00+00:00,,,,,,,,,,
2025-09-23 17:00:00+00:00,,,,,,,,,,
2025-09-23 18:00:00+00:00,,,,,,,,,,
2025-09-23 19:00:00+00:00,,,,,,,,,,
2025-09-23 20:00:00+00:00,,,,,,,,,,
2025-09-23 21:00:00+00:00,,,,,,,,,,
2025-09-23 22:00:00+00:00,,,,,,,,,,
2025-09-23 23:00:00+00:00,,,,,,,,,,
2025-09-24 00:00:00+00:00,,,,,,,,,,
2025-09-24 01:00:00+00:00,,,,,,,,,,
2025-09-24 02:00:00+00:00,,,,,,,,,,
2025-09-24 03:00:00+00:00,,,,,,,,,,
2025-09-24 04:00:00+00:00,,,,,,,,,,
2025-09-24 05:00:00+00:00,,,,,,,,,,
2025-09-24 06:00:00+00:00,,,,,,,,,,
2025-09-24 07:00:00+00:00,,,,,,,,,,
2025-09-24 08:00:00+00:00,,,,,,,,,,
2025-09-24 09:00:00+00:00,,,,,,,,,,
2025-09-24 10:00:00+00:00,,,,,,,,,,
2025-09-24 11:00:00+00:00,,,,,,,,,,
2025-09-24 12:00:00+00:00,,,,,,,,,,
2025-09-24 13:00:00+00:00,,,,,,,,,,
2025-09-24 14:00:00+00:00,,,,,,,,,,
2025-09-24 15:00:00+00:00,,,,,,,,,,
2025-09-24 16:00:00+00:00,,,,,,,,,,
2025-09-24 17:00:00+00:00,-0.24507770439147664,-0.1529332584161717,-0.09032336564363967,-0.4459035471851097,-0.3642282155476658,-0.11419811830498665,-0.41081190746839824,-0.3998129436702258,-0.3567968939388535,-0.582605307422707
2025-09-24 18:00:00+00:00,-0.26673626649068755,-0.17201366046059144,-0.08982474851165356,-0.45312894406746423,-0.3693606391078887,-0.12281423835313153,-0.42101958781616833,-0.4103201319232957,-0.37332812719601144,-0.5950225273463615
2025-09-24 19:00:00+00:00,-0.2937876807223554,-0.18977095998288643,-0.08936150225424129,-0.46384484417660377,-0.3780106552283387,-0.08969682663995812,-0.43060727578486496,-0.41713265935611155,-0.3886110694389987,-0.6062371441394698
2025-09-24 20:00:00+00:00,-0.3553707790133891,-0.22138691324549883,-0.12315720717112424,-0.477937771967642,-0.37943118149481053,-0.10547095230337115,-0.44208460852829806,-0.41466781004216197,-0.21416724984100835,-0.6369115794792511
2025-09-24 21:00:00+00:00,-0.37641872102741286,-0.23585241641372767,-0.13815309539018045,-0.48685684411555413,-0.38704893502647303,-0.07670172112837526,-0.4502164589066403,-0.41437568295437144,-0.22355779010173785,-0.6444556231229456
2025-09-24 22:00:00+00:00,-0.36854827936667905,-0.23490040334315532,-0.13423560104268556,-0.48659742971597586,-0.3811258217676763,-0.07498739559277512,-0.4504602221444412,-0.4147729942153403,-0.22415392024827807,-0.6374989523987029
2025-09-24 23:00:00+00:00,-0.36593560905564093,-0.2339743335043062,-0.13048638881296196,-0.4841292349796174,-0.38165375167802007,-0.07332574724497527,-0.4450433024341518,-0.41344000557365274,-0.22473378894333312,-0.6308353718439758
2025-09-25 00:00:00+00:00,-0.36498001472543756,-0.2342035293376664,-0.13215981067369306,-0.4818399736561487,-0.37955017333812446,-0.07171436585554328,-0.4401824980261744,-0.41099569445037826,-0.22573188090092666,-0.631021101371224
2025-09-25 01:00:00+00:00,-0.3657277590418404,-0.1898291365182165,-0.14595772978075805,-0.44538654871201167,-0.35609723632537477,-0.07949286335171671,-0.40845510197740936,-0.3798868139143403,-0.2192782331213196,-0.6223471300552649
2025-09-25 02:00:00+00:00,-0.3647533368610275,-0.1910250513077094,-0.14598881884048898,-0.44222745860500706,-0.3540173703736757,-0.07784023814664139,-0.4066833484712574,-0.3794125487254882,-0.21985383858894156,-0.6225430174794178
2025-09-25 03:00:00+00:00,-0.3638040773549176,-0.19218970904692917,-0.14223760527585824,-0.441055109365851,-0.3539178657776927,-0.07623550872018887,-0.40506331166889753,-0.37959967468907757,-0.22041453532792152,-0.6227339314021618
2025-09-25 04:00:00+00:00,-0.35300306775046714,-0.19866322490731944,-0.14086741866277078,-0.4491494736126797,-0.35851312134922847,-0.06420091540530674,-0.4208054874319039,-0.3859086438303618,-0.23234398126096273,-0.617038875297745
2025-09-25 05:00:00+00:00,-0.35218726576517106,-0.19942236170342478,-0.1409256794466056,-0.448912817666233,-0.3576232469999306,-0.06284239364395347,-0.4207549924091405,-0.38634408495301076,-0.23280008800839852,-0.6172043746338874
2025-09-25 06:00:00+00:00,-0.3480080914607525,-0.20016145518369446,-0.13764474659017695,-0.44841763079877606,-0.35563698914200176,-0.0615214557419091,-0.4189854163983664,-0.3829146200120673,-0.23201193889693633,-0.6173658413680473
2025-09-25 07:00:00+00:00,-0.341600940714934,-0.19563833325478594,-0.13448969070688355,-0.44661598435741456,-0.3555694634312164,-0.06023655312214371,-0.415870748455138,-0.3780137081680577,-0.2291529126565566,-0.6175234211160072
2025-09-25 08:00:00+00:00,-0.3355007785397158,-0.19131543192916883,-0.13145305324497017,-0.44615663262248434,-0.35365413930017403,-0.058986221662839934,-0.41285334959060666,-0.3733055976359432,-0.2284262054266905,-0.6113522419535525
2025-09-25 09:00:00+00:00,-0.32968469425179764,-0.18717889440682944,-0.12852797542956074,-0.44442571740722375,-0.3536033981253656,-0.061529010753769424,-0.4112598635287165,-0.37149532430593507,-0.22570113195759828,-0.6054199581682395
2025-09-25 10:00:00+00:00,-0.3073038387198465,-0.16173876390134712,-0.12829130633401478,-0.4416759334860719,-0.362560025202546,-0.05066607204517128,-0.4066837861748031,-0.37419715737539366,-0.21766232748720693,-0.5892255354115465
2025-09-25 11:00:00+00:00,-0.2862383505888305,-0.15392909825593445,-0.12808986724840335,-0.43914086526191054,-0.3576601899763536,-0.040376557142653695,-0.4068706329598824,-0.38055535248844125,-0.2100602973096791,-0.5739451503784253
2025-09-25 12:00:00+00:00,-0.26637106116911896,-0.14652129112090284,-0.12791939151113266,-0.4367982479910428,-0.3577459512176233,-0.06885581937671445,-0.402755610614282,-0.3748985173295242,-0.20285704062004503,-0.5594976491959669
2025-09-25 13:00:00+00:00,-0.24759875481205953,-0.1394821078965513,-0.12777620641218906,-0.43975296406646897,-0.3431556689413945,-0.058768096514979294,-0.39889118901059184,-0.3605959226582997,-0.1858192261547886,-0.5329663780119757
2025-09-25 14:00:00+00:00,-0.22983010099594478,-0.11797594006231099,-0.12765713651441107,-0.43761720204113025,-0.33917097474529967,-0.04916936746186323,-0.3952548382467341,-0.34701484648559616,-0.17955859594325105,-0.5079234014112926
2025-09-25 15:00:00+00:00,-0.23870710394289532,-0.13202322878761344,-0.1253846220929663,-0.4311543604664784,-0.3321056850078586,-0.05617266438313406,-0.3909858606826829,-0.35378454173147594,-0.181392519752727,-0.5143805631397182
2025-09-25 16:00:00+00:00,-0.2368302680889237,-0.12982420054448615,-0.12546491335513046,-0.4308854577383269,-0.3316097676012398,-0.05548918717321726,-0.39102386764270425,-0.3526235617839076,-0.18163675822037495,-0.5106292296533927
2025-09-25 17:00:00+00:00,-0.23373796558261115,-0.12770770795229336,-0.12358381793081542,-0.4306222675674079,-0.33175246945840065,-0.05643701273962713,-0.39106107767162396,-0.3505769512168464,-0.18003835050146133,-0.5070066669497658
2025-09-25 18:00:00+00:00,-0.23076780975698646,-0.12566892982044062,-0.12176742423935859,-0.4294229625001164,-0.3280560953427006,-0.055761790159384136,-0.3899957916425771,-0.3494846040230279,-0.17848720590136907,-0.5035061630483151
2025-09-25 19:00:00+00:00,-0.2490230183925631,-0.1384393802118981,-0.13368734524150286,-0.43570861944253286,-0.3323969987222181,-0.0314438746757044,-0.39577771030313424,-0.3557753374453631,-0.18727420923325508,-0.5094584136457414
2025-09-25 20:00:00+00:00,-0.2707490246506639,-0.15059234742064764,-0.14505079747591795,-0.4446234360727311,-0.3396346150284386,-0.008733748849611964,-0.40132558772101024,-0.36180901524665027,-0.20192512744872101,-0.515148365001779
2025-09-25 21:00:00+00:00,-0.29058892448916374,-0.15224187906385905,-0.14231586495965068,-0.4530908191805199,-0.3403035502530947,-0.015861031714362966,-0.40665371450469506,-0.36998002947138864,-0.20979484255442035,-0.5205931646228226
2025-09-25 22:00:00+00:00,-0.2875855953404775,-0.1498121646353561,-0.14246514741447372,-0.45283854612758323,-0.33977153212188277,-0.015049610271145512,-0.4068417386275416,-0.3701427324430757,-0.2101470527617264,-0.5121810650723557
2025-09-25 23:00:00+00:00,-0.28593148238450905,-0.1494724017693927,-0.14261145219876417,-0.45065139787142544,-0.3395332518020823,-0.014256867823659765,-0.4042196128894627,-0.3664247783973645,-0.2097933211247859,-0.5122984677364317
2025-09-26 00:00:00+00:00,-0.2852484530357722,-0.15001566362084454,-0.14275486752525662,-0.44857505624983673,-0.33767939684983883,-0.01632998836743679,-0.39861304238929907,-0.3629903184641905,-0.20944667924171045,-0.5124135550544231
2025-09-26 01:00:00+00:00,-0.2767015134258269,-0.1576476847344925,-0.14300006745889543,-0.4588282442495147,-0.3382604076164958,-0.007688441697812543,-0.4135993694517983,-0.3769771081195671,-0.21271424747520967,-0.5113953712112349
2025-09-26 02:00:00+00:00,-0.2734884860561738,-0.16495462316606738,-0.14325176274902685,-0.46851797393629535,-0.3591332363041182,-0.031716232761820465,-0.42758604984662835,-0.39011328817119795,-0.21586730924324954,-0.5174527653481383
2025-09-26 03:00:00+00:00,-0.2729535930172417,-0.16526019754486293,-0.1433573931106563,-0.4662176397910745,-0.3569870941372251,-0.031081662044171822,-0.42191461368793165,-0.38757408153441814,-0.21608717599118518,-0.5161164897540123
2025-09-26 04:00:00+00:00,-0.26510497845484027,-0.17216178455078956,-0.14359790218965773,-0.47790309804571596,-0.37201878481956063,-0.022683459452523664,-0.43657145265882724,-0.4017202751211176,-0.22662713315516392,-0.5218005951856972
2025-09-26 05:00:00+00:00,-0.26508417891669606,-0.17236131131279223,-0.1436854328050594,-0.4737108331163912,-0.3719586284030333,-0.023792753379056075,-0.43275468415038015,-0.4001253235290526,-0.2267836824945178,-0.5204090384556771
2025-09-26 06:00:00+00:00,-0.26462722510920944,-0.17209091853098693,-0.1437713390611646,-0.4728220521113529,-0.3707240703459476,-0.02326839418391106,-0.4326477605110175,-0.399850593052175,-0.22693723239600602,-0.5204206760989141
2025-09-26 07:00:00+00:00,-0.2634645913549852,-0.1701133701811286,-0.1438556657594734,-0.4725193784283837,-0.370667427863547,-0.02275529178409792,-0.43219864336184866,-0.3978340620106243,-0.22666943492378783,-0.5204321649120501
2025-09-26 08:00:00+00:00,-0.24591695626853213,-0.15239659579756545,-0.15892621190238596,-0.4595632799402346,-0.3533195597521078,-0.04459493017138044,-0.42376014601829937,-0.38922562816664097,-0.2122892554475258,-0.5190911137141074
2025-09-26 09:00:00+00:00,-0.22917849563574974,-0.14788921738945943,-0.15883855115407292,-0.45703404564338396,-0.35662911793689683,-0.06510611938409268,-0.4193583340671827,-0.3876672371225337,-0.20719191718711127,-0.5178436301441702
2025-09-26 10:00:00+00:00,-0.21810801191908935,-0.13142988301720882,-0.15876733041822796,-0.45463368415105637,-0.36819894787654467,-0.10696571209726802,-0.4184971366570355,-0.39665486012040746,-0.20229597440616698,-0.5230289992158778
2025-09-26 11:00:00+00:00,-0.20747781162450013,-0.11572476950678676,-0.1587109764008906,-0.4563587826788789,-0.37407836652390136,-0.09841543691767526,-0.42070766118284797,-0.40718719349097127,-0.19758870659915137,-0.5322277359486498
2025-09-26 12:00:00+00:00,-0.19726075401439044,-0.10072272300517321,-0.15866808171514626,-0.4580467286081091,-0.3663523186265514,-0.11499654952222596,-0.4228608208397658,-0.41082785494618684,-0.1848705406667203,-0.5409254577550574
2025-09-26 13:00:00+00:00,-0.1874319765005349,-0.08637715246591743,-0.1586373846106487,-0.4596984350382564,-0.3660467315349404,-0.1066683332757154,-0.424958806681053,-0.4118179483894683,-0.1641640239813001,-0.549162107553471
2025-09-26 14:00:00+00:00,-0.187019006118819,-0.08583124066971703,-0.15864022370943043,-0.45926872361184296,-0.3659847272521886,-0.1064411342527134,-0.42454467649078326,-0.4115333221370555,-0.16252772589316994,-0.5439887638470349
2025-09-26 15:00:00+00:00,-0.195705022314766,-0.10689230254417158,-0.1515218772570612,-0.4341613888714173,-0.363008824934723,-0.1165190215805637,-0.4002205396477369,-0.4018642376465224,-0.18833010958912377,-0.48976013651857064
2025-09-26 16:00:00+00:00,-0.2010165251055451,-0.11716356319423814,-0.14931298290668324,-0.4254322138416495,-0.3642015708522985,-0.12198663699732137,-0.39495437954998536,-0.402863297378909,-0.20073882634953008,-0.4758023989580483
2025-09-26 17:00:00+00:00,-0.1998151513771584,-0.11708768087613472,-0.1493440134713095,-0.42544780174257046,-0.36328959592742116,-0.12158570969255801,-0.39492362749370963,-0.402795472656699,-0.19663269043053358,-0.47579030086793633
2025-09-26 18:00:00+00:00,-0.20401159745913205,-0.11528703830777447,-0.1666200484763256,-0.4288713883577259,-0.37343121156126047,-0.11583605147261938,-0.38892537177375286,-0.39175486224641404,-0.19268346513672327,-0.4663275924951422
2025-09-26 19:00:00+00:00,-0.21941635838477982,-0.12448219367725405,-0.1819465568260615,-0.4288713883577259,-0.3818512253879123,-0.11583605147261938,-0.38180797002760053,-0.3852372398853492,-0.19820701446495567,-0.45104491059561963
2025-09-26 20:00:00+00:00,-0.233326210826035,-0.13360561032633053,-0.1975613151586404,-0.43429279556536105,-0.3770917989006948,-0.11583605147261938,-0.3794249241781719,-0.38150039116769413,-0.2036842469789815,-0.4423329247795504
2025-09-26 21:00:00+00:00,-0.2468301899516587,-0.14266011827190703,-0.21348135243919023,-0.4328120210707864,-0.3740172474907503,-0.11583605147261938,-0.37136002717342764,-0.3777418849075081,-0.2036842469789815,-0.43151668582064706
2025-09-26 22:00:00+00:00,-0.24984495893992434,-0.14144065605973458,-0.23323875590351414,-0.4296956157031684,-0.3646247224288848,-0.10949881728284681,-0.3701345732948931,-0.37616968579354104,-0.21622409416493918,-0.4234127655095174
2025-09-26 23:00:00+00:00,-0.2505728444690078,-0.1408677887375764,-0.2351420037523465,-0.4283846678970561,-0.38067728526753847,-0.10949881728284681,-0.3671358789034638,-0.3751191309514468,-0.2165369832558924,-0.4197702325362472
2025-09-27 00:00:00+00:00,-0.2549354023352593,-0.1512988279616313,-0.21663588935244937,-0.4155193578601794,-0.38888213371333846,-0.11545691108715005,-0.34783317177545986,-0.3462150593035898,-0.22428670854228475,-0.3859428403030867
2025-09-27 01:00:00+00:00,-0.2594528540091794,-0.15262994976693323,-0.21832548379115782,-0.41727483747901273,-0.3909450166728007,-0.11512789510877294,-0.34783317177545986,-0.3462150593035898,-0.22459106232799428,-0.380361722519328
2025-09-27 02:00:00+00:00,-0.2643803229153132,-0.15405211118370218,-0.22009603190191454,-0.41727483747901273,-0.4007784875405218,-0.11512789510877294,-0.34783317177545986,-0.3462150593035898,-0.22371158201323044,-0.37507878363945607
2025-09-27 03:00:00+00:00,-0.2664503367931948,-0.14295720273599685,-0.23566499379567693,-0.4251490234853391,-0.4074825871705571,-0.1302433593707769,-0.3609730037414986,-0.35560755312260206,-0.21700926368180493,-0.38909840746663693
2025-09-27 04:00:00+00:00,-0.269467201301335,-0.13246134339598753,-0.23841898884978685,-0.4317085286257354,-0.41714928137233015,-0.1223469364949478,-0.37294784503186523,-0.3666213616103671,-0.2015372848959899,-0.4023986664655858
2025-09-27 05:00:00+00:00,-0.2743577206988039,-0.13363477173461702,-0.2407995879092892,-0.4317085286257354,-0.4169219549603369,-0.1223469364949478,-0.3722008956694975,-0.3667873655313217,-0.2029369913824778,-0.3971529750314374
2025-09-27 06:00:00+00:00,-0.27790684673502963,-0.13492542776645536,-0.2432913240695234,-0.4317085286257354,-0.415191806703142,-0.12166646802095225,-0.3726869064578847,-0.3667873655313217,-0.2012910938052592,-0.39215280416843473
2025-09-27 07:00:00+00:00,-0.27940469728436407,-0.13483596464003436,-0.24590178962346076,-0.4317085286257354,-0.41408395581184854,-0.12103772755324065,-0.37342440505671737,-0.3679005809133225,-0.1998045210600428,-0.38738071908869265
2025-09-27 08:00:00+00:00,-0.27040490569434183,-0.11213597518000815,-0.24983486022293325,-0.4218640359592203,-0.4003767298999893,-0.11377111568612168,-0.36763432555694614,-0.35005816558691416,-0.18535562160284552,-0.39908397486023894
2025-09-27 09:00:00+00:00,-0.2620104695085222,-0.09073513418376222,-0.26228724610404053,-0.41223045445963513,-0.39496374813676244,-0.10600698809142425,-0.3576950886422794,-0.3429039076860965,-0.16484164560544834,-0.40679898201116355
2025-09-27 10:00:00+00:00,-0.25877545827103227,-0.08095303202172549,-0.2676902205919749,-0.41491536910239746,-0.40666621277893666,-0.09836709297345606,-0.35420831552150733,-0.3424348758677402,-0.1542665378439991,-0.41419578191410433
2025-09-27 11:00:00+00:00,-0.2560371246802822,-0.07153532218660577,-0.27362898838911354,-0.4136179931364539,-0.41729140017026367,-0.09205792589089219,-0.35356874516591175,-0.3477108842026589,-0.14288674538698448,-0.42438669752920904
2025-09-27 12:00:00+00:00,-0.2591995316024742,-0.07158215881284272,-0.27362898838911354,-0.4136179931364539,-0.4183484861748571,-0.09205792589089219,-0.3534743191132616,-0.3477108842026589,-0.1440677700302369,-0.4218126318037602
2025-09-27 13:00:00+00:00,-0.25724188248938384,-0.06262139817129815,-0.28013145937694217,-0.41233952983627803,-0.4184185860565707,-0.08477638506096594,-0.3529481598737671,-0.34438275679032465,-0.1319703504073177,-0.42843434836166927
2025-09-27 14:00:00+00:00,-0.23483544314784052,-0.05312113215569225,-0.27393683518816403,-0.41626980405941816,-0.4184185860565707,-0.10558483965553322,-0.3623742001968291,-0.3477167189606849,-0.11890782484359352,-0.42843434836166927
2025-09-27 15:00:00+00:00,-0.23807813571559014,-0.053307038206652994,-0.27907165408780366,-0.4162163386235096,-0.4184185860565707,-0.10708596007700961,-0.362789521842349,-0.3487125650828138,-0.11939362370595362,-0.42843434836166927
2025-09-27 16:00:00+00:00,-0.2873645316093829,-0.057874178008823024,-0.26035840822505013,-0.415035635009543,-0.4397421498457764,-0.09646026469590432,-0.35823281428997095,-0.34388140284374696,-0.12796406331690657,-0.4404314259430685
2025-09-27 17:00:00+00:00,-0.292017152666114,-0.0581924994592341,-0.24899205937757377,-0.41492172466133936,-0.4397421498457764,-0.09834961754270481,-0.35866296007221743,-0.3446496926747033,-0.12737778191971125,-0.43858976802376104
2025-09-27 18:00:00+00:00,-0.3123768727457239,-0.06070118805728546,-0.2248311747265855,-0.4053992643181977,-0.4568807842129,-0.09029100295159286,-0.3512707477495782,-0.33496194494537385,-0.12440866457343895,-0.43425796693870217
2025-09-27 19:00:00+00:00,-0.3269978093549235,-0.08048831401899482,-0.2248311747265855,-0.3924744468424391,-0.44966709492906654,-0.09029100295159286,-0.34220145432480664,-0.32863874340919164,-0.11220038055690601,-0.4404277434417871
2025-09-27 20:00:00+00:00,-0.36018599555230796,-0.11444569150172952,-0.2471449652905313,-0.371470499913726,-0.4490873658552004,-0.09510541840708404,-0.33236833936857546,-0.32246685012653653,-0.1392384528011323,-0.45477653832611487
2025-09-27 21:00:00+00:00,-0.3754439804065474,-0.14053903106342905,-0.25815137799922966,-0.3553422037357707,-0.4506228152687954,-0.09510541840708404,-0.3233837834351028,-0.31509455504402784,-0.12762779817261383,-0.455816047897021
2025-09-27 22:00:00+00:00,-0.37538496624610995,-0.14018770586001733,-0.2536144490855584,-0.3558002531454376,-0.45715073956557734,-0.09510541840708404,-0.32339205727441134,-0.31498878630723326,-0.12745951340639702,-0.45327840859124074
2025-09-27 23:00:00+00:00,-0.3793281975521265,-0.14152164790522814,-0.2536144490855584,-0.35740165589906026,-0.4599728680623104,-0.09330384722887791,-0.32147633451571817,-0.31498878630723326,-0.12954145774232767,-0.45327840859124074
2025-09-28 00:00:00+00:00,-0.38842378197084243,-0.14462161288458455,-0.24954003037926623,-0.35740165589906026,-0.44054750788079367,-0.09510541840708404,-0.32147633451571817,-0.31738990343601053,-0.13331433296834513,-0.45327840859124074
2025-09-28 01:00:00+00:00,-0.39821527330817164,-0.1478856305549789,-0.24954003037926623,-0.35740165589906026,-0.4420238047198409,-0.09330384722887791,-0.32017568816560454,-0.31738990343601053,-0.1352947629518947,-0.454150482570828
2025-09-28 02:00:00+00:00,-0.4095012514976651,-0.15339275664026802,-0.23782257409728083,-0.3692950656573141,-0.4451888587034497,-0.10616146656603037,-0.33370214481995036,-0.3271768993514746,-0.13971396007123324,-0.4523782178772343
2025-09-28 03:00:00+00:00,-0.4211856457976917,-0.1572260991327567,-0.23434513191932482,-0.3670742953143202,-0.44730853050947056,-0.10818387547843998,-0.3323544143139836,-0.32508282503223146,-0.14197050954018473,-0.4554157195886099
2025-09-28 04:00:00+00:00,-0.4099530388652196,-0.1416776576428384,-0.2168942380810245,-0.3670742953143202,-0.4453620553098089,-0.12835550138806245,-0.3341803893961581,-0.32707447301783443,-0.1302284725052244,-0.45048738342183725
2025-09-28 05:00:00+00:00,-0.4237430885150918,-0.14560864509334726,-0.21408482784617683,-0.36431305408336906,-0.4453620553098089,-0.13052822153243984,-0.3316552464818742,-0.32654696149303036,-0.13153163691311215,-0.45360870579321266
2025-09-28 06:00:00+00:00,-0.43414755735448246,-0.1497931515039272,-0.21144899503852907,-0.36479304979289534,-0.44489614414530626,-0.12835550138806245,-0.3321337474748211,-0.3273228575052894,-0.13281017428944145,-0.45461814988718857
2025-09-28 07:00:00+00:00,-0.44038805577129375,-0.15026058944731202,-0.20935569668852663,-0.36581368535148484,-0.4461673998498806,-0.12835550138806245,-0.3331068800571284,-0.32894186752142673,-0.13320074497241394,-0.4556412810620476
2025-09-28 08:00:00+00:00,-0.43091213531045136,-0.13321807994610527,-0.16736340126796306,-0.35755755947887485,-0.4358417975148693,-0.1402974724448899,-0.32637548681848105,-0.31931078244739075,-0.12380521757773962,-0.448498412103332
2025-09-28 09:00:00+00:00,-0.4280543449475193,-0.11704662261369207,-0.12970544544336862,-0.3468456161682996,-0.43786917681110177,-0.13489234474234715,-0.31909476016223837,-0.31292595208731017,-0.12175124899384893,-0.43474986854434344
2025-09-28 10:00:00+00:00,-0.4125255775660747,-0.10783514783432178,-0.10548755213962485,-0.35120827909449387,-0.43786917681110177,-0.13489234474234715,-0.3248270680596139,-0.31786345922471043,-0.10360000134591604,-0.4205356034717837
2025-09-28 11:00:00+00:00,-0.39687614344678934,-0.09863916330370821,-0.08194759218218843,-0.3473617813670608,-0.4323065244868363,-0.1114125521247493,-0.3305646688203086,-0.32238488491617145,-0.07935805095044275,-0.40996707409784644
2025-09-28 12:00:00+00:00,-0.38621897369628516,-0.09863916330370821,-0.059022229338827524,-0.3435133480434059,-0.4345928353689956,-0.04847635086149544,-0.3335577995695426,-0.32771663159092823,-0.06574817338221683,-0.3994159855857147
2025-09-28 13:00:00+00:00,-0.37029293379966893,-0.08945696300777868,-0.03665486622053985,-0.34788025787041005,-0.42788872114454835,-0.011078183832873418,-0.3365546028653018,-0.34011905959561956,-0.05221610679751628,-0.38212959656932527
2025-09-28 14:00:00+00:00,-0.35419986207236653,-0.07061678235378341,-0.01479468242872728,-0.34788025787041005,-0.42036861133387854,0.021735145338679936,-0.3428113337268314,-0.3433537963070303,-0.0387557250242628,-0.3611748946493276
2025-09-28 15:00:00+00:00,-0.36272426448310174,-0.07133749923997403,-0.01636684844943055,-0.34788025787041005,-0.4209761393082412,0.018922506732107807,-0.3427848754923831,-0.3450533924590694,-0.039750335368648054,-0.36181264329966917
2025-09-28 16:00:00+00:00,-0.36833552381419554,-0.072276576054404,-0.017914876963746836,-0.34788025787041005,-0.4215976760294561,0.015526892333798128,-0.3431712833437795,-0.34672013802909885,-0.040746009916821625,-0.36134681841805527
2025-09-28 17:00:00+00:00,-0.4231301285566972,-0.08558261894062621,-0.03269046173237037,-0.3496692501181097,-0.413346199868984,0.019305832753548455,-0.32872744051675407,-0.32832800307162024,-0.023367996339611567,-0.37554166244472265
2025-09-28 18:00:00+00:00,-0.4402909234737452,-0.07886395667491294,-0.04890486428855823,-0.3253272035171166,-0.3796560025365093,0.02205705644153813,-0.3134033285415234,-0.3201730804482484,-0.004904241246313169,-0.3916430352932445
2025-09-28 19:00:00+00:00,-0.44459886166561263,-0.07886395667491294,-0.07381084175393503,-0.3175309431611472,-0.3877006343493072,0.004336003081929125,-0.3020198052004495,-0.3147786419677085,0.0035910540559739887,-0.3963450363064708
2025-09-28 20:00:00+00:00,-0.4521516368749706,-0.09952666365460182,-0.10919495134359153,-0.30638170778823914,-0.38044309989333275,-0.04660354092594168,-0.2913574875587104,-0.30934204819561756,-0.004904241246313169,-0.3963450363064708
2025-09-28 21:00:00+00:00,-0.4618657149541935,-0.11946373757957442,-0.1352404366528622,-0.29209978930116576,-0.3630862100168029,-0.07779944292254592,-0.28285482759014063,-0.3121716760282815,-0.021804433209752963,-0.39263587878757256
2025-09-28 22:00:00+00:00,-0.4604125507421544,-0.119812460872093,-0.1368289550125073,-0.2920499960665567,-0.3623607925934723,-0.07851111706825911,-0.28233526506034096,-0.3121716760282815,-0.022653549184593134,-0.39115215064194103
2025-09-28 23:00:00+00:00,-0.4648141719455731,-0.12091867053522586,-0.13624821348669977,-0.2920499960665567,-0.3630862100168029,-0.07941087483863185,-0.27818219409389183,-0.313695506580132,-0.023595750454321215,-0.39067570684180275
2025-09-29 00:00:00+00:00,-0.47237076011324763,-0.12669528016470605,-0.13788117754380677,-0.289797992631341,-0.3509425219597029,-0.08137663428058572,-0.2768281170877345,-0.3108749910945469,-0.024548615595513357,-0.39067570684180275
2025-09-29 01:00:00+00:00,-0.4800490439696664,-0.12818047050812315,-0.12454239903211221,-0.30287860537537964,-0.36753564660689847,-0.05478628989610723,-0.29067868964454086,-0.328392396765754,-0.03265880342717496,-0.3904320880631645
2025-09-29 02:00:00+00:00,-0.48843709836095245,-0.13042459330046077,-0.11039051572251363,-0.3158568215792949,-0.3807863389409483,-0.0410758545352784,-0.3042579911166836,-0.34574462499259395,-0.039834789119591756,-0.3918350813779384
2025-09-29 03:00:00+00:00,-0.5030596002314929,-0.1334913649511385,-0.09831575219529487,-0.32374357523664615,-0.3866280542736535,-0.017787592209458705,-0.3175785653586662,-0.35659720842061293,-0.047147278361007385,-0.3934096204792209
2025-09-29 04:00:00+00:00,-0.4948571234170069,-0.1090377840557212,-0.07971765324083153,-0.32374357523664615,-0.4005927845549296,0.005207860975600931,-0.3210512407010076,-0.35659720842061293,-0.040632535805491615,-0.3889688353735463
2025-09-29 05:00:00+00:00,-0.5055787550300956,-0.11301590660168481,-0.06867565081434275,-0.32916576819310595,-0.4047544026425859,0.025454997758111185,-0.32815003609969473,-0.3610605155936487,-0.04154718781870056,-0.3951537854860304
2025-09-29 06:00:00+00:00,-0.512122271883489,-0.12034974428681633,-0.06732643165220874,-0.326761240687284,-0.40180672329193307,0.04423799659563478,-0.32597288120443585,-0.35294263742592386,-0.0413295220708186,-0.39706591536108127
2025-09-29 07:00:00+00:00,-0.5106212073230254,-0.11664075055340731,-0.05543501060676745,-0.31656994732328364,-0.3917403794858237,0.06327856467345601,-0.3180591964277243,-0.34272144572132024,-0.03333945483429975,-0.38776592429469203
2025-09-29 08:00:00+00:00,-0.5007377791194132,-0.10319566134058432,-0.043965912731533115,-0.30622474305666303,-0.3862892719237314,0.0810483730445227,-0.3100299504247988,-0.33194121276276783,-0.025602742729096736,-0.37712902752919525
2025-09-29 09:00:00+00:00,-0.49129196259450614,-0.0923071854310674,-0.032900326769860044,-0.29912020064779626,-0.37989481319666946,0.08933692614409565,-0.3012767253851661,-0.32705738505169685,-0.02584284932618805,-0.3669288628130882
2025-09-29 10:00:00+00:00,-0.48297358059093354,-0.0829111173590569,-0.01627390714750442,-0.30754017505947884,-0.37307681599362724,0.09861844326457894,-0.3102737904498996,-0.32705738505169685,-0.03211023250665909,-0.3561426474163747
2025-09-29 11:00:00+00:00,-0.47464571311041065,-0.06500310217741596,0.0002496544598977791,-0.30754017505947884,-0.37885903391616477,0.11587461495315711,-0.31604494256152765,-0.32705738505169685,-0.03211023250665909,-0.3512206585867798
2025-09-29 12:00:00+00:00,-0.46630626200334147,-0.05588263741912515,0.01668339468366178,-0.31148289644233973,-0.37885903391616477,0.13261822025738165,-0.3243325636111395,-0.32705738505169685,-0.03211023250665909,-0.3405555350659295
2025-09-29 13:00:00+00:00,-0.45795307789286543,-0.04687301138826302,0.04163433653467061,-0.3159885725620967,-0.37885903391616477,0.1589707069259539,-0.33345454692432397,-0.3300003969025799,-0.025735450007153344,-0.3316147582310612
2025-09-29 14:00:00+00:00,-0.4581189509310799,-0.03562752469131533,0.041220328671080116,-0.3086820341934031,-0.3738084027509536,0.1653413162845462,-0.33284040730197517,-0.31925509229773186,-0.0198445718457865,-0.3281630490948658
2025-09-29 15:00:00+00:00,-0.458613942535997,-0.024782014173371232,0.04850970655730685,-0.301481065432869,-0.374516663712374,0.17146364610504103,-0.329412031376992,-0.31155113040396426,-0.01427253188702398,-0.3193681267579155
2025-09-29 16:00:00+00:00,-0.45363694819016537,-0.014319068373985317,0.05539910393416109,-0.2943809019024662,-0.36454366036739316,0.18395855352367005,-0.323109985226573,-0.30086472119595364,-0.007495358998835478,-0.31094698451122327
2025-09-29 17:00:00+00:00,-0.44630899079645253,0.003752654573859264,0.06190289411080072,-0.29148997513310854,-0.3548520053726904,0.19464329559169818,-0.31391199177341594,-0.2933875901762042,0.0006221041141416314,-0.29567596394912526
2025-09-29 18:00:00+00:00,-0.42624847591046017,0.022516044072256918,0.06648063971687629,-0.26656344514553015,-0.33623266700046134,0.2055865532502862,-0.28923541599454755,-0.2702508062539425,0.011103338909523508,-0.2690554844034934
2025-09-29 19:00:00+00:00,-0.386813878159758,0.04026733867135824,0.07012018394578508,-0.2363858474614252,-0.305323222334928,0.20400395297588136,-0.2601850888820337,-0.24958132278615885,0.027716727681233837,-0.23062254909003313
2025-09-29 20:00:00+00:00,-0.33332892687263155,0.07151096797955823,0.0872082262116975,-0.1875675026814647,-0.27795367280432237,0.210652058834211,-0.20890886224131094,-0.22798917492648765,-0.11459926312911023,-0.17598595688097554
2025-09-29 21:00:00+00:00,-0.2848482662366643,0.10100861454059663,0.10139224444253589,-0.15765934121765063,-0.2518082172837256,0.20748557004853074,-0.173772350681207,-0.21637793023838064,-0.10859187498931441,-0.13002152233276879
2025-09-29 22:00:00+00:00,-0.27811659063867117,0.11511566704473238,0.11361789972384002,-0.1581431867666942,-0.23853345920911959,0.21689449246839565,-0.17034276195829545,-0.22353104680741762,-0.11477268047405115,-0.11617876535453127
2025-09-29 23:00:00+00:00,-0.2811617623200045,0.11271229747400437,0.11319155970152465,-0.16933874572322197,-0.22714274987345257,0.22035623471118113,-0.18771091225024117,-0.238405240792997,-0.12747809403835716,-0.11167897318108581
2025-09-30 00:00:00+00:00,-0.25875894320905724,0.06948126597339886,0.12945339406623174,-0.26949681247244756,-0.2618842422198942,0.18896466248342114,-0.2469480197118016,-0.2752050334007769,-0.15144585466813318,-0.09344313962308654
2025-09-30 01:00:00+00:00,-0.2428644252405154,0.028329634983570436,0.14865114466697324,-0.3005648808788278,-0.31004234952318455,0.1823992223879929,-0.29984086207791827,-0.3058223790397868,-0.1839218281080333,-0.0604190824485626
2025-09-30 02:00:00+00:00,-0.23567663231896757,0.016105339978393356,0.16402060743028168,-0.3464818938588682,-0.3352866439918311,0.1853310200461781,-0.3240800304828932,-0.3156298403661246,-0.16405099184464975,-0.04026600346388415
2025-09-30 03:00:00+00:00,-0.23372924550522026,0.00450932212116587,0.17884856712120456,-0.363309876215008,-0.3487937371290945,0.23104661333587964,-0.3464364698968094,-0.34942554187207286,-0.19061235413969116,-0.025011610120274457
2025-09-30 04:00:00+00:00,-0.23132388406803941,0.0026192718284565883,0.19407516309500386,-0.3761948540471565,-0.3505666632662457,0.268739145475916,-0.36478939071766775,-0.37615623367397744,-0.17625905348608287,-0.012886511268698825
2025-09-30 05:00:00+00:00,-0.23880005252686715,-0.006486133214480227,0.20453280532963306,-0.37680244160567555,-0.3301458678810986,0.2670942343713598,-0.37310428435459686,-0.38271627707309536,-0.17249932562700762,-0.004479060113320441
2025-09-30 06:00:00+00:00,-0.2420793241003084,-0.015678030032892257,0.2157585323712562,-0.3267641097730557,-0.27867026274601625,0.2965532860196849,-0.3269246256335936,-0.361429256909729,-0.13606975335334973,0.002298204689652802
2025-09-30 07:00:00+00:00,-0.2074663662093333,0.01037886651576462,0.22615904043250798,-0.26833206965428835,-0.21395160554567386,0.3221131879503353,-0.2880890678304963,-0.3074495030457426,-0.10283879069393026,0.007909533777245683
2025-09-30 08:00:00+00:00,-0.17464125514364312,0.06377850848492786,0.2610414541703335,-0.21328142622880875,-0.19688485195207614,0.3183058950216164,-0.2393196208838649,-0.26476269313298206,-0.07480445533167002,0.016489096120977587
2025-09-30 09:00:00+00:00,-0.16437267238493167,0.10915955159046266,0.29128386682362384,-0.19482108426867845,-0.1841358791797384,0.31492833673879334,-0.20696574852278352,-0.24556575817660398,-0.04805720164996156,0.02449385060642127
2025-09-30 10:00:00+00:00,-0.1726208440498588,0.12449523694969666,0.2970047174950363,-0.20770329319510225,-0.21233432173815783,0.3141398170668119,-0.19005665127269997,-0.2548779377128545,-0.025337332134938505,0.014537433679417039
2025-09-30 11:00:00+00:00,-0.16403302574865852,0.13856372869686212,0.30172313537889783,-0.21964757979243474,-0.2093949595952691,0.3127372538118013,-0.18277473864226976,-0.27911743697152064,-0.0037938126158259203,-0.01038545239341236
2025-09-30 12:00:00+00:00,-0.15707105608397373,0.15101387837784463,0.3062946732294104,-0.23061228299801625,-0.21678735938538457,0.31294393814016896,-0.17638356133895627,-0.2785373309986596,0.014924732001394372,-0.032343443919235285
2025-09-30 13:00:00+00:00,-0.15139522733378613,0.16211578782618596,0.3106614396781645,-0.22962581821823996,-0.19651505582638215,0.31257923865119636,-0.1707236173931788,-0.25628448129478043,0.0557912050675805,-0.06474055799288742
2025-09-30 14:00:00+00:00,-0.14676413770561364,0.17268719359200832,0.3147909509965971,-0.21659376391167823,-0.19573279220594306,0.312554117018162,-0.17354308753564718,-0.22864032555097563,0.09099844318495423,-0.067940261638389
2025-09-30 15:00:00+00:00,-0.14556845047349234,0.18184943671686846,0.31499435425946326,-0.19295094076849909,-0.1810935373353095,0.2895818135923327,-0.15878119241855476,-0.1986058941622795,0.09768248074106038,-0.06757980648767917
2025-09-30 16:00:00+00:00,-0.14370888034503002,0.1905425054733427,0.2975515123399033,-0.1699019213986811,-0.1646805370060155,0.29018535710898713,-0.1384251114121781,-0.1732024430783574,0.1032078157950652,-0.0683531996957882
2025-09-30 17:00:00+00:00,-0.13920005366183702,0.21838306688554635,0.30148344815759276,-0.13478516968800486,-0.13402766814508657,0.3084347605644702,-0.10991236835225858,-0.14655622490467068,0.11370733472390969,-0.05621598103373506
2025-09-30 18:00:00+00:00,-0.12181103453008293,0.24348943660940295,0.32242184192215817,-0.10091302722303726,-0.09215897660785957,0.32642492635660353,-0.06615848842179335,-0.11544243739466901,0.14291404112264297,-0.04465273277963667
2025-09-30 19:00:00+00:00,-0.09963654674585604,0.29443448860019733,0.3414079753456843,-0.0433515103634903,-0.04662094209991763,0.33932860018696787,-0.00736634821917418,-0.08316744016607991,0.15050096309849442,-0.008611036951749411
2025-09-30 20:00:00+00:00,-0.04669695626401476,0.34724625128484066,0.3587808247099549,0.041672488281869674,0.004196486733515019,0.35101564699153265,0.05337236369464236,-0.046131799506496124,0.18084421863066086,0.035917598872871825
2025-09-30 21:00:00+00:00,0.016936827013781033,0.3883975462306296,0.35679175405991514,0.1172993953472562,0.00034285252749828154,0.36446462299308174,0.09753432011190909,-0.015125535087017805,0.20339846066347086,0.0769219490120866
2025-09-30 22:00:00+00:00,0.050730465262756055,0.4194250235058583,0.35618763999137837,0.14485301872441517,0.00938455782929552,0.37730415204779527,0.1128306195755641,-0.0013343400359465832,0.20405823180861538,0.10691205774594816
2025-09-30 23:00:00+00:00,0.04654019611024853,0.4151417328556938,0.35544350850832734,0.1219354473325342,0.030685081660199075,0.3740918266045786,0.08594913993455688,-0.028832849244331257,0.20571203220428289,0.09858927650212207
2025-10-01 00:00:00+00:00,0.028755646143000087,0.4112173684396493,0.3545418406012156,0.09973879340477965,-0.00786319887715319,0.36957546144809134,0.0516473963078148,-0.05584591308766508,0.20690201143995918,0.07093263123642705
2025-10-01 01:00:00+00:00,0.017129057933414047,0.41216329830684717,0.35578403348244814,0.08571612123483402,-0.008565224236047254,0.36914408374881286,0.030388316678039415,-0.06949758869880898,0.2084217509579794,0.05372404860487105
2025-10-01 02:00:00+00:00,0.003425567650791284,0.4129988585011365,0.35679471809768193,0.07173128809651816,-0.0097349234469388,0.36847751049298194,0.009477082664508085,-0.07985331774420089,0.2192196484831048,0.03560062233969511
2025-10-01 03:00:00+00:00,-0.01137056175084977,0.410578219806717,0.35591217509558765,0.05457161648447168,-0.023146169299423185,0.3668042796098071,-0.012765304188576911,-0.09320880208126418,0.21678402655602416,0.015018575750663444
2025-10-01 04:00:00+00:00,-0.03191931279486378,0.4107625520341117,0.3563973445317045,0.03789044204943237,-0.03140205481671872,0.3656986476803218,-0.03653235371532616,-0.10617570479926901,0.2061727398522095,-0.003783771646452324
2025-10-01 05:00:00+00:00,-0.05025823329445831,0.4080007015776528,0.35501238132888446,0.018375571290944314,-0.02671507310592462,0.3620765355209593,-0.05700709094656716,-0.10673771818948179,0.20262997832858873,-0.02304876117626206
2025-10-01 06:00:00+00:00,-0.06533931899398161,0.4045155809835784,0.3533660032153945,0.020491128949679686,-0.006275541221968334,0.36006322355194925,-0.04656825886275251,-0.08807528901218022,0.20997236408303224,-0.03893440641023805
2025-10-01 07:00:00+00:00,-0.06952699955586956,0.4027363434378117,0.3514540159075398,0.03517352900085697,0.017817990485215485,0.35795806832017235,-0.031512237840447925,-0.06113817288256038,0.2181960230862766,-0.054123613836359906
2025-10-01 08:00:00+00:00,-0.061872749920990996,0.4098977101126902,0.3616427847868174,0.05199636871488849,0.04310921229573705,0.34211183196647627,-0.008124596067515215,-0.03663342160525912,0.2192217090648405,-0.06989523748127059
2025-10-01 09:00:00+00:00,-0.054581314589486285,0.41590468144006637,0.370066645272822,0.058605451821021844,0.04741930971219111,0.32624404417089603,0.008956906205024701,-0.019668256168502356,0.21787151885538406,-0.08493577853475827
2025-10-01 10:00:00+00:00,-0.05826247887355226,0.41357181234861307,0.3686746853960084,0.06497235616691223,0.03420055524591927,0.3249650205046041,0.012106332919806754,-0.020237731605877274,0.20166115070163085,-0.10159891940320012
2025-10-01 11:00:00+00:00,-0.0620937743531632,0.4112182979904639,0.3670591018327283,0.06347278309914912,0.02776079144246433,0.3228414416323428,0.009870728484237307,-0.026437968335997764,0.1851941367965758,-0.12037560023816317
2025-10-01 12:00:00+00:00,-0.06607657183088342,0.40883796619028645,0.36521508577227957,0.06189116694289987,0.03152859227319946,0.3194525035364901,0.007674954690440658,-0.0287152943893133,0.1714672123762849,-0.1388891361806048
2025-10-01 13:00:00+00:00,-0.07020675574051022,0.40589186563360014,0.362857706986663,0.060168632619035094,0.032297098310292434,0.3166554538982067,0.005329335079104218,-0.025566731421307724,0.1768904702568471,-0.15843856423285618
2025-10-01 14:00:00+00:00,-0.07556161246212408,0.4024766311701495,0.36852908841893944,0.05784974584281228,0.027687212907738182,0.31295214202045046,0.002859252340870608,-0.009577412012216326,0.1829885914408889,-0.17362908378731365
2025-10-01 15:00:00+00:00,-0.08329967097924469,0.3983767824738962,0.37023756715962364,0.054441841212758656,0.032554197578696646,0.30770851593539394,8.618638490516993e-05,-0.002808486643603648,0.17592103267314213,-0.19263144744392222
2025-10-01 16:00:00+00:00,-0.09013284760164797,0.39452486102859774,0.3730021365442023,0.05142755738401857,0.04136483276732959,0.3029993763930946,0.003940269634963439,0.01340741204046437,0.18302880918458705,-0.18636316933201422
2025-10-01 17:00:00+00:00,-0.084003080464613,0.38839872422859095,0.3769794905154426,0.05743050370357564,0.05609935981891656,0.2989127184275296,0.021142742535713608,0.030070157008887072,0.19849349680574738,-0.16921022613304357
2025-10-01 18:00:00+00:00,-0.07413829446208715,0.39326246370051027,0.3709640868759166,0.07497161243371092,0.08332443252038656,0.28147380484503787,0.03993387011286292,0.04809865433611673,0.21453554288297727,-0.13919631917030417
2025-10-01 19:00:00+00:00,-0.04670491134757839,0.4032991109577762,0.37221095201938414,0.10353868590617432,0.10858678365050421,0.27650654828894095,0.06296708378260024,0.08124816998653552,0.22208604194269368,-0.11202219779106984
2025-10-01 20:00:00+00:00,0.0010049148816794556,0.41595531481668463,0.36355148847205276,0.1398814473234318,0.133335930055404,0.25860321903137445,0.09137548064373335,0.11307976401528648,0.22966144889265352,-0.0831196817432223
2025-10-01 21:00:00+00:00,0.048324563845366084,0.4285606741984747,0.36376808528342913,0.19149883008710467,0.16957531136714452,0.25344364301103695,0.11898339839819587,0.14102183270530266,0.22118932123320031,-0.056130740776345084
2025-10-01 22:00:00+00:00,0.0826745710078669,0.4415591090540332,0.3556809383897769,0.2091752750533173,0.17179293012796218,0.2441709859956474,0.13107100120126097,0.14660600148025726,0.21306473949225097,-0.040167889126831724
2025-10-01 23:00:00+00:00,0.07542248355023307,0.4436575772539975,0.34719304815228047,0.18208213505593757,0.16737981439946298,0.23905102851971452,0.10745390249328984,0.12454140118739386,0.19741073341920304,-0.04643561370168888
2025-10-02 00:00:00+00:00,0.054241022555584016,0.43717381565077973,0.3342607855289852,0.15986009808980475,0.14831972155662868,0.23286720212204093,0.07824835680031518,0.10002134897367361,0.18129983100336353,-0.07021501415114728
2025-10-02 01:00:00+00:00,0.03564736202553501,0.4289939829762969,0.32500968828548327,0.14051836781468408,0.12962984465575536,0.2103757979166351,0.04947575512616945,0.07863775102548759,0.17989714971311271,-0.09145925067114603
2025-10-02 02:00:00+00:00,0.01989546515020375,0.4221023695102014,0.31602089537036054,0.1250357959019797,0.13241994697338058,0.2051106676195441,0.027805371253802395,0.06305069165845238,0.18597116945457118,-0.11336833978717117
2025-10-02 03:00:00+00:00,0.0046039245515849,0.41793327357412646,0.3091961107063946,0.11210952917377175,0.11893111702250017,0.19619954688783203,0.005931571066407885,0.0498346504352396,0.184439800986247,-0.13480069724066945
2025-10-02 04:00:00+00:00,-0.015821035486127226,0.41367687281508214,0.30813922827356405,0.0992338901046721,0.11262959333470919,0.19124145039638038,-0.011115368649172033,0.03874993966208419,0.19004258024204487,-0.15658813152468432
2025-10-02 05:00:00+00:00,-0.03249275456863941,0.4034069069191024,0.3027273503034364,0.08659253255899249,0.12012066982062315,0.18504350488132607,-0.018136509870940253,0.04141846079711369,0.19610859449019175,-0.17976915361479343
2025-10-02 06:00:00+00:00,-0.04590088676853627,0.40321570986148175,0.29080621338326196,0.09669620826269745,0.1408997499544047,0.17198448878688738,-0.0016946203720603805,0.06497130986080522,0.21408570420760156,-0.20492166559027122
2025-10-02 07:00:00+00:00,-0.04378808925409688,0.4027870637977175,0.28520736877640385,0.11600981315869832,0.16080272807499452,0.15796560502340493,0.016987554291492932,0.09055075725516754,0.23284350741232418,-0.22806647891761614
2025-10-02 08:00:00+00:00,-0.04091073875186194,0.41112543043128924,0.2830321595526974,0.1326593919602244,0.17739188560936545,0.15139547833248768,0.03359492904195548,0.11414473470843393,0.23928181646454963,-0.24668281618841276
2025-10-02 09:00:00+00:00,-0.0382243976198084,0.4190862172255786,0.2802717542357078,0.14905756960436756,0.18199415547195438,0.1445349514237035,0.05213276897959312,0.12819935232522042,0.2569624653066332,-0.26093186062995116
2025-10-02 10:00:00+00:00,-0.04063096858848931,0.4189672562444225,0.2677984080414695,0.14901230442185479,0.1755661963085437,0.1373726026252314,0.05889131447331653,0.12649361785391966,0.2407137187864871,-0.27906011404774916
2025-10-02 11:00:00+00:00,-0.04866394497317647,0.41862361048376484,0.263630326062813,0.1485246917280865,0.16698296822764347,0.1298962261095467,0.060992471785501115,0.12064773595684763,0.23799707206916226,-0.3001303023452092
2025-10-02 12:00:00+00:00,-0.05810855420306913,0.41750796476755625,0.25382322849402816,0.1515889970453382,0.1663005839123843,0.11094298611726774,0.06336587473644796,0.12092168542985915,0.2461379054799096,-0.3215751127474339
2025-10-02 13:00:00+00:00,-0.06680506642823034,0.4170304293424856,0.2492851368050512,0.1547409922203653,0.16837150928916444,0.10278966823624237,0.06825328301103313,0.13339783812359993,0.25370145958862744,-0.338311202015483
2025-10-02 14:00:00+00:00,-0.06444242245039013,0.4163132288410311,0.24550692943312033,0.1578039049354669,0.16754484397399522,0.08648666698686805,0.07305722620229758,0.14815036568442097,0.26131802125883474,-0.3448024475556253
2025-10-02 15:00:00+00:00,-0.0626645635238382,0.4147792085779104,0.23487962794167105,0.16094609895701462,0.16647063402343687,0.07579766633569095,0.07805513087075354,0.16024588365807393,0.2699649139819179,-0.3523817653061701
2025-10-02 16:00:00+00:00,-0.06110670748545013,0.41298021857642814,0.22905610267013887,0.16739928559274916,0.17114615445898412,0.0646318349176163,0.08298868493643989,0.17775698991990604,0.27871219615477794,-0.360087083665929
2025-10-02 17:00:00+00:00,-0.0597674416336215,0.41695279622209547,0.2537674153399749,0.18855773747715882,0.18054606334190357,0.05296324539442636,0.09553785779095171,0.19199277708730605,0.3021180932539318,-0.35835182087972633
2025-10-02 18:00:00+00:00,-0.05222215370708231,0.4208499991563244,0.27862907665543407,0.2112086374665604,0.19643724401883875,0.02925994532146208,0.11311889332506002,0.20899669582535169,0.31138607128790396,-0.35239342506866006
2025-10-02 19:00:00+00:00,-0.02415355615622796,0.4251960149943945,0.28386670723336427,0.236922091194462,0.20759851399525944,0.01426097373870376,0.13521514716461064,0.23231638898391863,0.32195602422772757,-0.32751071276108135
2025-10-02 20:00:00+00:00,0.026197066756052986,0.43355598135039164,0.28866208043518443,0.2569004456426861,0.2336615855801997,-0.00323893773900083,0.15891860691309162,0.2543750286490688,0.35314644741656503,-0.2945004481654717
2025-10-02 21:00:00+00:00,0.07385608286485525,0.45050877777279175,0.2931100353271699,0.2748575399266743,0.26700630717678014,-0.019835899415775682,0.18278707903574773,0.27101269670786365,0.3645710003343815,-0.2589712915077645
2025-10-02 22:00:00+00:00,0.09525019731896647,0.45828289284863327,0.2972765627106243,0.28714916794318657,0.2664906207119254,-0.03538865818313688,0.19166404830680436,0.2802189281199914,0.35434737255201104,-0.2327450646226685
2025-10-02 23:00:00+00:00,0.10479661712186777,0.4613521242236403,0.28928407088893876,0.295873762249032,0.27891269063568114,-0.06741088400128632,0.19329651290079608,0.28092550834643737,0.35195868156669846,-0.2201736380630213
2025-10-03 00:00:00+00:00,0.106968718484953,0.45961017808003213,0.2937756895750833,0.2985949191931507,0.26760972624162227,-0.08543564807122327,0.19163411012898585,0.280942107639149,0.3493236553013507,-0.20866197205511075
2025-10-03 01:00:00+00:00,0.11605847372464735,0.4625551551212385,0.2875462865090408,0.3122636664006209,0.2743104831274751,-0.12267752445229083,0.19403535858384552,0.2832227635144246,0.3375523099700192,-0.1909253060178075
2025-10-03 02:00:00+00:00,0.12553698998375298,0.46621426130387494,0.28292344700725475,0.32533450736237673,0.28103238256462043,-0.15967237144002003,0.1970795150680109,0.2879956506725288,0.32708598665567334,-0.1736606996537191
2025-10-03 03:00:00+00:00,0.13175231568344228,0.46764062967247805,0.2889971664689298,0.3337291490364237,0.2808231709168069,-0.18272325162185576,0.19765249826011805,0.28849208473237975,0.3135357943020998,-0.15855761900997561
2025-10-03 04:00:00+00:00,0.13851878117907424,0.4698520814760042,0.2948412622511278,0.3461887397994488,0.283609843721844,-0.22663537531230318,0.19893228977234378,0.29158786898371064,0.3012842114881273,-0.14377496914894183
2025-10-03 05:00:00+00:00,0.1483282103705791,0.469823425702309,0.2998554335186449,0.3544243231592101,0.29700624436111817,-0.2536847629250277,0.20048811276823414,0.2973841001069536,0.2962737415910332,-0.13099178602922973
2025-10-03 06:00:00+00:00,0.16352396526591426,0.46906108814106,0.3043711426949483,0.3725732304687332,0.31359396093622655,-0.3120346342861742,0.21731627371556905,0.31432019813534356,0.30601736144134384,-0.11927260057629556
2025-10-03 07:00:00+00:00,0.1846116113246629,0.47216739008565956,0.30840498750064366,0.39283189786527645,0.3258669470532806,-0.34452074405374516,0.23732281688315268,0.33779153729914035,0.31594903918111794,-0.10856501883221968
2025-10-03 08:00:00+00:00,0.2041160162732485,0.48099445995176854,0.3331420505528998,0.4110787371224633,0.34062921272103175,-0.4109922146447675,0.2558555623398177,0.35600745890675495,0.3249428009405298,-0.09254256529576775
2025-10-03 09:00:00+00:00,0.21638165354685998,0.4892935482364745,0.3580486946081595,0.42834057987340496,0.3453866753142407,-0.4470750702432276,0.2739948345362145,0.3706151242195394,0.3200414971358235,-0.07206084970692496
2025-10-03 10:00:00+00:00,0.22774312887265724,0.49140139268578276,0.36145892135809626,0.4392593232393424,0.3423199702782076,-0.48572408986789783,0.2820324427676348,0.3741449073838858,0.3148146432610088,-0.057600999931200395
2025-10-03 11:00:00+00:00,0.2382651004838611,0.49298498950474323,0.3644621886037951,0.4494640136921653,0.3431859605095177,-0.2909422446094779,0.2895770848513053,0.3749525726641642,0.30924788742191167,-0.04388363111551968
2025-10-03 12:00:00+00:00,0.24231367156614309,0.4901779490241361,0.3670683646968964,0.4590197950574393,0.3409304019482654,-0.284510072367298,0.2997691422456356,0.3797798599163075,0.31824165934479204,-0.030866891668228768
2025-10-03 13:00:00+00:00,0.25130686649215495,0.4906590456228244,0.36928566838919896,0.4679841816895263,0.34985462806017653,-0.2776747755305143,0.3095730006770109,0.38676574006732545,0.3274351589868612,-0.012942669282796405
2025-10-03 14:00:00+00:00,0.25960555792571066,0.4966186524263772,0.3711207357501592,0.47899334807982297,0.36205745288985935,-0.27041538088837047,0.3190165288551021,0.3992687935679236,0.336845105646775,0.0045007799161853835
2025-10-03 15:00:00+00:00,0.26708739843254575,0.49552984247521903,0.3723846338106086,0.4902309950311203,0.37073080534668146,-0.28002150670688736,0.32502647106354954,0.408993524703362,0.3477321652641128,0.022009839128123706
2025-10-03 16:00:00+00:00,0.2739673761416456,0.5010275898245056,0.3732734998213603,0.5010811119462854,0.3791251807095302,-0.27141070115904564,0.33430168088837114,0.42193673315678054,0.35896132348738263,0.03916912530284688
2025-10-03 17:00:00+00:00,0.2802762112094248,0.5062270494137355,0.39989406034794134,0.5086773159584214,0.39146704450523706,-0.26225381128484676,0.3512928331769659,0.43474026515269415,0.3705641486763515,0.05601937904919752
2025-10-03 18:00:00+00:00,0.29338193665429335,0.5111513628430369,0.4271596524832634,0.5159560989734888,0.4052024526131532,-0.25251317120134514,0.3683082157240044,0.4512259469626919,0.38257558458437985,0.0726013912621998
2025-10-03 19:00:00+00:00,0.3156555374971502,0.507915391788905,0.4279008204420428,0.5303745413570908,0.4198193778371065,-0.26331926511624865,0.3868697015271798,0.46933852100866263,0.3965962537538141,0.10083459064969527
2025-10-03 20:00:00+00:00,0.34997337984807037,0.5232321053215591,0.4587509253214752,0.5447770055463597,0.42963860957078415,-0.252018873982959,0.4139605322416664,0.4877178059232146,0.43904398341339085,0.1289501494307487
2025-10-03 21:00:00+00:00,0.39613347988600284,0.5387476112310056,0.4396960902692514,0.5592447027301545,0.43480945883138467,-0.23993325744661054,0.4410306074195716,0.5110305373244427,0.45521409221493486,0.15705080402182847
2025-10-03 22:00:00+00:00,0.41968108414516414,0.543053718985588,0.4394210356229504,0.5659725562336205,0.43544085069955357,-0.22792800491101886,0.4490874439894033,0.5136364884015401,0.4495266598219281,0.1836877280094356
2025-10-03 23:00:00+00:00,0.4186273370480863,0.5354749429679911,0.46693095431941434,0.5598070457473147,0.44428803989018456,-0.2374952102810851,0.4346542317712498,0.5016288039297622,0.4286014131857304,0.1968137135215244
2025-10-04 00:00:00+00:00,0.4106975034278997,0.5273149093215905,0.4642439214454672,0.5508784818762748,0.4213983217702823,-0.27525116504884556,0.42207293764990383,0.48619331738526955,0.40540376056119243,0.19544397083006837
2025-10-04 01:00:00+00:00,0.40287095113357235,0.5190070839600777,0.4611461699781484,0.5440306847488952,0.4009833972906944,-0.2634015415296695,0.4096936987170272,0.4730638821426032,0.3822127203483175,0.19386109606065324
2025-10-04 02:00:00+00:00,0.4138236396640921,0.5170700678242227,0.4617289148217643,0.5463037768499728,0.40075598174172034,-0.2727275180916915,0.41064288596135273,0.46302571492188616,0.35495274263991533,0.2062724552144073
2025-10-04 03:00:00+00:00,0.4235886624340077,0.5144817373953471,0.46193905949642655,0.550378082674716,0.39617763943883627,-0.25949729489440865,0.4105404076056607,0.4567012418351905,0.3252507115464623,0.2176933555061824
2025-10-04 04:00:00+00:00,0.4322661883826186,0.5112213320095712,0.4617778039795797,0.55391521493927,0.38722246450959585,-0.24560302246137397,0.40654850512779395,0.44684454564122733,0.2926403628348336,0.22819356039734295
2025-10-04 05:00:00+00:00,0.4211131794977078,0.49922767915201677,0.455132124116202,0.5475258871323685,0.3811012277508772,-0.23024293971460125,0.39105048526040764,0.43645943962389705,0.2767319028802701,0.21409800804734758
2025-10-04 06:00:00+00:00,0.4177182418507346,0.47913592539049576,0.4259484864476373,0.5462153033211395,0.3731852190596492,-0.21409302602068284,0.39097799480047113,0.43940376313848734,0.25969620849026664,0.20712338444428824
2025-10-04 07:00:00+00:00,0.4139460925929726,0.4646481710352052,0.41645201341658494,0.5515457043631735,0.37334524647959655,-0.19556901144668898,0.4005269144234793,0.44775525356223894,0.27018854914652507,0.21418379693349315
2025-10-04 08:00:00+00:00,0.4182345924759556,0.458978774876077,0.40754397634531214,0.5578955021743719,0.3693700769335594,-0.17640664183436655,0.4100772996936577,0.4541874079558505,0.2777263009590316,0.2223796028667254
2025-10-04 09:00:00+00:00,0.42295521121064283,0.4529923385836693,0.39804901734661924,0.5616734605307445,0.36720370024541915,-0.18552582149080307,0.42124081077071324,0.4538996536061526,0.2595425836976062,0.23096030708792714
2025-10-04 10:00:00+00:00,0.41970069442203617,0.4466690419727715,0.3879091637012428,0.5582708983625548,0.3526804505093754,-0.1944018997131812,0.4186102100918574,0.44646260223644,0.20568185390125823,0.24046982403746953
2025-10-04 11:00:00+00:00,0.41653556417384235,0.4399871653769014,0.3770568287697334,0.5554012473421327,0.33377779671680563,-0.17523053210251602,0.4159018885773076,0.4347483582719324,0.1827203291523375,0.2423982371293028
2025-10-04 12:00:00+00:00,0.41349336302790024,0.43292293428687,0.3654124758781515,0.5527262880675451,0.32505970192748296,-0.15426828300943904,0.40849291444999697,0.42661376970068365,0.15868835582182753,0.2538365111407619
2025-10-04 13:00:00+00:00,0.4100823086090399,0.42624670334360165,0.35432260651216957,0.5537664295910875,0.3210108727869163,-0.1300039109920306,0.40524870502290156,0.42839878254960195,0.1693888685152177,0.25621559673120464
2025-10-04 14:00:00+00:00,0.4068796523005066,0.41918598322650713,0.30756309419560435,0.5594193943158972,0.3178541460634294,-0.13846262834353015,0.4028283526199106,0.44163235981596366,0.18107372382364828,0.25936059679829887
2025-10-04 15:00:00+00:00,0.40396107293452055,0.4117225452973386,0.2919786918180809,0.5671159186875878,0.30120494562938194,-0.1503029194909228,0.4061961367949587,0.4501112814073872,0.19133054794228205,0.2735302728558114
2025-10-04 16:00:00+00:00,0.41261048260904654,0.40384030097114054,0.27485214204977365,0.5765531579009712,0.30567212443034275,-0.12450360873942937,0.41779291525569523,0.4662369460783401,0.20584263017534984,0.2905837699697892
2025-10-04 17:00:00+00:00,0.42308343527273734,0.41366267532077117,0.2559111359917107,0.5833250368768838,0.31093151583852197,-0.09677207815934065,0.4374245615814462,0.47781723718172736,0.22215548410811944,0.3204599595865558
2025-10-04 18:00:00+00:00,0.4631948507679849,0.4253984820091779,0.29063692765355004,0.6028633417026682,0.3223400636835757,-0.06663415713837448,0.45997082447065063,0.4962976934507924,0.19396161492993105,0.3525950968975401
2025-10-04 19:00:00+00:00,0.52607710488618,0.43770717269142845,0.32938566166467476,0.6264532479029254,0.3543979658631561,-0.033426875214411345,0.49225836286511465,0.5206633094839624,0.21285368453723663,0.4024779987629385
2025-10-04 20:00:00+00:00,0.5970490132871684,0.5025986730653642,0.3654287876454308,0.6548118344350362,0.3953237843265653,-0.044622929011726986,0.5468364650402593,0.5233156810818662,0.29116439707649067,0.4601335955798173
2025-10-04 21:00:00+00:00,0.6784850548759015,0.611195409719599,0.40754757820278786,0.6812316452194007,0.42669505484812603,-0.006248233275235901,0.6041432292658726,0.5468703139272986,0.32354130193429953,0.5451999151436839
2025-10-04 22:00:00+00:00,0.7256092777507112,0.6727807111384182,0.4590502297099435,0.706051886014543,0.4641952701745109,0.038845020061675166,0.6403610330974083,0.5328185019356441,0.3022729326185804,0.616932577737875
2025-10-04 23:00:00+00:00,0.7780548275029485,0.6797463440161318,0.3807096324746529,0.737349834747213,0.5267937507184592,0.03150751919175715,0.6343479170773643,0.5025634643300274,0.2122069280375619,0.6790641106978978
2025-10-05 00:00:00+00:00,0.7656061877076648,0.6698119910988982,0.3703239252216416,0.7274013975360324,0.5081887128746099,0.02733147771758019,0.614309801352677,0.47896757222402137,0.17126811159025637,0.678372089633069
2025-10-05 01:00:00+00:00,0.7556839580945407,0.6617187761071076,0.3613905559409328,0.7189143315683538,0.49350073282221374,0.025891977823177238,0.5970614401890639,0.4618663882734248,0.13649430373806776,0.6800562901337389
2025-10-05 02:00:00+00:00,0.7556839580945407,0.652790780916107,0.3408178829297455,0.714916768944525,0.4808628552704351,0.00836460045188053,0.5970614401890639,0.4589413106436939,0.1159947141923172,0.6839947444040764
2025-10-05 03:00:00+00:00,0.7565577906281519,0.6476336674233221,0.34362507437725076,0.7136649698401407,0.48175385799097525,0.004459044533478138,0.599632713333392,0.4565823510189358,0.0877231987088056,0.688640613944348
2025-10-05 04:00:00+00:00,0.7565577906281519,0.6440530164138244,0.329385988201791,0.7116790832696116,0.4791957743759702,0.004459044533478138,0.599632713333392,0.45321729198842886,0.0877231987088056,0.6912038739336033
2025-10-05 05:00:00+00:00,0.7565577906281519,0.6406180897525938,0.31507983430269876,0.7085632613577743,0.471975080264339,-0.007915626827737556,0.5992030629042275,0.44495018784346374,0.0877231987088056,0.6954565468921341
2025-10-05 06:00:00+00:00,0.7529270192986823,0.63734394990906,0.3006954062143069,0.6968665865191459,0.46370125689774777,-0.007915626827737556,0.5947012775367743,0.42513232762264286,0.10292190030690833,0.6980250304715647
2025-10-05 07:00:00+00:00,0.7529270192986823,0.6179105910296853,0.2639743857281249,0.6835464870435722,0.45326670932710467,-0.007915626827737556,0.5844352815520989,0.40488231054061036,0.10292190030690833,0.7005957285937667
2025-10-05 08:00:00+00:00,0.7480564248716655,0.5895995732880986,0.240520715793853,0.6700800582993454,0.44386654712063073,-0.019049814408002463,0.574730134966673,0.3905836902106961,0.10183705232426818,0.6914438609048531
2025-10-05 09:00:00+00:00,0.7450135196204402,0.5702434294107315,0.22652931362242867,0.6631578249264436,0.4410855067719152,-0.019049814408002463,0.5702851386810781,0.38184482366716155,0.11041380332501549,0.6893611755065392
2025-10-05 10:00:00+00:00,0.7446361103261002,0.5597367866918864,0.21867136174598822,0.6614365415205911,0.4427058494739722,-0.02634308297507137,0.5694349344976332,0.37892761740086095,0.11885373976247712,0.6881489372375191
2025-10-05 11:00:00+00:00,0.7454395764841629,0.5531456142850606,0.21506024185724507,0.663733881776253,0.4454196211134995,-0.03239295557151006,0.568824185542809,0.38489961378955434,0.12606564035663376,0.6868644317316527
2025-10-05 12:00:00+00:00,0.7463000724266959,0.5468858164508876,0.1984527322243419,0.6663014259431874,0.4497038856019157,-0.03830054932981228,0.5682959212673286,0.38472960397673456,0.13305928096436354,0.6857326599213129
2025-10-05 13:00:00+00:00,0.7471183392521045,0.5449477046471817,0.1967281974701825,0.6684527838582703,0.4483415008927305,-0.04062260605378382,0.568495744176535,0.38219881397287353,0.13867790254047221,0.6883399120315994
2025-10-05 14:00:00+00:00,0.7479551732035591,0.5432099476632175,0.18836686536070865,0.669660567281374,0.4502124302861709,-0.04293258809526173,0.5694497455850894,0.3783145136270854,0.13867790254047221,0.6863906993006722
2025-10-05 15:00:00+00:00,0.7488108501089307,0.5416761236908719,0.18035272640470026,0.6701571492731728,0.45038458881566684,-0.04827985095359161,0.5687558989418995,0.3757298917563166,0.13867790254047221,0.6845071731067569
2025-10-05 16:00:00+00:00,0.7496856528557873,0.5403506681525578,0.1754444899177358,0.6708061521201728,0.44915317393726606,-0.050590932434108525,0.565943076207804,0.373195557602706,0.13867790254047221,0.6841764692297957
2025-10-05 17:00:00+00:00,0.7533811402898521,0.5391184128264659,0.17291878643459233,0.6706755089757332,0.4455679343663804,-0.05394783122578114,0.5636422957426542,0.3718338247337771,0.13764666453270047,0.6774019233432349
2025-10-05 18:00:00+00:00,0.7541553649297987,0.5411572120810838,0.16628632204828964,0.6693929454606281,0.4203998097577499,-0.0550964541081455,0.5479585164195233,0.3683574864454818,0.1304538959127814,0.6670778339166656
2025-10-05 19:00:00+00:00,0.7500555358039955,0.53236010764318,0.16003593673182384,0.6665477534829833,0.3944674719093953,-0.060019309303987814,0.5309456916023407,0.36509212913508443,0.12412162875139077,0.6564951175564915
2025-10-05 20:00:00+00:00,0.7406946597971356,0.5185661449682093,0.15413854930881665,0.663406229588499,0.38955612557552227,-0.06397707985824799,0.5209074310872921,0.35982494683277466,0.11710893177095014,0.6470434421285328
2025-10-05 21:00:00+00:00,0.7329832242852397,0.4839470926500747,0.15288355357111108,0.6587811095007985,0.38956007225000444,-0.06803968886449276,0.5102309344407406,0.3569889940775471,0.11009743126389233,0.6378560206855683
2025-10-05 22:00:00+00:00,0.728253107685744,0.45227765574036305,0.15195324923353543,0.6590636796053961,0.3928260900601122,-0.0717991141988632,0.508692469014886,0.35831613410641855,0.10914191305495573,0.628321304475048
2025-10-05 23:00:00+00:00,0.7320772601045068,0.4570814953625956,0.15646843452453607,0.6648656541523675,0.39214122017738834,-0.0668993917208685,0.512356721400049,0.366112214454061,0.10503405756310508,0.630964721363065
2025-10-06 00:00:00+00:00,0.7359851363909353,0.46213085876087096,0.1611223155537252,0.6691120773738057,0.4077741554549209,-0.06483725061250487,0.5166073337180868,0.3706168512290671,0.10102663294154271,0.6392706989356148
2025-10-06 01:00:00+00:00,0.723972752764862,0.45312161342449897,0.14507101867901423,0.6591779640404664,0.3940075754155076,-0.06659847962146413,0.5013213538922519,0.3484005692944046,0.10229600262573023,0.6319562547985326
2025-10-06 02:00:00+00:00,0.723972752764862,0.4307403444556562,0.12573525282514308,0.6554212995467622,0.3969081067147127,-0.09184533606886221,0.49701586865891506,0.3464617019330859,0.1253570948023332,0.6235888509806158
2025-10-06 03:00:00+00:00,0.72544397041417,0.4115815124687888,0.11131726103162276,0.654423587249739,0.3957355165085142,-0.1027726243542031,0.49915921427704074,0.35143822208636677,0.12367077910086635,0.6213133309383692
2025-10-06 04:00:00+00:00,0.725862430081949,0.3964040703687704,0.09744317978655406,0.6539270027595853,0.3942202736331148,-0.1119167585968635,0.4975355886441901,0.3504845433337776,0.10947911388423358,0.6192169865117918
2025-10-06 05:00:00+00:00,0.725862430081949,0.3811348809650968,0.08325944655139644,0.6527529401282088,0.3896128628678323,-0.12105760146661439,0.4962027693383975,0.3488518462391016,0.10947911388423358,0.6171498721314261
2025-10-06 06:00:00+00:00,0.7228143315423703,0.3657572454373787,0.05237535497298754,0.6390093467307305,0.3837698186749475,-0.1443660952221642,0.488956488261411,0.33743399770644206,0.10947911388423358,0.6129000525154054
2025-10-06 07:00:00+00:00,0.7206378290282045,0.3419563707856372,0.021566322635936053,0.626387816203256,0.3767566195375298,-0.16659718779978308,0.4722913162292836,0.32929199189992703,0.10947911388423358,0.6056635999651845
2025-10-06 08:00:00+00:00,0.7165807662131658,0.31479117173151977,0.006166281770930892,0.6145900038754192,0.36492206285704876,-0.19600912841260293,0.45803191733122955,0.31716820267607626,0.09132972158541366,0.5985309298968615
2025-10-06 09:00:00+00:00,0.7147179366730576,0.2962901218372945,-0.0028452819919297483,0.6089622674609493,0.3608205488318366,-0.21284528808880918,0.4507766123397921,0.3158521139935309,0.09132972158541366,0.5946076809886413
2025-10-06 10:00:00+00:00,0.7147179366730576,0.28317646433568167,-0.011943957098311628,0.6082946452211959,0.3605900209050337,-0.22118703792469413,0.44785701438784725,0.31637328949953636,0.09701383981618088,0.5932711001156693
2025-10-06 11:00:00+00:00,0.714189583066657,0.2700940231898641,-0.02130777665441751,0.6082413400777195,0.3600785323979948,-0.22948749059300916,0.4444458694014556,0.3158521139935309,0.09701383981618088,0.5921039679807991
2025-10-06 12:00:00+00:00,0.714189583066657,0.2570221854582921,-0.030961151682922215,0.6082075395066505,0.3592823241567975,-0.237753389362329,0.4410463575865248,0.31125637196288974,0.08909227896371971,0.5926752355748648
2025-10-06 13:00:00+00:00,0.7152912764794228,0.25390572813973517,-0.03723356127682813,0.6103313031629485,0.3592156879315767,-0.2395787391681605,0.4411254710760921,0.3096390480427196,0.08909227896371971,0.5967499945137339
2025-10-06 14:00:00+00:00,0.7164151489682586,0.2509087991029495,-0.039839725433202376,0.6123289383256834,0.359166325079355,-0.2414498535675585,0.4412444143308792,0.30684293770599785,0.08909227896371971,0.5984246475202837
2025-10-06 15:00:00+00:00,0.7175615890312951,0.24803202615265818,-0.04240001948512307,0.6144478883942163,0.35946423712746184,-0.24175350323882275,0.44005140016013466,0.3043772483229047,0.08909227896371971,0.6012305217800472
2025-10-06 16:00:00+00:00,0.7187309959353358,0.24527682519198374,-0.04491820139658071,0.6166936456696266,0.357728911822482,-0.2422444751048536,0.4374875578453729,0.3016826071703601,0.08909227896371971,0.595604767219682
2025-10-06 17:00:00+00:00,0.7187309959353358,0.23915945051803245,-0.047397697475789105,0.6165903004453986,0.353424853567723,-0.24290500582779642,0.43392660076437684,0.2980788953549374,0.08486730574272427,0.5874022322694776
2025-10-06 18:00:00+00:00,0.7185506428034292,0.2228724111996224,-0.053597550280943554,0.6146198234707806,0.3514474336361018,-0.24434319092699006,0.42899720998687535,0.2945498160560938,0.08080913025198698,0.579463337881278
2025-10-06 19:00:00+00:00,0.7099650579470961,0.2034214184118991,-0.056013165556617235,0.6120534823238811,0.34453315089402464,-0.24284562291693684,0.4246967148728227,0.2926049214937386,0.08080913025198698,0.5717954088941246
2025-10-06 20:00:00+00:00,0.7058563646734524,0.18773920829627863,-0.062314502385889065,0.6081130932056025,0.33867264718771517,-0.24740594712446148,0.42120463608341285,0.2906830305050743,0.07690360321699055,0.5684721062250804
2025-10-06 21:00:00+00:00,0.7018118175005456,0.17554435507187285,-0.062314502385889065,0.6070162272929132,0.33736966864835227,-0.2464614206826374,0.41621932815711526,0.28914250061861635,0.07313818343608904,0.5611680422127218
2025-10-06 22:00:00+00:00,0.6975318995194562,0.1661744988679081,-0.05935685975128162,0.6079617106030752,0.3378686839924598,-0.24555915972697082,0.41583041513093927,0.29068278254105356,0.07783900145781923,0.5532946821325956
2025-10-06 23:00:00+00:00,0.7002965989680717,0.16995336412707657,-0.05348967712234558,0.620006627014598,0.33944895660266083,-0.23896089710651552,0.42088079708445986,0.29435835766543555,0.07783900145781923,0.5544017001561045
2025-10-07 00:00:00+00:00,0.704396389635972,0.17395347270837336,-0.04756831096977308,0.6228322914525184,0.3543924688812171,-0.23260114841167423,0.42500214252151325,0.29613881743948384,0.08130289749887185,0.5618711620897078
2025-10-07 01:00:00+00:00,0.6995143356417909,0.1721715126772528,-0.04913254800268081,0.6237978246967354,0.36063949757435065,-0.23539030703233912,0.4253976199020826,0.29017461051383303,0.08203723805838742,0.5639017130917362
2025-10-07 02:00:00+00:00,0.6995143356417909,0.15940786395008674,-0.0942431254187678,0.6208475336255139,0.3577598286732757,-0.2543417991589968,0.41996906780801746,0.2858989543738312,0.08203723805838742,0.5521564427821178
2025-10-07 03:00:00+00:00,0.7014632930114939,0.15186722610047493,-0.1320975172228274,0.6221667467638599,0.35694634729705627,-0.2767465278737098,0.42122366921564913,0.2897508527197723,0.09932446058984615,0.5446984136404817
2025-10-07 04:00:00+00:00,0.7020949522285587,0.14304006933091315,-0.14692565154249082,0.6221202337171139,0.35550774189586587,-0.2945738747540373,0.41989738326002995,0.2884992008690294,0.11201629442124203,0.5388254904901767
2025-10-07 05:00:00+00:00,0.699410045931977,0.1220052890188314,-0.16383764697018052,0.6177419348691746,0.3402101431783115,-0.3163827777687048,0.41765194394769783,0.2864174051248202,0.1132978073676243,0.5282389849294126
2025-10-07 06:00:00+00:00,0.697402428637316,0.10585769673597338,-0.19854065644209662,0.6083396906032215,0.3365400521218717,-0.3298669898501505,0.4151072761381652,0.28360545570771706,0.09842340138164431,0.5186278022962634
2025-10-07 07:00:00+00:00,0.697402428637316,0.07728914283506734,-0.21318226768883772,0.6015948832121755,0.3365400521218717,-0.3434270394723173,0.4035564172556759,0.2808035339344331,0.09842340138164431,0.4991967404415079
2025-10-07 08:00:00+00:00,0.697184536640463,0.06244417866143033,-0.22526157154190993,0.5912852464840808,0.32894989977746364,-0.35950704697417146,0.39062017484355316,0.26806033009151814,0.08303465386847551,0.477777230803421
2025-10-07 09:00:00+00:00,0.6955052028129897,0.05241929543463696,-0.23325376816994642,0.5885078234510148,0.3210057167275981,-0.36881427333047917,0.38527139421958184,0.2632629112758711,0.08303465386847551,0.46753218309737726
2025-10-07 10:00:00+00:00,0.6955052028129897,0.039496095601652466,-0.256459905148135,0.585746321647333,0.317996719136267,-0.3784584695251442,0.38040518158595377,0.2587321904094762,0.0698744474707803,0.46140726910848046
2025-10-07 11:00:00+00:00,0.6951685573801987,0.026573244750079605,-0.264525696927137,0.5836405324270539,0.31498423416426413,-0.38815664803443545,0.3748904997222174,0.25417224976209557,0.06227854949979284,0.4549428991205694
2025-10-07 12:00:00+00:00,0.6940628498689243,0.01994806793386419,-0.26836764646224537,0.5821211326326774,0.3110997301099021,-0.40179233690070765,0.372064784339731,0.2504758753098707,0.06327873978251536,0.45267434579219634
2025-10-07 13:00:00+00:00,0.6954314790650242,0.01777434523189949,-0.2698482938153195,0.5844737138983405,0.31072413097114865,-0.404903437394555,0.37169561236305004,0.25026440098163083,0.06360011091951408,0.45401498879103136
2025-10-07 14:00:00+00:00,0.695469704352766,0.015528334835677489,-0.2713599166193035,0.5869421363660944,0.310777527754696,-0.4080970971606835,0.3713197451888653,0.24974330275395157,0.06392717671820121,0.45543019984804184
2025-10-07 15:00:00+00:00,0.6955094481701939,0.013205927498244908,-0.27290350575699784,0.5895347821473655,0.31039880911733836,-0.4113767586131847,0.3709370016268698,0.24952059843819677,0.06426008989624876,0.4569256775062102
2025-10-07 16:00:00+00:00,0.6955507799146824,0.010802667601568549,-0.27448009519366917,0.5909047916486033,0.3100151965341836,-0.414746063762796,0.3705471940408677,0.24929388304506497,0.06459900868183012,0.45850769519790213
2025-10-07 17:00:00+00:00,0.6955937728011561,0.008313713542887388,-0.2760907643612119,0.5943443147341355,0.30963094265048163,-0.41820886924094264,0.370347248162634,0.2490630472237366,0.06494409706334646,0.4601831749518801
2025-10-07 18:00:00+00:00,0.695638504112124,0.005733792330708506,-0.27773664070863346,0.5978730047858579,0.30923940159349195,-0.42176926272237425,0.3705783837112346,0.2488279776120554,0.06529552505565514,0.4604367404121421
2025-10-07 19:00:00+00:00,0.6956559884785767,0.0030571473407227565,-0.27941890242250594,0.6014944590090008,0.3111722838570227,-0.42543158091311106,0.37081376004785216,0.24908517131335078,0.06565346897722645,0.46046502440973847
2025-10-07 20:00:00+00:00,0.6998221643923334,0.001526123737321716,-0.2811387813414084,0.6052124748588877,0.312046062588974,-0.42920042927482543,0.3710534949839197,0.25002323567414886,0.06601811174719219,0.4617863512186607
2025-10-07 21:00:00+00:00,0.7041029271719094,-4.291903150111252e-05,-0.2828975660688854,0.6111400438658472,0.3129370766976597,-0.4330807036917147,0.3719706293193895,0.2509800792643583,0.0663896431949949,0.46313483501069497
2025-10-07 22:00:00+00:00,0.7085031955809415,-0.00036828139454705196,-0.2846966053138265,0.6172736349619121,0.3138458415423516,-0.43707761431039066,0.3729060020021627,0.25195627238121127,0.06676826039207147,0.46451132365793335
2025-10-07 23:00:00+00:00,0.7097489698283546,-8.748140726486197e-05,-0.2842168043835544,0.6193442506377753,0.3134901208170941,-0.4375239214805306,0.3725952030004246,0.25152338141623143,0.06648234754200356,0.46426884085729714
2025-10-08 00:00:00+00:00,0.7110372657983945,0.00019872968493980862,-0.28372690747745616,0.6215064454606096,0.3131272841528429,-0.437992463416849,0.37227821057383714,0.2510817166643414,0.06619091025271867,0.464021579163409
2025-10-08 01:00:00+00:00,0.7083261610888679,0.0023833237048336304,-0.278487315740605,0.6157724957858856,0.3114950762182008,-0.4308318092691579,0.37125848104143666,0.24838043819242916,0.0643901857396137,0.46267905933170594
2025-10-08 02:00:00+00:00,0.6841255927399216,0.010715078698740891,-0.25420828353561586,0.5823531676544433,0.3032351897324624,-0.38726799066737955,0.3499053776739139,0.21749838716233957,0.0643901857396137,0.46267905933170594
2025-10-08 03:00:00+00:00,0.6840640150892238,0.007094533585534614,-0.25895416498186025,0.5825954315503045,0.30933995275163045,-0.3932564454681037,0.35772088729344936,0.23096633900802124,0.05960298463915409,0.45114499874312713
2025-10-08 04:00:00+00:00,0.6832400006398118,0.011192722763405424,-0.2600978388743948,0.5800681853310944,0.3163002966943482,-0.3908255318731271,0.3625137048520113,0.23955375864944278,0.06858859438864633,0.44338606803460806
2025-10-08 05:00:00+00:00,0.6768730449730017,0.015341064835318115,-0.2607200493531603,0.5770833723878444,0.32385379487363747,-0.3878214884003186,0.36567447243676826,0.24482204266519492,0.08739917116451607,0.44811199293916026
2025-10-08 06:00:00+00:00,0.6712176635859056,0.01954711303367025,-0.26082024549889304,0.5701177953759066,0.32667116905808313,-0.3842266661287175,0.36140867624395345,0.23853151053888233,0.09469472820944551,0.4524896181392007
2025-10-08 07:00:00+00:00,0.6626508469481668,0.020198084236685246,-0.25716181609886307,0.5562660341681507,0.3261486156367928,-0.37702403306586546,0.35398157032591493,0.2289930207057695,0.09120357238144759,0.45274786312129417
2025-10-08 08:00:00+00:00,0.657139433107425,0.021103257184526155,-0.2530192636710788,0.5420023577008168,0.3230475140780291,-0.3689103170990209,0.34493036733399274,0.21964614323043563,0.08768565036435103,0.4527812755620606
2025-10-08 09:00:00+00:00,0.6531742391812173,0.022271362685366693,-0.24837323039957715,0.5294703762187619,0.32351336961324556,-0.3604619412867095,0.3380972767939167,0.21200680736293243,0.08980181382313088,0.4516900651135004
2025-10-08 10:00:00+00:00,0.6472833374768756,0.023712387875241967,-0.24320140012629068,0.5181329125408226,0.3230266342297134,-0.3497567015231132,0.3331151231027365,0.20810916099696297,0.09507996896735774,0.4512718913235186
2025-10-08 11:00:00+00:00,0.6411993106695786,0.025437744503839146,-0.23747815219734106,0.5074752367907734,0.32222045856095244,-0.41842163269794086,0.32966353879357274,0.2057923254920488,0.09612477011452307,0.4506284290480154
2025-10-08 12:00:00+00:00,0.6295893258791417,0.029182356267134692,-0.22760137550749238,0.4963297927833041,0.3153913388691846,-0.4010626332397315,0.32770109402784964,0.20125015906893445,0.09033701353365642,0.44822974508999325
2025-10-08 13:00:00+00:00,0.6208454419338929,0.0332360374346848,-0.2171125167705677,0.484318892881086,0.3082916265338585,-0.3831786060902159,0.32592088204826936,0.19644427013686255,0.08685785340351226,0.4454161522844428
2025-10-08 14:00:00+00:00,0.611705854019823,0.037618110943378795,-0.19956629583770674,0.47154231706842153,0.30395076306774205,-0.3683613035075301,0.3238755141259161,0.19139939848499984,0.0833194206548964,0.44273015450377107
2025-10-08 15:00:00+00:00,0.5973757545152176,0.043996632293354265,-0.18406686361785746,0.4574221368546646,0.2920039213488905,-0.34160194009658984,0.32526781708651825,0.18945091871815137,0.07423736774540496,0.442013955132186
2025-10-08 16:00:00+00:00,0.5825059063139162,0.05072634610732121,-0.15547856420281236,0.4436557976552951,0.28570799829793864,-0.3205432549931767,0.32696224781105476,0.1866217277700875,0.07147934590132721,0.44143887294707157
2025-10-08 17:00:00+00:00,0.5708658769907058,0.06079573952833028,-0.12710040116338867,0.4299468242141934,0.2772879507054416,-0.29832745127249527,0.3294747162498031,0.18570901021406616,0.06866549270947435,0.44179580292185344
2025-10-08 18:00:00+00:00,0.5586105153257592,0.07659804737716046,-0.09868405798831076,0.41604886809981795,0.2722337764862937,-0.2684757829548355,0.33242696683815887,0.18500052639615558,0.06579107726968218,0.44259602855712454
2025-10-08 19:00:00+00:00,0.5486640959793748,0.09296821663722493,-0.07000449382804867,0.4017823610911888,0.2674127512256424,-0.23744058007917604,0.3358470577394076,0.18112422647137957,0.055302319566608985,0.43549002697874517
2025-10-08 20:00:00+00:00,0.5362711396822057,0.1133736376292679,-0.04085053272339252,0.3869545844397462,0.263369175712067,-0.20503737019084212,0.32860433524501337,0.18069167409769413,0.04425325108262906,0.43043490977889576
2025-10-08 21:00:00+00:00,0.5186393365330736,0.1340709400706624,-0.011017217128136275,0.3709302583957812,0.24915774245189595,-0.17106226121653478,0.32173500800950766,0.17935780076082458,0.04056876452467838,0.4259837834325193
2025-10-08 22:00:00+00:00,0.49568355292941213,0.154053275557531,0.019700825613088203,0.35150796972476256,0.23977980843611613,-0.13528733373929233,0.3108358993326234,0.1705490293714234,0.01994648704378753,0.4221192061220417
2025-10-08 23:00:00+00:00,0.48609907053350776,0.15743239308794396,0.02881964487891911,0.3356456101764483,0.22418043597092996,-0.12255382554518378,0.29981609587576585,0.15441547878799106,0.011935371579150903,0.4186407734361088
2025-10-09 00:00:00+00:00,0.47141400871620864,0.14944356377650833,0.02881964487891911,0.31647335506095736,0.21366566867726058,-0.10966302869020239,0.2868100089169835,0.13674186414440365,0.003983514022843699,0.41240475677735033
2025-10-09 01:00:00+00:00,0.4486567235061541,0.13458307698033994,0.04025000139979888,0.29398539150167496,0.18348529536339514,-0.10141820220604866,0.2647673980752404,0.11339645446781725,-0.021514290877397382,0.40302685826633095
2025-10-09 02:00:00+00:00,0.3677673009260202,0.13905730453547185,0.09798878004277937,0.22712487735771436,0.14021407324117627,-0.03605469574726792,0.22904854875368538,0.08104026656912122,-0.06713631976143883,0.3990716195037523
2025-10-09 03:00:00+00:00,0.30228660826666665,0.20007090077140233,0.1812539951888354,0.18017518558051668,0.13386853364812104,0.040572779441043705,0.21808751751719263,0.08832425816911528,-0.06665236736802299,0.40793331001501215
2025-10-09 04:00:00+00:00,0.20202017758871016,0.2742382146551236,0.2841349226709425,0.10333327076535496,0.11898714140827205,0.1598713375321328,0.20077571534732533,0.08802588509683136,-0.08747945958414406,0.4345719640249383
2025-10-09 05:00:00+00:00,0.2061981227803775,0.2742382146551236,0.261417570664112,0.0900919337042559,0.12156659716235367,0.14397347656033757,0.19293579436195674,0.09463564345524485,-0.07523612345872767,0.4251974058544094
2025-10-09 06:00:00+00:00,0.2160736333125457,0.2704097309176091,0.24687725585152934,0.08286989060601661,0.12714766500595306,0.11206020961403736,0.1826518709851889,0.09220529426693554,-0.06304576640714668,0.401979953114152
2025-10-09 07:00:00+00:00,0.21862208885578377,0.2592069249655556,0.22109172909865998,0.07246396603660862,0.1298268340432907,0.0938517887408722,0.1727107702204103,0.08557915076931338,-0.06593648934891218,0.38148185804803697
2025-10-09 08:00:00+00:00,0.2179765874577435,0.24853128538663477,0.19465229431980097,0.06118998312066585,0.13126030000030922,0.07635832215187403,0.16113855680918626,0.0806334638600766,-0.06624411515862696,0.36155787751341895
2025-10-09 09:00:00+00:00,0.2213919370934686,0.2443825656483479,0.1839030836234012,0.057014620840679375,0.13270209960924187,0.07064612674906627,0.15795434756067825,0.0806334638600766,-0.06276634717272207,0.35385514381458927
2025-10-09 10:00:00+00:00,0.22370257484251221,0.24225716089000826,0.18067309411904567,0.05257706495315805,0.1318264711651602,0.0663572700493995,0.15461249442490899,0.07955298877872358,-0.06716882096566432,0.35133836889021414
2025-10-09 11:00:00+00:00,0.22602381312919753,0.2401436688267268,0.17034999920080354,0.049899001702077735,0.13056926316307452,0.05772334746169311,0.15167879001149054,0.07899116387722656,-0.07071812455794431,0.3467235405239999
2025-10-09 12:00:00+00:00,0.22278320848863883,0.2390719873680225,0.17304964539002102,0.049628050548277056,0.130917611103223,0.060011421025236655,0.15126577876879893,0.07769009906199308,-0.07105392439313594,0.3484113624879603
2025-10-09 13:00:00+00:00,0.2206170433288447,0.2420268304940491,0.18439113298677318,0.05679388073327957,0.1384938588840913,0.07269404350245666,0.15657323173236382,0.07860030010028166,-0.07105392439313594,0.3598576255275609
2025-10-09 14:00:00+00:00,0.21845589715779926,0.24736660888917708,0.19572640521135515,0.06686650754703274,0.14302085392865854,0.08510520723009773,0.1622467956076709,0.07946901251042515,-0.0651002473994577,0.3715571840494619
2025-10-09 15:00:00+00:00,0.21629961823772392,0.2527747545397306,0.2070808116765631,0.07409781378747851,0.14549584844512814,0.10178616761420849,0.16918645294459433,0.07946901251042515,-0.060120695423703754,0.3835342386712529
2025-10-09 16:00:00+00:00,0.211267377029637,0.2576856391497391,0.22880833272555054,0.0897707444870136,0.1493383144876693,0.14357092934538937,0.17716515490493134,0.08263568896969464,-0.07019958709654382,0.39501967110965813
2025-10-09 17:00:00+00:00,0.2120540436559318,0.26787553736604847,0.23655666549477122,0.10185638975719448,0.16159980789089048,0.17601650690226553,0.18309560241659267,0.08821296229850228,-0.052774227547403164,0.4022020955423217
2025-10-09 18:00:00+00:00,0.2128489329266374,0.28919089840561935,0.2442533006068664,0.10755659733540866,0.16820365842881665,0.20563391942854845,0.1910489033380789,0.0921624096624602,-0.031500814646927194,0.4083047508671985
2025-10-09 19:00:00+00:00,0.2172295577614198,0.3084220468841692,0.2792759785105838,0.11643740534537436,0.17483758307480093,0.2329267825967815,0.1974500066474986,0.09991196907387065,-0.028615691252407205,0.4142648473399168
2025-10-09 20:00:00+00:00,0.22492161455734735,0.32751682784014463,0.2913091196426339,0.1271015559677216,0.18763541053962135,0.2582785980584286,0.2011777841155668,0.1046651550036045,-0.021339169756136377,0.4238729853662884
2025-10-09 21:00:00+00:00,0.21577662622167465,0.3086268140642276,0.29079031788013143,0.1176419824633362,0.17761410066978742,0.24792153774493048,0.19485634767665586,0.0976056282626247,-0.023974183053155254,0.4087098758473929
2025-10-09 22:00:00+00:00,0.21435098404974753,0.31894195868174924,0.30239722017971915,0.1229361444175282,0.19547881424678248,0.26873206399675836,0.19430905182841726,0.09411716223941471,-0.02123234726732933,0.4173389638303157
2025-10-09 23:00:00+00:00,0.20987123013890918,0.3219116056122243,0.3013202153823976,0.11040216859020806,0.19708749238362788,0.29352698199462474,0.18431309219661776,0.08426173981091342,-0.014193130539100937,0.4240864424563313
2025-10-10 00:00:00+00:00,0.20987123013890918,0.3219116056122243,0.32027725188498596,0.10645648715209413,0.17086889490613444,0.3322319924076738,0.190458544843817,0.08708151116224976,-0.014193130539100937,0.44127163631912886
2025-10-10 01:00:00+00:00,0.20274250909221372,0.30904894104058317,0.3366513850580668,0.09461912077708695,0.1538122162706331,0.37012007875355424,0.18566852013294152,0.07689603519271215,-0.019597742203656857,0.45298130228368816
2025-10-10 02:00:00+00:00,0.18429739670545345,0.2729508501471472,0.2991419816297522,0.05557541617119933,0.1357833164296945,0.36453508976182486,0.14312460780262584,0.03339754048725434,-0.021727335791692393,0.43453287221781034
2025-10-10 03:00:00+00:00,0.18429739670545345,0.2729508501471472,0.25804640781231414,0.044612973206303384,0.13578331642969446,0.3232261549626073,0.13224798294126672,0.03742258301172922,0.018643496238057077,0.41255675819038096
2025-10-10 04:00:00+00:00,0.18429739670545345,0.2729508501471472,0.24445013866692025,0.04132776356263579,0.13330562229671142,0.2899803713443296,0.12421014261655887,0.03978805870097646,0.018643496238057077,0.40360803071617646
2025-10-10 05:00:00+00:00,0.18429739670545345,0.2729508501471472,0.2306066295901223,0.031134064923843262,0.13330562229671142,0.26567268200808286,0.11542950791363432,0.032385330428784886,0.006629521974600062,0.38849117997509236
2025-10-10 06:00:00+00:00,0.19499702263997065,0.2611230935198171,0.21649290125793938,0.027599090778481942,0.13330562229671142,0.23320995750041926,0.10769991184010122,0.032385330428784886,-0.005436419826124242,0.3569990275338007
2025-10-10 07:00:00+00:00,0.19499702263997065,0.25155713892959625,0.19682201609308814,0.024058506585891013,0.13330562229671142,0.20119706679926988,0.10238340945690284,0.03750456325555788,0.006629521974600062,0.3187770756041794
2025-10-10 08:00:00+00:00,0.20116137669178913,0.24652096813215738,0.17769821860926097,0.020544907421456236,0.12425701157870851,0.16954787786875844,0.09438065689986598,0.03750456325555788,0.006629521974600062,0.2976944124477101
2025-10-10 09:00:00+00:00,0.20367857048968252,0.2447021431017209,0.17008516452030636,0.019337902066931697,0.12014069608708687,0.16154517447670216,0.09159251860421173,0.03661038568785255,0.0025671982509975454,0.28822639801435157
2025-10-10 10:00:00+00:00,0.20564839409539915,0.2447021431017209,0.16675101793004163,0.018193942548469486,0.11890436664486691,0.15396525451717,0.08747609423828433,0.03579731221909272,-0.0015137330027469673,0.2815470137136973
2025-10-10 11:00:00+00:00,0.20762537060869307,0.24339689485608745,0.1559016755045444,0.015886735190947444,0.11890436664486691,0.1463766242780548,0.0850061339865708,0.03579731221909272,-0.005614983092056759,0.2752465903886059
2025-10-10 12:00:00+00:00,0.20843803391057725,0.2415948760790472,0.15506751716079764,0.015844826148363616,0.11817901898184907,0.1450667175001933,0.0840699807841185,0.03702513124958652,-0.007380330207935027,0.27514249742723496
2025-10-10 13:00:00+00:00,0.20676396406536102,0.24347985722882168,0.16656145446392873,0.02011934407075931,0.11961258795137181,0.15549724284877864,0.08656891562931084,0.03702513124958652,-0.007380330207935027,0.28107792241127444
2025-10-10 14:00:00+00:00,0.20509360896875484,0.24676203024332355,0.17023336382626625,0.02334105340486391,0.12280016633084406,0.16609346792328533,0.08981371855696466,0.03702513124958652,-0.007380330207935027,0.2848554060355148
2025-10-10 15:00:00+00:00,0.20342685070208044,0.2500691343545359,0.17388953595442264,0.027570335803710464,0.12598363824748232,0.17602939298438977,0.09285813614327798,0.03702513124958652,-0.007380330207935027,0.2886714757191422
2025-10-10 16:00:00+00:00,0.1997535014179375,0.2546724870780386,0.17181490141968583,0.03909341198471039,0.12971057678084977,0.19105944965408816,0.0984517533199179,0.042893619881975875,0.006745325019006624,0.3017362167027517
2025-10-10 17:00:00+00:00,0.20144762107243697,0.2631442908732665,0.1697716554787511,0.04614280974084762,0.1367973878174068,0.21105003527870037,0.1061296467329718,0.04798265423742114,0.020310966835324167,0.31178377585049083
2025-10-10 18:00:00+00:00,0.21081033994134768,0.2820837267081909,0.18184863599563286,0.05218298430435104,0.14013843024740594,0.23111096353075006,0.10836221430105791,0.05240250620130118,0.030142255284275016,0.3208359817908122
2025-10-10 19:00:00+00:00,0.22326316288835235,0.295833496190145,0.17971167206840888,0.06113003031579866,0.14911690581635073,0.24363371177162263,0.11271776390312728,0.05683564058686745,0.02897527051783196,0.32957431502416834
2025-10-10 20:00:00+00:00,0.2368139378469579,0.3089452375456733,0.1911962679435961,0.06990053704687138,0.15622905694391806,0.25346786995578585,0.11782612428129088,0.05851473735779394,0.038854756849941205,0.3380145201899226
2025-10-10 21:00:00+00:00,0.2528884337391659,0.31934733098019247,0.1889728601919865,0.07501705235504304,0.165183521394846,0.2607029227687263,0.12303149710530634,0.0608284385484448,0.03797448627824541,0.34617126488922095
2025-10-10 22:00:00+00:00,0.25901372870322453,0.3276501512104389,0.18678040638160825,0.07943242820581171,0.17286535937055322,0.26775105896401613,0.12163762032862323,0.055837747269264965,0.04009718130130533,0.35405823241479345
2025-10-10 23:00:00+00:00,0.24971628493643236,0.3276501512104389,0.20473672095423157,0.08607792358133762,0.1700165265521477,0.2818350509977612,0.12713771799613627,0.053402973191670255,0.04009718130130533,0.36198061329576725
2025-10-11 00:00:00+00:00,0.2439754114428228,0.31794550961984575,0.20473672095423157,0.08607792358133762,0.1700165265521477,0.29861548577529223,0.13003555818784426,0.053402973191670255,0.028591600028507705,0.3699386951523042
2025-10-11 01:00:00+00:00,0.23734048101951835,0.3033412431445793,0.21979403221143398,0.08178230674350732,0.18018543237502674,0.32070519432129735,0.12308945187576249,0.03997903714056254,0.04146917054910467,0.3868041111515361
2025-10-11 02:00:00+00:00,0.20818792608645972,0.26641561638648137,0.14423993498558693,0.03434361222309536,0.13860873728506706,0.3122807499701906,0.06643802781698079,-0.013536970560868496,0.05432617287773411,0.36837084262772035
2025-10-11 03:00:00+00:00,0.20818792608645972,0.2728781165680301,0.1180651430730393,0.02877385698153349,0.15586935456907944,0.2831432734900033,0.05806339779516521,-0.013536970560868496,0.07419332154250324,0.3379690943898622
2025-10-11 04:00:00+00:00,0.20818792608645972,0.27654910314076453,0.102026860369221,0.0183351966117862,0.1584734157542221,0.258591791666393,0.055494501724384575,-0.010905337420954602,0.07419332154250324,0.3206848719766537
2025-10-11 05:00:00+00:00,0.20818792608645972,0.2802038472423558,0.102026860369221,0.004001517092406234,0.1584734157542221,0.23336959307607602,0.04486452947575083,-0.010905337420954602,0.07419332154250324,0.3030288120632414
2025-10-11 06:00:00+00:00,0.2143099916322921,0.2802038472423558,0.102026860369221,0.004001517092406234,0.15178604578895102,0.21837432295469916,0.03915897442423001,-0.005754900671635461,0.07419332154250324,0.2823418655588511
2025-10-11 07:00:00+00:00,0.2204478874036293,0.27056890863539496,0.08315246428217772,0.00037191147580878706,0.16166265037578204,0.20339147239779584,0.03915897442423001,-0.0031643512168217243,0.07419332154250324,0.2529544290376095
2025-10-11 08:00:00+00:00,0.23133831195271248,0.2713170616813474,0.07377172472954116,0.004843381740409671,0.16997329527813138,0.20050607474729096,0.04576735789905153,0.004848944853572129,0.09040173921612939,0.23837258006975132
2025-10-11 09:00:00+00:00,0.23727588274134898,0.269008249995396,0.06607163928831737,0.004843381740409671,0.16997329527813138,0.19464973458359114,0.04576735789905153,0.0027494111879782213,0.08445599756627993,0.2303762660235029
2025-10-11 10:00:00+00:00,0.23920813424972742,0.2671586403158915,0.06005294648095532,0.0019511418579402395,0.1691953194413082,0.18724347656324306,0.04466249719445728,-0.0014429219660177135,0.0758179361551314,0.22803441151360176
2025-10-11 11:00:00+00:00,0.24185487457075908,0.2671586403158915,0.05383952939326783,-0.0038833333214822437,0.16725677908561548,0.17978735308095367,0.042422921251627055,-0.0024994834476448377,0.07092334563896734,0.22389884219198763
2025-10-11 12:00:00+00:00,0.24141345372082754,0.2661910343526374,0.04825723200121232,-0.008471356303173251,0.16579884031959546,0.17653864616344764,0.04142203231592114,-0.0024710053897793226,0.0748959311855975,0.2199465602455299
2025-10-11 13:00:00+00:00,0.23876867670144675,0.2670668716459122,0.05162213676328911,-0.0055145149653796095,0.16722480996176092,0.1837305150229095,0.0425673262133903,-0.0035311639121519884,0.07667468730273903,0.22320706317518713
2025-10-11 14:00:00+00:00,0.23781037680923714,0.26794673131410723,0.05495544649800117,-0.0033016268583558944,0.1681138492821239,0.19072627049270724,0.04371459101327204,-0.004599953478381146,0.07667468730273903,0.22651566169152607
2025-10-11 15:00:00+00:00,0.23685697164159425,0.2692690302610559,0.05495544649800117,-0.0011038649042503538,0.16975016090773049,0.19453385471629342,0.04474799399646528,-0.0056747287210789,0.08118726124046052,0.2318845426102717
2025-10-11 16:00:00+00:00,0.23458556938320502,0.2737441961728442,0.0661875318945515,0.009361027067571357,0.1747091186477513,0.2060118970462456,0.04956692047087895,-0.004426425202152109,0.09175958647389983,0.23807724409323572
2025-10-11 17:00:00+00:00,0.2369278696879238,0.28204832301500876,0.07700789705940458,0.01812799577609399,0.18114805160156616,0.21718090700047463,0.055961884781696,-0.0015164119280857457,0.10054031033833803,0.24605923158305446
2025-10-11 18:00:00+00:00,0.24289570269124963,0.29141805971386514,0.08743824988837667,0.023337673373368076,0.18762486231902112,0.2255906892295648,0.06187322969371003,0.003543888684603862,0.1092633689217484,0.253654146165565
2025-10-11 19:00:00+00:00,0.25840863459459557,0.3010903770776673,0.09749871647361472,0.031195446918099123,0.19599441749759253,0.2337161714664024,0.06972900516626822,0.006561362190529885,0.12587921242659675,0.2610862418703815
2025-10-11 20:00:00+00:00,0.2753681152721723,0.3105467381359657,0.10720798945953622,0.03842677908034593,0.2044264754473931,0.2440214648490094,0.08290276946649033,0.011685519805694742,0.14046035813388003,0.26840748204198334
2025-10-11 21:00:00+00:00,0.2922267373532428,0.3197950656373594,0.12207565754279484,0.04605246755005564,0.21235177957255144,0.25160857352918814,0.0953186722789043,0.019219118920213198,0.15432373821281603,0.27548894568986076
2025-10-11 22:00:00+00:00,0.3039463015448387,0.3280643320844232,0.1371349173301206,0.05399438820955616,0.22080303170295973,0.2568897446970382,0.09979544124389975,0.01911402199413979,0.16489580646595606,0.28239766637160457
2025-10-11 23:00:00+00:00,0.2996876032973165,0.330819768346802,0.15034044290600065,0.05963953061505132,0.22828834034412396,0.2699226692371136,0.10443414352598454,0.023265349787019735,0.1814659908269078,0.28561928879581
2025-10-12 00:00:00+00:00,0.2945034437753439,0.34213635046837926,0.15034044290600065,0.07174467158527899,0.21585104926440557,0.2831460709447944,0.11181152583994498,0.021165169854878155,0.1814659908269078,0.2898572698663593
2025-10-12 01:00:00+00:00,0.2787835986324418,0.34607961797935555,0.1691767811899605,0.0714745305986771,0.20587234160307533,0.3146715497468583,0.10847364570290381,0.014319630070660713,0.18112415966424897,0.28690168719123477
2025-10-12 02:00:00+00:00,0.25155979863930616,0.32734162209834916,0.17399972494706253,0.04082597192974361,0.18880786675454417,0.3014479300907781,0.05921690578015528,-0.021715894086835327,0.18727047839906893,0.25411265462040633
2025-10-12 03:00:00+00:00,0.2684282551474859,0.3145989719327561,0.1433127191216409,0.004030688528630432,0.1932016069989606,0.2765429960671194,0.050344074575655394,-0.021715894086835327,0.16901761825890038,0.2474961294580511
2025-10-12 04:00:00+00:00,0.27358263214022116,0.3069459352340716,0.1236067449163577,-0.016127494051204578,0.19042208957284673,0.2610606350124433,0.04469990236891555,-0.02464039486259343,0.1442611712331517,0.24362707336964448
2025-10-12 05:00:00+00:00,0.28462068724139966,0.29923809825233705,0.10405301729185602,-0.036854502123399184,0.19389265337343833,0.23558502858203767,0.02997980236780693,-0.02464039486259343,0.13125680214444893,0.23973133404822014
2025-10-12 06:00:00+00:00,0.29729267734268905,0.2946559638637799,0.08463465803314554,-0.04482118809487579,0.19015068518066774,0.2038485871720107,0.023863443158944272,-0.021807139807950904,0.13125680214444893,0.23973133404822014
2025-10-12 07:00:00+00:00,0.29729267734268905,0.28915434695176534,0.06533537791162353,-0.05270974195109496,0.1790825750660543,0.1713191797234462,0.023863443158944272,-0.024625639383613812,0.11843836643846348,0.2288617936315459
2025-10-12 08:00:00+00:00,0.30251763381645225,0.2828327206001423,0.052550723177793066,-0.048215749603239696,0.1832813087162649,0.16001257119006818,0.0297077211154585,-0.013441636127794853,0.12652215016336918,0.22664381645392187
2025-10-12 09:00:00+00:00,0.30672406709280375,0.2775981563777578,0.04389530965697687,-0.051731549689751265,0.1832813087162649,0.15153913753388398,0.02829041575971198,-0.013441636127794853,0.12038150789496184,0.22143877488356098
2025-10-12 10:00:00+00:00,0.30672406709280375,0.27521549446398463,0.03528090712939748,-0.05351538887340269,0.1877537006715067,0.1448239840518049,0.025523219602157293,-0.014731190211835358,0.12038150789496184,0.21429776035196674
2025-10-12 11:00:00+00:00,0.31006127789055027,0.272842438197638,0.02670081716901929,-0.05351538887340269,0.1912869028635545,0.13802734159184357,0.022766476978004137,-0.016019304853438013,0.12038150789496184,0.20994611297617805
2025-10-12 12:00:00+00:00,0.31027930930214165,0.2731279116238111,0.027733825597596854,-0.053477096291749925,0.19030424985571548,0.13862413544350394,0.023490632216384682,-0.015540828045117666,0.12048958555503089,0.2103035691067292
2025-10-12 13:00:00+00:00,0.31049324356872776,0.2734077154194492,0.028740218994411877,-0.052962559906229306,0.18987310728918375,0.13920720110738813,0.02419887401879607,-0.014401725451771387,0.12059563471202032,0.21033738348513303
2025-10-12 14:00:00+00:00,0.3107031937810421,0.273682017253355,0.029721051962917706,-0.052458244788022086,0.18892515322318088,0.1397770216501932,0.024595835570866,-0.013291703783345741,0.12125521071955152,0.21037964507231657
2025-10-12 15:00:00+00:00,0.31090926897075727,0.2737395620371726,0.030677322243626275,-0.05283502139739412,0.18799744239364316,0.13990609578402977,0.024985118630601832,-0.012856184648115812,0.1195765559855725,0.2107223374032475
2025-10-12 16:00:00+00:00,0.31364022109282286,0.2761736808837128,0.036957092018729806,-0.047060233678804395,0.18744640213125394,0.14576609072224914,0.029308133444582614,-0.008309981692722682,0.1269453052092742,0.21753133042274964
2025-10-12 17:00:00+00:00,0.31260089032297367,0.27854620485475656,0.04304583879163988,-0.04145019038980175,0.19229836602153647,0.15144368235303662,0.03351502423314469,-0.0038862726987365427,0.1340568348289205,0.22409740933928013
2025-10-12 18:00:00+00:00,0.315240312023107,0.28085946785713006,0.05940036768258119,-0.03331816469928133,0.19700836459540852,0.16118331344861406,0.03761043048425522,0.0022494745770387636,0.14092453847038502,0.23043354535607516
2025-10-12 19:00:00+00:00,0.31781238348032026,0.285322996215438,0.07457462585782489,-0.02545705586244814,0.20437378736894202,0.16640614575583343,0.041598746643600366,0.00820485080624985,0.14756088560508107,0.23655178905209354
2025-10-12 20:00:00+00:00,0.32464426058595247,0.2913819028597507,0.08871361949346616,-0.020401108455868067,0.21146267528613177,0.1754372817588538,0.04548413815183094,0.013987696326222451,0.1539775007071031,0.24246335170674915
2025-10-12 21:00:00+00:00,0.33192454211057687,0.29722559937827403,0.09336013807255981,-0.012980869105405982,0.21565887123476185,0.1840712449755899,0.051035590992145656,0.01960540344534026,0.16018523433729379,0.2498614514865768
2025-10-12 22:00:00+00:00,0.3365598482119512,0.3028656553561069,0.0978812176948637,-0.015534240434594618,0.2063356925427536,0.19233558544424678,0.051121451150331704,0.018206556907602044,0.14339495514951342,0.2553374341859121
2025-10-12 23:00:00+00:00,0.33524349340426296,0.2992871395569059,0.10228187123359167,-0.025014302707646933,0.19731797176674332,0.196702261773389,0.03992761322321664,0.006480074677078864,0.14337359040687142,0.2586531949876747
2025-10-13 00:00:00+00:00,0.3297539379721236,0.29250149796946295,0.10656684792180446,-0.03627922057161605,0.19077991033215938,0.20094970226330822,0.031061858371066994,-0.00306216685682674,0.14335360657721477,0.25675619167409375
2025-10-13 01:00:00+00:00,0.3186962790162378,0.27349128552161883,0.11424415346507769,-0.056905572382325346,0.17472135421081142,0.1994819105504483,0.018226936696014325,-0.020466228930156982,0.12953756390044313,0.2521904213847786
2025-10-13 02:00:00+00:00,0.32006807724074865,0.27934760055301583,0.14740640769960042,-0.033175636726740405,0.15711172840724252,0.23335480359254468,0.04433405154658658,-0.000761085480954235,0.13218109813629564,0.27191799755575075
2025-10-13 03:00:00+00:00,0.3293141391581182,0.29202601532722616,0.14740640769960042,-0.033175636726740405,0.17003315655635873,0.22032030193497695,0.035123785576824,-0.009638390850065053,0.14958698631699302,0.2648118956383429
2025-10-13 04:00:00+00:00,0.3353864303369805,0.2936434072833398,0.12416169199442481,-0.028644677442922845,0.17457317830476202,0.18850875106843462,0.03499542650644531,-0.01272970070483989,0.1537948276794438,0.25138089654155304
2025-10-13 05:00:00+00:00,0.3173515050296285,0.2936434072833398,0.10658667210138205,-0.03280342819737013,0.16939400354131615,0.1632783811917225,0.03200522946439709,-0.02151364910507689,0.14408977544714302,0.22767133472320056
2025-10-13 06:00:00+00:00,0.291868050294308,0.29722758844767927,0.08898115793111704,-0.024604908612432825,0.17214448801295862,0.1276703456270076,0.03506220783811493,-0.02439396569299614,0.13290893359012873,0.2030099505242117
2025-10-13 07:00:00+00:00,0.27883457471859696,0.29761701663379336,0.07638195889438856,-0.01295297476898544,0.1754865849067675,0.1014516958402387,0.03130863230612627,-0.02800044038600868,0.14290294706745577,0.1803929276206949
2025-10-13 08:00:00+00:00,0.27123846191959516,0.2932901579147363,0.0682469610171085,-0.0074008561420565435,0.17693842442325677,0.08841661145257242,0.03426819894614939,-0.02539535128556984,0.14775376323715023,0.16504904190730038
2025-10-13 09:00:00+00:00,0.26870111890059706,0.28897951305802155,0.06009254570947278,3.4944107875087575e-05,0.17591105570866997,0.07208862564310142,0.03426819894614939,-0.022745121920812166,0.14775376323715023,0.1485162039619577
2025-10-13 10:00:00+00:00,0.2644260446745903,0.28702942448314006,0.05191420112579161,0.010950594961215714,0.1766192503716333,0.05229604256915418,0.03714999342622945,-0.017244013918811398,0.144237374406743,0.13499913069025277
2025-10-13 11:00:00+00:00,0.2601282652276509,0.28702942448314006,0.05191420112579161,0.01802235972232846,0.1748810446144861,0.03554808386028314,0.038579441404673995,-0.017244013918811398,0.13932560077917114,0.11754071628748351
2025-10-13 12:00:00+00:00,0.2630390989192709,0.28747714066234986,0.05191420112579161,0.016885798114196167,0.17554273911118431,0.037079885717992284,0.038211979035906535,-0.017629463586510276,0.143407857874444,0.12133682912859761
2025-10-13 13:00:00+00:00,0.26410715057490475,0.2879288246867068,0.05314055272743912,0.015542060267621373,0.17621026605649465,0.038615782442441106,0.03784510154205678,-0.018037206755106627,0.14340732124788705,0.12276970777779125
2025-10-13 14:00:00+00:00,0.2651891310818097,0.28838450608715693,0.05191420112579161,0.014231288229054126,0.17575775091648752,0.041126670665891554,0.03733179743896064,-0.018670219625095456,0.14340732124788705,0.12386142637162531
2025-10-13 15:00:00+00:00,0.26992890146413934,0.2912452474754222,0.06257378693938022,0.0009985575905109008,0.17350832380228134,0.05206431704376149,0.031924141151796016,-0.023934732798345352,0.15118291646149606,0.13495606186428494
2025-10-13 16:00:00+00:00,0.2747018935097032,0.29411309710645894,0.06257378693938022,-0.013841151565166148,0.1695642386087579,0.0742339951187764,0.028328805105309735,-0.027449111913933545,0.15118291646149606,0.14919669189079615
2025-10-13 17:00:00+00:00,0.2747018935097032,0.29411309710645894,0.07175957968850004,-0.028315058914810006,0.1675501239970338,0.09685221926611906,0.024753913976455436,-0.032831946289887164,0.15118291646149606,0.15933979246423227
2025-10-13 18:00:00+00:00,0.2747018935097032,0.2920625501835966,0.07175957968850004,-0.04271246152155773,0.15426162297038837,0.11722703121093375,0.02115783919776114,-0.04005483935930168,0.15118291646149606,0.16568624423941788
2025-10-13 19:00:00+00:00,0.2708016362800068,0.2900078675631895,0.0806526733981341,-0.05919142728886439,0.1428676351758715,0.13719630836267796,0.01935805729403407,-0.04005483935930168,0.15904841396403968,0.1682428093348817
2025-10-13 20:00:00+00:00,0.2656077788288726,0.28711475144224496,0.08927900635323512,-0.07561641028138973,0.1280336508114621,0.15682348295604084,0.012140364702611563,-0.04557420178925532,0.1670078568833729,0.17370025147941195
2025-10-13 21:00:00+00:00,0.26035858712942844,0.28586974276029464,0.08927900635323512,-0.08791313401563876,0.12605242781849166,0.17616543181101488,0.002871926929285797,-0.05106498008019044,0.17332335533790527,0.17909018952862668
2025-10-13 22:00:00+00:00,0.2563961366359315,0.28420653815319236,0.08927900635323512,-0.1007987946137651,0.11863613547223816,0.1920342256274149,-0.0009003222810810661,-0.05277608635884943,0.19149337600764985,0.18525370454260132
2025-10-13 23:00:00+00:00,0.2563961366359315,0.28088789884912363,0.08927900635323512,-0.10400431015873511,0.12075281456938461,0.21143387507018985,-0.0027757471825889,-0.05277608635884943,0.19149337600764985,0.2011364456816051
2025-10-14 00:00:00+00:00,0.2563961366359315,0.285041224285236,0.10154605925161214,-0.10554961504021583,0.10995537499933926,0.23170894320461474,-0.004635180484535847,-0.05122165353100653,0.19149337600764985,0.21957075727091885
2025-10-14 01:00:00+00:00,0.2563961366359315,0.2917228293688306,0.12128982931706238,-0.11544793783105543,0.10995537499933926,0.2837325966298247,-0.0010934761628943392,-0.05122165353100653,0.2086212756976957,0.24462209751056901
2025-10-14 02:00:00+00:00,0.2563961366359315,0.305790346268026,0.14118362594753656,-0.1251190355152373,0.1024008088600157,0.3409494356191752,-0.0010934761628943392,-0.05122165353100653,0.22639371228459296,0.2709058176111462
2025-10-14 03:00:00+00:00,0.2470799151139094,0.2949016823542765,0.1174965710157191,-0.10836619159027784,0.10655151853836922,0.30270274140306985,-0.005968758986969026,-0.05122165353100653,0.21057273300199797,0.24792624812663985
2025-10-14 04:00:00+00:00,0.2531111199397682,0.29634776463925866,0.0961709748832554,-0.08453992144486325,0.10762207740766462,0.27531207275610853,0.005018787305112405,-0.04060718394223232,0.22246063189081433,0.23674046743831142
2025-10-14 05:00:00+00:00,0.24762349432135675,0.2932175289978325,0.0961709748832554,-0.06128527097385506,0.11556210277261694,0.23945961198508797,0.011222247369403002,-0.0375371939926695,0.23115774365746758,0.2170733682371404
2025-10-14 06:00:00+00:00,0.24762349432135675,0.2932175289978325,0.07890122394222454,-0.032746123167898954,0.13136003463370957,0.2091451279763625,0.035870979735922605,-0.028751591136155014,0.23115774365746758,0.2110383873440664
2025-10-14 07:00:00+00:00,0.2539854520979706,0.297758299419111,0.07890122394222454,0.0010059637238331758,0.14965110195324513,0.19031239340695444,0.04214401396297041,-0.019968185162535974,0.2422454028214972,0.19705554582148707
2025-10-14 08:00:00+00:00,0.2612239318646979,0.297758299419111,0.07890122394222454,0.02795768128526631,0.16756430866481803,0.1592504597360417,0.051658447829842684,-0.014083260359540618,0.2422454028214972,0.18319770502896687
2025-10-14 09:00:00+00:00,0.2612239318646979,0.297758299419111,0.07890122394222454,0.04148756323905239,0.17066188238159094,0.1430719831046502,0.05756285988388419,-0.00714479211521257,0.2422454028214972,0.17644652372825056
2025-10-14 10:00:00+00:00,0.2612239318646979,0.297758299419111,0.07096328391736823,0.05301523212454672,0.17538971571320672,0.13232227523231266,0.06464784276183422,-0.001574898452811472,0.2422454028214972,0.1718333272763643
2025-10-14 11:00:00+00:00,0.2612239318646979,0.297758299419111,0.07096328391736823,0.06282740384853565,0.18230933301273197,0.11742842381204918,0.07146158893330153,0.00390624308575686,0.24663606076602188,0.1692456878215553
2025-10-14 12:00:00+00:00,0.2612239318646979,0.29675570154857117,0.07096328391736823,0.06017749236842349,0.1792051505228793,0.12130036305629191,0.0700172614868866,0.002703155637267395,0.24663606076602188,0.16957177424600683
2025-10-14 13:00:00+00:00,0.26008428277825973,0.29675570154857117,0.07096328391736823,0.05792517716399775,0.17723856552992112,0.12171333797366925,0.06897314698375416,0.0013479432270354025,0.24663606076602188,0.16991480915153714
2025-10-14 14:00:00+00:00,0.25895960044883687,0.29675570154857117,0.07096328391736823,0.05526411107876302,0.1743612593752255,0.12321446588586493,0.06830099497671469,0.0003867127244352221,0.2470886024764861,0.17027456788371004
2025-10-14 15:00:00+00:00,0.24707538671110751,0.29361458299510346,0.07361710435134108,0.043948559963476394,0.1606829301788081,0.13066400652515367,0.0655822311349822,-0.002010316059421097,0.23765064143937428,0.17197984432252175
2025-10-14 16:00:00+00:00,0.24237750629563257,0.29361458299510346,0.07361710435134108,0.025793382952046542,0.15091404350168366,0.12554510065908828,0.05841182086569519,-0.010659280150761775,0.24635991250458608,0.17589164389406944
2025-10-14 17:00:00+00:00,0.23385157083164,0.29059039479738896,0.07361710435134108,0.009618319739085111,0.13425714885586912,0.13066400652515367,0.051213046139651275,-0.017660901809959342,0.2402482299368889,0.18317606356993624
2025-10-14 18:00:00+00:00,0.22999189007239373,0.2868363701712423,0.0845390310894773,-0.004775997999545597,0.12235517624688992,0.1356744412631892,0.0459333611026195,-0.0229790256311763,0.22539208650747353,0.1904400874309872
2025-10-14 19:00:00+00:00,0.22689510499051352,0.28398381782504906,0.0845390310894773,-0.01906613169024113,0.11037756148642643,0.1356744412631892,0.042415300169285845,-0.030186890396511436,0.22539208650747353,0.20041071647123623
2025-10-14 20:00:00+00:00,0.2214151544172087,0.2820603630150843,0.0845390310894773,-0.03647204431922864,0.09745444303670077,0.14058349586058383,0.04063231387613002,-0.03942057753213302,0.22539208650747353,0.20311601911980548
2025-10-14 21:00:00+00:00,0.23730395066643475,0.3069125027658135,0.09074484512566308,-0.0388198248274733,0.10383713307481797,0.15235082922079596,0.04853277563389986,-0.030317770414749548,0.22530648915748452,0.21515544722922586
2025-10-14 22:00:00+00:00,0.23344250591604482,0.3069125027658135,0.09074484512566308,-0.052568090597711475,0.08915938369506288,0.16278975560359746,0.04289604901730046,-0.03885282540600275,0.21683702134798816,0.2208793681375257
2025-10-14 23:00:00+00:00,0.22876019202125772,0.3069125027658135,0.09074484512566308,-0.05823913250882244,0.08052562547421281,0.16278975560359746,0.04088535850262029,-0.0404694121537281,0.20848162781088483,0.23228023810933637
2025-10-15 00:00:00+00:00,0.22331706600828477,0.31163409532744907,0.09074484512566308,-0.06238684194377841,0.07877595116094156,0.155533270492926,0.04088535850262029,-0.045176456322421614,0.19813555921204012,0.24341602403792237
2025-10-15 01:00:00+00:00,0.21421076151933152,0.3190931354034387,0.11094564555005876,-0.06791310409911691,0.07877595116094156,0.1424700546712214,0.037245341199207485,-0.05140354038354456,0.19813555921204012,0.27025719157260975
2025-10-15 02:00:00+00:00,0.19985129858086526,0.3141901147706029,0.1376978977372669,-0.08434366725893841,0.06219140712360301,0.16015833910973437,0.025356892087568767,-0.05997674566358632,0.17455688054499108,0.2833040829892061
2025-10-15 03:00:00+00:00,0.20944873646410517,0.30832377769002434,0.1611446792627347,-0.05585162937922673,0.07783637960123524,0.1262081804524976,0.029992432535787837,-0.05997674566358632,0.1584879619496108,0.2578417301482748
2025-10-15 04:00:00+00:00,0.220816884896309,0.3100243692971499,0.1403181156507012,-0.0339276598699388,0.0945451677875262,0.12531110567609793,0.04665347315063595,-0.052129755408792035,0.16315810107685963,0.24306027738617975
2025-10-15 05:00:00+00:00,0.22649436045902674,0.30687807425772246,0.1403181156507012,-0.011397760494890798,0.10952678417303778,0.10336991955563257,0.055281933571551645,-0.04050331146396797,0.17442799956201815,0.23195051557294544
2025-10-15 06:00:00+00:00,0.22649436045902674,0.31116802286763473,0.12325046826929693,0.01801215642622483,0.1297177053682603,0.09199475857684222,0.06733921069398749,-0.03192052502336853,0.17442799956201815,0.23879434256008117
2025-10-15 07:00:00+00:00,0.23367015783353665,0.31116802286763473,0.1403181156507012,0.04496397365800009,0.15322638891029086,0.0689306411082575,0.07356275588541206,-0.023251281785311675,0.17442799956201815,0.23879434256008117
2025-10-15 08:00:00+00:00,0.2408737548988805,0.30574426693882356,0.1403181156507012,0.06970588650159715,0.17761888214599467,0.057912084182301204,0.08304886898096837,-0.014492340973687045,0.17442799956201815,0.22272973316184172
2025-10-15 09:00:00+00:00,0.244489250353035,0.30301383724551595,0.14792227377029787,0.08032489885377564,0.1899207992462635,0.047778076283020283,0.08765071920469901,-0.010340573787519593,0.17442799956201815,0.21886703214271608
2025-10-15 10:00:00+00:00,0.2472912907539786,0.29923436798256076,0.14792227377029787,0.08996361970881679,0.19373876724457384,0.04288074251080273,0.09477168634723555,-0.0075146561300189554,0.17929721694604073,0.2157783602825117
2025-10-15 11:00:00+00:00,0.25009088577046523,0.29706694726219895,0.14792227377029787,0.10071478399333586,0.19871099286466087,0.03266256294453158,0.10033692170759365,-0.004687278000577323,0.18414079189614246,0.21268973218992746
2025-10-15 12:00:00+00:00,0.24929099460099705,0.2975913489585147,0.1496726566940813,0.09870460520411511,0.19748583035909553,0.03408474763248824,0.0995110066953629,-0.005165039432879125,0.18414079189614246,0.21315442180315292
2025-10-15 13:00:00+00:00,0.24850153875606049,0.2981215003822346,0.1496726566940813,0.097221230275115,0.1968063843011473,0.03474895254595253,0.09869708918443437,-0.005495037054610037,0.18373937787430134,0.21217460101619112
2025-10-15 14:00:00+00:00,0.2477223525058057,0.2981215003822346,0.1496726566940813,0.09603918268340925,0.19618786197688046,0.035220745322533435,0.09814979517899178,-0.006161776735630266,0.18414079189614246,0.21124749747148175
2025-10-15 15:00:00+00:00,0.24281151674819154,0.29749936082247413,0.15165981460638678,0.08590451049663889,0.1883075653116266,0.04080170042672971,0.09487268957824076,-0.005828507799807313,0.17645459672899216,0.2112711914691001
2025-10-15 16:00:00+00:00,0.23852471532126787,0.29749936082247413,0.16278065329345554,0.07235787676713878,0.17666524054881036,0.05320546842308037,0.08824146008529786,-0.012822538212663949,0.17062188519437788,0.21475654482492962
2025-10-15 17:00:00+00:00,0.23502824833016595,0.2948569767583154,0.17406957508477117,0.05877068394976114,0.1629115947008886,0.06466402279412584,0.08178670193022582,-0.019912305332711284,0.1647409629626507,0.2175081357209737
2025-10-15 18:00:00+00:00,0.23032114727704556,0.28754723077362165,0.17406957508477117,0.04658229091892518,0.15181889685738253,0.07708058779346691,0.07853137927977068,-0.025320859485579682,0.1647409629626507,0.22024247485792617
2025-10-15 19:00:00+00:00,0.22433498950477526,0.28015004248297215,0.18553807721479243,0.03299084741608505,0.14017901213781206,0.08820993179989998,0.07368737240828444,-0.03259788224753991,0.1647409629626507,0.2229600984679596
2025-10-15 20:00:00+00:00,0.22110725038442242,0.27492934344312536,0.18553807721479243,0.019201641744787546,0.13094751312199326,0.09912365767772364,0.06878980038057564,-0.03627738338834075,0.15880918410387224,0.22566152255114186
2025-10-15 21:00:00+00:00,0.21959753787247596,0.27012684095164124,0.18553807721479243,0.00801318287254267,0.11882583224124221,0.11152220472540603,0.06383643193590248,-0.03998515526556889,0.1647409629626507,0.22834724393063902
2025-10-15 22:00:00+00:00,0.21290148449180593,0.2663124719088009,0.18553807721479243,-0.003316335493184628,0.10356339604979606,0.12407071455570387,0.060205383740286035,-0.041748590651629953,0.1647409629626507,0.2310177412372146
2025-10-15 23:00:00+00:00,0.20825644382175396,0.26970052027229713,0.18553807721479243,-0.014527078169759037,0.10039226094047571,0.14493596620798557,0.05824979690823564,-0.043390723842932244,0.1647409629626507,0.24005467914181422
2025-10-16 00:00:00+00:00,0.2291399627231812,0.2987622705941557,0.2295761819872717,0.006164855470373951,0.12875215038651777,0.17762313402329633,0.09674357593083098,0.0005980890601503962,0.19523973907050007,0.2548271157586135
2025-10-16 01:00:00+00:00,0.24902174138036606,0.33506005756466184,0.2698421425586807,0.017045378723686656,0.13262951827212344,0.18986584531652978,0.13037622675851412,0.03443056299254572,0.20451766110042038,0.28249695764637406
2025-10-16 02:00:00+00:00,0.27481975308880674,0.38055043263135335,0.3513468791909182,0.029687925463473576,0.15480467185669228,0.2247697772145465,0.17229784762029182,0.06962944044925673,0.21511190782328807,0.3156557722878911
2025-10-16 03:00:00+00:00,0.2795753456188279,0.37229616453921105,0.34677984532717515,0.0416385805937297,0.15498279380569413,0.18430603404028764,0.16914800588683138,0.05885103217420476,0.2004821206701769,0.30649310534338414
2025-10-16 04:00:00+00:00,0.2794618153672926,0.3658414099193778,0.34079773148225495,0.050495587650286854,0.1581872114453847,0.17288449531259018,0.16372911150350825,0.049240481228817135,0.20647425548952864,0.29948513545890654
2025-10-16 05:00:00+00:00,0.2794617723788123,0.358729582161618,0.32711352619093687,0.06334712712985345,0.1721571792983243,0.16104441020684904,0.1663295010048719,0.04598248008544364,0.2148851724718757,0.2922909768836011
2025-10-16 06:00:00+00:00,0.28163081939726725,0.3551227746039109,0.3206528119145297,0.08403261941660271,0.19621581089883425,0.14330523777030535,0.18072734016972217,0.05682695889098437,0.22990644335815114,0.2902693197750317
2025-10-16 07:00:00+00:00,0.2838416943301704,0.36743662177157765,0.3308921619297368,0.10719595743311933,0.21150411427653745,0.13043405203598568,0.19644577052969786,0.06649586344390154,0.24542047219052393,0.2956802750150738
2025-10-16 08:00:00+00:00,0.28789809333006555,0.37284296843201087,0.3371825876572521,0.11951722390024802,0.22428402828117389,0.12058308322860747,0.20194854376140786,0.07125930862637095,0.24995794787188277,0.29107375077563297
2025-10-16 09:00:00+00:00,0.28900466213763387,0.37714819535792093,0.33998710647383956,0.1263365100523027,0.23022472052078066,0.11309593635889344,0.2087733551610033,0.07737302277952411,0.2564823411819033,0.29161354651993565
2025-10-16 10:00:00+00:00,0.2861520952215483,0.3783362789151226,0.3324787971027947,0.12988850786048967,0.22960687553666725,0.10630203747777217,0.20991021622053202,0.07797030718829827,0.2516711753935084,0.2868404054865551
2025-10-16 11:00:00+00:00,0.28640127089011685,0.3764974182268525,0.3249603602184753,0.13506836501748234,0.23134780314343054,0.09915653764244564,0.21277054523530411,0.076024050040551,0.2514448881236348,0.2827162914613967
2025-10-16 12:00:00+00:00,0.2855335564400214,0.3764974182268525,0.32135229795428577,0.13367665274542015,0.23085259989519366,0.09993749408800942,0.21225416477040623,0.07554483601256999,0.2522863778235118,0.2858699034055436
2025-10-16 13:00:00+00:00,0.28158730941279114,0.37249226672918434,0.3229045834514012,0.12869061557361858,0.22797596084596816,0.11018746899204358,0.20934509053010156,0.07660549222872003,0.2537541339099345,0.2897688613070438
2025-10-16 14:00:00+00:00,0.2768942309004862,0.3721926872038064,0.3244621374668045,0.12393615584209944,0.22914386952108598,0.12221394542300268,0.20655058748529131,0.07762459961650078,0.25434320606381294,0.2963687297175207
2025-10-16 15:00:00+00:00,0.2723197337839313,0.3721788891810517,0.3158261033189263,0.11772139447342138,0.22749622229602176,0.12782628078360758,0.20433495684907033,0.07870771229566113,0.24809735389327098,0.3000374107906817
2025-10-16 16:00:00+00:00,0.26526034443120095,0.3614442644027379,0.30199864899735585,0.11579518043634535,0.22484134715505316,0.1231002820949675,0.19517670134809356,0.07297787489820151,0.2513667256658004,0.2866881396291713
2025-10-16 17:00:00+00:00,0.25477138438877267,0.3476384907764607,0.31470610164722873,0.11307227639601775,0.21674148724353734,0.0993188663431919,0.1798036255451336,0.0652833688480632,0.23670478616034216,0.25866247815656035
2025-10-16 18:00:00+00:00,0.23012762837660616,0.3240737473219782,0.3014132114123303,0.10704892630551906,0.1994909053083888,0.07746902395125475,0.15951332904959356,0.050771584456374544,0.22201151881374634,0.2319944061817567
2025-10-16 19:00:00+00:00,0.1996774725048227,0.3066291275319889,0.2934244384293041,0.09547959433644478,0.18672012313526876,0.07836451382927946,0.1423947058753454,0.039871865555781094,0.20667691834144847,0.21486688682915084
2025-10-16 20:00:00+00:00,0.1660198151174095,0.28165746898884836,0.28556900975346106,0.08055554069490907,0.16396435917427812,0.07960929694383603,0.12046719341631053,0.02664805091129129,0.1902257059941093,0.19823811337198086
2025-10-16 21:00:00+00:00,0.11995818808516438,0.24860052622316514,0.27783825923081207,0.062129640027001276,0.13013804339293844,0.06956490158386823,0.1000320112999395,0.007836056335333113,0.17249671149094684,0.18208206194066912
2025-10-16 22:00:00+00:00,0.08642755214500564,0.2220062770676199,0.2702239802366846,0.04510017836494033,0.11902853787171176,0.06951457100830677,0.09011287566225482,0.003146696046669104,0.15873533042669566,0.1663742662655687
2025-10-16 23:00:00+00:00,0.06744491944907784,0.2024739253321192,0.2627183806068499,0.036109834390336513,0.11495039592492118,0.07050746080519456,0.09345080916624132,0.007400347465071572,0.14448277924797895,0.16052686698522892
2025-10-17 00:00:00+00:00,0.08290561044174483,0.21243338770205974,0.2840998401667535,0.040631803379907516,0.11605879066717247,0.08387103874052615,0.11773463226411268,0.03539430523069971,0.13778077843973618,0.18486947385849042
2025-10-17 01:00:00+00:00,0.10346790901260407,0.22246190354864,0.2840236906363411,0.03485454439501896,0.1067778667765116,0.09552565198430034,0.13556601414904595,0.05772161592457383,0.13881111324298967,0.2314859097659907
2025-10-17 02:00:00+00:00,0.1249437286850738,0.2323666921318833,0.2836767027656236,0.02146926590747934,0.10184077089943755,0.11147909573412265,0.15690482067497294,0.07501638359121504,0.13933820912847,0.2826946617265128
2025-10-17 03:00:00+00:00,0.0989754916384197,0.2334376954297055,0.29651951842631247,0.052403599972406664,0.10797935582526752,0.08254814534934594,0.1510774037664706,0.06324569779835301,0.14978899593426523,0.25448484146632044
2025-10-17 04:00:00+00:00,0.0894034739546163,0.2348285893221907,0.3047789817696288,0.07173897699565994,0.11861484697509003,0.06342990524054097,0.14837867393820312,0.06208348451409712,0.1699881064763174,0.23932577373756958
2025-10-17 05:00:00+00:00,0.07610710920173511,0.2307846838492262,0.3064810114128172,0.08668244263834632,0.13754665589150816,0.05547709066340509,0.1499899964187032,0.05787033765044129,0.1867561701521206,0.21729731494571028
2025-10-17 06:00:00+00:00,0.06949098301771663,0.23367285712662214,0.3086399006517847,0.1120537840634259,0.1716186431227355,0.04715951027761375,0.16546585962951504,0.07109273988141268,0.2046239387959511,0.19313208147004438
2025-10-17 07:00:00+00:00,0.07630505703996225,0.24899521751340783,0.3112581288371905,0.1405876718400811,0.2130740916722437,0.03846122176071021,0.18555102117122527,0.09189616470623457,0.22367636135438337,0.19215899375288684
2025-10-17 08:00:00+00:00,0.08095163776594487,0.2609728451208253,0.31439577069401076,0.15345322390359503,0.23339872760384675,0.03717246489792614,0.19554552976511935,0.10031533923308492,0.2347822697382032,0.1950944283514613
2025-10-17 09:00:00+00:00,0.08572606577060289,0.26926744542509407,0.31754880331872987,0.16744305658255976,0.2520023912450924,0.031269358405873804,0.20562976963513413,0.10747317204979556,0.2463834621476397,0.193495134295016
2025-10-17 10:00:00+00:00,0.08553262378328841,0.27078649847916036,0.3085522467707897,0.17130852151721382,0.24291808706508197,0.014587016429048685,0.21384886331103073,0.10240071436502002,0.22911669692930345,0.175328583089184
2025-10-17 11:00:00+00:00,0.08201345059123066,0.2725904606493596,0.3000997212144208,0.17658916325627594,0.24230537268931504,-0.0028391883664055794,0.21756755084639093,0.10039805132802361,0.22558851474238406,0.15557544478945462
2025-10-17 12:00:00+00:00,0.06995249150398196,0.2693178576677868,0.2888016158077807,0.17022690818379901,0.23790054342643216,0.0003709008734454632,0.21550093404108697,0.09970968860944993,0.21872946940264829,0.14728134764943296
2025-10-17 13:00:00+00:00,0.05042034724218589,0.2630205401272798,0.29203320052310644,0.15957084476955163,0.23491854160899886,0.020970067953880366,0.2115292384845125,0.09897339174853338,0.2233556075042975,0.1313920588165658
2025-10-17 14:00:00+00:00,0.03183767134218774,0.25712396497108747,0.2952678406754338,0.15397922010105086,0.22734638057898235,0.04054960738996846,0.2076867496197535,0.09861587038505948,0.21270602846134842,0.12631885594170128
2025-10-17 15:00:00+00:00,0.024108214975613135,0.24395853638543658,0.2768302478810354,0.14796694273289124,0.22022849712924986,0.046175114317505025,0.20422096382800342,0.0986850956447096,0.20318899259850934,0.12236407800707727
2025-10-17 16:00:00+00:00,0.02356677531547197,0.23880949938326618,0.26152668673762214,0.13554389644246276,0.21856507603039285,0.03192176516363698,0.19431960187457842,0.08069788375954048,0.1804383409262705,0.12125485962190334
2025-10-17 17:00:00+00:00,0.0279963630223322,0.22498149075333396,0.2701818699917872,0.11617104948415695,0.19680743020388897,0.019028965995153392,0.17374427198008424,0.06253567463943195,0.15728315942949297,0.10858907548169781
2025-10-17 18:00:00+00:00,0.014867079975733097,0.20240187566451642,0.24824611870300106,0.0813858625207989,0.16747094303732982,-0.0019277841026691025,0.14773549628197782,0.03706345287357575,0.15332496497620066,0.08474499071341594
2025-10-17 19:00:00+00:00,-0.003683240495770187,0.1710768755370563,0.23066543563393027,0.043647106504104506,0.1395820971457764,-0.0052412583303791515,0.12789807140159798,0.022071931492847828,0.1338579650633861,0.06918018976553857
2025-10-17 20:00:00+00:00,-0.027913578571324135,0.13752985589743846,0.22674567567344114,-0.0005892780017639007,0.09381983133055122,-0.017317889808676493,0.1076911935766067,0.0032318172821558674,0.1259145487127229,0.05405694235406448
2025-10-17 21:00:00+00:00,-0.06959272354247731,0.10410868539290477,0.2302416878553203,-0.05477537405330952,0.043043319086414664,-0.01798909829064175,0.08491234873518581,-0.019418025716391105,0.10466754558501146,0.03390923996667735
2025-10-17 22:00:00+00:00,-0.09823397365969139,0.0762069643469765,0.23335289635025488,-0.09007343492048668,0.03737344241334902,-0.02934136368873453,0.07171504684906195,-0.025865699094709153,0.115585946486714,0.019457183469247314
2025-10-17 23:00:00+00:00,-0.09768580487534437,0.07459527574731267,0.23608802939669243,-0.09282986538995236,0.04271614099528229,0.0013456265143150354,0.09191666822459628,-0.00458985831814982,0.11519396916318134,0.029753540810623782
2025-10-18 00:00:00+00:00,-0.07448909755008852,0.0825642594348561,0.23845464017788148,-0.08752218251424654,0.04054647818083707,0.020848945052064506,0.10883766331183903,0.016883545721485205,0.124351121405532,0.06307021862691983
2025-10-18 01:00:00+00:00,-0.06248182297265516,0.10312201245915885,0.23369249175103557,-0.10338648846389359,0.034486692147377214,0.05889564087655726,0.11810853976947569,0.03662680824671135,0.13596367186766004,0.09246928326545735
2025-10-18 02:00:00+00:00,-0.05117536831141974,0.11615937315287217,0.22447407670619454,-0.12790505734437516,0.040461407584385066,0.07720963987786497,0.12677824430591472,0.05018538829890823,0.12818176229358585,0.121668462819333
2025-10-18 03:00:00+00:00,-0.05059557909699447,0.0997454246638277,0.21581477710141417,-0.10859247483826696,0.04641882503124425,0.04397118958081266,0.12555684002913495,0.04657919649053047,0.12468857085814194,0.10531848084839425
2025-10-18 04:00:00+00:00,-0.04977081211438073,0.09169574939467555,0.23081594195824842,-0.0836936737930814,0.05685512345482067,0.026070823209230525,0.12449403302592725,0.04298283786569118,0.12193009787005968,0.09832932147267932
2025-10-18 05:00:00+00:00,-0.050487296757498294,0.08460236463097694,0.23997196759956455,-0.07205777792789185,0.06623785227878591,0.014727868784085564,0.11879906177751295,0.045907530340060815,0.11110171852409215,0.08339190793811431
2025-10-18 06:00:00+00:00,-0.04251169948338649,0.07261103333133605,0.2492379939679329,-0.05726438576292928,0.07921327465134209,0.017886774454633273,0.12384817316099477,0.06314308227420562,0.11733260595260543,0.06915905198407091
2025-10-18 07:00:00+00:00,-0.03213220209558393,0.07149313782983611,0.2538707858378275,-0.02879122479197546,0.0974643171760172,0.020785206179372066,0.1430289572034102,0.08447159205276529,0.11507523748325119,0.07161516962436282
2025-10-18 08:00:00+00:00,-0.02676269576830169,0.07671610234716408,0.2581601817528108,-0.014389216373780996,0.1104972413931686,0.02364018415078357,0.15052505074435257,0.09296949178490739,0.11519568201642547,0.07452099083630594
2025-10-18 09:00:00+00:00,-0.027232596417879222,0.08683606014337449,0.265724173364356,0.0023980913416774296,0.11994691752494714,0.022941269104385563,0.16531626989284923,0.10529979976340528,0.09671965824752074,0.07472407224046569
2025-10-18 10:00:00+00:00,-0.026113820699157717,0.08738084731915524,0.255302493934801,0.005648734715652933,0.11734307510680916,0.019452664289949812,0.16881421102663738,0.10456330978829106,0.0896100464505204,0.07012875012702337
2025-10-18 11:00:00+00:00,-0.02632461909657763,0.08883554582826889,0.2441172984283909,0.010575232437658642,0.1177586641715132,0.018900985359613112,0.17382119961500678,0.10728631832197966,0.08818474352061975,0.06524261525973347
2025-10-18 12:00:00+00:00,-0.03569637499720503,0.09037711037429476,0.23810118761304264,0.006470986734349641,0.11791777530008846,0.02855995633878887,0.17479395504454198,0.10454286650058824,0.08241217352102302,0.05758974236431899
2025-10-18 13:00:00+00:00,-0.04479889574245137,0.0919121274977142,0.2415157558753723,0.0024674827039042274,0.12151445591873297,0.0379170475213331,0.17580698250418592,0.10688652711850474,0.07525326831418953,0.050141833509495914
2025-10-18 14:00:00+00:00,-0.04768058762585352,0.0934408231969263,0.248653868146016,-0.0014383776602832933,0.12123142233420915,0.0469850513540721,0.1768601708900945,0.10671362543060058,0.06977841916706044,0.04173966801467293
2025-10-18 15:00:00+00:00,-0.05478893425172458,0.0946051873257456,0.22880682934963273,-0.0061054097583055295,0.1093145644205382,0.05631685041425358,0.17534285725771084,0.1025637047095894,0.05682179049997854,0.03214804657526664
2025-10-18 16:00:00+00:00,-0.04382633595248939,0.08650691810698513,0.21013010479526842,-0.00995808959154831,0.08896528378126713,0.038958983290493666,0.16071518344685692,0.08431020810102197,0.056244024618236924,0.03819737969790634
2025-10-18 17:00:00+00:00,-0.04523364896489017,0.07860228684423827,0.1829540365349829,-0.043346261256060156,0.06871617250727798,0.022591646886414886,0.13336971407151277,0.05830334158621167,0.0363642133871469,0.02510460347698215
2025-10-18 18:00:00+00:00,-0.058004150745560965,0.058154708116797085,0.16453352416368927,-0.08072279274379342,0.028485925500135987,0.01473581253125683,0.10623714141712656,0.040344111669795686,0.03525879064683996,0.012242683115833427
2025-10-18 19:00:00+00:00,-0.06783270200576205,0.04327794516486585,0.15559307955871352,-0.1127235126469092,-0.0022535450086802107,-0.004506016051328166,0.08337634198621328,0.02040695387455576,0.0206063881712679,-0.008000032848460587
2025-10-18 20:00:00+00:00,-0.09080424046780489,0.018883596865490977,0.13109792454628807,-0.14688372832190577,-0.02500924381161125,-0.023742178403095067,0.06304168928180903,0.0002331398082219558,0.016793569327803442,-0.028237661188472707
2025-10-18 21:00:00+00:00,-0.11380421365144891,-0.015046673300361918,0.1312456802525254,-0.18339395652371468,-0.05069828076430138,-0.033010061566989234,0.04175609759269937,-0.014162622053208734,-0.009348941045560714,-0.048486471094793544
2025-10-18 22:00:00+00:00,-0.1291668704629187,-0.03946392977599472,0.14130325952610095,-0.19898330348430845,-0.07843990588766271,-0.04144845427790532,0.03492264973406357,-0.01640150436783708,-0.024676109111661897,-0.06286621014903172
2025-10-18 23:00:00+00:00,-0.12589112680363979,-0.03923998758334445,0.15537045861775406,-0.20337258113448528,-0.07544447406551888,-0.02915414724336099,0.0516072631854182,0.005538470205368468,-0.01785914396458216,-0.06157544862464054
2025-10-19 00:00:00+00:00,-0.10956924671295772,-0.024784311476716604,0.17833878770924222,-0.20339933849926747,-0.061236129642997766,-0.006420527987213277,0.0717481374367788,0.027801799137382302,-0.011034772680613807,-0.04957916369905102
2025-10-19 01:00:00+00:00,-0.08170233576082178,-0.0016345775085177437,0.1606739242576393,-0.1999101069230668,-0.0507925348211658,0.0049599913354225365,0.09498360136998232,0.05668776050714714,0.008112535609041266,-0.024420832034693724
2025-10-19 02:00:00+00:00,-0.06415466663371819,0.021159231242285897,0.1480948647301837,-0.20060166246717187,-0.0364256383427547,0.023995239816167392,0.11336462208672493,0.08258414536603391,0.01494035761668393,-0.0012245489593121605
2025-10-19 03:00:00+00:00,-0.06306394774973546,0.0020436773402430614,0.1369937140563964,-0.21071509242991515,-0.047049411607188424,0.0055014911520329226,0.10353828011271561,0.06413426173906618,0.013052702153019156,-0.015625363003001824
2025-10-19 04:00:00+00:00,-0.07230170442719777,-0.01806862640258541,0.14824882464246697,-0.2118312621123416,-0.04428931998278374,-0.013961269316025954,0.08861084226282999,0.044726642170103366,-0.006281219676775395,-0.02994257784416035
2025-10-19 05:00:00+00:00,-0.07685236161971541,-0.03396229729196531,0.1451230891678307,-0.212775857298107,-0.042229214312618904,-0.011318355345012167,0.0813965521527717,0.035035483076623984,-0.01665111683748969,-0.04032891246310467
2025-10-19 06:00:00+00:00,-0.08126986416603278,-0.04620266776337423,0.15527688233240514,-0.20565098737835336,-0.04405762319858107,-0.008938156330726877,0.07721666300987445,0.0441295781639914,-0.01678364019014729,-0.048618084296346356
2025-10-19 07:00:00+00:00,-0.08328709692004348,-0.04389416738755393,0.1655172549994253,-0.20029903115298572,-0.0428239660194971,-0.01751412646105248,0.09027498058793662,0.05644786164419678,-0.012510090329636984,-0.044402052295499976
2025-10-19 08:00:00+00:00,-0.07653288954590237,-0.0369255329399014,0.17584968627525718,-0.18680807468879745,-0.04214732762208436,-0.020084229119083648,0.10343326949186053,0.07233026357902102,-0.002510528639831426,-0.035595775890058946
2025-10-19 09:00:00+00:00,-0.07556203756776303,-0.03354483286569986,0.18068913659447586,-0.18300313718935543,-0.03844421326034971,-0.017050827874543366,0.10751427924337473,0.07516013160668797,-0.0050197998042623366,-0.032292921689598734
2025-10-19 10:00:00+00:00,-0.07638952478217462,-0.03384397781932871,0.1801795687673421,-0.185128349451949,-0.04261759328410595,-0.017700350783684052,0.10783752132434633,0.07324073983435647,-0.00752806613418094,-0.0344199114918922
2025-10-19 11:00:00+00:00,-0.07774073290635641,-0.0328397978195282,0.17443090577936216,-0.18222910577990195,-0.04239721656488431,-0.008960988128344864,0.1090069388747665,0.06894673258219529,-0.012492693910472303,-0.03692962536650532
2025-10-19 12:00:00+00:00,-0.07826183636372328,-0.033259567315807766,0.1787275089077095,-0.17593349281539666,-0.03528607603508531,0.0009258065830951533,0.11409633218628705,0.07692519011413164,-0.01889529956006804,-0.03356142494894238
2025-10-19 13:00:00+00:00,-0.07878257791018684,-0.03374101384683804,0.18299830516778545,-0.17109022805199858,-0.0295719760827349,0.006762117529659895,0.11782273661164501,0.08509993735971105,-0.013788758062960605,-0.030221950599190223
2025-10-19 14:00:00+00:00,-0.08996462698785967,-0.029340861587267005,0.16697477517916073,-0.1534750961788225,-0.03213427757090975,0.02178719521277526,0.12047402584096105,0.08678468838066145,-0.003683532349424441,-0.014415648433829921
2025-10-19 15:00:00+00:00,-0.08400247084735755,-0.02290903197589408,0.14719615113599116,-0.14548372844406632,-0.020638914227789157,0.020061431583412972,0.11661448641551336,0.08745614248683697,-0.023971881206507745,-0.014783976097087573
2025-10-19 16:00:00+00:00,-0.08014158611772974,-0.02187529173905694,0.14946769367174947,-0.15143936878381042,-0.03388612682202173,0.008374870353270477,0.10267330999127401,0.07935054150475612,-0.04340783502237735,-0.02154341256862906
2025-10-19 17:00:00+00:00,-0.08652087687604856,-0.020641771259535497,0.14264567170708137,-0.16736627299378365,-0.04281060086566471,-0.013628281086515958,0.0841094113255107,0.05957786702796614,-0.06259537397909283,-0.04190048192943196
2025-10-19 18:00:00+00:00,-0.09934562121759913,-0.03800262974574255,0.12195719386281552,-0.18791714773401622,-0.06963128982677083,-0.03535611155197092,0.0602819380067286,0.042317178504370924,-0.07012178172429785,-0.06160475809156088
2025-10-19 19:00:00+00:00,-0.11957092541066595,-0.06095920815552436,0.10157400062508926,-0.2116440685944628,-0.09993333703994495,-0.04530981136756056,0.03372465195663343,0.019876011387927234,-0.08869746972104996,-0.08667134581393808
2025-10-19 20:00:00+00:00,-0.14244187385131474,-0.09074407896962153,0.08692770090652761,-0.22277838672786035,-0.11947576149230528,-0.06143304420895142,0.015764821531995352,0.0032278937438825666,-0.10307608991522975,-0.10588645668320623
2025-10-19 21:00:00+00:00,-0.16090835113045124,-0.124778676143183,0.07087366810626514,-0.23141226202310558,-0.14255370995391864,-0.06567708139274206,-0.001974051281932809,-0.007792653033671669,-0.11752912762515756,-0.12519236262973135
2025-10-19 22:00:00+00:00,-0.17158905076576694,-0.1487415763541796,0.06777348895862081,-0.2374587360435024,-0.156715232029278,-0.07287717990572302,-0.0011868532615954186,0.005900654979552386,-0.11088143000708058,-0.14460551170119082
2025-10-19 23:00:00+00:00,-0.16965518845089295,-0.1465234766682504,0.08060695057278554,-0.22626830366617562,-0.14008626263725976,-0.06539991800699632,0.026250498080606918,0.02693027948558955,-0.10423547664951131,-0.15371552070356193
2025-10-20 00:00:00+00:00,-0.15501789710623498,-0.12437670914560717,0.09352582527578766,-0.2150859955018088,-0.1272837693765964,-0.036741273312230725,0.052676521644791356,0.0677716744325714,-0.08615942035585598,-0.13666555100354905
2025-10-20 01:00:00+00:00,-0.14191259589995395,-0.09925788235216962,0.08086642479644675,-0.2133902599388758,-0.1244023972172692,0.012057313805639512,0.08371449976442458,0.10614689251428404,-0.07754939820552424,-0.12465732445875959
2025-10-20 02:00:00+00:00,-0.12849611076394785,-0.07162746762157793,0.06735301610808017,-0.1975178272707634,-0.10528730897871708,0.01995931972012441,0.10964521444665815,0.13913459762967867,-0.05172175328046595,-0.11403942686362707
2025-10-20 03:00:00+00:00,-0.14159149963636009,-0.09188732186617218,0.03949413720138312,-0.22225303526467266,-0.12688438316925263,0.01601512087994943,0.09409348425549895,0.12407224808893,-0.057183295294501904,-0.12350424850912861
2025-10-20 04:00:00+00:00,-0.15521195518384928,-0.11255928246206703,0.053955306002215465,-0.2312482901716439,-0.13727070521900514,-0.005543147174985085,0.07396919515368341,0.10874675669994881,-0.060302391462849686,-0.13317970536682452
2025-10-20 05:00:00+00:00,-0.1635086825833035,-0.1308128714112726,0.037155258138242615,-0.24462293734772822,-0.14525563011549625,-0.009917710982508304,0.05901503856146927,0.10476135047044098,-0.06526804966398558,-0.1419233699597542
2025-10-20 06:00:00+00:00,-0.1657330341244059,-0.1437634730824801,0.04179851519147383,-0.2582954596226339,-0.15479855602373918,-0.008451618008267625,0.06051528488063701,0.11565119646748456,-0.06570337948901597,-0.15072194971702488
2025-10-20 07:00:00+00:00,-0.15892999912704875,-0.14814868860039537,0.03391234811822513,-0.26162848674206773,-0.16110201354596265,0.002911722263075691,0.07184727676636266,0.12809953301624338,-0.06494197561049138,-0.14486614456585883
2025-10-20 08:00:00+00:00,-0.1521179902983416,-0.1418559541600084,0.03909182377749752,-0.25661634016731866,-0.15772991779232418,0.00396689034461584,0.08337550162257298,0.1406233274315553,-0.05494819908044507,-0.13162954733186835
2025-10-20 09:00:00+00:00,-0.14840468342804475,-0.13982834792038548,0.03513788319583479,-0.2549129990600403,-0.160956145494575,0.007112329990607823,0.08618559570779583,0.14537667210760213,-0.055106062745103185,-0.12842370939328687
2025-10-20 10:00:00+00:00,-0.14946574455092076,-0.1366765008051985,0.027141749802817108,-0.26408802043236057,-0.1726411201468629,0.01309172463928186,0.08139439200182931,0.1382195225831719,-0.07098271260539754,-0.12887518111445054
2025-10-20 11:00:00+00:00,-0.1505396813555932,-0.13954179106960457,0.022684448296398842,-0.2770386915308296,-0.17743460584636137,0.021052527227205384,0.07666827039622563,0.13474951781167113,-0.07497192347002019,-0.12316079820459146
2025-10-20 12:00:00+00:00,-0.14320332100323285,-0.14900342512506448,0.02867932719786702,-0.2751805594938867,-0.17527761126808405,0.03847671964960317,0.07418164295104797,0.13543869953671728,-0.06955762067052763,-0.1195786658288817
2025-10-20 13:00:00+00:00,-0.13603997487822123,-0.14707686223310135,0.034621542703804416,-0.269432510997438,-0.1652901759499598,0.05503597745435616,0.07519967100989945,0.13369367093959458,-0.06995359913977428,-0.11242797017069663
2025-10-20 14:00:00+00:00,-0.12463943544780835,-0.14274978335591362,0.046177237019936423,-0.2536110219959441,-0.15613740339847706,0.10282252841378127,0.07953717042078294,0.13935565096073527,-0.03917414689099728,-0.0979570799797353
2025-10-20 15:00:00+00:00,-0.12465534587499504,-0.14037725719449973,0.026600220283278315,-0.24561918393513713,-0.14824354660992378,0.13404457821521745,0.0893667339840193,0.12993758288009588,-0.04098067762588332,-0.0884199387268944
2025-10-20 16:00:00+00:00,-0.12991616434069198,-0.14450925756481348,0.0024049957279323004,-0.24463929937405374,-0.1532841874531854,0.12750801587701632,0.07624788519191432,0.12019715246055188,-0.04403877551478067,-0.10730185210983766
2025-10-20 17:00:00+00:00,-0.14228405067724142,-0.15630450952740468,-0.02153858439166749,-0.24962099963107306,-0.1625010536425759,0.09309268720917689,0.06017990542515255,0.10491994183737738,-0.06368846871144149,-0.13204794584656007
2025-10-20 18:00:00+00:00,-0.1629702892232652,-0.17461041029229793,-0.045271033942423954,-0.25903302418094615,-0.17021693309440847,0.0552371349074208,0.04094954469307291,0.08615704307286134,-0.09675359159015459,-0.15663180004534782
2025-10-20 19:00:00+00:00,-0.18414281578477573,-0.1979778827891639,-0.06883081565632901,-0.2734070603739769,-0.18582042495041007,0.010878571994910706,0.01708008669646397,0.07113756292446612,-0.1303848400736687,-0.1810917873145708
2025-10-20 20:00:00+00:00,-0.21790269071963841,-0.21684048218548643,-0.08687968418671045,-0.28256795296117726,-0.20032281805028648,-0.0070898125782235715,-0.0007053093488192518,0.0533907135105459,-0.15169683041903972,-0.20046259265336105
2025-10-20 21:00:00+00:00,-0.26574675854639296,-0.23511162698562701,-0.07640857790311903,-0.29852088356398726,-0.21366278425767474,-0.020375027776776182,-0.01859799783140077,0.035552097646805676,-0.18188898307706078,-0.22248466057143026
2025-10-20 22:00:00+00:00,-0.2775476238846261,-0.24844363342477907,-0.053480536767554716,-0.30249405814571834,-0.2083159874708345,-0.018938105728271277,-0.01596466738311768,0.043721618755418204,-0.17958140614578455,-0.24200041717457413
2025-10-20 23:00:00+00:00,-0.27585791208728766,-0.2520218682405441,-0.04332169721350068,-0.2736029852076279,-0.2089798448083917,-0.01719666927136699,0.004864529929170558,0.07646562708823137,-0.18199959157968346,-0.2446621465576557
2025-10-21 00:00:00+00:00,-0.2830645329265173,-0.2683096631756664,-0.04706486377501569,-0.27544079796567483,-0.23184782861071568,-0.03372319192130071,-0.005370560780027225,0.05771936716722102,-0.18511590386086857,-0.25036331094225006
2025-10-21 01:00:00+00:00,-0.2892823407504406,-0.2874243672206417,-0.0630748476325717,-0.27898261208025105,-0.24257178524372391,-0.037906959057013044,-0.01524119052842243,0.04756845538177483,-0.18757164672753945,-0.25867970276715885
2025-10-21 02:00:00+00:00,-0.2955425246822229,-0.2975991818712329,-0.06381085502493634,-0.2886395272258975,-0.2585747987562667,-0.049974931158214664,-0.025517548022577434,0.04014468692455545,-0.18691537552481322,-0.2635433435805054
2025-10-21 03:00:00+00:00,-0.3038888521400464,-0.30440520318981595,-0.0674772534192732,-0.29391866315388704,-0.2689084973562146,-0.054543075326176645,-0.03380510068196552,0.032760930367016654,-0.18157665656247549,-0.2684420822721059
2025-10-21 04:00:00+00:00,-0.3059669801489386,-0.30718718782671145,-0.0674772534192732,-0.29570476739328555,-0.2703271906168008,-0.057472806682298025,-0.03380510068196552,0.033006866869758685,-0.1785409053592994,-0.2684420822721059
2025-10-21 05:00:00+00:00,-0.30876462587271913,-0.3129209988666801,0.010877770288816594,-0.2999218730988359,-0.27551311812660795,-0.05766060422378449,-0.01801695878157153,0.026912868553303534,-0.18323013586738277,-0.27233377666846614
2025-10-21 06:00:00+00:00,-0.30901767049936457,-0.31865171013487853,0.008707281201495361,-0.3041390068276716,-0.27742300446152285,-0.05054807434736993,-0.018273358476567386,0.028941042878233503,-0.18405028247178196,-0.27098212538999644
2025-10-21 07:00:00+00:00,-0.30922004962217836,-0.32048441707307307,0.006542021246807238,-0.3007548235823808,-0.2792985727236514,-0.039834096014131994,-0.014630875160220505,0.03157603746846729,-0.1786395319158865,-0.25941065858054846
2025-10-21 08:00:00+00:00,-0.3051902036739958,-0.3170098409866095,0.007987721189673449,-0.2935578976290872,-0.27925985828188066,-0.028300187423508052,-0.012145938397211483,0.03603235339395092,-0.17422864580163083,-0.24852237195963095
2025-10-21 09:00:00+00:00,-0.3093717813803692,-0.3136175607455933,0.004381758721453301,-0.2935578976290872,-0.2777883576461512,-0.014163112564416247,-0.012145938397211483,0.03430924070478247,-0.16825786814601904,-0.2405193886935975
2025-10-21 10:00:00+00:00,-0.30881579837043843,-0.3114537576171491,0.0022179087942544016,-0.2925666342726027,-0.28163180907271884,-0.007412259004519579,-0.015774453389069427,0.03127387781083877,-0.1656473918193055,-0.2340603872444834
2025-10-21 11:00:00+00:00,-0.3082817106886954,-0.31274023209152,7.475277545382747e-05,-0.2916547910111011,-0.27787080492035976,0.009775970672341391,-0.019332660394977278,0.026512135615930327,-0.15409580600342448,-0.2304852352375166
2025-10-21 12:00:00+00:00,-0.2991571506987624,-0.3083605981041471,0.005933488215568213,-0.2949147922013401,-0.27591870649336275,0.0317310497341052,-0.022822268539591847,0.029743135409928994,-0.13422265842793613,-0.22023887860699068
2025-10-21 13:00:00+00:00,-0.29058943127792913,-0.30268711247859226,0.005933488215568213,-0.29023108903528505,-0.26388555106993355,0.050985553632781094,-0.02618870576279889,0.025844810461149448,-0.12043759717121015,-0.2063630430857504
2025-10-21 14:00:00+00:00,-0.27623122739889266,-0.29961851662418915,0.008244448376821723,-0.2745325754735334,-0.2602947826903316,0.08131790450839352,-0.02614983033591184,0.023427390784614137,-0.09516274875035788,-0.1782173725435426
2025-10-21 15:00:00+00:00,-0.2622573189896048,-0.30550092734495543,0.01829505608139774,-0.2629958874624641,-0.25288718826658657,0.10615164111490548,-0.0312809338348012,0.021080984771991673,-0.09646068330927882,-0.16523780263875432
2025-10-21 16:00:00+00:00,-0.2622573189896048,-0.30550092734495543,0.01829505608139774,-0.26920308133487014,-0.26773473850338414,0.06802594291070196,-0.027023665849517334,0.021080984771991673,-0.11092662952780247,-0.17794568786725773
2025-10-21 17:00:00+00:00,-0.2622573189896048,-0.30550092734495543,0.008210022996320253,-0.2861420886132511,-0.2814410937725654,0.0305529027793056,-0.022785920996473384,0.02609741354344106,-0.12388934934475862,-0.1894102155263913
2025-10-21 18:00:00+00:00,-0.2539326178505722,-0.2985919559090513,0.01829505608139774,-0.2967831367106858,-0.28935865413125544,-0.004133213092746504,-0.01855492046828617,0.02609741354344106,-0.13654153364307273,-0.20060434136848926
2025-10-21 19:00:00+00:00,-0.2581542359206454,-0.3065831124555587,0.01589302377146337,-0.30310009264642274,-0.3009787045806848,-0.04301590866702027,-0.019793433297763705,0.022041929126035444,-0.13983446002783162,-0.21955791457894905
2025-10-21 20:00:00+00:00,-0.2559441726368766,-0.30815656314413686,0.01589302377146337,-0.30310009264642274,-0.29760415609060775,-0.06505185720866777,-0.017472966059748116,0.024840843802872187,-0.14581135242619464,-0.22676517953147884
2025-10-21 21:00:00+00:00,-0.2531721444949378,-0.30815656314413686,0.01589302377146337,-0.30142566851363634,-0.2955494003189891,-0.07566028406855814,-0.017472966059748116,0.027688612467816634,-0.14581135242619464,-0.23388322768224934
2025-10-21 22:00:00+00:00,-0.2471295992500389,-0.30815656314413686,0.021442721699354128,-0.29624629842089356,-0.3014415196609599,-0.08602459031158462,-0.010345926072317262,0.03320702607960154,-0.13828913814052707,-0.24099328404516218
2025-10-21 23:00:00+00:00,-0.24099376714710774,-0.2977238358496235,0.02699492085163405,-0.2788719896836805,-0.28960431388964275,-0.09616376175173769,0.0014740702313198863,0.04892820871737279,-0.13828913814052707,-0.2433067168897229
2025-10-22 00:00:00+00:00,-0.2319213533345528,-0.3040478930048337,0.02699492085163405,-0.2788719896836805,-0.28305056720121774,-0.10729471741012982,0.0014740702313198863,0.046502064523100656,-0.13075380464024927,-0.2469867799219792
2025-10-22 01:00:00+00:00,-0.2296273051590254,-0.3071325619380447,0.02699492085163405,-0.2764169989380673,-0.2744307388452478,-0.1094988972214669,0.0019312404561726323,0.0462497103120718,-0.1335497651951201,-0.2481149012321515
2025-10-22 02:00:00+00:00,-0.22737180301434687,-0.310288723252239,0.02699492085163405,-0.2764169989380673,-0.2744307388452478,-0.1138171366497815,0.0028368009283866323,0.0459323834987616,-0.13642381895175018,-0.2492523530783307
2025-10-22 03:00:00+00:00,-0.22737180301434687,-0.3135193824884943,0.02699492085163405,-0.2764169989380673,-0.2772057598763423,-0.115286089582546,0.0028368009283866323,0.04561353661489381,-0.13642381895175018,-0.2503992877071978
2025-10-22 04:00:00+00:00,-0.22737180301434687,-0.3213145226426578,0.02699492085163405,-0.27831135788645595,-0.2772057598763423,-0.1175807932029955,0.0028368009283866323,0.0459323834987616,-0.13642381895175018,-0.2515558607860549
2025-10-22 05:00:00+00:00,-0.22737180301434687,-0.3213145226426578,0.023538849548858556,-0.2770033255315792,-0.2749606598063215,-0.10656405136296766,0.0028368009283866323,0.04770439105779639,-0.1314454539696622,-0.24822771118523385
2025-10-22 06:00:00+00:00,-0.22310320864642907,-0.3224335277832926,0.023538849548858556,-0.2714147659582433,-0.273289805489475,-0.09119083965301,6.41200220551396e-05,0.04612569568534156,-0.12649599767990974,-0.2425396505813713
2025-10-22 07:00:00+00:00,-0.2161564716544686,-0.320217133772349,0.026844845517264095,-0.26716130122177384,-0.2649883613141421,-0.07652137258936464,-0.0013284847871582962,0.04301360467514203,-0.1215738117411083,-0.23420017678699825
2025-10-22 08:00:00+00:00,-0.2161564716544686,-0.31692369362722084,0.026844845517264095,-0.261879476225911,-0.2649883613141421,-0.06542248257253667,-0.0027281622656844143,0.04147618748149753,-0.1215738117411083,-0.2188324081980267
2025-10-22 09:00:00+00:00,-0.2161564716544686,-0.3136550162377814,0.023538849548858556,-0.2566719663356979,-0.2649883613141421,-0.04918586209824842,-0.004130935971059848,0.043136327081501044,-0.1215738117411083,-0.20940083389537958
2025-10-22 10:00:00+00:00,-0.2161564716544686,-0.3136550162377814,0.023538849548858556,-0.249235553950002,-0.24761063556248114,-0.005114083885369563,-0.01065934198922669,0.04723782896991598,-0.11164102988492938,-0.19304591232802207
2025-10-22 11:00:00+00:00,-0.2161564716544686,-0.3136550162377814,0.023538849548858556,-0.24523946999369847,-0.23615459778459058,0.037075345690930454,-0.01065934198922669,0.04723782896991598,-0.10034630224019157,-0.18118404379284747
2025-10-22 12:00:00+00:00,-0.20847159918602132,-0.30800948413824175,0.03125920860335069,-0.23173136395374055,-0.22032571902487746,0.07026498370328246,-0.0171569519242396,0.04332239628708695,-0.07698751170071629,-0.1633864594688804
2025-10-22 13:00:00+00:00,-0.18717036947911472,-0.3017064526141009,0.0291406779154168,-0.2094347007279587,-0.20397436413910544,0.097076615849273,-0.01752839402645565,0.037790364851452526,-0.06937129535887894,-0.1371232890240637
2025-10-22 14:00:00+00:00,-0.15993268146087855,-0.2924837966876702,0.0291406779154168,-0.19451636536351968,-0.17960954026331055,0.1357473377639254,-0.01752839402645565,0.03154591799660217,-0.05206152061833148,-0.10857516333350645
2025-10-22 15:00:00+00:00,-0.14575505639955016,-0.27493339488124147,0.041408112692723105,-0.18725603322686168,-0.16174579314718493,0.17530848126220802,-0.02269665587363535,0.025295394421196535,-0.034784938303944676,-0.08049764386991498
2025-10-22 16:00:00+00:00,-0.156688207042232,-0.2832034637953476,0.041408112692723105,-0.19926055525256933,-0.204110037313945,0.13891284735030682,-0.026885403075496465,0.030448943974120127,-0.04823554627966013,-0.10190956570067336
2025-10-22 17:00:00+00:00,-0.16758769712265517,-0.2905003596099312,0.03143132390683231,-0.21042135657368422,-0.22970400127867233,0.09500779417628466,-0.02271905453951471,0.035623590980037506,-0.061395641288536196,-0.11749464774539806
2025-10-22 18:00:00+00:00,-0.17722466773068604,-0.2905003596099312,0.03143132390683231,-0.21042135657368422,-0.24985034100088646,0.05415583102901277,-0.01855788752196734,0.05127797155783475,-0.08779611191412694,-0.13221961830378184
2025-10-22 19:00:00+00:00,-0.17722466773068604,-0.2905003596099312,0.03143132390683231,-0.20816620626351984,-0.25700436900936596,0.03223141827510361,-0.016262865567423276,0.05127797155783475,-0.09431043252026794,-0.13950004491888096
2025-10-22 20:00:00+00:00,-0.18180605520455145,-0.2905003596099312,0.02590601563484387,-0.20632037796652772,-0.2590253109238461,0.011575603087027035,-0.013955926128666809,0.05424093162382036,-0.10804538821453166,-0.14854648422741473
2025-10-22 21:00:00+00:00,-0.18180605520455145,-0.28872175791976623,0.020382358376310025,-0.20632037796652772,-0.2605152765472047,-0.011890700484494638,-0.011636868854964339,0.06029734010512019,-0.10804538821453166,-0.1573507831324342
2025-10-22 22:00:00+00:00,-0.17722466773068604,-0.28872175791976623,0.014859586896490955,-0.2085900913260466,-0.27011582592861194,-0.023343269416722243,-0.004576855919230151,0.07380863818739575,-0.10804538821453166,-0.16416160669766688
2025-10-22 23:00:00+00:00,-0.18304713717302906,-0.2839171289252581,0.014859586896490955,-0.21300489541119963,-0.28573536582425,-0.05047165228745105,-0.002205933351424503,0.07380863818739575,-0.10804538821453166,-0.17556064391944537
2025-10-23 00:00:00+00:00,-0.1914923612876685,-0.27816682672432136,0.014859586896490955,-0.21792732712133317,-0.2998147716326723,-0.07338685278322493,0.0024725947994934604,0.07380863818739575,-0.11653652359749364,-0.1892137019232296
2025-10-23 01:00:00+00:00,-0.1974302154844807,-0.2759862764338494,0.014859586896490955,-0.21792732712133317,-0.30258043598213175,-0.07768177944591423,0.0024725947994934604,0.07380863818739575,-0.113962981361836,-0.19320576949134904
2025-10-23 02:00:00+00:00,-0.203708339059918,-0.273840549736583,0.015934152617034177,-0.21792732712133317,-0.3057293554968731,-0.08073984371740052,0.0033542555185554885,0.07426076970305377,-0.1153883525071015,-0.19814591370142193
2025-10-23 03:00:00+00:00,-0.2103654425232331,-0.27172863277950954,0.016915982403934233,-0.22107105721788292,-0.31057395550951233,-0.08378081621034814,0.0037921894722274248,0.07454051123175023,-0.11944494487089626,-0.2033070442839219
2025-10-23 04:00:00+00:00,-0.2189616277990157,-0.2779770942942395,0.014723572319280252,-0.22494881840942482,-0.3106446533362422,-0.08060599359359479,-0.0027086303101900838,0.06601243497090101,-0.12484652772612603,-0.20926795280000005
2025-10-23 05:00:00+00:00,-0.21558809720091182,-0.2792894238113555,0.011409421814000224,-0.22271252325625338,-0.30973092853181666,-0.06899867370890782,-0.0027086303101900838,0.05897985354403201,-0.12158598311347257,-0.20516432301632206
2025-10-23 06:00:00+00:00,-0.2129765670459497,-0.28060334692564165,0.008095219815930577,-0.22271252325625338,-0.30973092853181666,-0.056868897534497684,-0.005494508038941115,0.05083565184635784,-0.11697871822898456,-0.20102804909214128
2025-10-23 07:00:00+00:00,-0.20852118355033383,-0.28060334692564165,0.008095219815930577,-0.22271252325625338,-0.3144303492550958,-0.045186374704344515,-0.008310318200576441,0.04776565968600088,-0.11697871822898456,-0.19631393372875142
2025-10-23 08:00:00+00:00,-0.20852118355033383,-0.2837840287665253,0.004780512114402475,-0.22271252325625338,-0.3144303492550958,-0.033901822165972983,-0.009732496829181968,0.044662737477652016,-0.11116746311903912,-0.19213510969634523
2025-10-23 09:00:00+00:00,-0.2030125070207678,-0.2890350366177118,-0.0009306766783720151,-0.22651147826417223,-0.3140095642355561,-0.017085794139016793,-0.017414982308895106,0.03282939205976688,-0.09369962619234665,-0.1836173435414631
2025-10-23 10:00:00+00:00,-0.20409278301960962,-0.29066364158503294,0.0003612152885672366,-0.22828033633783487,-0.3167223832865106,0.0035301557507493846,-0.021467356514599766,0.019265628773951656,-0.08237025996098095,-0.17568224063457932
2025-10-23 11:00:00+00:00,-0.21224882302880246,-0.29066364158503294,0.0003612152885672366,-0.22365376213539812,-0.3167223832865106,0.028171741415460208,-0.028038531658290376,0.0073566029452763505,-0.07136572031316213,-0.16323875054110418
2025-10-23 12:00:00+00:00,-0.20409278301960962,-0.29066364158503294,0.0003612152885672366,-0.21902126830696056,-0.3167223832865106,0.052142074030601865,-0.034619262511161625,0.003393953119099048,-0.06034106012658354,-0.1459359205393504
2025-10-23 13:00:00+00:00,-0.18583812779823616,-0.29066364158503294,0.0003612152885672366,-0.20927883877354925,-0.3094078882598036,0.07554863802508292,-0.037932140557652046,-0.00454127642883359,-0.037790749125497236,-0.12359503947112704
2025-10-23 14:00:00+00:00,-0.1710638951250065,-0.2878521254195379,0.002706670995938179,-0.1871582394731717,-0.2987710039457425,0.10056054896903827,-0.045344480072920676,-0.0017270498615499553,-0.024354866089797655,-0.08697347467447598
2025-10-23 15:00:00+00:00,-0.15572459713014106,-0.2878521254195379,0.002706670995938179,-0.17207347356270802,-0.27352739505563656,0.1376439407313244,-0.05049584522325588,-0.0017270498615499553,-0.00720868469933858,-0.059505598870036015
2025-10-23 16:00:00+00:00,-0.16955201413960924,-0.2878521254195379,0.002706670995938179,-0.19026779782904935,-0.3006906066239453,0.10591832496646163,-0.04632586358566968,0.003368713798050824,-0.03525232468234187,-0.08835568541571612
2025-10-23 17:00:00+00:00,-0.18199301905915702,-0.2878521254195379,0.002706670995938179,-0.19026779782904935,-0.3278271647171072,0.07489236330440631,-0.03807883294627562,0.013658585198259545,-0.03525232468234187,-0.10514867943353128
2025-10-23 18:00:00+00:00,-0.18199301905915702,-0.2878521254195379,0.002706670995938179,-0.19026779782904935,-0.3401330318494937,0.0387157893181584,-0.029753984543277635,0.018841365936012655,-0.049394569558775,-0.1268857398211545
2025-10-23 19:00:00+00:00,-0.19475653795842915,-0.28999709012629127,-0.00512259311705173,-0.19704386272179153,-0.35573148356152284,0.013011239504681266,-0.03186688278438479,0.02166676456959061,-0.05110660768929028,-0.14224797524127936
2025-10-23 20:00:00+00:00,-0.19475653795842915,-0.2873392416257415,-0.00512259311705173,-0.19506308231201644,-0.35988026398695583,-0.0032262629279309427,-0.03186688278438479,0.027558752843667947,-0.06613137834555237,-0.15017547131243708
2025-10-23 21:00:00+00:00,-0.19475653795842915,-0.28295793129305424,-0.010600131516290957,-0.19506308231201644,-0.3628180893275922,-0.022506117569331505,-0.029607597481503826,0.03051333776072295,-0.0731813439893473,-0.15799550862872364
2025-10-23 22:00:00+00:00,-0.18636820709017735,-0.2765073915547808,-0.01896790493308856,-0.1897131870294559,-0.35854329539517527,-0.028256953390574248,-0.02628488117248287,0.03445077866121333,-0.07110417487516296,-0.15792044538565486
2025-10-23 23:00:00+00:00,-0.1898893126183102,-0.2726480021094118,-0.021836129806616356,-0.19430202988601109,-0.3714986945663168,-0.037643497375371114,-0.032607519059797294,0.0267952982549048,-0.07694625461545293,-0.16453055678312944
2025-10-24 00:00:00+00:00,-0.1898893126183102,-0.26695958818462145,-0.021836129806616356,-0.1896771259167738,-0.38592821254339393,-0.058110182085981225,-0.030093490080756437,0.029612778706496472,-0.06824853293799812,-0.1683267370148908
2025-10-24 01:00:00+00:00,-0.2124248855952913,-0.2682709931876332,-0.01843111908976832,-0.19596462452602473,-0.39065832086970914,-0.06541060000197288,-0.034404660854970764,0.026312478890359144,-0.0834071850228633,-0.1783682489542063
2025-10-24 02:00:00+00:00,-0.21800228612934125,-0.26611838172833374,-0.017187909977940386,-0.19596462452602473,-0.3913536424071149,-0.06777623373047298,-0.03376957266842853,0.027386538090432986,-0.0834071850228633,-0.1815994387352077
2025-10-24 03:00:00+00:00,-0.2277398125415911,-0.2639972913784693,-0.01594529555110783,-0.19596462452602473,-0.3903419348081317,-0.07125084099983278,-0.03443981567363067,0.029035581837879156,-0.0834071850228633,-0.18715059650952234
2025-10-24 04:00:00+00:00,-0.2341784571981662,-0.26190684823939386,-0.014703098661479095,-0.19596462452602473,-0.39025967846941345,-0.0748000819061725,-0.033803865017206745,0.030164785399032706,-0.08628170678670695,-0.19301288911837952
2025-10-24 05:00:00+00:00,-0.22944424497527904,-0.25605544239334266,-0.015884241763862775,-0.19171304935286898,-0.38840166913945845,-0.07254387808565141,-0.03244180025830298,0.030518228858459916,-0.08619596363355451,-0.18643279205259092
2025-10-24 06:00:00+00:00,-0.22734180546916924,-0.2597836002358923,-0.01913636460364733,-0.19835013535272805,-0.37717051174385896,-0.06467745636930734,-0.03677933338150936,0.025780965823828442,-0.08619596363355451,-0.18401945222138472
2025-10-24 07:00:00+00:00,-0.22734180546916924,-0.27081775963205584,-0.025505995028170393,-0.19835013535272805,-0.36895887405556116,-0.05682908333651577,-0.03974375782061069,0.022614484105163847,-0.09156279204910965,-0.18085662024075516
2025-10-24 08:00:00+00:00,-0.22734180546916924,-0.2783057881539602,-0.028749405280151647,-0.2014647776947831,-0.36098041040859097,-0.04507602095285845,-0.041259739563251144,0.019403839092510346,-0.09156279204910965,-0.17625359558754333
2025-10-24 09:00:00+00:00,-0.1229046186514664,-0.10687660136504645,0.0901695999785809,-0.10731983408530647,-0.25104339987224145,-0.09439057826857096,-0.06263572692061149,-0.013516104167903298,-0.05708774831765089,-0.05414793593741453
2025-10-24 10:00:00+00:00,-0.1229046186514664,-0.10687660136504645,0.0901695999785809,-0.10840477378803627,-0.24584630548488778,-0.09177652351088576,-0.06412126616129048,-0.01689759079853887,-0.054899669425190666,-0.05333354462350656
2025-10-24 11:00:00+00:00,-0.1229046186514664,-0.10919038805384261,0.0901695999785809,-0.11169288128017336,-0.23992965052045861,-0.08449978292221154,-0.06924343748781171,-0.020046142724419853,-0.05070660684285226,-0.05167300484791483
2025-10-24 12:00:00+00:00,-0.1229046186514664,-0.10919038805384261,0.08378006981694916,-0.11169288128017336,-0.23252189048098773,-0.07722552144259406,-0.07195184334646187,-0.02481094661181821,-0.046496793234432364,-0.05167300484791483
2025-10-24 13:00:00+00:00,-0.1229046186514664,-0.10687660136504645,0.08083313929967949,-0.10969556018290873,-0.22525545232979585,-0.06777134926166045,-0.07467003362793825,-0.0281201292599332,-0.04178777164040848,-0.05167300484791483
2025-10-24 14:00:00+00:00,-0.12008688949355995,-0.10733027212276114,0.08439917441564457,-0.10842450792535287,-0.21545444182981077,-0.05861624427884344,-0.07847759876674629,-0.03256422978404043,-0.037685037084731206,-0.05513328198320174
2025-10-24 15:00:00+00:00,-0.11924356825735252,-0.10778520562416184,0.08799545475316173,-0.10429738096943934,-0.20825007532321285,-0.046904816950402585,-0.08029190995247386,-0.035438319987892895,-0.026075455791539855,-0.050024374672003234
2025-10-24 16:00:00+00:00,-0.11924356825735252,-0.1057250716746652,0.08543641197916724,-0.10553566061360714,-0.21075791862601212,-0.054656908597739785,-0.07836456824156557,-0.03291724100334353,-0.029478280216916942,-0.051613462717533566
2025-10-24 17:00:00+00:00,-0.11924356825735252,-0.1057250716746652,0.08543641197916724,-0.10553566061360714,-0.21359180793398605,-0.06241275229917044,-0.07659078788997412,-0.02780479143249858,-0.029478280216916942,-0.051613462717533566
2025-10-24 18:00:00+00:00,-0.1214697961833733,-0.10402926236821432,0.08543641197916724,-0.10451911862049305,-0.21460458818836778,-0.07018270687260844,-0.0757390112167582,-0.026532825110370785,-0.029478280216916942,-0.054471714541930616
2025-10-24 19:00:00+00:00,-0.12367320455303225,-0.10536251441811487,0.08543641197916724,-0.10451911862049305,-0.21537661242632775,-0.07797713249981263,-0.07488291989770425,-0.024003557501561523,-0.032830762922660586,-0.05731280674472012
2025-10-24 20:00:00+00:00,-0.12367320455303225,-0.10524251342775123,0.08661083444716086,-0.10444115996110262,-0.2155076167666536,-0.08150385075447757,-0.07456005055821505,-0.022967006813231768,-0.03417438025836705,-0.05886686181394224
2025-10-24 21:00:00+00:00,-0.12393929948764729,-0.10524251342775123,0.08543641197916724,-0.10436486705431292,-0.2155076167666536,-0.08507025890588985,-0.07431828785832963,-0.021766361963011304,-0.03550258513039689,-0.06084747541904896
2025-10-24 22:00:00+00:00,-0.12422404167142126,-0.10524251342775123,0.08543641197916724,-0.10451911862049305,-0.21564354495230562,-0.0896367714014066,-0.07464155350004481,-0.021766361963011304,-0.03852252445546004,-0.0626365621610326
2025-10-24 23:00:00+00:00,-0.12422404167142126,-0.10524251342775123,0.08614089888134124,-0.10326026752836313,-0.22007667900130481,-0.09300004093958224,-0.07537570413290975,-0.021110931562707904,-0.04024464889378386,-0.06336978917849818
2025-10-25 00:00:00+00:00,-0.12422404167142126,-0.1065512546547955,0.08614089888134124,-0.10429738096943934,-0.22452051091186617,-0.09784896655092148,-0.07620018726167761,-0.022616055876218347,-0.04198332122423172,-0.06434360191964497
2025-10-25 01:00:00+00:00,-0.1213342711453688,-0.1047029027040404,0.08668121332249192,-0.1035670212239808,-0.22825454961170027,-0.1003307407750553,-0.07414132713830356,-0.021472239194592183,-0.04232770686060117,-0.062031455751126285
2025-10-25 02:00:00+00:00,-0.1213342711453688,-0.10550050156259473,0.08690139029184872,-0.1037431160655588,-0.23031234962111546,-0.10187827314157852,-0.07433457502556336,-0.02138969165869212,-0.0414337278703728,-0.062031455751126285
2025-10-25 03:00:00+00:00,-0.12045480738541657,-0.10634458261438688,0.08759969901224042,-0.10392343637546674,-0.23052222264549183,-0.10268443708078348,-0.07433457502556336,-0.021186874119528767,-0.041226131437473994,-0.062031455751126285
2025-10-25 04:00:00+00:00,-0.11961541152157605,-0.10723855293736179,0.08759969901224042,-0.10452643358757521,-0.2313203239456588,-0.10396378690691625,-0.07414132713830356,-0.02123205396799525,-0.04129847506194442,-0.062031455751126285
2025-10-25 05:00:00+00:00,-0.11793817820841743,-0.10555322618263108,0.0905581659455226,-0.10290990105642134,-0.22937860733419735,-0.10053606925768341,-0.07273209423288164,-0.020807186728977346,-0.03857832629391215,-0.05944407266189029
2025-10-25 06:00:00+00:00,-0.11634408626919125,-0.10383785457242253,0.09144282767654022,-0.09973760262150005,-0.2269400297332553,-0.09725850384307379,-0.07404864683300598,-0.023148051305501034,-0.03393903647824376,-0.05685559721313598
2025-10-25 07:00:00+00:00,-0.11857414256830867,-0.09946452828186332,0.09309637861136762,-0.09477890359454337,-0.22151231429457122,-0.0919158370957251,-0.07404864683300598,-0.0252958075619284,-0.0312365780137665,-0.05765457609652601
2025-10-25 08:00:00+00:00,-0.11857414256830867,-0.09780717751169171,0.09475336886704422,-0.09026285535568017,-0.21782571269159678,-0.08655490854686229,-0.07404864683300598,-0.027489475697916318,-0.028573952215102706,-0.05765457609652601
2025-10-25 09:00:00+00:00,-0.11857414256830867,-0.09780717751169171,0.09475336886704422,-0.08644107018239701,-0.2154604092224668,-0.08272885559720683,-0.07404864683300598,-0.0296205003174014,-0.023633867661442817,-0.056748849828307274
2025-10-25 10:00:00+00:00,-0.11777934957624446,-0.09810010866398995,0.09544767340398064,-0.08186309263751683,-0.2112751208654445,-0.07567731758821526,-0.07313908435990689,-0.029405147418307638,-0.015030255161258135,-0.05570218188826491
2025-10-25 11:00:00+00:00,-0.1169839904815941,-0.09593835500548004,0.09614313531446857,-0.07573453714877652,-0.20828253465095728,-0.0683960679996206,-0.07370578219662477,-0.031005246240604606,-0.007861578075486037,-0.055587391794512934
2025-10-25 12:00:00+00:00,-0.12030635662680929,-0.09162993334274087,0.0937530126842356,-0.07262680942782714,-0.20578893421603403,-0.06114684206300666,-0.07357560936183599,-0.03349647589439532,-0.00524206725493863,-0.05466501342559283
2025-10-25 13:00:00+00:00,-0.12443699978434827,-0.09162993334274087,0.0937530126842356,-0.07262680942782714,-0.2048416092430864,-0.05191434527211991,-0.07357560936183599,-0.03539436890923685,-0.00524206725493863,-0.05466501342559283
2025-10-25 14:00:00+00:00,-0.1297138158819062,-0.09192519747660831,0.09307739670617793,-0.07331479087837971,-0.20210900066969334,-0.046020823723445806,-0.07623055069160849,-0.03965635818426802,-0.012012175686846501,-0.05456739361390389
2025-10-25 15:00:00+00:00,-0.12901649420110026,-0.09222139480241276,0.0969117760373646,-0.06844039258993292,-0.1991297120290451,-0.0368383695723372,-0.08115537968823516,-0.04030589438795042,-0.005246237614235951,-0.05190975306921246
2025-10-25 16:00:00+00:00,-0.12159505551558088,-0.09222139480241276,0.0969117760373646,-0.07127192538068021,-0.20009685159650772,-0.04500945999117804,-0.07926693759279702,-0.03754948518369663,-0.008979153904405518,-0.05190975306921246
2025-10-25 17:00:00+00:00,-0.11849794056384962,-0.09042510130159188,0.0969117760373646,-0.07260666105687615,-0.20221382418244035,-0.052784249363391406,-0.07736769639546935,-0.036270727676347946,-0.01260265744414494,-0.05190975306921246
2025-10-25 18:00:00+00:00,-0.11849794056384962,-0.08896769719491623,0.0969117760373646,-0.07610709745031846,-0.2047341572703066,-0.05838452093802379,-0.07736769639546935,-0.0349820180489622,-0.01618586235863455,-0.053293323694485244
2025-10-25 19:00:00+00:00,-0.11849794056384962,-0.08784551459556249,0.0969117760373646,-0.0790658830184821,-0.2068588903919735,-0.06398455610953632,-0.07654543281709328,-0.03368310148676057,-0.01618586235863455,-0.0571254575842951
2025-10-25 20:00:00+00:00,-0.11849794056384962,-0.08784551459556249,0.0969117760373646,-0.07933406599018544,-0.20754910712834945,-0.06758495920605846,-0.07635826909077709,-0.03279968882727175,-0.014706161516427244,-0.0588052521646497
2025-10-25 21:00:00+00:00,-0.11849794056384962,-0.08784551459556249,0.0969117760373646,-0.07910211786428932,-0.20764634624508188,-0.0699800183521993,-0.07617153908895262,-0.03190262126260224,-0.01618586235863455,-0.05998070585990244
2025-10-25 22:00:00+00:00,-0.11849794056384962,-0.0880929954201883,0.09638095052394259,-0.08052172538709958,-0.20939553488042267,-0.07527428933261675,-0.07698881763582141,-0.03320172900228749,-0.018099763922212853,-0.061807415088966845
2025-10-25 23:00:00+00:00,-0.11849794056384962,-0.08873238225174672,0.09638095052394259,-0.08424516901996532,-0.21110560267375103,-0.08027006823533174,-0.07890215411563031,-0.03493957262777013,-0.018099763922212853,-0.06338123936018689
2025-10-26 00:00:00+00:00,-0.11849794056384962,-0.09105254325174097,0.09638095052394259,-0.08617287827772777,-0.21659026796096775,-0.08779034651734324,-0.07973587876569838,-0.03579127829002567,-0.01983684369527123,-0.06489953332913376
2025-10-26 01:00:00+00:00,-0.11254898247644744,-0.09122443900466304,0.09597565654373638,-0.08605649262781141,-0.21667944170585962,-0.08929778574908089,-0.07808209285519763,-0.034661240093390985,-0.019290333245636997,-0.06412865972170982
2025-10-26 02:00:00+00:00,-0.11254898247644744,-0.09179598667059771,0.09686981247587126,-0.086132913936878,-0.21851492605398648,-0.08981903035005143,-0.07826946749845172,-0.03458438634550873,-0.01870366116354565,-0.06422731121564217
2025-10-26 03:00:00+00:00,-0.11209562329984696,-0.09183754259454074,0.09723063119243312,-0.08621846391355528,-0.22232038299545168,-0.09117265582634532,-0.0783644664804656,-0.034310521839451526,-0.018274724688026236,-0.06433445010808395
2025-10-26 04:00:00+00:00,-0.11166512546116006,-0.09189770713686646,0.09759604865221683,-0.08634462726361457,-0.22433314354147352,-0.09206723328017387,-0.07846185754008218,-0.03404179228551257,-0.017668711296110064,-0.06444118508885055
2025-10-26 05:00:00+00:00,-0.1106061568570963,-0.08980138152193284,0.1577362806505249,-0.08326787882231568,-0.22296138821651726,-0.08815859051735352,-0.0946793275300791,-0.03156643037609635,-0.013896273036904614,-0.06194416321706367
2025-10-26 06:00:00+00:00,-0.10995589156884829,-0.08748613351468815,0.15942073691401604,-0.0787348218144868,-0.22059808594967387,-0.08432826232982005,-0.09490412000211917,-0.033485790240945404,-0.010020313354798766,-0.0608166365874972
2025-10-26 07:00:00+00:00,-0.10870689520544091,-0.0870231820893144,0.16118108198097567,-0.07595123253871272,-0.21823428919200458,-0.08001362327509068,-0.09692870494752347,-0.035059743547172215,-0.008967182180926344,-0.06150669961261646
2025-10-26 08:00:00+00:00,-0.11105176248772246,-0.0870231820893144,0.16118108198097567,-0.07037073717576493,-0.2129405961880035,-0.07006995326102915,-0.09569376102445648,-0.035059743547172215,-0.008967182180926344,-0.059316412259678965
2025-10-26 09:00:00+00:00,-0.10870689520544091,-0.0870231820893144,0.16460194345357598,-0.06591347578824247,-0.21091486112563132,-0.06207695961219997,-0.09569376102445648,-0.035059743547172215,-0.005940973753833002,-0.058275505118794306
2025-10-26 10:00:00+00:00,-0.10808052670861269,-0.08534750862452402,0.16941521708179771,-0.061713230930497784,-0.20740269109052467,-0.051920503939135824,-0.0946423901147462,-0.03590268635944987,-0.0002549934637290834,-0.05534546930879136
2025-10-26 11:00:00+00:00,-0.10745372959148135,-0.08099778168392369,0.17430443443986327,-0.05746206191435519,-0.20519507683213092,-0.039101163719696984,-0.09357998208417956,-0.03435862340983671,0.00014202514915944355,-0.05237941504750673
2025-10-26 12:00:00+00:00,-0.11096792943266068,-0.07929252972311591,0.1728365714716578,-0.050453118882990686,-0.20229047856270865,-0.02876022440372719,-0.09250647462076222,-0.03594440577234715,-0.001805321196082206,-0.051013866790836776
2025-10-26 13:00:00+00:00,-0.11828116740270157,-0.08196260269855524,0.1728365714716578,-0.04501051443632339,-0.20019353247749053,-0.012037825139423136,-0.09082544997763382,-0.03594440577234715,-0.0072632372709218055,-0.04922263357203736
2025-10-26 14:00:00+00:00,-0.12366540871421465,-0.07905844855651886,0.17142840057718245,-0.04140152623123089,-0.1943893397458654,0.0040296688723284865,-0.0914543417572961,-0.0375457115800451,-0.009250076666543436,-0.048448946831287476
2025-10-26 15:00:00+00:00,-0.12911187131181678,-0.07523803077906514,0.17001809031176843,-0.03714690513262106,-0.19195941629586113,0.025428785475533143,-0.08967668315067667,-0.04147924469151613,-0.0010285234547481171,-0.046328508074733994
2025-10-26 16:00:00+00:00,-0.1263541490017961,-0.07712476996615228,0.17001809031176843,-0.04087439614312339,-0.19422454454522373,0.01581938048570526,-0.08967668315067667,-0.04147924469151613,-0.004992251976272551,-0.04860510269023167
2025-10-26 17:00:00+00:00,-0.1263541490017961,-0.07900667822606262,0.17001809031176843,-0.043143039898275344,-0.19617192997578983,0.00600030477627555,-0.08967668315067667,-0.04294302143141835,-0.004992251976272551,-0.04969949917339884
2025-10-26 18:00:00+00:00,-0.1263541490017961,-0.08088399057339954,0.17001809031176843,-0.04731230596609204,-0.1970647686406094,-0.0034657996292911746,-0.08967668315067667,-0.04158480594819752,-0.004992251976272551,-0.05078872813199592
2025-10-26 19:00:00+00:00,-0.1263541490017961,-0.07933935126585032,0.17001809031176843,-0.05135764909641638,-0.19924337589653013,-0.012626149596667748,-0.08967668315067667,-0.04021371960879779,-0.008916618576464136,-0.05179480044154168
2025-10-26 20:00:00+00:00,-0.12918877612496954,-0.08180145078469349,0.16836509208361214,-0.05589326258523746,-0.20232852226880707,-0.019729183389469968,-0.09159803022512622,-0.04179679431736277,-0.0069412628317274665,-0.055769315097585245
2025-10-26 21:00:00+00:00,-0.1320214664935429,-0.08434996606347686,0.1581760443357833,-0.05944954908011671,-0.20418559861943095,-0.02573891519193902,-0.0935180774078179,-0.04299314959574997,-0.010389656065616221,-0.06139578640857273
2025-10-26 22:00:00+00:00,-0.1320214664935429,-0.08434996606347686,0.1581760443357833,-0.060756783739274484,-0.20627247064230772,-0.029543024833390923,-0.09452252963603074,-0.04360397144427511,-0.012066084615062207,-0.06144592003204322
2025-10-26 23:00:00+00:00,-0.13105437462239164,-0.08535647456661571,0.15620902327984848,-0.062246261143230695,-0.2135548573381017,-0.03271744894051218,-0.0960852408980533,-0.04566545765870481,-0.012066084615062207,-0.06214156146914936
2025-10-27 00:00:00+00:00,-0.13434281442469012,-0.08535647456661571,0.15620902327984848,-0.06377167042428662,-0.21186583282300167,-0.03663574524289198,-0.09825664086470394,-0.04566545765870481,-0.012066084615062207,-0.06335504089374365
2025-10-27 01:00:00+00:00,-0.13194116412276333,-0.08284155463925591,0.1555946202954613,-0.06243479274370336,-0.21510579921289366,-0.03571855048691845,-0.09718524189079528,-0.04421448561464979,-0.010878091494164204,-0.06208238076498119
2025-10-27 02:00:00+00:00,-0.13194116412276333,-0.08284155463925591,0.15651240171213754,-0.06253231251867762,-0.21738788596253436,-0.03492017105539897,-0.09765793597736244,-0.04409181702814991,-0.010142071356399222,-0.06208238076498119
2025-10-27 03:00:00+00:00,-0.13158958570481974,-0.08284155463925591,0.15651240171213754,-0.06253670030709621,-0.21738788596253436,-0.0352032675553699,-0.09816917929886508,-0.04397012309721537,-0.009391199948801096,-0.062027042500477615
2025-10-27 04:00:00+00:00,-0.13125982236110006,-0.08284155463925591,0.15745868680144604,-0.06254311399465054,-0.22184340783520526,-0.034552619848194875,-0.09835524290958422,-0.0438566266613576,-0.008624363246629595,-0.06197270831027597
2025-10-27 05:00:00+00:00,-0.13072099847750554,-0.08035575983978857,0.16743079850714798,-0.06076271215997348,-0.22062739039455212,-0.028078066720196092,-0.09646617317947177,-0.043084045362807695,-0.008849247321067536,-0.060599709965284285
2025-10-27 06:00:00+00:00,-0.13193447709058737,-0.07763317064115026,0.16893828388007956,-0.05988112979769004,-0.21908760310578482,-0.02224833237471273,-0.0965092458145561,-0.0447181280530324,-0.008306989140850351,-0.06007696769122216
2025-10-27 07:00:00+00:00,-0.13193447709058737,-0.07573272032827094,0.16893828388007956,-0.05648762486667549,-0.21771656200838263,-0.012380264509229801,-0.0965092458145561,-0.0447181280530324,-0.008306989140850351,-0.05776772459369643
2025-10-27 08:00:00+00:00,-0.13193447709058737,-0.07573272032827094,0.16893828388007956,-0.05416719137121594,-0.21601096467285102,-0.0027555951380484737,-0.0965092458145561,-0.04639602737591751,-0.008306989140850351,-0.055188263026131126
2025-10-27 09:00:00+00:00,-0.13453792850371307,-0.07573272032827094,0.1729135242018451,-0.05187455660167565,-0.21556886616754348,0.00667006582064091,-0.0965092458145561,-0.04639602737591751,-0.008306989140850351,-0.05296024979410297
2025-10-27 10:00:00+00:00,-0.13406244956872737,-0.07291383338578422,0.1745106783902955,-0.04834061299837923,-0.21402933133542404,0.0126021168488889,-0.09627611289419799,-0.043698218465532436,-0.0019020333469871354,-0.050493618202426045
2025-10-27 11:00:00+00:00,-0.13406244956872737,-0.07006597000759834,0.1814176458370129,-0.043234038830719246,-0.21187163531903058,0.024354469483411793,-0.09627611289419799,-0.03890691355451583,-0.0019020333469871354,-0.0456080281053045
2025-10-27 12:00:00+00:00,-0.13406244956872737,-0.07006597000759834,0.1814176458370129,-0.03962476899979708,-0.20925300569050817,0.035729646428025674,-0.0927628336533364,-0.03890691355451583,-0.0019020333469871354,-0.04217504795019853
2025-10-27 13:00:00+00:00,-0.1384586678569917,-0.07006597000759834,0.1814176458370129,-0.03400526189921871,-0.20618574328745878,0.049666772274700045,-0.0927628336533364,-0.036341963979574475,-0.0019020333469871354,-0.0368485635803123
2025-10-27 14:00:00+00:00,-0.13980996461995873,-0.06690774540980098,0.18305008792779595,-0.02644482856650159,-0.20266509043572994,0.06420477905570442,-0.09132202450815326,-0.03176593225672846,0.004639350095482705,-0.030600450770859555
2025-10-27 15:00:00+00:00,-0.1411646295947402,-0.06373766210510612,0.1847879372439808,-0.02015055422625017,-0.19892122103417395,0.08172194581754444,-0.08726919911283251,-0.02982804969208074,0.005237355323425442,-0.027969684976944048
2025-10-27 16:00:00+00:00,-0.1411646295947402,-0.06564424948279911,0.1768423662794245,-0.02355714237342409,-0.19466080029844998,0.07344799621889478,-0.08819814561410809,-0.0312743581642069,0.005237355323425442,-0.03090786106714193
2025-10-27 17:00:00+00:00,-0.1411646295947402,-0.06373766210510612,0.16929229487265451,-0.02682042906568748,-0.19360545651146063,0.06762991153800497,-0.08912310842707555,-0.0312743581642069,0.009289919026163159,-0.03379707536298063
2025-10-27 18:00:00+00:00,-0.13978797273078278,-0.06535244086381388,0.16209938789188236,-0.02900957536720568,-0.19170000644871468,0.05870343704816273,-0.08912310842707555,-0.0312743581642069,0.009289919026163159,-0.036509709619192504
2025-10-27 19:00:00+00:00,-0.141418846472495,-0.06774789566272192,0.15408605927536212,-0.032471591973281116,-0.1924476632388343,0.04709821516108946,-0.09102181753276345,-0.034224224163991714,0.011410688790412201,-0.04040326778368966
2025-10-27 20:00:00+00:00,-0.14442749988479764,-0.07146712954581676,0.14645208638633905,-0.036398807431532475,-0.19321215064536149,0.03667919004593377,-0.09291932770228449,-0.03838625939828573,0.013510097224821617,-0.04466303374107843
2025-10-27 21:00:00+00:00,-0.1474342734751164,-0.07509513371853824,0.13916644843385884,-0.041501169478441985,-0.19236659565707342,0.0297349167795784,-0.09554531041744915,-0.04444143946354831,0.014041676947589909,-0.04941805306696213
2025-10-27 22:00:00+00:00,-0.1474342734751164,-0.07509513371853824,0.13916644843385884,-0.041501169478441985,-0.1913330706553918,0.025691641028963066,-0.09597545954991382,-0.04783891904807356,0.012512735048689445,-0.05004953932817388
2025-10-27 23:00:00+00:00,-0.14666999633437594,-0.07601660598220401,0.1379663966803794,-0.04207262544360005,-0.19049304892867772,0.023316001610683746,-0.09479508609968314,-0.04783891904807356,0.012512735048689445,-0.05038201277028722
2025-10-28 00:00:00+00:00,-0.14666999633437594,-0.07601660598220401,0.1379663966803794,-0.04329215942532526,-0.18200999678318017,0.022636846184291036,-0.09597545954991382,-0.04879075205165709,0.01119997273296685,-0.05038201277028722
2025-10-28 01:00:00+00:00,-0.14409920070137028,-0.0733930972983918,0.1394531677668188,-0.04183119264562323,-0.174261353050996,0.022661489941479138,-0.09336025687093229,-0.048350877341481205,0.015949026995834358,-0.04937716560759524
2025-10-28 02:00:00+00:00,-0.14387389003578005,-0.0733930972983918,0.14077477955536952,-0.04171338642980124,-0.17213663828195902,0.022661489941479138,-0.09362855109309337,-0.04819665910127363,0.015949026995834358,-0.049201267183795395
2025-10-28 03:00:00+00:00,-0.14366893257645266,-0.0733930972983918,0.14605564563365642,-0.04171338642980124,-0.16828469071209023,0.023181220792491943,-0.09362855109309337,-0.0480546233039554,0.015949026995834358,-0.04902533638512595
2025-10-28 04:00:00+00:00,-0.1430856603826317,-0.07079526114100483,0.1491611555181144,-0.03982497440117582,-0.16636365928984326,0.02795086759365674,-0.09039875737090668,-0.04417717257838966,0.01658071078812452,-0.04751845583330742
2025-10-28 05:00:00+00:00,-0.14255645374755202,-0.06811264071853125,0.1523512848254531,-0.03773615468514055,-0.1638734964607202,0.031128242206115198,-0.08851659434955989,-0.04094918832127985,0.022430246512911166,-0.045995465722135205
2025-10-28 06:00:00+00:00,-0.14255645374755202,-0.06507653618509794,0.1564639917492076,-0.032680305170939436,-0.16449766214621694,0.03463803532858189,-0.08960228974118939,-0.036501536154686126,0.026163292809256878,-0.043434482828765705
2025-10-28 07:00:00+00:00,-0.14255645374755202,-0.06310210209165436,0.16062518744611892,-0.02823703356901158,-0.16265142980205569,0.0407995771997312,-0.08824347648557111,-0.034807610937018514,0.029866565741548168,-0.03551713641335863
2025-10-28 08:00:00+00:00,-0.14255645374755202,-0.06113738692252858,0.16062518744611892,-0.023908896106414813,-0.16211503971491423,0.04550515690626336,-0.08824347648557111,-0.03138735058983325,0.026163292809256878,-0.028798793914051962
2025-10-28 09:00:00+00:00,-0.14255645374755202,-0.06113738692252858,0.16604369087798548,-0.019790738692413025,-0.16211503971491423,0.053092047300306096,-0.08824347648557111,-0.029843222462136377,0.026163292809256878,-0.023347693373317414
2025-10-28 10:00:00+00:00,-0.14222752039845174,-0.056081268722377356,0.17213343580755486,-0.016896680744233793,-0.15904230690160961,0.06108874075578023,-0.08797139213774245,-0.02436334100060419,0.026879177400963558,-0.019131023850084493
2025-10-28 11:00:00+00:00,-0.13883083931307102,-0.05284345265161992,0.17899790473911334,-0.013545340602913921,-0.15835755759547376,0.07207388004802297,-0.08797139213774245,-0.02436334100060419,0.026879177400963558,-0.013426774188757607
2025-10-28 12:00:00+00:00,-0.13883083931307102,-0.04961835183428547,0.1895033205755247,-0.008472911251504841,-0.15541195369635638,0.07975136081979488,-0.08797139213774245,-0.0192797507723298,0.03324750317759109,-0.007717623335072603
2025-10-28 13:00:00+00:00,-0.14344971351727193,-0.04640549634322003,0.1930319186164324,-0.0016716569403461853,-0.15541195369635638,0.08910633776034164,-0.08797139213774245,-0.01671953512541313,0.038822627232836,-0.0006648946040212289
2025-10-28 14:00:00+00:00,-0.14960367910021627,-0.043034037198100325,0.1960706421419855,0.0033529476391851026,-0.15298459631314731,0.10131535070933474,-0.08589137322653331,-0.015391285939616757,0.05510096283875259,0.004053773476951829
2025-10-28 15:00:00+00:00,-0.15584064547382084,-0.03964594086944098,0.2049743975178459,0.010734255442868804,-0.15442343957678048,0.11150522107304404,-0.08638704968496709,-0.016655811337079322,0.06171501450931692,0.011227151134618741
2025-10-28 16:00:00+00:00,-0.15817837558824516,-0.041534978564272185,0.19865238598109575,0.008631153789149894,-0.14906935919461028,0.10248089337900247,-0.08738499012696606,-0.01812787709615588,0.056929983249975814,0.007768369019061402
2025-10-28 17:00:00+00:00,-0.15817837558824516,-0.043420351776027856,0.1925446173470437,0.004435107350507496,-0.14482171241526579,0.09389261461628377,-0.08738499012696606,-0.019586395165402365,0.043706170123504015,0.004364990825803235
2025-10-28 18:00:00+00:00,-0.15915028038942836,-0.04510060852457238,0.1866360880898455,0.00032168482246948605,-0.1407483242474893,0.08569085203373247,-0.08824617366657468,-0.021031758659984474,0.036161756172811615,0.0010106574079683575
2025-10-28 19:00:00+00:00,-0.15915028038942836,-0.046764795248173126,0.18091320966507615,-0.0027075830062415294,-0.1364601086268829,0.0778333129090688,-0.08824617366657468,-0.02381867997651023,0.0248888371627019,-0.00227293775253034
2025-10-28 20:00:00+00:00,-0.1621566995786567,-0.05076990521166038,0.18030747970481734,-0.006248854216686176,-0.13511447655568695,0.07314880685844558,-0.0907928651086996,-0.027677318356958965,0.02009033855608092,-0.006896152736621801
2025-10-28 21:00:00+00:00,-0.16516143091361593,-0.05462996063668689,0.1797027676717328,-0.011526934293524398,-0.13626884312352236,0.06860992346486738,-0.09330516293312699,-0.03141761739110136,0.018825168320158427,-0.01134432025038946
2025-10-28 22:00:00+00:00,-0.16542525363952515,-0.05536203224112867,0.17620592956305184,-0.012387199928013012,-0.13523113145048232,0.0658364532639331,-0.09347179816104478,-0.030965440176521114,0.01922742350601167,-0.012783029437331414
2025-10-28 23:00:00+00:00,-0.16325454479654838,-0.05574759592924406,0.1758797419727269,-0.012321680532095933,-0.12929196961896422,0.06503612785377301,-0.09046378114314883,-0.02926805653556191,0.019622205651071027,-0.013300221417336196
2025-10-29 00:00:00+00:00,-0.16325454479654838,-0.05676614992141614,0.1778374793746221,-0.013454790549400363,-0.12360678230078675,0.06429400960704373,-0.09046378114314883,-0.030008180593022352,0.01815367153668056,-0.014147328724917665
2025-10-29 01:00:00+00:00,-0.16099532867590408,-0.0550007032394278,0.17943384804164159,-0.011446692980740702,-0.12082458291984569,0.06633102083325006,-0.08796354352001241,-0.0284945762398995,0.01903604997006408,-0.013174783781005353
2025-10-29 02:00:00+00:00,-0.16099532867590408,-0.0550007032394278,0.18155600633906158,-0.010560162804599286,-0.12016928878370485,0.06869046843325079,-0.08796354352001241,-0.028252670078282884,0.02145774924282918,-0.01245926222107475
2025-10-29 03:00:00+00:00,-0.16090335994896576,-0.05479133188787915,0.18155600633906158,-0.009948223217612436,-0.1211007379004173,0.07151995993790099,-0.08796354352001241,-0.027686657758657997,0.02316495714186716,-0.011476868359346375
2025-10-29 04:00:00+00:00,-0.16090335994896576,-0.05458391563766768,0.18372928040772704,-0.009035558857525426,-0.12323306438862297,0.07444646823334966,-0.08796354352001241,-0.026473034422346376,0.025756486246059855,-0.01048391947779594
2025-10-29 05:00:00+00:00,-0.1608288798984138,-0.0543785621090539,0.18595600809837232,-0.007771407178416739,-0.1259038963282634,0.07649835766674944,-0.08797724981479961,-0.025578550584344627,0.028432701951410035,-0.009479821728658641
2025-10-29 06:00:00+00:00,-0.1608288798984138,-0.05118793327627998,0.19068666856704203,0.000381243407944685,-0.13139878923403708,0.08282677737426931,-0.08907590506886297,-0.024001021956704463,0.031885907223119014,-0.0063134317262927425
2025-10-29 07:00:00+00:00,-0.15791375539603533,-0.045963920908401616,0.20541993602914627,0.004376710231885144,-0.13778209498110552,0.09007076753400187,-0.08907590506886297,-0.020686157440051933,0.031885907223119014,-0.0007094480943103296
2025-10-29 08:00:00+00:00,-0.15791375539603533,-0.04184254348225027,0.21201501101613893,0.009262121727899917,-0.14432582965097482,0.09524907387796559,-0.08907590506886297,-0.017452075150760034,0.031885907223119014,0.0040029373074338005
2025-10-29 09:00:00+00:00,-0.31527451614452684,-0.21614937423908917,-0.07671816089034238,-0.12809858561291537,-0.03157203326708273,-0.030537856198037058,-0.10681283826475252,-0.04491094526331089,-0.07614203759207094,-0.17805050934588496
2025-10-29 10:00:00+00:00,-0.31527451614452684,-0.21135305699947182,-0.06787478978217439,-0.1157862995655637,-0.054617175432890665,-0.011438936448452357,-0.10412900495517288,-0.038023029626479375,-0.07614203759207094,-0.16902743966269854
2025-10-29 11:00:00+00:00,-0.31527451614452684,-0.19395722519740316,-0.0678747897821744,-0.09335835413587298,-0.07940118121651132,0.01848901836547196,-0.09419926344450953,-0.031028635463305785,-0.05975853751585014,-0.14711276726574787
2025-10-29 12:00:00+00:00,-0.3255184321422134,-0.17646435096585372,-0.013679069097969445,-0.06947307005143173,-0.09662658049463374,0.055615908352777535,-0.09924719647588856,-0.0096087510709791,-0.026630699553810443,-0.12117200125045537
2025-10-29 13:00:00+00:00,-0.3255184321422134,-0.1672961161118853,0.004975796206505239,-0.045273171873324934,-0.10553670676691793,0.09104262901884906,-0.0940602170243261,0.004735223842930637,0.005412411062015068,-0.09131551180236701
2025-10-29 14:00:00+00:00,-0.31527451614452684,-0.1581398158467764,0.023501294667900435,-0.026032427990244193,-0.1273275397749422,0.13306962331687844,-0.0888746487908581,0.026075307986481906,0.020640841845399122,-0.05817214735768705
2025-10-29 15:00:00+00:00,-0.31527451614452684,-0.14899439013493077,0.04165651882757191,-0.011784540657266319,-0.14470331380337081,0.16856359324095654,-0.0888746487908581,0.040107911076391264,0.03595449958629283,-0.032223214903383
2025-10-29 16:00:00+00:00,-0.3257726269543764,-0.1665871783377752,0.02435696215756504,-0.029144536737948697,-0.12943804548235197,0.14082621768006276,-0.0888746487908581,0.02683228106754779,0.021495028337567234,-0.05580926322325464
2025-10-29 17:00:00+00:00,-0.3257726269543764,-0.1826761018807747,0.007390934810325769,-0.046308132890604606,-0.11453999643220393,0.11355813832682621,-0.09340803738278779,0.007194777554546446,-0.006486310025036712,-0.08231292470811225
2025-10-29 18:00:00+00:00,-0.3257726269543764,-0.2052136730612544,-0.009262920829258666,-0.06328843904214554,-0.10701213996764061,0.079528784725589,-0.0888746487908581,0.0006746546792250758,-0.03388161698962713,-0.10153153710619607
2025-10-29 19:00:00+00:00,-0.3257726269543764,-0.21168977368123715,-0.025624324450957005,-0.07972512786083247,-0.0957648431802432,0.04653681659253897,-0.08431620022782081,-0.005797692939302915,-0.047098628837995586,-0.12042675135800103
2025-10-29 20:00:00+00:00,-0.33410039120578433,-0.22627739034553887,-0.03354753446222384,-0.10116223460192522,-0.09765962267744083,0.025649714713965852,-0.0964242414006147,-0.021229130631638816,-0.07416441909943806,-0.13505719743691427
2025-10-29 21:00:00+00:00,-0.33410039120578433,-0.2272920566243054,-0.041049442052899426,-0.10622309899919719,-0.09423486564571586,0.01050857332428022,-0.09826118996237757,-0.03307554869204104,-0.08408948312947977,-0.13869111681540888
2025-10-29 22:00:00+00:00,-0.33221653050304273,-0.2272920566243054,-0.04927946674936006,-0.10813341076970952,-0.08275585721805523,-0.007226541433913494,-0.09415843323745486,-0.03307554869204104,-0.0779459140953009,-0.14366761605490386
2025-10-29 23:00:00+00:00,-0.33221653050304273,-0.2272920566243054,-0.06748808955311589,-0.12034908667645465,-0.0663732858393338,-0.016189823128456075,-0.09149328742438188,-0.03307554869204104,-0.08932949491048332,-0.15153959826905836
2025-10-30 00:00:00+00:00,-0.322377715312474,-0.221629110386947,-0.07644046650454468,-0.1228603891956697,-0.05230426854004545,-0.022306746327071754,-0.09149328742438188,-0.03307554869204104,-0.09545531383349692,-0.16202578610996923
2025-10-30 01:00:00+00:00,-0.322377715312474,-0.2272920566243054,-0.08560662561937339,-0.1253956039160187,-0.037228571559885806,-0.03449969258446932,-0.08872649136448886,-0.03624092054964144,-0.09545531383349692,-0.17344936030201083
2025-10-30 02:00:00+00:00,-0.31857115114703494,-0.2272920566243054,-0.08543346256390288,-0.1257331844723847,-0.03801169123807247,-0.033636866141145194,-0.08872649136448886,-0.03624092054964144,-0.09586579941612844,-0.17495339444190103
2025-10-30 03:00:00+00:00,-0.31857115114703494,-0.2272920566243054,-0.08560662561937339,-0.12632598783478105,-0.03885511327207901,-0.03312229547056892,-0.08872649136448886,-0.03624092054964144,-0.09545531383349692,-0.17649711189038622
2025-10-30 04:00:00+00:00,-0.31857115114703494,-0.2257524426733071,-0.08580846402821839,-0.1269523168534286,-0.039704262609951926,-0.032264079156189694,-0.08903158462380674,-0.03630165143140191,-0.09545531383349692,-0.17815921767261048
2025-10-30 05:00:00+00:00,-0.31857115114703494,-0.2257524426733071,-0.08580846402821839,-0.12752260848058025,-0.04056710366983179,-0.031483494071472815,-0.0890069920620868,-0.03651109994013216,-0.09586579941612844,-0.1799504412747401
2025-10-30 06:00:00+00:00,-0.3202621474440568,-0.23148064731034193,-0.07569947628397625,-0.11953123971135123,-0.040498590888333734,-0.02278158329986754,-0.08478422475444494,-0.03378164151228192,-0.09324362813862852,-0.1820823590427665
2025-10-30 07:00:00+00:00,-0.3134236153216861,-0.2261676778811672,-0.06538000787158317,-0.10581281717757807,-0.049618202305842365,-0.0009141087488281388,-0.08478422475444494,-0.030091478547976072,-0.08548397429329621,-0.17015835315454358
2025-10-30 08:00:00+00:00,-0.3134236153216861,-0.22090699145140708,-0.05524215557949943,-0.0949207121285911,-0.05877337304293833,0.016814530140898856,-0.08478422475444494,-0.026427409033074768,-0.07787034158348619,-0.15374864572515776
2025-10-30 09:00:00+00:00,-0.3134236153216861,-0.21137172732128276,-0.03614736381774036,-0.08741022138258954,-0.06759196951599744,0.03803527925012943,-0.08478422475444494,-0.019225139946585205,-0.07039522741981578,-0.14225043970341528
2025-10-30 10:00:00+00:00,-0.3134236153216861,-0.20705136327277057,-0.02681334126516247,-0.07805133612664987,-0.0741301518930957,0.05272967810006226,-0.08478422475444494,-0.019225139946585205,-0.06366280848611712,-0.12636529264260865
2025-10-30 11:00:00+00:00,-0.32252548177981794,-0.19970518853342492,0.0006050396226368132,-0.0645480057635281,-0.08061755679310396,0.07720140021990013,-0.0779297217407418,-0.009631278124119923,-0.061142368388085074,-0.10641603878894573
2025-10-30 12:00:00+00:00,-0.32163983767010795,-0.20074547249126207,0.027662229602572252,-0.04673482512767168,-0.07880987232132668,0.10918506574832297,-0.07370376577418629,-0.010412873481748085,-0.04535755156778081,-0.08819791655999945
2025-10-30 13:00:00+00:00,-0.32163983767010795,-0.19253797493665603,0.04600883351939611,-0.019932592555861783,-0.07462462785971785,0.14734029935890972,-0.07370376577418629,0.0030062793818977293,-0.006703354203481967,-0.06121166904777226
2025-10-30 14:00:00+00:00,-0.32163983767010795,-0.19253797493665603,0.0641160620624929,0.006967767805028495,-0.07044940873741631,0.1874353503357102,-0.07370376577418629,0.01624098194570488,0.03027870731822166,-0.030175004391819575
2025-10-30 15:00:00+00:00,-0.33135241808266436,-0.18433144074852625,0.08199978200912096,0.029315367635053408,-0.07842685162327628,0.21659430097310078,-0.07370376577418629,0.02939708722762895,0.054584820203624464,-0.0030936011090824016
2025-10-30 16:00:00+00:00,-0.34399858091135477,-0.19930657480790548,0.06433962989992,0.012422088984498753,-0.07458771659850748,0.18674576292046147,-0.07370376577418629,0.010684995005106722,0.04314654900969192,-0.02878339846766085
2025-10-30 17:00:00+00:00,-0.35406846134637043,-0.21421723600091613,0.046906077679028074,-0.008565643372486099,-0.06723470387674446,0.15432733536971502,-0.08280782867680388,0.004447903248987124,0.031387418202555875,-0.05463205950082005
2025-10-30 18:00:00+00:00,-0.3613692537297837,-0.22729831173944423,0.046906077679028074,-0.016879083820008658,-0.06349953062477448,0.11486458621495974,-0.07832185276202877,-0.0017527655812069752,0.01978124393702761,-0.08017104109933788
2025-10-30 19:00:00+00:00,-0.36858668164211317,-0.23836956993811037,0.029684784668372124,-0.029104481037410406,-0.059808236689028904,0.07630473120354422,-0.07832185276202877,-0.014013592867639158,0.01978124393702761,-0.09792041230520232
2025-10-30 20:00:00+00:00,-0.37606681589336594,-0.25086249129552884,0.014387488426329139,-0.0418393366040049,-0.06316653565394424,0.046031037241824654,-0.08381267862140003,-0.027852584544270025,0.0015518429280619733,-0.1045919183021706
2025-10-30 21:00:00+00:00,-0.37606681589336594,-0.2519653461845708,-0.0017405772397127211,-0.04361361505459122,-0.05975871546606487,0.031235775658347124,-0.08570079449139546,-0.03341289892405505,-0.0038564630555805194,-0.1045919183021706
2025-10-30 22:00:00+00:00,-0.37606681589336594,-0.2519653461845708,-0.01814668509844718,-0.04361361505459122,-0.06143598921365321,0.01646295552154426,-0.08570079449139546,-0.03341289892405505,-0.020208131931307355,-0.10754308241205718
2025-10-30 23:00:00+00:00,-0.3690088124119596,-0.2519653461845708,-0.02672817484417545,-0.0477920004628449,-0.05743440377670279,0.004716696631522269,-0.08084753225370679,-0.03655480760096901,-0.020208131931307355,-0.11454386929536937
2025-10-31 00:00:00+00:00,-0.3690088124119596,-0.24747181855389036,-0.03557897100131668,-0.052139554337921654,-0.05743440377670279,-0.0074108937636018345,-0.07816067483606505,-0.0428750930002273,-0.03099760175021522,-0.12467957837936532
2025-10-31 01:00:00+00:00,-0.3788740219280563,-0.2430256306498829,-0.03557897100131668,-0.05431159556080286,-0.04387649818810547,-0.016851631382105284,-0.07816067483606505,-0.0491102140654824,-0.036526214454380805,-0.13125092570634908
2025-10-31 02:00:00+00:00,-0.3788740219280563,-0.24231177561011788,-0.0355333460307276,-0.054359293054242426,-0.04479435840181036,-0.01655733910188429,-0.07816067483606505,-0.04901527387841158,-0.036526214454380805,-0.1322192908601177
2025-10-31 03:00:00+00:00,-0.3788740219280563,-0.24161404543417608,-0.0355333460307276,-0.05441620519152023,-0.04503370807000572,-0.015961165064757726,-0.07798652474893811,-0.04901527387841158,-0.03624402500757144,-0.13332734563807982
2025-10-31 04:00:00+00:00,-0.3788740219280563,-0.2409320406130494,-0.0355333460307276,-0.054597236159108324,-0.04547447281608135,-0.015658973760030198,-0.07781614748505647,-0.048921194680294974,-0.03596305282735237,-0.13513454620002271
2025-10-31 05:00:00+00:00,-0.3788740219280563,-0.2409320406130494,-0.034753317962323754,-0.054597236159108324,-0.046216448967513125,-0.015130575072415787,-0.07780676729612768,-0.048611144071163674,-0.03624402500757144,-0.13628786113054742
2025-10-31 06:00:00+00:00,-0.37929848334940486,-0.23898628604411037,-0.037184610781510814,-0.04933303619725927,-0.04720790683753817,-0.009871193921212473,-0.07668275185691069,-0.043149868498501734,-0.03528767592357859,-0.14015577628864181
2025-10-31 07:00:00+00:00,-0.3742795519308378,-0.23270209349727028,-0.029908818223354967,-0.0395182683764204,-0.043872281530156945,-0.0012238688261621182,-0.07061001675219312,-0.03451016531314878,-0.02807197991812465,-0.1443138258888353
2025-10-31 08:00:00+00:00,-0.36782805526020856,-0.22825307908169554,-0.020303367875888975,-0.03715200448119817,-0.057216160917008485,0.013266658854558584,-0.07061001675219312,-0.031047084340685843,-0.01588143089667395,-0.14014000168631072
2025-10-31 09:00:00+00:00,-0.3742795519308378,-0.2238364903107674,-0.010783434057445805,-0.03488090010627269,-0.06587527473256577,0.020603844077395857,-0.07327855635384332,-0.02768718249235811,-0.009766842778945519,-0.13408764284791036
2025-10-31 10:00:00+00:00,-0.3742795519308378,-0.2275026559686487,-0.001342595846098636,-0.03488090010627269,-0.07009720983604693,0.03220065816150411,-0.07575169762806719,-0.021278710030088684,-0.0037464616352970107,-0.13045821891026185
2025-10-31 11:00:00+00:00,-0.38225594521184064,-0.22492178124784087,0.014032645565927936,-0.038432349893984905,-0.06727449685284691,0.04007674626224072,-0.07882163951197636,-0.022846376443619334,0.014536184969801615,-0.13307658400919273
2025-10-31 12:00:00+00:00,-0.3959014085676528,-0.22238745158163947,0.02896839574883434,-0.03556166836539792,-0.06456624034831814,0.047837628267977945,-0.08182265871297319,-0.021282279107870936,0.02640083102935037,-0.1318378957207214
2025-10-31 13:00:00+00:00,-0.3871702919887999,-0.20880604522071014,0.04665948684265554,-0.02264566067832495,-0.07277657124153851,0.062169097034728005,-0.08655568981807729,-0.027612464946622665,0.04934621841035064,-0.12792872116343787
2025-10-31 14:00:00+00:00,-0.3871702919887999,-0.20880604522071014,0.06424270399053769,-0.009792721385534515,-0.08119454594754201,0.08405167503292525,-0.09129049632204697,-0.027612464946622665,0.06055544357307372,-0.12792872116343787
2025-10-31 15:00:00+00:00,-0.3871702919887999,-0.20164458136273783,0.0817281310938129,0.007269641893548709,-0.08119454594754201,0.1061380102025032,-0.0960272440591671,-0.014913951221333854,0.08335980806807701,-0.12019678080893842
2025-10-31 16:00:00+00:00,-0.3871702919887999,-0.20164458136273783,0.06444603846362318,-0.005091986477002695,-0.07741560551490378,0.09271185781211326,-0.0960272440591671,-0.014913951221333854,0.060249758259078995,-0.12019678080893842
2025-10-31 17:00:00+00:00,-0.3775439757398756,-0.20164458136273783,0.029625895492131172,-0.01328989467971648,-0.07370014364159172,0.07860090260611231,-0.10031080121971378,-0.026942406859205903,0.037905793665783775,-0.12019678080893842
2025-10-31 18:00:00+00:00,-0.3775439757398756,-0.21391269978073313,-0.020189397525237317,-0.021352961963012583,-0.07733639106088812,0.057171848193121766,-0.10031080121971378,-0.03880628782692375,0.016258072457322872,-0.12852912160092456
2025-10-31 19:00:00+00:00,-0.3706125703033206,-0.23501091547770633,-0.06600270136603092,-0.029308621824197082,-0.07377621206854384,0.03596444733973455,-0.10031080121971378,-0.050513463621091735,0.005696589107632725,-0.13658181592043958
2025-10-31 20:00:00+00:00,-0.3612993949262837,-0.23623944114181733,-0.08867993722892403,-0.029059703741793067,-0.05849384474099151,0.02194501329756352,-0.09676661213194387,-0.05518229818886663,-0.010209181543182493,-0.13613561023169524
2025-10-31 21:00:00+00:00,-0.3516390824280425,-0.23785534762671776,-0.09577871725361192,-0.03476278726640147,-0.04809994082465664,0.004193611570836172,-0.0932638990247611,-0.05722176107211089,-0.010449096336665614,-0.1261501773502277
2025-10-31 22:00:00+00:00,-0.3516390824280425,-0.23999000239527798,-0.11163954249068994,-0.04262065908872348,-0.04809994082465664,-0.002896279739736274,-0.09541500897786317,-0.06024098750951583,-0.021091289743379968,-0.12959616986816963
2025-10-31 23:00:00+00:00,-0.34441005750042775,-0.24345463475694878,-0.1189212534229443,-0.04916934213275752,-0.03739483069473641,-0.010158766480897948,-0.09288487863100846,-0.06708218855036502,-0.03175438057682777,-0.13181775464013795
2025-11-01 00:00:00+00:00,-0.34441005750042775,-0.2560710461957196,-0.13541771500654004,-0.05802546780186467,-0.049812854356510575,-0.017761256433094213,-0.09288487863100846,-0.08451993863679198,-0.043088693032339226,-0.13704818644827169
2025-11-01 01:00:00+00:00,-0.34441005750042775,-0.2690654721260654,-0.14284790467365058,-0.06714349958048346,-0.053904218762937,-0.021733398729155563,-0.0901276542943631,-0.09155936548573547,-0.04871639244112814,-0.14533602628579537
2025-11-01 02:00:00+00:00,-0.34020053640102393,-0.2721635154635721,-0.14276489539997267,-0.06796836867658629,-0.05402276154419042,-0.021881905273994355,-0.08957638544010714,-0.09227714483527354,-0.04884872079780357,-0.14843865822451885
2025-11-01 03:00:00+00:00,-0.34020053640102393,-0.27544242287005416,-0.14261784499236616,-0.06886329006966357,-0.05416280325571011,-0.022282883316952776,-0.08926998830745927,-0.09302724856230647,-0.04884872079780357,-0.15008065950498597
2025-11-01 04:00:00+00:00,-0.34020053640102393,-0.2789170989612966,-0.1405956448512183,-0.06982305578004402,-0.05413726620560984,-0.022452207998530132,-0.08926998830745927,-0.09380828247463728,-0.048986528572779735,-0.15178826161071446
2025-11-01 05:00:00+00:00,-0.33862918825370425,-0.28260428225199585,-0.13870720251853105,-0.070260039034269,-0.05413726620560984,-0.02253705956834447,-0.08926998830745927,-0.09382291393799962,-0.049434627497873966,-0.15256989034740615
2025-11-01 06:00:00+00:00,-0.3380643072714675,-0.28260428225199585,-0.13888576538338254,-0.06955221049827215,-0.05324750135873881,-0.02253705956834447,-0.08943452113566326,-0.09236668981063847,-0.049596201804477616,-0.1533661788583319
2025-11-01 07:00:00+00:00,-0.3444598654436086,-0.2784900040556678,-0.1225634318245292,-0.05751130458482091,-0.046417275079925636,-0.014424697762534225,-0.08943452113566326,-0.08135660641889185,-0.03812031621704841,-0.15728286272006972
2025-11-01 08:00:00+00:00,-0.3509137405230584,-0.2694708864219348,-0.09691978190434161,-0.04823197854068637,-0.04201725025171095,-0.006288022458032633,-0.08943452113566326,-0.06682449893834762,-0.02659538352731168,-0.16588518500616672
2025-11-01 09:00:00+00:00,-0.3509137405230584,-0.26060646498884943,-0.08183294648159764,-0.03910324668874507,-0.03994328722796138,-0.006288022458032633,-0.08943452113566326,-0.06010288273917295,-0.020897936342992002,-0.16974324411124445
2025-11-01 10:00:00+00:00,-0.3509137405230584,-0.25743197029659187,-0.06873066709833635,-0.030542036642190254,-0.04388201343973986,-0.006288022458032633,-0.08710397035855094,-0.05398914261611082,-0.015137347134176676,-0.1713398283214648
2025-11-01 11:00:00+00:00,-0.35632505441759454,-0.24817265965768778,-0.05702397303946263,-0.018687842085382822,-0.052561396594242436,-0.0014133275107076435,-0.08890532059383265,-0.04831838856428832,-0.002341865386233862,-0.16806778875523473
2025-11-01 12:00:00+00:00,-0.36191861211063264,-0.23872055498078548,-0.04500214479433888,-0.010968173998241635,-0.0635885159544493,0.003521367023122348,-0.09319941029587302,-0.03917313540210133,-0.00117819279660649,-0.16896069414506715
2025-11-01 13:00:00+00:00,-0.37134668897449413,-0.2242652748006795,-0.030323678596901233,-0.010968173998241635,-0.07644930051294042,-0.00472665184803279,-0.09790631113432556,-0.03266796641483623,0.010772942075681396,-0.18569696214065626
2025-11-01 14:00:00+00:00,-0.392841897113516,-0.21670279663201328,-0.04500214479433888,-0.010968173998241635,-0.0892581742111622,-0.01292784488775134,-0.10275034449542918,-0.03266796641483623,0.022665859849489118,-0.2031902850450914
2025-11-01 15:00:00+00:00,-0.40506100481739876,-0.20916685052285758,-0.04500214479433888,0.00250299238838454,-0.09355955532328125,-0.01292784488775134,-0.10760986201645242,-0.02618201221040284,0.034797536230533554,-0.21140621431906725
2025-11-01 16:00:00+00:00,-0.3956261264605196,-0.2158912666954692,-0.04500214479433888,-0.0018405183519327698,-0.09355955532328125,-0.01292784488775134,-0.09892571033676247,-0.032286616981957776,0.02314480911977313,-0.19766210445056662
2025-11-01 17:00:00+00:00,-0.38615957751447577,-0.23001995361039967,-0.05867523793836059,-0.010491338421623258,-0.0861128491773829,-0.020932315327405155,-0.09462094279359858,-0.05599801166266282,0.0,-0.18403735041049163
2025-11-01 18:00:00+00:00,-0.38615957751447577,-0.23001995361039967,-0.08423447408267135,-0.027618842596289463,-0.0861128491773829,-0.02886662680761323,-0.09462094279359858,-0.08999833315210148,-0.02295025697892024,-0.17563730288919882
2025-11-01 19:00:00+00:00,-0.38332110952999915,-0.23067560443358412,-0.09368732340869675,-0.0350729902274096,-0.07615969201358773,-0.02190781245807514,-0.08899328905261289,-0.10254445109613831,-0.04743170946298166,-0.17658745985327093
2025-11-01 20:00:00+00:00,-0.37495193411141264,-0.22530469713999782,-0.10309659664474409,-0.038358583936920404,-0.06947321829025434,-0.01879587878704316,-0.08526777113292613,-0.11119408721318104,-0.06719601752371838,-0.17713701826714784
2025-11-01 21:00:00+00:00,-0.366506161335486,-0.2218337542152179,-0.11249666906105041,-0.03129321058761301,-0.06890973034201926,-0.023837737468880415,-0.0772053914173255,-0.11200273739575951,-0.0876341373155621,-0.17508020763618176
2025-11-01 22:00:00+00:00,-0.366506161335486,-0.22444786301973954,-0.12490390260712256,-0.04191053726207147,-0.0726954171674939,-0.023837737468880415,-0.07943263264441261,-0.1246514473825981,-0.0876341373155621,-0.17859731457962652
2025-11-01 23:00:00+00:00,-0.366506161335486,-0.23171454499497451,-0.1317434389390951,-0.05364395612733332,-0.07843583776646577,-0.028006589813430405,-0.08782573994379718,-0.1431860973283531,-0.10179859948165247,-0.18735766710413387
2025-11-02 00:00:00+00:00,-0.366506161335486,-0.24606492523050294,-0.14709572882042185,-0.0635259985372538,-0.0808229016615913,-0.036878568695393805,-0.09345841955571026,-0.16029117362780107,-0.10179859948165247,-0.1987023407519554
2025-11-02 01:00:00+00:00,-0.366506161335486,-0.2609894396872866,-0.1722061809746007,-0.07572886633207128,-0.0921493818545198,-0.04571249645732885,-0.09625219969137,-0.1670996914860258,-0.1227959019394078,-0.20453730118883734
2025-11-02 02:00:00+00:00,-0.366506161335486,-0.2653008280708975,-0.16875649403652526,-0.07716955775376656,-0.0927294507409481,-0.04668295534209369,-0.0966295452075278,-0.16692252098015709,-0.12355374113723003,-0.206161262262423
2025-11-02 03:00:00+00:00,-0.366506161335486,-0.26990957927773085,-0.1656125821085246,-0.07875026288243703,-0.09430887940556501,-0.047161469592840566,-0.0966295452075278,-0.16683101161027436,-0.12454480063100927,-0.20710700219504702
2025-11-02 04:00:00+00:00,-0.366506161335486,-0.27484799919591735,-0.16521805282072244,-0.08049107138338972,-0.09447366824058012,-0.04752112576574483,-0.09822601636367866,-0.1637819530178016,-0.1255720477269959,-0.2080681761954923
2025-11-02 05:00:00+00:00,-0.366506161335486,-0.27732535034366446,-0.16243583611073903,-0.08184586772476923,-0.09412980936834164,-0.04766575280505395,-0.09900114739237913,-0.15775581517800194,-0.12540180925306518,-0.2097970026665138
2025-11-02 06:00:00+00:00,-0.3655889963323425,-0.2736042738052391,-0.15428400653558838,-0.0791891793054555,-0.08876952042400538,-0.041861379505592114,-0.09742350651048512,-0.1505629468362874,-0.1228433246801941,-0.20425757483979606
2025-11-02 07:00:00+00:00,-0.37245958061201234,-0.2642372990716456,-0.13365741399246983,-0.0708682036903157,-0.08141875527012608,-0.041861379505592114,-0.09446745423247044,-0.12265813941282991,-0.10860727705270495,-0.21647683528981987
2025-11-02 08:00:00+00:00,-0.37940332781049907,-0.2550023332686371,-0.10900134776993936,-0.06273290207704958,-0.06953886053252929,-0.03253884278594045,-0.09153993429670573,-0.09969665248255084,-0.0891362584149654,-0.22467917734514484
2025-11-02 09:00:00+00:00,-0.38642278690227194,-0.24589290299064318,-0.10240894030724162,-0.0549983465158051,-0.06523290880536611,-0.03253884278594045,-0.09153993429670573,-0.08242892422299072,-0.08346442126263263,-0.22995089031595245
2025-11-02 10:00:00+00:00,-0.38642278690227194,-0.24181200150693252,-0.09017668376227185,-0.03579635105718588,-0.06337195727030899,-0.03253884278594045,-0.08638557141307818,-0.06890138423888979,-0.07770006069435248,-0.22995089031595245
2025-11-02 11:00:00+00:00,-0.3887966455978791,-0.23789076704093973,-0.07195245903704522,-0.018180530645345874,-0.05296916065504906,-0.026563674522876408,-0.08303041912950862,-0.04623480122357934,-0.05586045025439245,-0.22774840846904526
2025-11-02 12:00:00+00:00,-0.39123257628593655,-0.23388390750417234,-0.06543487061790941,-0.0024185158920234768,-0.05499975044353949,-0.020445988129577656,-0.0769009927361974,-0.03435104798720522,-0.0461700176916131,-0.2300712496619443
2025-11-02 13:00:00+00:00,-0.39123257628593655,-0.2257922647122994,-0.05280950015481027,0.012775547495728765,-0.050664861091855314,-0.02963567477223876,-0.07171247768415553,-0.015083484292708303,-0.0461700176916131,-0.23520188701017408
2025-11-02 14:00:00+00:00,-0.39123257628593655,-0.21771450011583335,-0.05280950015481027,0.027814188514868294,-0.04634178324970834,-0.02963567477223876,-0.06653861131206724,0.00018671007721638772,-0.060188769535099815,-0.2403588198529913
2025-11-02 15:00:00+00:00,-0.39123257628593655,-0.20964986794321663,-0.04062378904100109,0.03284012782628366,-0.05051199354320609,-0.020542265485734734,-0.06137912032401116,0.011570115721130666,-0.046638760853203565,-0.24985249072993013
2025-11-02 16:00:00+00:00,-0.36880695774882294,-0.21728615910902266,-0.05248546277364093,0.018222198140319435,-0.05460686119654223,-0.020542265485734734,-0.06137912032401116,0.0005582545284411545,-0.046638760853203565,-0.24985249072993013
2025-11-02 17:00:00+00:00,-0.3589633844308286,-0.22492347939654111,-0.0642705084313175,0.013335817659737879,-0.05864106913558041,-0.020542265485734734,-0.06610701849948754,-0.014006659523183142,-0.03388448797218059,-0.24985249072993013
2025-11-02 18:00:00+00:00,-0.3417342230929303,-0.23174553155255936,-0.0759825531206485,0.0036055156970675926,-0.07047634973366368,-0.020542265485734734,-0.06610701849948754,-0.028423498394885977,-0.046638760853203565,-0.25971861174510913
2025-11-02 19:00:00+00:00,-0.32413123651713066,-0.2444232459292762,-0.08762510398695508,-0.006036629378426511,-0.0858604434802808,-0.020542265485734734,-0.07071075146031126,-0.042568814831816106,-0.03388448797218059,-0.276152206983344
2025-11-02 20:00:00+00:00,-0.3164586612861651,-0.2502565647607783,-0.12216921067450975,-0.015593702507441905,-0.10838077706136186,-0.038141330216173906,-0.07071075146031126,-0.053096563664168574,-0.03388448797218059,-0.29013551194657183
2025-11-02 21:00:00+00:00,-0.3042865036812509,-0.24790425766739108,-0.14201461223171477,-0.011660372736367159,-0.1213672951826828,-0.048691476543156816,-0.06272891258540803,-0.059116948655986865,-0.05012743156785917,-0.28687925479182524
2025-11-02 22:00:00+00:00,-0.29976167734592746,-0.250769389472109,-0.14201461223171477,-0.016396335396747324,-0.12463933759262762,-0.048691476543156816,-0.06272891258540803,-0.06649941657117339,-0.06388137903695824,-0.2890311667443721
2025-11-02 23:00:00+00:00,-0.30686088545630574,-0.250769389472109,-0.14873590040600998,-0.01884812077793734,-0.1343963091091505,-0.05770075778235161,-0.06829518826664685,-0.07807672258379386,-0.07797010276547758,-0.29433535629304575
2025-11-03 00:00:00+00:00,-0.30686088545630574,-0.250769389472109,-0.1555489058787275,-0.023911932064288488,-0.13215599881838877,-0.0674246501782892,-0.06544973743329349,-0.09172049316734594,-0.08561327639715598,-0.29977002454850193
2025-11-03 01:00:00+00:00,-0.30686088545630574,-0.250769389472109,-0.16245761330693978,-0.02651154539636869,-0.12765347352578463,-0.07257108627313798,-0.06819697357377141,-0.1029610742047928,-0.09345278270907174,-0.3026539493376304
2025-11-03 02:00:00+00:00,-0.30686088545630574,-0.2531714027413127,-0.16328132474432108,-0.02664912395814837,-0.12664208257664927,-0.0731509921266892,-0.06844335515799498,-0.10372101190807831,-0.09345278270907174,-0.3035427009557705
2025-11-03 03:00:00+00:00,-0.30686088545630574,-0.2531714027413127,-0.16650239485338894,-0.026793480788114245,-0.1261884171636484,-0.07338210559491493,-0.06844335515799498,-0.10445021299144526,-0.09653964478894697,-0.3041595208117818
2025-11-03 04:00:00+00:00,-0.30686088545630574,-0.250769389472109,-0.16744162244396335,-0.026945017008255315,-0.12582218950827243,-0.0736202194238338,-0.06869425011577043,-0.10453674947986978,-0.09653964478894697,-0.3047829072720252
2025-11-03 05:00:00+00:00,-0.30686088545630574,-0.2523200224485809,-0.16841380467911551,-0.02700313066511903,-0.1253430420760101,-0.07349140605202982,-0.06885612219910846,-0.10416686226830471,-0.0964495173263292,-0.3054129535109432
2025-11-03 06:00:00+00:00,-0.3119533063179514,-0.24521835921924542,-0.16841380467911551,-0.024281788707215674,-0.12871162248039003,-0.0634877815596992,-0.06078821757579714,-0.09411383957208044,-0.08908210125923686,-0.2995058764096794
2025-11-03 07:00:00+00:00,-0.3197216226506167,-0.23649709565686433,-0.16145625334625693,-0.021577107726662288,-0.13337928219435793,-0.05838390726813671,-0.055203976493223124,-0.08789663798911215,-0.07523989437849617,-0.2903458367030593
2025-11-03 08:00:00+00:00,-0.3197216226506167,-0.231782215391403,-0.14634212740549574,-0.018888764260112375,-0.1350149310685625,-0.048103674588359305,-0.052403780510785904,-0.08173395745104528,-0.061022104657287704,-0.2841074144499851
2025-11-03 09:00:00+00:00,-0.3197216226506167,-0.22710734721230827,-0.13958517499568782,-0.01357983246112725,-0.13965026066429453,-0.038491637018811836,-0.04969818252594033,-0.07371735192736327,-0.053412312934274384,-0.2814116638195211
2025-11-03 10:00:00+00:00,-0.3197216226506167,-0.22320710336669633,-0.12732536077023862,-0.008390806809965132,-0.14175199656215848,-0.028971576237674008,-0.044393224037776305,-0.06443210856702565,-0.046383994847059414,-0.2748914189501261
2025-11-03 11:00:00+00:00,-0.3197216226506167,-0.21549160328039357,-0.09092690507331422,0.007208939053751174,-0.14782315960706055,-0.010450128473849768,-0.029108214811342563,-0.04547864352584073,-0.015320113928795143,-0.266346370415266
2025-11-03 12:00:00+00:00,-0.30846965932502823,-0.20778035127734654,-0.07770719603034294,0.02275879581866979,-0.16061079297058958,0.0078471079195433,-0.00890276314035157,-0.026067063568582967,-0.015320113928795143,-0.25738081873967017
2025-11-03 13:00:00+00:00,-0.3197216226506167,-0.20007271190678166,-0.03834614950340492,0.03301013023227388,-0.1741761844768432,0.025454162448083656,0.001178964520610821,-0.010568419947648889,-0.015320113928795143,-0.24805057754358267
2025-11-03 14:00:00+00:00,-0.3197216226506167,-0.18405620429369346,-0.012206770962796019,0.043181498784461446,-0.18053976035543753,0.04235184131928985,0.011194731367527494,0.000998883549351177,0.0,-0.23395748026521024
2025-11-03 15:00:00+00:00,-0.3158241824634718,-0.16099060598071177,-0.014320815843556867,0.05617836489412764,-0.19307324617959676,0.056141549953875,0.023766208113450593,0.010133653780452037,0.017434314242638242,-0.214927526643282
2025-11-03 16:00:00+00:00,-0.3052963526616681,-0.17543061446719302,-0.03875395212610887,0.046030550503330096,-0.18638149204615195,0.03889415500897951,0.009151113161156424,-0.0010659230935999421,0.017434314242638242,-0.22145001034814946
2025-11-03 17:00:00+00:00,-0.2946933956298128,-0.1823335485161909,-0.06266425996640504,0.030891075942538915,-0.17993073680874566,0.030478810311488493,0.004317191726667825,-0.008530536058482287,0.017434314242638242,-0.22459675695505943
2025-11-03 18:00:00+00:00,-0.2865362880948905,-0.1823335485161909,-0.08609700710537797,0.015986927105478478,-0.17042209056310395,0.01366095998294736,-0.005255611071371261,-0.02340138091316828,0.0026921803058500443,-0.23065457638400674
2025-11-03 19:00:00+00:00,-0.27822428229317686,-0.18859645108976725,-0.10909330951857835,0.006166705438116585,-0.16091087474475976,-0.0025497990218863527,-0.019377664042643298,-0.038203759351490035,-0.1228909153082452,-0.2366506206353461
2025-11-03 20:00:00+00:00,-0.27822428229317686,-0.18859645108976725,-0.1446295971365981,0.006166705438116585,-0.14840294347432167,-0.025981041043953705,-0.037299601622275975,-0.049204123854231334,-0.15328816447507446,-0.24258698055946962
2025-11-03 21:00:00+00:00,-0.27822428229317686,-0.1905016156978297,-0.15047319934823603,0.0013393839673913979,-0.15106309291159736,-0.03653865846253012,-0.04341812218571215,-0.05281960449035067,-0.1550733341088656,-0.24474749703052423
2025-11-03 22:00:00+00:00,-0.2735578349948043,-0.19606388314497367,-0.1635503719317668,-0.003457387799936489,-0.15280199883933332,-0.04006758677852466,-0.047792896795688856,-0.05858591106395737,-0.16133769976955745,-0.2468973241057461
2025-11-03 23:00:00+00:00,-0.2735578349948043,-0.2040636053949963,-0.1768973534274078,-0.005884076499206442,-0.15069995813290396,-0.04780246214857804,-0.0502454277234153,-0.07046947691983885,-0.16133769976955745,-0.25157493751129334
2025-11-04 00:00:00+00:00,-0.2735578349948043,-0.21487116509626727,-0.1844828665343517,-0.010852252974867057,-0.14645901520072024,-0.05601068203479108,-0.04773548731525805,-0.0849949076908323,-0.1653708716247576,-0.2535302746696655
2025-11-04 01:00:00+00:00,-0.2797906351699489,-0.22688308508619195,-0.19579636993158006,-0.025677466361059467,-0.15249877409504967,-0.05913913253805469,-0.059558244350347234,-0.0945800227264427,-0.17015828552675488,-0.25851163620809603
2025-11-04 02:00:00+00:00,-0.28343912063356325,-0.2284912122066719,-0.19935985297030354,-0.02586061096817797,-0.1533954068297731,-0.05913913253805469,-0.059795197768573956,-0.09578214250027807,-0.1704780377146267,-0.25940145866886977
2025-11-04 03:00:00+00:00,-0.28343912063356325,-0.23014140143742942,-0.2012187034179758,-0.02586061096817797,-0.15412729461792096,-0.05937204764900445,-0.060035935818438156,-0.09651018527024502,-0.17055736859630108,-0.2597488725488185
2025-11-04 04:00:00+00:00,-0.2797906351699489,-0.23438934748954474,-0.20314890521738171,-0.02596980117549947,-0.15412729461792096,-0.059399617345247416,-0.060453216065292116,-0.09783611663284296,-0.17080460566967082,-0.2600995050712671
2025-11-04 05:00:00+00:00,-0.2797906351699489,-0.23619585302799406,-0.2051546859099958,-0.02596980117549947,-0.1539427307630041,-0.05925106717685767,-0.06047583020328895,-0.0986774051179491,-0.17081970902842908,-0.26045338849454913
2025-11-04 06:00:00+00:00,-0.2851615664982187,-0.23115331882297255,-0.19866834059858732,-0.02596980117549947,-0.1539427307630041,-0.04663456696427572,-0.055505753981778615,-0.09068825914806275,-0.16441602375559486,-0.25317226034122137
2025-11-04 07:00:00+00:00,-0.2932194707251633,-0.22653210833221293,-0.192191949720461,-0.02596980117549947,-0.1539427307630041,-0.042388356607914256,-0.05300713110721014,-0.08668149820319952,-0.15757549660403794,-0.23883095364548873
2025-11-04 08:00:00+00:00,-0.2932194707251633,-0.2219443722259912,-0.17751938026153646,-0.02596980117549947,-0.14846362748259836,-0.03011053809720495,-0.045440261952255645,-0.0783355231142356,-0.15320009937983337,-0.2310254397774691
2025-11-04 09:00:00+00:00,-0.30140494897204223,-0.21738926292113303,-0.16315508249014732,-0.023367068977458234,-0.14354429855503867,-0.02234593590477639,-0.03820271158815334,-0.07431609974579172,-0.14884341265221462,-0.2218985511385661
2025-11-04 10:00:00+00:00,-0.30140494897204223,-0.21362775847253246,-0.15195219141566413,-0.025891614030794888,-0.14501162564320952,-0.011232155376908411,-0.03356678093299783,-0.06677238761168397,-0.14478411616209683,-0.21772950516948897
2025-11-04 11:00:00+00:00,-0.28957832672964867,-0.2059218227501181,-0.15195219141566413,-0.025891614030794888,-0.13531849774299837,0.01050625216653989,-0.024439045637211273,-0.06274960414455147,-0.1407762901457556,-0.20998343995114704
2025-11-04 12:00:00+00:00,-0.28957832672964867,-0.18274517985947042,-0.13905863720464487,-0.025891614030794888,-0.12863868470061599,0.017566566888546253,-0.015348058360837746,-0.050571992381777425,-0.13236152225792613,-0.19822203816794717
2025-11-04 13:00:00+00:00,-0.30140494897204223,-0.1666335413638868,-0.11211925807013386,-0.015592086247468181,-0.12184756469775267,0.03129265101024479,-0.006292435809950248,-0.050571992381777425,-0.12373697859583556,-0.18617053598122563
2025-11-04 14:00:00+00:00,-0.30140494897204223,-0.14335308374484146,-0.08559904588148162,-0.010461114036344046,-0.1116523139131284,0.05125414424525019,0.007215099716329596,-0.050571992381777425,-0.11517434782098956,-0.17810516795253553
2025-11-04 15:00:00+00:00,-0.2856955710719439,-0.12149434911456936,-0.06988102535940544,-0.010035895476986313,-0.09052078943582921,0.08705437386068231,0.026444936391954423,-0.04774935005835226,-0.10849945866669045,-0.16249989118459726
2025-11-04 16:00:00+00:00,-0.2856955710719439,-0.12903873156251697,-0.09469293155370899,-0.010035895476986313,-0.1054717722788301,0.06619656282333533,0.01316656296871203,-0.04774935005835226,-0.12049326479327692,-0.1718896021042763
2025-11-04 17:00:00+00:00,-0.2856955710719439,-0.1365536862570466,-0.11923624258380296,-0.010035895476986313,-0.1195886385471985,0.045482809988221067,0.004362002613015958,-0.056154584958262935,-0.13210794105663834,-0.18117798113089148
2025-11-04 18:00:00+00:00,-0.27732971573698173,-0.1365536862570466,-0.1577906381012379,-0.020005525205575463,-0.12536027811540057,0.0320244264462589,-0.012930653108113421,-0.06459258086443422,-0.13994697014560528,-0.1899739259497225
2025-11-04 19:00:00+00:00,-0.25736660010046214,-0.1365536862570466,-0.18209797118791543,-0.020005525205575463,-0.13095875925917663,0.018949728622880555,-0.025596491632637313,-0.07291465711064253,-0.1555842019127114,-0.19865106132050073
2025-11-04 20:00:00+00:00,-0.24474333746627575,-0.1318487448570842,-0.20279570357535898,-0.014828046716594852,-0.13709109932607122,0.01845132153161251,-0.030406806643134787,-0.079540753938575,-0.1594162823474473,-0.20041877311414122
2025-11-04 21:00:00+00:00,-0.24474333746627575,-0.12912104326057453,-0.2143887020719136,-0.012319643149964537,-0.1397240439409454,0.008821675981883366,-0.034412473801665844,-0.08169192227947365,-0.16328822083223057,-0.20631485504959643
2025-11-04 22:00:00+00:00,-0.24474333746627575,-0.12912104326057453,-0.22595608356969812,-0.012319643149964537,-0.13261039486552395,0.0025765652532613696,-0.03648728678807918,-0.08871065064869452,-0.16328822083223057,-0.2107065443478728
2025-11-04 23:00:00+00:00,-0.25236055093590154,-0.13326604837119907,-0.23483845375517667,-0.012319643149964537,-0.13751400346480144,-0.0005109505835949152,-0.040917079454939914,-0.10122410959157109,-0.1698058533668739,-0.21367606214304827
2025-11-05 00:00:00+00:00,-0.25236055093590154,-0.13326604837119907,-0.24398130420045122,-0.014961117569932339,-0.13417209429318402,-0.0036075048567683924,-0.04558478373878957,-0.113646510118537,-0.17182706745544035,-0.21367606214304827
2025-11-05 01:00:00+00:00,-0.2586517008714398,-0.14628939532481805,-0.25917017585918806,-0.027856513605034466,-0.1435758042670061,-0.010397624401906825,-0.055415427506742686,-0.12395194162196019,-0.1753855986535868,-0.2211354545464042
2025-11-05 02:00:00+00:00,-0.2586517008714398,-0.14766277635994973,-0.26351846628478004,-0.027627028095387834,-0.1443033527337384,-0.010556385189677107,-0.055415427506742686,-0.12449431338529236,-0.17594873804301334,-0.22196793265597137
2025-11-05 03:00:00+00:00,-0.2586517008714398,-0.14907773736376123,-0.2671294896962585,-0.027856513605034466,-0.1453029047103353,-0.01062487542890442,-0.05605394873395437,-0.1264455068273907,-0.17618617895003355,-0.22253119245587077
2025-11-05 04:00:00+00:00,-0.2586517008714398,-0.1505363848810834,-0.27201295963364447,-0.028047073414050088,-0.1466277098854282,-0.01083303970730527,-0.05671480696387769,-0.12774827907178532,-0.17639117210954144,-0.2231029464819375
2025-11-05 05:00:00+00:00,-0.2586517008714398,-0.15297978997926992,-0.27315134718725437,-0.028047073414050088,-0.14679926983029268,-0.010967091712182669,-0.057206370586312595,-0.12863023275941995,-0.17701803779638656,-0.2241925552898838
2025-11-05 06:00:00+00:00,-0.2586517008714398,-0.14916687329174974,-0.27045262387105673,-0.028047073414050088,-0.14039289183606843,0.0012229326813459928,-0.05056503693010092,-0.12449757143016747,-0.17105332572267576,-0.21427756416957688
2025-11-05 07:00:00+00:00,-0.2586517008714398,-0.14476495351540195,-0.25643003300364164,-0.028047073414050088,-0.13529478760757568,0.010099363609005828,-0.043681811941770475,-0.12005375325491618,-0.16692237207125804,-0.19778838003623853
2025-11-05 08:00:00+00:00,-0.2586517008714398,-0.1354991010815454,-0.23201902243680045,-0.030620868083104352,-0.1306638391361737,0.015851103567905228,-0.036936547937490655,-0.11561032947367039,-0.1628032926787326,-0.18442602811193246
2025-11-05 09:00:00+00:00,-0.2586517008714398,-0.1264073867919778,-0.21858220995960687,-0.025517964377268255,-0.12778903650233153,0.030158033925088534,-0.03041780100104091,-0.11143890042092394,-0.16082486222421083,-0.1735660030303914
2025-11-05 10:00:00+00:00,-0.2586517008714398,-0.11504566101564477,-0.21300073343417486,-0.020612135362583273,-0.1291239810582978,0.044604604846901943,-0.024131305824269582,-0.10573444094087366,-0.1589993350716781,-0.16408179086450841
2025-11-05 11:00:00+00:00,-0.24632797430421718,-0.09878620375408925,-0.18630812110740186,-0.005115058423520264,-0.12309515938007753,0.06765875621647736,-0.01143089531505166,-0.09289160694372554,-0.15498849448650595,-0.14542452421068655
2025-11-05 12:00:00+00:00,-0.22385244212477773,-0.08253115111169074,-0.15972570805947245,0.005396745099950201,-0.11379155221421355,0.0957560380203794,0.0012827338738056096,-0.08407842922790612,-0.14682669772920987,-0.12616426070725373
2025-11-05 13:00:00+00:00,-0.22385244212477773,-0.06627415442092009,-0.11818428012877921,0.00013260305999725067,-0.09840939815000296,0.12219190295571,0.014012652342822767,-0.07081147809537974,-0.13868057024312208,-0.0999729711860066
2025-11-05 14:00:00+00:00,-0.22385244212477773,-0.05825713493731348,-0.0779854923205432,0.005387947965596987,-0.08612123692761382,0.14775893380799643,0.03095078403809202,-0.061726668979607595,-0.13054928382182715,-0.07399173890540213
2025-11-05 15:00:00+00:00,-0.23983705650703302,-0.037809308947349296,-0.06501295130144898,0.005374969693295695,-0.0732005401264982,0.16081758011057712,0.05202032401781135,-0.05974041566307859,-0.12459920348324371,-0.0549596013931579
2025-11-05 16:00:00+00:00,-0.23983705650703302,-0.0461726141901112,-0.09115710384620333,0.010676062154648829,-0.08478503491113598,0.13179639185147193,0.03473445204349681,-0.06481490674664227,-0.13240031582866876,-0.07768768701692086
2025-11-05 17:00:00+00:00,-0.2517968127898974,-0.07067126411995651,-0.11513525662062823,0.005366236526197194,-0.0933417821984907,0.1085579589365549,0.026103483632222278,-0.06974044363927713,-0.14016821300633156,-0.10342938929248023
2025-11-05 18:00:00+00:00,-0.2517968127898974,-0.07848717217384504,-0.13835012181445983,0.01069346618813597,-0.09886215047253058,0.08519764069579001,0.017550891961226327,-0.07952112001017157,-0.14410800444146066,-0.12509481141286904
2025-11-05 19:00:00+00:00,-0.2517968127898974,-0.07848717217384504,-0.13835012181445983,0.01069346618813597,-0.12554600416547013,0.06259064197690524,0.004856276125764813,-0.08447816826295002,-0.15211746064086543,-0.14316988810743878
2025-11-05 20:00:00+00:00,-0.25434225080228084,-0.07848717217384504,-0.14288656340879927,0.013416748626889203,-0.13055223469510985,0.04498896505512685,-0.0035578225962386197,-0.08704558262131411,-0.15792290520580687,-0.1510915500455493
2025-11-05 21:00:00+00:00,-0.2568944939373038,-0.08157715206002968,-0.1473431278335194,0.016180716515519736,-0.1365241842167437,0.028715738258200642,-0.011708248498095793,-0.08974367525428871,-0.1641777437882799,-0.15736956012196504
2025-11-05 22:00:00+00:00,-0.2568944939373038,-0.08853529865712631,-0.15437279718672098,0.021599875020191343,-0.14245024289607655,0.013193161087579336,-0.0157799702561371,-0.09258577420674007,-0.16626757698089784,-0.16355200530310496
2025-11-05 23:00:00+00:00,-0.26459019397876943,-0.09672943823202873,-0.16721274911490408,0.01900023485917727,-0.1524185405443296,0.0004970108638253679,-0.019987510912683817,-0.10451767181092553,-0.17029451202042556,-0.17150364825727588
2025-11-06 00:00:00+00:00,-0.26459019397876943,-0.10102535557784117,-0.1744466149834409,0.021599875020191343,-0.14788779580131525,-0.00722249047650839,-0.022141724925602846,-0.10750586369266589,-0.1746527584739516,-0.17717236797690145
2025-11-06 01:00:00+00:00,-0.2710978012639271,-0.10634442778302425,-0.1818146330184516,0.01386807411486115,-0.14967898722630726,-0.020425199620550748,-0.034967284037302884,-0.12066228739019051,-0.17914823866029514,-0.18622556129412476
2025-11-06 02:00:00+00:00,-0.275230666195431,-0.10675378507531309,-0.18306607861484964,0.013878233230792908,-0.1493041957877368,-0.021101385617898132,-0.03596470185198112,-0.12128969750583674,-0.17944656025776018,-0.18765840709340667
2025-11-06 03:00:00+00:00,-0.275230666195431,-0.10716936579760782,-0.1818146330184516,0.01392207388231278,-0.14908580402762966,-0.021732098080810773,-0.036579201301351165,-0.1232312190403634,-0.18022271202785792,-0.1897841729868934
2025-11-06 04:00:00+00:00,-0.275230666195431,-0.10759129993235277,-0.1818146330184516,0.01395539122570536,-0.14880387837519518,-0.022462790949789507,-0.03696129616698273,-0.12526729203152923,-0.18052935300937276,-0.1919956751230858
2025-11-06 05:00:00+00:00,-0.2807357977059144,-0.10476165638434357,-0.175821365671711,0.006726643392439182,-0.14867194511454837,-0.01803917310764106,-0.03936354947190053,-0.13032567170261963,-0.18011061821227606,-0.19557281310648983
2025-11-06 06:00:00+00:00,-0.28120009606509283,-0.10297538358786985,-0.1700100744235983,0.004874012715788689,-0.1490058628258071,-0.008636177461223712,-0.03552756041414797,-0.1315555536874086,-0.1819194149456743,-0.1994115041642079
2025-11-06 07:00:00+00:00,-0.27330695462491944,-0.09905575898334364,-0.16372222077477055,0.002447187466399924,-0.1490058628258071,0.008803776252568715,-0.02926162692749644,-0.1315555536874086,-0.1780694663172115,-0.18999750586846453
2025-11-06 08:00:00+00:00,-0.26553749559461237,-0.09478248218605147,-0.15612964142596203,2.407349656765703e-13,-0.1490058628258071,0.025405707693543264,-0.023091985258543685,-0.1315555536874086,-0.17422633636740797,-0.17676182839800314
2025-11-06 09:00:00+00:00,-0.25788633891413254,-0.09055405833782622,-0.15000227917637046,-0.004925648382436835,-0.1490058628258071,0.04215113842861916,-0.01908907920256791,-0.1315555536874086,-0.17071802076903383,-0.16349756563639642
2025-11-06 10:00:00+00:00,-0.25600905243434385,-0.07183373889188371,-0.13339560538608236,-0.0019980599573268597,-0.1498336032779137,0.060912204599159414,-0.017431322547423335,-0.13103851874292052,-0.16614480249488642,-0.14580498585735413
2025-11-06 11:00:00+00:00,-0.24931983079002823,-0.05712188517239831,-0.11713113442520288,-0.004100599287006106,-0.13980364081384086,0.0815336773519144,-0.008016950634611828,-0.13064571818531714,-0.16169691866566227,-0.13168114059297484
2025-11-06 12:00:00+00:00,-0.2428117540162368,-0.04286585802155784,-0.10118720935244715,-0.0012746518852968236,-0.13122117438385802,0.11045268403143026,-0.0006714918712394938,-0.1366666767429942,-0.15346701967427323,-0.11430298281867171
2025-11-06 13:00:00+00:00,-0.23153011733455528,-0.027831215438768455,-0.0664102804150271,0.0036347222014641,-0.11779208211687595,0.15197329035553328,0.011287884034039814,-0.1366666767429942,-0.14581569414588003,-0.0830643445166914
2025-11-06 14:00:00+00:00,-0.21792325720102101,-0.006645140737246198,-0.010817096451476785,0.008845827782582938,-0.09879685495865337,0.20367597800898773,0.026476393968489817,-0.13500193718763506,-0.1349582359032132,-0.04808239705311612
2025-11-06 15:00:00+00:00,-0.21575341453279123,0.0029450377324628696,0.015860893053658273,0.001855694376839494,-0.0867137174278341,0.24796179742733002,0.041260914163314365,-0.13342986874589,-0.1265910369790372,-0.018465619128512266
2025-11-06 16:00:00+00:00,-0.21575341453279123,-0.01272681169531654,-0.008761560572226589,-0.0033796543927188142,-0.09726639157026469,0.2135563094692946,0.02851362773105226,-0.13342986874589,-0.13075454372497958,-0.047102353472391674
2025-11-06 17:00:00+00:00,-0.22788467641658258,-0.028266062585835246,-0.033074718667906455,0.0018586754538120612,-0.10252202944914253,0.17721495868226367,0.01573042660961899,-0.12801580597614007,-0.13896265193878704,-0.07981306980105474
2025-11-06 18:00:00+00:00,-0.22788467641658258,-0.04368069485384711,-0.044830961873126046,0.0018586754538120612,-0.1101704323422914,0.14588925356555435,0.0030284777954320795,-0.10603607028847792,-0.13896265193878704,-0.1051458072600164
2025-11-06 19:00:00+00:00,-0.22788467641658258,-0.051225599069839645,-0.05064191674412779,0.00461427298249027,-0.11392436971896218,0.12714822499410736,-0.003524552011406809,-0.0915258035825046,-0.14104315692719,-0.11195617872418702
2025-11-06 20:00:00+00:00,-0.22788467641658258,-0.06195791280836008,-0.056350059372445305,0.0073939562788605355,-0.11267577618717428,0.1108306734111009,-0.009965668999444892,-0.07525153818515667,-0.1453450810561987,-0.11499487134913644
2025-11-06 21:00:00+00:00,-0.22788467641658258,-0.06867581649196797,-0.056350059372445305,0.0073939562788605355,-0.11626819614219694,0.09482518777385406,-0.01629181998224428,-0.05515185717128992,-0.14965373013063346,-0.11783274672584493
2025-11-06 22:00:00+00:00,-0.22788467641658258,-0.0756772572241382,-0.049813702011717836,0.01572580528973895,-0.1149303057885205,0.07391710952471059,-0.01843009910171414,-0.04270319026399932,-0.15203454588643053,-0.1208119482473552
2025-11-06 23:00:00+00:00,-0.22788467641658258,-0.08307751975099932,-0.056350059372445305,0.01842519591849563,-0.11553168234127059,0.06431889190266307,-0.022864826799312232,-0.03599824282566767,-0.15442470902395475,-0.12813886504314764
2025-11-07 00:00:00+00:00,-0.22788467641658258,-0.0910107385485387,-0.06298608442187764,0.01842519591849563,-0.11874919436081738,0.05234558180681063,-0.022864826799312232,-0.02571661484955401,-0.1616526093374502,-0.13856913950433541
2025-11-07 01:00:00+00:00,-0.23472505162898502,-0.09731327290569129,-0.059004760740922285,0.01703362634114427,-0.12081622683182587,0.04427974858113074,-0.032455383591711205,-0.029336333553590867,-0.1643540820425907,-0.15171924530253483
2025-11-07 02:00:00+00:00,-0.23472505162898502,-0.09799361983537594,-0.05850328303219918,0.017679079167364577,-0.12014740511253952,0.04365554576348557,-0.03309067909432458,-0.028282915371291083,-0.16466336172371948,-0.15384614131154004
2025-11-07 03:00:00+00:00,-0.23472505162898502,-0.09868230760600621,-0.05703042791937487,0.01847478290158897,-0.11997611861573405,0.043032820348380255,-0.034120295277816584,-0.02724631486524978,-0.1651396351746371,-0.1575544143928664
2025-11-07 04:00:00+00:00,-0.23057939817788892,-0.09937953964672885,-0.05703042791937487,0.019108081484745947,-0.11916857402666396,0.04241402378391775,-0.03478890769797186,-0.02613438921686093,-0.16561938023456726,-0.16148571415802757
2025-11-07 05:00:00+00:00,-0.23637379030078162,-0.09885814498873456,-0.05830583731660729,0.01075752623884165,-0.12134206245499372,0.04317332256088217,-0.03970400573227805,-0.0285736193158306,-0.16774200678182616,-0.168389903569301
2025-11-07 06:00:00+00:00,-0.2378034159984277,-0.09847047569200719,-0.05949247113245106,0.011864693948006455,-0.12015964176599817,0.045968322981275796,-0.036944538637001784,-0.030916690212241322,-0.16986399183056825,-0.17566696079199998
2025-11-07 07:00:00+00:00,-0.23108456896385626,-0.09847047569200719,-0.05949247113245106,0.009767815185397415,-0.12015964176599817,0.06523546181137624,-0.033182736279230185,-0.059131551288173684,-0.16986399183056825,-0.1696072310140839
2025-11-07 08:00:00+00:00,-0.23108456896385626,-0.09847047569200719,-0.05949247113245106,0.007652991333450073,-0.12149801111953133,0.07511469205155422,-0.02946064162948643,-0.09476855551476772,-0.16986399183056825,-0.1637929634816319
2025-11-07 09:00:00+00:00,-0.23108456896385626,-0.09847047569200719,-0.0543744225826592,0.0011853054657787966,-0.12372448844887136,0.08719572816663228,-0.025830184313382683,-0.12236749096985357,-0.16677187262280044,-0.1579447358858554
2025-11-07 10:00:00+00:00,-0.22985135405071225,-0.0934708315102977,-0.055924809263683845,-0.011310136190219488,-0.11939946731770584,0.0966002398208475,-0.019454534864299593,-0.14476611508876458,-0.17025757323265128,-0.15605256040888307
2025-11-07 11:00:00+00:00,-0.23899808215724383,-0.0885877839213767,-0.04687971750904879,-0.02372259012039882,-0.11434004844195762,0.10345985566809507,-0.018944942987964564,-0.16683763275849972,-0.17175305024389365,-0.15860275778078176
2025-11-07 12:00:00+00:00,-0.24788772657147976,-0.0838182643011503,-0.03805178199367906,-0.02909960568576156,-0.10938862027916275,0.11443478742160187,-0.016477537223147366,-0.1990629003402771,-0.16973641805389095,-0.1611880708804329
2025-11-07 13:00:00+00:00,-0.2654857371684395,-0.07729943790832745,-0.03805178199367906,-0.03823657234846723,-0.10209388790787825,0.1373343846610421,-0.012805309629692485,-0.23552099746675373,-0.1662261237493614,-0.1611880708804329
2025-11-07 14:00:00+00:00,-0.2654857371684395,-0.0707766643527733,-0.01738017413486916,-0.047460924212724034,-0.09484228610348316,0.164709244901585,-0.009131862584450326,-0.26685372288961273,-0.1662261237493614,-0.15797428455055537
2025-11-07 15:00:00+00:00,-0.2629572649155329,-0.062489162150188786,0.007008432994573934,-0.045837939270741306,-0.07704872024857481,0.19595662784707266,-0.0048045326952191525,-0.28465462161451976,-0.16715826968529096,-0.15017712224964483
2025-11-07 16:00:00+00:00,-0.2769249077242402,-0.07005344898826545,-0.005040917896262291,-0.04071514782389524,-0.08750384281681026,0.17099267290924725,-0.0048045326952191525,-0.2580734222294085,-0.16715826968529096,-0.1545297764893183
2025-11-07 17:00:00+00:00,-0.2769249077242402,-0.0776280225028305,-0.02883046849881103,-0.04071514782389524,-0.09525478536938137,0.14593528949383033,-0.013201478607557776,-0.22490295503214974,-0.16715826968529096,-0.16313247524877383
2025-11-07 18:00:00+00:00,-0.2882877229754372,-0.0776280225028305,-0.052162552470407006,-0.04071514782389524,-0.1402996828358085,0.11517690815072058,-0.02567544487696939,-0.20119355099460676,-0.1628687874466678,-0.1551287507034296
2025-11-07 19:00:00+00:00,-0.295449707670906,-0.06954310864376977,-0.06696480587079154,-0.03486903242254952,-0.14342637267287922,0.09210723926466367,-0.02776218277163969,-0.1740125270380423,-0.166266990035606,-0.13999329104072816
2025-11-07 20:00:00+00:00,-0.29129894529343653,-0.061256749925918313,-0.06426583108829573,-0.031657262463797194,-0.14073520672988069,0.07347685916892012,-0.0299260872869128,-0.15212480503571849,-0.17213563668661452,-0.12062097509469483
2025-11-07 21:00:00+00:00,-0.29129894529343653,-0.05725587376132719,-0.07644165930960642,-0.028952022283658826,-0.1380398359921929,0.05928384940488606,-0.036460480593711105,-0.13596304894091557,-0.1697195798934082,-0.11309817412542515
2025-11-07 22:00:00+00:00,-0.2968627082831344,-0.061256749925918313,-0.0898290855162446,-0.026139244458065612,-0.12952689677969484,0.04257535453309636,-0.04327521433263043,-0.13013075567616195,-0.1671399027749234,-0.11309817412542515
2025-11-07 23:00:00+00:00,-0.28861389887243805,-0.06989530163611658,-0.09699650892226845,-0.023171630010136383,-0.12671250143182047,0.031612304216192766,-0.04573115178015648,-0.11808929151717037,-0.1671399027749234,-0.11054535933357343
2025-11-08 00:00:00+00:00,-0.28861389887243805,-0.08867086941417839,-0.10429025119756664,-0.026139244458065612,-0.13572512139539128,0.020623586674910783,-0.05086558753036668,-0.0951681909701363,-0.1671399027749234,-0.11345697954486776
2025-11-08 01:00:00+00:00,-0.28861389887243805,-0.10847332644751963,-0.1182840511281021,-0.029182355318431802,-0.14804583022143306,0.006481625318061948,-0.04830657697453585,-0.06915221820713113,-0.1671399027749234,-0.11951329217459264
2025-11-08 02:00:00+00:00,-0.28861389887243805,-0.11400222315987446,-0.12119273429027823,-0.029182355318431802,-0.15153504907944945,0.004500092633611544,-0.04830657697453585,-0.06591862859253217,-0.1671399027749234,-0.12162258623450992
2025-11-08 03:00:00+00:00,-0.2837819346408586,-0.12000091368210591,-0.12321041666559969,-0.029182355318431802,-0.1547332948302646,0.002837293141673541,-0.04994611263439019,-0.06378426907232825,-0.1671399027749234,-0.12263566752238422
2025-11-08 04:00:00+00:00,-0.2723924412498165,-0.1288540432813182,-0.1262880724681774,-0.029182355318431802,-0.15743037725308742,0.0011192402291743107,-0.051017467970327864,-0.061087048986603165,-0.16635935662807938,-0.12263566752238422
2025-11-08 05:00:00+00:00,-0.2723924412498165,-0.13345424269948153,-0.12843802325771,-0.030149228428613298,-0.15963222983881595,-0.00020837592286907948,-0.05055815274888188,-0.05907493305734583,-0.16635935662807938,-0.12263566752238422
2025-11-08 06:00:00+00:00,-0.2723924412498165,-0.1301350792757832,-0.11723745875463394,-0.030149228428613298,-0.15004949572843984,0.01094740422230843,-0.04886290385530533,-0.07021102525193025,-0.16635935662807938,-0.1261556070900783
2025-11-08 07:00:00+00:00,-0.27738480894746387,-0.1301350792757832,-0.10637879572177793,-0.02794985616846234,-0.13906168640811223,0.02209716530566732,-0.0453388062197758,-0.08174389440350147,-0.16635935662807938,-0.135150527166767
2025-11-08 08:00:00+00:00,-0.28327981678248043,-0.1301350792757832,-0.10637879572177793,-0.02577235169113791,-0.13093336632097524,0.030905341715934717,-0.041847774675873806,-0.09371661705809549,-0.16635935662807938,-0.14404438211911408
2025-11-08 09:00:00+00:00,-0.28327981678248043,-0.13345424269948153,-0.1014987780182851,-0.027905312170486064,-0.12465665476251556,0.042035389888557304,-0.0384671981148876,-0.10937831208791053,-0.16635935662807938,-0.14930041972106317
2025-11-08 10:00:00+00:00,-0.2882120726138236,-0.1301350792757832,-0.10539824975915793,-0.025854308734487488,-0.11810580492279461,0.049003090653430705,-0.0384671981148876,-0.11887994432593764,-0.16635935662807938,-0.15296582302631745
2025-11-08 11:00:00+00:00,-0.2937720173929364,-0.12705029214043112,-0.09751011897637862,-0.029244686832693805,-0.10578569354317585,0.06346143031103837,-0.03881329212154872,-0.1323927300250886,-0.16970124896147334,-0.15502378002996114
2025-11-08 12:00:00+00:00,-0.3029194925782441,-0.12705029214043112,-0.08664304275072683,-0.043123980111569545,-0.0906056100327169,0.0785213586692153,-0.03881329212154872,-0.17270355974405308,-0.1730174734403204,-0.1680174283186482
2025-11-08 13:00:00+00:00,-0.3029194925782441,-0.11936871351583037,-0.09751011897637862,-0.05714520533062159,-0.08180296802486192,0.08354903174757475,-0.03881329212154872,-0.21390338205818632,-0.17649948802754278,-0.1844435301041409
2025-11-08 14:00:00+00:00,-0.3120315171456166,-0.11936871351583037,-0.10836478024882926,-0.06668477864168595,-0.07081762972009244,0.08858096439194835,-0.03881329212154872,-0.24522869931427965,-0.17997837752750057,-0.20709159094439178
2025-11-08 15:00:00+00:00,-0.32464293563683333,-0.12096637707285864,-0.07850236389095407,-0.08074961987265791,-0.051156926631066184,0.11267795965741742,-0.03363046686078768,-0.2734641444074603,-0.17932554129743725,-0.22693132731556248
2025-11-08 16:00:00+00:00,-0.3118915282344921,-0.12096637707285864,-0.07850236389095407,-0.07019559190581051,-0.06750019703788372,0.09497007329589019,-0.02934370934477566,-0.22454224293467417,-0.17932554129743725,-0.20491867578996273
2025-11-08 17:00:00+00:00,-0.3118915282344921,-0.1114419875327772,-0.07850236389095407,-0.05430247674165005,-0.08377917198177869,0.06538767386958633,-0.03359611382632476,-0.20630465328918354,-0.17932554129743725,-0.20491867578996273
2025-11-08 18:00:00+00:00,-0.3015459839652348,-0.1114419875327772,-0.07850236389095407,-0.049016031031780226,-0.10270830339193307,0.05341867358034949,-0.04201888471849965,-0.1828262031660823,-0.17497384261342566,-0.2085230308894174
